run_id,label,timestamp,latitude,longitude,axis_m,elapsed_s,axis_velocity_mps,nearest_sensor,nearest_sensor_distance_m,second_sensor_distance_m,sensor_margin_m,nearest_station,nearest_station_distance_m,second_station_distance_m,station_margin_m,nearest_station_axis_m,side_label,direction,lap_progress_stationized
0,mustang,2024-03-29 18:42:01+00:00,40.28974,-88.126252,-108.02625789810209,0.0,0.0,rs8,30.715353535428157,35.106836560570095,4.3914830251419374,1,30.715353535428157,80.84665198844661,50.13129845301845,-78.92951005359993,positive_cross,ambiguous,0.46117133621292294
0,mustang,2024-03-29 18:42:02+00:00,40.289742,-88.126259,-108.23790126458306,1.0,-0.21164336648097049,rs8,31.13762333615498,34.972497911273294,3.834874575118313,1,31.13762333615498,81.15255381145171,50.01493047529673,-78.92951005359993,positive_cross,ambiguous,0.4572520146114235
0,mustang,2024-03-29 18:42:03+00:00,40.289743,-88.126266,-108.33836779856205,2.0,-0.10046653397898808,rs8,31.464257224085657,34.75412882741496,3.2898716033293027,1,31.464257224085657,81.35235622905306,49.8880990049674,-78.92951005359993,positive_cross,ambiguous,0.4553915232414423
0,mustang,2024-03-29 18:42:04+00:00,40.289744,-88.126272,-108.4403643746229,3.0,-0.10199657606085566,rs8,31.76529446093137,34.58795055643084,2.8226560954994717,1,31.76529446093137,81.54247300409902,49.77717854316765,-78.92951005359993,positive_cross,ambiguous,0.4535026977588338
0,mustang,2024-03-29 18:42:05+00:00,40.289745,-88.126278,-108.54236095147371,4.0,-0.10199657685080865,rs8,32.07197203196882,34.42885688041739,2.3568848484485727,1,32.07197203196882,81.73546938225196,49.663497350283144,-78.92951005359993,positive_cross,ambiguous,0.45161387226159655
0,mustang,2024-03-29 18:42:06+00:00,40.289746,-88.126284,-108.64435752753457,5.0,-0.10199657606085566,rs8,32.384129693990424,34.276946445528914,1.89281675153849,1,32.384129693990424,81.93132501235189,49.54719531836147,-78.92951005359993,positive_cross,ambiguous,0.44972504677898817
0,mustang,2024-03-29 18:42:07+00:00,40.289748,-88.12629,-108.85753093769915,6.0,-0.21317341016458613,rs8,32.801973047146156,34.23054302529843,1.4285699781522752,1,32.801973047146156,82.23947004625376,49.4374969991076,-78.92951005359993,positive_cross,ambiguous,0.44577739103519953
0,mustang,2024-03-29 18:42:08+00:00,40.289749,-88.126297,-108.95799747088813,7.0,-0.10046653318897825,rs8,33.1615707861662,34.0554898302049,0.8939190440386966,1,33.1615707861662,82.456484124176,49.2949133380098,-78.92951005359993,positive_cross,ambiguous,0.44391689967984804
0,mustang,2024-03-29 18:42:09+00:00,40.28975,-88.126303,-109.05999404694899,8.0,-0.10199657606085566,rs8,33.48955639585266,33.92756117190731,0.4380047760546475,1,33.48955639585266,82.66115770408406,49.1716013082314,-78.92951005359993,positive_cross,ambiguous,0.44202807419723966
0,mustang,2024-03-29 18:42:10+00:00,40.289751,-88.126309,-109.16199062377808,9.0,-0.10199657682909447,rs10,33.80718023836761,33.822389128996754,0.015208890629146765,1,33.80718023836761,82.86860215824055,49.06142191987294,-78.92951005359993,negative_cross,ambiguous,0.44013924870040455
0,mustang,2024-03-29 18:42:11+00:00,40.289752,-88.126315,-109.26398719983895,10.0,-0.10199657606086987,rs10,33.69442792680077,34.15992730116154,0.4654993743607676,1,33.69442792680077,83.07879672821197,49.3843688014112,-78.92951005359993,negative_cross,ambiguous,0.43825042321779584
0,mustang,2024-03-29 18:42:12+00:00,40.289734,-88.126361,-107.19242222317233,11.0,2.0715649766666218,rs10,30.3820974693101,34.53335754738408,4.151260078073978,1,30.3820974693101,81.13012220083496,50.748024731524865,-78.92951005359993,negative_cross,toward_S4,0.47661273760051104
0,mustang,2024-03-29 18:42:13+00:00,40.289701,-88.126402,-103.46085495644077,12.0,3.7315672667315596,rs10,25.853785810930987,33.945949468767516,8.09216365783653,1,25.853785810930987,76.97050418046457,51.11671836953359,-78.92951005359993,negative_cross,toward_S4,0.545715835132577
0,mustang,2024-03-29 18:42:14+00:00,40.289646,-88.126419,-97.32011837949861,13.0,6.14073657694216,rs10,19.57098337945788,31.010795281214598,11.43981190175672,1,19.57098337945788,70.71704544946228,51.1460620700044,-78.92951005359993,negative_cross,toward_S4,0.6594331791500244
0,mustang,2024-03-29 18:42:15+00:00,40.289584,-88.126419,-90.4271546966671,14.0,6.892963682831507,rs10,13.036299471417522,27.519733359967855,14.483433888550334,1,13.036299471417522,63.882205159976685,50.845905688559164,-78.92951005359993,negative_cross,toward_S4,0.7870806547580153
0,mustang,2024-03-29 18:42:16+00:00,40.289523,-88.126421,-83.64230776219559,15.0,6.784846934471517,rs10,7.171238097659434,25.64476027893655,18.473522181277115,1,7.171238097659434,57.145679228968376,49.97444113130894,-78.92951005359993,negative_cross,toward_S4,0.9127259683593396
0,mustang,2024-03-29 18:42:17+00:00,40.289461,-88.126423,-76.74628399359862,16.0,6.896023768596962,rs10,5.039269946655903,25.506838880698634,20.46756893404273,1,5.039269946655903,50.31307798270328,45.27380803604737,-78.92951005359993,negative_cross,toward_S4,1.0404301122222464
0,mustang,2024-03-29 18:42:18+00:00,40.289394,-88.126428,-69.28978592823742,17.0,7.4564980653612025,rs10,10.104953664301329,27.610628616857483,17.505674952556156,1,10.104953664301329,42.906500673820936,32.80154700951961,-78.92951005359993,negative_cross,toward_S4,1.1785134097289354
0,mustang,2024-03-29 18:42:19+00:00,40.289323,-88.126431,-61.391640614596724,18.0,7.898145313640697,rs10,17.50894195221367,31.49862205287904,13.989680100665367,1,17.50894195221367,35.12784745811502,17.61890550590135,-78.92951005359993,negative_cross,toward_S4,1.3247753599815408
0,mustang,2024-03-29 18:42:20+00:00,40.289248,-88.126434,-53.04878796609937,19.0,8.342852648497356,rs10,25.656387457232796,26.992446813979445,1.3360593567466488,1,25.656387457232796,26.992446813979445,1.3360593567466488,-78.92951005359993,negative_cross,toward_S4,1.4792726312500104
0,mustang,2024-03-29 18:42:21+00:00,40.28917,-88.126436,-44.373934859764425,20.0,8.674853106334943,rs7,18.766859436401724,31.72727290233031,12.960413465928585,2,18.766859436401724,34.2412864937356,15.474427057333877,-27.632700444717127,negative_cross,toward_S4,1.6899771404620871
0,mustang,2024-03-29 18:42:22+00:00,40.289092,-88.126436,-35.70214183917318,21.0,8.671793020591245,rs7,11.35354670949173,28.163295948949187,16.809749239457457,2,11.35354670949173,42.877523666176586,31.523976956684855,-27.632700444717127,negative_cross,toward_S4,1.8505659001026658
0,mustang,2024-03-29 18:42:23+00:00,40.289015,-88.126436,-27.141525652685665,22.0,8.560616186487515,rs7,7.4916758754001735,27.020559008558507,19.528883133158335,2,7.4916758754001735,51.41605932646675,43.924383451066575,-27.632700444717127,negative_cross,toward_S4,2.009095829482064
0,mustang,2024-03-29 18:42:24+00:00,40.288939,-88.126438,-18.689026213768162,23.0,8.452499438917503,rs7,11.20858549815866,28.651682883164035,17.443097385005373,2,11.20858549815866,46.766820120886486,35.558234622727824,-27.632700444717127,negative_cross,toward_S4,2.165623596869425
0,mustang,2024-03-29 18:42:25+00:00,40.288864,-88.126442,-10.344643522398965,24.0,8.344382691369198,rs7,18.219659853328718,32.55960203093512,14.3399421776064,2,18.219659853328718,38.59504049372061,20.375380640391892,-27.632700444717127,negative_cross,toward_S4,2.320149202265151
0,mustang,2024-03-29 18:42:26+00:00,40.288791,-88.126454,-2.2103741562405688,25.0,8.134269366158396,rs7,25.651135039266304,30.518274996374696,4.867139957108392,2,25.651135039266304,30.518274996374696,4.867139957108392,-27.632700444717127,negative_cross,toward_S4,2.4707838201569734
0,mustang,2024-03-29 18:42:27+00:00,40.288721,-88.126468,5.593424795742038,26.0,7.803798951982607,rs5,22.769286065533127,33.080589606215575,10.311303540682449,3,22.769286065533127,33.080589606215575,10.311303540682449,26.33125891160298,negative_cross,toward_S4,2.615966034891464
0,mustang,2024-03-29 18:42:28+00:00,40.28865,-88.126479,13.503810453191036,27.0,7.910385657448998,rs5,15.169752060462912,33.60447047143481,18.434718410971897,3,15.169752060462912,40.812355308120296,25.642603247657384,26.33125891160298,negative_cross,toward_S4,2.7624546581775564
0,mustang,2024-03-29 18:42:29+00:00,40.28858,-88.12649,21.30301927574637,28.0,7.799208822555332,rs5,8.337348795615505,32.425203003875126,24.08785420825962,3,8.337348795615505,48.5042046884391,40.1668558928236,26.33125891160298,negative_cross,toward_S4,2.9068844511878407
0,mustang,2024-03-29 18:42:30+00:00,40.288505,-88.126497,29.651992095731146,29.0,8.348972819984777,rs5,6.1845125678656165,32.829244023079355,26.644731455213737,3,6.1845125678656165,51.97381621902897,45.78930365116335,26.33125891160298,negative_cross,toward_S4,3.0614950589653365
0,mustang,2024-03-29 18:42:31+00:00,40.288429,-88.126502,38.109081663285956,30.0,8.45708956755481,rs5,12.290343765936168,35.148114815050164,22.857771049113996,3,12.290343765936168,43.52089653499134,31.23055276905517,26.33125891160298,negative_cross,toward_S4,3.21810782873487
0,mustang,2024-03-29 18:42:32+00:00,40.288352,-88.126508,46.67887810702638,31.0,8.569796443740422,rs5,20.266109785175736,34.95280011279117,14.68669032761543,3,20.266109785175736,34.95280011279117,14.68669032761543,26.33125891160298,negative_cross,toward_S4,3.376807762878211
0,mustang,2024-03-29 18:42:33+00:00,40.288274,-88.126511,55.35526125623318,32.0,8.6763831492068,rs2,26.317744629060456,28.741284066815663,2.423539437755206,4,26.317744629060456,28.741284066815663,2.423539437755206,80.2309515867141,negative_cross,toward_S4,3.539339067954057
0,mustang,2024-03-29 18:42:34+00:00,40.288196,-88.126512,64.02858431971802,33.0,8.673323063484844,rs2,17.76101574746917,37.18381790032211,19.42280215285294,4,17.76101574746917,37.32956514346675,19.568549395997582,80.2309515867141,negative_cross,toward_S4,3.699956161722295
0,mustang,2024-03-29 18:42:35+00:00,40.288119,-88.12651,72.58614042044009,34.0,8.557556100722067,rs2,9.628246003797553,34.311293702975405,24.683047699177852,4,9.628246003797553,45.86410146521023,36.23585546141268,80.2309515867141,negative_cross,toward_S4,3.8584294228467777
0,mustang,2024-03-29 18:42:36+00:00,40.288045,-88.126476,80.76120464921276,35.0,8.17506422877267,rs2,6.819623029285096,30.719553011154254,23.899929981869157,4,6.819623029285096,54.375579285555894,47.5559562562708,80.2309515867141,negative_cross,toward_S4,4.0098195011573825
0,mustang,2024-03-29 18:42:37+00:00,40.287982,-88.126487,87.78217563699195,36.0,7.020970987779194,rs2,8.708906062559468,32.674768815622286,23.96586275306282,4,8.708906062559468,61.22134095993207,52.5124348973726,80.2309515867141,negative_cross,toward_S4,4.139837482412553
0,mustang,2024-03-29 18:42:38+00:00,40.287925,-88.126455,94.0702937796666,37.0,6.288118142674648,rs2,15.39166206873748,32.36352961468432,16.971867545946836,4,15.39166206873748,67.84109830808077,52.44943623934329,80.2309515867141,negative_cross,toward_S4,4.256284114684306
0,mustang,2024-03-29 18:42:39+00:00,40.287889,-88.126401,97.99003747393328,38.0,3.9197436942666855,rs2,21.327715913423283,30.592334103489048,9.264618190065764,4,21.327715913423283,72.53531375059359,51.207597837170304,80.2309515867141,negative_cross,toward_S4,4.328871960874429
0,mustang,2024-03-29 18:42:40+00:00,40.287882,-88.126331,98.66117230739675,39.0,0.6711348334634692,rs2,25.945981036069327,26.675984391363258,0.7300033552939311,4,25.945981036069327,74.63861692314356,48.69263588707423,80.2309515867141,negative_cross,toward_S4,4.341300383716345
0,mustang,2024-03-29 18:42:41+00:00,40.2879,-88.126267,96.56206655897147,40.0,-2.0991057484252877,rs1,21.632850900908284,29.04776014437204,7.414909243463757,4,21.632850900908284,71.94885334109975,50.31600244019147,80.2309515867141,positive_cross,toward_S1,4.302428055041803
0,mustang,2024-03-29 18:42:42+00:00,40.287933,-88.126218,92.81825894922153,41.0,-3.743807609749936,rs1,16.242325395609804,31.052292865332284,14.80996746972248,4,16.242325395609804,67.66751383339832,51.42518843778851,80.2309515867141,positive_cross,toward_S1,4.233098284490878
0,mustang,2024-03-29 18:42:43+00:00,40.287973,-88.126185,88.32069419073217,42.0,-4.497564758489361,rs1,10.98609538755144,32.352890390726344,21.366795003174904,4,10.98609538755144,62.9243107452668,51.938215357715364,80.2309515867141,positive_cross,toward_S1,4.149810048222557
0,mustang,2024-03-29 18:42:44+00:00,40.288019,-88.126168,83.18054911677358,43.0,-5.1401450739585925,rs1,6.123588273212873,33.009847896681656,26.88625962346878,4,6.123588273212873,57.69857462928546,51.574986356072586,80.2309515867141,positive_cross,toward_S1,4.0546221764825825
0,mustang,2024-03-29 18:42:45+00:00,40.288072,-88.126156,77.26981642160814,44.0,-5.910732695165436,rs1,3.983011942826105,34.1332510898004,30.150239146974297,4,3.983011942826105,51.742641830811685,47.75962988798558,80.2309515867141,positive_cross,toward_S1,3.945164163609149
0,mustang,2024-03-29 18:42:46+00:00,40.288132,-88.12615,70.59002614894123,45.0,-6.6797902726669065,rs1,9.013751017671783,35.94564149601578,26.931890478344,4,9.013751017671783,45.04974319978999,36.03599218211821,80.2309515867141,positive_cross,toward_S1,3.821464343744947
0,mustang,2024-03-29 18:42:47+00:00,40.288197,-88.126145,63.355881750997476,46.0,-7.2341443979437585,rs1,15.932051647512372,37.80828502762019,21.876233380107813,4,15.932051647512372,37.80828502762019,21.876233380107813,80.2309515867141,positive_cross,toward_S1,3.6874987067459886
0,mustang,2024-03-29 18:42:48+00:00,40.288266,-88.126144,55.683150189727996,47.0,-7.6727315612694795,rs1,23.527148272622227,30.152065023721615,6.624916751099388,4,23.527148272622227,30.152065023721615,6.624916751099388,80.2309515867141,positive_cross,toward_S1,3.545411085240998
0,mustang,2024-03-29 18:42:49+00:00,40.28834,-88.126146,47.45912458973713,48.0,-8.224025599990867,rs3,21.98816867166221,31.73654122574091,9.748372554078703,3,21.98816867166221,31.73654122574091,9.748372554078703,26.33125891160298,positive_cross,toward_S1,3.3912567718172992
0,mustang,2024-03-29 18:42:50+00:00,40.288416,-88.126144,39.00662515079789,49.0,-8.452499438939242,rs3,13.617121614441425,37.680636090776,24.063514476334575,3,13.617121614441425,40.154528974415165,26.53740735997374,26.33125891160298,positive_cross,toward_S1,3.234729004429535
0,mustang,2024-03-29 18:42:51+00:00,40.288495,-88.126143,30.22212525402105,50.0,-8.784499896776836,rs3,5.255931775202858,35.796806215315335,30.54087444011248,3,5.255931775202858,48.92279165745132,43.66685988224846,26.33125891160298,positive_cross,toward_S1,3.0720530804151496
0,mustang,2024-03-29 18:42:52+00:00,40.288576,-88.12614,21.21221160408304,51.0,-9.00991364993801,rs3,5.035599558234208,36.219030986446185,31.18343142821198,3,5.035599558234208,49.465508646137785,44.429909087903575,26.33125891160298,positive_cross,toward_S1,2.9052028276385196
0,mustang,2024-03-29 18:42:53+00:00,40.288659,-88.126135,11.976884200962111,52.0,-9.23532740312093,rs3,13.816923683451598,39.0299237236958,25.213000040244204,3,13.816923683451598,40.22429940785705,26.407375724405455,26.33125891160298,positive_cross,toward_S1,2.734178246099243
0,mustang,2024-03-29 18:42:54+00:00,40.288743,-88.126131,2.631910008189254,53.0,-9.344974192772856,rs3,23.07903781755876,30.875126037148444,7.796088219589684,3,23.07903781755876,30.875126037148444,7.796088219589684,26.33125891160298,positive_cross,toward_S1,2.5611231684553015
0,mustang,2024-03-29 18:42:55+00:00,40.288828,-88.12613,-6.819650890839956,54.0,-9.45156089902921,rs6,21.42579277773944,32.513184760845505,11.087391983106066,2,21.42579277773944,32.513184760845505,11.087391983106066,-27.632700444717127,positive_cross,toward_S1,2.385426843590318
0,mustang,2024-03-29 18:42:56+00:00,40.288909,-88.126134,-15.818854239885008,55.0,-8.999203349045052,rs6,12.468495416491027,35.1615554376537,22.693060021162676,2,12.468495416491027,41.528633876479994,29.060138459988966,-27.632700444717127,positive_cross,toward_S1,2.2187749297191135
0,mustang,2024-03-29 18:42:57+00:00,40.288988,-88.126141,-24.591113794433458,56.0,-8.77225955454845,rs6,4.114411178681044,32.66162868299105,28.547217504310005,2,4.114411178681044,50.33365180062898,46.21924062194793,-27.632700444717127,positive_cross,toward_S1,2.0563256787089568
0,mustang,2024-03-29 18:42:58+00:00,40.289067,-88.126145,-33.36796347685102,57.0,-8.77684968241756,rs6,5.680597226251217,32.69051992012796,27.009922693876746,2,5.680597226251217,46.172398365896065,40.49180113964485,-27.632700444717127,positive_cross,toward_S1,1.8937914253308539
0,mustang,2024-03-29 18:42:59+00:00,40.289146,-88.126143,-42.153993416499716,58.0,-8.7860299396487,rs6,14.135265270623808,35.46666517195752,21.331399901333715,2,14.135265270623808,37.38605504221674,23.25078977159293,-27.632700444717127,positive_cross,toward_S1,1.7310871671892114
0,mustang,2024-03-29 18:43:00+00:00,40.289226,-88.126139,-51.05426027522763,59.0,-8.90026685872791,rs6,22.940099243643854,28.481683014672548,5.541583771028694,2,22.940099243643854,28.481683014672548,5.541583771028694,-27.632700444717127,positive_cross,toward_S1,1.5662674105461019
0,mustang,2024-03-29 18:43:01+00:00,40.289308,-88.126135,-60.17688080135124,60.0,-9.122620526123612,rs8,19.35531931294107,32.0227421890636,12.66742287612253,1,19.35531931294107,32.0227421890636,12.66742287612253,-78.92951005359993,positive_cross,toward_S1,1.3472709120786794
0,mustang,2024-03-29 18:43:02+00:00,40.289388,-88.126132,-69.07561761799724,61.0,-8.898736816646,rs8,10.457343727402622,31.02815831007429,20.570814582671666,1,10.457343727402622,40.90505258655997,30.447708859157345,-78.92951005359993,positive_cross,toward_S1,1.1824794895481978
0,mustang,2024-03-29 18:43:03+00:00,40.289465,-88.126134,-77.63317371874106,62.0,-8.557556100743824,rs8,2.0664533580108864,29.296525755410045,27.23007239739916,1,2.0664533580108864,49.470803206876845,47.404349848865955,-78.92951005359993,positive_cross,toward_S1,1.0240062284233122
0,mustang,2024-03-29 18:43:04+00:00,40.289539,-88.12614,-85.85107914722275,63.0,-8.217905428481686,rs8,6.512520963118606,29.600099515493724,23.08757855237512,1,6.512520963118606,57.71328041116796,51.200759448049354,-78.92951005359993,positive_cross,toward_S1,0.8718227945625403
0,mustang,2024-03-29 18:43:05+00:00,40.289606,-88.126174,-93.2479055404293,64.0,-7.3968263932065526,rs8,14.460970652972762,29.637168741829072,15.17619808885631,1,14.460970652972762,65.30967921457604,50.848708561603274,-78.92951005359993,positive_cross,toward_S1,0.7348445280216782
0,mustang,2024-03-29 18:43:06+00:00,40.28966,-88.126227,-99.1703622819768,65.0,-5.922456741547492,rs8,21.675170425036665,29.5888293243208,7.913658899284133,1,21.675170425036665,71.74331104070602,50.06814061566935,-78.92951005359993,positive_cross,toward_S1,0.6251694031782062
0,mustang,2024-03-29 18:43:07+00:00,40.289683,-88.126305,-101.60808611020339,66.0,-2.437723828226595,rs8,27.1600793667789,27.34075417720347,0.1806748104245699,1,27.1600793667789,75.3941083963072,48.2340290295283,-78.92951005359993,positive_cross,toward_S1,0.5800263693221581
0,mustang,2024-03-29 18:43:08+00:00,40.28967,-88.126388,-100.0357937152745,67.0,1.572292394928894,rs10,22.90707750655488,30.68200601553451,7.774928508979627,1,22.90707750655488,73.73236561550404,50.82528810894915,-78.92951005359993,negative_cross,toward_S4,0.6091428951541746
0,mustang,2024-03-29 18:43:09+00:00,40.289624,-88.126443,-94.83750701205484,68.0,5.198286703219651,rs10,16.731517527439404,31.376541389813738,14.645023862374334,1,16.731517527439404,68.05393723071316,51.32241970327375,-78.92951005359993,negative_cross,toward_S4,0.7054074637323164
0,mustang,2024-03-29 18:43:10+00:00,40.289561,-88.126451,-87.82112615210131,69.0,7.016380859953529,rs10,9.737340807018498,29.140638821659117,19.40329801464062,1,9.737340807018498,61.01397967162646,51.27663886460796,-78.92951005359993,negative_cross,toward_S4,0.8353404426203447
0,mustang,2024-03-29 18:43:11+00:00,40.289503,-88.126429,-81.40653074737254,70.0,6.414595404728772,rs10,5.191089491806226,26.017820200966156,20.826730709159932,1,5.191089491806226,54.84436459234046,49.65327510053424,-78.92951005359993,negative_cross,toward_S4,0.9541292464116182
0,mustang,2024-03-29 18:43:12+00:00,40.28944,-88.126421,-74.4146305734557,71.0,6.9919001739168465,rs10,6.351145795489205,25.65678472283765,19.305638927348443,1,6.351145795489205,48.043977712681716,41.692831917192514,-78.92951005359993,negative_cross,toward_S4,1.0836088792619303
0,mustang,2024-03-29 18:43:13+00:00,40.289366,-88.126421,-66.18754488769935,72.0,8.22708568575635,rs10,13.197715412018525,28.32931944331175,15.131604031293225,1,13.197715412018525,39.97954069665187,26.781825284633342,-78.92951005359993,negative_cross,toward_S4,1.2359623178870478
0,mustang,2024-03-29 18:43:14+00:00,40.289289,-88.126426,-57.61927848604085,73.0,8.568266401658498,rs10,21.29071361832246,31.564389973889952,10.273676355567492,1,21.29071361832246,31.564389973889952,10.273676355567492,-78.92951005359993,negative_cross,toward_S4,1.3946339179177607
0,mustang,2024-03-29 18:43:15+00:00,40.289208,-88.126433,-48.60324466536186,74.0,9.016033820678985,rs7,22.790116118155463,30.07408868200472,7.283972563849257,2,22.790116118155463,30.07408868200472,7.283972563849257,-27.632700444717127,negative_cross,toward_S4,1.611656588506579
0,mustang,2024-03-29 18:43:16+00:00,40.289127,-88.126438,-39.59027092968014,75.0,9.012973735681726,rs7,14.42101628577294,29.656822892422174,15.235806606649234,2,14.42101628577294,38.984618095892976,24.563601810120037,-27.632700444717127,negative_cross,toward_S4,1.778563509537722
0,mustang,2024-03-29 18:43:17+00:00,40.289048,-88.126443,-30.799650861394124,76.0,8.790620068286014,rs7,7.797871190668449,27.77792571979892,19.98005452913047,2,7.797871190668449,47.71385626955877,39.915985078890316,-27.632700444717127,negative_cross,toward_S4,1.9413527700615372
0,mustang,2024-03-29 18:43:18+00:00,40.288971,-88.126445,-22.23597458835118,77.0,8.563676273042944,rs7,8.339353035029065,28.315694431245447,19.976341396216384,2,8.339353035029065,50.11901685218111,41.77966381715205,-27.632700444717127,negative_cross,toward_S4,2.0999393677104803
0,mustang,2024-03-29 18:43:19+00:00,40.288894,-88.126446,-13.673828358991795,78.0,8.562146229359385,rs7,15.038594453985278,31.208418598780007,16.16982414479473,2,15.038594453985278,41.74030977259896,26.701715318613687,-27.632700444717127,negative_cross,toward_S4,2.2584976312171356
0,mustang,2024-03-29 18:43:20+00:00,40.288817,-88.126453,-5.102501872379517,79.0,8.571326486612278,rs7,22.870704070774085,33.31045738013863,10.439753309364544,2,22.870704070774085,33.31045738013863,10.439753309364544,-27.632700444717127,negative_cross,toward_S4,2.4172258994877334
0,mustang,2024-03-29 18:43:21+00:00,40.288742,-88.126464,3.2525911191144328,80.0,8.355092991493951,rs5,25.080023023073505,30.82566703062911,5.745644007555605,3,25.080023023073505,30.82566703062911,5.745644007555605,26.33125891160298,negative_cross,toward_S4,2.572617263102064
0,mustang,2024-03-29 18:43:22+00:00,40.288667,-88.126478,11.612274239245698,81.0,8.359683120131265,rs5,16.900688440042146,34.28575708397175,17.385068643929607,3,16.900688440042146,38.938785302849084,22.03809686280694,26.33125891160298,negative_cross,toward_S4,2.7274262097711617
0,mustang,2024-03-29 18:43:23+00:00,40.288593,-88.126492,19.860780525251517,82.0,8.248506286005819,rs5,9.263858625370242,32.84119467019475,23.577336044824513,3,9.263858625370242,47.0507589134158,37.78690028804556,26.33125891160298,negative_cross,toward_S4,2.8801763261786766
0,mustang,2024-03-29 18:43:24+00:00,40.288517,-88.126503,28.327050350059213,83.0,8.466269824807696,rs5,5.233186964596569,33.224006874733945,27.990819910137375,3,5.233186964596569,53.25698496225836,48.02379799766179,26.33125891160298,negative_cross,toward_S4,3.0369591007121524
0,mustang,2024-03-29 18:43:25+00:00,40.288444,-88.12651,36.45366950262653,84.0,8.126619152567319,rs5,10.491253407148998,35.26778909782745,24.776535690678458,3,10.491253407148998,45.11642590813826,34.625172500989265,26.33125891160298,negative_cross,toward_S4,3.1874520479819175
0,mustang,2024-03-29 18:43:26+00:00,40.28837,-88.126513,44.68534531702017,85.0,8.23167581439364,rs5,18.2201063124425,36.89746622889257,18.67735991645007,3,18.2201063124425,36.89746622889257,18.67735991645007,26.33125891160298,negative_cross,toward_S4,3.3398904889892074
0,mustang,2024-03-29 18:43:27+00:00,40.288296,-88.126515,52.91549108852021,86.0,8.230145771500041,rs5,26.27117879310951,28.69771233004435,2.4265335369348406,3,26.27117879310951,28.69771233004435,2.4265335369348406,26.33125891160298,negative_cross,toward_S4,3.4923005958688376
0,mustang,2024-03-29 18:43:28+00:00,40.288219,-88.126516,61.477637318669565,87.0,8.562146230149352,rs2,20.209082234963375,34.74934057092622,14.540258335962847,4,20.209082234963375,34.74934057092622,14.540258335962847,80.2309515867141,negative_cross,toward_S4,3.6527164024436196
0,mustang,2024-03-29 18:43:29+00:00,40.288144,-88.126516,69.81589983773964,88.0,8.33826251907007,rs2,12.068165597858613,35.476761987143014,23.4085963892844,4,12.068165597858613,43.04779832193538,30.97963272407677,80.2309515867141,negative_cross,toward_S4,3.807128671315288
0,mustang,2024-03-29 18:43:30+00:00,40.288071,-88.126514,77.9287486044385,89.0,8.11284876669886,rs2,4.972352226272317,33.963210210588166,28.99085798431585,4,4.972352226272317,51.151935712838814,46.1795834865665,80.2309515867141,negative_cross,toward_S4,3.957366611439341
0,mustang,2024-03-29 18:43:31+00:00,40.288001,-88.126495,85.68205614151934,90.0,7.753307537080843,rs2,6.752318576741002,32.876395666345985,26.12407708960498,4,6.752318576741002,59.05036617906817,52.298047602327166,80.2309515867141,negative_cross,toward_S4,4.100946380644541
0,mustang,2024-03-29 18:43:32+00:00,40.287943,-88.126494,92.1287824474123,91.0,6.446726305892966,rs2,11.996748902487587,34.575982132441894,22.579233229954305,4,11.996748902487587,65.48154838120563,53.48479947871804,80.2309515867141,negative_cross,toward_S4,4.220330201124041
0,mustang,2024-03-29 18:43:33+00:00,40.287895,-88.126443,97.38723827324111,92.0,5.258455825828804,rs2,18.757083968335795,33.131661984634114,14.374578016298319,4,18.757083968335795,71.28667594750326,52.52959197916746,80.2309515867141,negative_cross,toward_S4,4.317709012713463
0,mustang,2024-03-29 18:43:34+00:00,40.287872,-88.126376,99.84179257310159,93.0,2.454554299860476,rs2,24.129698904781375,30.180409385833332,6.050710481051958,4,24.129698904781375,74.81270778187984,50.68300887709846,80.2309515867141,negative_cross,toward_S4,4.363163721970139
0,mustang,2024-03-29 18:43:35+00:00,40.287881,-88.126304,98.7310379838733,94.0,-1.1107545892282786,rs1,25.236716290584802,27.746376475969633,2.5096601853848313,4,25.236716290584802,74.64855900541986,49.41184271483505,80.2309515867141,positive_cross,toward_S1,4.342594192539986
0,mustang,2024-03-29 18:43:36+00:00,40.287911,-88.126247,95.308520531858,95.0,-3.422517452015313,rs1,19.646443301110097,29.888384477201942,10.241941176091846,4,19.646443301110097,70.45098891442424,50.80454561331415,80.2309515867141,positive_cross,toward_S1,4.279214239724887
0,mustang,2024-03-29 18:43:37+00:00,40.287955,-88.126212,90.36318835353646,96.0,-4.945332178321536,rs1,13.93927414489713,30.683994568282955,16.744720423385825,4,13.93927414489713,65.17487870696219,51.23560456206506,80.2309515867141,positive_cross,toward_S1,4.187634014200414
0,mustang,2024-03-29 18:43:38+00:00,40.288003,-88.126194,84.99915956849863,97.0,-5.364028785037831,rs1,8.955382376494343,30.99489524699369,22.039512870499344,4,8.955382376494343,59.68849499486993,50.733112618375586,80.2309515867141,positive_cross,toward_S1,4.088300147810824
0,mustang,2024-03-29 18:43:39+00:00,40.288056,-88.126179,79.08383674550758,98.0,-5.915322822991044,rs1,5.497979758131632,32.04467720203896,26.54669744390733,4,5.497979758131632,53.68862479047883,48.1906450323472,80.2309515867141,positive_cross,toward_S1,3.9787571325702498
0,mustang,2024-03-29 18:43:40+00:00,40.288115,-88.126166,72.50451300602965,99.0,-6.579323739477928,rs1,7.925828593169331,34.135356389846926,26.209527796677595,4,7.925828593169331,47.04823941890984,39.12241082574051,80.2309515867141,positive_cross,toward_S1,3.856917804061399
0,mustang,2024-03-29 18:43:41+00:00,40.28818,-88.126159,65.26730852234219,100.0,-7.237204483687464,rs1,14.33841792949923,37.1205822725996,22.78216434310037,4,14.33841792949923,39.7951658389159,25.45674790941667,80.2309515867141,positive_cross,toward_S1,3.7228954988079277
0,mustang,2024-03-29 18:43:42+00:00,40.288248,-88.126155,57.70116366574914,101.0,-7.5661448565930485,rs1,21.66713392870927,32.23835237281117,10.571218444101902,4,21.66713392870927,32.23835237281117,10.571218444101902,80.2309515867141,positive_cross,toward_S1,3.5827817051673154
0,mustang,2024-03-29 18:43:43+00:00,40.28832,-88.126155,49.696431647410286,102.0,-8.004732018338856,rs3,24.297770295999157,29.60023003362002,5.302459737620861,3,24.297770295999157,29.60023003362002,5.302459737620861,26.33125891160298,positive_cross,toward_S1,3.4326883839964317
0,mustang,2024-03-29 18:43:44+00:00,40.288395,-88.126154,41.356639084678385,103.0,-8.339792562731901,rs3,16.078902486619697,37.74490502114758,21.666002534527884,3,16.078902486619697,37.88986842666623,21.810965940046536,26.33125891160298,positive_cross,toward_S1,3.278247780982878
0,mustang,2024-03-29 18:43:45+00:00,40.288469,-88.126151,33.12496327028475,104.0,-8.231675814393633,rs3,8.146869678413601,35.55347793229815,27.40660825388455,3,8.146869678413601,46.075755733936205,37.928886055522604,26.33125891160298,positive_cross,toward_S1,3.1258093399755884
0,mustang,2024-03-29 18:43:46+00:00,40.288543,-88.126145,24.888697327275537,105.0,-8.236265943009215,rs3,2.889720740780807,35.45432076755709,32.56460002677628,3,2.889720740780807,53.150319186011494,50.260598445230684,26.33125891160298,positive_cross,toward_S1,2.9732858965865288
0,mustang,2024-03-29 18:43:47+00:00,40.288618,-88.126138,16.53972450729076,106.0,-8.348972819984777,rs3,9.37955930571053,37.33979935894216,27.96024005323163,3,9.37955930571053,44.790933082804635,35.411373777094106,26.33125891160298,positive_cross,toward_S1,2.818675288809033
0,mustang,2024-03-29 18:43:48+00:00,40.288692,-88.126131,8.301928521409687,107.0,-8.237795985881073,rs3,17.424469142831192,36.544419507347804,19.119950364516612,3,17.424469142831192,36.544419507347804,19.119950364516612,26.33125891160298,positive_cross,toward_S1,2.666123511292717
0,mustang,2024-03-29 18:43:49+00:00,40.288764,-88.126126,0.2895462878998319,108.0,-8.012382233509856,rs3,25.386619991518376,28.527337814183703,3.1407178226653265,3,25.386619991518376,28.527337814183703,3.1407178226653265,26.33125891160298,positive_cross,toward_S1,2.517746062524016
0,mustang,2024-03-29 18:43:50+00:00,40.288836,-88.126124,-7.7182458169727095,109.0,-8.007792104872541,rs6,20.517324018649585,33.38291826374058,12.865594245090993,2,20.517324018649585,33.38291826374058,12.865594245090993,-27.632700444717127,positive_cross,toward_S1,2.368786196810082
0,mustang,2024-03-29 18:43:51+00:00,40.288906,-88.126128,-15.49450399640669,110.0,-7.776258179433981,rs6,12.7548505713712,35.75345829926265,22.998607727891446,2,12.7548505713712,41.175573615816866,28.420723044445666,-27.632700444717127,positive_cross,toward_S1,2.2247814157094528
0,mustang,2024-03-29 18:43:52+00:00,40.288973,-88.12614,-22.92499133285934,111.0,-7.430487336452648,rs6,5.6042077646891695,32.94272685076581,27.338519086076637,2,5.6042077646891695,48.663105160872554,43.05889739618338,-27.632700444717127,positive_cross,toward_S1,2.0871797983677367
0,mustang,2024-03-29 18:43:53+00:00,40.28904,-88.12615,-30.358538755099183,112.0,-7.433547422239844,rs6,3.508419510791445,31.87519303664685,28.366773525855404,2,3.508419510791445,49.19081854872056,45.68239903792911,-27.632700444717127,positive_cross,toward_S1,1.9495215127707026
0,mustang,2024-03-29 18:43:54+00:00,40.289104,-88.126154,-37.467735933838966,113.0,-7.109197178739784,rs6,9.797954789796758,32.92982885423109,23.13187406443433,2,9.797954789796758,42.10039164247394,32.302436852677175,-27.632700444717127,positive_cross,toward_S1,1.8178697131644104
0,mustang,2024-03-29 18:43:55+00:00,40.289173,-88.12615,-45.145057622955804,114.0,-7.677321689116837,rs6,17.19429880868869,34.419649716510456,17.225350907821767,2,17.19429880868869,34.419649716510456,17.225350907821767,-27.632700444717127,positive_cross,toward_S1,1.6756970892918763
0,mustang,2024-03-29 18:43:56+00:00,40.289244,-88.126143,-53.04932310810567,115.0,-7.904265485149864,rs6,24.963400670075476,26.500787450064426,1.5373867799889496,2,24.963400670075476,26.500787450064426,1.5373867799889496,-27.632700444717127,positive_cross,toward_S1,1.5293218025298418
0,mustang,2024-03-29 18:43:57+00:00,40.289318,-88.126137,-61.28558905190484,116.0,-8.236265943799175,rs8,18.254312069879276,33.14185647215608,14.887544402276802,1,18.254312069879276,33.14185647215608,14.887544402276802,-78.92951005359993,positive_cross,toward_S1,1.3267392778091682
0,mustang,2024-03-29 18:43:58+00:00,40.289389,-88.126135,-69.18220432267367,117.0,-7.896615270768827,rs8,10.36702103373544,30.751541765825827,20.384520732090387,1,10.36702103373544,41.024599795643034,30.657578761907594,-78.92951005359993,positive_cross,toward_S1,1.1805056616838197
0,mustang,2024-03-29 18:43:59+00:00,40.289457,-88.12614,-76.73457879258656,118.0,-7.552374469912891,rs8,3.0894762841873984,28.83980125582514,25.750324971637742,1,3.0894762841873984,48.59859467258526,45.50911838839786,-78.92951005359993,positive_cross,toward_S1,1.0406468752039513
0,mustang,2024-03-29 18:44:00+00:00,40.289523,-88.126148,-84.06000946725638,119.0,-7.325430674669818,rs8,5.028422869742014,28.56308862697052,23.534665757228503,1,5.028422869742014,55.96182742100133,50.933404551259315,-78.92951005359993,positive_cross,toward_S1,0.9049907515989546
0,mustang,2024-03-29 18:44:01+00:00,40.289587,-88.126169,-91.1431959163194,120.0,-7.083186449063021,rs8,12.318693742371659,29.049873025623846,16.73117928325219,1,12.318693742371659,63.17154710198318,50.85285335961152,-78.92951005359993,positive_cross,toward_S1,0.7738206321718616
0,mustang,2024-03-29 18:44:02+00:00,40.289639,-88.12622,-96.8463590769831,121.0,-5.703163160663706,rs8,19.303100634092857,28.480678560870146,9.177577926777289,1,19.303100634092857,69.35094599993293,50.047845365840075,-78.92951005359993,positive_cross,toward_S1,0.6682064995669781
0,mustang,2024-03-29 18:44:03+00:00,40.289666,-88.126293,-99.73644045363568,122.0,-2.8900813766525744,rs8,25.026273583715252,26.365907118159043,1.3396335344437915,1,25.026273583715252,73.3335073574041,48.30723377368885,-78.92951005359993,positive_cross,toward_S1,0.6146864740734119
0,mustang,2024-03-29 18:44:04+00:00,40.28966,-88.126371,-98.95003610786398,123.0,0.7864043457717003,rs10,22.413093895896047,28.869168975425364,6.456075079529317,1,22.413093895896047,72.87761840761262,50.46452451171657,-78.92951005359993,negative_cross,toward_S4,0.6292495175136286
0,mustang,2024-03-29 18:44:05+00:00,40.289618,-88.126428,-94.19339665292385,124.0,4.756639454940128,rs10,16.36539197907853,29.94109684629047,13.57570486721194,1,16.36539197907853,67.53217630540446,51.16678432632593,-78.92951005359993,negative_cross,toward_S4,0.7173354333458533
0,mustang,2024-03-29 18:44:06+00:00,40.289559,-88.126444,-87.60948278480858,125.0,6.583913868115275,rs10,9.687021552332162,28.50730325728723,18.820281704955068,1,9.687021552332162,60.85631145342799,51.16928990109583,-78.92951005359993,negative_cross,toward_S4,0.8392597642368769
0,mustang,2024-03-29 18:44:07+00:00,40.289501,-88.126432,-81.17958695133953,126.0,6.429895833469047,rs10,4.855005433928783,26.252277776305917,21.397272342377136,1,4.855005433928783,54.58725793280567,49.73225249887689,-78.92951005359993,negative_cross,toward_S4,0.9583319093011184
0,mustang,2024-03-29 18:44:08+00:00,40.289441,-88.126427,-74.51662714949481,127.0,6.662959801844721,rs10,5.891130818716325,26.13803154302309,20.246900724306762,1,5.891130818716325,48.06329750378234,42.17216668506601,-78.92951005359993,negative_cross,toward_S4,1.0817200537797245
0,mustang,2024-03-29 18:44:09+00:00,40.289374,-88.126427,-67.0677792993046,128.0,7.448847850190205,rs10,12.183077325941547,28.396627963467058,16.21355063752551,1,12.183077325941547,40.74198663617751,28.55890931023596,-78.92951005359993,negative_cross,toward_S4,1.2196616806350986
0,mustang,2024-03-29 18:44:10+00:00,40.289304,-88.126431,-59.279280776105786,129.0,7.788498523198818,rs10,19.57045827151666,32.730456609679656,13.159998338162996,1,19.57045827151666,33.07233087796742,13.501872606450757,-78.92951005359993,negative_cross,toward_S4,1.36389313476841
0,mustang,2024-03-29 18:44:11+00:00,40.289231,-88.126437,-51.15419166641033,130.0,8.125089109695459,rs7,25.108823854400665,27.49347508337529,2.384651228974626,2,25.108823854400665,27.49347508337529,2.384651228974626,-27.632700444717127,negative_cross,toward_S4,1.5644168292279037
0,mustang,2024-03-29 18:44:12+00:00,40.289156,-88.126443,-42.80674888929741,131.0,8.347442777112917,rs7,17.102237133620914,31.45891784503644,14.356680711415525,2,17.102237133620914,35.73432249230177,18.632085358680857,-27.632700444717127,negative_cross,toward_S4,1.7189991028781428
0,mustang,2024-03-29 18:44:13+00:00,40.289078,-88.126447,-34.12883569798695,132.0,8.67791319131046,rs7,9.573236462301962,28.672069008553585,19.09883254625162,2,9.573236462301962,44.36236173341809,34.78912527111613,-27.632700444717127,negative_cross,toward_S4,1.8797011990135217
0,mustang,2024-03-29 18:44:14+00:00,40.288998,-88.12645,-25.23009888134095,133.0,8.898736816646,rs7,6.590946497792734,28.311522888703827,21.72057639091109,2,6.590946497792734,52.9874265328323,46.396480035039566,-27.632700444717127,negative_cross,toward_S4,2.0444926215440034
0,mustang,2024-03-29 18:44:15+00:00,40.288917,-88.126451,-16.22324531714665,134.0,9.006853564194301,rs7,12.578475886058564,30.53517577230267,17.956699886244103,2,12.578475886058564,44.137039230342296,31.558563344283733,-27.632700444717127,negative_cross,toward_S4,2.21128620606612
0,mustang,2024-03-29 18:44:16+00:00,40.288839,-88.126455,-7.5453321258362,135.0,8.677913191310449,rs7,20.47170201145106,35.02189760385018,14.550195592399117,2,20.47170201145106,35.6230479169972,15.15134590554614,-27.632700444717127,negative_cross,toward_S4,2.3719883022014985
0,mustang,2024-03-29 18:44:17+00:00,40.288764,-88.126466,0.8097608656360089,136.0,8.355092991472208,rs5,27.34801580247734,28.385465732915513,1.0374499304381715,3,27.34801580247734,28.385465732915513,1.0374499304381715,26.33125891160298,negative_cross,toward_S4,2.5273796658154266
0,mustang,2024-03-29 18:44:18+00:00,40.288686,-88.126483,9.507564615114054,137.0,8.697803749478044,rs5,18.67842857801881,35.61003746602587,16.931608888007062,3,18.67842857801881,36.79406317409955,18.11563459608074,26.33125891160298,negative_cross,toward_S4,2.6884501056205754
0,mustang,2024-03-29 18:44:19+00:00,40.288606,-88.1265,18.427722031219595,138.0,8.92015741610554,rs5,10.035334703060341,33.810835247366605,23.77550054430626,3,10.035334703060341,45.57160163606361,35.53626693300327,26.33125891160298,negative_cross,toward_S4,2.853638205918826
0,mustang,2024-03-29 18:44:20+00:00,40.288525,-88.126511,27.449876024175953,139.0,9.022153992956358,rs5,4.39674732093595,33.857584885926734,29.460837564990783,3,4.39674732093595,54.091410383461834,49.69466306252588,26.33125891160298,negative_cross,toward_S4,3.020715131714314
0,mustang,2024-03-29 18:44:21+00:00,40.288444,-88.126518,36.46590984564488,140.0,9.016033821468927,rs5,10.221568162624225,35.91787694556999,25.69630878294577,3,10.221568162624225,45.06265663828713,34.84108847566291,26.33125891160298,negative_cross,toward_S4,3.187678721000776
0,mustang,2024-03-29 18:44:22+00:00,40.288363,-88.126521,45.4758234955829,141.0,9.00991364993802,rs5,18.840006226295888,36.06040962785281,17.220403401556926,3,18.840006226295888,36.06040962785281,17.220403401556926,26.33125891160298,negative_cross,toward_S4,3.354528973777406
0,mustang,2024-03-29 18:44:23+00:00,40.288282,-88.12652,54.47961697324353,142.0,9.00379347766063,rs2,27.101526821698968,27.752644014854628,0.6511171931556596,4,27.101526821698968,27.752644014854628,0.6511171931556596,80.2309515867141,negative_cross,toward_S4,3.5231234330838785
0,mustang,2024-03-29 18:44:24+00:00,40.288203,-88.126517,63.25799669853293,143.0,8.778379725289398,rs2,18.441842421607863,36.50894567934177,18.06710325773391,4,18.441842421607863,36.50894567934177,18.06710325773391,80.2309515867141,negative_cross,toward_S4,3.6856860205892374
0,mustang,2024-03-29 18:44:25+00:00,40.288126,-88.126516,71.8170828429168,144.0,8.559086144383876,rs2,10.162983998275216,34.97546805105291,24.81248405277769,4,10.162983998275216,45.04182057017056,34.87883657189534,80.2309515867141,negative_cross,toward_S4,3.8441876158556054
0,mustang,2024-03-29 18:44:26+00:00,40.288052,-88.126516,80.04416852867313,145.0,8.227085685756322,rs2,3.6587564564291744,34.09272541737465,30.433968960945478,4,3.6587564564291744,53.2458168069792,49.587060350550026,80.2309515867141,negative_cross,toward_S4,3.9965410544807227
0,mustang,2024-03-29 18:44:27+00:00,40.287986,-88.126492,87.345118517328,146.0,7.300949988654878,rs2,8.094344316183264,32.97817718800859,24.883832871825323,4,8.094344316183264,60.73565082397833,52.641306507795065,80.2309515867141,negative_cross,toward_S4,4.1317438320484055
0,mustang,2024-03-29 18:44:28+00:00,40.287934,-88.126495,93.13090399249948,147.0,5.78578547517148,rs2,12.86915808885369,35.02959232850402,22.160434239650336,4,12.86915808885369,66.47133073223154,53.60217264337785,80.2309515867141,negative_cross,toward_S4,4.238888007514544
0,mustang,2024-03-29 18:44:29+00:00,40.287894,-88.126435,97.48617476355827,148.0,4.355270771058784,rs2,19.207104546720203,32.623403257507405,13.416298710787203,4,19.207104546720203,71.4963170953912,52.289212548671,80.2309515867141,negative_cross,toward_S4,4.319541169941559
0,mustang,2024-03-29 18:44:30+00:00,40.287879,-88.126368,99.05131439532886,149.0,1.5651396317705917,rs2,23.978582934140263,29.153977679426628,5.175394745286365,4,23.978582934140263,74.19991756669738,50.22133463255712,80.2309515867141,negative_cross,toward_S4,4.3485252371965695
0,mustang,2024-03-29 18:44:31+00:00,40.287884,-88.126302,98.39444739737667,150.0,-0.6568669979521928,rs1,24.87165624138197,27.66705052235288,2.7953942809709105,4,24.87165624138197,74.2859720085833,49.41431576720133,80.2309515867141,positive_cross,toward_S1,4.336361033530788
0,mustang,2024-03-29 18:44:32+00:00,40.287909,-88.126247,95.53087419927546,151.0,-2.863573198101207,rs1,19.829088011532946,29.995727597803597,10.166639586270652,4,19.829088011532946,70.67050004297546,50.841412031442516,80.2309515867141,positive_cross,toward_S1,4.283331900232618
0,mustang,2024-03-29 18:44:33+00:00,40.287946,-88.12621,91.36071976998636,152.0,-4.170154429289099,rs1,14.66091445441837,31.166525615056653,16.50561116063828,4,14.66091445441837,66.14605904319723,51.48514458877886,80.2309515867141,positive_cross,toward_S1,4.206106818208745
0,mustang,2024-03-29 18:44:34+00:00,40.287993,-88.126181,86.0910373474183,153.0,-5.269682422568067,rs1,8.986462078936066,32.24962275262601,23.263160673689946,4,8.986462078936066,60.677331372790334,51.69086929385427,80.2309515867141,positive_cross,toward_S1,4.108520106679707
0,mustang,2024-03-29 18:44:35+00:00,40.288048,-88.126165,79.95183081334801,154.0,-6.139206534070283,rs1,4.394332593713786,33.19464593311041,28.800313339396624,4,4.394332593713786,54.46300341985369,50.06867082613991,80.2309515867141,positive_cross,toward_S1,3.994831096789517
0,mustang,2024-03-29 18:44:36+00:00,40.28811,-88.12616,73.05121691613546,155.0,-6.900613897212551,rs1,7.181673971726214,34.49924176301766,27.317567791291445,4,7.181673971726214,47.55566352263868,40.37398955091247,80.2309515867141,positive_cross,toward_S1,3.86704195054484
0,mustang,2024-03-29 18:44:37+00:00,40.288176,-88.126157,65.70895577064343,156.0,-7.3422611454920315,rs1,13.864522367421852,37.090871001482824,23.226348634060972,4,13.864522367421852,40.22148527851683,26.35696291109498,80.2309515867141,positive_cross,toward_S1,3.731074151554247
0,mustang,2024-03-29 18:44:38+00:00,40.288246,-88.126153,57.92045724742288,157.0,-7.788498523220547,rs1,21.420835218245983,32.44085408342749,11.020018865181505,4,21.420835218245983,32.44085408342749,11.020018865181505,80.2309515867141,positive_cross,toward_S1,3.586842697420533
0,mustang,2024-03-29 18:44:39+00:00,40.288321,-88.126151,49.5791346417974,158.0,-8.341322605625479,rs3,24.139180932501684,29.673069631069893,5.533888698568209,3,24.139180932501684,29.673069631069893,5.533888698568209,26.33125891160298,positive_cross,toward_S1,3.4305162172258226
0,mustang,2024-03-29 18:44:40+00:00,40.288399,-88.12615,40.90581157912427,159.0,-8.673323062673134,rs3,15.571841713883233,37.884213033787645,22.312371319904415,3,15.571841713883233,38.30462005605059,22.732778342167357,26.33125891160298,positive_cross,toward_S1,3.2698991234726167
0,mustang,2024-03-29 18:44:41+00:00,40.288477,-88.126149,32.23248851566116,160.0,-8.673323063463108,rs3,7.2672429631480595,35.56350809978786,28.2962651366398,3,7.2672429631480595,46.95258397276732,39.685341009619265,26.33125891160298,positive_cross,toward_S1,3.109282029704781
0,mustang,2024-03-29 18:44:42+00:00,40.288556,-88.126147,23.44645857601247,161.0,-8.786029939648689,rs3,3.6967593507858134,35.376282742098084,31.67952339131227,3,3.6967593507858134,51.7137060311429,48.01694668035709,26.33125891160298,positive_cross,toward_S1,2.9465777715631387
0,mustang,2024-03-29 18:44:43+00:00,40.288639,-88.126144,14.214191258635259,162.0,-9.232267317377213,rs3,11.769723083738693,37.54121385254691,25.771490768808217,3,11.769723083738693,42.480817529069355,30.711094445330662,26.33125891160298,positive_cross,toward_S1,2.7756098582783757
0,mustang,2024-03-29 18:44:44+00:00,40.288721,-88.126142,5.094630818255355,163.0,-9.119560440379903,rs3,20.73162173752622,33.365450688707966,12.633828951181748,3,20.73162173752622,33.365450688707966,12.633828951181748,26.33125891160298,positive_cross,toward_S1,2.606729109382451
0,mustang,2024-03-29 18:44:45+00:00,40.288802,-88.126142,-3.910692702277127,164.0,-9.005323520532482,rs6,24.379883805053975,29.69404092129407,5.3141571162400965,2,24.379883805053975,29.69404092129407,5.3141571162400965,-27.632700444717127,positive_cross,toward_S1,2.439296439674815
0,mustang,2024-03-29 18:44:46+00:00,40.288882,-88.126145,-12.800249261670245,165.0,-8.889556559393117,rs6,15.568268218611024,35.432048505154064,19.86378028654304,2,15.568268218611024,38.58479905700117,23.016530838390146,-27.632700444717127,positive_cross,toward_S1,2.2746750219082754
0,mustang,2024-03-29 18:44:47+00:00,40.288959,-88.126148,-21.35627531952046,166.0,-8.556026057850215,rs6,7.300113604948668,32.5346087167676,25.234495111818934,2,7.300113604948668,47.146684600538784,39.84657099559011,-27.632700444717127,positive_cross,toward_S1,2.1162300949110495
0,mustang,2024-03-29 18:44:48+00:00,40.289037,-88.126148,-30.02806834011169,167.0,-8.671793020591231,rs6,3.171968278349004,32.01736912241147,28.845400844062468,2,3.171968278349004,49.51676961319857,46.34480133484956,-27.632700444717127,positive_cross,toward_S1,1.9556413352704711
0,mustang,2024-03-29 18:44:49+00:00,40.289115,-88.126144,-38.70598153221211,168.0,-8.677913192100416,rs6,10.757770813587646,34.11805766193278,23.360286848345133,2,10.757770813587646,40.834518763022956,30.07674794943531,-27.632700444717127,positive_cross,toward_S1,1.7949392391204633
0,mustang,2024-03-29 18:44:50+00:00,40.289194,-88.126138,-47.49813164336998,169.0,-8.792150111157873,rs6,19.386308935575915,32.03424709747689,12.647938161900978,2,19.386308935575915,32.03424709747689,12.647938161900978,-27.632700444717127,positive_cross,toward_S1,1.6321216444693916
0,mustang,2024-03-29 18:44:51+00:00,40.289271,-88.126135,-56.06333795847308,170.0,-8.565206315103097,rs8,23.466453699922752,27.91238770491848,4.445934004995728,1,23.466453699922752,27.91238770491848,4.445934004995728,-78.92951005359993,positive_cross,toward_S1,1.4234476313912379
0,mustang,2024-03-29 18:44:52+00:00,40.289346,-88.126136,-64.40007043546126,171.0,-8.336732476988182,rs8,15.141130740665732,32.500087667171194,17.358956926505464,1,15.141130740665732,36.248927985821595,21.107797245155865,-78.92951005359993,positive_cross,toward_S1,1.2690636966321975
0,mustang,2024-03-29 18:44:53+00:00,40.289418,-88.126139,-72.40021232518455,172.0,-8.000141889723295,rs8,7.2155214936720355,29.56128688688968,22.345765393217643,1,7.2155214936720355,44.26084892394459,37.04532743027256,-78.92951005359993,positive_cross,toward_S1,1.120912920896581
0,mustang,2024-03-29 18:44:54+00:00,40.289487,-88.126143,-80.065293672073,173.0,-7.665081346888442,rs8,1.744597944099679,28.532685480333537,26.78808753623386,1,1.744597944099679,51.94293361060338,50.1983356665037,-78.92951005359993,positive_cross,toward_S1,0.9789669700282765
0,mustang,2024-03-29 18:44:55+00:00,40.289553,-88.126151,-87.39072434595286,174.0,-7.325430673879865,rs8,8.25346290066153,29.112985493790653,20.85952259312912,1,8.25346290066153,59.30688773625495,51.05342483559342,-78.92951005359993,positive_cross,toward_S1,0.8433108464379087
0,mustang,2024-03-29 18:44:56+00:00,40.289612,-88.126183,-93.90119615602325,175.0,-6.510471810070385,rs8,15.333507005406936,29.311373974364763,13.977866968957827,1,15.333507005406936,66.03503485162365,50.70152784621671,-78.92951005359993,positive_cross,toward_S1,0.7227465536588273
0,mustang,2024-03-29 18:44:57+00:00,40.289653,-88.126238,-98.37529397556672,176.0,-4.4740978195434735,rs8,21.37289458168655,28.376369548431082,7.003474966744534,1,21.37289458168655,71.09941578508676,49.72652120340021,-78.92951005359993,positive_cross,toward_S1,0.6398928903339482
0,mustang,2024-03-29 18:44:58+00:00,40.289665,-88.126308,-99.60231297720058,177.0,-1.2270190016338631,rs10,25.53289503394457,25.689875977289468,0.1569809433448981,1,25.53289503394457,73.4937981131448,47.960903079200236,-78.92951005359993,negative_cross,toward_S1,0.6171703162296175
0,mustang,2024-03-29 18:44:59+00:00,40.289642,-88.126376,-96.94120288911746,178.0,2.66111008808312,rs10,20.417103183168425,27.857874183222474,7.440771000054049,1,20.417103183168425,70.83200382608668,50.414900642918255,-78.92951005359993,negative_cross,toward_S4,0.6664501326756012
0,mustang,2024-03-29 18:45:00+00:00,40.289592,-88.126416,-91.32115949416253,179.0,5.6200433949549335,rs10,13.955314210528336,27.67062944764506,13.715315237116723,1,13.955314210528336,64.79899247817842,50.843678267650084,-78.92951005359993,negative_cross,toward_S4,0.7705250103599518
0,mustang,2024-03-29 18:45:01+00:00,40.289532,-88.126427,-84.63371900711456,180.0,6.687440487047965,rs10,7.6237649092719995,26.33966989550734,18.715904986235337,1,7.6237649092719995,58.060514186073355,50.43674927680136,-78.92951005359993,negative_cross,toward_S4,0.89436650086084
0,mustang,2024-03-29 18:45:02+00:00,40.28947,-88.126435,-77.72851498128645,181.0,6.905204025828112,rs10,3.7942050072304463,26.45238554710837,22.658180539877925,1,3.7942050072304463,51.13896852929642,47.344763522065975,-78.92951005359993,negative_cross,toward_S4,1.0222406494872867
0,mustang,2024-03-29 18:45:03+00:00,40.289404,-88.126445,-70.37554353485797,182.0,7.352971446428484,rs10,8.52245138665425,28.60836160288837,20.08591021623412,1,8.52245138665425,43.7540512254135,35.23159983875925,-78.92951005359993,negative_cross,toward_S4,1.1584067873841104
0,mustang,2024-03-29 18:45:04+00:00,40.289333,-88.126449,-62.47586817834542,183.0,7.899675356512546,rs10,16.118716056744,32.18849421522546,16.069778158481462,1,16.118716056744,35.90947738848094,19.790761331736938,-78.92951005359993,negative_cross,toward_S4,1.3046970717639723
0,mustang,2024-03-29 18:45:05+00:00,40.289257,-88.126448,-54.0279588680435,184.0,8.447909310301924,rs10,24.51120833211314,27.651826329571797,3.1406179974586586,1,24.51120833211314,27.651826329571797,3.1406179974586586,-78.92951005359993,negative_cross,toward_S4,1.4611398367695636
0,mustang,2024-03-29 18:45:06+00:00,40.289178,-88.126443,-45.25263922851954,185.0,8.775319639523957,rs7,19.366529062696248,32.702646571420054,13.336117508723806,2,19.366529062696248,33.29695454819304,13.930425485496794,-27.632700444717127,negative_cross,toward_S4,1.6737048373369923
0,mustang,2024-03-29 18:45:07+00:00,40.289096,-88.12644,-36.14072900249893,186.0,9.111910226020612,rs7,11.477034119857686,28.61653351438238,17.13949939452469,2,11.477034119857686,42.406419734564025,30.92938561470634,-27.632700444717127,negative_cross,toward_S4,1.8424439155966332
0,mustang,2024-03-29 18:45:08+00:00,40.289016,-88.126438,-27.249642400255695,187.0,8.891086602243234,rs7,7.322330258000552,27.18797278844885,19.865642530448298,2,7.322330258000552,51.293327198073484,43.970996940072936,-27.632700444717127,negative_cross,toward_S4,2.0070936674900266
0,mustang,2024-03-29 18:45:09+00:00,40.288936,-88.126439,-18.353965670143364,188.0,8.895676730112331,rs7,11.409298388659694,28.839075952623112,17.42977756396342,2,11.409298388659694,46.422601399115045,35.01330301045535,-27.632700444717127,negative_cross,toward_S4,2.171828421751366
0,mustang,2024-03-29 18:45:10+00:00,40.288858,-88.126444,-9.674522435171093,189.0,8.67944323497227,rs7,18.77556458412603,33.06298319901791,14.287418614891877,2,18.77556458412603,37.90657570459154,19.13101112046551,-27.632700444717127,negative_cross,toward_S4,2.3325588520286304
0,mustang,2024-03-29 18:45:11+00:00,40.288782,-88.126455,-1.2082526103633953,190.0,8.466269824807698,rs7,26.60687525849117,29.539099157101603,2.9322238986104345,2,26.60687525849117,29.539099157101603,2.9322238986104345,-27.632700444717127,negative_cross,toward_S4,2.4893416265621062
0,mustang,2024-03-29 18:45:12+00:00,40.288707,-88.12647,7.152960551828028,191.0,8.361213162191422,rs5,21.255668564927817,34.59916731406843,13.343498749140615,3,21.255668564927817,34.59916731406843,13.343498749140615,26.33125891160298,negative_cross,toward_S4,2.644846326670834
0,mustang,2024-03-29 18:45:13+00:00,40.288635,-88.126483,15.17758312833449,192.0,8.024622576506463,rs5,13.544454223947639,33.331252385304154,19.786798161356515,3,13.544454223947639,42.44426305884046,28.899808834892823,26.33125891160298,negative_cross,toward_S4,2.7934504484579907
0,mustang,2024-03-29 18:45:14+00:00,40.288561,-88.126496,23.42455937149019,193.0,8.2469762431557,rs5,6.647289854181436,32.68132431896636,26.034034464784924,3,6.647289854181436,50.58714102109445,43.939851166913016,26.33125891160298,negative_cross,toward_S4,2.946172230738652
0,mustang,2024-03-29 18:45:15+00:00,40.288484,-88.126504,31.99741590176428,194.0,8.572856530274091,rs5,7.080527257894775,33.74099245056074,26.660465192665963,3,7.080527257894775,49.59300992052861,42.512482662633836,26.33125891160298,negative_cross,toward_S4,3.1049288331511353
0,mustang,2024-03-29 18:45:16+00:00,40.288404,-88.12651,40.90074284623591,195.0,8.903326944471626,rs5,14.641762371283445,36.8057667160031,22.164004344719654,3,14.641762371283445,40.685951033067994,26.04418866178455,26.33125891160298,negative_cross,toward_S4,3.2698052580487578
0,mustang,2024-03-29 18:45:17+00:00,40.288323,-88.126512,49.90912645332381,196.0,9.0083836070879,rs5,23.353520624587002,31.70969778980886,8.356177165221858,3,23.353520624587002,31.70969778980886,8.356177165221858,26.33125891160298,negative_cross,toward_S4,3.4366271766985337
0,mustang,2024-03-29 18:45:18+00:00,40.288242,-88.126512,58.91444997464624,197.0,9.005323521322431,rs2,22.78811188678538,32.252313126227136,9.464201239441756,4,22.78811188678538,32.252313126227136,9.464201239441756,80.2309515867141,negative_cross,toward_S4,3.6052499701468914
0,mustang,2024-03-29 18:45:19+00:00,40.288162,-88.126514,67.8116567476087,198.0,8.897206772962456,rs2,14.042614679116745,35.92205378320472,21.87943910408797,4,14.042614679116745,41.071213522751215,27.02859884363447,80.2309515867141,negative_cross,toward_S4,3.7700130585350853
0,mustang,2024-03-29 18:45:20+00:00,40.288085,-88.126516,76.37533301983993,199.0,8.563676272231234,rs2,6.0612340065178305,34.24565129488266,28.184417288364834,4,6.0612340065178305,49.58618253555677,43.524948529038944,80.2309515867141,negative_cross,toward_S4,3.9285996561689966
0,mustang,2024-03-29 18:45:21+00:00,40.288009,-88.126495,84.79264147263947,200.0,8.417308452799546,rs2,6.2197804994447035,32.72341165711296,26.50363115766826,4,6.2197804994447035,58.16481404158383,51.94503354213913,80.2309515867141,negative_cross,toward_S4,4.084475738628248
0,mustang,2024-03-29 18:45:22+00:00,40.287956,-88.126523,90.72785485379808,201.0,5.935213381158604,rs2,9.745301638718749,36.413784029174046,26.668482390455296,4,9.745301638718749,63.865175622454046,54.119873983735296,80.2309515867141,negative_cross,toward_S4,4.194387097538592
0,mustang,2024-03-29 18:45:23+00:00,40.2879,-88.126464,96.86348500548841,202.0,6.135630151690336,rs2,17.41240165971544,34.361582350228474,16.949180690513035,4,17.41240165971544,70.50291819586167,53.090516536146225,80.2309515867141,negative_cross,toward_S4,4.30800987812545
0,mustang,2024-03-29 18:45:24+00:00,40.287868,-88.126416,100.34770162219479,203.0,3.4842166167063766,rs2,22.51353276078761,33.03814046840398,10.524607707616372,4,22.51353276078761,74.60776842159126,52.09423566080365,80.2309515867141,negative_cross,toward_S4,4.372532408064457
0,mustang,2024-03-29 18:45:25+00:00,40.287861,-88.126353,101.02954675657298,204.0,0.681845134378193,rs2,26.32263441110358,29.655850884222964,3.3332164731193856,4,26.32263441110358,76.43902959319789,50.11639518209431,80.2309515867141,negative_cross,toward_S4,4.385159169812201
0,mustang,2024-03-29 18:45:26+00:00,40.287875,-88.126294,99.38279855657368,205.0,-1.6467481999993083,rs1,25.232257337773806,28.82552782676044,3.593270488986633,4,25.232257337773806,75.12122067248725,49.88896333471345,80.2309515867141,positive_cross,toward_S1,4.354663832775177
0,mustang,2024-03-29 18:45:27+00:00,40.287904,-88.126247,96.0867583674241,206.0,-3.296040189149579,rs1,20.289177393255745,30.269572812428564,9.980395419172819,4,20.289177393255745,71.21935772670274,50.930180333447,80.2309515867141,positive_cross,toward_S1,4.29362605149463
0,mustang,2024-03-29 18:45:28+00:00,40.287995,-88.126188,85.8793939801256,207.0,-10.207364387298497,rs1,9.208040220874754,31.627794717206157,22.419754496331404,4,9.208040220874754,60.516145051297286,51.308104830422536,80.2309515867141,positive_cross,toward_S1,4.104600785063176
0,mustang,2024-03-29 18:45:29+00:00,40.288052,-88.126176,79.52395395093696,208.0,-6.355440029188642,rs1,5.2594727310163005,32.27720506279243,27.01773233177613,4,5.2594727310163005,54.105007371782484,48.84553464076618,80.2309515867141,positive_cross,toward_S1,3.986907451189312
0,mustang,2024-03-29 18:45:30+00:00,40.288115,-88.126167,72.5060430489015,209.0,-7.017910902035453,rs1,7.973187462002483,34.05309840225542,26.07991094025294,4,7.973187462002483,47.05654662359934,39.08335916159685,80.2309515867141,positive_cross,toward_S1,3.856946138188656
0,mustang,2024-03-29 18:45:31+00:00,40.288182,-88.12616,65.04648489779659,210.0,-7.459558151104915,rs1,14.575421220749316,37.13771853589415,22.562297315144836,4,14.575421220749316,39.58243231455315,25.007011093803836,80.2309515867141,positive_cross,toward_S1,3.7188061724274535
0,mustang,2024-03-29 18:45:32+00:00,40.288252,-88.126154,57.254926288832344,211.0,-7.791558608964245,rs1,22.093312211605035,31.78674009141689,9.693427879811853,4,22.093312211605035,31.78674009141689,9.693427879811853,80.2309515867141,positive_cross,toward_S1,3.574518050039227
0,mustang,2024-03-29 18:45:33+00:00,40.288327,-88.126151,48.91207364033499,212.0,-8.342852648497356,rs3,23.478233957488452,30.33680430807585,6.858570350587396,3,23.478233957488452,30.33680430807585,6.858570350587396,26.33125891160298,positive_cross,toward_S1,3.4181632357172593
0,mustang,2024-03-29 18:45:34+00:00,40.288407,-88.12615,40.016396910244396,213.0,-8.895676730090592,rs3,14.702249088804761,37.552546338973066,22.850297250168303,3,14.702249088804761,39.19169239015287,24.48944330134811,26.33125891160298,positive_cross,toward_S1,3.2534284814563224
0,mustang,2024-03-29 18:45:35+00:00,40.288484,-88.126149,31.45425068088501,214.0,-8.562146229359385,rs3,6.572695013334058,35.44423210351767,28.87153709018361,3,6.572695013334058,47.729652542926296,41.15695752959224,26.33125891160298,positive_cross,toward_S1,3.0948702179496674
0,mustang,2024-03-29 18:45:36+00:00,40.288566,-88.126145,22.33163015394969,215.0,-9.122620526935322,rs3,4.344934868960062,35.65518666710497,31.310251798144908,3,4.344934868960062,50.59468513828656,46.2497502693265,26.33125891160298,positive_cross,toward_S1,2.9259328007841985
0,mustang,2024-03-29 18:45:37+00:00,40.28865,-88.126142,12.988186004070432,216.0,-9.343444149879257,rs3,12.929417392602168,38.114931194929014,25.185513802326845,3,12.929417392602168,41.25021622474461,28.320798832142444,26.33125891160298,positive_cross,toward_S1,2.7529060572679156
0,mustang,2024-03-29 18:45:38+00:00,40.288738,-88.126137,3.1969744328008436,217.0,-9.791211571269589,rs3,22.566031273170022,31.453414745475023,8.887383472305,3,22.566031273170022,31.453414745475023,8.887383472305,26.33125891160298,positive_cross,toward_S1,2.571587324466627
0,mustang,2024-03-29 18:45:39+00:00,40.288824,-88.126135,-6.367293341624013,218.0,-9.564267774424856,rs6,21.894679389714018,32.091541435512205,10.196862045798188,2,21.894679389714018,32.091541435512205,10.196862045798188,-27.632700444717127,positive_cross,toward_S1,2.393803835242465
0,mustang,2024-03-29 18:45:40+00:00,40.288908,-88.126137,-15.70308727793394,219.0,-9.335793936309928,rs6,12.609725205868967,34.95976778032958,22.35004257446061,2,12.609725205868967,41.429664977870516,28.819939772001547,-27.632700444717127,positive_cross,toward_S1,2.2209187623478366
0,mustang,2024-03-29 18:45:41+00:00,40.288989,-88.126138,-24.70688075638452,220.0,-9.00379347845058,rs6,3.89785041425978,32.90498800531105,29.00713759105127,2,3.89785041425978,50.43305904275039,46.535208628490615,-27.632700444717127,positive_cross,toward_S1,2.0541818460802332
0,mustang,2024-03-29 18:45:42+00:00,40.289069,-88.126142,-33.594907272094076,221.0,-8.888026515709555,rs6,5.788442829747804,32.980668861665066,27.19222603191726,2,5.788442829747804,45.94076544654002,40.15232261679222,-27.632700444717127,positive_cross,toward_S1,1.8895887624559824
0,mustang,2024-03-29 18:45:43+00:00,40.289146,-88.126144,-42.15246337362786,222.0,-8.557556101533784,rs6,14.148448456861786,35.38929427250907,21.240845815647283,2,14.148448456861786,37.38988633444419,23.241437877582406,-27.632700444717127,positive_cross,toward_S1,1.7311155013164679
0,mustang,2024-03-29 18:45:44+00:00,40.289221,-88.12614,-50.49684606418536,223.0,-8.344382690557502,rs6,22.39279633733253,29.041181727623563,6.648385390291033,2,22.39279633733253,29.041181727623563,6.648385390291033,-27.632700444717127,positive_cross,toward_S1,1.5765898959357734
0,mustang,2024-03-29 18:45:45+00:00,40.289297,-88.126135,-58.95393563174017,224.0,-8.45708956755481,rs8,20.577371382360575,30.800604865085376,10.223233482724801,1,20.577371382360575,30.800604865085376,10.223233482724801,-78.92951005359993,positive_cross,toward_S1,1.3699180448492547
0,mustang,2024-03-29 18:45:46+00:00,40.289371,-88.126134,-67.18255136118005,225.0,-8.228615729439873,rs8,12.355425636321874,31.518515839577134,19.16309020325526,1,12.355425636321874,39.02077135188559,26.665345715563717,-78.92951005359993,positive_cross,toward_S1,1.2175362720818497
0,mustang,2024-03-29 18:45:47+00:00,40.289441,-88.126137,-74.96033958346416,226.0,-7.777788222284116,rs8,4.678275680839142,29.27744164172938,24.599165960890236,1,4.678275680839142,46.81074560588077,42.132469925041626,-78.92951005359993,positive_cross,toward_S1,1.073503156854366
0,mustang,2024-03-29 18:45:48+00:00,40.289508,-88.126143,-82.40000717719141,227.0,-7.4396675937272505,rs8,3.346827735496701,28.72687264583844,25.380044910341738,1,3.346827735496701,54.27676224556788,50.92993451007118,-78.92951005359993,positive_cross,toward_S1,0.9357315347483058
0,mustang,2024-03-29 18:45:49+00:00,40.289575,-88.12616,-89.8228442992848,228.0,-7.422837122093384,rs8,10.816531113592388,29.21468868860259,18.398157575010202,1,10.816531113592388,61.79093162934651,50.97440051575412,-78.92951005359993,positive_cross,toward_S1,0.7982715880428728
0,mustang,2024-03-29 18:45:50+00:00,40.28963,-88.126208,-95.86412808929528,229.0,-6.041283790010482,rs8,17.971890278151307,28.664548049202523,10.692657771051216,1,17.971890278151307,68.23598827608664,50.26409799793534,-78.92951005359993,positive_cross,toward_S1,0.686395962301938
0,mustang,2024-03-29 18:45:51+00:00,40.289664,-88.126275,-99.54162755876685,230.0,-3.67749946947157,rs8,23.993409554438955,27.135664993018434,3.142255438579479,1,23.993409554438955,72.82022432069192,48.826814766252966,-78.92951005359993,positive_cross,toward_S1,0.6182941202746867
0,mustang,2024-03-29 18:45:52+00:00,40.28966,-88.126354,-98.97604683675078,231.0,0.5655807220160654,rs10,23.04036992039785,27.838125608788054,4.797755688390204,1,23.04036992039785,73.14879350937227,50.10842358897442,-78.92951005359993,negative_cross,toward_S4,0.6287678373490582
0,mustang,2024-03-29 18:45:53+00:00,40.289621,-88.126414,-94.54834775392628,232.0,4.427699082824503,rs10,17.034087013481248,29.098968409933384,12.064881396452137,1,17.034087013481248,68.01664022718927,50.98255321370802,-78.92951005359993,negative_cross,toward_S4,0.7107622648087712
0,mustang,2024-03-29 18:45:54+00:00,40.289558,-88.126438,-87.50748620876946,233.0,7.040861545156815,rs10,9.75099776754018,27.988430532923505,18.237432765383325,1,9.75099776754018,60.80498165893709,51.05398389139691,-78.92951005359993,negative_cross,toward_S4,0.8411485897190827
0,mustang,2024-03-29 18:45:55+00:00,40.28949,-88.12643,-79.95970186747215,234.0,7.547784341297316,rs10,4.435432097746968,26.011586356738057,21.57615425899109,1,4.435432097746968,53.401870367307964,48.966438269560996,-78.92951005359993,negative_cross,toward_S4,0.9809223738171811
0,mustang,2024-03-29 18:45:56+00:00,40.289421,-88.126431,-72.28697030620269,235.0,7.672731561269458,rs10,7.358259456201409,26.94293872975024,19.58467927354883,1,7.358259456201409,45.81356455320877,38.45530509700736,-78.92951005359993,negative_cross,toward_S4,1.123009995322171
0,mustang,2024-03-29 18:45:57+00:00,40.289345,-88.126431,-63.83753095302889,236.0,8.449439353173801,rs10,15.13977315807535,30.194534875623773,15.054761717548423,1,15.13977315807535,37.51594197358214,22.376168815506787,-78.92951005359993,negative_cross,toward_S4,1.2794810944550192
0,mustang,2024-03-29 18:45:58+00:00,40.289264,-88.12643,-54.83373747536828,237.0,9.003793477660608,rs10,23.954607044710812,28.795764398591597,4.841157353880785,1,23.954607044710812,28.795764398591597,4.841157353880785,-78.92951005359993,negative_cross,toward_S4,1.4462180107079934
0,mustang,2024-03-29 18:45:59+00:00,40.28918,-88.126432,-45.491823367570916,238.0,9.341914107797365,rs7,19.92257387806576,32.041404280878844,12.118830402813085,2,19.92257387806576,33.17464523571444,13.252071357648685,-27.632700444717127,negative_cross,toward_S4,1.6692755014286336
0,mustang,2024-03-29 18:46:00+00:00,40.289096,-88.126435,-36.14837921687996,239.0,9.343444150690956,rs7,11.74608020732983,28.211323336369855,16.465243129040026,2,11.74608020732983,42.44162687100145,30.69554666367162,-27.632700444717127,negative_cross,toward_S4,1.8423022449599475
0,mustang,2024-03-29 18:46:01+00:00,40.28901,-88.126439,-26.581051355899685,240.0,9.567327860980274,rs7,7.261043337434722,27.292935880284197,20.031892542849477,2,7.261043337434722,51.95355757597468,44.69251423853996,-27.632700444717127,negative_cross,toward_S4,2.019474983126249
0,mustang,2024-03-29 18:46:02+00:00,40.288923,-88.126446,-16.89795653299009,241.0,9.683094822909595,rs7,12.228104020949392,29.894361537746768,17.666257516797376,2,12.228104020949392,44.88063137164373,32.65252735069434,-27.632700444717127,negative_cross,toward_S4,2.198791553920871
0,mustang,2024-03-29 18:46:03+00:00,40.288839,-88.126455,-7.5453321258362,242.0,9.35262440715389,rs7,20.47170201145106,35.02189760385018,14.550195592399117,2,20.47170201145106,35.6230479169972,15.15134590554614,-27.632700444717127,negative_cross,toward_S4,2.3719883022014985
0,mustang,2024-03-29 18:46:04+00:00,40.288754,-88.12647,1.9276493734425035,243.0,9.472981499278704,rs5,26.185167979754286,29.426311980405625,3.241144000651339,3,26.185167979754286,29.426311980405625,3.241144000651339,26.33125891160298,negative_cross,toward_S4,2.54808130484888
0,mustang,2024-03-29 18:46:05+00:00,40.288668,-88.126488,11.516397833882312,244.0,9.588748460439808,rs5,16.661477626774527,35.10199104119169,18.44051341441716,3,16.661477626774527,38.75148675808572,22.09000913131119,26.33125891160298,negative_cross,toward_S4,2.7256507207829506
0,mustang,2024-03-29 18:46:06+00:00,40.288583,-88.126502,20.98784928952094,245.0,9.47145145563863,rs5,7.867023685435665,33.482483145415,25.615459459979338,3,7.867023685435665,48.12035702584757,40.2533333404119,26.33125891160298,negative_cross,toward_S4,2.9010479699614438
0,mustang,2024-03-29 18:46:07+00:00,40.288499,-88.126517,30.34965395471768,246.0,9.36180466519674,rs5,5.131811822369071,34.5902233344638,29.458411512094727,3,5.131811822369071,51.171657565334414,46.03984574296534,26.33125891160298,negative_cross,toward_S4,3.0744147230206424
0,mustang,2024-03-29 18:46:08+00:00,40.288414,-88.126522,39.807335024444356,247.0,9.457681069726675,rs5,13.287502355485788,37.32294404958602,24.035441694100232,3,13.287502355485788,41.71023575855278,28.42273340306699,26.33125891160298,negative_cross,toward_S4,3.249556965052618
0,mustang,2024-03-29 18:46:09+00:00,40.288325,-88.126522,49.70207321464667,248.0,9.894738190202311,rs5,22.992871260929896,31.842338085202176,8.84946682427228,3,22.992871260929896,31.842338085202176,8.84946682427228,26.33125891160298,negative_cross,toward_S4,3.432792857463772
0,mustang,2024-03-29 18:46:10+00:00,40.288238,-88.12652,59.3713976516878,249.0,9.669324437041134,rs2,22.245798269156268,32.61131896488665,10.365520695730382,4,22.245798269156268,32.61131896488665,10.365520695730382,80.2309515867141,negative_cross,toward_S4,3.6137119641661797
0,mustang,2024-03-29 18:46:11+00:00,40.288155,-88.12652,68.59907483963774,250.0,9.227677187949936,rs2,13.163441972232604,36.157762266255375,22.99432029402277,4,13.163441972232604,41.798964804116544,28.63552283188394,80.2309515867141,negative_cross,toward_S4,3.7845948750541414
0,mustang,2024-03-29 18:46:12+00:00,40.288074,-88.126519,77.60286831808833,251.0,9.00379347845059,rs2,4.928845481270017,34.4050296492594,29.47618416798938,4,4.928845481270017,50.78675589130566,45.85791041003564,80.2309515867141,negative_cross,toward_S4,3.951331791321745
0,mustang,2024-03-29 18:46:13+00:00,40.288,-88.126517,85.82689391889087,252.0,8.224025600802548,rs2,5.540788611479428,34.73210595987361,29.19131734839418,4,5.540788611479428,59.00963326686087,53.46884465538144,80.2309515867141,negative_cross,toward_S4,4.103628561706977
0,mustang,2024-03-29 18:46:14+00:00,40.287936,-88.126494,92.90702028218845,253.0,7.08012636329758,rs2,12.70083010540395,34.86580384308319,22.16497373767924,4,12.70083010540395,66.2570961791733,53.55626607376935,80.2309515867141,negative_cross,toward_S4,4.234742012879154
0,mustang,2024-03-29 18:46:15+00:00,40.287892,-88.126435,97.7085284309757,254.0,4.801508148787249,rs2,19.395418109900827,32.74656781410466,13.35114970420383,4,19.395418109900827,71.71621672363524,52.32079861373441,80.2309515867141,negative_cross,toward_S4,4.323658830449289
0,mustang,2024-03-29 18:46:16+00:00,40.28788,-88.126358,98.92483713246307,255.0,1.216308701487364,rs2,24.470478073641832,28.45654716223913,3.986069088597297,4,24.470478073641832,74.2850544935955,49.81457641995367,80.2309515867141,negative_cross,toward_S4,4.346183065662018
0,mustang,2024-03-29 18:46:17+00:00,40.287897,-88.126289,96.9292580029705,256.0,-1.9955791294925689,rs1,23.054930012337106,27.68003986737673,4.625109855039625,4,23.054930012337106,72.63932654633913,49.584396534002025,80.2309515867141,positive_cross,toward_S1,4.30922789659734
0,mustang,2024-03-29 18:46:18+00:00,40.287933,-88.126232,92.83967954949276,257.0,-4.089578453477742,rs1,16.915842030299327,29.95845739357827,13.042615363278944,4,16.915842030299327,67.83530024465975,50.91945821436042,80.2309515867141,positive_cross,toward_S1,4.233494962273679
0,mustang,2024-03-29 18:46:19+00:00,40.287984,-88.126195,87.11304944986139,258.0,-5.726630099631365,rs1,10.51645211390163,31.26165271625917,20.745200602357542,4,10.51645211390163,61.79753752527772,51.28108541137609,80.2309515867141,positive_cross,toward_S1,4.12744625672495
0,mustang,2024-03-29 18:46:20+00:00,40.288048,-88.126182,79.97784154223481,259.0,-7.1352079076265795,rs1,5.815816198700334,31.75285647663672,25.937040277936383,4,5.815816198700334,54.60056492476496,48.78474872606463,80.2309515867141,positive_cross,toward_S1,3.9953127769540875
0,mustang,2024-03-29 18:46:21+00:00,40.28812,-88.126174,71.96086918089934,260.0,-8.016972361335476,rs1,8.768751867903083,33.62072812684129,24.85197625893821,4,8.768751867903083,46.56629720969011,37.79754534178703,80.2309515867141,positive_cross,toward_S1,3.846850325818245
0,mustang,2024-03-29 18:46:22+00:00,40.288197,-88.126167,63.389542694265316,261.0,-8.571326486634021,rs1,16.3422663695209,37.3519300093439,21.009663639823003,4,16.3422663695209,37.99130404022575,21.64903767070485,80.2309515867141,positive_cross,toward_S1,3.6881220575472446
0,mustang,2024-03-29 18:46:23+00:00,40.288281,-88.12616,54.03997837208692,262.0,-9.349564322178395,rs1,25.35878576651257,28.651194021437217,3.292408254924645,4,25.35878576651257,28.651194021437217,3.292408254924645,80.2309515867141,positive_cross,toward_S1,3.514981977506904
0,mustang,2024-03-29 18:46:24+00:00,40.288368,-88.126157,44.36300372068651,263.0,-9.676974651400414,rs3,19.06869164328778,34.92527973120723,15.856588087919452,3,19.06869164328778,34.92527973120723,15.856588087919452,26.33125891160298,positive_cross,toward_S1,3.3339212001682137
0,mustang,2024-03-29 18:46:25+00:00,40.288458,-88.126156,34.35555865427685,264.0,-10.007445066409659,rs3,9.438042139447374,35.39130593631046,25.953263796863084,3,9.438042139447374,44.88667844369166,35.44863630424428,26.33125891160298,positive_cross,toward_S1,3.1485981433828494
0,mustang,2024-03-29 18:46:26+00:00,40.288549,-88.126153,24.233876668041518,265.0,-10.12168198623533,rs3,3.751458373866375,34.81161744236056,31.060159068494183,3,3.751458373866375,52.51804956726421,48.76659119339783,26.33125891160298,positive_cross,toward_S1,2.9611595880821953
0,mustang,2024-03-29 18:46:27+00:00,40.288643,-88.126149,13.777134138971338,266.0,-10.45674252907018,rs3,12.30395501532986,37.28863887478417,24.984683859454307,3,12.30395501532986,42.06127435625852,29.75731934092866,26.33125891160298,positive_cross,toward_S1,2.767516207914229
0,mustang,2024-03-29 18:46:28+00:00,40.288737,-88.126144,3.3188615670292982,267.0,-10.45827257194204,rs3,22.51870598175595,31.6010245718691,9.08231859011315,3,22.51870598175595,31.6010245718691,9.08231859011315,26.33125891160298,positive_cross,toward_S1,2.573844493619006
0,mustang,2024-03-29 18:46:29+00:00,40.28883,-88.126145,-7.019053914346103,268.0,-10.3379154813754,rs6,21.304706196003412,32.81874287816993,11.514036682166516,2,21.304706196003412,32.81874287816993,11.514036682166516,-27.632700444717127,positive_cross,toward_S1,2.381734195006871
0,mustang,2024-03-29 18:46:30+00:00,40.288923,-88.126148,-17.353909309956048,269.0,-10.334855395609946,rs6,11.13624289991114,33.53629093856637,22.40004803865523,2,11.13624289991114,43.15162553912438,32.01538263921324,-27.632700444717127,positive_cross,toward_S1,2.190347983977057
0,mustang,2024-03-29 18:46:31+00:00,40.289013,-88.126151,-27.355234204856522,270.0,-10.001324894900474,rs6,2.95085588045477,31.672776130736164,28.721920250281393,2,2.95085588045477,52.194704080184614,49.24384819972985,-27.632700444717127,positive_cross,toward_S1,2.0051382637011224
0,mustang,2024-03-29 18:46:32+00:00,40.289098,-88.126152,-36.80373501812028,271.0,-9.448500813263756,rs6,9.11126363385403,32.898965400566766,23.787701766712736,2,9.11126363385403,42.75661769765872,33.64535406380469,-27.632700444717127,positive_cross,toward_S1,1.83016602641846
0,mustang,2024-03-29 18:46:33+00:00,40.289183,-88.126149,-46.25835600212499,272.0,-9.454620984004713,rs6,18.280563380604377,33.304225027613654,15.023661647009277,2,18.280563380604377,33.304225027613654,15.023661647009277,-27.632700444717127,positive_cross,toward_S1,1.6550804526405951
0,mustang,2024-03-29 18:46:34+00:00,40.289266,-88.126144,-55.49368340445596,273.0,-9.235327402330967,rs8,24.06496525587125,27.408862435704673,3.343897179833423,1,24.06496525587125,27.408862435704673,3.343897179833423,-78.92951005359993,positive_cross,toward_S1,1.4339967897989623
0,mustang,2024-03-29 18:46:35+00:00,40.289347,-88.126141,-64.50359705439398,274.0,-9.00991364993802,rs8,15.065812144941173,32.070847109294455,17.005034964353282,1,15.065812144941173,36.3807335234362,21.314921378495026,-78.92951005359993,positive_cross,toward_S1,1.2671465370223323
0,mustang,2024-03-29 18:46:36+00:00,40.289425,-88.126141,-73.1753900749852,275.0,-8.671793020591224,rs8,6.487842443139867,29.234436048240276,22.746593605100408,1,6.487842443139867,45.0459487844578,38.55810634131793,-78.92951005359993,positive_cross,toward_S1,1.106557777381754
0,mustang,2024-03-29 18:46:37+00:00,40.289496,-88.126145,-81.0628250885229,276.0,-7.887435013537697,rs8,2.406453991077361,28.423543298813414,26.017089307736054,1,2.406453991077361,52.950303366361666,50.5438493752843,-78.92951005359993,positive_cross,toward_S1,0.960494166019945
0,mustang,2024-03-29 18:46:38+00:00,40.289562,-88.126157,-88.38213559087184,277.0,-7.319310502348941,rs8,9.359629793375786,28.94165557078393,19.58202577740814,1,9.359629793375786,60.33286298780737,50.97323319443158,-78.92951005359993,positive_cross,toward_S1,0.824951378939409
0,mustang,2024-03-29 18:46:39+00:00,40.289618,-88.126202,-94.53918634283339,278.0,-6.157050751961549,rs8,16.544996928767098,28.309199446567103,11.764202517800005,1,16.544996928767098,66.85345946343392,50.30846253466682,-78.92951005359993,positive_cross,toward_S1,0.7109319205697506
0,mustang,2024-03-29 18:46:40+00:00,40.289647,-88.126271,-97.65774155920255,279.0,-3.1185552163691597,rs8,22.22651784824874,25.937366185991284,3.7108483377425436,1,22.22651784824874,70.89920944688765,48.67269159863891,-78.92951005359993,positive_cross,toward_S1,0.6531808980443958
0,mustang,2024-03-29 18:46:41+00:00,40.289639,-88.126345,-96.65510371752256,280.0,1.0026378416799844,rs10,21.390181698683612,25.662350375378978,4.272168676695365,1,21.390181698683612,71.02019148104044,49.63000978235683,-78.92951005359993,negative_cross,toward_S4,0.6717482654829141
0,mustang,2024-03-29 18:46:42+00:00,40.289601,-88.126401,-92.34470163949923,281.0,4.31040207802333,rs10,15.38785134715757,27.012641647106587,11.624790299949018,1,15.38785134715757,65.9798420834133,50.59199073625573,-78.92951005359993,negative_cross,toward_S4,0.7515705261870499
0,mustang,2024-03-29 18:46:43+00:00,40.289539,-88.126427,-85.41195684189071,282.0,6.932744797608521,rs10,8.271019396251749,26.515634715638296,18.244615319386547,1,8.271019396251749,58.83129268388588,50.56027328763413,-78.92951005359993,negative_cross,toward_S4,0.8799546891057262
0,mustang,2024-03-29 18:46:44+00:00,40.28947,-88.126433,-77.73157506703018,283.0,7.680381774860535,rs10,3.961270262336649,26.28291184437126,22.32164158203461,1,3.961270262336649,51.164383106596674,47.203112844260026,-78.92951005359993,negative_cross,toward_S4,1.022183981232773
0,mustang,2024-03-29 18:46:45+00:00,40.289398,-88.126439,-69.71766279064845,284.0,8.013912276381731,rs10,9.326155897318653,28.336034293864117,19.009878396545464,1,9.326155897318653,43.17715424874065,33.85099835142199,-78.92951005359993,negative_cross,toward_S4,1.170589764128731
0,mustang,2024-03-29 18:46:46+00:00,40.289321,-88.126443,-61.15092643267349,285.0,8.56673635797496,rs10,17.5195019079544,32.46864349146437,14.94914158350997,1,17.5195019079544,34.69447821657423,17.174976308619833,-78.92951005359993,negative_cross,toward_S4,1.3292330300171562
0,mustang,2024-03-29 18:46:47+00:00,40.289238,-88.126448,-51.91559902955257,286.0,9.23532740312092,rs7,25.602033411252812,26.613273726791203,1.0112403155383909,2,25.602033411252812,26.613273726791203,1.0112403155383909,-27.632700444717127,negative_cross,toward_S4,1.5503166928734178
0,mustang,2024-03-29 18:46:48+00:00,40.289157,-88.126453,-42.90262529463905,287.0,9.012973734913516,rs7,16.88181380139795,32.25828593593998,15.37647213454203,2,16.88181380139795,35.56080966075538,18.678995859357432,-27.632700444717127,negative_cross,toward_S4,1.7172236138903347
0,mustang,2024-03-29 18:46:49+00:00,40.289074,-88.126455,-33.67188802013369,288.0,9.230737274505358,rs7,8.78619576915261,29.240096293911257,20.453900524758648,2,8.78619576915261,44.770441086513436,35.98424531736083,-27.632700444717127,negative_cross,toward_S4,1.8881631930478413
0,mustang,2024-03-29 18:46:50+00:00,40.288989,-88.12645,-24.229507379147332,289.0,9.44238064098636,rs7,6.949466084979908,28.41711838481112,21.46765229983121,2,6.949466084979908,52.0030770510786,45.05361096609869,-27.632700444717127,negative_cross,toward_S4,2.063022093806848
0,mustang,2024-03-29 18:46:51+00:00,40.288907,-88.126447,-15.117597153148461,290.0,9.111910225998871,rs7,13.7154441585363,30.661604341459107,16.946160182922807,2,13.7154441585363,43.1271277369602,29.411683578423897,-27.632700444717127,negative_cross,toward_S4,2.2317611720660864
0,mustang,2024-03-29 18:46:52+00:00,40.288829,-88.126458,-6.428973660923305,291.0,8.688623492225156,rs7,21.471391585261642,34.482712433999026,13.011320848737384,2,21.471391585261642,34.482712433999026,13.011320848737384,-27.632700444717127,negative_cross,toward_S4,2.392661607107293
0,mustang,2024-03-29 18:46:53+00:00,40.288754,-88.12648,1.942949802204566,292.0,8.371923463127871,rs5,25.94351395071654,29.30546567360506,3.36195172288852,3,25.94351395071654,29.30546567360506,3.36195172288852,26.33125891160298,negative_cross,toward_S4,2.5483646461222516
0,mustang,2024-03-29 18:46:54+00:00,40.288682,-88.126501,9.979812720939416,293.0,8.03686291873485,rs5,17.757067650114355,36.76749723675539,19.010429586641035,3,17.757067650114355,37.12440964328036,19.367341993166004,26.33125891160298,negative_cross,toward_S4,2.697195440913638
0,mustang,2024-03-29 18:46:55+00:00,40.288611,-88.126507,17.88254816321742,294.0,7.902735442278006,rs5,10.224861447953357,34.519208454501346,24.294347006547987,3,10.224861447953357,44.992758106814904,34.767896658861545,26.33125891160298,negative_cross,toward_S4,2.8435423935484154
0,mustang,2024-03-29 18:46:56+00:00,40.28854,-88.126506,25.77457330616064,295.0,7.892025142943218,rs5,4.936500065344311,33.41421374179917,28.47771367645486,3,4.936500065344311,52.888675335134785,47.95217526979047,26.33125891160298,negative_cross,toward_S4,2.9896910073066234
0,mustang,2024-03-29 18:46:57+00:00,40.28847,-88.126505,33.555421614978414,296.0,7.780848308817774,rs5,8.212796721213802,34.125357617422594,25.91256089620879,3,8.212796721213802,48.03450740392683,39.82171068271303,26.33125891160298,negative_cross,toward_S4,3.133780790803249
0,mustang,2024-03-29 18:46:58+00:00,40.288397,-88.126508,41.67592059526835,297.0,8.120498980289938,rs5,15.435248890261638,36.96900947840319,21.533760588141547,3,15.435248890261638,39.928029393019514,24.492780502757874,26.33125891160298,negative_cross,toward_S4,3.2841604015493586
0,mustang,2024-03-29 18:46:59+00:00,40.288323,-88.126513,49.910656496195664,298.0,8.234735900927312,rs5,23.338103743561895,31.699798573132306,8.36169482957041,3,23.338103743561895,31.699798573132306,8.36169482957041,26.33125891160298,negative_cross,toward_S4,3.4366555108257906
0,mustang,2024-03-29 18:47:00+00:00,40.288251,-88.126516,57.9199786431501,299.0,8.009322146954439,rs2,23.72509200554743,31.215726648030156,7.490634642482725,4,23.72509200554743,31.215726648030156,7.490634642482725,80.2309515867141,negative_cross,toward_S4,3.5868338343784445
0,mustang,2024-03-29 18:47:01+00:00,40.288178,-88.126517,66.03741753848627,300.0,8.117438895336164,rs2,15.71450515856461,36.782813749251076,21.068308590686467,4,15.71450515856461,39.27511663209754,23.560611473532934,80.2309515867141,negative_cross,toward_S4,3.7371567768846696
0,mustang,2024-03-29 18:47:02+00:00,40.288106,-88.126515,74.03908947184965,301.0,8.001671933363383,rs2,8.137108068477229,34.462539761410326,26.325431692933098,4,8.137108068477229,47.2653579361774,39.12824986770018,80.2309515867141,negative_cross,toward_S4,3.8853358867617693
0,mustang,2024-03-29 18:47:03+00:00,40.288035,-88.126514,81.93111461400291,302.0,7.892025142153258,rs2,3.613265001963904,33.99860646015073,30.38534145818683,4,3.613265001963904,55.14404771695584,51.530782714991936,80.2309515867141,negative_cross,toward_S4,4.031484500505348
0,mustang,2024-03-29 18:47:04+00:00,40.287975,-88.126505,88.58795424352675,303.0,6.656839629523844,rs2,8.420497781316726,34.35044664790278,25.929948866586052,4,8.420497781316726,61.856563405435914,53.43606562411919,80.2309515867141,negative_cross,toward_S4,4.154759308459494
0,mustang,2024-03-29 18:47:05+00:00,40.287915,-88.126463,95.19430245896054,304.0,6.606348215433783,rs2,15.980803396640288,33.4766558539172,17.49585245727691,4,15.980803396640288,68.85691990078654,52.876116504146246,80.2309515867141,negative_cross,toward_S4,4.277099090226786
0,mustang,2024-03-29 18:47:06+00:00,40.28788,-88.126401,98.9906289761269,305.0,3.7963265171663636,rs2,22.12411551876295,31.209203459924023,9.085087941161074,4,22.12411551876295,73.51857100214568,51.39445548338273,80.2309515867141,negative_cross,toward_S4,4.347401433137274
0,mustang,2024-03-29 18:47:07+00:00,40.287871,-88.126327,99.87799730552038,306.0,0.8873683293934818,rs2,27.032287343632873,27.34978833683217,0.31750099319929603,4,27.032287343632873,75.90829173502179,48.87600439138892,80.2309515867141,negative_cross,toward_S4,4.363834179977895
0,mustang,2024-03-29 18:47:08+00:00,40.28789,-88.126258,97.6600645094003,307.0,-2.217932796120081,rs1,22.102623667549548,30.293020087373428,8.19039641982388,4,22.102623667549548,72.90927873991873,50.80665507236918,80.2309515867141,positive_cross,toward_S1,4.322761350420115
0,mustang,2024-03-29 18:47:09+00:00,40.287922,-88.126204,94.01978351858313,308.0,-3.6402809908171747,rs1,16.709110828636625,32.62505655904678,15.915945730410158,4,16.709110828636625,68.7356768835432,52.02656605490658,80.2309515867141,positive_cross,toward_S1,4.255348739479056
0,mustang,2024-03-29 18:47:10+00:00,40.287972,-88.12617,88.4089203809028,309.0,-5.610863137680326,rs1,10.444278960982357,33.6175183162322,23.17323935524984,4,10.444278960982357,62.923045185479864,52.478766224497505,80.2309515867141,positive_cross,toward_S1,4.15144386655905
0,mustang,2024-03-29 18:47:11+00:00,40.28803,-88.126165,81.95301381852516,310.0,-6.455906562377635,rs1,5.171826468593714,33.20068737168174,28.028860903088024,4,5.171826468593714,56.4585337540466,51.286707285452884,80.2309515867141,positive_cross,toward_S1,4.031890041329834
0,mustang,2024-03-29 18:47:12+00:00,40.288093,-88.126167,74.95193338733368,311.0,-7.0010804311914825,rs1,6.105754630669959,33.53687303620295,27.431118405532988,4,6.105754630669959,49.49214325385961,43.38638862318965,80.2309515867141,positive_cross,toward_S1,3.9022404037151777
0,mustang,2024-03-29 18:47:13+00:00,40.288163,-88.126167,67.16955503641228,312.0,-7.782378350921405,rs1,12.747647239534073,35.739450606608884,22.99180336707481,4,12.747647239534073,41.747138902702176,28.9994916631681,80.2309515867141,positive_cross,toward_S1,3.7581222861055217
0,mustang,2024-03-29 18:47:14+00:00,40.288236,-88.126168,59.05517622686331,313.0,-8.114378809548967,rs1,20.567031813247336,33.70207951929909,13.135047706051754,4,20.567031813247336,33.70207951929909,13.135047706051754,80.2309515867141,positive_cross,toward_S1,3.607856011854615
0,mustang,2024-03-29 18:47:15+00:00,40.288313,-88.126168,50.49456003958582,314.0,-8.560616187277489,rs3,25.251248384693852,28.980272211477853,3.729023826784001,3,25.251248384693852,28.980272211477853,3.729023826784001,26.33125891160298,positive_cross,toward_S1,3.4474685394070894
0,mustang,2024-03-29 18:47:16+00:00,40.288393,-88.126166,41.59735326660162,315.0,-8.897206772984198,rs3,16.5473861897509,36.90314064842222,20.355754458671324,3,16.5473861897509,37.77318900333726,21.22580281358636,26.33125891160298,positive_cross,toward_S1,3.282705451018493
0,mustang,2024-03-29 18:47:17+00:00,40.288477,-88.126165,32.256969201676114,316.0,-9.340384064925509,rs3,7.9455906525913615,34.22509290048094,26.279502247889575,3,7.9455906525913615,47.05745537430298,39.11186472171162,26.33125891160298,positive_cross,toward_S1,3.109735375742095
0,mustang,2024-03-29 18:47:18+00:00,40.288562,-88.126154,22.79010787467481,317.0,-9.466861327001304,rs3,4.576054129195592,34.8476021626897,30.271548033494106,3,4.576054129195592,51.07959988786142,46.50354575866583,26.33125891160298,positive_cross,toward_S1,2.9344231289457747
0,mustang,2024-03-29 18:47:19+00:00,40.288647,-88.126145,13.326306633417211,318.0,-9.463801241257599,rs3,12.655870527974555,37.75991041887795,25.104039890903394,3,12.655870527974555,41.596926240371715,28.94105571239716,26.33125891160298,positive_cross,toward_S1,2.7591675504039674
0,mustang,2024-03-29 18:47:20+00:00,40.288733,-88.12614,3.757448729586821,319.0,-9.56885790383039,rs3,22.038169728089365,32.02289489358945,9.984725165500087,3,22.038169728089365,32.02289489358945,9.984725165500087,26.33125891160298,positive_cross,toward_S1,2.581966478110812
0,mustang,2024-03-29 18:47:21+00:00,40.288822,-88.126139,-6.138819503509085,320.0,-9.896268233095906,rs6,22.141872947715964,31.891894434216006,9.750021486500042,2,22.141872947715964,31.891894434216006,9.750021486500042,-27.632700444717127,positive_cross,toward_S1,2.3980348322445932
0,mustang,2024-03-29 18:47:22+00:00,40.28891,-88.126143,-15.91626068809851,321.0,-9.777441184589424,rs6,12.46705320765538,34.40536987674067,21.93831666908529,2,12.46705320765538,41.680648761038476,29.213595553383094,-27.632700444717127,positive_cross,toward_S1,2.2169711066040483
0,mustang,2024-03-29 18:47:24+00:00,40.288997,-88.126147,-25.582525039374186,323.0,-4.8331321756378385,rs6,3.6049859451996062,32.07576417348775,28.470778228288143,2,3.6049859451996062,51.36027986465793,47.755293919458325,-27.632700444717127,positive_cross,toward_S1,2.0379662112100543
0,mustang,2024-03-29 18:47:25+00:00,40.289081,-88.126145,-34.92443914719329,324.0,-9.341914107819104,rs6,7.129938968277454,33.000050691369395,25.87011172309194,2,7.129938968277454,44.61647595292201,37.48653698464456,-27.632700444717127,positive_cross,toward_S1,1.864967801805997
0,mustang,2024-03-29 18:47:26+00:00,40.289165,-88.12614,-44.27094338281627,325.0,-9.34650423562298,rs6,16.195223682333847,35.263966535168606,19.06874285283476,2,16.195223682333847,35.263966535168606,19.06874285283476,-27.632700444717127,positive_cross,toward_S1,1.691884390035201
0,mustang,2024-03-29 18:47:27+00:00,40.289248,-88.126134,-53.50780082883078,326.0,-9.236857446014511,rs6,25.353325527349167,26.019684109594863,0.6663585822456959,2,25.353325527349167,26.019684109594863,0.6663585822456959,-27.632700444717127,positive_cross,toward_S1,1.5208314743682656
0,mustang,2024-03-29 18:47:28+00:00,40.289329,-88.126132,-62.51618443589694,327.0,-9.008383607066158,rs8,17.010320985789722,33.68117293984097,16.670851954051248,1,17.010320985789722,34.34618532704505,17.335864341255327,-78.92951005359993,positive_cross,toward_S1,1.3039504744019073
0,mustang,2024-03-29 18:47:29+00:00,40.289408,-88.126137,-71.2915040754209,328.0,-8.775319639523964,rs8,8.2868596942321,29.988342685094427,21.701482990862328,1,8.2868596942321,43.14273902904784,34.85587933481574,-78.92951005359993,positive_cross,toward_S1,1.1414445551514634
0,mustang,2024-03-29 18:47:30+00:00,40.28948,-88.126147,-79.28093566499771,329.0,-7.98943158957681,rs8,1.9953725535375015,28.17089017017047,26.17551761663297,1,1.9953725535375015,51.1804466554247,49.1850741018872,-78.92951005359993,positive_cross,toward_S1,0.9934921183074484
0,mustang,2024-03-29 18:47:31+00:00,40.289547,-88.126155,-86.71754317298127,330.0,-7.4366075079835525,rs8,7.725800044619218,28.597592922831126,20.871792878211906,1,7.725800044619218,58.65767967994148,50.93187963532226,-78.92951005359993,positive_cross,toward_S1,0.8557771644559011
0,mustang,2024-03-29 18:47:32+00:00,40.289607,-88.126181,-93.3483720736183,331.0,-6.630828900637027,rs8,14.752518463069835,29.175414056026877,14.422895592957042,1,14.752518463069835,65.46672627307615,50.714207810006315,-78.92951005359993,positive_cross,toward_S1,0.7329840366663265
0,mustang,2024-03-29 18:47:33+00:00,40.289648,-88.126239,-97.8178797645462,332.0,-4.469507690927912,rs8,20.91851769743611,27.931711788970507,7.013194091534398,1,20.91851769743611,70.5614335197543,49.642915822318194,-78.92951005359993,positive_cross,toward_S1,0.6502153757232171
0,mustang,2024-03-29 18:47:34+00:00,40.289659,-88.126309,-98.93372193284458,333.0,-1.1158421682983715,rs10,24.937447427554357,25.216659715965893,0.2792122884115358,1,24.937447427554357,72.8617701454431,47.92432271788874,-78.92951005359993,negative_cross,toward_S1,0.6295516318658398
0,mustang,2024-03-29 18:47:35+00:00,40.289635,-88.126376,-96.16296505355136,334.0,2.7707568792932165,rs10,19.71625533006575,27.36642185460154,7.650166524535791,1,19.71625533006575,70.06593801831447,50.34968268824872,-78.92951005359993,negative_cross,toward_S4,0.6808619444453439
0,mustang,2024-03-29 18:47:36+00:00,40.289579,-88.126421,-89.86821044356465,335.0,6.294754609986711,rs10,12.458209791440343,27.450605097351684,14.99239530591134,1,12.458209791440343,63.30787276265221,50.84966297121187,-78.92951005359993,negative_cross,toward_S4,0.7974314742599126
0,mustang,2024-03-29 18:47:37+00:00,40.289512,-88.126425,-82.41324242107532,336.0,7.454968022489325,rs10,6.077343383604984,25.79105383004892,19.713710446443937,1,6.077343383604984,55.884811635802144,49.80746825219716,-78.92951005359993,negative_cross,toward_S4,0.9354864376393445
0,mustang,2024-03-29 18:47:38+00:00,40.289444,-88.126428,-74.84862760814413,337.0,7.564614812931197,rs10,5.609808892160078,26.165904526771172,20.556095634611093,1,5.609808892160078,48.37765085975562,42.767841967595544,-78.92951005359993,negative_cross,toward_S4,1.0755718971380703
0,mustang,2024-03-29 18:47:39+00:00,40.289368,-88.126434,-66.39000799771743,338.0,8.458619610426695,rs10,12.615169172177502,29.21891709007458,16.603747917897078,1,12.615169172177502,39.97062812556967,27.355458953392166,-78.92951005359993,negative_cross,toward_S4,1.232213001034861
0,mustang,2024-03-29 18:47:40+00:00,40.289288,-88.126438,-57.48974113822131,339.0,8.90026685949612,rs10,21.208881192143043,31.202652154234862,9.99377096209182,1,21.208881192143043,31.202652154234862,9.99377096209182,-78.92951005359993,negative_cross,toward_S4,1.3970327576921966
0,mustang,2024-03-29 18:47:41+00:00,40.289208,-88.126443,-48.587944236621546,340.0,8.901796901599766,rs7,22.515888163002597,29.975795042440684,7.459906879438087,2,22.515888163002597,29.975795042440684,7.459906879438087,-27.632700444717127,negative_cross,toward_S4,1.6119399297795478
0,mustang,2024-03-29 18:47:42+00:00,40.289129,-88.126446,-39.80038425407924,341.0,8.787559982542305,rs7,14.28509815078944,30.36796910128713,16.082870950497693,2,14.28509815078944,38.70805230065143,24.422954149861994,-27.632700444717127,negative_cross,toward_S4,1.7746725220488497
0,mustang,2024-03-29 18:47:43+00:00,40.28905,-88.126448,-31.014354314430552,342.0,8.786029939648689,rs7,7.536724327136263,28.22466145130076,20.6879371241645,2,7.536724327136263,47.46646764243139,39.92974331529513,-27.632700444717127,negative_cross,toward_S4,1.9373767801904922
0,mustang,2024-03-29 18:47:44+00:00,40.288969,-88.126445,-22.013620921723682,343.0,9.00073339270687,rs7,8.472690824449417,28.359700772132616,19.887009947683197,2,8.472690824449417,49.90102880072799,41.42833797627858,-27.632700444717127,negative_cross,toward_S4,2.104057028203582
0,mustang,2024-03-29 18:47:45+00:00,40.288888,-88.126448,-13.003707271785668,344.0,9.009913649938014,rs7,15.568771589986536,31.664808024364305,16.09603643437777,2,15.568771589986536,41.051751453078204,25.482979863091668,-27.632700444717127,negative_cross,toward_S4,2.270907280980212
0,mustang,2024-03-29 18:47:46+00:00,40.288809,-88.126464,-4.196256731865733,345.0,8.807450539919934,rs7,23.509408496265408,32.20218580382945,8.692777307564043,2,23.509408496265408,32.20218580382945,8.692777307564043,-27.632700444717127,negative_cross,toward_S4,2.4340082169046555
0,mustang,2024-03-29 18:47:47+00:00,40.288732,-88.126485,4.396490355017777,346.0,8.59274708688351,rs5,23.474173766287954,31.68634478387638,8.212171017588425,3,23.474173766287954,31.68634478387638,8.212171017588425,26.33125891160298,negative_cross,toward_S4,2.5938005822854593
0,mustang,2024-03-29 18:47:48+00:00,40.288657,-88.126502,12.760763603764618,347.0,8.36427324874684,rs5,15.092193698210513,35.70539836975221,20.613204671541695,3,15.092193698210513,39.8972845529073,24.805090854696786,26.33125891160298,negative_cross,toward_S4,2.7486945313363265
0,mustang,2024-03-29 18:47:49+00:00,40.28858,-88.126509,21.33209009037689,348.0,8.571326486612273,rs5,7.230387234052396,34.01962659895497,26.789239364902578,3,7.230387234052396,48.43422531866575,41.20383808461336,26.33125891160298,negative_cross,toward_S4,2.907422799606924
0,mustang,2024-03-29 18:47:50+00:00,40.288505,-88.126509,29.67035261023692,349.0,8.33826251986003,rs5,5.288564959158298,33.84190057904011,28.55333561988181,3,5.288564959158298,51.88548833364135,46.59692337448305,26.33125891160298,negative_cross,toward_S4,3.061835068493221
0,mustang,2024-03-29 18:47:51+00:00,40.28843,-88.126513,38.01473530160613,350.0,8.344382691369209,rs5,11.826695359911758,35.99105867410638,24.164363314194617,3,11.826695359911758,43.543215163576285,31.716519803664525,26.33125891160298,negative_cross,toward_S4,3.216360673888947
0,mustang,2024-03-29 18:47:52+00:00,40.288355,-88.126514,46.35452786354806,351.0,8.339792561941927,rs5,19.829521712478144,35.228969265149125,15.399447552670981,3,19.829521712478144,35.228969265149125,15.399447552670981,26.33125891160298,negative_cross,toward_S4,3.370801276887872
0,mustang,2024-03-29 18:47:53+00:00,40.28828,-88.126515,54.694320426279944,352.0,8.339792562731887,rs2,26.93214578500981,28.031065832916696,1.098920047906887,4,26.93214578500981,28.031065832916696,1.098920047906887,80.2309515867141,negative_cross,toward_S4,3.5270994229549233
0,mustang,2024-03-29 18:47:54+00:00,40.288206,-88.126515,62.92140611203626,353.0,8.227085685756315,rs2,18.800906336081912,36.19565452387875,17.39474818779684,4,18.800906336081912,36.19565452387875,17.39474818779684,80.2309515867141,negative_cross,toward_S4,3.67945286158004
0,mustang,2024-03-29 18:47:55+00:00,40.28813,-88.126516,71.37237550808192,354.0,8.450969396045657,rs2,10.583266736071053,35.07761189313346,24.494345157062405,4,10.583266736071053,44.59864216609972,34.01537543002867,80.2309515867141,negative_cross,toward_S4,3.835952294840145
0,mustang,2024-03-29 18:47:56+00:00,40.288056,-88.126516,79.59946119462818,355.0,8.22708568654626,rs2,3.8447341494762846,34.09025678896368,30.245522639487394,4,3.8447341494762846,52.802144664093646,48.957410514617365,80.2309515867141,negative_cross,toward_S4,3.98830573347989
0,mustang,2024-03-29 18:47:57+00:00,40.287989,-88.126499,87.02229831593158,356.0,7.422837121303402,rs2,7.45128725442902,33.480213645755306,26.028926391326287,4,7.45128725442902,60.34768522161496,52.89639796718594,80.2309515867141,negative_cross,toward_S4,4.125765680170694
0,mustang,2024-03-29 18:47:58+00:00,40.287914,-88.12646,95.30088916363697,357.0,8.278590847705388,rs2,16.20415569265975,33.30435331062529,17.100197617965538,4,16.20415569265975,68.9989267682737,52.79477107561395,80.2309515867141,negative_cross,toward_S4,4.279072918091164
0,mustang,2024-03-29 18:47:59+00:00,40.287864,-88.126393,100.75721797086827,358.0,5.456328807231301,rs2,23.963921415630278,31.845976699806307,7.88205528417603,4,23.963921415630278,75.39425937968048,51.430337964050196,80.2309515867141,negative_cross,toward_S4,4.380116044151003
0,mustang,2024-03-29 18:48:00+00:00,40.287851,-88.126309,102.07399320556638,359.0,1.3167752346981132,rs1,28.13440588522605,29.681245000352096,1.546839115126044,4,28.13440588522605,77.99820691861846,49.86380103339241,80.2309515867141,positive_cross,toward_S4,4.404500770719487
0,mustang,2024-03-29 18:48:01+00:00,40.287872,-88.126239,99.63217669913526,360.0,-2.441816506431124,rs1,23.01292703493821,32.75023288964109,9.737305854702882,4,23.01292703493821,74.63373638274545,51.620809347807246,80.2309515867141,positive_cross,toward_S1,4.359281946526318
0,mustang,2024-03-29 18:48:02+00:00,40.287911,-88.126192,95.2243681736884,361.0,-4.407808525446853,rs1,17.39547829053458,34.056522885596706,16.661044595062126,4,17.39547829053458,69.84539144650766,52.44991315597308,80.2309515867141,positive_cross,toward_S1,4.277655862721747
0,mustang,2024-03-29 18:48:03+00:00,40.287961,-88.126165,89.62421533613285,362.0,-5.600152837555555,rs1,11.38084416435012,34.32328933768293,22.942445173332807,4,11.38084416435012,64.11184676968657,52.73100260533644,80.2309515867141,positive_cross,toward_S1,4.17394932869294
0,mustang,2024-03-29 18:48:04+00:00,40.28801,-88.12616,84.16890027594884,363.0,-5.455315060184006,rs1,6.398214281557868,33.77079700107804,27.372582719520167,4,6.398214281557868,58.645450369752815,52.247236088194946,80.2309515867141,positive_cross,toward_S1,4.072924975726569
0,mustang,2024-03-29 18:48:05+00:00,40.288064,-88.126156,78.159231090488,364.0,-6.009669185460837,rs1,3.664657409196422,34.05167881608576,30.38702140688934,4,3.664657409196422,52.630193561311735,48.96553615211531,80.2309515867141,positive_cross,toward_S1,3.961634805625443
0,mustang,2024-03-29 18:48:06+00:00,40.288124,-88.126152,71.48250090279657,365.0,-6.676730187691433,rs1,8.245981044381669,35.538518624621744,27.292537580240076,4,8.245981044381669,45.94949835296877,37.703517308587095,80.2309515867141,positive_cross,toward_S1,3.8379916540015273
0,mustang,2024-03-29 18:48:07+00:00,40.288193,-88.126149,63.8067092565516,366.0,-7.675791646244974,rs1,15.554181726436266,38.27818383429245,22.724002107856183,4,15.554181726436266,38.27818383429245,22.724002107856183,80.2309515867141,positive_cross,toward_S1,3.69584736425625
0,mustang,2024-03-29 18:48:08+00:00,40.288264,-88.126146,55.908563942910924,367.0,-7.898145313640676,rs1,23.32501453748759,30.38917477718276,7.06416023969517,4,23.32501453748759,30.38917477718276,7.06416023969517,80.2309515867141,positive_cross,toward_S1,3.549585414003645
0,mustang,2024-03-29 18:48:09+00:00,40.288343,-88.126146,47.12559408900593,368.0,-8.782969853904994,rs3,21.657383380932828,32.06902481608739,10.411641435154564,3,21.657383380932828,32.06902481608739,10.411641435154564,26.33125891160298,positive_cross,toward_S1,3.3850802810630176
0,mustang,2024-03-29 18:48:10+00:00,40.288422,-88.126147,38.344154277972805,369.0,-8.781439811033124,rs3,13.019021958041302,37.2213698843472,24.202347926305897,3,13.019021958041302,40.83713969514782,27.81811773710652,26.33125891160298,positive_cross,toward_S1,3.222461025303145
0,mustang,2024-03-29 18:48:11+00:00,40.288504,-88.126146,29.226123879674795,370.0,-9.11803039829801,rs3,4.570767859099977,35.449956472997634,30.879188613897657,3,4.570767859099977,49.93570970136844,45.364941842268465,26.33125891160298,positive_cross,toward_S1,3.0536086105198486
0,mustang,2024-03-29 18:48:12+00:00,40.288588,-88.126143,19.882679729773795,371.0,-9.343444149901,rs3,6.346703757640509,36.18359349651627,29.836889738875765,3,6.346703757640509,48.142527149804025,41.79582339216351,26.33125891160298,positive_cross,toward_S1,2.8805818670031633
0,mustang,2024-03-29 18:48:13+00:00,40.288671,-88.126141,10.651942455290184,372.0,-9.23073727448361,rs3,15.213071107191556,38.91316194637802,23.700090839186462,3,15.213071107191556,38.91316194637802,23.700090839186462,26.33125891160298,positive_cross,toward_S1,2.7096422878460595
0,mustang,2024-03-29 18:48:14+00:00,40.288755,-88.126139,1.3100283474710808,373.0,-9.341914107819104,rs3,24.46446452548536,29.57525515632787,5.110790630842509,3,24.46446452548536,29.57525515632787,5.110790630842509,26.33125891160298,positive_cross,toward_S1,2.536643878442002
0,mustang,2024-03-29 18:48:15+00:00,40.288839,-88.12614,-8.027295631688965,374.0,-9.337323979160045,rs6,20.26576647326378,33.78401660829285,13.51825013502907,2,20.26576647326378,33.78401660829285,13.51825013502907,-27.632700444717127,positive_cross,toward_S1,2.363063052093114
0,mustang,2024-03-29 18:48:16+00:00,40.288922,-88.126142,-17.251912733895185,375.0,-9.22461710220622,rs6,11.138734812980031,34.05499396759874,22.916259154618707,2,11.138734812980031,43.007749426156174,31.86901461317614,-27.632700444717127,positive_cross,toward_S1,2.192236809459666
0,mustang,2024-03-29 18:48:17+00:00,40.289001,-88.126145,-26.0302924591846,376.0,-8.778379725289415,rs6,3.171787137876766,32.220083624775356,29.04829648689859,2,3.171787137876766,51.79506180123411,48.62327466335735,-27.632700444717127,positive_cross,toward_S1,2.029674221954306
0,mustang,2024-03-29 18:48:18+00:00,40.289078,-88.126146,-34.58937860356848,377.0,-8.559086144383876,rs6,6.84476662060887,32.844855993766565,26.000089373157696,2,6.84476662060887,44.95338752999853,38.10862090938966,-27.632700444717127,positive_cross,toward_S1,1.871172626687938
0,mustang,2024-03-29 18:48:19+00:00,40.289152,-88.126144,-42.81952437509027,378.0,-8.23014577152179,rs6,14.807767635272898,35.66862163372853,20.86085399845563,2,14.807767635272898,36.72325665070522,21.91548901543232,-27.632700444717127,positive_cross,toward_S1,1.7187625198079048
0,mustang,2024-03-29 18:48:20+00:00,40.289228,-88.126141,-51.273553856879616,379.0,-8.454029481789348,rs6,23.175779546106902,28.26781987720721,5.092040331100307,2,23.175779546106902,28.26781987720721,5.092040331100307,-27.632700444717127,positive_cross,toward_S1,1.5622064182932873
0,mustang,2024-03-29 18:48:21+00:00,40.289304,-88.12614,-59.72452325292525,380.0,-8.450969396045636,rs8,19.824932003710682,31.600989252050134,11.776057248339452,1,19.824932003710682,31.600989252050134,11.776057248339452,-78.92951005359993,positive_cross,toward_S1,1.3556479037161977
0,mustang,2024-03-29 18:48:22+00:00,40.28938,-88.12614,-68.17396260609902,381.0,-8.449439353173773,rs8,11.408013217261042,30.683439378047293,19.275426160786253,1,11.408013217261042,40.04211800968432,28.63410479242328,-78.92951005359993,positive_cross,toward_S1,1.19917680458335
0,mustang,2024-03-29 18:48:23+00:00,40.289454,-88.126143,-76.39645816323977,382.0,-8.222495557140746,rs8,3.502875720287609,28.61270643827272,25.109830717985112,1,3.502875720287609,48.27586472634953,44.77298900606192,-78.92951005359993,positive_cross,toward_S1,1.046908368340003
0,mustang,2024-03-29 18:48:24+00:00,40.289521,-88.126147,-83.83918584271078,383.0,-7.442727679471005,rs8,4.79078903295558,28.606836023431093,23.816046990475513,1,4.79078903295558,55.735750649785714,50.944961616830135,-78.92951005359993,positive_cross,toward_S1,0.9090800779794287
0,mustang,2024-03-29 18:48:25+00:00,40.289579,-88.126166,-90.25837137686678,384.0,-6.419185534156,rs8,11.39397274595817,28.916927412752433,17.522954666794263,1,11.39397274595817,62.2665860237757,50.872613277817536,-78.92951005359993,positive_cross,toward_S1,0.7902062717913546
0,mustang,2024-03-29 18:48:26+00:00,40.289621,-88.126219,-94.84670611467779,385.0,-4.58833473781101,rs8,17.4707112136517,27.319280275924985,9.848569062273285,1,17.4707112136517,67.35422148692989,49.88351027327819,-78.92951005359993,positive_cross,toward_S1,0.7052371099800396
0,mustang,2024-03-29 18:48:27+00:00,40.289631,-88.126289,-95.85137144968417,386.0,-1.0046653350063792,rs8,21.732786768182827,23.594286768651592,1.8615000004687658,1,21.732786768182827,69.45422346172698,47.721436693544156,-78.92951005359993,positive_cross,toward_S1,0.6866321963688105
0,mustang,2024-03-29 18:48:28+00:00,40.289608,-88.126355,-93.19332144734474,387.0,2.6580500023394222,rs10,18.05297382331882,24.1342664443247,6.081292621005883,1,18.05297382331882,67.47053330600494,49.417559482686116,-78.92951005359993,negative_cross,toward_S4,0.7358553445602811
0,mustang,2024-03-29 18:48:29+00:00,40.289556,-88.1264,-87.34327417061307,388.0,5.850047276731672,rs10,11.131137192118365,24.860197489487234,13.72906029736887,1,11.131137192118365,61.057722630326666,49.9265854382083,-78.92951005359993,negative_cross,toward_S4,0.8441895533886454
0,mustang,2024-03-29 18:48:30+00:00,40.289494,-88.126415,-80.4273598446602,389.0,6.915914325952869,rs10,5.7833881609590145,24.760172209940873,18.97678404898186,1,5.7833881609590145,54.04555756665149,48.262169405692475,-78.92951005359993,negative_cross,toward_S4,0.9722620409062912
0,mustang,2024-03-29 18:48:31+00:00,40.289427,-88.126424,-72.96474160857979,390.0,7.4626182360804165,rs10,7.183267204625814,26.205262948821883,19.02199574419607,1,7.183267204625814,46.57586846630591,39.3926012616801,-78.92951005359993,negative_cross,toward_S4,1.1104586749077803
0,mustang,2024-03-29 18:48:32+00:00,40.289357,-88.126431,-65.17165295674367,391.0,7.793088651836115,rs10,13.858901087501506,29.54443827297254,15.685537185471032,1,13.858901087501506,38.82163024829957,24.962729160798062,-78.92951005359993,negative_cross,toward_S4,1.254775131423264
0,mustang,2024-03-29 18:48:33+00:00,40.289283,-88.126436,-56.93691705581636,392.0,8.234735900927312,rs10,21.785445474599065,30.703287764160716,8.917842289561651,1,21.785445474599065,30.703287764160716,8.917842289561651,-78.92951005359993,negative_cross,toward_S4,1.4072702406996958
0,mustang,2024-03-29 18:48:34+00:00,40.289206,-88.12644,-48.37018069781966,393.0,8.566736357996696,rs7,22.38425780949374,30.223903613821076,7.839645804327336,2,22.38425780949374,30.223903613821076,7.839645804327336,-27.632700444717127,negative_cross,toward_S4,1.6159725879055085
0,mustang,2024-03-29 18:48:35+00:00,40.289129,-88.126443,-39.80497438271656,394.0,8.565206315103104,rs7,14.405226603205056,30.134612852849326,15.72938624964427,2,14.405226603205056,38.7272945279883,24.32206792478324,-27.632700444717127,negative_cross,toward_S4,1.7745875196666772
0,mustang,2024-03-29 18:48:36+00:00,40.289049,-88.126443,-30.910827694707876,395.0,8.894146688008682,rs7,7.8503661489426975,27.79043743872047,19.940071289777773,2,7.8503661489426975,47.602858578608526,39.75249242966583,-27.632700444717127,negative_cross,toward_S4,1.9392939398149862
0,mustang,2024-03-29 18:48:37+00:00,40.288969,-88.126443,-22.01668100748914,396.0,8.894146687218736,rs7,8.608052896531579,28.193519913132107,19.58546701660053,2,8.608052896531579,49.93520482260769,41.32715192607611,-27.632700444717127,negative_cross,toward_S4,2.1040003599486665
0,mustang,2024-03-29 18:48:38+00:00,40.288891,-88.126446,-13.34029785826059,397.0,8.67638314922855,rs7,15.338660255052472,31.360152438436575,16.021492183384105,2,15.338660255052472,41.416196730725815,26.07753647567334,-27.632700444717127,negative_cross,toward_S4,2.2646741219714173
0,mustang,2024-03-29 18:48:39+00:00,40.288814,-88.126453,-4.7689713716483135,398.0,8.571326486612275,rs7,23.192667373415706,32.99015008091514,9.797482707499437,2,23.192667373415706,32.99015008091514,9.797482707499437,-27.632700444717127,negative_cross,toward_S4,2.423402390242015
0,mustang,2024-03-29 18:48:40+00:00,40.288739,-88.126467,3.5907117484829536,399.0,8.359683120131267,rs5,24.680936606797214,31.113983808152966,6.433047201355752,3,24.680936606797214,31.113983808152966,6.433047201355752,26.33125891160298,negative_cross,toward_S4,2.578878756238518
0,mustang,2024-03-29 18:48:41+00:00,40.288664,-88.126481,11.950394868592477,400.0,8.359683120109523,rs5,16.490787968405954,34.37680056563362,17.88601259722767,3,16.490787968405954,39.24613331693466,22.755345348528706,26.33125891160298,negative_cross,toward_S4,2.733687702907213
0,mustang,2024-03-29 18:48:42+00:00,40.288591,-88.126494,20.086194278412687,401.0,8.13579940982021,rs5,8.984439840955913,32.96570147087625,23.981261629920333,3,8.984439840955913,47.26330257047428,38.278862729518366,26.33125891160298,negative_cross,toward_S4,2.8843506549409206
0,mustang,2024-03-29 18:48:43+00:00,40.288516,-88.126505,28.441287269116682,402.0,8.355092990703994,rs5,5.101078978444644,33.400575094652865,28.29949611620822,3,5.101078978444644,53.13204281423968,48.030963835795035,26.33125891160298,negative_cross,toward_S4,3.0390745992132167
0,mustang,2024-03-29 18:48:44+00:00,40.288443,-88.12651,36.56484633594028,403.0,8.1235590668236,rs5,10.592062478943872,35.30022174241639,24.708159263472517,3,10.592062478943872,45.005619362429606,34.41355688348573,26.33125891160298,negative_cross,toward_S4,3.1895108782284685
0,mustang,2024-03-29 18:48:45+00:00,40.288371,-88.126513,44.57416848370643,404.0,8.009322147766149,rs5,18.111893188561957,37.00814662988157,18.896253441319615,3,18.111893188561957,37.00814662988157,18.896253441319615,26.33125891160298,negative_cross,toward_S4,3.3378316587426564
0,mustang,2024-03-29 18:48:46+00:00,40.2883,-88.126515,52.470783754475256,405.0,7.896615270768827,rs5,25.83162954606352,29.139371149634837,3.3077416035713156,3,25.83162954606352,29.139371149634837,3.3077416035713156,26.33125891160298,negative_cross,toward_S4,3.484065274868005
0,mustang,2024-03-29 18:48:47+00:00,40.288228,-88.126516,60.47704581647595,406.0,8.006262062000694,rs2,21.196501435313568,33.75496733735949,12.55846590204592,4,21.196501435313568,33.75496733735949,12.55846590204592,80.2309515867141,negative_cross,toward_S4,3.634186930180775
0,mustang,2024-03-29 18:48:48+00:00,40.288085,-88.126512,76.3692128483525,407.0,15.892167031876554,rs2,6.258035016103123,33.90783173011862,27.6497967140155,4,6.258035016103123,49.61433748876978,43.356302472666655,80.2309515867141,negative_cross,toward_S4,3.9284863196599704
0,mustang,2024-03-29 18:48:50+00:00,40.287962,-88.126521,90.05773376657022,409.0,6.84426045910886,rs2,9.162025924641767,36.05365088912181,26.891624964480044,4,9.162025924641767,63.20797206641683,54.04594614177506,80.2309515867141,negative_cross,toward_S4,4.181977447775114
0,mustang,2024-03-29 18:48:51+00:00,40.287902,-88.126459,96.63348112368992,410.0,6.575747357119695,rs2,17.410571691314946,33.883072595418184,16.47250090410324,4,17.410571691314946,70.33374293726621,52.923171245951266,80.2309515867141,negative_cross,toward_S4,4.303750546981034
0,mustang,2024-03-29 18:48:52+00:00,40.287874,-88.126395,99.64850972033642,411.0,3.015028596646502,rs2,22.963381675918637,31.24145112209,8.278069446171365,4,22.963381675918637,74.27006427393314,51.306682598014504,80.2309515867141,negative_cross,toward_S4,4.3595844098818946
0,mustang,2024-03-29 18:48:53+00:00,40.287876,-88.126322,99.31446292378064,412.0,-0.33404679655578207,rs1,26.652053686017037,26.959792217754302,0.3077385317372645,4,26.652053686017037,75.48547979201726,48.83342610600022,80.2309515867141,positive_cross,ambiguous,4.353398358093825
0,mustang,2024-03-29 18:48:54+00:00,40.287897,-88.126258,96.8818266738342,413.0,-2.432636249946441,rs1,21.457707499852535,29.871571514453496,8.41386401460096,4,21.457707499852535,72.14210333383565,50.68439583398312,80.2309515867141,positive_cross,toward_S1,4.308349538650372
0,mustang,2024-03-29 18:48:55+00:00,40.28793,-88.12621,93.13954910695615,414.0,-3.7422775668780446,rs1,16.172126943592502,31.807119575956055,15.634992632363552,4,16.172126943592502,67.91198956169966,51.73986261810715,80.2309515867141,positive_cross,toward_S1,4.239048102226705
0,mustang,2024-03-29 18:48:56+00:00,40.287974,-88.126183,88.20645727165295,415.0,-4.933091835303202,rs1,10.800492311003381,32.49278094189321,21.692288630889827,4,10.800492311003381,62.79716380398243,51.99667149297905,80.2309515867141,positive_cross,toward_S1,4.1476945497210895
0,mustang,2024-03-29 18:48:57+00:00,40.288024,-88.126171,82.62925507724049,416.0,-5.577202194412465,rs1,5.971247882347951,32.721186922178774,26.74993903983082,4,5.971247882347951,57.16598635294926,51.19473847060131,80.2309515867141,positive_cross,toward_S1,4.0444130276023404
0,mustang,2024-03-29 18:48:58+00:00,40.28808,-88.126164,76.39264209574664,417.0,-6.236612981493849,rs1,5.015737074050037,33.56491220292278,28.54917512887274,4,5.015737074050037,50.90926800577178,45.89353093172174,80.2309515867141,positive_cross,toward_S1,3.9289201946117136
0,mustang,2024-03-29 18:48:59+00:00,40.288143,-88.12616,69.3823814080922,418.0,-7.010260687654437,rs1,10.458730369321339,35.50924568281409,25.050515313492753,4,10.458730369321339,43.89968131333984,33.4409509440185,80.2309515867141,positive_cross,toward_S1,3.799100552247743
0,mustang,2024-03-29 18:49:00+00:00,40.288214,-88.126158,61.485766136533414,419.0,-7.896615271558787,rs1,17.995022379780583,36.02506700885352,18.030044629072936,4,17.995022379780583,36.02506700885352,18.030044629072936,80.2309515867141,positive_cross,toward_S1,3.652866936107765
0,mustang,2024-03-29 18:49:01+00:00,40.288285,-88.126159,53.59374099438016,420.0,-7.892025142153251,rs1,25.78588385195458,28.198766637784026,2.4128827858294457,4,25.78588385195458,28.198766637784026,2.4128827858294457,80.2309515867141,positive_cross,toward_S1,3.5067183223641862
0,mustang,2024-03-29 18:49:02+00:00,40.288358,-88.126157,45.47477205619386,421.0,-8.118968938186299,rs3,20.159853635936983,33.81924246488247,13.659388828945488,3,20.159853635936983,33.81924246488247,13.659388828945488,26.33125891160298,positive_cross,toward_S1,3.354509502677609
0,mustang,2024-03-29 18:49:03+00:00,40.288432,-88.126151,37.23850611316291,422.0,-8.23626594303095,rs3,12.026832585662934,36.55518469850243,24.528352112839496,3,12.026832585662934,41.97076707692338,29.943934491260446,26.33125891160298,positive_cross,toward_S1,3.201986059288147
0,mustang,2024-03-29 18:49:04+00:00,40.288513,-88.126146,28.225532377481187,423.0,-9.012973735681726,rs3,3.8429317693193665,35.38425023750593,31.541318468186564,3,3.8429317693193665,50.935313291080476,47.09238152176111,26.33125891160298,positive_cross,toward_S1,3.0350791382570037
0,mustang,2024-03-29 18:49:05+00:00,40.288597,-88.126144,18.883618269662083,424.0,-9.341914107819104,rs3,7.3015667178275825,36.29423319456289,28.99266647673531,3,7.3015667178275825,47.14646933607821,39.84490261825063,26.33125891160298,positive_cross,toward_S1,2.862080728852946
0,mustang,2024-03-29 18:49:06+00:00,40.288696,-88.126144,7.877111743952412,425.0,-11.006506525709671,rs3,17.999570074267012,36.151280210314916,18.151710136047903,3,17.999570074267012,36.151280210314916,18.151710136047903,26.33125891160298,positive_cross,toward_S1,2.6582565339323967
0,mustang,2024-03-29 18:49:07+00:00,40.288801,-88.126144,-3.7964557832196633,426.0,-11.673567527172075,rs6,24.50563680835677,29.59820504669072,5.09256823833395,2,24.50563680835677,29.59820504669072,5.09256823833395,-27.632700444717127,positive_cross,toward_S1,2.4414119381758788
0,mustang,2024-03-29 18:49:08+00:00,40.288906,-88.126145,-15.468493267519882,427.0,-11.672037484300219,rs6,12.934907282915965,34.4005674459498,21.46566016303383,2,12.934907282915965,41.24772869313629,28.312821410220323,-27.632700444717127,positive_cross,toward_S1,2.225263095874023
0,mustang,2024-03-29 18:49:09+00:00,40.289005,-88.126145,-26.474999794019507,428.0,-11.006506526499624,rs6,2.887585231061862,32.20118618384719,29.31360095278533,2,2.887585231061862,52.239330017712525,49.35174478665066,-27.632700444717127,positive_cross,toward_S1,2.0214389009388447
0,mustang,2024-03-29 18:49:10+00:00,40.289099,-88.126144,-36.92715219445237,429.0,-10.452152400432862,rs6,9.024759802331376,33.58183682380666,24.557077021475287,2,9.024759802331376,42.612607739980625,33.58784793764925,-27.632700444717127,positive_cross,toward_S1,1.827880523153051
0,mustang,2024-03-29 18:49:11+00:00,40.28919,-88.126143,-47.045774094154034,430.0,-10.118621899701665,rs6,18.98668094596245,32.497555338953426,13.510874392990974,2,18.98668094596245,32.497555338953426,13.510874392990974,-27.632700444717127,positive_cross,toward_S1,1.6404986361215388
0,mustang,2024-03-29 18:49:12+00:00,40.289276,-88.126142,-56.608511826496986,431.0,-9.562737732342953,rs8,22.943551927497527,28.504725051772162,5.561173124274635,1,22.943551927497527,28.504725051772162,5.561173124274635,-78.92951005359993,positive_cross,toward_S1,1.4133518190204248
0,mustang,2024-03-29 18:49:13+00:00,40.289357,-88.12614,-65.61689543356313,432.0,-9.008383607066143,rs8,13.950609442405304,31.66554462655638,17.714935184151074,1,13.950609442405304,37.486991731269384,23.536382288864083,-78.92951005359993,positive_cross,toward_S1,1.2465299003710517
0,mustang,2024-03-29 18:49:15+00:00,40.289435,-88.126141,-74.28715841049258,434.0,-4.335131488464725,rs8,5.410677701937875,29.03869472704796,23.628017025110086,1,5.410677701937875,46.15715746214548,40.746479760207606,-78.92951005359993,positive_cross,toward_S1,1.0859694748723583
0,mustang,2024-03-29 18:49:16+00:00,40.289509,-88.126147,-82.50506383978596,435.0,-8.217905429293381,rs8,3.618592128255157,28.40424903311589,24.78565690486073,1,3.618592128255157,54.40240464012395,50.78381251186879,-78.92951005359993,positive_cross,toward_S1,0.9337860409965549
0,mustang,2024-03-29 18:49:17+00:00,40.289577,-88.126171,-90.02836749506831,436.0,-7.523303655282348,rs8,11.326699075032181,28.43933702202955,17.11263794699737,1,11.326699075032181,62.07413854932053,50.74743947428835,-78.92951005359993,positive_cross,toward_S1,0.7944656029357707
0,mustang,2024-03-29 18:49:18+00:00,40.289629,-88.126233,-95.71470018330814,437.0,-5.68633268823983,rs8,18.82045174610416,26.922568412356394,8.102116666252236,1,18.82045174610416,68.39674058887688,49.576288842772726,-78.92951005359993,positive_cross,toward_S1,0.6891631457461442
0,mustang,2024-03-29 18:49:19+00:00,40.289645,-88.126312,-97.37265613388675,438.0,-1.6579559505786108,rs10,23.530148190394673,24.186676497062013,0.6565283066673402,1,23.530148190394673,71.40297504608806,47.87282685569339,-78.92951005359993,negative_cross,toward_S1,0.6584602577724663
0,mustang,2024-03-29 18:49:20+00:00,40.289624,-88.126385,-94.92624949884002,439.0,2.4464066350467277,rs10,18.281623312532545,27.23981489145828,8.958191578925735,1,18.281623312532545,68.72727206914738,50.44564875661483,-78.92951005359993,negative_cross,toward_S4,0.7037640843474056
0,mustang,2024-03-29 18:49:21+00:00,40.289572,-88.126422,-89.08844256510494,440.0,5.837806933735081,rs10,11.711673894306974,27.23225620792533,15.520582313618357,1,11.711673894306974,62.52504445553883,50.81337056123186,-78.92951005359993,negative_cross,toward_S4,0.8118716201573145
0,mustang,2024-03-29 18:49:22+00:00,40.289514,-88.126427,-82.63253600193738,441.0,6.455906563167559,rs10,6.101974669275761,25.98902221272775,19.887047543451988,1,6.101974669275761,56.07950262276,49.97752795348424,-78.92951005359993,negative_cross,toward_S4,0.9314254454011582
0,mustang,2024-03-29 18:49:23+00:00,40.289445,-88.126432,-74.95368426997041,442.0,7.678851731966972,rs10,5.278864087099554,26.483500680063926,21.204636592964373,1,5.278864087099554,48.431253206245046,43.15238911914549,-78.92951005359993,negative_cross,toward_S4,1.0736264034005467
0,mustang,2024-03-29 18:49:24+00:00,40.289353,-88.126438,-64.71623532178404,443.0,10.237448948186369,rs10,14.12692421980728,30.277947783898345,16.151023564091062,1,14.12692421980728,38.268121461480604,24.141197241673325,-78.92951005359993,negative_cross,toward_S4,1.263208791329924
0,mustang,2024-03-29 18:49:25+00:00,40.289247,-88.126439,-52.9299609184046,444.0,11.786274403379437,rs10,25.70694737964729,26.768020061117962,1.061072681470673,1,25.70694737964729,26.768020061117962,1.061072681470673,-78.92951005359993,negative_cross,toward_S4,1.4814731321332468
0,mustang,2024-03-29 18:49:26+00:00,40.289132,-88.126441,-40.14156496919148,445.0,12.788395949213125,rs7,14.779420108532063,30.115226783695324,15.33580667516326,2,14.779420108532063,38.40853484871668,23.62911474018461,-27.632700444717127,negative_cross,toward_S4,1.7683543606578824
0,mustang,2024-03-29 18:49:27+00:00,40.289015,-88.126442,-27.132345395432775,446.0,13.009219573758703,rs7,6.982625694008616,27.529491136204914,20.5468654421963,2,6.982625694008616,51.38244848371916,44.39982278971054,-27.632700444717127,negative_cross,toward_S4,2.0092658342460066
0,mustang,2024-03-29 18:49:28+00:00,40.288898,-88.12645,-14.11241552231753,447.0,13.019929873115245,rs7,14.489938676926773,31.315809403823675,16.825870726896902,2,14.489938676926773,42.094445352547915,27.604506675621142,-27.632700444717127,negative_cross,toward_S4,2.250375646711104
0,mustang,2024-03-29 18:49:29+00:00,40.288784,-88.126462,-1.4198959776561049,448.0,12.692519544661426,rs7,26.264031158751667,29.574093984616287,3.3100628258646196,2,26.264031158751667,29.574093984616287,3.3100628258646196,-27.632700444717127,negative_cross,toward_S4,2.4854223049455744
0,mustang,2024-03-29 18:49:30+00:00,40.288674,-88.126481,10.838626532295157,449.0,12.258522509951263,rs5,17.50676293178091,34.85214381311166,17.34538088133075,3,17.50676293178091,38.13889562481171,20.6321326930308,26.33125891160298,negative_cross,toward_S4,2.7130994003831885
0,mustang,2024-03-29 18:49:31+00:00,40.288566,-88.126494,22.86561511757607,450.0,12.026988585280913,rs5,7.09567699527586,32.5645336313628,25.46885663608694,3,7.09567699527586,50.040073426803055,42.944396431527196,26.33125891160298,negative_cross,toward_S4,2.935821411221724
0,mustang,2024-03-29 18:49:32+00:00,40.288462,-88.126503,34.44177619732461,451.0,11.576161079748537,rs5,9.037914532069593,34.16306080029818,25.12514626822859,3,9.037914532069593,47.16430309622135,38.12638856415176,26.33125891160298,negative_cross,toward_S4,3.1501947645504007
0,mustang,2024-03-29 18:49:33+00:00,40.288359,-88.126511,45.90523040086579,452.0,11.463454203541183,rs5,19.450114418698927,35.6979957247178,16.247881306018872,3,19.450114418698927,35.6979957247178,16.247881306018872,26.33125891160298,negative_cross,toward_S4,3.3624809535048668
0,mustang,2024-03-29 18:49:34+00:00,40.288259,-88.126512,57.024443803572765,453.0,11.119213402706976,rs2,24.655252811866724,30.379262907544398,5.724010095677674,4,24.655252811866724,30.379262907544398,5.724010095677674,80.2309515867141,negative_cross,toward_S4,3.570249855867753
0,mustang,2024-03-29 18:49:35+00:00,40.288165,-88.126513,67.47659620400562,454.0,10.452152400432851,rs2,14.386899975137148,35.95339988910941,21.566499913972265,4,14.386899975137148,40.74788427787803,26.36098430274088,80.2309515867141,negative_cross,toward_S4,3.7638082336535468
0,mustang,2024-03-29 18:49:36+00:00,40.288079,-88.126514,77.03933393555863,455.0,9.562737731553014,rs2,5.6277888046637194,34.019402828976716,28.391614024312997,4,5.6277888046637194,50.26505974189132,44.6372709372276,80.2309515867141,negative_cross,toward_S4,3.940895969423047
0,mustang,2024-03-29 18:49:37+00:00,40.288005,-88.126491,85.23122863596522,456.0,8.191894700406593,rs2,6.750969472851345,32.46270671418537,25.711737241334028,4,6.750969472851345,58.64170916114236,51.89073968829101,80.2309515867141,negative_cross,toward_S4,4.09259772313428
0,mustang,2024-03-29 18:49:38+00:00,40.287932,-88.12647,93.3150065880118,457.0,8.083777952046574,rs2,14.049755395477588,33.17505260080788,19.12529720533029,4,14.049755395477588,66.90847866484314,52.858723269365555,80.2309515867141,negative_cross,toward_S4,4.242297314838846
0,mustang,2024-03-29 18:49:39+00:00,40.287882,-88.126411,98.78357573747151,458.0,5.468569149459711,rs2,21.44769017057869,31.739245179030146,10.291555008451457,4,21.44769017057869,73.14617529443191,51.698485123853224,80.2309515867141,negative_cross,toward_S4,4.343567113902915
0,mustang,2024-03-29 18:49:40+00:00,40.287868,-88.126332,100.2191780206326,459.0,1.4356022831610886,rs2,26.964443393488192,27.880647471802796,0.9162040783146033,4,26.964443393488192,76.1201637379212,49.15572034443301,80.2309515867141,negative_cross,toward_S4,4.370152341368861
0,mustang,2024-03-29 18:49:41+00:00,40.287887,-88.126261,97.9981851387471,460.0,-2.2209928818854934,rs1,22.52137894977122,30.267057150332462,7.745678200561244,4,22.52137894977122,73.2815625535796,50.760183603808386,80.2309515867141,positive_cross,toward_S1,4.329022843556166
0,mustang,2024-03-29 18:49:42+00:00,40.287923,-88.12621,93.91778694252226,461.0,-4.080398196224849,rs1,16.849774564492783,32.11438337834416,15.264608813851375,4,16.849774564492783,68.68480639985167,51.83503183535888,80.2309515867141,positive_cross,toward_S1,4.253459913996448
0,mustang,2024-03-29 18:49:43+00:00,40.287976,-88.12618,87.97951347561991,462.0,-5.938273466902345,rs1,10.476184022982915,32.69171914851937,22.215535125536455,4,10.476184022982915,62.551814350966986,52.07563032798407,80.2309515867141,positive_cross,toward_S1,4.1434918868315895
0,mustang,2024-03-29 18:49:44+00:00,40.288041,-88.126163,80.7270085631704,463.0,-7.25250491244951,rs1,4.451521632228843,33.352331374976465,28.900809742747622,4,4.451521632228843,55.225484525302676,50.77396289307383,80.2309515867141,positive_cross,toward_S1,4.0091862403047465
0,mustang,2024-03-29 18:49:45+00:00,40.288112,-88.126157,72.82427312089239,464.0,-7.902735442278015,rs1,7.238758178032495,34.7978262060584,27.55906802802591,4,7.238758178032495,47.31289680912818,40.074138631095686,80.2309515867141,positive_cross,toward_S1,3.8628392876699684
0,mustang,2024-03-29 18:49:46+00:00,40.288189,-88.126153,64.25753676210573,465.0,-8.566736358786656,rs1,15.18753110550989,38.00919276075362,22.82166165524373,4,15.18753110550989,38.750464892340986,23.562933786831096,80.2309515867141,positive_cross,toward_S1,3.7041960217665117
0,mustang,2024-03-29 18:49:47+00:00,40.288271,-88.126147,55.131856150216656,466.0,-9.125680611889074,rs1,24.108187381484257,29.62249210983546,5.5143047283512026,4,24.108187381484257,29.62249210983546,5.5143047283512026,80.2309515867141,positive_cross,toward_S1,3.5352019363611586
0,mustang,2024-03-29 18:49:48+00:00,40.288355,-88.126144,45.78841199952569,467.0,-9.343444150690964,rs3,20.31195297667498,33.385918492473394,13.073965515798413,3,20.31195297667498,33.385918492473394,13.073965515798413,26.33125891160298,positive_cross,toward_S1,3.3603176497763467
0,mustang,2024-03-29 18:49:49+00:00,40.288437,-88.126145,36.673441687761354,468.0,-9.114970311764338,rs3,11.357614569014025,36.882866178375465,25.52525160936144,3,11.357614569014025,42.49103536732173,31.133420798307704,26.33125891160298,positive_cross,toward_S1,3.191521903262192
0,mustang,2024-03-29 18:49:50+00:00,40.28852,-88.126145,27.44576449981143,469.0,-9.227677187949926,rs3,3.3032328933719017,35.43746916127826,32.13423626790636,3,3.3032328933719017,51.70846394926,48.4052310558881,26.33125891160298,positive_cross,toward_S1,3.0206389923742307
0,mustang,2024-03-29 18:49:51+00:00,40.288602,-88.126144,18.327734102303378,470.0,-9.11803039750805,rs3,7.821038999491438,36.41350780550954,28.5924688060181,3,7.821038999491438,46.590973072768755,38.76993407327732,26.33125891160298,positive_cross,toward_S1,2.851786577605563
0,mustang,2024-03-29 18:49:52+00:00,40.288688,-88.126138,8.75734615557939,471.0,-9.570387946723988,rs3,17.04752210860831,37.01212684330443,19.96460473469612,3,17.04752210860831,37.01212684330443,19.96460473469612,26.33125891160298,positive_cross,toward_S1,2.6745571711847482
0,mustang,2024-03-29 18:49:53+00:00,40.288775,-88.126134,-0.9211585387146335,472.0,-9.678504694294023,rs3,26.647362476808514,27.33038686128248,0.683024384473967,3,26.647362476808514,27.33038686128248,0.683024384473967,26.33125891160298,positive_cross,toward_S1,2.495325602771896
0,mustang,2024-03-29 18:49:54+00:00,40.288864,-88.126131,-10.820486856742555,473.0,-9.899328318027921,rs6,17.432910842769303,36.51709245027175,19.084181607502444,2,17.432910842769303,36.51709245027175,19.084181607502444,-27.632700444717127,positive_cross,toward_S1,2.311337288666196
0,mustang,2024-03-29 18:49:55+00:00,40.28895,-88.126132,-20.380164503341796,474.0,-9.55967764659924,rs6,7.925072400945251,34.06701542968435,26.141943028739103,2,7.925072400945251,46.07833810922679,38.15326570828154,-27.632700444717127,positive_cross,toward_S1,2.13430622113658
0,mustang,2024-03-29 18:49:56+00:00,40.289034,-88.126135,-29.714428396758123,475.0,-9.334263893416328,rs6,2.1136560694218924,33.09464395318334,30.98098788376145,2,2.1136560694218924,49.81654633803991,47.70289026861802,-27.632700444717127,positive_cross,toward_S1,1.9614494823696111
0,mustang,2024-03-29 18:49:57+00:00,40.289118,-88.126135,-39.05328241881177,476.0,-9.338854022053646,rs6,10.955609139165443,34.948700463540376,23.993091324374934,2,10.955609139165443,40.47570113206271,29.520091992897267,-27.632700444717127,positive_cross,toward_S1,1.7885077412204695
0,mustang,2024-03-29 18:49:58+00:00,40.289198,-88.126133,-47.95048919179596,477.0,-8.897206772984191,rs6,19.79696161093796,31.576109051727233,11.779147440789274,2,19.79696161093796,31.576109051727233,11.779147440789274,-27.632700444717127,positive_cross,toward_S1,1.6237446528318735
0,mustang,2024-03-29 18:49:59+00:00,40.289275,-88.126133,-56.511105379073456,478.0,-8.560616187277496,rs8,23.015429306771733,28.34835276390458,5.332923457132846,1,23.015429306771733,28.34835276390458,5.332923457132846,-78.92951005359993,positive_cross,toward_S1,1.4151556421208606
0,mustang,2024-03-29 18:50:00+00:00,40.28935,-88.126132,-64.85089794101536,479.0,-8.339792561941906,rs8,14.676944934412898,32.61049713007954,17.93355219566664,1,14.676944934412898,36.68055442962887,22.003609495215972,-78.92951005359993,positive_cross,toward_S1,1.2607150391219364
0,mustang,2024-03-29 18:50:01+00:00,40.289422,-88.126136,-72.84950978863505,480.0,-7.998611847619685,rs8,6.7340219978456695,29.716434059043742,22.982412061198072,1,6.7340219978456695,44.69576992346359,37.961747925617914,-78.92951005359993,positive_cross,toward_S1,1.1125925974993496
0,mustang,2024-03-29 18:50:02+00:00,40.28949,-88.12614,-80.40341430141976,481.0,-7.553904512784712,rs8,1.6636901815994014,28.802965430885248,27.139275249285845,1,1.6636901815994014,52.26645347553755,50.60276329393815,-78.92951005359993,positive_cross,toward_S1,0.9727054768922253
0,mustang,2024-03-29 18:50:03+00:00,40.289553,-88.126142,-87.40449473182132,482.0,-7.001080430401558,rs8,8.071714093159168,29.843708116320315,21.77199402316115,1,8.071714093159168,59.275310414146375,51.20359632098721,-78.92951005359993,positive_cross,toward_S1,0.8430558392921965
0,mustang,2024-03-29 18:50:04+00:00,40.289611,-88.126162,-93.82215022310547,483.0,-6.417655491284151,rs8,14.735119768790337,30.797213261813994,16.062093493023657,1,14.735119768790337,65.79819801856512,51.063078249774776,-78.92951005359993,positive_cross,toward_S1,0.7242103672313789
0,mustang,2024-03-29 18:50:05+00:00,40.289649,-88.126217,-97.9627175411278,484.0,-4.140567318022335,rs8,20.214933902717462,29.392898998165144,9.177965095447682,1,20.214933902717462,70.42365195734777,50.20871805463031,-78.92951005359993,positive_cross,toward_S1,0.6475331946754097
0,mustang,2024-03-29 18:50:06+00:00,40.289655,-88.126285,-98.52573562783292,485.0,-0.5630180867051138,rs8,23.63532728506216,25.823547128905208,2.188219843843047,1,23.63532728506216,71.99894366179286,48.363616376730704,-78.92951005359993,positive_cross,toward_S1,0.6371069338105002
0,mustang,2024-03-29 18:50:07+00:00,40.289633,-88.12635,-95.9803925016791,486.0,2.54534312615381,rs10,20.599423919962625,25.530003262050965,4.93057934208834,1,20.599423919962625,70.27798242516042,49.67855850519779,-78.92951005359993,negative_cross,toward_S4,0.6842429176281634
0,mustang,2024-03-29 18:50:08+00:00,40.289582,-88.126398,-90.23693193043557,487.0,5.743460571243531,rs10,13.637040765137183,25.810775612407006,12.173734847269824,1,13.637040765137183,63.93631666410618,50.299275898969,-78.92951005359993,negative_cross,toward_S4,0.7906032985771176
0,mustang,2024-03-29 18:50:09+00:00,40.289517,-88.126415,-82.9844270171961,488.0,7.252504913239477,rs10,7.08367939223176,25.03104293348241,17.947363541250652,1,7.08367939223176,56.56752747974748,49.483848087515725,-78.92951005359993,negative_cross,toward_S4,0.9249089451185895
0,mustang,2024-03-29 18:50:10+00:00,40.289446,-88.126427,-75.07251131764345,489.0,7.911915699552651,rs10,5.5382648289539755,26.047234715003558,20.508969886049584,1,5.5382648289539755,48.61125862838913,43.07299379943515,-78.92951005359993,negative_cross,toward_S4,1.0714259025177126
0,mustang,2024-03-29 18:50:11+00:00,40.28937,-88.126436,-66.60930157860123,490.0,8.463209739042213,rs10,12.352155624027542,29.276769241608182,16.92461361758064,1,12.352155624027542,40.15697719980504,27.8048215757775,-78.92951005359993,negative_cross,toward_S4,1.228152008796272
0,mustang,2024-03-29 18:50:12+00:00,40.289289,-88.126442,-57.594797800025894,491.0,9.014503778575339,rs10,21.04588071224418,31.23316646063055,10.187285748386369,1,21.04588071224418,31.23316646063055,10.187285748386369,-78.92951005359993,negative_cross,toward_S4,1.3950872639550747
0,mustang,2024-03-29 18:50:13+00:00,40.289203,-88.126444,-48.03053002557929,492.0,9.564267774446606,rs7,21.96068704215562,30.520713506482224,8.560026464326604,2,21.96068704215562,30.520713506482224,8.560026464326604,-27.632700444717127,negative_cross,toward_S4,1.622262415169219
0,mustang,2024-03-29 18:50:14+00:00,40.289116,-88.126441,-38.362735631431754,493.0,9.667794394147535,rs7,13.24382660494167,29.426412133848157,16.182585528906486,2,13.24382660494167,40.182153438718515,26.938326833776845,-27.632700444717127,negative_cross,toward_S4,1.80129564469047
0,mustang,2024-03-29 18:50:15+00:00,40.289024,-88.126438,-28.139057069135557,494.0,10.223678562296197,rs7,7.385582967283136,27.186515049999727,19.800932082716592,2,7.385582967283136,50.405601077305,43.020018110021866,-27.632700444717127,negative_cross,toward_S4,1.9906230254737327
0,mustang,2024-03-29 18:50:16+00:00,40.288938,-88.126439,-18.57631933756082,495.0,9.562737731574735,rs7,11.238211478366724,28.767433224976525,17.5292217466098,2,11.238211478366724,46.6393405161556,35.40112903778888,-27.632700444717127,negative_cross,toward_S4,2.1677107612436353
0,mustang,2024-03-29 18:50:17+00:00,40.288853,-88.126446,-9.115578182068678,496.0,9.460741155492144,rs7,19.235588616898713,33.511013998889304,14.27542538199059,2,19.235588616898713,37.32535953502923,18.089770918130515,-27.632700444717127,negative_cross,toward_S4,2.342909671530527
0,mustang,2024-03-29 18:50:18+00:00,40.288771,-88.126462,0.0254028593724209,497.0,9.140981041441098,rs7,27.681918417951767,28.19263637606126,0.5107179581094918,2,27.681918417951767,28.19263637606126,0.5107179581094918,-27.632700444717127,negative_cross,toward_S4,2.5121870982238805
0,mustang,2024-03-29 18:50:19+00:00,40.288691,-88.12648,8.947090318349819,498.0,8.921687458977399,rs5,19.288982023226882,35.65095815739465,16.361976134167765,3,19.288982023226882,36.265992357060526,16.977010333833643,26.33125891160298,negative_cross,toward_S4,2.6780709519767933
0,mustang,2024-03-29 18:50:20+00:00,40.288611,-88.126496,17.8657176915835,499.0,8.918627373233683,rs5,10.686813968347039,33.6143521616071,22.927538193260062,3,10.686813968347039,45.03286526793403,34.34605129958699,26.33125891160298,negative_cross,toward_S4,2.8432307181477876
0,mustang,2024-03-29 18:50:21+00:00,40.288531,-88.126508,26.778224894097974,500.0,8.912507202514472,rs5,4.627378215501279,33.58554503289999,28.958166817398705,3,4.627378215501279,53.884667063116574,49.25728884761529,26.33125891160298,negative_cross,toward_S4,3.0082771478239816
0,mustang,2024-03-29 18:50:22+00:00,40.288448,-88.126518,36.02120251080997,501.0,9.242977616711997,rs5,9.809501718751173,35.793665342237276,25.984163623486104,3,9.809501718751173,45.50642701673609,35.69692529798492,26.33125891160298,negative_cross,toward_S4,3.1794433999853147
0,mustang,2024-03-29 18:50:23+00:00,40.288365,-88.126523,45.2565299139309,502.0,9.235327403120927,rs5,18.590181381851348,36.268573551636635,17.678392169785287,3,18.590181381851348,36.268573551636635,17.678392169785287,26.33125891160298,negative_cross,toward_S4,3.350467981524591
0,mustang,2024-03-29 18:50:24+00:00,40.288281,-88.126521,54.59232385021908,503.0,9.335793936288184,rs2,26.981519875876476,27.852078466442947,0.8705585905664712,4,26.981519875876476,27.852078466442947,0.8705585905664712,80.2309515867141,negative_cross,toward_S4,3.5252105974723147
0,mustang,2024-03-29 18:50:25+00:00,40.288195,-88.126518,64.14894141028466,504.0,9.556617560065582,rs2,17.551451586595828,37.38522296830875,19.833771381712925,4,17.551451586595828,37.38522296830875,19.833771381712925,80.2309515867141,negative_cross,toward_S4,3.7021849967327882
0,mustang,2024-03-29 18:50:26+00:00,40.288114,-88.126515,73.14967480296978,505.0,9.00073339268512,rs2,8.949199715889586,34.6181266788703,25.668926962980713,4,8.949199715889586,46.3788496213565,37.42964990546692,80.2309515867141,negative_cross,toward_S4,3.868865244745476
0,mustang,2024-03-29 18:50:27+00:00,40.288038,-88.126518,81.60370428478087,506.0,8.45402948181109,rs2,3.239450296330125,34.31645069230733,31.0770003959772,4,3.239450296330125,54.78687164072314,51.547421344393015,80.2309515867141,negative_cross,toward_S4,4.0254213462604955
0,mustang,2024-03-29 18:50:28+00:00,40.287972,-88.126506,88.92301478715154,507.0,7.319310502370669,rs2,8.666315422061903,34.520838475447796,25.854523053385893,4,8.666315422061903,62.18261049540532,53.516295073343414,80.2309515867141,negative_cross,toward_S4,4.160964133341434
0,mustang,2024-03-29 18:50:29+00:00,40.287909,-88.126478,95.88431410356604,508.0,6.961299316414497,rs2,15.99649444738781,34.9136686435635,18.917174196175687,4,15.99649444738781,69.37625114182823,53.379756694440424,80.2309515867141,negative_cross,toward_S4,4.289877083645406
0,mustang,2024-03-29 18:50:30+00:00,40.287869,-88.126414,100.23346470311562,509.0,4.349150599549574,rs2,22.509578032148344,32.83634688970825,10.326768857559909,4,22.509578032148344,74.5265979577585,52.01701992561016,80.2309515867141,negative_cross,toward_S4,4.370416909562991
0,mustang,2024-03-29 18:50:31+00:00,40.287863,-88.126337,100.78271240316231,510.0,0.549247700046692,rs2,27.06852266038703,28.57829625836845,1.5097735979814217,4,27.06852266038703,76.5506366128141,49.48211395242707,80.2309515867141,negative_cross,toward_S4,4.380588163267559
0,mustang,2024-03-29 18:50:32+00:00,40.287886,-88.126274,98.12925252943849,511.0,-2.6534598737238184,rs1,23.239851504570257,29.4257655184674,6.185914013897143,4,23.239851504570257,73.5888822001248,50.349030695554546,80.2309515867141,positive_cross,toward_S1,4.331450017457859
0,mustang,2024-03-29 18:50:33+00:00,40.287925,-88.12623,93.72603413262891,512.0,-4.403218396809578,rs1,17.545987835548377,30.47657796491124,12.930590129362862,4,17.545987835548377,68.69030014769525,51.14431231214688,80.2309515867141,positive_cross,toward_S1,4.249908936035459
0,mustang,2024-03-29 18:50:34+00:00,40.287974,-88.126199,88.2309379576679,513.0,-5.495096174961006,rs1,11.590583167209992,31.171774320448925,19.581191153238933,4,11.590583167209992,62.94152317462401,51.35094000741402,80.2309515867141,positive_cross,toward_S1,4.148147895758404
0,mustang,2024-03-29 18:50:35+00:00,40.288032,-88.126182,81.75667087999453,514.0,-6.474267077673375,rs1,6.327643056447443,31.752236846408536,25.424593789961094,4,6.327643056447443,56.37001827773523,50.042375221287784,80.2309515867141,positive_cross,toward_S1,4.028254060986675
0,mustang,2024-03-29 18:50:36+00:00,40.288096,-88.126168,74.61993292949609,515.0,-7.136737950498443,rs1,6.397470888084484,33.5138776110725,27.116406722988017,4,6.397470888084484,49.16804669591223,42.77057580782775,80.2309515867141,positive_cross,toward_S1,3.8960922470885553
0,mustang,2024-03-29 18:50:37+00:00,40.28816,-88.12616,67.49237523701873,516.0,-7.127557692477353,rs1,12.234411843597956,36.16417983153989,23.929767987941936,4,12.234411843597956,42.01728239388397,29.782870550286013,80.2309515867141,positive_cross,toward_S1,3.7641004379686045
0,mustang,2024-03-29 18:50:38+00:00,40.288233,-88.126155,59.36881617019513,517.0,-8.123559066823603,rs1,20.021943264937754,33.89665079041646,13.874707525478705,4,20.021943264937754,33.89665079041646,13.874707525478705,80.2309515867141,positive_cross,toward_S1,3.6136641589533527
0,mustang,2024-03-29 18:50:39+00:00,40.288312,-88.126152,50.58125618767457,518.0,-8.787559982520563,rs3,25.142491020148608,28.687144144346593,3.5446531241979855,3,25.142491020148608,28.687144144346593,3.5446531241979855,26.33125891160298,positive_cross,toward_S1,3.4490740236309554
0,mustang,2024-03-29 18:50:40+00:00,40.288396,-88.12615,41.23934207985547,519.0,-9.3419141078191,rs3,15.898515796150095,37.97200096762143,22.07348517147134,3,15.898515796150095,37.97200096762143,22.07348517147134,26.33125891160298,positive_cross,toward_S1,3.276075614226898
0,mustang,2024-03-29 18:50:41+00:00,40.28848,-88.126148,31.897427972058104,520.0,-9.341914107797365,rs3,6.929799390602464,35.59417246981544,28.664373079212975,3,6.929799390602464,47.28038537627031,40.35058598566785,26.33125891160298,positive_cross,toward_S1,3.103077204823243
0,mustang,2024-03-29 18:50:42+00:00,40.288569,-88.126146,21.999629696112088,521.0,-9.897798275946016,rs3,4.65790139118355,35.61062934403657,30.952727952853017,3,4.65790139118355,50.26535647191949,45.60745508073594,26.33125891160298,positive_cross,toward_S1,2.919784644157576
0,mustang,2024-03-29 18:50:43+00:00,40.288661,-88.126145,11.769830963074936,522.0,-10.229798733037152,rs3,14.17906308763296,38.327164829609636,24.148101741976674,3,14.17906308763296,40.04228562325527,25.863222535622306,26.33125891160298,positive_cross,toward_S1,2.7303439268791103
0,mustang,2024-03-29 18:50:44+00:00,40.288753,-88.126144,1.540032229269568,523.0,-10.229798733805367,rs3,24.286444099058205,29.82614568594141,5.539701586883204,3,24.286444099058205,29.82614568594141,5.539701586883204,26.33125891160298,positive_cross,toward_S1,2.540903209586418
0,mustang,2024-03-29 18:50:45+00:00,40.288845,-88.126143,-8.6897665045358,524.0,-10.229798733805369,rs6,19.6277621469651,34.46813972495899,14.840377577993888,2,19.6277621469651,34.46813972495899,14.840377577993888,-27.632700444717127,positive_cross,toward_S1,2.3507950729663207
0,mustang,2024-03-29 18:50:46+00:00,40.288939,-88.126145,-19.137328776353087,525.0,-10.447562271817286,rs6,9.347508255955447,33.281027645079874,23.933519389124427,2,9.347508255955447,44.91051760953178,35.563009353576334,-27.632700444717127,positive_cross,toward_S1,2.157321697562297
0,mustang,2024-03-29 18:50:47+00:00,40.289031,-88.126146,-29.364067424393,526.0,-10.226738648039913,rs6,2.6825121441774313,32.143421069040876,29.460908924863446,2,2.6825121441774313,50.17683862262196,47.49432647844453,-27.632700444717127,positive_cross,toward_S1,1.9679376485245208
0,mustang,2024-03-29 18:50:48+00:00,40.289118,-88.126145,-39.03798199007145,527.0,-9.673914565678452,rs6,11.101810210522293,34.14799950600593,23.046189295483636,2,11.101810210522293,40.50485642151304,29.403046210990745,-27.632700444717127,positive_cross,toward_S1,1.7887910824934385
0,mustang,2024-03-29 18:50:49+00:00,40.289202,-88.126143,-48.37989609786881,528.0,-9.341914107797358,rs6,20.313336905480867,31.164625562614745,10.851288657133878,2,20.313336905480867,31.164625562614745,10.851288657133878,-27.632700444717127,positive_cross,toward_S1,1.6157926730897838
0,mustang,2024-03-29 18:50:50+00:00,40.289285,-88.126142,-57.60910332869061,529.0,-9.2292072308218,rs8,21.944940394438788,29.50320827766204,7.558267883223252,1,21.944940394438788,29.50320827766204,7.558267883223252,-78.92951005359993,positive_cross,toward_S1,1.39482234675758
0,mustang,2024-03-29 18:50:51+00:00,40.289439,-88.126146,-74.72421553094645,530.0,-17.115112202255844,rs8,5.125816579631243,28.552165094443225,23.426348514811984,1,5.125816579631243,46.62165366320803,41.49583708357679,-78.92951005359993,positive_cross,toward_S1,1.0778758244935829
0,mustang,2024-03-29 18:50:52+00:00,40.289509,-88.126152,-82.49741362540493,531.0,-7.773198094458479,rs8,3.8676263500645733,27.983627521640475,24.116001171575903,1,3.8676263500645733,54.42350467182061,50.55587832175603,-78.92951005359993,positive_cross,toward_S1,0.9339277116332406
0,mustang,2024-03-29 18:50:53+00:00,40.289574,-88.126169,-89.69789708008084,532.0,-7.200483454675904,rs8,10.954587631002553,28.46602538293564,17.511437751933087,1,10.954587631002553,61.72913480728758,50.774547176285026,-78.92951005359993,positive_cross,toward_S1,0.8005854254355387
0,mustang,2024-03-29 18:50:54+00:00,40.289625,-88.12622,-95.28988340664083,533.0,-5.59198632655999,rs8,17.90477510847237,27.516285281339083,9.611510172866712,1,17.90477510847237,67.8063249319477,49.90154982347533,-78.92951005359993,positive_cross,toward_S1,0.6970301230918352
0,mustang,2024-03-29 18:50:55+00:00,40.289646,-88.126291,-97.51596386759648,534.0,-2.2260804609556573,rs8,23.135741688013134,24.72896032594218,1.593218637929045,1,23.135741688013134,71.1214031800581,47.98566149204496,-78.92951005359993,positive_cross,toward_S1,0.6558064108519157
0,mustang,2024-03-29 18:50:56+00:00,40.289627,-88.126361,-95.29650102858281,535.0,2.219462839013673,rs10,19.543069887992147,25.816729303762035,6.273659415769888,1,19.543069887992147,69.43347852315485,49.8904086351627,-78.92951005359993,negative_cross,toward_S4,0.6969075745373541
0,mustang,2024-03-29 18:50:57+00:00,40.289578,-88.126409,-89.77539412396673,536.0,5.521106904616076,rs10,12.795691450590093,26.472666825522648,13.676975374932555,1,12.795691450590093,63.34693409571114,50.55124264512105,-78.92951005359993,negative_cross,toward_S4,0.7991502949932072
0,mustang,2024-03-29 18:50:58+00:00,40.289509,-88.126423,-82.08277200608785,537.0,7.692622117878884,rs10,5.997021233150513,25.58122034958018,19.58419911642967,1,5.997021233150513,55.580954416077454,49.58393318292694,-78.92951005359993,negative_cross,toward_S4,0.9416062601391125
0,mustang,2024-03-29 18:50:59+00:00,40.28944,-88.126439,-74.38708980167529,538.0,7.695682204412563,rs10,5.257326010938811,27.160068419573197,21.902742408634385,1,5.257326010938811,47.78898693378036,42.531660922841546,-78.92951005359993,negative_cross,toward_S4,1.08411889355416
0,mustang,2024-03-29 18:51:00+00:00,40.289366,-88.126447,-66.14776377292233,539.0,8.239326028752956,rs10,12.543362795608495,30.310637055300994,17.7672742596925,1,12.543362795608495,39.55456571007729,27.011202914468797,-78.92951005359993,negative_cross,toward_S4,1.2366990051977331
0,mustang,2024-03-29 18:51:01+00:00,40.289287,-88.126449,-57.36173383327365,540.0,8.786029939648685,rs10,21.186347261921444,30.88810417404629,9.701756912124846,1,21.186347261921444,30.88810417404629,9.701756912124846,-78.92951005359993,negative_cross,toward_S4,1.3994032633393756
0,mustang,2024-03-29 18:51:02+00:00,40.289204,-88.126449,-48.13405664453375,541.0,9.227677188739897,rs7,21.939190866152344,30.371527888275967,8.432337022123622,2,21.939190866152344,30.371527888275967,8.432337022123622,-27.632700444717127,negative_cross,toward_S4,1.6203452555589515
0,mustang,2024-03-29 18:51:03+00:00,40.28912,-88.126448,-38.79673266535196,542.0,9.33732397918179,rs7,13.323712266373526,30.141611285585174,16.817899019211648,2,13.323712266373526,39.69492943022023,26.3712171638467,-27.632700444717127,negative_cross,toward_S4,1.7932586625808364
0,mustang,2024-03-29 18:51:04+00:00,40.289033,-88.126446,-29.127408229100784,543.0,9.669324436251177,rs7,6.928749829715333,27.89752871822697,20.968778888511636,2,6.928749829715333,49.36385510175282,42.43510527203749,-27.632700444717127,negative_cross,toward_S4,1.9723202262151174
0,mustang,2024-03-29 18:51:05+00:00,40.288948,-88.126446,-19.67737737294343,544.0,9.450030856157355,rs7,10.008247972751194,29.002696411636855,18.994448438885662,2,10.008247972751194,47.59695650040507,37.58870852765388,-27.632700444717127,negative_cross,toward_S4,2.1473207976254387
0,mustang,2024-03-29 18:51:06+00:00,40.288865,-88.126451,-10.442049970612464,545.0,9.235327402330965,rs7,17.836601286137043,33.149443015616974,15.312841729479931,2,17.836601286137043,38.507639132995706,20.671037846858663,-27.632700444717127,negative_cross,toward_S4,2.3183453791500863
0,mustang,2024-03-29 18:51:07+00:00,40.288785,-88.126466,-1.5249526394824227,546.0,8.91709733113004,rs7,26.088623667691202,29.584904538459682,3.49628087076848,2,26.088623667691202,29.584904538459682,3.49628087076848,-27.632700444717127,negative_cross,toward_S4,2.48347681120805
0,mustang,2024-03-29 18:51:08+00:00,40.288708,-88.126486,7.06626440452923,547.0,8.591217044011653,rs5,20.898463110885654,34.33397160597123,13.435508495085575,3,20.898463110885654,34.33397160597123,13.435508495085575,26.33125891160298,negative_cross,toward_S4,2.643240842461597
0,mustang,2024-03-29 18:51:09+00:00,40.288633,-88.126507,15.436657824785245,548.0,8.370393420256015,rs5,12.448028204982144,35.19074286778989,22.74271466280775,3,12.448028204982144,42.547155875356076,30.09912767037393,26.33125891160298,negative_cross,toward_S4,2.7982481280218936
0,mustang,2024-03-29 18:51:10+00:00,40.288559,-88.126522,23.686694153662916,549.0,8.250036328877671,rs5,4.758819092492831,34.86272447639452,30.103905383901687,3,4.758819092492831,50.7529552585287,45.99413616603587,26.33125891160298,negative_cross,toward_S4,2.9510265785566654
0,mustang,2024-03-29 18:51:11+00:00,40.288487,-88.126527,31.699076386382814,550.0,8.012382232719897,rs5,5.595746487464752,35.61248115563654,30.016734668171786,3,5.595746487464752,49.790548861549134,44.19480237408438,26.33125891160298,negative_cross,toward_S4,3.0994040273107375
0,mustang,2024-03-29 18:51:12+00:00,40.288413,-88.126529,39.929222158694564,551.0,8.23014577231175,rs5,13.255060317100773,37.916809151197434,24.661748834096663,3,13.255060317100773,41.562195837602324,28.307135520501554,26.33125891160298,negative_cross,toward_S4,3.2518141342053997
0,mustang,2024-03-29 18:51:13+00:00,40.288337,-88.126527,48.375601426102875,552.0,8.446379267408311,rs5,21.610866701840223,33.13745057478387,11.526583872943647,3,21.610866701840223,33.13745057478387,11.526583872943647,26.33125891160298,negative_cross,toward_S4,3.4082285650833315
0,mustang,2024-03-29 18:51:14+00:00,40.288262,-88.126526,56.71233390230108,553.0,8.336732476198208,rs2,24.83502348795685,29.902710748056947,5.067687260100097,4,24.83502348795685,29.902710748056947,5.067687260100097,80.2309515867141,negative_cross,toward_S4,3.5644700428812404
0,mustang,2024-03-29 18:51:15+00:00,40.288188,-88.126526,64.93941958884739,554.0,8.227085686546303,rs2,16.669406984122986,37.9110447000148,21.241637715891812,4,16.669406984122986,38.09874012120215,21.429333137079162,80.2309515867141,negative_cross,toward_S4,3.716823481520987
0,mustang,2024-03-29 18:51:16+00:00,40.288114,-88.126526,73.1665052746037,555.0,8.227085685756307,rs2,8.628460843181378,35.535318953934805,26.906858110753426,4,8.628460843181378,46.30708754869822,37.67862670551684,80.2309515867141,negative_cross,toward_S4,3.8691769201461037
0,mustang,2024-03-29 18:51:17+00:00,40.288044,-88.126524,80.94582354057135,556.0,7.77931826596766,rs2,2.761402031356893,34.79333915275097,32.03193712139407,4,2.761402031356893,54.08799106993762,51.32658903858073,80.2309515867141,negative_cross,toward_S4,4.013238369515875
0,mustang,2024-03-29 18:51:18+00:00,40.287973,-88.126504,88.80877786807237,557.0,7.862954327501015,rs2,8.654983606868727,34.32749662643908,25.672513019570353,4,8.654983606868727,62.0850508042333,53.43006719736457,80.2309515867141,negative_cross,toward_S4,4.158848634839968
0,mustang,2024-03-29 18:51:19+00:00,40.287916,-88.126502,95.1427972970115,558.0,6.334019428939129,rs2,14.525254522904893,36.38696673782646,21.861712214921567,4,14.525254522904893,68.41905946485602,53.893804941951124,80.2309515867141,negative_cross,toward_S4,4.276145290931433
0,mustang,2024-03-29 18:51:21+00:00,40.28787,-88.126454,100.18348958482837,560.0,2.5203461439084336,rs2,20.788219904102515,35.465261688195696,14.67704178409318,4,20.788219904102515,73.91810463154737,53.129884727444846,80.2309515867141,negative_cross,toward_S4,4.369491444409523
0,mustang,2024-03-29 18:51:22+00:00,40.287846,-88.126389,102.75228080376809,561.0,2.5687912189397224,rs2,25.80941048304321,32.97895008459168,7.169539601548472,4,25.80941048304321,77.42432446389608,51.614913980852876,80.2309515867141,negative_cross,toward_S4,4.417061652167666
0,mustang,2024-03-29 18:51:23+00:00,40.287836,-88.126322,103.76153626739001,562.0,1.0092554636219262,rs1,30.132640557342373,30.146926624774846,0.014286067432472294,4,30.132640557342373,79.77797027200016,49.64532971465779,80.2309515867141,positive_cross,toward_S4,4.435751568160665
0,mustang,2024-03-29 18:51:24+00:00,40.287841,-88.126262,103.11384952669076,563.0,-0.6476867406992568,rs1,26.972550386287534,33.3475049074284,6.374954521140868,4,26.972550386287534,78.3401568835904,51.36760649730286,80.2309515867141,positive_cross,toward_S1,4.423757369258827
0,mustang,2024-03-29 18:51:25+00:00,40.28787,-88.126209,99.8086290802883,564.0,-3.3052204464024584,rs1,22.165537935391566,34.9910415473128,12.825503611921231,4,22.165537935391566,74.53063217388,52.365094238488425,80.2309515867141,positive_cross,toward_S1,4.362549583214337
0,mustang,2024-03-29 18:51:26+00:00,40.287918,-88.126177,94.42317969576915,565.0,-5.3854493845191485,rs1,16.216210085036767,34.90524799328313,18.689037908246366,4,16.216210085036767,68.95739715114436,52.7411870661076,80.2309515867141,positive_cross,toward_S1,4.262819039056575
0,mustang,2024-03-29 18:51:27+00:00,40.287974,-88.126168,88.1835066285316,566.0,-6.239673067237547,rs1,10.169200056440932,33.733856509936714,23.564656453495783,4,10.169200056440932,62.688228287311176,52.51902823087025,80.2309515867141,positive_cross,toward_S1,4.147269537811435
0,mustang,2024-03-29 18:51:28+00:00,40.288036,-88.126169,81.29207298857195,567.0,-6.891433639959658,rs1,5.1398911015657145,32.84590975983821,27.70601865827249,4,5.1398911015657145,55.82157878147503,50.68168767990932,80.2309515867141,positive_cross,toward_S1,4.019650396330701
0,mustang,2024-03-29 18:51:29+00:00,40.288106,-88.126167,73.50663455109512,568.0,-7.785438437476827,rs1,7.1671941070016,33.821475556063334,26.654281449061735,4,7.1671941070016,48.05278726777467,40.88559316077307,80.2309515867141,positive_cross,toward_S1,3.8754756104515002
0,mustang,2024-03-29 18:51:30+00:00,40.288184,-88.126161,64.825661273251,569.0,-8.680973277844117,rs1,14.812459150129051,37.15637247493785,22.343913324808796,4,14.812459150129051,39.36998906390782,24.557529913778772,80.2309515867141,positive_cross,toward_S1,3.7147168460469797
0,mustang,2024-03-29 18:51:31+00:00,40.288268,-88.126155,55.47762699394446,570.0,-9.348034279306539,rs1,23.86573365567604,30.02902781984188,6.1632941641658405,4,23.86573365567604,30.02902781984188,6.1632941641658405,80.2309515867141,positive_cross,toward_S1,3.5416051001338955
0,mustang,2024-03-29 18:51:32+00:00,40.288358,-88.126151,45.465591798919235,571.0,-10.012035195025227,rs3,20.070101826125914,33.76837553782888,13.698273711702967,3,20.070101826125914,33.76837553782888,13.698273711702967,26.33125891160298,positive_cross,toward_S1,3.354339497913264
0,mustang,2024-03-29 18:51:33+00:00,40.288448,-88.126145,35.45049651815029,572.0,-10.015095280768946,rs3,10.175836320140059,36.56082826411595,26.38499194397589,3,10.175836320140059,43.71227394965922,33.53643762951916,26.33125891160298,positive_cross,toward_S1,3.168874770491617
0,mustang,2024-03-29 18:51:34+00:00,40.288547,-88.126141,24.437869820953196,573.0,-11.012626697197092,rs3,2.7326802354418844,35.81494728556839,33.082267050126504,3,2.7326802354418844,52.6919652884745,49.959285053032616,26.33125891160298,positive_cross,toward_S1,2.964937239062041
0,mustang,2024-03-29 18:51:35+00:00,40.28866,-88.126136,11.867237410520222,574.0,-12.570632410432975,rs3,13.939100914483356,38.99239082449695,25.053289910013596,3,13.939100914483356,40.11636023251265,26.177259318029293,26.33125891160298,positive_cross,toward_S1,2.7321477499799487
0,mustang,2024-03-29 18:51:36+00:00,40.288779,-88.126134,-1.3658658727595867,575.0,-13.233103283279808,rs6,26.886067989379416,27.09121244546316,0.20514445608374388,2,26.886067989379416,27.09121244546316,0.20514445608374388,-27.632700444717127,positive_cross,toward_S1,2.486422862443658
0,mustang,2024-03-29 18:51:37+00:00,40.288899,-88.126136,-14.704025818612187,576.0,-13.3381599458526,rs6,13.59282027924016,35.39300064931108,21.80018037007092,2,13.59282027924016,40.425625006769906,26.832804727529748,-27.632700444717127,positive_cross,toward_S1,2.239419900483425
0,mustang,2024-03-29 18:51:38+00:00,40.289017,-88.126137,-27.82136213994093,577.0,-13.117336321328743,rs6,1.688831432352353,32.86008245039609,31.17125101804374,2,1.688831432352353,51.71050311254161,50.02167168018926,-27.632700444717127,positive_cross,toward_S1,1.996506264903263
0,mustang,2024-03-29 18:51:39+00:00,40.289129,-88.126133,-40.27928767418829,578.0,-12.457925534247359,rs6,12.149639781513429,35.52601923223097,23.376379450717543,2,12.149639781513429,39.24875708772334,27.099117306209912,-27.632700444717127,positive_cross,toward_S1,1.7658039401949785
0,mustang,2024-03-29 18:51:40+00:00,40.289238,-88.126132,-52.399092578277184,579.0,-12.119804904088895,rs6,24.23366830317763,27.12634576566688,2.8926774624892495,2,24.23366830317763,27.12634576566688,2.8926774624892495,-27.632700444717127,positive_cross,toward_S1,1.5413631086377766
0,mustang,2024-03-29 18:51:41+00:00,40.289341,-88.126134,-63.84724635307804,580.0,-11.448153774800858,rs8,15.68550636680921,32.90235255508396,17.216846188274747,1,15.68550636680921,35.68630150906473,20.000795142255516,-78.92951005359993,positive_cross,toward_S1,1.2793011796392941
0,mustang,2024-03-29 18:51:42+00:00,40.289515,-88.126155,-83.15988449825176,581.0,-19.312638145173715,rs8,4.5533770448113895,27.827232733414473,23.273855688603085,1,4.5533770448113895,55.10398464525984,50.55060760044845,-78.92951005359993,positive_cross,toward_S1,0.9216597325064476
0,mustang,2024-03-29 18:51:43+00:00,40.289575,-88.126211,-89.74481211262437,582.0,-6.584927614372617,rs8,12.745394134461835,25.258796058804133,12.513401924342299,1,12.745394134461835,62.193026704062376,49.44763256960054,-78.92951005359993,positive_cross,toward_S1,0.7997166285365843
0,mustang,2024-03-29 18:51:44+00:00,40.289602,-88.126289,-92.62724327568584,583.0,-2.8824311630614687,rs8,19.382004345345575,21.35295097445057,1.970946629104997,1,19.382004345345575,66.3035928161657,46.921588470820126,-78.92951005359993,positive_cross,toward_S1,0.7463382736650757
0,mustang,2024-03-29 18:51:45+00:00,40.289582,-88.126366,-90.28589330244374,584.0,2.341349973242103,rs10,15.18733160291553,23.391363832495742,8.204032229580212,1,15.18733160291553,64.44694014064497,49.25960853772944,-78.92951005359993,negative_cross,toward_S4,0.7896966065028923
0,mustang,2024-03-29 18:51:46+00:00,40.289525,-88.126414,-83.87537172894781,585.0,6.410521573495927,rs10,7.745619066055318,25.102279295415272,17.356660229359953,1,7.745619066055318,57.459242417558855,49.713623351503536,-78.92951005359993,negative_cross,toward_S4,0.9084099689750391
0,mustang,2024-03-29 18:51:47+00:00,40.289451,-88.126433,-75.61921522853923,586.0,8.25615650040858,rs10,4.798476069396799,26.472721400909958,21.67424533151316,1,4.798476069396799,49.07648543650229,44.27800936710549,-78.92951005359993,negative_cross,toward_S4,1.0613017560196425
0,mustang,2024-03-29 18:51:48+00:00,40.289368,-88.126449,-66.36705735459608,587.0,9.252157873943148,rs10,12.290017927778381,30.37094258391064,18.08092465613226,1,12.290017927778381,39.746329535650396,27.456311607872017,-78.92951005359993,negative_cross,toward_S4,1.2326380129445156
0,mustang,2024-03-29 18:51:49+00:00,40.289275,-88.126453,-56.021491658839665,588.0,10.34556569575642,rs10,22.476127082828583,29.512110024190683,7.0359829413621,1,22.476127082828583,29.512110024190683,7.0359829413621,-78.92951005359993,negative_cross,toward_S4,1.4242225628659309
0,mustang,2024-03-29 18:51:50+00:00,40.289164,-88.126445,-43.693103472411806,589.0,12.328388186427858,rs7,17.855432317680993,32.04206596836262,14.186633650681628,2,17.855432317680993,34.833388743651525,16.977956425970532,-27.632700444717127,negative_cross,toward_S4,1.7025851291167653
0,mustang,2024-03-29 18:51:51+00:00,40.289039,-88.126444,-29.79752931630691,590.0,13.895574156104896,rs7,7.305059234603815,27.76978755494734,20.464728320343525,2,7.305059234603815,48.707636375699686,41.40257714109587,-27.632700444717127,negative_cross,toward_S4,1.959910576452041
0,mustang,2024-03-29 18:51:52+00:00,40.288916,-88.126446,-16.119718698213934,591.0,13.677810618092977,rs7,12.88871285687739,30.18523860280632,17.29652574592893,2,12.88871285687739,44.12149667194512,31.232783815067727,-27.632700444717127,negative_cross,toward_S4,2.213203365675985
0,mustang,2024-03-29 18:51:53+00:00,40.288795,-88.126451,-2.6596716189010943,592.0,13.46004707931284,rs7,25.280044135068568,31.01942303306808,5.7393788979995115,2,25.280044135068568,31.01942303306808,5.7393788979995115,-27.632700444717127,negative_cross,toward_S4,2.462463496774371
0,mustang,2024-03-29 18:51:54+00:00,40.288677,-88.126463,10.477555259805285,593.0,13.137226878706379,rs5,18.46032681490395,33.64205441774017,15.181727602836219,3,18.46032681490395,37.98559882787684,19.52527201297289,26.33125891160298,negative_cross,toward_S4,2.70641289533708
0,mustang,2024-03-29 18:51:55+00:00,40.288562,-88.126481,23.29043189503335,594.0,12.812876635228065,rs5,7.807757265568495,31.423518669647972,23.61576140407948,3,7.807757265568495,50.55256309729254,42.744805831724044,26.33125891160298,negative_cross,toward_S4,2.9436883885820437
0,mustang,2024-03-29 18:51:56+00:00,40.28845,-88.126498,35.76824798665835,595.0,12.477816091625002,rs5,10.38942631791074,34.10156171512472,23.712135397213977,3,10.38942631791074,45.879506040093005,35.490079722182266,26.33125891160298,negative_cross,toward_S4,3.17475905694547
0,mustang,2024-03-29 18:51:57+00:00,40.28834,-88.126507,48.01147006786929,596.0,12.243222081210938,rs5,21.586119232131537,33.63797577455792,12.051856542426385,3,21.586119232131537,33.63797577455792,12.051856542426385,26.33125891160298,negative_cross,toward_S4,3.4014853917827095
0,mustang,2024-03-29 18:51:58+00:00,40.288232,-88.12651,60.02315822438815,597.0,12.011688156518858,rs2,21.721624819482255,33.37726671966849,11.655641900186236,4,21.721624819482255,33.37726671966849,11.655641900186236,80.2309515867141,negative_cross,toward_S4,3.625781604401371
0,mustang,2024-03-29 18:51:59+00:00,40.288132,-88.126511,71.14237162707339,598.0,11.11921340268524,rs2,10.935272372575701,34.71918193666739,23.783909564091687,4,10.935272372575701,44.41678964376927,33.48151727119357,80.2309515867141,negative_cross,toward_S4,3.831692963710357
0,mustang,2024-03-29 18:52:00+00:00,40.288042,-88.126514,81.15287677922674,599.0,10.010505152153357,rs2,3.579553769239247,33.95476569205399,30.375211922814742,4,3.579553769239247,54.367665072671244,50.788111303432,80.2309515867141,negative_cross,toward_S4,4.017072688750234
0,mustang,2024-03-29 18:52:01+00:00,40.287966,-88.126506,89.59007578940393,600.0,8.437199010177181,rs2,9.253676352587982,34.7067642820202,25.453087929432222,4,9.253676352587982,62.84800365611268,53.5943273035247,80.2309515867141,negative_cross,toward_S4,4.173317114864626
0,mustang,2024-03-29 18:52:02+00:00,40.287895,-88.126461,97.41477904502152,601.0,7.824703255617592,rs2,18.02362722050074,34.427407709216226,16.403780488715487,4,18.02362722050074,71.08554552186882,53.06191830136808,80.2309515867141,negative_cross,toward_S4,4.318219027005693
0,mustang,2024-03-29 18:52:03+00:00,40.287859,-88.126382,101.29627166740475,602.0,3.8814926223832344,rs2,24.960781131137956,31.54218894185494,6.581407810716982,4,24.960781131137956,76.12250830611526,51.16172717497731,80.2309515867141,negative_cross,toward_S4,4.39009852001279
0,mustang,2024-03-29 18:52:04+00:00,40.287875,-88.126297,99.38738868518925,603.0,-1.908882982215502,rs1,25.38695192717019,28.629626130333154,3.242674203162963,4,25.38695192717019,75.17389599284516,49.78694406567497,80.2309515867141,positive_cross,toward_S1,4.354748835156947
0,mustang,2024-03-29 18:52:05+00:00,40.287921,-88.126243,94.19063202484146,604.0,-5.196756660347788,rs1,18.54413142284415,29.67448297969625,11.130351556852101,4,18.54413142284415,69.29855764746007,50.754426224615926,80.2309515867141,positive_cross,toward_S1,4.258512600706062
0,mustang,2024-03-29 18:52:06+00:00,40.287977,-88.126214,87.92035810007978,605.0,-6.270273924761682,rs1,12.178716532346053,29.856348284286888,17.677631751940837,4,12.178716532346053,62.77256575483642,50.59384922249037,80.2309515867141,positive_cross,toward_S1,4.142396416914179
0,mustang,2024-03-29 18:52:07+00:00,40.288041,-88.126192,80.77137980656299,606.0,-7.148978293516791,rs1,6.800332156393277,30.89187837161309,24.09154621521981,4,6.800332156393277,55.47177158470125,48.67143942830798,80.2309515867141,positive_cross,toward_S1,4.010007929997202
0,mustang,2024-03-29 18:52:08+00:00,40.288113,-88.126165,72.7253366297853,607.0,-8.046043176777687,rs1,7.693842340885729,34.16400411758487,26.470161776699136,4,7.693842340885729,47.261530183173946,39.567687842288215,80.2309515867141,positive_cross,toward_S1,3.8610071304272444
0,mustang,2024-03-29 18:52:09+00:00,40.288196,-88.126152,63.47776888445772,608.0,-9.247567745327586,rs1,15.93120242134231,37.967417063476645,22.036214642134336,4,15.93120242134231,37.967417063476645,22.036214642134336,80.2309515867141,positive_cross,toward_S1,3.689755875884141
0,mustang,2024-03-29 18:52:10+00:00,40.288285,-88.126147,53.57538047987438,609.0,-9.902388404583334,rs1,25.655576634859987,28.07350656721609,2.4179299323561025,4,25.655576634859987,28.07350656721609,2.4179299323561025,80.2309515867141,positive_cross,toward_S1,3.5063783128363015
0,mustang,2024-03-29 18:52:11+00:00,40.288385,-88.126142,42.450046906469936,610.0,-11.125333573404447,rs3,16.984417819060184,36.70270089158314,19.718283072522958,3,16.984417819060184,36.70270089158314,19.718283072522958,26.33125891160298,positive_cross,toward_S1,3.2984960739790177
0,mustang,2024-03-29 18:52:12+00:00,40.288486,-88.126142,31.221186713342814,611.0,-11.228860193127122,rs3,6.1090664077385055,36.001673884723346,29.89260747698484,3,6.1090664077385055,47.91877895773698,41.80971254999848,26.33125891160298,positive_cross,toward_S1,3.0905542185507375
0,mustang,2024-03-29 18:52:13+00:00,40.288592,-88.126145,19.441032480682598,612.0,-11.780154232660216,rs3,6.822073088848796,36.099860231071965,29.27778714222317,3,6.822073088848796,47.70603949219063,40.88396640334183,26.33125891160298,positive_cross,toward_S1,2.8724032142422153
0,mustang,2024-03-29 18:52:14+00:00,40.288699,-88.126147,7.548171371858524,613.0,-11.892861108824073,rs3,18.368738175501843,35.835065240574835,17.466327065072992,3,18.368738175501843,35.835065240574835,17.466327065072992,26.33125891160298,positive_cross,toward_S1,2.6521650455602876
0,mustang,2024-03-29 18:52:15+00:00,40.288807,-88.126149,-4.455866570301041,614.0,-12.004037942159567,rs6,23.88473885775078,30.30361150796198,6.418872650211199,2,23.88473885775078,30.30361150796198,6.418872650211199,-27.632700444717127,positive_cross,toward_S1,2.4292006273040014
0,mustang,2024-03-29 18:52:16+00:00,40.288913,-88.126149,-16.240610931576825,615.0,-11.784744361275784,rs6,12.239165876418225,33.81341869263666,21.574252816218433,2,12.239165876418225,42.0484085337128,29.809242657294575,-27.632700444717127,positive_cross,toward_S1,2.2109646206137095
0,mustang,2024-03-29 18:52:17+00:00,40.289018,-88.12615,-27.912648415877044,616.0,-11.672037484300219,rs6,2.7618309641116583,31.758004348261224,28.996173384149564,2,2.7618309641116583,51.63538032192275,48.87354935781109,-27.632700444717127,positive_cross,toward_S1,1.9948157783118534
0,mustang,2024-03-29 18:52:18+00:00,40.289118,-88.126149,-39.03186181856228,617.0,-11.119213402685233,rs6,11.17780030160407,33.82837056388326,22.650570262279192,2,11.17780030160407,40.521486866955634,29.343686565351565,-27.632700444717127,positive_cross,toward_S1,1.7889044190028676
0,mustang,2024-03-29 18:52:19+00:00,40.289215,-88.126149,-49.816014676854486,618.0,-10.78415285829221,rs6,21.80797774787384,29.75333229323456,7.945354545360722,2,21.80797774787384,29.75333229323456,7.945354545360722,-27.632700444717127,positive_cross,toward_S1,1.589197884590049
0,mustang,2024-03-29 18:52:20+00:00,40.289306,-88.126148,-59.93463657734611,619.0,-10.118621900491625,rs8,19.662869423489227,31.870778830597587,12.20790940710836,1,19.662869423489227,31.870778830597587,12.20790940710836,-78.92951005359993,positive_cross,toward_S1,1.3517569162269225
0,mustang,2024-03-29 18:52:21+00:00,40.289394,-88.126147,-69.71972797631656,620.0,-9.78509139897045,rs8,9.965430265616671,29.6108008079361,19.64537054231943,1,9.965430265616671,41.62895871278727,31.663528447170595,-78.92951005359993,positive_cross,toward_S1,1.1705515199496919
0,mustang,2024-03-29 18:52:22+00:00,40.289478,-88.126147,-79.05858199837022,621.0,-9.338854022053653,rs8,2.029795629001117,28.168343390890648,26.13854776188953,1,2.029795629001117,50.95825947466879,48.92846384566768,-78.92951005359993,positive_cross,toward_S1,0.9976097788005502
0,mustang,2024-03-29 18:52:23+00:00,40.289551,-88.12615,-87.1699007221972,622.0,-8.111318723826983,rs8,8.016141726366639,29.129696399315378,21.113554672948737,1,8.016141726366639,59.08068178612566,51.06454005975902,-78.92951005359993,positive_cross,toward_S1,0.8474001728037542
0,mustang,2024-03-29 18:52:24+00:00,40.289617,-88.126155,-94.49992152469264,623.0,-7.33002080249544,rs8,15.27195355247651,31.64235170628525,16.37039815380874,1,15.27195355247651,66.43345851111864,51.16150495864213,-78.92951005359993,positive_cross,toward_S1,0.7116590468316164
0,mustang,2024-03-29 18:52:25+00:00,40.289675,-88.126184,-100.90380663008658,624.0,-6.40388510539394,rs8,22.09149332298661,33.40422644338589,11.312733120399276,1,22.09149332298661,73.02638325177067,50.93488992878406,-78.92951005359993,positive_cross,toward_S1,0.5930685819169139
0,mustang,2024-03-29 18:52:26+00:00,40.289708,-88.126244,-104.48083956557925,625.0,-3.5770329354926673,rs8,27.154019568704346,32.60086506045371,5.446845491749361,1,27.154019568704346,77.2274454805239,50.073425911819555,-78.92951005359993,positive_cross,toward_S1,0.5268272312596423
0,mustang,2024-03-29 18:52:27+00:00,40.289708,-88.126321,-104.3630262641418,626.0,0.11781330143745095,rs10,29.06876969002095,30.22389225539147,1.1551225653705188,1,29.06876969002095,78.40199966867908,49.33322997865813,-78.92951005359993,negative_cross,ambiguous,0.5290089590640394
0,mustang,2024-03-29 18:52:28+00:00,40.289663,-88.126392,-99.25143570822097,627.0,5.111590555920827,rs10,22.05974135963753,30.40948096620901,8.349739606571479,1,22.05974135963753,72.91050231713206,50.85076095749453,-78.92951005359993,negative_cross,toward_S4,0.6236680434329437
0,mustang,2024-03-29 18:52:29+00:00,40.289587,-88.126418,-90.76221524027015,628.0,8.489220467950815,rs10,13.376718602467058,27.582379271073744,14.205660668606686,1,13.376718602467058,64.22448101777847,50.847762415311415,-78.92951005359993,negative_cross,toward_S4,0.7808758298764773
0,mustang,2024-03-29 18:52:30+00:00,40.289506,-88.126415,-81.76148184837498,629.0,9.000733391895167,rs10,6.3673974790442385,24.869053115700222,18.501655636655983,1,6.3673974790442385,55.360953096643,48.993555617598766,-78.92951005359993,negative_cross,toward_S4,0.947556077874536
0,mustang,2024-03-29 18:52:31+00:00,40.289427,-88.126418,-72.97392186583268,630.0,8.787559982542305,rs10,7.523912326013052,25.71044468246018,18.18653235644713,1,7.523912326013052,46.6715592245793,39.147646898566244,-78.92951005359993,negative_cross,toward_S4,1.110288670143838
0,mustang,2024-03-29 18:52:32+00:00,40.289347,-88.126424,-64.07059492057111,631.0,8.903326945261568,rs10,15.09849648398859,29.56965408313591,14.471157599147318,1,15.09849648398859,37.8624576353285,22.763961151339906,-78.92951005359993,negative_cross,toward_S4,1.275165095056089
0,mustang,2024-03-29 18:52:33+00:00,40.289262,-88.12643,-54.61138380795082,632.0,9.459211112620288,rs10,24.173714954398896,28.582137181331525,4.408422226932629,1,24.173714954398896,28.582137181331525,4.408422226932629,-78.92951005359993,negative_cross,toward_S4,1.4503356712157243
0,mustang,2024-03-29 18:52:34+00:00,40.289173,-88.126434,-44.710525446239345,633.0,9.900858361711478,rs7,19.140548768602414,31.75998639753641,12.619437628933994,2,19.140548768602414,33.92820061447592,14.787651845873505,-27.632700444717127,negative_cross,toward_S4,1.6837439814532922
0,mustang,2024-03-29 18:52:35+00:00,40.289083,-88.126436,-34.70155033697957,634.0,10.008975109259772,rs7,10.621924958092,27.89676111330523,17.27483615521323,2,10.621924958092,43.87501340990385,33.25308845181185,-27.632700444717127,negative_cross,toward_S4,1.8690953723655102
0,mustang,2024-03-29 18:52:36+00:00,40.288994,-88.126436,-24.806812147567232,635.0,9.89473818941234,rs7,7.857279822856047,27.173008474096996,19.31572865124095,2,7.857279822856047,52.778531347710825,44.921251524854775,-27.632700444717127,negative_cross,toward_S4,2.052331264762035
0,mustang,2024-03-29 18:52:37+00:00,40.288905,-88.126441,-14.904423742983893,636.0,9.90238840458334,rs7,14.158333338140974,30.29192789373086,16.133594555589887,2,14.158333338140974,43.02962990757446,28.871296569433486,-27.632700444717127,negative_cross,toward_S4,2.2357088278098747
0,mustang,2024-03-29 18:52:38+00:00,40.288815,-88.126449,-4.886268376471236,637.0,10.018155366512657,rs7,23.176552411609805,33.193749939137426,10.017197527527621,2,23.176552411609805,33.193749939137426,10.017197527527621,-27.632700444717127,negative_cross,toward_S4,2.421230223486035
0,mustang,2024-03-29 18:52:39+00:00,40.288724,-88.12646,5.247653951992486,638.0,10.133922328463722,rs5,23.32634500369616,32.856299651237336,9.529954647541174,3,23.32634500369616,32.856299651237336,9.529954647541174,26.33125891160298,negative_cross,toward_S4,2.609562871118324
0,mustang,2024-03-29 18:52:40+00:00,40.288636,-88.126473,15.051105866280423,639.0,9.803451914287937,rs5,14.079867034645192,32.569480672261285,18.489613637616095,3,14.079867034645192,42.4120721009029,28.332205066257707,26.33125891160298,negative_cross,toward_S4,2.791108276938471
0,mustang,2024-03-29 18:52:41+00:00,40.288549,-88.126492,24.752561202905834,640.0,9.701455336625411,rs5,6.366337056488852,32.255869877409076,25.889532820920223,3,6.366337056488852,51.937192136337636,45.57085507984878,26.33125891160298,negative_cross,toward_S4,2.970764857246349
0,mustang,2024-03-29 18:52:42+00:00,40.288462,-88.126507,34.44789636883378,641.0,9.695335165927947,rs5,8.85283262494262,34.49253400628598,25.639701381343357,3,8.85283262494262,47.1330963183991,38.280263693456476,26.33125891160298,negative_cross,toward_S4,3.1503081010598297
0,mustang,2024-03-29 18:52:43+00:00,40.288374,-88.126517,44.2467581544844,642.0,9.798861785650615,rs5,17.710419136078862,37.30850083447755,19.598081698398687,3,17.710419136078862,37.30850083447755,19.598081698398687,26.33125891160298,negative_cross,toward_S4,3.331768504497804
0,mustang,2024-03-29 18:52:44+00:00,40.288283,-88.126522,54.371500225673486,643.0,10.12474207118909,rs2,27.193467012231995,27.620741630957287,0.42727461872529204,4,27.193467012231995,27.620741630957287,0.42727461872529204,80.2309515867141,negative_cross,toward_S4,3.5211212710918405
0,mustang,2024-03-29 18:52:45+00:00,40.288195,-88.126521,64.15353153890022,644.0,9.782031313226739,rs2,17.50636088489805,37.36037617170161,19.85401528680356,4,17.50636088489805,37.36037617170161,19.85401528680356,80.2309515867141,negative_cross,toward_S4,3.702269999114558
0,mustang,2024-03-29 18:52:46+00:00,40.28811,-88.12652,73.60203235139576,645.0,9.448500812495539,rs2,8.376980517202623,34.95531634366868,26.578335826466052,4,8.376980517202623,46.787483892537566,38.41050337533494,80.2309515867141,negative_cross,toward_S4,3.877242236382994
0,mustang,2024-03-29 18:52:47+00:00,40.288029,-88.12652,82.6073558727182,646.0,9.005323521322438,rs2,3.294079462991331,34.55746351520567,31.263384052214338,4,3.294079462991331,55.774344209677224,52.48026474668589,80.2309515867141,negative_cross,toward_S4,4.044007486777854
0,mustang,2024-03-29 18:52:48+00:00,40.287955,-88.126492,90.79160035874375,647.0,8.184244486025548,rs2,10.897231300991482,33.95454009727718,23.0573087962857,4,10.897231300991482,64.16780412228019,53.27057282128871,80.2309515867141,negative_cross,toward_S4,4.195567569852401
0,mustang,2024-03-29 18:52:49+00:00,40.287895,-88.126438,97.37958805886007,648.0,6.587987700116315,rs2,18.977609262935893,32.775270536874736,13.797661273938843,4,18.977609262935893,71.34824638165838,52.37063711872249,80.2309515867141,negative_cross,toward_S4,4.317567342076777
0,mustang,2024-03-29 18:52:50+00:00,40.287872,-88.126353,99.80660158696189,649.0,2.427013528101824,rs2,25.410371927863476,28.77455696838107,3.3641850405175937,4,25.410371927863476,75.24961554224082,49.83924361437734,80.2309515867141,negative_cross,toward_S4,4.3625120370416255
0,mustang,2024-03-29 18:52:51+00:00,40.28789,-88.126271,97.67995506677794,650.0,-2.1266465201839537,rs1,22.730073193089794,29.378410285090453,6.648337092000659,4,22.730073193089794,73.10449575510576,50.374422562015965,80.2309515867141,positive_cross,toward_S1,4.323129694075257
0,mustang,2024-03-29 18:52:52+00:00,40.287934,-88.126218,92.70708211590778,651.0,-4.972872950870155,rs1,16.14898100725068,31.009873710470956,14.860892703220276,4,16.14898100725068,67.55727208527708,51.408291078026394,80.2309515867141,positive_cross,toward_S1,4.2310394542443275
0,mustang,2024-03-29 18:52:53+00:00,40.287989,-88.126188,86.54645498158798,652.0,-6.160627134319796,rs1,9.70796731344176,31.74001430505065,22.03204699160889,4,9.70796731344176,61.179765096308444,51.47179778286669,80.2309515867141,positive_cross,toward_S1,4.116953766571739
0,mustang,2024-03-29 18:52:54+00:00,40.288055,-88.126177,79.1919534930776,653.0,-7.35450148851038,rs1,5.328759756760596,32.208109816241496,26.8793500594809,4,5.328759756760596,53.78161978593894,48.452860029178346,80.2309515867141,positive_cross,toward_S1,3.980759294562287
0,mustang,2024-03-29 18:52:55+00:00,40.288127,-88.126166,71.17039100231489,654.0,-8.021562490762719,rs1,9.066810668675204,34.48625607840116,25.41944540972596,4,9.066810668675204,45.72000314763698,36.65319247896178,80.2309515867141,positive_cross,toward_S1,3.832211841029644
0,mustang,2024-03-29 18:52:56+00:00,40.288206,-88.12616,62.37824089115699,655.0,-8.792150111157895,rs1,17.162998909391288,36.92806105197784,19.765062142586554,4,17.162998909391288,36.92806105197784,19.765062142586554,80.2309515867141,positive_cross,toward_S1,3.6693942463785723
0,mustang,2024-03-29 18:52:57+00:00,40.28829,-88.126155,53.03173665472233,656.0,-9.346504236434662,rs1,26.28923218229161,27.6015915343256,1.3123593520339902,4,26.28923218229161,27.6015915343256,1.3123593520339902,80.2309515867141,positive_cross,toward_S1,3.496310834592745
0,mustang,2024-03-29 18:52:58+00:00,40.288375,-88.126152,43.57711567073936,657.0,-9.45462098398297,rs3,18.223034323879435,35.65908273069656,17.436048406817125,3,18.223034323879435,35.65908273069656,17.436048406817125,26.33125891160298,positive_cross,toward_S1,3.319367717761785
0,mustang,2024-03-29 18:52:59+00:00,40.288459,-88.12615,34.23520156292025,658.0,-9.341914107819107,rs3,9.145204341157411,35.86311609578678,26.71791175462937,3,9.145204341157411,44.96030062307823,35.81509628192082,26.33125891160298,positive_cross,toward_S1,3.1463693083577273
0,mustang,2024-03-29 18:53:00+00:00,40.288542,-88.126151,25.009054417842176,659.0,-9.226147145078077,rs3,3.358880490379284,34.94109421371353,31.58221372333424,3,3.358880490379284,53.28608508199055,49.927204591611265,26.33125891160298,positive_cross,toward_S1,2.975514731597022
0,mustang,2024-03-29 18:53:01+00:00,40.288626,-88.126147,15.6640802243011,660.0,-9.344974193541075,rs3,10.43671524662599,36.853360478803914,26.416645232177924,3,10.43671524662599,43.93852930406391,33.501814057437926,26.33125891160298,positive_cross,toward_S1,2.802459653938854
0,mustang,2024-03-29 18:53:02+00:00,40.288712,-88.126142,6.095222321238926,661.0,-9.568857903062174,rs3,19.73843431803716,34.36461525471832,14.626180936681163,3,19.73843431803716,34.36461525471832,14.626180936681163,26.33125891160298,positive_cross,toward_S1,2.6252585816599248
0,mustang,2024-03-29 18:53:03+00:00,40.288798,-88.126137,-3.4736355826132055,662.0,-9.56885790385213,rs6,24.791437717863026,29.21716508292337,4.425727365060343,2,24.791437717863026,29.21716508292337,4.425727365060343,-27.632700444717127,positive_cross,toward_S1,2.4473900900389616
0,mustang,2024-03-29 18:53:04+00:00,40.288885,-88.126137,-13.146020105398055,663.0,-9.67238452278485,rs6,15.149724545718458,35.91367994242703,20.763955396708575,2,15.149724545718458,38.87497762967036,23.725253083951905,-27.632700444717127,positive_cross,toward_S1,2.2682718581355386
0,mustang,2024-03-29 18:53:05+00:00,40.288976,-88.126139,-23.26005187648414,664.0,-10.114031771086086,rs6,5.26163514913049,32.98082019085103,27.719185041720536,2,5.26163514913049,48.99238373128314,43.73074858215265,-27.632700444717127,positive_cross,toward_S1,2.080974973485796
0,mustang,2024-03-29 18:53:06+00:00,40.289068,-88.126142,-33.483730438780334,665.0,-10.223678562296193,rs6,5.684712083188449,32.960707332951586,27.275995249763135,2,5.684712083188449,46.051927710037155,40.367215626848704,-27.632700444717127,positive_cross,toward_S1,1.8916475927025331
0,mustang,2024-03-29 18:53:07+00:00,40.289157,-88.126143,-43.37693858611078,666.0,-9.893208147330448,rs6,15.345586496018088,35.98546274900176,20.639876252983676,2,15.345586496018088,36.163791668106406,20.81820517208832,-27.632700444717127,positive_cross,toward_S1,1.708440034418636
0,mustang,2024-03-29 18:53:08+00:00,40.289241,-88.126143,-52.71579260737447,667.0,-9.338854021263685,rs6,24.630984141944115,26.833830272619107,2.202846130674992,2,24.630984141944115,26.833830272619107,2.202846130674992,-27.632700444717127,positive_cross,toward_S1,1.5354982932841232
0,mustang,2024-03-29 18:53:09+00:00,40.289326,-88.126143,-62.16582346353182,668.0,-9.450030856157355,rs8,17.40705528179337,33.03591589494195,15.628860613148582,1,17.40705528179337,34.059014621311796,16.651959339518427,-78.92951005359993,positive_cross,toward_S1,1.3104386405568167
0,mustang,2024-03-29 18:53:10+00:00,40.289406,-88.126143,-71.05997015075056,669.0,-8.894146687218736,rs8,8.590118584801921,29.553983977982917,20.963865393180996,1,8.590118584801921,42.94298355425135,34.35286496944943,-78.92951005359993,positive_cross,toward_S1,1.1457322204231364
0,mustang,2024-03-29 18:53:11+00:00,40.289482,-88.126145,-79.50634941818062,670.0,-8.44637926743006,rs8,1.815755368419063,28.34483139296396,26.5290760245449,1,1.815755368419063,51.394681476692725,49.57892610827366,-78.92951005359993,positive_cross,toward_S1,0.989317789544802
0,mustang,2024-03-29 18:53:12+00:00,40.289553,-88.126149,-87.39378443169657,671.0,-7.8874350135159546,rs8,8.207284824090015,29.275223370352045,21.067938546262027,1,8.207284824090015,59.29902229454907,51.09173747045905,-78.92951005359993,positive_cross,toward_S1,0.8432541781833954
0,mustang,2024-03-29 18:53:13+00:00,40.289617,-88.126188,-94.44943010979088,672.0,-7.055645678094308,rs8,15.999650184711614,29.242980271057874,13.24333008634626,1,15.999650184711614,66.62590557622423,50.626255391512615,-78.92951005359993,positive_cross,toward_S1,0.7125940730335008
0,mustang,2024-03-29 18:53:14+00:00,40.289655,-88.126258,-98.56704678546005,673.0,-4.117616675669169,rs8,22.38615554086457,27.340644679664127,4.9544891387995555,1,22.38615554086457,71.58230608056564,49.19615053970107,-78.92951005359993,positive_cross,toward_S1,0.6363419123729607
0,mustang,2024-03-29 18:53:15+00:00,40.289654,-88.126335,-98.33805664994067,674.0,0.22899013551938197,rs10,23.254951779442184,26.239838972773423,2.9848871933312395,1,23.254951779442184,72.83311767446548,49.578165895023304,-78.92951005359993,negative_cross,ambiguous,0.6405824704381344
0,mustang,2024-03-29 18:53:16+00:00,40.289617,-88.1264,-94.12506102013083,675.0,4.212995629809839,rs10,17.04490335587871,27.85771844818825,10.812815092309542,1,17.04490335587871,67.75069521944044,50.705791863561736,-78.92951005359993,negative_cross,toward_S4,0.7186009080272056
0,mustang,2024-03-29 18:53:17+00:00,40.28955,-88.126431,-86.62878184001434,676.0,7.496279180116488,rs10,9.173157884624159,27.16119090593758,17.98803302131342,1,9.173157884624159,59.99720566342525,50.82404777880109,-78.92951005359993,negative_cross,toward_S4,0.8574208928441776
0,mustang,2024-03-29 18:53:18+00:00,40.289475,-88.126429,-78.29357940668798,677.0,8.335202433326359,rs10,4.2438650973962,25.921788871021043,21.677923773624844,1,4.2438650973962,51.76609338466792,47.522228287271716,-78.92951005359993,negative_cross,toward_S4,1.0117764934613322
0,mustang,2024-03-29 18:53:19+00:00,40.289397,-88.126435,-69.61260612884385,678.0,8.680973277844132,rs10,9.557224476951692,28.05297458952498,18.495750112573287,1,9.557224476951692,43.12583065557451,33.568606178622815,-78.92951005359993,negative_cross,toward_S4,1.1725352578658532
0,mustang,2024-03-29 18:53:20+00:00,40.289311,-88.12644,-60.04374822499174,679.0,9.568857903852113,rs10,18.65919185481285,32.88626351838468,14.22707166357183,1,18.65919185481285,33.65831123370676,14.999119378893912,-78.92951005359993,negative_cross,toward_S4,1.349736330159411
0,mustang,2024-03-29 18:53:21+00:00,40.28922,-88.126444,-49.92053619665277,680.0,10.123212028338969,rs7,23.765483940688515,28.639427261555234,4.873943320866719,2,23.765483940688515,28.639427261555234,4.873943320866719,-27.632700444717127,negative_cross,toward_S4,1.5872623008900808
0,mustang,2024-03-29 18:53:22+00:00,40.289126,-88.126441,-39.47450396772907,681.0,10.446032228923698,rs7,14.196896225626755,29.846351097664623,15.649454872037868,2,14.196896225626755,39.07357784882192,24.876681623195164,-27.632700444717127,negative_cross,toward_S4,1.7807073421664454
0,mustang,2024-03-29 18:53:23+00:00,40.289031,-88.126436,-28.920354990445393,682.0,10.554148977283678,rs7,7.692430193262381,27.039595568006828,19.347165374744446,2,7.692430193262381,49.64108390174898,41.948653708486596,-27.632700444717127,negative_cross,toward_S4,1.9761545454494767
0,mustang,2024-03-29 18:53:24+00:00,40.288937,-88.126435,-18.471262674966283,683.0,10.44909231547911,rs7,11.543381111537746,28.481983002244753,16.938601890707005,2,11.543381111537746,46.60855877415199,35.06517766261424,-27.632700444717127,negative_cross,toward_S4,2.169656254995386
0,mustang,2024-03-29 18:53:25+00:00,40.288846,-88.126442,-8.343460518011735,684.0,10.127802156954548,rs7,20.08353335550659,33.67182131377886,13.588287958272268,2,20.08353335550659,36.66832089026675,16.58478753476016,-27.632700444717127,negative_cross,toward_S4,2.357208146790841
0,mustang,2024-03-29 18:53:26+00:00,40.288756,-88.126456,1.6838751057755548,685.0,10.02733562378729,rs5,26.774642349753805,29.4173756765524,2.642733326798595,3,26.774642349753805,29.4173756765524,2.642733326798595,26.33125891160298,negative_cross,toward_S4,2.5435669665587515
0,mustang,2024-03-29 18:53:27+00:00,40.288668,-88.12647,11.488857062123646,686.0,9.804981956348092,rs5,17.29864425886881,33.72086802384548,16.422223764976675,3,17.29864425886881,38.902656974018505,21.604012715149697,26.33125891160298,negative_cross,toward_S4,2.7251407064911235
0,mustang,2024-03-29 18:53:28+00:00,40.288581,-88.126486,21.185722270923446,687.0,9.6968652087998,rs5,8.664061203598761,32.10690982760235,23.442848624003588,3,8.664061203598761,48.41477233853585,39.750711134937085,26.33125891160298,negative_cross,toward_S4,2.9047122844318607
0,mustang,2024-03-29 18:53:29+00:00,40.288491,-88.126501,31.214587937582593,688.0,10.028865666659147,rs5,6.743016704576901,33.36460989783253,26.621593193255627,3,6.743016704576901,50.3915186787328,43.6485019741559,26.33125891160298,negative_cross,toward_S4,3.0904320189996226
0,mustang,2024-03-29 18:53:30+00:00,40.288399,-88.126512,41.45968710015003,689.0,10.245099162567435,rs5,15.123532373746814,37.18584148045805,22.06230910671124,3,15.123532373746814,40.11624853444689,24.992716160700077,26.33125891160298,negative_cross,toward_S4,3.280156077565686
0,mustang,2024-03-29 18:53:31+00:00,40.288307,-88.126519,51.698666090418314,690.0,10.238978990268286,rs5,25.01054571199292,29.87484424576115,4.864298533768231,3,25.01054571199292,29.87484424576115,4.864298533768231,26.33125891160298,negative_cross,toward_S4,3.4697667996076915
0,mustang,2024-03-29 18:53:32+00:00,40.288218,-88.126521,61.59646436636434,691.0,9.897798275946023,rs2,20.032008326298897,34.814391373832606,14.78238304753371,4,20.032008326298897,34.814391373832606,14.78238304753371,80.2309515867141,negative_cross,toward_S4,3.654916903326856
0,mustang,2024-03-29 18:53:33+00:00,40.288131,-88.126519,71.26578880340548,692.0,9.669324437041148,rs2,10.610374621732356,35.351215344503586,24.74084072277123,4,10.610374621732356,44.46600374296041,33.855629121228056,80.2309515867141,negative_cross,toward_S4,3.8339784669757666
0,mustang,2024-03-29 18:53:34+00:00,40.288052,-88.126517,80.04569857156673,693.0,8.779909768161247,rs2,3.5799971681630973,34.177563058645795,30.5975658904827,4,3.5799971681630973,53.23959760082034,49.65960043265724,80.2309515867141,negative_cross,toward_S4,3.996569388608382
0,mustang,2024-03-29 18:53:35+00:00,40.287979,-88.126488,88.11723618059499,694.0,8.071537609028255,rs2,8.903176164123176,32.841998666551035,23.93882250242786,4,8.903176164123176,61.54442674588431,52.641250581761135,80.2309515867141,negative_cross,toward_S4,4.14604230729409
0,mustang,2024-03-29 18:53:36+00:00,40.287915,-88.126452,95.17747198732661,695.0,7.060235806731626,rs2,16.462109126710995,32.6545433446292,16.1924342179182,4,16.462109126710995,68.9775601523654,52.5154510256544,80.2309515867141,negative_cross,toward_S4,4.276787414826158
0,mustang,2024-03-29 18:53:38+00:00,40.287881,-88.126378,98.84426115667344,697.0,1.8333945846734139,rs2,23.2529325771546,29.639825142384538,6.386892565229939,4,23.2529325771546,73.79844162960391,50.54550905244932,80.2309515867141,negative_cross,toward_S4,4.34469091796221
0,mustang,2024-03-29 18:53:39+00:00,40.287886,-88.126298,98.16597355847179,698.0,-0.6782875982016492,rs1,24.48371538833891,27.79475997141798,3.3110445830790702,4,24.48371538833891,73.99578253487371,49.512067146534804,80.2309515867141,positive_cross,toward_S1,4.332130036514031
0,mustang,2024-03-29 18:53:40+00:00,40.287918,-88.126237,94.51498226831978,699.0,-3.6509912901520067,rs1,18.523709325312453,30.278991077515496,11.755281752203043,4,18.523709325312453,69.54863057012221,51.02492124480976,80.2309515867141,positive_cross,toward_S1,4.264519086696401
0,mustang,2024-03-29 18:53:41+00:00,40.287969,-88.126197,88.78376204007283,700.0,-5.731220228246954,rs1,11.930856020326654,31.471457807640046,19.540601787313392,4,11.930856020326654,63.474410805680115,51.543554785353464,80.2309515867141,positive_cross,toward_S1,4.158385378765902
0,mustang,2024-03-29 18:53:42+00:00,40.288033,-88.126182,81.64549404668078,701.0,-7.1382679933920485,rs1,6.282120491918293,31.749353294458132,25.46723280253984,4,6.282120491918293,56.25940865106957,49.97728815915128,80.2309515867141,positive_cross,toward_S1,4.026195230740123
0,mustang,2024-03-29 18:53:43+00:00,40.288104,-88.126171,73.73510839002175,702.0,-7.910385656659031,rs1,7.216984080953969,33.44216709562256,26.225183014668588,4,7.216984080953969,48.30806811001303,41.09108402905906,80.2309515867141,positive_cross,toward_S1,3.8797066074686604
0,mustang,2024-03-29 18:53:44+00:00,40.28818,-88.12616,65.26883856521405,703.0,-8.466269824807696,rs1,14.361142329315078,37.04359337522907,22.682451045913993,4,14.361142329315078,39.80372084894984,25.442578519634758,80.2309515867141,positive_cross,toward_S1,3.7229238329351846
0,mustang,2024-03-29 18:53:45+00:00,40.288263,-88.126155,56.03351116209313,704.0,-9.235327403120927,rs1,23.31562261464908,30.581152322107677,7.265529707458597,4,23.31562261464908,30.581152322107677,7.265529707458597,80.2309515867141,positive_cross,toward_S1,3.551899251395908
0,mustang,2024-03-29 18:53:46+00:00,40.288352,-88.126152,46.13418284327525,705.0,-9.89932831881788,rs3,20.742353859764975,33.112043616074004,12.369689756309029,3,20.742353859764975,33.112043616074004,12.369689756309029,26.33125891160298,positive_cross,toward_S1,3.3667208135494864
0,mustang,2024-03-29 18:53:47+00:00,40.288443,-88.126145,36.00638068629895,706.0,-10.127802156976301,rs3,10.711847237548506,36.70250367862687,25.990656441078364,3,10.711847237548506,43.15714969433921,32.44530245679071,26.33125891160298,positive_cross,toward_S1,3.179168921753629
0,mustang,2024-03-29 18:53:48+00:00,40.288535,-88.126138,25.767401695240697,707.0,-10.23897899105825,rs3,2.1917786348541446,36.02132657934259,33.829547944488446,3,2.1917786348541446,53.34901476520559,51.15723613035144,26.33125891160298,positive_cross,toward_S1,2.9895581996969947
0,mustang,2024-03-29 18:53:49+00:00,40.288626,-88.126136,15.64724975266718,708.0,-10.120151942573516,rs3,10.212000919652489,37.747071253413516,27.535070333761027,3,10.212000919652489,43.89543811434981,33.68343719469732,26.33125891160298,positive_cross,toward_S1,2.802147978538226
0,mustang,2024-03-29 18:53:50+00:00,40.288712,-88.126137,6.087572106857895,709.0,-9.559677645809286,rs3,19.688591614415678,34.34167081315095,14.65307919873527,3,19.688591614415678,34.34167081315095,14.65307919873527,26.33125891160298,positive_cross,toward_S1,2.6251169110232393
0,mustang,2024-03-29 18:53:51+00:00,40.288795,-88.126136,-3.1416351247538583,710.0,-9.229207231611753,rs6,25.118974747068222,28.878305966977127,3.759331219908905,2,25.118974747068222,28.878305966977127,3.759331219908905,-27.632700444717127,positive_cross,toward_S1,2.4535382466659863
0,mustang,2024-03-29 18:53:52+00:00,40.288873,-88.126136,-11.813428145345094,711.0,-8.671793020591236,rs6,16.468919226644644,36.54920765656072,20.080288429916074,2,16.468919226644644,37.53762794640671,21.068708719762064,-27.632700444717127,positive_cross,toward_S1,2.292949487025408
0,mustang,2024-03-29 18:53:53+00:00,40.288946,-88.126137,-19.927806954915813,712.0,-8.114378809570718,rs6,8.437341845465841,33.751495388366266,25.314153542900424,2,8.437341845465841,45.65131616043881,37.21397431497297,-27.632700444717127,positive_cross,toward_S1,2.1426832127740982
0,mustang,2024-03-29 18:53:54+00:00,40.289014,-88.12614,-27.483241510572412,713.0,-7.5554345556566,rs6,2.02941630104552,32.60533196993661,30.57591566889109,2,2.02941630104552,52.050284090969704,50.02086778992418,-27.632700444717127,positive_cross,toward_S1,2.0027677580397167
0,mustang,2024-03-29 18:53:55+00:00,40.289082,-88.126142,-35.04020610912261,714.0,-7.556964598550195,rs6,7.157457154880146,33.272930045991124,26.11547289111098,2,7.157457154880146,44.495685161217644,37.338228006337495,-27.632700444717127,positive_cross,toward_S1,1.8628239691776762
0,mustang,2024-03-29 18:53:56+00:00,40.289147,-88.126142,-42.266700292685314,715.0,-7.226494183562707,rs6,14.232613706463026,35.58970550027336,21.357091793810334,2,14.232613706463026,37.27128688721997,23.038673180756945,-27.632700444717127,positive_cross,toward_S1,1.729000002815404
0,mustang,2024-03-29 18:53:57+00:00,40.289205,-88.126143,-48.713426598600016,716.0,-6.4467263059147015,rs6,20.645163245142207,30.83141726876531,10.186254023623103,2,20.645163245142207,30.83141726876531,10.186254023623103,-27.632700444717127,positive_cross,toward_S1,1.6096161823355022
0,mustang,2024-03-29 18:53:58+00:00,40.289262,-88.126144,-55.048976070411,717.0,-6.335549471810985,rs8,24.508739355498317,26.96546962865624,2.4567302731579232,1,24.508739355498317,26.96546962865624,2.4567302731579232,-78.92951005359993,positive_cross,toward_S1,1.4422321107997949
0,mustang,2024-03-29 18:53:59+00:00,40.289318,-88.126143,-61.27640879465196,718.0,-6.2274327242409555,rs8,18.29307278483038,33.1710345889506,14.877961804120218,1,18.29307278483038,33.1710345889506,14.877961804120218,-78.92951005359993,positive_cross,toward_S1,1.3269092825731106
0,mustang,2024-03-29 18:54:00+00:00,40.289369,-88.126141,-66.94948739361612,719.0,-5.673078598964167,rs8,12.632883812783486,31.052419342662823,18.419535529879337,1,12.632883812783486,38.824296496946225,26.19141268416274,-78.92951005359993,positive_cross,toward_S1,1.2218522714811815
0,mustang,2024-03-29 18:54:01+00:00,40.289414,-88.126138,-71.95703503401147,720.0,-5.0075476403953445,rs8,7.639469671517217,29.744239940323684,22.10477026880647,1,7.639469671517217,43.812888217687345,36.173418546170126,-78.92951005359993,positive_cross,toward_S1,1.1291199077701566
0,mustang,2024-03-29 18:54:02+00:00,40.289459,-88.126136,-76.9630526315132,721.0,-5.0060175975017245,rs8,2.745521225833869,29.162905183573017,26.417383957739148,1,2.745521225833869,48.80884527419385,46.06332404835998,-78.92951005359993,positive_cross,toward_S1,1.0364158781867914
0,mustang,2024-03-29 18:54:03+00:00,40.289501,-88.126138,-81.62941955679632,722.0,-4.666366925283128,rs8,2.4603185414517195,29.06338347802398,26.60306493657226,1,2.4603185414517195,53.4833926142001,51.02307407274838,-78.92951005359993,positive_cross,toward_S1,0.9500016758667335
0,mustang,2024-03-29 18:54:04+00:00,40.289543,-88.12614,-86.29578648205766,723.0,-4.666366925261343,rs8,6.947803719636199,29.708399838471543,22.760596118835345,1,6.947803719636199,58.15794634360865,51.21014262397245,-78.92951005359993,positive_cross,toward_S1,0.863587473547079
0,mustang,2024-03-29 18:54:05+00:00,40.289584,-88.126143,-90.84944653036521,724.0,-4.553660048307549,rs8,11.485875663474513,30.930161312187483,19.44428564871297,1,11.485875663474513,62.724196765012884,51.238321101538375,-78.92951005359993,positive_cross,toward_S1,0.7792604356154577
0,mustang,2024-03-29 18:54:06+00:00,40.289623,-88.126154,-95.16851256902692,725.0,-4.319066038661703,rs8,15.91553585630915,32.051095382959744,16.135559526650596,1,15.91553585630915,67.09610386726976,51.18056801096061,-78.92951005359993,positive_cross,toward_S1,0.6992777311957965
0,mustang,2024-03-29 18:54:07+00:00,40.289657,-88.126192,-98.89038328189106,726.0,-3.7218707128641455,rs8,20.3325969032178,31.587224910432422,11.25462800721462,1,20.3325969032178,71.08749482061296,50.754897917395155,-78.92951005359993,positive_cross,toward_S1,0.6303541994760902
0,mustang,2024-03-29 18:54:08+00:00,40.289678,-88.126248,-101.139414386758,727.0,-2.249031104866944,rs8,24.240877574656466,29.80602530005826,5.565147725401793,1,24.240877574656466,73.97442949611968,49.73355192146322,-78.92951005359993,positive_cross,toward_S1,0.5887054753118874
0,mustang,2024-03-29 18:54:09+00:00,40.289677,-88.126315,-100.92572467997891,728.0,0.2136897067790926,rs10,26.323317150962364,27.112372164740325,0.7890550137779613,1,26.323317150962364,74.9269574472736,48.60364029631123,-78.92951005359993,negative_cross,ambiguous,0.5926626921040928
0,mustang,2024-03-29 18:54:10+00:00,40.289658,-88.12637,-98.72921248413009,729.0,2.1965121958488254,rs10,22.245402588645764,28.654942115632707,6.4095395269869435,1,22.245402588645764,72.67398306321883,50.42858047457307,-78.92951005359993,negative_cross,toward_S4,0.633338843879071
0,mustang,2024-03-29 18:54:11+00:00,40.289622,-88.126408,-94.66870484528289,730.0,4.060507638847199,rs10,17.30986385402258,28.72945364145013,11.419589787427551,1,17.30986385402258,68.19859958523445,50.88873573121187,-78.92951005359993,negative_cross,toward_S4,0.7085334297836489
0,mustang,2024-03-29 18:54:12+00:00,40.289572,-88.126423,-89.08691252223309,731.0,5.581792323049797,rs10,11.6768965703898,27.311148581842357,15.634252011452556,1,11.6768965703898,62.513323612967824,50.83642704257802,-78.92951005359993,negative_cross,toward_S4,0.8118999542845711
0,mustang,2024-03-29 18:54:13+00:00,40.289513,-88.126414,-82.541249726023,732.0,6.545662796210095,rs10,6.874382181594927,24.88130699155575,18.00692480996082,1,6.874382181594927,56.1427679404582,49.268385758863275,-78.92951005359993,negative_cross,toward_S4,0.9331159319921654
0,mustang,2024-03-29 18:54:14+00:00,40.289443,-88.126408,-74.76805163156452,733.0,7.773198094458479,rs10,7.059752452708468,24.511967357873488,17.45221490516502,1,7.059752452708468,48.58404222922475,41.524289776516284,-78.92951005359993,negative_cross,toward_S4,1.0770640448525075
0,mustang,2024-03-29 18:54:15+00:00,40.289364,-88.126408,-65.98508177765953,734.0,8.782969853904987,rs10,13.847340788510765,27.457012150255153,13.609671361744388,1,13.847340788510765,40.02009756261121,26.17275677410045,-78.92951005359993,negative_cross,toward_S4,1.239711634739637
0,mustang,2024-03-29 18:54:16+00:00,40.289279,-88.126413,-56.527400707911106,735.0,9.457681069748425,rs10,22.626546807345022,30.813002499111807,8.186455691766785,1,22.626546807345022,30.813002499111807,8.186455691766785,-78.92951005359993,negative_cross,toward_S4,1.4148538767720151
0,mustang,2024-03-29 18:54:17+00:00,40.289186,-88.126421,-46.175714840667254,736.0,10.351685867243852,rs7,20.911544627289455,31.65237037867188,10.740825751382424,2,20.911544627289455,32.639832592260746,11.72828796497129,-27.632700444717127,negative_cross,toward_S4,1.656610844519442
0,mustang,2024-03-29 18:54:18+00:00,40.289093,-88.12643,-35.82249893052979,737.0,10.353215910137465,rs7,11.777077847048174,27.707601895506983,15.930524048458809,2,11.777077847048174,42.813131002779464,31.036053155731288,-27.632700444717127,negative_cross,toward_S4,1.8483370650775433
0,mustang,2024-03-29 18:54:19+00:00,40.289,-88.126438,-25.470813063285924,738.0,10.351685867243866,rs7,7.51707846249266,27.278104238206943,19.761025775714284,2,7.51707846249266,53.06898891121688,45.551910448724215,-27.632700444717127,negative_cross,toward_S4,2.040034951507985
0,mustang,2024-03-29 18:54:20+00:00,40.288906,-88.126447,-15.006420319044754,739.0,10.46439274424117,rs7,13.813232924932226,30.707526346769157,16.89429342183693,2,13.813232924932226,43.0188181415981,29.205585216665877,-27.632700444717127,negative_cross,toward_S4,2.233820002327266
0,mustang,2024-03-29 18:54:21+00:00,40.28881,-88.12646,-4.313553736688656,740.0,10.692866582356098,rs7,23.47739099041417,32.3990530260005,8.92166203558633,2,23.47739099041417,32.3990530260005,8.92166203558633,-27.632700444717127,negative_cross,toward_S4,2.4318360501486755
0,mustang,2024-03-29 18:54:22+00:00,40.288715,-88.126478,6.2757862259665105,741.0,10.589339962655167,rs5,21.853068933388634,33.6314704342072,11.778401500818568,3,21.853068933388634,33.6314704342072,11.778401500818568,26.33125891160298,negative_cross,toward_S4,2.628602357673399
0,mustang,2024-03-29 18:54:23+00:00,40.288621,-88.126489,16.743239055951395,742.0,10.467452829984886,rs5,11.945269845282775,33.33756269162756,21.392292846344787,3,11.945269845282775,43.958690203370196,32.01342035808742,26.33125891160298,negative_cross,toward_S4,2.822444076747193
0,mustang,2024-03-29 18:54:24+00:00,40.288528,-88.126501,27.101045094704432,743.0,10.357806038753036,rs5,5.220180461491006,32.999037562601465,27.77885710111046,3,5.220180461491006,54.23663505092172,49.016454589430715,26.33125891160298,negative_cross,toward_S4,3.014255299687064
0,mustang,2024-03-29 18:54:25+00:00,40.288434,-88.126511,37.566967881005766,744.0,10.465922786301334,rs5,11.475411910876849,35.68685565040526,24.211443739528413,3,11.475411910876849,44.000996365048756,32.525584454171906,26.33125891160298,negative_cross,toward_S4,3.20806868461857
0,mustang,2024-03-29 18:54:26+00:00,40.28834,-88.126516,48.02524045373775,745.0,10.458272572731985,rs5,21.43250851244181,33.55196722341813,12.119458710976321,3,21.43250851244181,33.55196722341813,12.119458710976321,26.33125891160298,negative_cross,toward_S4,3.4017403989284216
0,mustang,2024-03-29 18:54:27+00:00,40.28816,-88.126514,68.03401041502615,746.0,20.008769961288394,rs2,13.827594513347547,35.84945175016836,22.021857236820814,4,13.827594513347547,41.292552928741515,27.464958415393966,80.2309515867141,negative_cross,toward_S4,3.7741307190428155
0,mustang,2024-03-29 18:54:29+00:00,40.287994,-88.126492,86.45570384844814,748.0,9.210846716710996,rs2,7.4593003062890935,32.78041090688944,25.32111060060035,4,7.4593003062890935,59.850229869571095,52.390929563282,80.2309515867141,negative_cross,toward_S4,4.115273190032112
0,mustang,2024-03-29 18:54:30+00:00,40.287926,-88.126488,94.00960836123289,749.0,7.553904512784754,rs2,13.924052465346165,34.84149512044772,20.917442655101553,4,13.924052465346165,67.4109691795486,53.48691671420244,80.2309515867141,negative_cross,toward_S4,4.255160310639237
0,mustang,2024-03-29 18:54:31+00:00,40.287872,-88.126427,99.91982475978376,750.0,5.910216398550872,rs2,21.650124790786844,33.493372489117206,11.843247698330362,4,21.650124790786844,74.01843324602072,52.36830845523387,80.2309515867141,negative_cross,toward_S4,4.364608762464253
0,mustang,2024-03-29 18:54:32+00:00,40.287851,-88.126348,102.13366487769929,751.0,2.213840117915524,rs2,27.44417734077292,30.197193295883427,2.753015955110506,4,27.44417734077292,77.61960221867744,50.17542487790452,80.2309515867141,negative_cross,toward_S4,4.405605801684911
0,mustang,2024-03-29 18:54:33+00:00,40.287872,-88.126274,99.68572819978074,752.0,-2.4479366779185483,rs1,24.521398336087657,30.358046256805444,5.8366479207177875,4,24.521398336087657,75.11927877774062,50.59788044165296,80.2309515867141,positive_cross,toward_S1,4.360273640982715
0,mustang,2024-03-29 18:54:34+00:00,40.287912,-88.126223,95.16062266951096,753.0,-4.525105530269784,rs1,18.45738730519741,31.639965617746263,13.182578312548852,4,18.45738730519741,70.03898648234171,51.5815991771443,80.2309515867141,positive_cross,toward_S1,4.276475390422164
0,mustang,2024-03-29 18:54:35+00:00,40.287967,-88.126194,89.00152557806302,754.0,-6.159097091447933,rs1,11.96552379922851,31.773972145253854,19.808448346025344,4,11.96552379922851,63.667186568365466,51.70166276913696,80.2309515867141,positive_cross,toward_S1,4.162418036876832
0,mustang,2024-03-29 18:54:36+00:00,40.288039,-88.126193,80.99526351685228,755.0,-8.006262061210748,rs1,6.938927667480091,30.806955356651734,23.868027689171644,4,6.938927667480091,55.70294577875137,48.76401811127128,80.2309515867141,positive_cross,toward_S1,4.014153924632189
0,mustang,2024-03-29 18:54:37+00:00,40.288119,-88.126192,72.09958678597175,756.0,-8.895676730880524,rs1,9.650988989368376,32.1200396611665,22.469050671798126,4,9.650988989368376,46.872941492040624,37.22195250267225,80.2309515867141,positive_cross,toward_S1,3.849419170356623
0,mustang,2024-03-29 18:54:38+00:00,40.288206,-88.126183,62.41343187729669,757.0,-9.686154908675064,rs1,17.707123412105997,36.65195145449317,18.944828042387176,4,17.707123412105997,37.192976478937574,19.485853066831577,80.2309515867141,positive_cross,toward_S1,3.670045931307085
0,mustang,2024-03-29 18:54:39+00:00,40.288295,-88.126168,52.495743044763,758.0,-9.917688832533685,rs1,27.00502940110532,27.220408567478703,0.21537916637338483,4,27.00502940110532,27.220408567478703,0.21537916637338483,80.2309515867141,positive_cross,toward_S1,3.486385027000906
0,mustang,2024-03-29 18:54:40+00:00,40.288386,-88.126152,42.35417050112829,759.0,-10.141572543634716,rs3,17.02224319144465,36.87777834514881,19.85553515370416,3,17.02224319144465,36.87777834514881,19.85553515370416,26.33125891160298,positive_cross,toward_S1,3.2967205849912093
0,mustang,2024-03-29 18:54:41+00:00,40.288481,-88.126139,31.772480752854158,760.0,-10.58168974827413,rs3,6.526357402972632,36.33215283335685,29.80579543038422,3,6.526357402972632,47.351336277573466,40.82497887460083,26.33125891160298,positive_cross,toward_S1,3.1007633674305772
0,mustang,2024-03-29 18:54:42+00:00,40.288575,-88.126139,21.321858394503188,761.0,-10.45062235835097,rs3,4.897642252924798,36.287289895785186,31.38964764286039,3,4.897642252924798,49.57347316490704,44.675830911982246,26.33125891160298,positive_cross,toward_S1,2.9072333237574113
0,mustang,2024-03-29 18:54:43+00:00,40.288676,-88.126139,10.092998201376066,762.0,-11.228860193127122,rs3,15.736823428873565,38.34935680376244,22.612533374888876,3,15.736823428873565,38.34935680376244,22.612533374888876,26.33125891160298,positive_cross,toward_S1,2.699291468329131
0,mustang,2024-03-29 18:54:44+00:00,40.288782,-88.126141,-1.6886860733443019,763.0,-11.781684274720368,rs6,26.59057817236249,27.4705686255782,0.8799904532157079,2,26.59057817236249,27.4705686255782,0.8799904532157079,-27.632700444717127,positive_cross,toward_S1,2.4804447105809784
0,mustang,2024-03-29 18:54:45+00:00,40.288888,-88.126142,-13.471900391748228,764.0,-11.783214318403926,rs6,14.871162533930507,35.3911406499502,20.519978116019693,2,14.871162533930507,39.23322408810189,24.362061554171383,-27.632700444717127,positive_cross,toward_S1,2.2622370380179424
0,mustang,2024-03-29 18:54:46+00:00,40.288991,-88.126141,-24.92464429516467,765.0,-11.45274390341644,rs6,3.825537908083811,32.63229786813958,28.80675996005577,2,3.825537908083811,50.66693999702859,46.84140208894478,-27.632700444717127,positive_cross,toward_S1,2.050149187954675
0,mustang,2024-03-29 18:54:47+00:00,40.289089,-88.126136,-35.82762420115165,766.0,-10.902979905986982,rs6,7.78818861503549,33.94890495273305,26.16071633769756,2,7.78818861503549,43.70237208683997,35.914183471804485,-27.632700444717127,positive_cross,toward_S1,1.84824215265862
0,mustang,2024-03-29 18:54:48+00:00,40.289185,-88.12613,-46.509780484172964,767.0,-10.682156283021314,rs6,18.338058607621843,33.016443797373846,14.678385189752003,2,18.338058607621843,33.016443797373846,14.678385189752003,-27.632700444717127,positive_cross,toward_S1,1.6504244437137807
0,mustang,2024-03-29 18:54:49+00:00,40.289278,-88.126129,-56.85075605129209,768.0,-10.340975567119123,rs8,22.672558014118156,28.66822616927181,5.9956681551536555,1,22.672558014118156,28.66822616927181,5.9956681551536555,-78.92951005359993,positive_cross,toward_S1,1.4088658148575526
0,mustang,2024-03-29 18:54:50+00:00,40.289366,-88.126131,-66.63125732164696,769.0,-9.780501270354868,rs8,12.895303098749261,31.963939665193188,19.068636566443928,1,12.895303098749261,38.45663249129905,25.561329392549787,-78.92951005359993,positive_cross,toward_S1,1.227745420962092
0,mustang,2024-03-29 18:54:51+00:00,40.289451,-88.126137,-76.07210791976146,770.0,-9.440850598114508,rs8,3.609489280544527,29.149973282028185,25.54048400148366,1,3.609489280544527,47.92233720612148,44.31284792557695,-78.92951005359993,positive_cross,toward_S1,1.052914854330342
0,mustang,2024-03-29 18:54:52+00:00,40.289529,-88.126146,-84.7301305544625,771.0,-8.658022634701041,rs8,5.583280874525461,28.85856989266446,23.275289018139,1,5.583280874525461,56.621009925935525,51.03772905141006,-78.92951005359993,positive_cross,toward_S1,0.8925811018358781
0,mustang,2024-03-29 18:54:53+00:00,40.289596,-88.126178,-92.13001703343451,772.0,-7.399886478972007,rs8,13.514583386086144,28.809894739885078,15.295311353798933,1,13.514583386086144,64.22664304123504,50.71205965514889,-78.92951005359993,positive_cross,toward_S1,0.7555461670401002
0,mustang,2024-03-29 18:54:54+00:00,40.289648,-88.126238,-97.81940980741805,773.0,-5.689392773983542,rs8,20.878942690515853,27.99362130422533,7.114678613709476,1,20.878942690515853,70.54909904386376,49.670156353347906,-78.92951005359993,positive_cross,toward_S1,0.6501870415959605
0,mustang,2024-03-29 18:54:55+00:00,40.289662,-88.126318,-99.25348204770732,774.0,-1.434072240289268,rs10,24.781456683457048,25.95667801031062,1.1752213268535705,1,24.781456683457048,73.36029602114925,48.5788393376922,-78.92951005359993,negative_cross,toward_S1,0.6236301482572704
0,mustang,2024-03-29 18:54:56+00:00,40.289633,-88.126388,-95.92225087239632,775.0,3.3312311753110038,rs10,19.082969275540627,28.036217050414283,8.953247774873656,1,19.082969275540627,69.67091134655124,50.58794207101061,-78.92951005359993,negative_cross,toward_S4,0.6853196144667335
0,mustang,2024-03-29 18:54:57+00:00,40.289577,-88.126424,-89.6412666475099,776.0,6.280984224886424,rs10,12.154187542870632,27.598631093657783,15.44444355078715,1,12.154187542870632,63.052714222108854,50.89852667923822,-78.92951005359993,negative_cross,toward_S4,0.8016341371498155
0,mustang,2024-03-29 18:54:58+00:00,40.289507,-88.126421,-81.86347842443584,777.0,7.7777882230740545,rs10,6.00223860220357,25.387213555693624,19.384974953490055,1,6.00223860220357,55.38778429096155,49.38554568875798,-78.92951005359993,negative_cross,toward_S4,0.9456672523919275
0,mustang,2024-03-29 18:55:00+00:00,40.289353,-88.126423,-64.73918596490539,779.0,8.562146229765226,rs10,14.492872118277495,29.1629982854898,14.670126167212304,1,14.492872118277495,38.53186916696581,24.038997048688316,-78.92951005359993,negative_cross,toward_S4,1.2627837794202692
0,mustang,2024-03-29 18:55:01+00:00,40.289265,-88.126422,-54.95715465167863,780.0,9.78203131322676,rs10,23.972728892796244,29.09782283864908,5.125093945852836,1,23.972728892796244,29.09782283864908,5.125093945852836,-78.92951005359993,negative_cross,toward_S4,1.443932507442987
0,mustang,2024-03-29 18:55:02+00:00,40.289175,-88.126421,-44.95276967105618,781.0,10.004384980622447,rs7,19.807333517888473,30.956396238863107,11.149062720974634,2,19.807333517888473,33.84984060650736,14.042507088618883,-27.632700444717127,negative_cross,toward_S4,1.6792579772900176
0,mustang,2024-03-29 18:55:03+00:00,40.289083,-88.126419,-34.72756106586638,782.0,10.225208605189799,rs7,11.68401478480136,26.502530167117456,14.818515382316097,2,11.68401478480136,44.018415102956716,32.33440031815536,-27.632700444717127,negative_cross,toward_S4,1.8686136922009398
0,mustang,2024-03-29 18:55:04+00:00,40.288988,-88.126423,-24.159641703482453,783.0,10.567919362383929,rs7,9.115186066243046,26.160340316274894,17.04515425003185,2,9.115186066243046,52.363518557948666,43.24833249170562,-27.632700444717127,negative_cross,toward_S4,2.0643159026154567
0,mustang,2024-03-29 18:55:05+00:00,40.288892,-88.126435,-13.468305163208257,784.0,10.691336540274197,rs7,15.667868801962241,30.481710779103473,14.813841977141232,2,15.667868801962241,41.75620872532435,26.088339923362106,-27.632700444717127,negative_cross,toward_S4,2.2623036163242385
0,mustang,2024-03-29 18:55:06+00:00,40.288798,-88.126447,-2.9993222911414725,785.0,10.468982872066784,rs7,25.04347894909005,31.44148437563856,6.398005426548508,2,25.04347894909005,31.44148437563856,6.398005426548508,-27.632700444717127,negative_cross,toward_S4,2.4561736695106604
0,mustang,2024-03-29 18:55:07+00:00,40.288704,-88.126458,7.468130538053455,786.0,10.467452829194928,rs5,21.348274808041886,34.78403894386481,13.435764135822922,3,21.348274808041886,35.07870479988477,13.730429991842882,26.33125891160298,negative_cross,toward_S4,2.650682807897231
0,mustang,2024-03-29 18:55:08+00:00,40.28861,-88.12647,17.9371134109102,787.0,10.468982872856746,rs5,11.914671438823596,31.452908407125452,19.538236968301856,3,11.914671438823596,45.31483033807816,33.40015889925456,26.33125891160298,negative_cross,toward_S4,2.8445528610982818
0,mustang,2024-03-29 18:55:09+00:00,40.288518,-88.126484,28.186802701324982,788.0,10.249689290414782,rs5,6.77981846241455,31.608176247988112,24.828357785573562,3,6.77981846241455,53.52800315777558,46.74818469536103,26.33125891160298,negative_cross,toward_S4,3.034361922031889
0,mustang,2024-03-29 18:55:10+00:00,40.288426,-88.126496,38.43343190676427,789.0,10.246629205439287,rs5,12.810211939208996,34.78551043754988,21.975298498340884,3,12.810211939208996,43.24615715963804,30.43594522042904,26.33125891160298,negative_cross,toward_S4,3.224114314725209
0,mustang,2024-03-29 18:55:11+00:00,40.288334,-88.126504,48.67394094069439,790.0,10.240509033930124,rs5,22.29316601529882,33.00897918605982,10.715813170760999,3,22.29316601529882,33.00897918605982,10.715813170760999,26.33125891160298,negative_cross,toward_S4,3.4137533709091
0,mustang,2024-03-29 18:55:12+00:00,40.288242,-88.126509,58.90985984600892,791.0,10.235918905314527,rs2,22.831284241093826,32.2871120271519,9.455827786058073,4,22.831284241093826,32.2871120271519,9.455827786058073,80.2309515867141,negative_cross,toward_S4,3.605164967764719
0,mustang,2024-03-29 18:55:13+00:00,40.288154,-88.126513,68.69954137361671,792.0,9.78968152760779,rs2,13.207252946748119,35.558347133517486,22.351094186769366,4,13.207252946748119,41.96504778140365,28.757794834655527,80.2309515867141,negative_cross,toward_S4,3.7864553664241223
0,mustang,2024-03-29 18:55:14+00:00,40.288067,-88.126516,78.37651602501711,793.0,9.6769746514004,rs2,4.545417496163104,34.113399077035325,29.56798158087222,4,4.545417496163104,51.58215581031653,47.036738314153425,80.2309515867141,negative_cross,toward_S4,3.965658600709315
0,mustang,2024-03-29 18:55:15+00:00,40.287992,-88.126497,86.68570772945668,794.0,8.30919170443957,rs2,7.316266414671522,33.242050221604984,25.925783806933463,4,7.316266414671522,60.030816631998526,52.714550217327,80.2309515867141,negative_cross,toward_S4,4.1195325211619
0,mustang,2024-03-29 18:55:16+00:00,40.287921,-88.126483,94.5578423150005,795.0,7.872134585543819,rs2,14.606901239526827,34.69231525524232,20.085414015715493,4,14.606901239526827,68.0054355622686,53.398534322741774,80.2309515867141,negative_cross,toward_S4,4.265312791264563
0,mustang,2024-03-29 18:55:17+00:00,40.287876,-88.126414,99.45522686833944,796.0,4.897384553338938,rs2,21.85606806241266,32.349585803708834,10.493517741296174,4,21.85606806241266,73.75933768546464,51.90326962305198,80.2309515867141,negative_cross,toward_S4,4.356005097807877
0,mustang,2024-03-29 18:55:18+00:00,40.287874,-88.12633,99.54905693340476,797.0,0.09383006506531899,rs2,26.617448194913667,27.270280424852324,0.6528322299386566,4,26.617448194913667,75.51954639477059,48.90209819985692,80.2309515867141,negative_cross,ambiguous,4.357742691605383
0,mustang,2024-03-29 18:55:19+00:00,40.287907,-88.126263,95.77770855268612,798.0,-3.771348380718635,rs1,20.80709498059078,28.92942990012948,8.122334919538702,4,20.80709498059078,71.12165813744862,50.314563156857844,80.2309515867141,positive_cross,toward_S1,4.287902906777259
0,mustang,2024-03-29 18:55:20+00:00,40.287964,-88.126215,89.36718697919021,799.0,-6.410521573495913,rs1,13.310524692370064,30.14641710137764,16.835892409007577,4,13.310524692370064,64.21653243355699,50.906007741186926,80.2309515867141,positive_cross,toward_S1,4.169189544305113
0,mustang,2024-03-29 18:55:21+00:00,40.288034,-88.126183,81.53584725544896,800.0,-7.831339723741252,rs1,6.31657052221593,31.66203351795958,25.34546299574365,4,6.31657052221593,56.157813379644594,49.84124285742867,80.2309515867141,positive_cross,toward_S1,4.0241647346062015
0,mustang,2024-03-29 18:55:22+00:00,40.288115,-88.126163,72.49992287741408,801.0,-9.035924378034878,rs1,7.787571008835066,34.382205756229745,26.59463474739468,4,7.787571008835066,47.02422748140171,39.236656472566644,80.2309515867141,positive_cross,toward_S1,3.856832801679629
0,mustang,2024-03-29 18:55:23+00:00,40.288201,-88.126154,62.924944802052785,802.0,-9.574978075361294,rs1,16.51019762210868,37.42921856182158,20.919020939712897,4,16.51019762210868,37.42921856182158,20.919020939712897,80.2309515867141,positive_cross,toward_S1,3.679518392876642
0,mustang,2024-03-29 18:55:24+00:00,40.288293,-88.126159,52.70432632550029,803.0,-10.220618476552495,rs1,26.66629689855846,27.31810870573146,0.6518118071730008,4,26.66629689855846,27.31810870573146,0.6518118071730008,80.2309515867141,positive_cross,toward_S1,3.4902476803478923
0,mustang,2024-03-29 18:55:25+00:00,40.28839,-88.126154,41.91252325282706,804.0,-10.791803072673233,rs3,16.62179053470478,37.33598256694925,20.71419203224447,3,16.62179053470478,37.33598256694925,20.71419203224447,26.33125891160298,positive_cross,toward_S1,3.2885419322448906
0,mustang,2024-03-29 18:55:26+00:00,40.288487,-88.126142,31.1100098792391,805.0,-10.802513373587956,rs3,6.00798915154587,35.98692882404404,29.97893967249817,3,6.00798915154587,48.02987079129119,42.02188163974532,26.33125891160298,positive_cross,toward_S1,3.088495388289558
0,mustang,2024-03-29 18:55:27+00:00,40.288587,-88.126132,19.97702609145362,806.0,-11.13298378778548,rs3,5.916062525842848,37.082605305330326,31.16654277948748,3,5.916062525842848,48.2209764566198,42.304913930776955,26.33125891160298,positive_cross,toward_S1,2.882329021849086
0,mustang,2024-03-29 18:55:28+00:00,40.288686,-88.126129,8.965929437128384,807.0,-11.011096654325236,rs3,16.744727436939375,37.206662635595144,20.46193519865577,3,16.744727436939375,37.206662635595144,20.46193519865577,26.33125891160298,positive_cross,toward_S1,2.6784198245467667
0,mustang,2024-03-29 18:55:29+00:00,40.288782,-88.126126,-1.7116367164873953,808.0,-10.67756615361578,rs6,26.525935661611225,27.386719403450517,0.8607837418392918,2,26.525935661611225,27.386719403450517,0.8607837418392918,-27.632700444717127,positive_cross,toward_S1,2.480019698670921
0,mustang,2024-03-29 18:55:30+00:00,40.288879,-88.126127,-12.494259532697708,809.0,-10.782622816210312,rs6,15.747612614523721,36.96024009303935,21.212627478515632,2,15.747612614523721,38.17129434414707,22.42368172962335,-27.632700444717127,positive_cross,toward_S1,2.28034149837073
0,mustang,2024-03-29 18:55:31+00:00,40.288975,-88.126132,-23.159585343295138,810.0,-10.66532581059743,rs6,5.195369148335747,33.584235891410316,28.38886674307457,2,5.195369148335747,48.85725329013171,43.661884141795966,-27.632700444717127,positive_cross,toward_S1,2.082835464841148
0,mustang,2024-03-29 18:55:33+00:00,40.289066,-88.126139,-33.265966900000194,812.0,-5.053190778352528,rs6,5.387105008731067,33.172669933482034,27.785564924750968,2,5.387105008731067,46.26636582887276,40.87926082014169,-27.632700444717127,positive_cross,toward_S1,1.8956802508280914
0,mustang,2024-03-29 18:55:34+00:00,40.289152,-88.126141,-42.824114503705836,813.0,-9.558147603705642,rs6,14.771410344048892,35.89902958637268,21.127619242323785,2,14.771410344048892,36.712141082691936,21.940730738643044,-27.632700444717127,positive_cross,toward_S1,1.718677517426135
0,mustang,2024-03-29 18:55:35+00:00,40.289236,-88.126138,-52.16755865439679,814.0,-9.343444150690956,rs6,24.04277810216216,27.366719272014915,3.3239411698527555,2,24.04277810216216,27.366719272014915,3.3239411698527555,-27.632700444717127,positive_cross,toward_S1,1.545650773894821
0,mustang,2024-03-29 18:55:36+00:00,40.289316,-88.126136,-61.06476542735925,815.0,-8.897206772962456,rs8,18.471311715871373,32.91554720444617,14.444235488574797,1,18.471311715871373,32.91554720444617,14.444235488574797,-78.92951005359993,positive_cross,toward_S1,1.3308286041896422
0,mustang,2024-03-29 18:55:37+00:00,40.289389,-88.126135,-69.18220432267367,816.0,-8.117438895314422,rs8,10.36702103373544,30.751541765825827,20.384520732090387,1,10.36702103373544,41.024599795643034,30.657578761907594,-78.92951005359993,positive_cross,toward_S1,1.1805056616838197
0,mustang,2024-03-29 18:55:38+00:00,40.28946,-88.126139,-77.06963933621137,817.0,-7.887435013537697,rs8,2.7543518633777984,28.901820846204025,26.147468982826226,1,2.7543518633777984,48.92879846562113,46.17444660224333,-78.92951005359993,positive_cross,toward_S1,1.0344420503220104
0,mustang,2024-03-29 18:55:39+00:00,40.289528,-88.126145,-84.62048376325238,818.0,-7.550844427041014,rs8,5.449978578042689,28.919227698673936,23.469249120631247,1,5.449978578042689,56.50633053491468,51.05635195687199,-78.92951005359993,positive_cross,toward_S1,0.894611597969399
0,mustang,2024-03-29 18:55:40+00:00,40.289589,-88.126172,-91.36095945512128,819.0,-6.740475691868895,rs8,12.610753510109955,28.915544404104445,16.30479089399449,1,12.610753510109955,63.41148847721941,50.80073496710945,-78.92951005359993,positive_cross,toward_S1,0.7697879740459009
0,mustang,2024-03-29 18:55:41+00:00,40.289634,-88.126227,-96.2797646087097,820.0,-4.918805153588423,rs8,19.066689099488972,27.668713995868515,8.602024896379543,1,19.066689099488972,68.87674639161193,49.81005729212296,-78.92951005359993,positive_cross,toward_S1,0.6786989897201894
0,mustang,2024-03-29 18:55:42+00:00,40.289645,-88.1263,-97.39101664839252,821.0,-1.1112520396828245,rs8,23.526255517963282,24.156874694972217,0.6306191770089349,1,23.526255517963282,71.17469682665651,47.648441308693236,-78.92951005359993,positive_cross,toward_S1,0.6581202482445816
0,mustang,2024-03-29 18:55:43+00:00,40.28962,-88.126363,-94.51520310727295,822.0,2.8758135411195695,rs10,18.78918417898409,25.47205387791706,6.682869698932969,1,18.78918417898409,68.63669388599371,49.84750970700962,-78.92951005359993,negative_cross,toward_S4,0.7113760545616106
0,mustang,2024-03-29 18:55:44+00:00,40.289573,-88.1264,-89.23328034168654,823.0,5.281922765586415,rs10,12.691941577582286,25.55024266449092,12.858301086908634,1,12.691941577582286,62.921000167270314,50.22905858968803,-78.92951005359993,negative_cross,toward_S4,0.8091894391095072
0,mustang,2024-03-29 18:55:45+00:00,40.289515,-88.126408,-82.77278365069334,824.0,6.460496690993196,rs10,7.416624610636946,24.409994175585634,16.993369564948686,1,7.416624610636946,56.448873756003955,49.03224914536701,-78.92951005359993,negative_cross,toward_S4,0.9288282667204923
0,mustang,2024-03-29 18:55:46+00:00,40.289454,-88.126418,-75.97569637241352,825.0,6.797087278279818,rs10,5.729455493646435,25.16815934641409,19.438703852767656,1,5.729455493646435,49.621460442663846,43.89200494901741,-78.92951005359993,negative_cross,toward_S4,1.0547002533553038
0,mustang,2024-03-29 18:55:47+00:00,40.289388,-88.12643,-68.61966484103128,826.0,7.356031531382243,rs10,10.64443636175101,28.011068043449182,17.366631681698173,1,10.64443636175101,42.21906057923301,31.574624217481997,-78.92951005359993,negative_cross,toward_S4,1.190923059492012
0,mustang,2024-03-29 18:55:48+00:00,40.28932,-88.126439,-61.045869770057216,827.0,7.5737950709740645,rs10,17.690990472154585,32.24788631792911,14.556895845774523,1,17.690990472154585,34.65475842662926,16.963767954474672,-78.92951005359993,negative_cross,toward_S4,1.3311785237693095
0,mustang,2024-03-29 18:55:49+00:00,40.289247,-88.126441,-52.926900832660884,828.0,8.118968937396332,rs10,25.685097342254384,26.722643035148224,1.0375456928938398,1,25.685097342254384,26.722643035148224,1.0375456928938398,-78.92951005359993,negative_cross,toward_S4,1.4815298003877602
0,mustang,2024-03-29 18:55:50+00:00,40.289172,-88.126439,-44.59169839854457,829.0,8.335202434116312,rs7,18.871963544488793,32.06070203541957,13.188738490930774,2,18.871963544488793,33.99375552440871,15.12179197991992,-27.632700444717127,negative_cross,toward_S4,1.6859444823365288
0,mustang,2024-03-29 18:55:51+00:00,40.289093,-88.126436,-35.813318673276896,830.0,8.778379725267676,rs7,11.437357678763512,28.194949357562727,16.757591678799216,2,11.437357678763512,42.76670170464529,31.32934402588178,-27.632700444717127,negative_cross,toward_S4,1.8485070698414858
0,mustang,2024-03-29 18:55:52+00:00,40.289012,-88.126434,-26.81105523769817,831.0,9.002263435578726,rs7,7.670074376086966,26.86045223304957,19.190377856962606,2,7.670074376086966,51.76114200727657,44.0910676311896,-27.632700444717127,negative_cross,toward_S4,2.0152156519818325
0,mustang,2024-03-29 18:55:53+00:00,40.288932,-88.126435,-17.915378507607578,832.0,8.895676730090592,rs7,11.96852796051861,28.66793252849741,16.6994045679788,2,11.96852796051861,46.067793807881976,34.09926584736337,-27.632700444717127,negative_cross,toward_S4,2.1799504062427695
0,mustang,2024-03-29 18:55:54+00:00,40.288853,-88.12644,-9.124758439321566,833.0,8.790620068286012,rs7,19.417273632167813,33.08897402460077,13.67170039243296,2,19.417273632167813,37.463380491909255,18.046106859741442,-27.632700444717127,negative_cross,toward_S4,2.3427396667665845
0,mustang,2024-03-29 18:55:55+00:00,40.288775,-88.12645,-0.4376649899682686,834.0,8.687093449353297,rs7,27.461018186463384,28.936705012823996,1.4756868263606115,2,27.461018186463384,28.936705012823996,1.4756868263606115,-27.632700444717127,negative_cross,toward_S4,2.5036117676805345
0,mustang,2024-03-29 18:55:56+00:00,40.288698,-88.126461,8.139781668943138,835.0,8.577446658911407,rs5,20.63553447445535,34.64728263600801,14.011748161552656,3,20.63553447445535,35.69840929821281,15.062874823757458,26.33125891160298,negative_cross,toward_S4,2.6631207918025956
0,mustang,2024-03-29 18:55:57+00:00,40.288617,-88.12647,17.15887557534408,836.0,9.019093906400942,rs5,12.511009427616672,31.665568233526614,19.154558805909943,3,12.511009427616672,44.540350398423776,32.029340970807105,26.33125891160298,negative_cross,toward_S4,2.830141049328539
0,mustang,2024-03-29 18:55:58+00:00,40.288537,-88.12648,26.068322692114837,837.0,8.909447116770757,rs5,7.05042325015157,31.20552743253381,24.15510418238224,3,7.05042325015157,53.33216453142122,46.28174128126965,26.33125891160298,negative_cross,toward_S4,2.9951308107502195
0,mustang,2024-03-29 18:55:59+00:00,40.288453,-88.126496,35.43165740018343,838.0,9.363334708068596,rs5,10.20018665150072,33.846188445265106,23.646001793764384,3,10.20018665150072,46.22967600002727,36.029489348526546,26.33125891160298,negative_cross,toward_S4,3.168525897936675
0,mustang,2024-03-29 18:56:00+00:00,40.288369,-88.126506,44.78581185020918,839.0,9.354154450025746,rs5,18.473489631613397,36.85056465951931,18.37707502790591,3,18.473489631613397,36.85056465951931,18.37707502790591,26.33125891160298,negative_cross,toward_S4,3.341750980344559
0,mustang,2024-03-29 18:56:01+00:00,40.288287,-88.126509,53.9069023342509,840.0,9.121090484041723,rs5,27.340692075262652,27.773025999021307,0.4323339237586552,3,27.340692075262652,27.773025999021307,0.4323339237586552,26.33125891160298,negative_cross,toward_S4,3.510660063382369
0,mustang,2024-03-29 18:56:02+00:00,40.288206,-88.12651,62.91375589765523,841.0,9.006853563404327,rs2,18.88418931857383,36.24533913128562,17.361149812711787,4,18.88418931857383,36.24533913128562,17.361149812711787,80.2309515867141,negative_cross,toward_S4,3.6793111909433542
0,mustang,2024-03-29 18:56:03+00:00,40.288127,-88.12651,71.69672575156024,842.0,8.782969853905009,rs2,10.44758339648262,34.504871499028205,24.057288102545584,4,10.44758339648262,44.978580062091986,34.530996665609365,80.2309515867141,negative_cross,toward_S4,3.841958780830484
0,mustang,2024-03-29 18:56:04+00:00,40.28805,-88.12651,80.25734193883771,843.0,8.560616187277475,rs2,4.069430415417599,33.58716324634125,29.51773283092365,4,4.069430415417599,53.50763112368125,49.43820070826365,80.2309515867141,negative_cross,toward_S4,4.000488710224511
0,mustang,2024-03-29 18:56:05+00:00,40.287979,-88.126492,88.12335635210417,844.0,7.866014413266456,rs2,8.686770923105762,33.16984149120966,24.483070568103898,4,8.686770923105762,61.51049808570845,52.82372716260269,80.2309515867141,negative_cross,toward_S4,4.14615564380352
0,mustang,2024-03-29 18:56:06+00:00,40.287918,-88.126472,94.87454234411953,845.0,6.751185992015365,rs2,15.321429980051024,34.00194096852789,18.68051098847687,4,15.321429980051024,68.43589609749874,53.11446611744772,80.2309515867141,negative_cross,toward_S4,4.271177606618619
0,mustang,2024-03-29 18:56:07+00:00,40.28788,-88.126408,99.00133927625164,846.0,4.126796932132109,rs2,21.77609719658401,31.674445266523758,9.898348069939747,4,21.77609719658401,73.41019911636839,51.63410191978438,80.2309515867141,negative_cross,toward_S4,4.347599772028473
0,mustang,2024-03-29 18:56:08+00:00,40.28788,-88.126329,98.88046588907049,847.0,-0.12087338718114893,rs2,26.22150751298451,26.721517187546265,0.5000096745617562,4,26.22150751298451,74.8979565680426,48.67644905505809,80.2309515867141,negative_cross,ambiguous,4.345361375969563
0,mustang,2024-03-29 18:56:09+00:00,40.287909,-88.126264,95.55688492816228,848.0,-3.3235809609082168,rs1,20.682739213094198,28.743212121588368,8.06047290849417,4,20.682739213094198,70.91820495600469,50.23546574291049,80.2309515867141,positive_cross,toward_S1,4.283813580397188
0,mustang,2024-03-29 18:56:10+00:00,40.287955,-88.12622,90.3754286965548,849.0,-5.18145623160747,rs1,14.353684228018391,30.03891234205414,15.685228114035748,4,14.353684228018391,65.26653022922703,50.912846001208635,80.2309515867141,positive_cross,toward_S1,4.187860687219272
0,mustang,2024-03-29 18:56:11+00:00,40.28801,-88.126185,84.207151347854,850.0,-6.168277348700812,rs1,7.868970929221482,31.66070006247783,23.791729133256347,4,7.868970929221482,58.830197177445214,50.96122624822373,80.2309515867141,positive_cross,toward_S1,4.073633328909998
0,mustang,2024-03-29 18:56:12+00:00,40.288079,-88.126164,76.50381892906039,851.0,-7.703332418793607,rs1,4.956686878932566,33.55031357026749,28.593626691334926,4,4.956686878932566,51.0200800213499,46.06339314241733,80.2309515867141,positive_cross,toward_S1,3.9309790248582646
0,mustang,2024-03-29 18:56:13+00:00,40.288162,-88.126157,67.26543144098571,852.0,-9.238387488074679,rs1,12.368438598569266,36.48305327819275,24.114614679623482,4,12.368438598569266,41.771944561195326,29.40350596262606,80.2309515867141,positive_cross,toward_S1,3.759897775079104
0,mustang,2024-03-29 18:56:14+00:00,40.288256,-88.126151,56.80562882615007,853.0,-10.459802614835638,rs1,22.496356798536755,31.316874380176746,8.82051758163999,4,22.496356798536755,31.316874380176746,8.82051758163999,80.2309515867141,positive_cross,toward_S1,3.5661977266562217
0,mustang,2024-03-29 18:56:15+00:00,40.288364,-88.126152,44.800060840350426,854.0,-12.005567985799644,rs3,19.426658258599886,34.44072707046023,15.01406881186034,3,19.426658258599886,34.44072707046023,15.01406881186034,26.33125891160298,positive_cross,toward_S1,3.34201485053236
0,mustang,2024-03-29 18:56:16+00:00,40.288475,-88.126147,32.45178209733491,855.0,-12.348278743015513,rs3,7.399400317829721,35.76787052234114,28.36847020451142,3,7.399400317829721,46.72015931425603,39.32075899642631,26.33125891160298,positive_cross,toward_S1,3.113343021957999
0,mustang,2024-03-29 18:56:17+00:00,40.288592,-88.126134,19.424202009048678,856.0,-13.027580088286236,rs3,6.497487553341208,37.016048949999885,30.518561396658676,3,6.497487553341208,47.669676500577445,41.172188947236236,26.33125891160298,positive_cross,toward_S1,2.872091538841587
0,mustang,2024-03-29 18:56:18+00:00,40.288709,-88.126129,6.408862264592495,857.0,-13.015339744456183,rs3,19.29487700410729,34.64938509438149,15.354508090274205,3,19.29487700410729,34.64938509438149,15.354508090274205,26.33125891160298,positive_cross,toward_S1,2.631066728759065
0,mustang,2024-03-29 18:56:19+00:00,40.288828,-88.126134,-6.813530719352525,858.0,-13.22239298394502,rs6,21.445135548958923,32.53071471676017,11.08557916780125,2,21.445135548958923,32.53071471676017,11.08557916780125,-27.632700444717127,positive_cross,toward_S1,2.3855401800993445
0,mustang,2024-03-29 18:56:20+00:00,40.288941,-88.126141,-19.365802615257977,859.0,-12.552271895905452,rs6,9.05177393068857,33.553809798368746,24.502035867680178,2,9.05177393068857,45.1128911060353,36.06111717534673,-27.632700444717127,positive_cross,toward_S1,2.15309070054554
0,mustang,2024-03-29 18:56:21+00:00,40.289053,-88.126143,-31.814547892252456,860.0,-12.44874527699448,rs6,4.218027126450496,32.6211033867782,28.40307626032771,2,4.218027126450496,47.72224837954025,43.50422125308975,-27.632700444717127,positive_cross,toward_S1,1.9225583806011977
0,mustang,2024-03-29 18:56:22+00:00,40.289263,-88.126139,-55.16780311810579,861.0,-23.35325522585333,rs8,24.37137207409624,27.044525435050367,2.673153360954128,1,24.37137207409624,27.044525435050367,2.673153360954128,-78.92951005359993,positive_cross,toward_S1,1.4400316099165582
0,mustang,2024-03-29 18:56:23+00:00,40.28936,-88.126138,-65.95348602005983,862.0,-10.78568290195404,rs8,13.602345702565756,31.682282384771604,18.079936682205847,1,13.602345702565756,37.812098568775184,24.209752866209428,-78.92951005359993,positive_cross,toward_S1,1.2402967413618537
0,mustang,2024-03-29 18:56:25+00:00,40.289526,-88.12614,-84.40578031098418,864.0,-9.226147145462178,rs8,5.109313354932846,29.292059968206374,24.18274661327353,1,5.109313354932846,56.26814227563712,51.15882892070427,-78.92951005359993,positive_cross,toward_S1,0.8985875878262175
0,mustang,2024-03-29 18:56:26+00:00,40.289596,-88.126156,-92.16367797670236,865.0,-7.7578976657181755,rs8,12.996090449183754,30.47665200792379,17.480561558740035,1,12.996090449183754,64.10472415844221,51.108633709258456,-78.92951005359993,positive_cross,toward_S1,0.7549228162388438
0,mustang,2024-03-29 18:56:27+00:00,40.289653,-88.126207,-98.42272530472476,866.0,-6.259047328022405,rs8,20.31410869486597,30.326399782333294,10.012291087467325,1,20.31410869486597,70.76942336332085,50.45531466845489,-78.92951005359993,positive_cross,toward_S1,0.639014532386577
0,mustang,2024-03-29 18:56:28+00:00,40.289678,-88.126285,-101.08280280036881,867.0,-2.660077495644046,rs8,25.76310666467152,27.842562413504673,2.079455748833155,1,25.76310666467152,74.50859183466879,48.74548516999727,-78.92951005359993,positive_cross,toward_S1,0.5897538380227985
0,mustang,2024-03-29 18:56:29+00:00,40.289665,-88.126361,-99.5212207047747,868.0,1.5615820955941047,rs10,23.2739057556842,28.651129154661437,5.377223398977236,1,23.2739057556842,73.57991434198968,50.30600858630548,-78.92951005359993,negative_cross,toward_S4,0.6186720249782449
0,mustang,2024-03-29 18:56:30+00:00,40.289618,-88.126414,-94.21481725319508,869.0,5.306403451579627,rs10,16.718727697788065,28.922807989586282,12.204080291798217,1,16.718727697788065,67.68615011605684,50.96742241826877,-78.92951005359993,negative_cross,toward_S4,0.7169387555630528
0,mustang,2024-03-29 18:56:31+00:00,40.28955,-88.126432,-86.62725179714248,870.0,7.587565456052602,rs10,9.135808684096496,27.242667240853756,18.10685855675726,1,9.135808684096496,59.98607088058157,50.850262196485076,-78.92951005359993,negative_cross,toward_S4,0.8574492269714342
0,mustang,2024-03-29 18:56:32+00:00,40.289477,-88.126426,-78.52052320195281,871.0,8.106728595189665,rs10,4.497741207875294,25.661780237654778,21.164039029779484,1,4.497741207875294,52.02602211769723,47.52828090982194,-78.92951005359993,negative_cross,toward_S4,1.0075738305860578
0,mustang,2024-03-29 18:56:33+00:00,40.289401,-88.126425,-70.07261389165086,872.0,8.447909310301952,rs10,9.527021282447182,27.104689098593173,17.57766781614599,1,9.527021282447182,43.719424288685076,34.192403006237896,-78.92951005359993,negative_cross,toward_S4,1.1640165955916495
0,mustang,2024-03-29 18:56:34+00:00,40.289317,-88.126425,-60.73375986959725,873.0,9.33885402205361,rs10,18.279558449955996,31.46251478404202,13.182956334086025,1,18.279558449955996,34.59840362999698,16.318845180040984,-78.92951005359993,negative_cross,toward_S4,1.3369583367407902
0,mustang,2024-03-29 18:56:35+00:00,40.289226,-88.126428,-50.61207788413013,874.0,10.12168198546712,rs7,24.81877934464949,28.15221837626441,3.3334390316149225,2,24.81877934464949,28.15221837626441,3.3334390316149225,-27.632700444717127,negative_cross,toward_S4,1.5744559733442036
0,mustang,2024-03-29 18:56:36+00:00,40.289132,-88.126434,-40.15227526931623,875.0,10.459802614813903,rs7,15.072444305627709,29.57513795478108,14.502693649153372,2,15.072444305627709,38.4629393890882,23.39049508346049,-27.632700444717127,negative_cross,toward_S4,1.7681560217666834
0,mustang,2024-03-29 18:56:37+00:00,40.289036,-88.126439,-29.471649029956737,876.0,10.68062623935949,rs7,7.594484737745505,27.3235550869263,19.729070349180795,2,7.594484737745505,49.06821255834594,41.47372782060044,-27.632700444717127,negative_cross,toward_S4,1.965945396569637
0,mustang,2024-03-29 18:56:38+00:00,40.288941,-88.126443,-18.90372966680459,877.0,10.567919363152146,rs7,10.764478519473082,28.985919466867887,18.221440947394804,2,10.764478519473082,46.89000026333991,36.12552174386683,-27.632700444717127,negative_cross,toward_S4,2.1616476069983803
0,mustang,2024-03-29 18:56:39+00:00,40.288848,-88.126452,-8.550513756667128,878.0,10.353215910137463,rs7,19.593146863759113,34.243730665759244,14.650583802000131,2,19.593146863759113,36.6558875983979,17.062740734638783,-27.632700444717127,negative_cross,toward_S4,2.3533738275564815
0,mustang,2024-03-29 18:56:40+00:00,40.288757,-88.126468,1.5910587869675834,879.0,10.14157254363471,rs5,26.554436642189835,29.124143200898203,2.5697065587083685,3,26.554436642189835,29.124143200898203,2.5697065587083685,26.33125891160298,negative_cross,toward_S4,2.5418481458400852
0,mustang,2024-03-29 18:56:41+00:00,40.288669,-88.126484,11.399100829081133,880.0,9.80804204211355,rs5,16.895322578406578,34.84109921698195,17.945776638575374,3,16.895322578406578,38.66914212751012,21.773819549103543,26.33125891160298,negative_cross,toward_S4,2.7234785540273734
0,mustang,2024-03-29 18:56:42+00:00,40.28858,-88.126499,21.31678966161483,881.0,9.917688832533697,rs5,7.791058105452388,33.180244312845865,25.38918620739348,3,7.791058105452388,48.46438586558888,40.673327760136495,26.33125891160298,negative_cross,toward_S4,2.907139458333553
0,mustang,2024-03-29 18:56:43+00:00,40.288491,-88.126511,31.22988836632291,882.0,9.91309870470808,rs5,6.110164590573618,34.20367793156632,28.0935133409927,3,6.110164590573618,50.319899954865186,44.20973536429157,26.33125891160298,negative_cross,toward_S4,3.090715360272591
0,mustang,2024-03-29 18:56:44+00:00,40.2884,-88.126516,41.35463043753375,883.0,10.12474207121084,rs5,14.923611983591488,37.45060624425142,22.52699426065993,3,14.923611983591488,40.19684566570727,25.273233682115784,26.33125891160298,negative_cross,toward_S4,3.2782105838135327
0,mustang,2024-03-29 18:56:45+00:00,40.288308,-88.126518,51.585959214232716,884.0,10.231328776698966,rs5,24.91325897298491,29.994478842831363,5.0812198698464535,3,24.91325897298491,29.994478842831363,5.0812198698464535,26.33125891160298,negative_cross,toward_S4,3.467679635233884
0,mustang,2024-03-29 18:56:46+00:00,40.288218,-88.126517,61.590344194876906,885.0,10.00438498064419,rs2,20.085264727539577,34.85034994228784,14.765085214748265,4,20.085264727539577,34.85034994228784,14.765085214748265,80.2309515867141,negative_cross,toward_S4,3.65480356681783
0,mustang,2024-03-29 18:56:47+00:00,40.288132,-88.126514,71.1469617557107,886.0,9.5566175608338,rs2,10.848827747740849,34.96604754955858,24.117219801817733,4,10.848827747740849,44.39247321891905,33.5436454711782,80.2309515867141,negative_cross,toward_S4,3.8317779660925297
0,mustang,2024-03-29 18:56:48+00:00,40.28805,-88.126511,80.25887198170956,887.0,9.111910225998855,rs2,3.9879522480882326,33.67199197564845,29.68403972756022,4,3.9879522480882326,53.50063506779638,49.51268281970815,80.2309515867141,negative_cross,toward_S4,4.000517044351768
0,mustang,2024-03-29 18:56:49+00:00,40.287976,-88.126488,88.45076668132619,888.0,8.191894699616626,rs2,9.159604890037263,32.93025257540035,23.770647685363087,4,9.159604890037263,61.876350778695134,52.71674588865787,80.2309515867141,negative_cross,toward_S4,4.152218798048372
0,mustang,2024-03-29 18:56:50+00:00,40.287915,-88.126461,95.19124237321682,889.0,6.740475691890637,rs2,16.06535365301055,33.32674531552294,17.26139166251239,4,16.06535365301055,68.87792962442172,52.81257597141118,80.2309515867141,negative_cross,toward_S4,4.277042421972273
0,mustang,2024-03-29 18:56:51+00:00,40.287879,-88.126397,99.09568563872143,890.0,3.904443265504611,rs2,22.416339289676387,31.015689509820056,8.59935022014367,4,22.416339289676387,73.69176384582464,51.27542455614825,80.2309515867141,negative_cross,toward_S4,4.349346926889025
0,mustang,2024-03-29 18:56:52+00:00,40.287877,-88.126325,99.20787621829253,891.0,0.11219057957109158,rs2,26.69721398933998,26.73832364422221,0.04110965488223073,4,26.69721398933998,75.3098974112766,48.612683421936616,80.2309515867141,negative_cross,ambiguous,4.351424530214415
0,mustang,2024-03-29 18:56:53+00:00,40.287893,-88.126259,97.32806405154098,892.0,-1.8798121667515488,rs1,21.872705504597548,30.03942561752491,8.166720112927361,4,21.872705504597548,72.59496792487363,50.72226242027608,80.2309515867141,positive_cross,toward_S1,4.31661319379309
0,mustang,2024-03-29 18:56:54+00:00,40.287922,-88.12621,94.02896377583602,893.0,-3.2991002757049586,rs1,16.94728939895756,32.1595773229804,15.212287924022835,4,16.94728939895756,68.7952194224581,51.84793002350054,80.2309515867141,positive_cross,toward_S1,4.255518744242998
0,mustang,2024-03-29 18:56:55+00:00,40.287962,-88.126181,89.53751918883405,894.0,-4.491444587001965,rs1,11.863284657574367,32.9833399594677,21.12005530189333,4,11.863284657574367,64.11021399417481,52.246929336600445,80.2309515867141,positive_cross,toward_S1,4.172343844483703
0,mustang,2024-03-29 18:56:56+00:00,40.288009,-88.126167,84.29078740938733,895.0,-5.246731779446719,rs1,6.8592012989596,33.19116160354644,26.33196030458684,4,6.8592012989596,58.80038891207126,51.941187613111666,80.2309515867141,positive_cross,toward_S1,4.0751821448643195
0,mustang,2024-03-29 18:56:57+00:00,40.288064,-88.126163,78.1699413906345,896.0,-6.120846018752829,rs1,4.24204947560322,33.45964785652466,29.21759838092144,4,4.24204947560322,52.67545982164413,48.433410346040915,80.2309515867141,positive_cross,toward_S1,3.9618331445170445
0,mustang,2024-03-29 18:56:58+00:00,40.288126,-88.126158,71.26932749342197,897.0,-6.900613897212537,rs1,8.65736074236902,35.107688734673495,26.450327992304473,4,8.65736074236902,45.76805749899114,37.11069675662212,80.2309515867141,positive_cross,toward_S1,3.834043998272368
0,mustang,2024-03-29 18:56:59+00:00,40.288195,-88.126153,63.59047576064332,898.0,-7.6788517327786465,rs1,15.839684252568288,38.08582157288999,22.2461373203217,4,15.839684252568288,38.08582157288999,22.2461373203217,80.2309515867141,positive_cross,toward_S1,3.6918430402579485
0,mustang,2024-03-29 18:57:00+00:00,40.288267,-88.126151,55.582683656539,899.0,-8.007792104104325,rs1,23.708613672056753,30.100437585064316,6.391823913007563,4,23.708613672056753,30.100437585064316,6.391823913007563,80.2309515867141,positive_cross,toward_S1,3.543550593885646
