run_id,label,timestamp,latitude,longitude,axis_m,elapsed_s,axis_velocity_mps,nearest_sensor,nearest_sensor_distance_m,second_sensor_distance_m,sensor_margin_m,nearest_station,nearest_station_distance_m,second_station_distance_m,station_margin_m,nearest_station_axis_m,side_label,direction,lap_progress_stationized
2,miata,2024-03-29 19:55:21+00:00,40.289716,-88.126248,-105.36413406294993,0.0,0.0,rs8,28.106140911817114,33.10729903009602,5.001158118278909,1,28.106140911817114,78.1560500124323,50.04990910061519,-78.92951005359993,positive_cross,ambiguous,0.5104699257527777
2,miata,2024-03-29 19:55:22+00:00,40.289715,-88.126256,-105.24071688663958,1.0,0.12341717631035465,rs8,28.265892472945882,32.61941478465544,4.353522311709558,1,28.265892472945882,78.14504825291039,49.879155779964506,-78.92951005359993,positive_cross,ambiguous,0.5127554290177843
2,miata,2024-03-29 19:55:23+00:00,40.289715,-88.126263,-105.23000658651483,2.0,0.010710300124742389,rs8,28.507119518146848,32.278573808474334,3.771454290327487,1,28.507119518146848,78.23649080814224,49.729371289995385,-78.92951005359993,positive_cross,ambiguous,0.5129537679089833
2,miata,2024-03-29 19:55:24+00:00,40.289715,-88.12627,-105.21929628636835,3.0,0.010710300146484997,rs8,28.75858944988047,31.945138148186704,3.1865486983062326,1,28.75858944988047,78.33232949623968,49.573740046359205,-78.92951005359993,positive_cross,ambiguous,0.5131521068005849
2,miata,2024-03-29 19:55:25+00:00,40.289715,-88.126277,-105.20858598624359,4.0,0.0107103001247566,rs8,29.020035992539192,31.61934208001755,2.5993060874783573,1,29.020035992539192,78.43254820158259,49.4125122090434,-78.92951005359993,positive_cross,ambiguous,0.513350445691784
2,miata,2024-03-29 19:55:26+00:00,40.289714,-88.126284,-105.08669885201512,5.0,0.12188713422847286,rs8,29.19274445582209,31.207058855162558,2.014314399340467,1,29.19274445582209,78.42771817710891,49.23497372128682,-78.92951005359993,positive_cross,ambiguous,0.5156076148441631
2,miata,2024-03-29 19:55:27+00:00,40.289714,-88.126292,-105.07445850899677,6.0,0.012240343018348199,rs8,29.51525577083011,30.85260113312734,1.3373453622972313,1,29.51525577083011,78.55273469772531,49.037478926895204,-78.92951005359993,positive_cross,ambiguous,0.5158342878630214
2,miata,2024-03-29 19:55:28+00:00,40.289714,-88.126299,-105.06374820887203,7.0,0.010710300124742389,rs8,29.807270475959594,30.55144786669427,0.7441773907346771,1,29.807270475959594,78.66676518625628,48.85949471029669,-78.92951005359993,positive_cross,ambiguous,0.5160326267542203
2,miata,2024-03-29 19:55:29+00:00,40.289714,-88.126306,-105.05303790874727,8.0,0.0107103001247566,rs8,30.108169011284758,30.25895495316885,0.15078594188409156,1,30.108169011284758,78.78510762853163,48.676938617246876,-78.92951005359993,positive_cross,ambiguous,0.5162309656454196
2,miata,2024-03-29 19:55:30+00:00,40.289713,-88.126351,-104.87300914602599,9.0,0.1800287627212782,rs10,28.49967743276547,32.148249324222355,3.6485718914568857,1,28.49967743276547,78.98321992162353,50.48354248885806,-78.92951005359993,negative_cross,ambiguous,0.5195648316217395
2,miata,2024-03-29 19:55:31+00:00,40.289712,-88.126369,-104.73429154095358,10.0,0.13871760507241504,rs10,27.848619692152468,33.00092267437436,5.15230298222189,1,27.848619692152468,78.60357894935949,50.75495925720702,-78.92951005359993,negative_cross,ambiguous,0.5221336761601176
2,miata,2024-03-29 19:55:32+00:00,40.28971,-88.126404,-104.45838637289066,11.0,0.27590516806291987,rs10,26.782710251138617,34.787732455080885,8.005022203942268,1,26.782710251138617,77.94011810414722,51.1574078530086,-78.92951005359993,negative_cross,ambiguous,0.5272430311242458
2,miata,2024-03-29 19:55:33+00:00,40.289696,-88.126449,-102.83305877314085,12.0,1.6253275997498093,rs10,24.590750342300932,36.46631576475328,11.87556542245235,1,24.590750342300932,75.98083137030494,51.390081028004005,-78.92951005359993,negative_cross,toward_S4,0.5573416903788718
2,miata,2024-03-29 19:55:34+00:00,40.289689,-88.126463,-102.03340033809343,13.0,0.7996584350474194,rs10,23.7189651719806,36.882163487983746,13.163198316003147,1,23.7189651719806,75.11345483817044,51.39448966618984,-78.92951005359993,negative_cross,toward_S4,0.572150179916787
2,miata,2024-03-29 19:55:35+00:00,40.28966,-88.12648,-98.78326143441838,14.0,3.250138903675051,rs10,20.454700352569855,36.15479627278166,15.700095920211805,1,20.454700352569855,71.80605542637427,51.35135507380441,-78.92951005359993,negative_cross,toward_S4,0.6323379373922509
2,miata,2024-03-29 19:55:36+00:00,40.289611,-88.126485,-93.32794637423436,15.0,5.45531506018402,rs10,15.013066361999664,33.862371403709304,18.84930504170964,1,15.013066361999664,66.34137574240015,51.32830938040048,-78.92951005359993,negative_cross,toward_S4,0.7333622903586217
2,miata,2024-03-29 19:55:37+00:00,40.289544,-88.126447,-85.937240152537,16.0,7.390706221697357,rs10,8.02543949696498,28.296654286132455,20.271214789167473,1,8.02543949696498,59.169946931984946,51.14450743501997,-78.92951005359993,negative_cross,toward_S4,0.8702272203900542
2,miata,2024-03-29 19:55:39+00:00,40.289494,-88.126446,-80.37992851550216,18.0,2.7786558185174215,rs10,3.43550454623768,27.38670100223558,23.9511964559979,1,3.43550454623768,53.65687606711156,50.22137152087388,-78.92951005359993,negative_cross,toward_S4,0.9731403988536624
2,miata,2024-03-29 19:55:40+00:00,40.289426,-88.126448,-72.81684374546454,19.0,7.563084770037619,rs10,6.161942066443485,28.2138641382035,22.051922071760018,1,6.161942066443485,46.137061237635066,39.97511917119158,-78.92951005359993,negative_cross,toward_S4,1.1131975242247294
2,miata,2024-03-29 19:55:41+00:00,40.289356,-88.126446,-65.03752547949689,20.0,7.779318265967646,rs10,13.648537066500818,30.724181096473785,17.075644029972967,1,13.648537066500818,38.472698843050665,24.824161776549847,-78.92951005359993,negative_cross,toward_S4,1.2572589735945006
2,miata,2024-03-29 19:55:42+00:00,40.28928,-88.126442,-56.59420629783227,21.0,8.44331918166462,rs10,22.03622547587102,30.2582935054316,8.222068029560578,1,22.03622547587102,30.2582935054316,8.222068029560578,-78.92951005359993,negative_cross,toward_S4,1.4136167362179195
2,miata,2024-03-29 19:55:43+00:00,40.289215,-88.126456,-49.346291513998324,22.0,7.247914783833949,rs7,22.95533820138619,29.106683593370477,6.151345391984286,2,22.95533820138619,29.106683593370477,6.151345391984286,-27.632700444717127,negative_cross,toward_S4,1.5978964616799778
2,miata,2024-03-29 19:55:44+00:00,40.289146,-88.126454,-41.67815008215612,23.0,7.668141431842201,rs7,15.713274942475122,31.776589303649473,16.06331436117435,2,15.713274942475122,36.777030855786286,21.063755913311162,-27.632700444717127,negative_cross,toward_S4,1.7398990807881667
2,miata,2024-03-29 19:55:45+00:00,40.289077,-88.126454,-34.0069485637585,24.0,7.671201518397623,rs7,9.092338807291563,29.227092894643054,20.13475408735149,2,9.092338807291563,44.44107843306837,35.34873962577681,-27.632700444717127,negative_cross,toward_S4,1.8819583681659005
2,miata,2024-03-29 19:55:46+00:00,40.289006,-88.126456,-26.110333292967923,25.0,7.896615270790576,rs7,5.886350371766664,28.755377050078582,22.86902667831192,2,5.886350371766664,52.323903665999495,46.43755329423283,-27.632700444717127,negative_cross,toward_S4,2.028191984291652
2,miata,2024-03-29 19:55:47+00:00,40.288936,-88.126458,-18.324894855512838,26.0,7.785438437455085,rs7,10.461270379834916,30.367825843318908,19.90655546348399,2,10.461270379834916,46.08551582112938,35.62424544129446,-27.632700444717127,negative_cross,toward_S4,2.17236677017045
2,miata,2024-03-29 19:55:48+00:00,40.28887,-88.126462,-10.981103667127204,27.0,7.343791188385634,rs7,17.003605633017198,33.66955219094362,16.66594655792642,2,17.003605633017198,38.83141914888499,21.827813515867792,-27.632700444717127,negative_cross,toward_S4,2.3083629032887023
2,miata,2024-03-29 19:55:49+00:00,40.288803,-88.126471,-3.5184854302785777,28.0,7.462618236848627,rs7,24.042461724444266,31.4061167059924,7.363654981548134,2,24.042461724444266,31.4061167059924,7.363654981548134,-27.632700444717127,negative_cross,toward_S4,2.4465595373044176
2,miata,2024-03-29 19:55:50+00:00,40.288733,-88.126482,4.2807233930667135,29.0,7.799208823345291,rs5,23.653204272072834,31.603629250412887,7.9504249783400525,3,23.653204272072834,31.603629250412887,7.9504249783400525,26.33125891160298,negative_cross,toward_S4,2.5916567496567358
2,miata,2024-03-29 19:55:51+00:00,40.288663,-88.126491,12.076872130668288,30.0,7.796148737601575,rs5,16.050377609483032,35.10590626103224,19.055528651549206,3,16.050377609483032,39.2867601825067,23.236382573023665,26.33125891160298,negative_cross,toward_S4,2.7360298744271354
2,miata,2024-03-29 19:55:52+00:00,40.288595,-88.126499,19.64913715795881,31.0,7.57226502729052,rs5,9.06993685786565,33.46702901411825,24.397092156252604,3,9.06993685786565,46.79768628200341,37.72774942413776,26.33125891160298,negative_cross,toward_S4,2.876257004562145
2,miata,2024-03-29 19:55:53+00:00,40.288526,-88.12651,27.33716914799035,32.0,7.68803199003154,rs5,4.470293181163696,33.76895051166268,29.298657330498983,3,4.470293181163696,54.20841428262723,49.738121101463534,26.33125891160298,negative_cross,toward_S4,3.0186279673405068
2,miata,2024-03-29 19:55:54+00:00,40.288455,-88.126515,35.238374547396496,33.0,7.901205399406148,rs5,9.204397637767858,35.342457254733674,26.138059616965815,3,9.204397637767858,46.301550953819415,37.09715331605156,26.33125891160298,negative_cross,toward_S4,3.164946585848028
2,miata,2024-03-29 19:55:55+00:00,40.288386,-88.126525,42.92487649376623,34.0,7.686501946369731,rs5,16.264091878926045,38.58576270206088,22.321670823134838,3,16.264091878926045,38.58576270206088,22.321670823134838,26.33125891160298,negative_cross,toward_S4,3.3072892144845047
2,miata,2024-03-29 19:55:56+00:00,40.288309,-88.126529,51.49161285255288,35.0,8.566736358786656,rs5,24.678505032753463,30.019192152921022,5.3406871201675585,3,24.678505032753463,30.019192152921022,5.3406871201675585,26.33125891160298,negative_cross,toward_S4,3.465932480387961
2,miata,2024-03-29 19:55:57+00:00,40.288233,-88.126528,59.939522162833065,36.0,8.447909310280181,rs2,21.609723598310193,33.09717750349191,11.48745390518172,4,21.609723598310193,33.09717750349191,11.48745390518172,80.2309515867141,negative_cross,toward_S4,3.6242327884466476
2,miata,2024-03-29 19:55:58+00:00,40.288167,-88.126529,67.27872322260312,37.0,7.339201059770055,rs2,14.322627640587543,37.306994119599345,22.984366479011804,4,14.322627640587543,40.40850980976208,26.08588216917454,80.2309515867141,negative_cross,toward_S4,3.76014391918313
2,miata,2024-03-29 19:55:59+00:00,40.288105,-88.126532,74.1762770340502,38.0,6.897553811447082,rs2,7.524003721887968,35.869343082335185,28.345339360447216,4,7.524003721887968,47.27533553281595,39.75133181092799,80.2309515867141,negative_cross,toward_S4,3.887876397172891
2,miata,2024-03-29 19:56:00+00:00,40.28805,-88.126538,80.30018313935844,39.0,6.123906105308237,rs2,1.9027054717859373,35.96239456394531,34.059689092159374,4,1.9027054717859373,53.36240991750958,51.459704445723645,80.2309515867141,negative_cross,toward_S4,4.00128206578971
2,miata,2024-03-29 19:56:01+00:00,40.287999,-88.126537,85.968671609707,40.0,5.668488470348564,rs2,4.829172829612796,36.4221222669106,31.592949437297804,4,4.829172829612796,59.034110102055394,54.2049372724426,80.2309515867141,negative_cross,toward_S4,4.106254074499868
2,miata,2024-03-29 19:56:02+00:00,40.287955,-88.126523,90.8390316879018,41.0,4.870360078194793,rs2,9.851861726327577,36.447810544795026,26.59594881846745,4,9.851861726327577,63.9762489900257,54.124387263698125,80.2309515867141,negative_cross,toward_S4,4.196445927799772
2,miata,2024-03-29 19:56:03+00:00,40.287928,-88.126488,93.78725469381541,42.0,2.9482230059136185,rs2,13.721966233322167,34.74997852645148,21.02801229312931,4,13.721966233322167,67.18949978801601,53.467533554693844,80.2309515867141,negative_cross,toward_S4,4.251042650131506
2,miata,2024-03-29 19:56:04+00:00,40.28791,-88.126444,95.72111581247867,43.0,1.933861118663259,rs2,17.297762379570145,32.33557305839195,15.037810678821806,4,17.297762379570145,69.62334300680453,52.32558062723439,80.2309515867141,negative_cross,toward_S4,4.286854893069714
2,miata,2024-03-29 19:56:05+00:00,40.287903,-88.126394,96.42285150346626,44.0,0.70173569098759,rs2,20.518492055922007,29.18939260698476,8.670900551062754,4,20.518492055922007,71.1237838157883,50.60529175986629,80.2309515867141,negative_cross,toward_S4,4.299849998458374
2,miata,2024-03-29 19:56:06+00:00,40.287896,-88.126342,97.1215271086884,45.0,0.6986756052221352,rs2,24.210437804725444,26.250118526442826,2.0396807217173816,4,24.210437804725444,72.89238768554273,48.681949880817285,80.2309515867141,negative_cross,toward_S4,4.312788435592116
2,miata,2024-03-29 19:56:07+00:00,40.287902,-88.126296,96.38408413494658,46.0,-0.7374429737418211,rs1,23.02552228649953,26.874708565203587,3.8491862787040567,4,23.02552228649953,72.22117914769244,49.19565686119291,80.2309515867141,positive_cross,toward_S1,4.299132084226527
2,miata,2024-03-29 19:56:08+00:00,40.287922,-88.126252,94.09322557660623,47.0,-2.2908585583403465,rs1,18.916564102895805,28.94234355120192,10.025779448306114,4,18.916564102895805,69.31534339483645,50.39877929194064,80.2309515867141,positive_cross,toward_S1,4.256708777590595
2,miata,2024-03-29 19:56:09+00:00,40.287953,-88.126227,90.60849266330706,48.0,-3.484732913299169,rs1,14.902215106072061,29.54772474373911,14.645509637667049,4,14.902215106072061,65.57237947729534,50.67016437122328,80.2309515867141,positive_cross,toward_S1,4.192176686603573
2,miata,2024-03-29 19:56:10+00:00,40.287991,-88.126213,86.36235238686567,49.0,-4.246140276441395,rs1,11.047845190661777,29.613682631599122,18.565837440937344,4,11.047845190661777,61.21867193115823,50.17082674049645,80.2309515867141,positive_cross,toward_S1,4.113544459262066
2,miata,2024-03-29 19:56:11+00:00,40.288025,-88.126213,82.58234004471868,50.0,-3.780012342146989,rs1,9.051370153597354,29.157056613002904,20.10568645940555,4,9.051370153597354,57.47648759985074,48.42511744625339,80.2309515867141,positive_cross,toward_S1,4.043544230703788
2,miata,2024-03-29 19:56:12+00:00,40.288074,-88.126204,77.12090481223557,51.0,-5.461435232483112,rs1,7.886175733595539,30.11331344772306,22.22713771412752,4,7.886175733595539,51.973477852587564,44.08730211899203,80.2309515867141,positive_cross,toward_S1,3.9424065412133604
2,miata,2024-03-29 19:56:13+00:00,40.28813,-88.126201,70.89041200222916,52.0,-6.23049281000641,rs1,11.069353339352496,31.751031972123325,20.68167863277083,4,11.069353339352496,45.78207219734998,34.71271885799749,80.2309515867141,positive_cross,toward_S1,3.8270270447317603
2,miata,2024-03-29 19:56:14+00:00,40.288191,-88.126206,64.11627536788237,53.0,-6.774136634346789,rs1,16.945006353643773,34.12868073018702,17.183674376543248,4,16.945006353643773,39.18964960767483,22.244643254031057,80.2309515867141,positive_cross,toward_S1,3.7015800700216346
2,miata,2024-03-29 19:56:15+00:00,40.288256,-88.1262,56.88060092706678,54.0,-7.235674440815586,rs1,23.437790775225785,32.02188575019423,8.584094974968444,4,23.437790775225785,32.02188575019423,8.584094974968444,80.2309515867141,positive_cross,toward_S1,3.56758609889542
2,miata,2024-03-29 19:56:16+00:00,40.288329,-88.126198,48.761631988880495,55.0,-8.118968938186285,rs3,24.147251706816355,31.218563763718713,7.071312056902357,3,24.147251706816355,31.218563763718713,7.071312056902357,26.33125891160298,positive_cross,toward_S1,3.415377279208843
2,miata,2024-03-29 19:56:17+00:00,40.288405,-88.126197,40.310662592834845,56.0,-8.45096939604565,rs3,16.250160779344288,33.95709287296019,17.7069320936159,3,16.250160779344288,39.481382934590336,23.231222155246048,26.33125891160298,positive_cross,toward_S1,3.258877845948738
2,miata,2024-03-29 19:56:18+00:00,40.288488,-88.126194,31.078395275457634,57.0,-9.232267317377211,rs3,8.756113353224512,31.60201573449397,22.84590238126946,3,8.756113353224512,48.557481093452814,39.8013677402283,26.33125891160298,positive_cross,toward_S1,3.087909932663975
2,miata,2024-03-29 19:56:19+00:00,40.28857,-88.126191,21.957304792205875,58.0,-9.12109048325176,rs3,7.68108317259895,31.841090238437694,24.160007065838744,3,7.68108317259895,50.48192843073286,42.800845258133904,26.33125891160298,positive_cross,toward_S1,2.919000849640794
2,miata,2024-03-29 19:56:20+00:00,40.288652,-88.126186,12.833154223188656,59.0,-9.12415056901722,rs3,14.341325589392808,34.732309936816385,20.390984347423576,3,14.341325589392808,41.38469070855143,27.043365119158622,26.33125891160298,positive_cross,toward_S1,2.7500350983626975
2,miata,2024-03-29 19:56:21+00:00,40.28873,-88.126186,4.161361202597421,60.0,-8.671793020591235,rs3,22.46801261916986,32.81731330794942,10.34930068877956,3,22.46801261916986,32.81731330794942,10.34930068877956,26.33125891160298,positive_cross,toward_S1,2.5894463387221194
2,miata,2024-03-29 19:56:22+00:00,40.288808,-88.126183,-4.515021946631131,61.0,-8.676383149228553,rs6,24.267345491844033,30.844138702325015,6.576793210480982,2,24.267345491844033,30.844138702325015,6.576793210480982,-27.632700444717127,positive_cross,toward_S1,2.428105157371963
2,miata,2024-03-29 19:56:23+00:00,40.288886,-88.126189,-13.177634709179518,62.0,-8.662612762548388,rs6,16.129593169037552,31.876385819522145,15.746792650484593,2,16.129593169037552,39.47076955119908,23.34117638216153,-27.632700444717127,positive_cross,toward_S1,2.267686402509956
2,miata,2024-03-29 19:56:24+00:00,40.288963,-88.126188,-21.73978093932886,63.0,-8.562146230149342,rs6,8.742782650962846,29.119530532920923,20.376747881958075,2,8.742782650962846,47.92708630019766,39.18430364923481,-27.632700444717127,positive_cross,toward_S1,2.109128138988672
2,miata,2024-03-29 19:56:25+00:00,40.289039,-88.12618,-30.20146063549925,64.0,-8.461679696170389,rs6,5.68403780419652,29.330001631831003,23.645963827634482,2,5.68403780419652,49.482932873071135,43.798895068874614,-27.632700444717127,positive_cross,toward_S1,1.9524303668373681
2,miata,2024-03-29 19:56:26+00:00,40.289111,-88.126178,-38.20925273960357,65.0,-8.007792104104322,rs6,11.305240718176389,31.249702467639036,19.944461749462647,2,11.305240718176389,41.50017691346031,30.19493619528392,-27.632700444717127,positive_cross,toward_S1,1.8041379204650658
2,miata,2024-03-29 19:56:27+00:00,40.289179,-88.126182,-45.76315725238832,66.0,-7.553904512784747,rs6,18.46729260480687,34.04185072446313,15.57455811965626,2,18.46729260480687,34.04185072446313,15.57455811965626,-27.632700444717127,positive_cross,toward_S1,1.6642507998579408
2,miata,2024-03-29 19:56:28+00:00,40.289247,-88.126179,-53.32777206610951,67.0,-7.564614813721192,rs6,25.73661039584857,26.53554219447352,0.7989317986249524,2,25.73661039584857,26.53554219447352,0.7989317986249524,-27.632700444717127,positive_cross,toward_S1,1.5241653403445854
2,miata,2024-03-29 19:56:29+00:00,40.289314,-88.126184,-60.76896970191867,68.0,-7.441197635809161,rs8,19.354504019565145,30.84631993484034,11.491815915275197,1,19.354504019565145,33.13841580212053,13.783911782555382,-78.92951005359993,positive_cross,toward_S1,1.3363063028089122
2,miata,2024-03-29 19:56:30+00:00,40.289373,-88.126182,-67.3314629697627,69.0,-6.562493267844026,rs8,13.07648018812347,27.684766671005193,14.608286482881722,1,13.07648018812347,39.59718676708028,26.520706578956812,-78.92951005359993,positive_cross,toward_S1,1.2147786497006894
2,miata,2024-03-29 19:56:31+00:00,40.289433,-88.126182,-74.0020729859667,70.0,-6.670610016204009,rs8,7.349238484549842,25.650042975449004,18.30080449089916,1,7.349238484549842,46.21610396859701,38.86686548404717,-78.92951005359993,positive_cross,toward_S1,1.0912488345858005
2,miata,2024-03-29 19:56:32+00:00,40.289483,-88.126181,-79.5624447079553,71.0,-5.560371721988588,rs8,4.871760266577169,25.294566473015383,20.422806206438214,1,4.871760266577169,51.7337063085013,46.86194604192413,-78.92951005359993,positive_cross,toward_S1,0.9882789878823081
2,miata,2024-03-29 19:56:33+00:00,40.289527,-88.126181,-84.45422538639954,72.0,-4.891780678444249,rs8,6.9993769202340275,25.909020923971575,18.909644003737547,1,6.9993769202340275,56.60342686815985,49.60404994792582,-78.92951005359993,positive_cross,toward_S1,0.8976904568000071
2,miata,2024-03-29 19:56:34+00:00,40.289573,-88.126181,-89.56835973147133,73.0,-5.11413434507179,rs8,11.252277162444017,27.484303151445506,16.23202598900149,1,11.252277162444017,61.69859968150587,50.44632251906185,-78.92951005359993,positive_cross,toward_S1,0.8029842652246035
2,miata,2024-03-29 19:56:35+00:00,40.289617,-88.126189,-94.44790006691902,74.0,-4.879540335447686,rs8,16.028821737206698,29.171386116014823,13.142564378808125,1,16.028821737206698,66.63356510727323,50.60474337006653,-78.92951005359993,positive_cross,toward_S1,0.7126224071607576
2,miata,2024-03-29 19:56:36+00:00,40.289654,-88.126216,-98.52013175214833,75.0,-4.072231685229312,rs8,20.695415599881862,29.823158156802872,9.12774255692101,1,20.695415599881862,70.96578200760077,50.2703664077189,-78.92951005359993,positive_cross,toward_S1,0.6372107092861407
2,miata,2024-03-29 19:56:37+00:00,40.289681,-88.126262,-101.45152428723969,76.0,-2.931392535091362,rs8,25.075454035343576,29.297615678886007,4.222161643542432,1,25.075454035343576,74.49048698193612,49.41503294659254,-78.92951005359993,positive_cross,toward_S1,0.5829256623400043
2,miata,2024-03-29 19:56:38+00:00,40.289698,-88.126311,-103.26655835739649,77.0,-1.8150340701567984,rs10,28.501199873485888,28.82801792034651,0.3268180468606232,1,28.501199873485888,77.13247167519046,48.63127180170457,-78.92951005359993,negative_cross,toward_S1,0.5493139203000637
2,miata,2024-03-29 19:56:39+00:00,40.289703,-88.126367,-103.73676012450368,78.0,-0.4702017671071843,rs10,26.96688099686214,32.12108978974607,5.1542087928839315,1,26.96688099686214,77.64587250334763,50.67899150648549,-78.92951005359993,negative_cross,ambiguous,0.5406064801684491
2,miata,2024-03-29 19:56:40+00:00,40.289696,-88.126422,-102.87436993076797,79.0,0.8623901937357061,rs10,24.932176907039693,34.76430232879511,9.832125421755418,1,24.932176907039693,76.20763424101828,51.27545733397859,-78.92951005359993,negative_cross,toward_S4,0.5565766689413325
2,miata,2024-03-29 19:56:41+00:00,40.289661,-88.126464,-98.91891895453705,80.0,3.955450976230921,rs10,20.605088863106964,35.09045549791826,14.4853666348113,1,20.605088863106964,72.00083627592755,51.39574741282059,-78.92951005359993,negative_cross,toward_S4,0.629825761093757
2,miata,2024-03-29 19:56:42+00:00,40.289617,-88.126477,-94.00724771871513,81.0,4.911671235821913,rs10,15.672710253860512,33.542868466325835,17.870158212465324,1,15.672710253860512,67.04509983391854,51.37238958005803,-78.92951005359993,negative_cross,toward_S4,0.7207826358311998
2,miata,2024-03-29 19:56:43+00:00,40.289572,-88.126465,-89.02265072146287,82.0,4.984596997252268,rs10,10.732535952882186,30.653338724269013,19.920802771386825,1,10.732535952882186,62.123765826296456,51.39122987341427,-78.92951005359993,negative_cross,toward_S4,0.8130899876321678
2,miata,2024-03-29 19:56:44+00:00,40.289529,-88.126457,-84.25428722011891,83.0,4.768363501343956,rs10,6.1728339099130904,28.76937675508909,22.596542845176,1,6.1728339099130904,57.42156719720477,51.248733287291685,-78.92951005359993,negative_cross,toward_S4,0.9013930154348336
2,miata,2024-03-29 19:56:45+00:00,40.289475,-88.12645,-78.261448506292,84.0,5.992838713826913,rs10,2.4634587734013347,27.70276146173212,25.239302688330785,1,2.4634587734013347,51.517873131137584,49.05441435773625,-78.92951005359993,negative_cross,toward_S4,1.012371510135332
2,miata,2024-03-29 19:56:46+00:00,40.289412,-88.126445,-71.26495820373783,85.0,6.9964903025541645,rs10,7.6910603269615345,28.351900031478532,20.660839704517,1,7.6910603269615345,44.633489006967885,36.94242868000635,-78.92951005359993,negative_cross,toward_S4,1.1419361453678165
2,miata,2024-03-29 19:56:47+00:00,40.289338,-88.126445,-63.037872517981505,86.0,8.227085685756329,rs10,15.62887375836568,31.61292068871395,15.984046930348269,1,15.62887375836568,36.5178702894545,20.88899653108882,-78.92951005359993,negative_cross,toward_S4,1.2942895839929338
2,miata,2024-03-29 19:56:48+00:00,40.289258,-88.126448,-54.13913570135725,87.0,8.898736816624258,rs10,24.400627077300456,27.75997399310016,3.359346915799705,1,24.400627077300456,27.75997399310016,3.359346915799705,-78.92951005359993,negative_cross,toward_S4,1.4590810065230126
2,miata,2024-03-29 19:56:49+00:00,40.289172,-88.126451,-44.57333788403879,88.0,9.565797817318455,rs7,18.505439702461008,32.93098207034313,14.42554236788212,2,18.505439702461008,33.90725118144124,15.401811478980232,-27.632700444717127,negative_cross,toward_S4,1.6862844918644135
2,miata,2024-03-29 19:56:50+00:00,40.289087,-88.126454,-35.11871690005582,89.0,9.45462098398297,rs7,9.958610995998919,29.48667969215629,19.52806869615737,2,9.958610995998919,43.33011505475785,33.37150405875893,-27.632700444717127,negative_cross,toward_S4,1.861370065641876
2,miata,2024-03-29 19:56:51+00:00,40.289006,-88.126453,-26.114923421605237,90.0,9.003793478450586,rs7,6.137080349818765,28.50124790288347,22.364167553064703,2,6.137080349818765,52.33401411118166,46.19693376136289,-27.632700444717127,negative_cross,toward_S4,2.0281069819094792
2,miata,2024-03-29 19:56:52+00:00,40.288927,-88.126455,-17.328893481934795,91.0,8.786029939670442,rs7,11.446716067267989,30.452660591617256,19.005944524349268,2,11.446716067267989,45.15431236938628,33.70759630211829,-27.632700444717127,negative_cross,toward_S4,2.1908112400515245
2,miata,2024-03-29 19:56:53+00:00,40.288854,-88.126463,-9.200744286495617,92.0,8.128149195439178,rs7,18.67944188180301,34.65994755488024,15.980505673077229,2,18.67944188180301,37.077880881585784,18.398438999782773,-27.632700444717127,negative_cross,toward_S4,2.3413325214485465
2,miata,2024-03-29 19:56:54+00:00,40.28878,-88.126473,-0.9583581719772313,93.0,8.242386114518386,rs7,26.531003409664457,28.889142939497926,2.358139529833469,2,26.531003409664457,28.889142939497926,2.358139529833469,-27.632700444717127,negative_cross,toward_S4,2.493969301347035
2,miata,2024-03-29 19:56:55+00:00,40.288708,-88.126486,7.06626440452923,94.0,8.024622576506461,rs5,20.898463110885654,34.33397160597123,13.435508495085575,3,20.898463110885654,34.33397160597123,13.435508495085575,26.33125891160298,negative_cross,toward_S4,2.643240842461597
2,miata,2024-03-29 19:56:56+00:00,40.288637,-88.126497,14.97665006118827,95.0,7.91038565665904,rs5,13.195252654592082,34.526337582281435,21.331084927689353,3,13.195252654592082,42.14062739097238,28.945374736380295,26.33125891160298,negative_cross,toward_S4,2.789729465733061
2,miata,2024-03-29 19:56:57+00:00,40.288578,-88.12651,21.555973800666205,96.0,6.579323739477935,rs5,7.004356336726831,34.072378611965355,27.068022275238526,3,7.004356336726831,48.65440888270113,41.6500525459743,26.33125891160298,negative_cross,toward_S4,2.9115687942419117
2,miata,2024-03-29 19:56:58+00:00,40.288491,-88.126519,31.24212870934126,97.0,9.686154908675054,rs5,5.644762780411078,34.87525859791888,29.2304958175078,3,5.644762780411078,50.27284203462041,44.62807925420933,26.33125891160298,negative_cross,toward_S4,3.0909420332914497
2,miata,2024-03-29 19:56:59+00:00,40.288411,-88.126529,40.15157582532206,98.0,8.909447115980804,rs5,13.4724231813395,37.997639632488394,24.525216451148893,3,13.4724231813395,41.340085645716705,27.867662464377204,26.33125891160298,negative_cross,toward_S4,3.2559317946985016
2,miata,2024-03-29 19:57:00+00:00,40.288337,-88.126531,48.38172159761205,99.0,8.230145772289987,rs5,21.566186285328474,33.11389448837457,11.547708203046096,3,21.566186285328474,33.11389448837457,11.547708203046096,26.33125891160298,negative_cross,toward_S4,3.4083419015927605
2,miata,2024-03-29 19:57:01+00:00,40.288263,-88.126529,56.605747197624666,100.0,8.224025600012617,rs2,24.9208916339507,29.766703658511762,4.845812024561063,4,24.9208916339507,29.766703658511762,4.845812024561063,80.2309515867141,negative_cross,toward_S4,3.5624962150168624
2,miata,2024-03-29 19:57:02+00:00,40.288195,-88.126528,64.16424183902498,101.0,7.558494641400316,rs2,17.415167918546544,37.30908945272546,19.893921534178915,4,17.415167918546544,37.30908945272546,19.893921534178915,80.2309515867141,negative_cross,toward_S4,3.7024683380057573
2,miata,2024-03-29 19:57:03+00:00,40.288136,-88.126532,70.72979519263446,102.0,6.565553353609474,rs2,10.882669105519287,36.55560324816285,25.672934142643566,4,10.882669105519287,43.83289451472731,32.95022540920802,80.2309515867141,negative_cross,toward_S4,3.8240526593688955
2,miata,2024-03-29 19:57:04+00:00,40.288082,-88.126525,76.72263390646133,103.0,5.99283871382687,rs2,5.37489039209156,34.97636958958912,29.60147919749756,4,5.37489039209156,49.86427247363545,44.489382081543894,80.2309515867141,negative_cross,toward_S4,3.935031154069393
2,miata,2024-03-29 19:57:05+00:00,40.288038,-88.126528,81.61900471352119,104.0,4.896370807059867,rs2,2.3934594184283973,35.16352518298356,32.77006576455516,4,2.3934594184283973,54.73494816265804,52.34148874422964,80.2309515867141,negative_cross,toward_S4,4.025704687533465
2,miata,2024-03-29 19:57:06+00:00,40.288004,-88.126528,85.39901705566817,105.0,3.780012342146975,rs2,4.650617666939371,35.5761920548221,30.92557438788273,4,4.650617666939371,58.51158189966742,53.86096423272805,80.2309515867141,negative_cross,toward_S4,4.095704916091742
2,miata,2024-03-29 19:57:07+00:00,40.287969,-88.126527,89.28867618904694,106.0,3.889659133378771,rs2,8.263408347714167,36.32688246036234,28.063474112648173,4,8.263408347714167,62.40397100818351,54.14056266046934,80.2309515867141,negative_cross,toward_S4,4.167735640783942
2,miata,2024-03-29 19:57:08+00:00,40.287938,-88.126517,92.71985760172238,107.0,3.4311814126754427,rs2,11.809481923594575,36.59674329886012,24.787261375265544,4,11.809481923594575,65.89243864460107,54.0829567210065,80.2309515867141,negative_cross,toward_S4,4.231276037314968
2,miata,2024-03-29 19:57:09+00:00,40.287907,-88.126484,96.11584802823639,108.0,3.395990426514004,rs2,15.997739073283476,35.46770517141999,19.469966098136517,4,15.997739073283476,69.54692124490454,53.54918217162106,80.2309515867141,negative_cross,toward_S4,4.29416474891708
2,miata,2024-03-29 19:57:10+00:00,40.287886,-88.126439,98.38170960394729,109.0,2.2658615757109004,rs2,19.79205597346628,33.40171694604332,13.609660972577043,4,19.79205597346628,72.32606362678317,52.53400765331689,80.2309515867141,negative_cross,toward_S4,4.336125148467281
2,miata,2024-03-29 19:57:11+00:00,40.287865,-88.126393,100.64604113755452,110.0,2.2643315336072334,rs2,23.873199932229436,31.77161372755152,7.898413795322085,4,23.873199932229436,75.2850781404076,51.411878208178166,80.2309515867141,negative_cross,toward_S4,4.3780572139044525
2,miata,2024-03-29 19:57:12+00:00,40.28786,-88.126345,101.1284832468901,111.0,0.4824421093355795,rs2,26.854661372127552,29.278933696525876,2.4242723243983235,4,26.854661372127552,76.70766226478987,49.85300089266232,80.2309515867141,negative_cross,ambiguous,4.386991327040296
2,miata,2024-03-29 19:57:13+00:00,40.287881,-88.126283,98.69890708347732,112.0,-2.4295761634127757,rs1,24.13882562251863,29.141980182248794,5.003154559730163,4,24.13882562251863,74.28050976712072,50.14168414460209,80.2309515867141,positive_cross,toward_S1,4.341999175865985
2,miata,2024-03-29 19:57:14+00:00,40.287906,-88.126245,95.8613446142412,113.0,-2.8375624692361185,rs1,20.00995387124837,30.30677267989626,10.296818808647888,4,20.00995387124837,70.97266479991062,50.96271092866225,80.2309515867141,positive_cross,toward_S1,4.289451722731983
2,miata,2024-03-29 19:57:15+00:00,40.287937,-88.126217,92.37202157230472,114.0,-3.489323041936487,rs1,15.82340659748006,30.963489200570507,15.140082603090447,4,15.82340659748006,67.2152901267279,51.391883529247835,80.2309515867141,positive_cross,toward_S1,4.224834629362789
2,miata,2024-03-29 19:57:16+00:00,40.287971,-88.126204,88.57211867278014,115.0,-3.7999028995245823,rs1,12.11617291944645,30.84082832745924,18.724655408012786,4,12.11617291944645,63.323699369960174,51.207526450513726,80.2309515867141,positive_cross,toward_S1,4.154466057149371
2,miata,2024-03-29 19:57:17+00:00,40.288017,-88.126201,83.45339419828109,116.0,-5.1187244744990466,rs1,8.530147200908779,30.23552299215796,21.705375791249182,4,8.530147200908779,58.21604836286977,49.68590116196099,80.2309515867141,positive_cross,toward_S1,4.059674863177166
2,miata,2024-03-29 19:57:18+00:00,40.288065,-88.126204,78.12149631442918,117.0,-5.331897883851909,rs1,7.6888714834708765,30.003672064882632,22.314800581411756,4,7.6888714834708765,52.96342330536477,45.274551821893894,80.2309515867141,positive_cross,toward_S1,3.9609360134762053
2,miata,2024-03-29 19:57:19+00:00,40.288111,-88.126198,72.9981817121045,118.0,-5.123314602324683,rs1,9.40124123456642,31.394893068295634,21.993651833729214,4,9.40124123456642,47.82842319934847,38.42718196478205,80.2309515867141,positive_cross,toward_S1,3.8660598171368594
2,miata,2024-03-29 19:57:20+00:00,40.288174,-88.126192,65.98486093870639,119.0,-7.013320773398107,rs1,14.720940534937768,34.30396517396411,19.58302463902634,4,14.720940534937768,40.829208774166865,26.108268239229098,80.2309515867141,positive_cross,toward_S1,3.7361835065183757
2,miata,2024-03-29 19:57:21+00:00,40.288239,-88.126187,58.750716540762625,120.0,-7.234144397943766,rs1,21.30287692758344,33.63830074136385,12.335423813780409,4,21.30287692758344,33.63830074136385,12.335423813780409,80.2309515867141,positive_cross,toward_S1,3.602217869519417
2,miata,2024-03-29 19:57:22+00:00,40.288322,-88.12619,49.5276294806383,121.0,-9.223087060124321,rs3,24.70074360239307,30.309716022523897,5.608972420130826,3,24.70074360239307,30.309716022523897,5.608972420130826,26.33125891160298,positive_cross,toward_S1,3.4295624179450988
2,miata,2024-03-29 19:57:23+00:00,40.288399,-88.126192,40.97007337991623,122.0,-8.557556100722074,rs3,16.674426816316593,34.61917875383499,17.944751937518394,3,16.674426816316593,38.750343076870976,22.075916260554383,26.33125891160298,positive_cross,toward_S1,3.271089156820616
2,miata,2024-03-29 19:57:24+00:00,40.288577,-88.126185,21.16988670017683,123.0,-19.8001866797394,rs3,7.677651587503607,32.462939143024386,24.785287555520778,3,7.677651587503607,49.648179103826635,41.97052751632303,26.33125891160298,positive_cross,toward_S1,2.904419033121738
2,miata,2024-03-29 19:57:26+00:00,40.288662,-88.126185,11.719855844019479,125.0,-4.725015428078675,rs3,15.315249891343187,35.26091772531883,19.945667833975648,3,15.315249891343187,40.27158411583357,24.956334224490384,26.33125891160298,positive_cross,toward_S1,2.7294184617114166
2,miata,2024-03-29 19:57:27+00:00,40.288753,-88.126186,1.604294030061533,126.0,-10.115561813957946,rs3,24.935065065439037,30.302800106527062,5.367735041088025,3,24.935065065439037,30.302800106527062,5.367735041088025,26.33125891160298,positive_cross,toward_S1,2.542093242934418
2,miata,2024-03-29 19:57:28+00:00,40.288842,-88.126185,-8.291974203012629,127.0,-9.896268233074162,rs6,20.65032634919876,34.591169534878674,13.940843185679913,2,20.65032634919876,34.591169534878674,13.940843185679913,-27.632700444717127,positive_cross,toward_S1,2.3581615970686016
2,miata,2024-03-29 19:57:29+00:00,40.288929,-88.126187,-17.961298640053766,128.0,-9.669324437041137,rs6,11.748141336277934,30.184345899302524,18.43620456302459,2,11.748141336277934,44.17023579317908,32.42209445690115,-27.632700444717127,positive_cross,toward_S1,2.179100033419692
2,miata,2024-03-29 19:57:30+00:00,40.28911,-88.126186,-38.08583556327147,129.0,-20.124536923217708,rs6,11.532399708482195,30.573926960301787,19.04152725181959,2,11.532399708482195,41.69145734514304,30.159057636660847,-27.632700444717127,positive_cross,toward_S1,1.806423423730475
2,miata,2024-03-29 19:57:32+00:00,40.289196,-88.126181,-47.65469346633365,131.0,-4.784428951531087,rs6,20.25851061715502,32.15935864409223,11.900848026937208,2,20.25851061715502,32.15935864409223,11.900848026937208,-27.632700444717127,positive_cross,toward_S1,1.629222351451546
2,miata,2024-03-29 19:57:33+00:00,40.289273,-88.126171,-56.2306100823732,132.0,-8.57591661603955,rs8,23.56967506275913,28.458719819998038,4.889044757238906,1,23.56967506275913,28.458719819998038,4.889044757238906,-78.92951005359993,positive_cross,toward_S1,1.4203499994671618
2,miata,2024-03-29 19:57:34+00:00,40.289355,-88.126168,-65.35170056562497,133.0,-9.12109048325177,rs8,14.597908232300414,29.625040263896224,15.02713203159581,1,14.597908232300414,37.46118242941541,22.863274197114997,-78.92951005359993,positive_cross,toward_S1,1.2514409164439808
2,miata,2024-03-29 19:57:35+00:00,40.289423,-88.126175,-72.90101494979412,134.0,-7.549314384169151,rs8,7.860681378432233,26.459567407805675,18.598886029373443,1,7.860681378432233,45.04375910116087,37.18307772272864,-78.92951005359993,positive_cross,toward_S1,1.111638798218626
2,miata,2024-03-29 19:57:36+00:00,40.289486,-88.126173,-79.90821555170484,135.0,-7.007200601910725,rs8,4.217149308090985,25.98499804864618,21.767848740555195,1,4.217149308090985,51.99984906299657,47.78269975490558,-78.92951005359993,positive_cross,toward_S1,0.9818758241091682
2,miata,2024-03-29 19:57:37+00:00,40.289579,-88.126166,-90.25837137686678,136.0,-10.350155825161934,rs8,11.39397274595817,28.916927412752433,17.522954666794263,1,11.39397274595817,62.2665860237757,50.872613277817536,-78.92951005359993,positive_cross,toward_S1,0.7902062717913546
2,miata,2024-03-29 19:57:38+00:00,40.289621,-88.126165,-94.92932842997553,137.0,-4.670957053108751,rs8,15.87613170790153,31.136104912864262,15.259973204962732,1,15.87613170790153,66.92347990144111,51.047348193539584,-78.92951005359993,positive_cross,toward_S1,0.7037070671041555
2,miata,2024-03-29 19:57:39+00:00,40.289647,-88.126199,-97.76790464625896,138.0,-2.8385762162834283,rs8,19.456316624896086,30.424680370647714,10.968363745751628,1,19.456316624896086,70.03576250036382,50.57944587546773,-78.92951005359993,positive_cross,toward_S1,0.6511408408766847
2,miata,2024-03-29 19:57:40+00:00,40.289676,-88.126241,-100.92777101948701,139.0,-3.1598663732280556,rs8,23.786068513678156,30.034798100920646,6.24872958724249,1,23.786068513678156,73.66774007493683,49.88167156125867,-78.92951005359993,positive_cross,toward_S1,0.592624796928017
2,miata,2024-03-29 19:57:41+00:00,40.289707,-88.126279,-104.31611123162001,140.0,-3.388340212133002,rs8,28.306184017865174,30.78147542560641,2.475291407741235,1,28.306184017865174,77.58598514407379,49.27980112620861,-78.92951005359993,positive_cross,toward_S1,0.529877755962591
2,miata,2024-03-29 19:57:42+00:00,40.289707,-88.126344,-104.21665844468835,141.0,0.09945278693166415,rs10,28.12044886664222,31.258104573716082,3.1376557070738613,1,28.12044886664222,78.44127686669971,50.32082800005749,-78.92951005359993,negative_cross,ambiguous,0.5317194742391034
2,miata,2024-03-29 19:57:43+00:00,40.289701,-88.126394,-103.47309529943736,142.0,0.7435631452509881,rs10,26.033575170556915,33.47722739331008,7.443652222753165,1,26.033575170556915,77.06493770567343,51.031362535116514,-78.92951005359993,negative_cross,toward_S4,0.5454891621141216
2,miata,2024-03-29 19:57:44+00:00,40.289669,-88.126432,-99.85729499544681,143.0,3.6158003039905537,rs10,21.822965597878397,33.43886456721263,11.615898969334236,1,21.822965597878397,73.12915142192381,51.306185824045414,-78.92951005359993,negative_cross,toward_S4,0.6124484270028355
2,miata,2024-03-29 19:57:45+00:00,40.289623,-88.126467,-94.68960914891787,144.0,5.16768584652894,rs10,16.37083833230034,33.09809333854166,16.727255006241318,1,16.37083833230034,67.76684901689039,51.39601068459005,-78.92951005359993,negative_cross,toward_S4,0.7081463130496677
2,miata,2024-03-29 19:57:46+00:00,40.289566,-88.126445,-88.38619057750286,145.0,6.303418571415008,rs10,10.40701860726199,28.83163426587617,18.42461565861418,1,10.40701860726199,61.620742080017,51.213723472755014,-78.92951005359993,negative_cross,toward_S4,0.8248762865943902
2,miata,2024-03-29 19:57:47+00:00,40.289497,-88.126448,-80.71039893048963,146.0,7.675791647013227,rs10,3.5101773582869553,27.574622872059667,24.06444551377271,1,3.5101773582869553,53.96738687955703,50.45720952127008,-78.92951005359993,negative_cross,toward_S4,0.9670205763538944
2,miata,2024-03-29 19:57:48+00:00,40.289427,-88.126446,-72.93108066531195,147.0,7.779318265177679,rs10,6.137072858964936,28.023959318589416,21.886886459624478,1,6.137072858964936,46.27124664525032,40.13417378628539,-78.92951005359993,negative_cross,toward_S4,1.1110820257090366
2,miata,2024-03-29 19:57:49+00:00,40.289346,-88.126449,-63.92116701537395,148.0,9.009913649938,rs10,14.69268864208637,31.46947219369263,16.77678355160626,1,14.69268864208637,37.33323873426969,22.64055009218332,-78.92951005359993,negative_cross,toward_S4,1.2779322784856662
2,miata,2024-03-29 19:57:50+00:00,40.289261,-88.126452,-54.46654603136924,149.0,9.454620984004713,rs10,24.034202305329778,28.008283556840922,3.9740812515111443,1,24.034202305329778,28.008283556840922,3.9740812515111443,-78.92951005359993,negative_cross,toward_S4,1.4530178522635313
2,miata,2024-03-29 19:57:51+00:00,40.289168,-88.126458,-44.11792024907913,150.0,10.348625782290114,rs7,17.891518955294462,33.22039918438735,15.328880229092885,2,17.891518955294462,34.31512112258835,16.42360216729389,-27.632700444717127,negative_cross,toward_S4,1.694718151771074
2,miata,2024-03-29 19:57:52+00:00,40.289076,-88.126461,-33.885061430298265,151.0,10.232858818780862,rs7,8.626967340270804,29.784031796164047,21.15706445589324,2,8.626967340270804,44.52785569905116,35.90088835878036,-27.632700444717127,negative_cross,toward_S4,1.884215537304053
2,miata,2024-03-29 19:57:53+00:00,40.288977,-88.126468,-22.867844604463848,152.0,11.017216825834417,rs7,6.400282974117972,30.118214711312547,23.717931737194576,2,6.400282974117972,50.42638373597015,44.02610076185218,-27.632700444717127,negative_cross,toward_S4,2.0882380711158013
2,miata,2024-03-29 19:57:54+00:00,40.288898,-88.12648,-14.066514236053086,153.0,8.801330368410762,rs7,13.57743883989912,33.626192752737836,20.048753912838716,2,13.57743883989912,41.59125020303277,28.01381136313365,-27.632700444717127,negative_cross,toward_S4,2.2512256705308156
2,miata,2024-03-29 19:57:55+00:00,40.288819,-88.126485,-5.275894166977113,154.0,8.790620069075974,rs7,22.086862490941133,32.87541837569556,10.788555884754427,2,22.086862490941133,32.87541837569556,10.788555884754427,-27.632700444717127,negative_cross,toward_S4,2.4140149310692594
2,miata,2024-03-29 19:57:56+00:00,40.288744,-88.12649,3.0700185664739905,155.0,8.345912733451105,rs5,24.649010903647742,30.31570550123233,5.666694597584588,3,24.649010903647742,30.31570550123233,5.666694597584588,26.33125891160298,negative_cross,toward_S4,2.5692362899050187
2,miata,2024-03-29 19:57:57+00:00,40.288674,-88.1265,10.86769734692568,156.0,7.79767878045169,rs5,16.934935771487382,36.30635134535912,19.371415573871737,3,16.934935771487382,38.01749411820617,21.08255834671879,26.33125891160298,negative_cross,toward_S4,2.713637748802272
2,miata,2024-03-29 19:57:58+00:00,40.288599,-88.126509,19.219730252675916,157.0,8.352032905750235,rs5,8.973966071564616,34.38728728403249,25.41332121246787,3,8.973966071564616,46.321718565943904,37.347752494379286,26.33125891160298,negative_cross,toward_S4,2.868305024834684
2,miata,2024-03-29 19:57:59+00:00,40.288524,-88.12652,27.574823243379907,158.0,8.35509299070399,rs5,3.6555169712780264,34.624795435644494,30.969278464366468,3,3.6555169712780264,53.9317142948381,50.276197323560076,26.33125891160298,negative_cross,toward_S4,3.02302896910698
2,miata,2024-03-29 19:58:00+00:00,40.288444,-88.126529,36.482740317278804,159.0,8.907917073898897,rs5,9.914849784836406,36.81343685305257,26.898587068216166,3,9.914849784836406,45.00533644214032,35.09048665730391,26.33125891160298,negative_cross,toward_S4,3.1879903964014042
2,miata,2024-03-29 19:58:01+00:00,40.288357,-88.12654,46.17195531169757,160.0,9.68921499441877,rs5,19.270209453254957,35.29631518160188,16.02610572834692,3,19.270209453254957,35.29631518160188,16.02610572834692,26.33125891160298,negative_cross,toward_S4,3.3674203037054555
2,miata,2024-03-29 19:58:02+00:00,40.288282,-88.126553,54.53010838814529,161.0,8.358153076447714,rs2,26.929181993399702,27.529199067742894,0.6000170743431923,4,26.929181993399702,27.529199067742894,0.6000170743431923,80.2309515867141,negative_cross,toward_S4,3.524058459285763
2,miata,2024-03-29 19:58:03+00:00,40.288198,-88.126556,63.87355253881451,162.0,9.343444150669221,rs2,17.584886807282363,36.86453516187491,19.27964835459255,4,17.584886807282363,36.86453516187491,19.27964835459255,80.2309515867141,negative_cross,toward_S4,3.697085202816674
2,miata,2024-03-29 19:58:04+00:00,40.288124,-88.126553,72.09604809595524,163.0,8.222495557140732,rs2,9.357832362854792,37.99660692359868,28.638774560743883,4,9.357832362854792,45.098362518545805,35.74053015569101,80.2309515867141,negative_cross,toward_S4,3.849353639060021
2,miata,2024-03-29 19:58:05+00:00,40.288058,-88.126552,79.4321890707498,164.0,7.33614097479456,rs2,2.043029045424233,37.14549778184233,35.102468736418096,4,2.043029045424233,52.4396654719923,50.396636426568065,80.2309515867141,negative_cross,toward_S4,3.985208101556217
2,miata,2024-03-29 19:58:06+00:00,40.288004,-88.126554,85.43879817044518,165.0,6.006609099695382,rs2,3.996998813734255,37.7548083278771,33.75780951414284,4,3.996998813734255,58.442770091246864,54.445771277512605,80.2309515867141,negative_cross,toward_S4,4.096441603402427
2,miata,2024-03-29 19:58:07+00:00,40.287956,-88.12655,90.7691660114252,166.0,5.330367840980017,rs2,9.346230747493113,38.60206321401114,29.255832466518026,4,9.346230747493113,63.78600206761041,54.4397713201173,80.2309515867141,negative_cross,toward_S4,4.195152118976131
2,miata,2024-03-29 19:58:08+00:00,40.287914,-88.126518,95.38963165044389,167.0,4.62046563901869,rs2,14.371656528454597,37.7113655885775,23.339709060122903,4,14.371656528454597,68.55273905476356,54.18108252630897,80.2309515867141,negative_cross,toward_S4,4.280716297476477
2,miata,2024-03-29 19:58:09+00:00,40.287885,-88.126471,98.54184780926921,168.0,3.1522161588253255,rs2,18.680701869078355,35.73364781391974,17.052945944841383,4,18.680701869078355,72.09345310992663,53.41275124084827,80.2309515867141,negative_cross,toward_S4,4.339090670788058
2,miata,2024-03-29 19:58:10+00:00,40.287874,-88.126408,99.66840027771406,169.0,1.1265524684448422,rs2,22.32446727165256,32.09049005977302,9.766022788120459,4,22.32446727165256,74.06692768948918,51.74246041783662,80.2309515867141,negative_cross,toward_S4,4.359952753537036
2,miata,2024-03-29 19:58:11+00:00,40.287871,-88.12635,99.91318829166009,170.0,0.24478801394603522,rs2,25.664966955457476,28.675486225866205,3.0105192704087287,4,25.664966955457476,75.41814121896816,49.75317426351069,80.2309515867141,negative_cross,ambiguous,4.364485864906407
2,miata,2024-03-29 19:58:12+00:00,40.287879,-88.126302,98.95033156552533,171.0,-0.9628567261347598,rs1,25.30118784418391,28.01895531703623,2.7177674728523193,4,25.30118784418391,74.8289770761857,49.52778923200178,80.2309515867141,positive_cross,toward_S1,4.346655184792801
2,miata,2024-03-29 19:58:13+00:00,40.287903,-88.12626,96.2178257581155,172.0,-2.7325058074098365,rs1,21.011616459455972,29.376642189835245,8.365025730379273,4,21.011616459455972,71.51427987110348,50.50266341164751,80.2309515867141,positive_cross,toward_S1,4.296053225396323
2,miata,2024-03-29 19:58:14+00:00,40.28794,-88.126231,92.05991167184477,173.0,-4.157914086270722,rs1,16.242281637978603,29.736739141827446,13.494457503848842,4,16.242281637978603,67.05280074556656,50.81051910758795,80.2309515867141,positive_cross,toward_S1,4.219054816391309
2,miata,2024-03-29 19:58:15+00:00,40.287981,-88.126207,87.46494046509841,174.0,-4.594971206746365,rs1,11.44662017314861,30.334853144970314,18.888232971821704,4,11.44662017314861,62.252405743552956,50.805785570404346,80.2309515867141,positive_cross,toward_S1,4.133962757007117
2,miata,2024-03-29 19:58:16+00:00,40.28803,-88.126192,81.99432497617404,175.0,-5.470615488924366,rs1,7.193214158492164,30.91125759987997,23.718043441387806,4,7.193214158492164,56.68631075140821,49.49309659291605,80.2309515867141,positive_cross,toward_S1,4.032655062767777
2,miata,2024-03-29 19:58:17+00:00,40.288094,-88.126187,74.87135741154407,176.0,-7.122967564629974,rs1,7.503203231489686,31.888719957498804,24.38551672600912,4,7.503203231489686,49.569970119785715,42.06676688829603,80.2309515867141,positive_cross,toward_S1,3.90074825601537
2,miata,2024-03-29 19:58:18+00:00,40.288168,-88.126187,66.64427172578775,177.0,-8.227085685756322,rs1,13.934443823609612,34.404783690345766,20.470339866736154,4,13.934443823609612,41.42035990491825,27.485916081308638,80.2309515867141,positive_cross,toward_S1,3.7483948173902526
2,miata,2024-03-29 19:58:19+00:00,40.288255,-88.126182,56.964236988621856,178.0,-9.68003473716589,rs1,22.901619850578605,31.810706517939714,8.909086667361109,4,22.901619850578605,31.810706517939714,8.909086667361109,80.2309515867141,positive_cross,toward_S1,3.5691349148501437
2,miata,2024-03-29 19:58:20+00:00,40.288348,-88.126176,46.61561120712172,179.0,-10.34862578150014,rs3,21.599810454158668,32.931559284612135,11.331748830453467,3,21.599810454158668,32.931559284612135,11.331748830453467,26.33125891160298,positive_cross,toward_S1,3.375636153620717
2,miata,2024-03-29 19:58:21+00:00,40.288441,-88.12618,36.28228585438363,180.0,-10.333325352738086,rs3,12.030825915568604,33.90935254451069,21.878526628942083,3,12.030825915568604,43.217604403451446,31.18677848788284,26.33125891160298,positive_cross,toward_S1,3.1842782767181603
2,miata,2024-03-29 19:58:22+00:00,40.288542,-88.126178,25.050365575491046,181.0,-11.231920278892584,rs3,5.622429148684139,32.652300394451146,27.029871245767005,3,5.622429148684139,53.45687345823958,47.83444430955544,26.33125891160298,positive_cross,toward_S1,2.976279753034964
2,miata,2024-03-29 19:58:23+00:00,40.288637,-88.126177,14.487036340954473,182.0,-10.563329234536573,rs3,12.50703071745859,34.827888651967456,22.320857934508865,3,12.50703071745859,42.94093946804664,30.433908750588053,26.33125891160298,positive_cross,toward_S1,2.7806625449879907
2,miata,2024-03-29 19:58:24+00:00,40.288731,-88.12617,4.025703683268721,183.0,-10.461332657685752,rs3,22.236618093766396,32.49446576833258,10.257847674566186,3,22.236618093766396,32.49446576833258,10.257847674566186,26.33125891160298,positive_cross,toward_S1,2.5869341624382542
2,miata,2024-03-29 19:58:25+00:00,40.288831,-88.126164,-7.101159933797542,184.0,-11.126863617066263,rs6,21.4309431169131,33.10479099502872,11.673847878115623,2,21.4309431169131,33.10479099502872,11.673847878115623,-27.632700444717127,positive_cross,toward_S1,2.3802137131651775
2,miata,2024-03-29 19:58:26+00:00,40.288932,-88.126163,-18.33155016979652,185.0,-11.230390235998978,rs6,10.559974294190182,32.02326266469376,21.463288370503577,2,10.559974294190182,44.25600476583465,33.69603047164447,-27.632700444717127,positive_cross,toward_S1,2.172243523609641
2,miata,2024-03-29 19:58:27+00:00,40.289021,-88.126166,-28.221698230593297,186.0,-9.890148060796776,rs6,4.106923744493248,30.40571255799701,26.298788813503762,2,4.106923744493248,51.37918632542351,47.27226258093026,-27.632700444717127,positive_cross,toward_S1,1.9890926335948858
2,miata,2024-03-29 19:58:28+00:00,40.289116,-88.126166,-38.783497422258016,187.0,-10.561799191664718,rs6,11.398600926480215,32.39683858613408,20.998237659653867,2,11.398600926480215,40.84531491569609,29.44671398921588,-27.632700444717127,positive_cross,toward_S1,1.7935037596751688
2,miata,2024-03-29 19:58:29+00:00,40.289215,-88.126163,-49.794594076583245,188.0,-11.011096654325229,rs6,21.984709376607668,29.86286968376245,7.878160307154783,2,21.984709376607668,29.86286968376245,7.878160307154783,-27.632700444717127,positive_cross,toward_S1,1.5895945623728496
2,miata,2024-03-29 19:58:30+00:00,40.289298,-88.126159,-59.02839143683232,189.0,-9.233797360249078,rs8,20.662844809148652,31.075578592288846,10.412733783140194,1,20.662844809148652,31.075578592288846,10.412733783140194,-78.92951005359993,positive_cross,toward_S1,1.3685392336438444
2,miata,2024-03-29 19:58:31+00:00,40.289375,-88.126156,-67.59359775195719,190.0,-8.565206315124868,rs8,12.192881890821203,29.621419597725236,17.42853770690403,1,12.192881890821203,39.575190982191266,27.38230909137006,-78.92951005359993,positive_cross,toward_S1,1.209924301882273
2,miata,2024-03-29 19:58:32+00:00,40.289443,-88.126154,-75.1566825219948,191.0,-7.563084770037605,rs8,5.027575055854561,27.818358069416263,22.7907830135617,1,5.027575055854561,47.10559515924583,42.07802010339127,-78.92951005359993,positive_cross,toward_S1,1.0698671765112062
2,miata,2024-03-29 19:58:33+00:00,40.289499,-88.126152,-81.3856452891076,192.0,-6.2289627671128045,rs8,3.076634128230773,27.860013247523803,24.78337911929303,1,3.076634128230773,53.31287513661569,50.236241008384916,-78.92951005359993,positive_cross,toward_S1,0.9545160141572653
2,miata,2024-03-29 19:58:34+00:00,40.289549,-88.12615,-86.94754705477973,193.0,-5.561901765672133,rs8,7.8027967984493385,29.066858779390145,21.264061980940806,1,7.8027967984493385,58.858470929098075,51.05567413064874,-78.92951005359993,positive_cross,toward_S1,0.851517833311485
2,miata,2024-03-29 19:58:35+00:00,40.289586,-88.126159,-91.04731951176771,194.0,-4.099772456987978,rs8,11.972616899591404,29.774350343282503,17.8017334436911,1,11.972616899591404,63.0075998902136,51.0349829906222,-78.92951005359993,positive_cross,toward_S1,0.7755961211450411
2,miata,2024-03-29 19:58:36+00:00,40.289617,-88.1262,-94.43106959528511,195.0,-3.3837500835173984,rs8,16.375310844334216,28.388668951488864,12.013358107154648,1,16.375310844334216,66.72488229435527,50.34957145002105,-78.92951005359993,positive_cross,toward_S1,0.7129340825613855
2,miata,2024-03-29 19:58:37+00:00,40.289648,-88.126243,-97.81175959303702,196.0,-3.380689997751915,rs8,21.079489671501644,27.68528933150376,6.605799660002116,1,21.079489671501644,70.61176928962036,49.53227961811871,-78.92951005359993,positive_cross,toward_S1,0.6503287122326463
2,miata,2024-03-29 19:58:38+00:00,40.289671,-88.126304,-100.27549415015044,197.0,-2.463734557113412,rs8,26.021310511779973,26.275075159601347,0.25376464782137376,1,26.021310511779973,74.07178313908501,48.05047262730504,-78.92951005359993,positive_cross,toward_S1,0.6047039982120276
2,miata,2024-03-29 19:58:39+00:00,40.289671,-88.126365,-100.18216153472794,198.0,0.09333261542249716,rs10,23.737805859870814,29.365208810009484,5.62740295013867,1,23.737805859870814,74.17285344889277,50.43504758902195,-78.92951005359993,negative_cross,ambiguous,0.6064323799791109
2,miata,2024-03-29 19:58:40+00:00,40.289646,-88.126416,-97.32470850811418,199.0,2.8574530266137543,rs10,19.638724702835113,30.80545741499087,11.166732712155756,1,19.638724702835113,70.74965104758866,51.110926344753544,-78.92951005359993,negative_cross,toward_S4,0.6593481767682545
2,miata,2024-03-29 19:58:41+00:00,40.289606,-88.126447,-92.83020383536851,200.0,4.494504672745677,rs10,14.701167920442435,30.719254299437868,16.018086378995434,1,14.701167920442435,66.0279137203365,51.32674579989406,-78.92951005359993,negative_cross,toward_S4,0.7425797447820632
2,miata,2024-03-29 19:58:42+00:00,40.289554,-88.126461,-87.02758788856309,201.0,5.8026159468054175,rs10,8.79808616691111,29.730778215217274,20.932692048306166,1,8.79808616691111,60.157833296037865,51.35974712912675,-78.92951005359993,negative_cross,toward_S4,0.8500355956488304
2,miata,2024-03-29 19:58:43+00:00,40.289489,-88.126462,-79.7995636621285,202.0,7.228024226434584,rs10,2.0344478932944723,28.721702712755352,26.68725481946088,1,2.0344478932944723,52.95238538655586,50.91793749326139,-78.92951005359993,negative_cross,toward_S4,0.9838878961383597
2,miata,2024-03-29 19:58:44+00:00,40.289415,-88.126464,-71.5694178898385,203.0,8.230145772290001,rs10,6.914061584041991,29.820659436244902,22.90659785220291,1,6.914061584041991,44.75056734223512,37.836505758193134,-78.92951005359993,negative_cross,toward_S4,1.1362980030326189
2,miata,2024-03-29 19:58:45+00:00,40.289335,-88.126459,-62.682921417000806,204.0,8.886496472837699,rs10,15.785501854908548,32.80778594012961,17.022284085221067,1,15.785501854908548,35.988064442493425,20.20256258758488,-78.92951005359993,negative_cross,toward_S4,1.3008627525296133
2,miata,2024-03-29 19:58:46+00:00,40.289246,-88.126455,-52.79430339828593,205.0,9.888618018714872,rs10,25.674054894126034,26.324909082229738,0.650854188103704,1,25.674054894126034,26.324909082229738,0.650854188103704,-78.92951005359993,negative_cross,toward_S4,1.4839853084317407
2,miata,2024-03-29 19:58:47+00:00,40.289152,-88.126448,-42.35439134087142,206.0,10.43991205741451,rs7,16.52534724047642,31.623475132668666,15.098127892192245,2,16.52534724047642,36.14427714686282,19.6189299063864,-27.632700444717127,negative_cross,toward_S4,1.727376094515661
2,miata,2024-03-29 19:58:48+00:00,40.289057,-88.126441,-31.803302449331454,207.0,10.551088891539969,rs7,8.453418166751604,27.73843413260683,19.285015965855226,2,8.453418166751604,46.72631733478727,38.272899168035664,-27.632700444717127,negative_cross,toward_S4,1.9227666295441792
2,miata,2024-03-29 19:58:49+00:00,40.288965,-88.126446,-21.56738354401691,208.0,10.235918905314545,rs7,8.685177882921703,28.535562357587363,19.85038447466566,2,8.685177882921703,49.448142825723814,40.762964942802114,-27.632700444717127,negative_cross,toward_S4,2.1123206833463004
2,miata,2024-03-29 19:58:50+00:00,40.28888,-88.126456,-12.102052259887458,209.0,9.465331284129451,rs7,16.126044391138826,32.682915479518584,16.556871088379758,2,16.126044391138826,40.02911256058524,23.903068169446414,-27.632700444717127,negative_cross,toward_S4,2.287604596015364
2,miata,2024-03-29 19:58:51+00:00,40.288802,-88.126468,-3.411898724790443,210.0,8.690153535097014,rs7,24.200660913107985,31.362455868638907,7.161794955530922,2,24.200660913107985,31.362455868638907,7.161794955530922,-27.632700444717127,negative_cross,toward_S4,2.4485333651838275
2,miata,2024-03-29 19:58:52+00:00,40.28873,-88.126479,4.609663765182344,211.0,8.021562489972787,rs5,23.409703640267143,31.964776602626277,8.555072962359134,3,23.409703640267143,31.964776602626277,8.555072962359134,26.33125891160298,negative_cross,toward_S4,2.5977482380292476
2,miata,2024-03-29 19:58:53+00:00,40.288655,-88.1265,12.980057185416616,212.0,8.370393420234272,rs5,14.942566085898802,35.46466407477135,20.522097988872545,3,14.942566085898802,40.12784853670727,25.185282450808465,26.33125891160298,negative_cross,toward_S4,2.7527555235891414
2,miata,2024-03-29 19:58:55+00:00,40.28858,-88.126517,21.34433043339524,214.0,4.182136623989312,rs5,6.824763337099098,34.691449428026296,27.866686090927196,3,6.824763337099098,48.420788172173395,41.596024835074296,26.33125891160298,negative_cross,toward_S4,2.9076494726257827
2,miata,2024-03-29 19:58:56+00:00,40.288429,-88.126534,38.158043035315856,215.0,16.813712601920617,rs5,11.425916202244085,37.713930410605556,26.28801420836147,3,11.425916202244085,43.318769327913266,31.89285312566918,26.33125891160298,negative_cross,toward_S4,3.219014520809498
2,miata,2024-03-29 19:58:58+00:00,40.288355,-88.126541,46.39583902119693,217.0,4.118897992940536,rs5,19.48345391696517,35.07082838094607,15.587374463980897,3,19.48345391696517,35.07082838094607,15.587374463980897,26.33125891160298,negative_cross,toward_S4,3.371566298325814
2,miata,2024-03-29 19:58:59+00:00,40.288278,-88.126544,54.96104533708999,218.0,8.565206315893064,rs2,26.502882843077696,28.006320960550838,1.5034381174731415,4,26.502882843077696,28.006320960550838,1.5034381174731415,80.2309515867141,negative_cross,toward_S4,3.5320387731551093
2,miata,2024-03-29 19:59:00+00:00,40.288205,-88.126554,63.09225461829463,219.0,8.13120928120464,rs2,18.364333495018332,36.0890318290363,17.72469833401797,4,18.364333495018332,36.0890318290363,17.72469833401797,80.2309515867141,negative_cross,toward_S4,3.682616722807047
2,miata,2024-03-29 19:59:01+00:00,40.288137,-88.126543,70.63544883095462,220.0,7.543194212659984,rs2,10.857117954932377,37.48796758523224,26.630849630299863,4,10.857117954932377,43.67656291290359,32.819444957971214,80.2309515867141,negative_cross,toward_S4,3.8223055045229724
2,miata,2024-03-29 19:59:02+00:00,40.28807,-88.126545,78.08735676767851,221.0,7.451907936723899,rs2,3.47785055842321,36.58529743547153,33.10744687704832,4,3.47785055842321,51.118948936684546,47.64109837826133,80.2309515867141,negative_cross,toward_S4,3.9603037996474892
2,miata,2024-03-29 19:59:03+00:00,40.288021,-88.126545,83.53502161348146,222.0,5.447664845802947,rs2,2.3034921547066065,36.753929146777615,34.45043699207101,4,2.3034921547066065,56.566961830703946,54.26346967599734,80.2309515867141,negative_cross,toward_S4,4.061186481977173
2,miata,2024-03-29 19:59:04+00:00,40.287979,-88.126545,88.2044486245083,223.0,4.6694270110268405,rs2,6.838839326380954,37.53311834856579,30.694279022184837,4,6.838839326380954,61.23698149544992,54.39814216906896,80.2309515867141,negative_cross,toward_S4,4.147657352551745
2,miata,2024-03-29 19:59:05+00:00,40.287942,-88.126528,92.29198073849965,224.0,4.087532113991344,rs2,11.146999606152267,37.31664202015045,26.16964241399818,4,11.146999606152267,65.3998906603351,54.25289105418284,80.2309515867141,negative_cross,toward_S4,4.223352391699732
2,miata,2024-03-29 19:59:06+00:00,40.287914,-88.126493,95.35138057853872,225.0,3.0593998400390774,rs2,14.991887330685081,35.79537277216088,20.8034854414758,4,14.991887330685081,68.70220938092721,53.710322050242134,80.2309515867141,negative_cross,toward_S4,4.2800079442930485
2,miata,2024-03-29 19:59:07+00:00,40.287895,-88.126446,97.39182840187841,226.0,2.04044782333969,rs2,18.62815315964801,33.34625900859115,14.718105848943136,4,18.62815315964801,71.25092051114503,52.62276735149702,80.2309515867141,negative_cross,toward_S4,4.317794015095635
2,miata,2024-03-29 19:59:08+00:00,40.287887,-88.126394,98.20168084122601,227.0,0.8098524393475941,rs2,21.87171235965659,30.259526493437555,8.387814133780964,4,21.87171235965659,72.8679624056512,50.99625004599461,80.2309515867141,negative_cross,toward_S4,4.332791282490962
2,miata,2024-03-29 19:59:09+00:00,40.28789,-88.126342,97.78858811094075,228.0,-0.41309273028525695,rs2,24.65671215682663,26.706225501842333,2.049513345015704,4,24.65671215682663,73.53759142112678,48.88087926430015,80.2309515867141,negative_cross,ambiguous,4.325141417115308
2,miata,2024-03-29 19:59:10+00:00,40.287901,-88.126293,96.49067084043473,229.0,-1.2979172705060193,rs1,22.939107762657738,27.147248333137377,4.208140570479639,4,22.939107762657738,72.27533638930146,49.33622862664372,80.2309515867141,positive_cross,toward_S1,4.301105912105937
2,miata,2024-03-29 19:59:11+00:00,40.287924,-88.126252,93.87087190997872,230.0,-2.619798930456014,rs1,18.742190580932178,28.842233114100267,10.10004253316809,4,18.742190580932178,69.09618223909925,50.353991658167075,80.2309515867141,positive_cross,toward_S1,4.252591117097493
2,miata,2024-03-29 19:59:12+00:00,40.287957,-88.12622,90.15307502913737,231.0,-3.717796880841348,rs1,14.180781867533232,29.96972510031458,15.788943232781348,4,14.180781867533232,65.0462800729144,50.865498205381165,80.2309515867141,positive_cross,toward_S1,4.183743026711542
2,miata,2024-03-29 19:59:13+00:00,40.287995,-88.126201,85.89928453750323,232.0,-4.253790491634135,rs1,9.990845119021483,30.53915807727833,20.548312958256847,4,9.990845119021483,60.64327666551351,50.652431546492025,80.2309515867141,positive_cross,toward_S1,4.104969128718317
2,miata,2024-03-29 19:59:14+00:00,40.288045,-88.126197,80.33432268689907,233.0,-5.564961850604163,rs1,7.125164143654828,30.472696292085622,23.347532148430794,4,7.125164143654828,55.08402069810836,47.95885655445353,80.2309515867141,positive_cross,toward_S1,4.001914279633055
2,miata,2024-03-29 19:59:15+00:00,40.288105,-88.126194,73.65912254205774,234.0,-6.675200144841327,rs1,8.712544848902285,31.563696112339578,22.851151263437295,4,8.712544848902285,48.43832414849029,39.725779299588005,80.2309515867141,positive_cross,toward_S1,3.8782994621359936
2,miata,2024-03-29 19:59:16+00:00,40.288176,-88.126197,65.77015748566994,235.0,-7.8889650563878035,rs1,15.112578700718482,34.02084386438071,18.90826516366223,4,15.112578700718482,40.68272877613481,25.57015007541633,80.2309515867141,positive_cross,toward_S1,3.7322075166473305
2,miata,2024-03-29 19:59:17+00:00,40.288258,-88.126198,56.65518717390561,236.0,-9.114970311764331,rs1,23.597662828329273,31.766263730884535,8.168600902555262,4,23.597662828329273,31.766263730884535,8.168600902555262,80.2309515867141,positive_cross,toward_S1,3.5634117701331762
2,miata,2024-03-29 19:59:18+00:00,40.288346,-88.126197,46.870095774935145,237.0,-9.785091398970465,rs3,22.324153010663274,33.0443844441955,10.720231433532227,3,22.324153010663274,33.0443844441955,10.720231433532227,26.33125891160298,positive_cross,toward_S1,3.3803488308024474
2,miata,2024-03-29 19:59:19+00:00,40.288438,-88.126197,36.64182708400164,238.0,-10.228268690933504,rs3,13.060543304220948,32.634072932344196,19.573529628123246,3,13.060543304220948,43.09822941429051,30.037686110069558,26.33125891160298,positive_cross,toward_S1,3.190936447637012
2,miata,2024-03-29 19:59:20+00:00,40.28853,-88.126194,26.408968264430815,239.0,-10.232858819570826,rs3,6.972186482951077,31.26479382014949,24.29260733719841,3,6.972186482951077,53.18734227871221,46.215155795761135,26.33125891160298,positive_cross,toward_S1,3.0014390620894043
2,miata,2024-03-29 19:59:21+00:00,40.288625,-88.126194,15.847169072766105,240.0,-10.56179919166471,rs3,12.089624125459775,33.02343505505911,20.933810929599336,3,12.089624125459775,44.45401573198755,32.364391606527775,26.33125891160298,positive_cross,toward_S1,2.8058501881696873
2,miata,2024-03-29 19:59:22+00:00,40.288717,-88.126192,5.615840296878836,241.0,-10.23132877588727,rs3,21.239950882997157,34.331364211155176,13.09141332815802,3,21.239950882997157,34.331364211155176,13.09141332815802,26.33125891160298,positive_cross,toward_S1,2.616381136764368
2,miata,2024-03-29 19:59:23+00:00,40.288811,-88.126194,-4.831721975728415,242.0,-10.44756227260725,rs6,24.175965404861213,31.364714657123393,7.1887492522621805,2,24.175965404861213,31.364714657123393,7.1887492522621805,-27.632700444717127,positive_cross,toward_S1,2.4222403420183096
2,miata,2024-03-29 19:59:24+00:00,40.288903,-88.126194,-15.059990665871965,243.0,-10.22826869014355,rs6,14.578295867612084,30.681207562881756,16.102911695269672,2,14.578295867612084,41.405841142242785,26.8275452746307,-27.632700444717127,positive_cross,toward_S1,2.232827958867503
2,miata,2024-03-29 19:59:25+00:00,40.288993,-88.126197,-25.061315560750703,244.0,-10.001324894878739,rs6,7.393805037931808,27.87954065222517,20.48573561429336,2,7.393805037931808,51.337090798952914,43.94328576102111,-27.632700444717127,positive_cross,toward_S1,2.047618238591971
2,miata,2024-03-29 19:59:26+00:00,40.289079,-88.126193,-34.628643421730985,245.0,-9.567327860980281,rs6,9.13267776806715,28.9875434578289,19.85486568976175,2,9.13267776806715,45.187230035878734,36.05455226781159,-27.632700444717127,positive_cross,toward_S1,1.8704455004256693
2,miata,2024-03-29 19:59:27+00:00,40.289234,-88.126194,-51.85952258593788,246.0,-17.230879164206897,rs6,24.62632515487853,28.201649824746717,3.5753246698681878,2,24.62632515487853,28.201649824746717,3.5753246698681878,-27.632700444717127,positive_cross,toward_S1,1.551355145532949
2,miata,2024-03-29 19:59:28+00:00,40.28931,-88.126193,-60.310491981983525,247.0,-8.450969396045643,rs8,19.995272461308662,30.497495247268784,10.502222785960122,1,19.995272461308662,32.8402378804675,12.844965419158836,-78.92951005359993,positive_cross,toward_S1,1.3447966309558592
2,miata,2024-03-29 19:59:29+00:00,40.289379,-88.12619,-67.98628362822852,248.0,-7.6757916462449955,rs8,12.746544299075184,26.79255086589622,14.046006566821037,1,12.746544299075184,40.35598772922805,27.609443430152865,-78.92951005359993,positive_cross,toward_S1,1.2026523412105816
2,miata,2024-03-29 19:59:30+00:00,40.289441,-88.126186,-74.88536748254745,249.0,-6.899083854318931,rs8,6.972927121624104,25.16341507069597,18.190487949071866,1,6.972927121624104,47.14036582211736,40.16743870049326,-78.92951005359993,positive_cross,toward_S1,1.0748915290935643
2,miata,2024-03-29 19:59:31+00:00,40.289492,-88.126182,-80.56150616806703,250.0,-5.676138685519575,rs8,5.08299989133135,25.260061149478812,20.17706125814746,1,5.08299989133135,52.7381428062687,47.65514291493735,-78.92951005359993,positive_cross,toward_S1,0.9697778497320907
2,miata,2024-03-29 19:59:32+00:00,40.289533,-88.126176,-85.128936602243,251.0,-4.567430434175975,rs8,7.224613746734333,26.474696281213177,19.250082534478842,1,7.224613746734333,57.22951327318757,50.00489952645324,-78.92951005359993,positive_cross,toward_S1,0.8851958046547579
2,miata,2024-03-29 19:59:33+00:00,40.289576,-88.126183,-89.89883014645885,252.0,-4.769893544215847,rs8,11.62652770568929,27.461600369496352,15.835072663807063,1,11.62652770568929,62.04595942474943,50.419431719060135,-78.92951005359993,positive_cross,toward_S1,0.7968644427248348
2,miata,2024-03-29 19:59:34+00:00,40.289617,-88.126207,-94.42035929516035,253.0,-4.521529148701504,rs8,16.619345929656184,27.895398305024177,11.276052375367993,1,16.619345929656184,66.78971833314009,50.1703724034839,-78.92951005359993,positive_cross,toward_S1,0.7131324214525847
2,miata,2024-03-29 19:59:35+00:00,40.289645,-88.126247,-97.47210892079667,254.0,-3.051749625636319,rs8,20.95496157643624,27.209408462854046,6.254446886417806,1,20.95496157643624,70.33409094383337,49.379129367397134,-78.92951005359993,positive_cross,toward_S1,0.6566185394963566
2,miata,2024-03-29 19:59:36+00:00,40.289662,-88.126301,-99.27949277659414,255.0,-1.8073838557974682,rs8,25.06496595078893,25.60475593831941,0.5397899875304795,1,25.06496595078893,73.03949393477438,47.97452798398545,-78.92951005359993,positive_cross,toward_S1,0.6231484680926997
2,miata,2024-03-29 19:59:37+00:00,40.289664,-88.126361,-99.41004387146096,256.0,-0.13055109486681715,rs10,23.17354493921607,28.572132141184483,5.398587201968411,1,23.17354493921607,73.47068056352734,50.29713562431127,-78.92951005359993,negative_cross,ambiguous,0.6207308552247958
2,miata,2024-03-29 19:59:38+00:00,40.28965,-88.126416,-97.7694158429491,257.0,1.6406280285118555,rs10,20.067200030209275,31.071289797263688,11.004089767054413,1,20.067200030209275,71.19081181492025,51.123611784710974,-78.92951005359993,negative_cross,toward_S4,0.651112855752793
2,miata,2024-03-29 19:59:39+00:00,40.289618,-88.126456,-94.15055545240311,258.0,3.61886039054599,rs10,15.903190896414207,32.01273535254224,16.109544456128027,1,15.903190896414207,67.28610377155263,51.38291287513842,-78.92951005359993,negative_cross,toward_S4,0.7181287889110521
2,miata,2024-03-29 19:59:40+00:00,40.289573,-88.126476,-89.11699708314269,259.0,5.033558369260419,rs10,10.780837577040472,31.572238052367176,20.791400475326704,1,10.780837577040472,62.16614076625933,51.38530318921886,-78.92951005359993,negative_cross,toward_S4,0.8113428327862451
2,miata,2024-03-29 19:59:41+00:00,40.289524,-88.126474,-83.67239232308343,260.0,5.4446047600592635,rs10,5.344603527833614,30.096891719293993,24.75228819146038,1,5.344603527833614,56.74155120675003,51.39694767891642,-78.92951005359993,negative_cross,toward_S4,0.9121688468614166
2,miata,2024-03-29 19:59:42+00:00,40.289472,-88.126472,-77.89425706229298,261.0,5.7781352607904495,rs10,0.7487802222305496,29.579050796030753,28.830270573800203,1,0.7487802222305496,50.99050500596945,50.2417247837389,-78.92951005359993,negative_cross,toward_S4,1.0191713516908694
2,miata,2024-03-29 19:59:43+00:00,40.289407,-88.126463,-70.6815332638305,262.0,7.212723798462477,rs10,7.804699646179088,29.9731999660135,22.16850031983441,1,7.804699646179088,43.87668418060702,36.07198453442793,-78.92951005359993,negative_cross,toward_S4,1.152740310921656
2,miata,2024-03-29 19:59:44+00:00,40.289334,-88.12646,-62.57021454002525,263.0,8.111318723805255,rs10,15.887255636615613,32.93677510693238,17.049519470316767,1,15.887255636615613,35.86516491400659,19.977909277390978,-78.92951005359993,negative_cross,toward_S4,1.3029499169180496
2,miata,2024-03-29 19:59:45+00:00,40.289261,-88.126458,-54.45736577411635,264.0,8.1128487659089,rs10,23.99103585322334,27.90121665741269,3.9101808041893484,1,23.99103585322334,27.90121665741269,3.9101808041893484,-78.92951005359993,negative_cross,toward_S4,1.4531878570274737
2,miata,2024-03-29 19:59:46+00:00,40.289186,-88.12646,-46.116043168512604,265.0,8.341322605603743,rs7,19.754545476495807,32.30700355461759,12.55245807812178,2,19.754545476495807,32.30700355461759,12.55245807812178,-27.632700444717127,negative_cross,toward_S4,1.657715875485269
2,miata,2024-03-29 19:59:47+00:00,40.289111,-88.126459,-37.77931069152442,266.0,8.336732476988182,rs7,11.999851432387942,30.668115648799077,18.668264216411135,2,11.999851432387942,40.6441737322861,28.644322299898157,-27.632700444717127,negative_cross,toward_S4,1.8120998102443093
2,miata,2024-03-29 19:59:48+00:00,40.289032,-88.126464,-28.988690623238412,267.0,8.79062006828601,rs7,5.442772345268837,29.417779202668445,23.975006857399606,2,5.442772345268837,49.41201016853036,43.96923782326152,-27.632700444717127,negative_cross,toward_S4,1.9748890707681244
2,miata,2024-03-29 19:59:49+00:00,40.288956,-88.12647,-20.530071012811746,268.0,8.458619610426666,rs7,8.045345627224194,30.74461206620778,22.699266438983585,2,8.045345627224194,48.093796239066876,40.04845061184268,-27.632700444717127,negative_cross,toward_S4,2.1315301746649142
2,miata,2024-03-29 19:59:50+00:00,40.288879,-88.126476,-11.960274569071327,269.0,8.569796443740419,rs7,15.70423386407433,34.234112346806285,18.529878482731952,2,15.70423386407433,39.571225714766264,23.86699185069193,-27.632700444717127,negative_cross,toward_S4,2.2902301088082555
2,miata,2024-03-29 19:59:51+00:00,40.288805,-88.126484,-3.7209485402966553,270.0,8.239326028774672,rs7,23.639476830205478,31.369164263596776,7.729687433391298,2,23.639476830205478,31.369164263596776,7.729687433391298,-27.632700444717127,negative_cross,toward_S4,2.442810220452231
2,miata,2024-03-29 19:59:52+00:00,40.288735,-88.126488,4.067549982902145,271.0,7.7884985231988,rs5,23.725603856694413,31.32849308201395,7.602889225319537,3,23.725603856694413,31.32849308201395,7.602889225319537,26.33125891160298,negative_cross,toward_S4,2.5877090939129475
2,miata,2024-03-29 19:59:53+00:00,40.288663,-88.126495,12.082992302177463,272.0,8.015442319275317,rs5,15.92521068857289,35.416856494624795,19.491645806051906,3,15.92521068857289,39.26381375077911,23.338603062206218,26.33125891160298,negative_cross,toward_S4,2.7361432109365644
2,miata,2024-03-29 19:59:54+00:00,40.288594,-88.126504,19.767964205653588,273.0,7.684971903476125,rs5,8.732812275402223,33.86174583039396,25.128933554991733,3,8.732812275402223,46.89129889248653,38.15848661708431,26.33125891160298,negative_cross,toward_S4,2.8784575054453816
2,miata,2024-03-29 19:59:55+00:00,40.288517,-88.126514,28.343880821693133,274.0,8.575916616039546,rs5,4.339882535595604,34.15544391079485,29.81556137519925,3,4.339882535595604,53.18616603972633,48.846283504130724,26.33125891160298,negative_cross,toward_S4,3.0372707761127806
2,miata,2024-03-29 19:59:56+00:00,40.288441,-88.126518,36.799440346376095,275.0,8.455559524682961,rs5,10.532371612348113,36.01436152131504,25.481989908966924,3,10.532371612348113,44.72984365302262,34.197472040674505,26.33125891160298,negative_cross,toward_S4,3.1938552117550576
2,miata,2024-03-29 19:59:57+00:00,40.288362,-88.126526,45.59465054327768,276.0,8.795210196901586,rs5,18.875062997044626,35.91691090399158,17.041847906946952,3,18.875062997044626,35.91691090399158,17.041847906946952,26.33125891160298,negative_cross,toward_S4,3.3567294746606424
2,miata,2024-03-29 19:59:58+00:00,40.288287,-88.12653,53.939033234646885,277.0,8.344382691369205,rs5,27.10190288376479,27.573094106828126,0.47119122306333594,3,27.10190288376479,27.573094106828126,0.47119122306333594,26.33125891160298,negative_cross,toward_S4,3.511255080056369
2,miata,2024-03-29 19:59:59+00:00,40.288213,-88.126533,62.17070904901877,278.0,8.231675814371883,rs2,19.352776415648293,35.28090582698716,15.928129411338865,4,19.352776415648293,35.28090582698716,15.928129411338865,80.2309515867141,negative_cross,toward_S4,3.665551064116753
2,miata,2024-03-29 20:00:00+00:00,40.288138,-88.126534,70.5105016117724,279.0,8.33979256275363,rs2,11.071240277661607,36.77491131673677,25.70367103907516,4,11.071240277661607,43.601092158675556,32.52985188101395,80.2309515867141,negative_cross,toward_S4,3.8199916671307093
2,miata,2024-03-29 20:00:01+00:00,40.288061,-88.126536,79.07417788400365,280.0,8.563676272231248,rs2,2.901048244841851,35.79197012288962,32.89092187804777,4,2.901048244841851,52.146911109763465,49.24586286492161,80.2309515867141,negative_cross,toward_S4,3.978578264764621
2,miata,2024-03-29 20:00:02+00:00,40.287992,-88.126536,86.74537940161133,281.0,7.671201517607685,rs2,5.594022749229325,36.4817463988043,30.887723649574973,4,5.594022749229325,59.815307303552956,54.22128455432363,80.2309515867141,negative_cross,toward_S4,4.120637552127726
2,miata,2024-03-29 20:00:03+00:00,40.287938,-88.126533,92.74433828771559,282.0,5.998958886104262,rs2,11.502170695397046,37.867532355242865,26.365361659845817,4,11.502170695397046,65.82685888525369,54.32468818985664,80.2309515867141,negative_cross,toward_S4,4.23172938335188
2,miata,2024-03-29 20:00:04+00:00,40.287902,-88.12651,96.71151331035036,283.0,3.9671750226347626,rs2,15.828960816642743,37.68227434548574,21.853313528842996,4,15.828960816642743,69.92542191881795,54.096461102175205,80.2309515867141,negative_cross,toward_S4,4.305195587474746
2,miata,2024-03-29 20:00:05+00:00,40.28788,-88.126471,99.09773197741785,284.0,2.386218667067496,rs2,19.19481834384961,36.032218142159614,16.837399798310003,4,19.19481834384961,72.64637582736285,53.451557483513234,80.2309515867141,negative_cross,toward_S4,4.3493848220500695
2,miata,2024-03-29 20:00:06+00:00,40.287868,-88.126423,100.35841192231953,285.0,1.260679944901682,rs2,22.20569205792032,33.50054501459609,11.294852956675772,4,22.20569205792032,74.51112554959299,52.30543349167267,80.2309515867141,negative_cross,toward_S4,4.372730746955656
2,miata,2024-03-29 20:00:07+00:00,40.287862,-88.126369,100.94285060927417,286.0,0.5844386869546412,rs2,25.367801721991935,30.52073526910952,5.152933547117584,4,25.367801721991935,76.02620672813741,50.65840500614547,80.2309515867141,negative_cross,toward_S4,4.383553685602965
2,miata,2024-03-29 20:00:08+00:00,40.287871,-88.126315,99.85963679101461,287.0,-1.0832138182595656,rs1,26.688637518790234,27.773392535368377,1.0847550165781428,4,26.688637518790234,75.9404641695621,49.251826650771875,80.2309515867141,positive_cross,toward_S1,4.363494170450009
2,miata,2024-03-29 20:00:09+00:00,40.287892,-88.126268,97.45301127072318,288.0,-2.4066255202914277,rs1,22.40085843235739,29.463556328712873,7.062697896355484,4,22.40085843235739,72.83924393366696,50.438385501309575,80.2309515867141,positive_cross,toward_S1,4.318927031185353
2,miata,2024-03-29 20:00:10+00:00,40.287926,-88.126238,93.6270976423118,289.0,-3.825913628411385,rs1,17.844838392969983,29.81431064589323,11.969472252923246,4,17.844838392969983,68.68245980049906,50.83762140752908,80.2309515867141,positive_cross,toward_S1,4.248076778807365
2,miata,2024-03-29 20:00:11+00:00,40.287964,-88.126217,89.37024706493392,290.0,-4.256850577377875,rs1,13.42018215201398,29.983556300008868,16.563374147994885,4,13.42018215201398,64.23979939107315,50.81961723905917,80.2309515867141,positive_cross,toward_S1,4.169246212559626
2,miata,2024-03-29 20:00:12+00:00,40.288002,-88.126208,85.13175700287354,291.0,-4.238490062060379,rs1,9.950394893761747,29.83346923002827,19.883074336266525,4,9.950394893761747,59.948434320511055,49.99803942674931,80.2309515867141,positive_cross,toward_S1,4.090755655854805
2,miata,2024-03-29 20:00:13+00:00,40.288048,-88.126202,80.00844239975895,292.0,-5.1233146031145935,rs1,7.49835733502045,30.05670182562384,22.55834449060339,4,7.49835733502045,54.810574246632136,47.312216911611685,80.2309515867141,positive_cross,toward_S1,3.9958794595008307
2,miata,2024-03-29 20:00:14+00:00,40.288108,-88.126197,73.33018216996388,293.0,-6.678260229795072,rs1,9.120889168831432,31.39483775790166,22.273948589070226,4,9.120889168831432,48.145489648076165,39.02460047924473,80.2309515867141,positive_cross,toward_S1,3.8722079737638846
2,miata,2024-03-29 20:00:15+00:00,40.288179,-88.126195,65.43356689917324,294.0,-7.896615270790633,rs1,15.33217671584682,34.322007255949735,18.989830540102915,4,15.33217671584682,40.32444479027255,24.99226807442573,80.2309515867141,positive_cross,toward_S1,3.7259743576381323
2,miata,2024-03-29 20:00:16+00:00,40.288257,-88.1262,56.76942409296308,295.0,-8.664142806210165,rs1,23.543541565649857,31.913721341254988,8.37017977560513,4,23.543541565649857,31.913721341254988,8.37017977560513,80.2309515867141,positive_cross,toward_S1,3.5655272686342405
2,miata,2024-03-29 20:00:17+00:00,40.288338,-88.126199,47.76257052876878,296.0,-9.006853564194301,rs3,23.22151618904926,32.21294489585257,8.991428706803312,3,23.22151618904926,32.21294489585257,8.991428706803312,26.33125891160298,positive_cross,toward_S1,3.396876141058626
2,miata,2024-03-29 20:00:18+00:00,40.28842,-88.1262,38.647600217004445,297.0,-9.114970311764331,rs3,14.898300969212643,33.07531602899469,18.17701505978205,3,14.898300969212643,41.16847024221593,26.27016927300329,26.33125891160298,positive_cross,toward_S1,3.2280803945444716
2,miata,2024-03-29 20:00:19+00:00,40.288506,-88.126196,29.080272356814127,298.0,-9.567327860190318,rs3,7.85393562737601,31.2037761629959,23.34984053561989,3,7.85393562737601,50.5637799782489,42.70984435087289,26.33125891160298,positive_cross,toward_S1,3.050907656392799
2,miata,2024-03-29 20:00:20+00:00,40.288591,-88.126194,19.627181415703017,299.0,-9.45309094111111,rs3,9.25144066781456,32.00664984253166,22.7552091747171,3,9.25144066781456,48.198447650510175,38.94700698269561,26.33125891160298,positive_cross,toward_S1,2.875850416742593
2,miata,2024-03-29 20:00:21+00:00,40.288678,-88.12619,9.948676721408994,300.0,-9.678504694294023,rs3,17.117983579191012,35.66509774024483,18.54711416105382,3,17.117983579191012,38.57609607081546,21.458112491624448,26.33125891160298,positive_cross,toward_S1,2.696618848329741
2,miata,2024-03-29 20:00:22+00:00,40.288766,-88.126189,0.1635853216485802,301.0,-9.785091399760413,rs3,26.3988502471267,28.93715915935562,2.5383089122289206,3,26.3988502471267,28.93715915935562,2.5383089122289206,26.33125891160298,positive_cross,toward_S1,2.5154134520378815
2,miata,2024-03-29 20:00:23+00:00,40.288856,-88.12619,-9.840799658995614,302.0,-10.004384980644195,rs6,19.289770137099318,33.442414245301286,14.152644108201969,2,19.289770137099318,36.19932892791393,16.909558790814614,-27.632700444717127,positive_cross,toward_S1,2.329479644180028
2,miata,2024-03-29 20:00:24+00:00,40.288942,-88.126191,-19.40047730478316,303.0,-9.559677645787545,rs6,10.715505879995174,29.429882033637202,18.71437615364203,2,10.715505879995174,45.65011565273327,34.9346097727381,-27.632700444717127,positive_cross,toward_S1,2.152448576665444
2,miata,2024-03-29 20:00:25+00:00,40.289029,-88.126191,-29.07286182756801,304.0,-9.67238452278485,rs6,6.300481277398803,28.319061886689997,22.018580609291195,2,6.300481277398803,50.68688721429937,44.386405936900566,-27.632700444717127,positive_cross,toward_S1,1.9733303447620207
2,miata,2024-03-29 20:00:26+00:00,40.289114,-88.126193,-38.51983259719169,305.0,-9.446970769623679,rs6,12.21915272398935,30.17607879902099,17.95692607503164,2,12.21915272398935,41.33061126411606,29.11145854012671,-27.632700444717127,positive_cross,toward_S1,1.7983864416208415
2,miata,2024-03-29 20:00:27+00:00,40.2892,-88.126193,-48.08104028666279,306.0,-9.561207689471104,rs6,20.97555224821117,31.891837924089785,10.916285675878616,2,20.97555224821117,31.891837924089785,10.916285675878616,-27.632700444717127,positive_cross,toward_S1,1.6213270399639692
2,miata,2024-03-29 20:00:28+00:00,40.289288,-88.126191,-57.8676617285051,307.0,-9.786621441842307,rs8,22.301263243288698,30.408661708104347,8.107398464815649,1,22.301263243288698,30.408661708104347,8.107398464815649,-78.92951005359993,positive_cross,toward_S1,1.390034228242497
2,miata,2024-03-29 20:00:29+00:00,40.289367,-88.12619,-66.65216162530368,308.0,-8.784499896798579,rs8,13.956300866721142,27.357858680537923,13.401557813816781,1,13.956300866721142,39.03735223187605,25.081051365154906,-78.92951005359993,positive_cross,toward_S1,1.2273583042277083
2,miata,2024-03-29 20:00:30+00:00,40.289439,-88.12619,-74.65689364443251,309.0,-8.004732019128838,rs8,7.375546953471986,24.86416188725275,17.488614933780763,1,7.375546953471986,46.96279527731956,39.587248323847575,-78.92951005359993,positive_cross,toward_S1,1.0791225260956927
2,miata,2024-03-29 20:00:31+00:00,40.289505,-88.126187,-81.99915478992455,310.0,-7.3422611454920315,rs8,5.965918515248253,24.981533469636386,19.015614954388134,1,5.965918515248253,54.220936720884154,48.2550182056359,-78.92951005359993,positive_cross,toward_S1,0.9431547271050996
2,miata,2024-03-29 20:00:32+00:00,40.289559,-88.126186,-88.00423384674802,311.0,-6.005079056823476,rs8,10.087560080743947,26.51368430776045,16.4261242270165,1,10.087560080743947,60.186933490836665,50.09937341009272,-78.92951005359993,positive_cross,toward_S1,0.8319495593861463
2,miata,2024-03-29 20:00:33+00:00,40.289602,-88.126184,-92.787897777644,312.0,-4.783663930895983,rs8,14.317857603872538,28.679514751643218,14.36165714777068,1,14.317857603872538,64.93407789856438,50.61622029469184,-78.92951005359993,positive_cross,toward_S1,0.74336319029548
2,miata,2024-03-29 20:00:34+00:00,40.289642,-88.126191,-97.2242608211069,313.0,-4.43636304346289,rs8,18.713550940946398,30.619215323560244,11.905664382613846,1,18.713550940946398,69.41818568309942,50.704634742153026,-78.92951005359993,positive_cross,toward_S1,0.6612083191202414
2,miata,2024-03-29 20:00:35+00:00,40.289676,-88.126219,-100.96143196273312,314.0,-3.73717114162622,rs8,23.066820585920862,31.320153230801132,8.25333264488027,1,23.066820585920862,73.42572117866347,50.3589005927426,-78.92951005359993,positive_cross,toward_S1,0.5920014461271632
2,miata,2024-03-29 20:00:36+00:00,40.289701,-88.126257,-103.68271117342545,315.0,-2.7212792106923303,rs8,26.87971556707993,31.312837626175156,4.433122059095226,1,26.87971556707993,76.61896698758142,49.73925142050149,-78.92951005359993,positive_cross,toward_S1,0.5416073866698978
2,miata,2024-03-29 20:00:37+00:00,40.28972,-88.126307,-105.71856886812779,316.0,-2.0358576947023437,rs8,30.725423600157235,30.80395962449697,0.0785360243397335,1,30.725423600157235,79.45581667201432,48.73039307185709,-78.92951005359993,positive_cross,toward_S1,0.5039063182494841
2,miata,2024-03-29 20:00:38+00:00,40.289713,-88.12637,-104.84393833139546,317.0,0.8746305367323259,rs10,27.925228277848163,33.14074614431588,5.215517866467714,1,27.925228277848163,78.6990762359458,50.77384795809763,-78.92951005359993,negative_cross,toward_S4,0.5201031800408233
2,miata,2024-03-29 20:00:39+00:00,40.289698,-88.12642,-103.0997836839509,318.0,1.7441546474445602,rs10,25.183619563497988,34.79429550016141,9.610675936663423,1,25.183619563497988,76.44809917241416,51.264479608916176,-78.92951005359993,negative_cross,toward_S4,0.5524023401786856
2,miata,2024-03-29 20:00:40+00:00,40.289661,-88.126457,-98.92962925466179,319.0,4.170154429289113,rs10,20.65027863280416,34.603313150417044,13.953034517612885,1,20.65027863280416,72.04547074475222,51.39519211194806,-78.92951005359993,negative_cross,toward_S4,0.6296274222025581
2,miata,2024-03-29 20:00:41+00:00,40.289613,-88.126472,-93.57019059902947,320.0,5.359438655632317,rs10,15.238463698157704,32.96487375269601,17.726410054538306,1,15.238463698157704,66.62790385729095,51.389440159133244,-78.92951005359993,negative_cross,toward_S4,0.7288762861957492
2,miata,2024-03-29 20:00:42+00:00,40.28956,-88.126468,-87.68393858990073,321.0,5.886252009128739,rs10,9.378440751609078,30.48666749112356,21.10822673951448,1,9.378440751609078,60.77299530080019,51.39455454919111,-78.92951005359993,negative_cross,toward_S4,0.8378809530314666
2,miata,2024-03-29 20:00:43+00:00,40.289499,-88.126462,-80.91133199763587,322.0,6.772606592264864,rs10,2.9270980618610642,28.774201670629694,25.84710360876863,1,2.9270980618610642,54.05920766408894,51.13210960222787,-78.92951005359993,negative_cross,toward_S4,0.963299593628964
2,miata,2024-03-29 20:00:44+00:00,40.289422,-88.12646,-72.35377589691382,323.0,8.557556100722053,rs10,6.229525133026395,29.305653063854702,23.076127930828306,1,6.229525133026395,45.563520271244414,39.33399513821802,-78.92951005359993,negative_cross,toward_S4,1.1217728547534465
2,miata,2024-03-29 20:00:45+00:00,40.289336,-88.12646,-62.7925682074427,324.0,9.561207689471118,rs10,15.66596726232658,32.82631114508615,17.16034388275957,1,15.66596726232658,36.0850449766343,20.41907771430772,-78.92951005359993,negative_cross,toward_S4,1.298832256410319
2,miata,2024-03-29 20:00:46+00:00,40.289245,-88.12646,-52.6754763506129,325.0,10.117091856829802,rs10,25.754904900891464,26.124637159469142,0.36973225857767744,1,25.754904900891464,26.124637159469142,0.36973225857767744,-78.92951005359993,negative_cross,toward_S4,1.4861858093145746
2,miata,2024-03-29 20:00:47+00:00,40.28915,-88.126461,-42.11214711605459,326.0,10.56332923455831,rs7,15.915670673768,32.505904125911435,16.590233452143437,2,15.915670673768,36.30304605369547,20.38737537992747,-27.632700444717127,negative_cross,toward_S4,1.731862098678936
2,miata,2024-03-29 20:00:48+00:00,40.289054,-88.126465,-31.43305091958869,327.0,10.679096196465895,rs7,6.621252875606825,29.710294954236545,23.08904207862972,2,6.621252875606825,46.96366225635058,40.34240938074375,-27.632700444717127,negative_cross,toward_S4,1.9296231393542302
2,miata,2024-03-29 20:00:49+00:00,40.28896,-88.126469,-20.97630839051851,328.0,10.45674252907018,rs7,7.735988112965829,30.561237241421175,22.825249128455347,2,7.735988112965829,48.54658414746507,40.81059603449924,-27.632700444717127,negative_cross,toward_S4,2.1232665195221965
2,miata,2024-03-29 20:00:50+00:00,40.288871,-88.126475,-11.07238994306332,329.0,9.903918447455192,rs7,16.586036543024235,34.57748716082999,17.991450617805754,2,16.586036543024235,38.7133837904928,22.127347247468563,-27.632700444717127,negative_cross,toward_S4,2.306672416697293
2,miata,2024-03-29 20:00:51+00:00,40.288782,-88.126479,-1.1715315813518399,330.0,9.90085836171148,rs7,26.232186906887872,28.975182023291605,2.7429951164037334,2,26.232186906887872,28.975182023291605,2.7429951164037334,-27.632700444717127,negative_cross,toward_S4,2.4900216456178756
2,miata,2024-03-29 20:00:52+00:00,40.288698,-88.126486,8.17803274082655,331.0,9.34956432217839,rs5,19.844208613872873,35.44139871874869,15.597190104875814,3,19.844208613872873,35.44139871874869,15.597190104875814,26.33125891160298,negative_cross,toward_S4,2.6638291449856215
2,miata,2024-03-29 20:00:53+00:00,40.288621,-88.126499,16.758539484691717,332.0,8.580506743865167,rs5,11.525090796172346,34.15200962234159,22.62691882616924,3,11.525090796172346,43.9090454157697,32.38395461959735,26.33125891160298,negative_cross,toward_S4,2.822727418020162
2,miata,2024-03-29 20:00:54+00:00,40.288543,-88.126511,25.448693019788728,333.0,8.69015353509701,rs5,4.623858678528331,33.84442370416469,29.22056502563636,3,4.623858678528331,52.544319530466986,47.92046085193866,26.33125891160298,negative_cross,toward_S4,2.983656187188625
2,miata,2024-03-29 20:00:55+00:00,40.288465,-88.12652,34.13425642548021,334.0,8.685563405691482,rs5,8.01937032306492,35.488868064830505,27.469497741765586,3,8.01937032306492,47.38141705198138,39.36204672891646,26.33125891160298,negative_cross,toward_S4,3.1444999539606893
2,miata,2024-03-29 20:00:56+00:00,40.288388,-88.126524,42.700992784266866,335.0,8.566736358786656,rs5,16.063034257974063,38.62224131393861,22.559207055964546,3,16.063034257974063,38.813558664672776,22.750524406698712,26.33125891160298,negative_cross,toward_S4,3.303143219864146
2,miata,2024-03-29 20:00:57+00:00,40.28831,-88.126527,51.37737593268372,336.0,8.676383148416853,rs5,24.58823074972648,30.14351683763776,5.555286087911277,3,24.58823074972648,30.14351683763776,5.555286087911277,26.33125891160298,negative_cross,toward_S4,3.4638169818718656
2,miata,2024-03-29 20:00:58+00:00,40.288234,-88.126529,59.829875371622954,337.0,8.452499438939235,rs2,21.711125405197862,32.97896802968106,11.267842624483201,4,21.711125405197862,32.97896802968106,11.267842624483201,80.2309515867141,negative_cross,toward_S4,3.622202292313127
2,miata,2024-03-29 20:00:59+00:00,40.288161,-88.126531,67.94884430980926,338.0,8.118968938186306,rs2,13.636817983875558,37.251934958053695,23.615116974178136,4,13.636817983875558,41.06284872751467,27.42603074363911,80.2309515867141,negative_cross,toward_S4,3.772553568946207
2,miata,2024-03-29 20:01:00+00:00,40.288093,-88.126532,75.51039903697502,339.0,7.561554727165756,rs2,6.2500545477920975,35.689686774138735,29.43963222634664,4,6.2500545477920975,48.60810553775629,42.35805098996419,80.2309515867141,negative_cross,toward_S4,3.912582360190017
2,miata,2024-03-29 20:01:01+00:00,40.288032,-88.126534,82.29524597225823,340.0,6.784846935283213,rs2,2.070724539446961,35.714850262649925,33.64412572320296,4,2.070724539446961,55.37680011995413,53.30607558050717,80.2309515867141,negative_cross,toward_S4,4.0382276738063725
2,miata,2024-03-29 20:01:02+00:00,40.287977,-88.126511,88.37478083415213,341.0,6.0795348618939045,rs2,7.9741905485185764,34.78543253832322,26.811241989804643,4,7.9741905485185764,61.59660343728001,53.62241288876143,80.2309515867141,negative_cross,toward_S4,4.150811652730334
2,miata,2024-03-29 20:01:03+00:00,40.287941,-88.126504,92.3664365435918,342.0,3.9916557094396694,rs2,11.855206281058006,35.447490260844575,23.59228397978657,4,11.855206281058006,65.63351868108867,53.77831240003067,80.2309515867141,negative_cross,toward_S4,4.224731202905143
2,miata,2024-03-29 20:01:04+00:00,40.28791,-88.126469,95.7593668843621,343.0,3.3929303407702918,rs2,16.228496897236823,34.18759107753584,17.95909418029902,4,16.228496897236823,69.34881527244983,53.120318375213,80.2309515867141,negative_cross,toward_S4,4.28756324625274
2,miata,2024-03-29 20:01:05+00:00,40.287886,-88.126418,98.3495787035513,344.0,2.590211819189207,rs2,20.743761277472668,31.947618354967982,11.203857077495314,4,20.743761277472668,72.6055940886517,51.86183281117903,80.2309515867141,negative_cross,toward_S4,4.3355301317932815
2,miata,2024-03-29 20:01:07+00:00,40.287877,-88.126365,99.26907793334078,346.0,0.45974961489474,rs2,24.314051590481917,29.11787893038519,4.803827339903272,4,24.314051590481917,74.4736718401256,50.15962024964369,80.2309515867141,negative_cross,ambiguous,4.352557895307902
2,miata,2024-03-29 20:01:08+00:00,40.287875,-88.12631,99.40727924258863,347.0,0.13820130924784735,rs1,26.07540714981536,27.79170156703518,1.716294417219821,4,26.07540714981536,75.4116584865511,49.33625133673574,80.2309515867141,positive_cross,ambiguous,4.355117178812491
2,miata,2024-03-29 20:01:09+00:00,40.28789,-88.126266,97.6723048523969,348.0,-1.7349743901917236,rs1,22.484415918596426,29.728670495063014,7.244254576466588,4,22.484415918596426,73.02750263854442,50.54308671994799,80.2309515867141,positive_cross,toward_S1,4.322988023438571
2,miata,2024-03-29 20:01:10+00:00,40.28792,-88.126228,94.27885821501212,349.0,-3.393446637384784,rs1,17.917441846627675,30.866879777541026,12.949437930913351,4,17.917441846627675,69.21627087841557,51.298829031787896,80.2309515867141,positive_cross,toward_S1,4.260146419042556
2,miata,2024-03-29 20:01:11+00:00,40.287959,-88.126207,89.91083080432053,350.0,-4.368027410691596,rs1,13.32947219137175,30.95565810883026,17.62618591745851,4,13.32947219137175,64.67964810701515,51.350175915643405,80.2309515867141,positive_cross,toward_S1,4.179257022548267
2,miata,2024-03-29 20:01:12+00:00,40.288005,-88.126196,84.77986598761484,351.0,-5.130964816705685,rs1,8.942428924569835,30.79788146918535,21.855452544615513,4,8.942428924569835,59.48759893453134,50.54517000996151,80.2309515867141,positive_cross,toward_S1,4.084239155572236
2,miata,2024-03-29 20:01:13+00:00,40.288054,-88.126184,79.31384062651611,352.0,-5.46602536109873,rs1,5.925115453372801,31.609312884240396,25.684197430867595,4,5.925115453372801,53.95608693892769,48.030971485554886,80.2309515867141,positive_cross,toward_S1,3.983016463700037
2,miata,2024-03-29 20:01:14+00:00,40.288116,-88.126182,72.41781685794088,353.0,-6.896023768575233,rs1,8.835912405578576,32.849292108705114,24.01337970312654,4,8.835912405578576,47.08893874344771,38.25302633786914,80.2309515867141,positive_cross,toward_S1,3.855312319837533
2,miata,2024-03-29 20:01:15+00:00,40.288188,-88.126187,64.42073505398308,354.0,-7.997081803957798,rs1,15.958982093701442,35.38400638451367,19.425024290812225,4,15.958982093701442,39.22357960495635,23.264597511254905,80.2309515867141,positive_cross,toward_S1,3.707218212356833
2,miata,2024-03-29 20:01:16+00:00,40.288268,-88.126189,55.529648451718074,355.0,-8.891086602265005,rs1,24.45129904358064,30.512523245225157,6.061224201644517,4,24.45129904358064,30.512523245225157,6.061224201644517,80.2309515867141,positive_cross,toward_S1,3.5425684604630368
2,miata,2024-03-29 20:01:17+00:00,40.288355,-88.126191,45.86032401469869,356.0,-9.669324437019384,rs3,21.21306424539234,33.92175074875991,12.708686503367574,3,21.21306424539234,33.92175074875991,12.708686503367574,26.33125891160298,positive_cross,toward_S1,3.361649353761032
2,miata,2024-03-29 20:01:18+00:00,40.288447,-88.12619,35.630525281661534,357.0,-10.229798733037157,rs3,11.89805419561773,32.90620348330557,21.008149287687836,3,11.89805419561773,43.99544987615033,32.0973956805326,26.33125891160298,positive_cross,toward_S1,3.1722086364825657
2,miata,2024-03-29 20:01:19+00:00,40.288543,-88.126189,24.956019213811217,358.0,-10.674506067850317,rs3,6.5623087479834235,31.72501906348754,25.162710315504118,3,6.5623087479834235,53.44388600147282,46.8815772534894,26.33125891160298,positive_cross,toward_S1,2.9745325981890414
2,miata,2024-03-29 20:01:20+00:00,40.288642,-88.126187,13.946452601567874,359.0,-11.009566612243344,rs3,13.38951145454694,34.2319009587612,20.84238950421426,3,13.38951145454694,42.497922532503935,29.108411077956994,26.33125891160298,positive_cross,toward_S1,2.77065173499935
2,miata,2024-03-29 20:01:21+00:00,40.288741,-88.126186,2.9384160329863507,360.0,-11.008036568581524,rs3,23.6454904204893,31.613845347081323,7.968354926592024,3,23.6454904204893,31.613845347081323,7.968354926592024,26.33125891160298,positive_cross,toward_S1,2.566799205951544
2,miata,2024-03-29 20:01:22+00:00,40.288839,-88.126185,-7.958443702281427,361.0,-10.896859735267778,rs6,20.97116020210055,34.26290483452483,13.291744632424283,2,20.97116020210055,34.26290483452483,13.291744632424283,-27.632700444717127,positive_cross,toward_S1,2.3643380878228832
2,miata,2024-03-29 20:01:23+00:00,40.28893,-88.126185,-18.07553555911123,362.0,-10.117091856829804,rs6,11.567206838113387,30.310270818411123,18.743063980297734,2,11.567206838113387,44.25631023774762,32.689103399634234,-27.632700444717127,positive_cross,toward_S1,2.1769845349186276
2,miata,2024-03-29 20:01:24+00:00,40.289021,-88.126185,-28.192627415941033,363.0,-10.117091856829802,rs6,5.718780162121867,28.79407331097847,23.075293148856602,2,5.718780162121867,51.51715355003285,45.798373387910985,-27.632700444717127,positive_cross,toward_S1,1.989630982014372
2,miata,2024-03-29 20:01:25+00:00,40.289112,-88.126183,-38.31277935932625,364.0,-10.120151943385217,rs6,11.601302555791959,30.889747878150718,19.28844532235876,2,11.601302555791959,41.439091192665344,29.837788636873384,-27.632700444717127,positive_cross,toward_S1,1.8022207608405718
2,miata,2024-03-29 20:01:26+00:00,40.2892,-88.12618,-48.10093084404043,365.0,-9.788151484714177,rs6,20.665886222064284,31.706740517127066,11.040854295062783,2,20.665886222064284,31.706740517127066,11.040854295062783,-27.632700444717127,positive_cross,toward_S1,1.6209586963088278
2,miata,2024-03-29 20:01:27+00:00,40.289283,-88.12618,-57.328608031990356,366.0,-9.22767718794993,rs8,22.623631716360812,29.683963143827704,7.060331427466892,1,22.623631716360812,29.683963143827704,7.060331427466892,-78.92951005359993,positive_cross,toward_S1,1.400016704103881
2,miata,2024-03-29 20:01:28+00:00,40.289364,-88.12618,-66.3339315533128,367.0,-9.005323521322438,rs8,13.948894688523389,28.266364353374367,14.317469664850979,1,13.948894688523389,38.58232297227538,24.63342828375199,-78.92951005359993,positive_cross,toward_S1,1.233251453709021
2,miata,2024-03-29 20:01:29+00:00,40.289439,-88.126182,-74.66913398742912,368.0,-8.335202434116326,rs8,6.8711016612979945,25.533734138614694,18.6626324773167,1,6.8711016612979945,46.87884818502606,40.007746523728066,-78.92951005359993,positive_cross,toward_S1,1.0788958530772372
2,miata,2024-03-29 20:01:30+00:00,40.289505,-88.126182,-82.00680500430559,369.0,-7.33767101687647,rs8,5.58645695593943,25.402275721764337,19.815818765824908,1,5.58645695593943,54.17651127299032,48.590054317050885,-78.92951005359993,positive_cross,toward_S1,0.9430130564684136
2,miata,2024-03-29 20:01:31+00:00,40.289558,-88.12618,-87.90223727068717,370.0,-5.895432266381576,rs8,9.732947323071006,26.95374813146927,17.220800808398263,1,9.732947323071006,60.029191376752024,50.29624405368102,-78.92951005359993,positive_cross,toward_S1,0.8338383848687548
2,miata,2024-03-29 20:01:32+00:00,40.289601,-88.126176,-92.68896128653692,371.0,-4.786724015849757,rs8,13.983695610977021,29.220674675804577,15.236979064827556,1,13.983695610977021,64.76781501838913,50.784119407412106,-78.92951005359993,positive_cross,toward_S1,0.7451953475382038
2,miata,2024-03-29 20:01:33+00:00,40.289674,-88.126206,-100.75896885271506,372.0,-8.070007566178134,rs8,22.49177354248574,31.952861703217003,9.461088160731265,1,22.49177354248574,73.08339547298799,50.59162193050225,-78.92951005359993,positive_cross,toward_S1,0.5957507629793495
2,miata,2024-03-29 20:01:34+00:00,40.2897,-88.126249,-103.58377468310827,373.0,-2.824805830393217,rs8,26.499148420732187,31.638110841399843,5.1389624206676565,1,26.499148420732187,76.40709716534951,49.90794874461733,-78.92951005359993,positive_cross,toward_S1,0.5434395438979935
2,miata,2024-03-29 20:01:35+00:00,40.289713,-88.126307,-104.94033103256167,374.0,-1.356556349453399,rs8,30.05664760554077,30.120542918732706,0.06389531319193509,1,30.05664760554077,78.69347857146268,48.6368309659219,-78.92951005359993,positive_cross,toward_S1,0.518318130019227
2,miata,2024-03-29 20:01:36+00:00,40.289712,-88.126363,-104.74347179820647,375.0,0.1968592343552018,rs10,28.023317099431136,32.682150166490985,4.658833067059849,1,28.023317099431136,78.6905096574033,50.66719255797216,-78.92951005359993,negative_cross,ambiguous,0.521963671396175
2,miata,2024-03-29 20:01:37+00:00,40.289696,-88.126414,-102.88661027378632,376.0,1.8568615244201538,rs10,25.072671078035082,34.273175755515496,9.200504677480414,1,25.072671078035082,76.28791650941714,51.21524543138206,-78.92951005359993,negative_cross,toward_S4,0.5563499959224742
2,miata,2024-03-29 20:01:38+00:00,40.289662,-88.126453,-99.0469262594847,377.0,3.8396840143016107,rs10,20.794310036319718,34.39115851049971,13.596848474179989,1,20.794310036319718,72.18399547258987,51.389685436270156,-78.92951005359993,negative_cross,toward_S4,0.6274552554465782
2,miata,2024-03-29 20:01:39+00:00,40.289615,-88.126467,-93.80019448003797,378.0,5.246731779446733,rs10,15.4828488704097,32.68526284021866,17.202413969808962,1,15.4828488704097,66.87936134890529,51.396512478495595,-78.92951005359993,negative_cross,toward_S4,0.724616955065962
2,miata,2024-03-29 20:01:40+00:00,40.28956,-88.126467,-87.6854686327726,379.0,6.114725847265376,rs10,9.387263104993,30.405361385042994,21.018098280049994,1,9.387263104993,60.779722558904,51.392459453911,-78.92951005359993,negative_cross,toward_S4,0.8378526189042098
2,miata,2024-03-29 20:01:41+00:00,40.289495,-88.126464,-80.46356457784721,380.0,7.221904054925389,rs10,2.4573846444374947,28.91751390818275,26.46012926374526,1,2.4573846444374947,53.599989678916685,51.14260503447919,-78.92951005359993,negative_cross,toward_S4,0.9715915828843096
2,miata,2024-03-29 20:01:42+00:00,40.289421,-88.126463,-72.23800893417278,381.0,8.225555643674426,rs10,6.277110879411537,29.578824687402065,23.301713807990527,1,6.277110879411537,45.423250057028575,39.14613917761704,-78.92951005359993,negative_cross,toward_S4,1.123916687396799
2,miata,2024-03-29 20:01:43+00:00,40.289337,-88.126461,-62.902214998652816,382.0,9.335793935519966,rs10,15.546772355139797,32.84542171078063,17.29864935564083,1,15.546772355139797,36.18230643213421,20.635534076994414,-78.92951005359993,negative_cross,toward_S4,1.2968017602767983
2,miata,2024-03-29 20:01:44+00:00,40.289249,-88.126461,-53.118653641764254,383.0,9.783561356888562,rs10,25.305625379717085,26.54259990310572,1.2369745233886356,1,25.305625379717085,26.54259990310572,1.2369745233886356,-78.92951005359993,negative_cross,toward_S4,1.4779788224414014
2,miata,2024-03-29 20:01:45+00:00,40.289159,-88.126464,-43.108148489632626,384.0,10.010505152131628,rs7,16.782043529147714,33.18722031919059,16.405176790042873,2,16.782043529147714,35.29282580306441,18.510782273916696,-27.632700444717127,negative_cross,toward_S4,1.713417628797861
2,miata,2024-03-29 20:01:46+00:00,40.289073,-88.126468,-33.54082062944231,385.0,9.567327860190318,rs7,8.000243591425152,30.29904179319719,22.298798201772037,2,8.000243591425152,44.84505077566331,36.84480718423816,-27.632700444717127,negative_cross,toward_S4,1.8905903669495336
2,miata,2024-03-29 20:01:47+00:00,40.288988,-88.126473,-24.083139559693883,386.0,9.457681069748425,rs7,5.306959564221983,30.36765081131299,25.060691247091007,2,5.306959564221983,51.57050800670647,46.263548442484485,-27.632700444717127,negative_cross,toward_S4,2.065732608981912
2,miata,2024-03-29 20:01:48+00:00,40.288904,-88.126479,-14.735105280387355,387.0,9.348034279306528,rs7,12.962381566012848,33.2834049323586,20.321023366345752,2,12.962381566012848,42.263377878256264,29.300996312243416,-27.632700444717127,negative_cross,toward_S4,2.238844354894996
2,miata,2024-03-29 20:01:49+00:00,40.288823,-88.126484,-5.722131544683882,388.0,9.012973735703472,rs7,21.660390810675533,33.32830386750167,11.667913056826134,2,21.660390810675533,33.32830386750167,11.667913056826134,-27.632700444717127,negative_cross,toward_S4,2.4057512759265416
2,miata,2024-03-29 20:01:50+00:00,40.288746,-88.126489,2.846134856184677,389.0,8.56826640086856,rs5,24.885612401557758,30.10261039092425,5.216997989366494,3,24.885612401557758,30.10261039092425,5.216997989366494,26.33125891160298,negative_cross,toward_S4,2.565090295270031
2,miata,2024-03-29 20:01:51+00:00,40.28867,-88.126496,11.306284509483202,390.0,8.460149653298526,rs5,16.625078175237736,35.811649460587454,19.186571285349718,3,16.625078175237736,38.48143602637199,21.856357851134252,26.33125891160298,negative_cross,toward_S4,2.7217597332940784
2,miata,2024-03-29 20:01:52+00:00,40.288592,-88.126506,19.9933779588365,391.0,8.687093449353299,rs5,8.453350152603551,33.986869154016816,25.533519001413264,3,8.453350152603551,47.10770426381819,38.654354111214644,26.33125891160298,negative_cross,toward_S4,2.8826318342080284
2,miata,2024-03-29 20:01:53+00:00,40.288512,-88.126518,28.905885161350966,392.0,8.912507202514465,rs5,4.242653751809621,34.53270743712552,30.290053685315897,3,4.242653751809621,52.609360555458295,48.366706803648675,26.33125891160298,negative_cross,toward_S4,3.047678263884222
2,miata,2024-03-29 20:01:54+00:00,40.288432,-88.126528,37.81533227731002,393.0,8.909447115959054,rs5,11.221916934139358,37.125911163260945,25.903994229121587,3,11.221916934139358,43.67696556379804,32.455048629658684,26.33125891160298,negative_cross,toward_S4,3.212668025290871
2,miata,2024-03-29 20:01:55+00:00,40.288351,-88.126535,46.83136609877895,394.0,9.01603382146893,rs5,19.979481492882623,34.64879326052032,14.669311767637698,3,19.979481492882623,34.64879326052032,14.669311767637698,26.33125891160298,negative_cross,toward_S4,3.379631614577333
2,miata,2024-03-29 20:01:56+00:00,40.28827,-88.126537,55.83974970584511,395.0,9.008383607066158,rs2,25.64443413290749,28.933115939425722,3.2886818065182304,4,25.64443413290749,28.933115939425722,3.2886818065182304,80.2309515867141,negative_cross,toward_S4,3.548311076280204
2,miata,2024-03-29 20:01:57+00:00,40.288186,-88.126537,65.17860372710878,396.0,9.338854021263671,rs2,16.330770065991516,38.25635133060302,21.925581264611502,4,16.330770065991516,38.25635133060302,21.925581264611502,80.2309515867141,negative_cross,toward_S4,3.721252817414716
2,miata,2024-03-29 20:01:58+00:00,40.288107,-88.126538,73.9631036246756,397.0,8.784499897566818,rs2,7.619642476917328,36.406705612136726,28.787063135219398,4,7.619642476917328,47.02796870071039,39.40832622379306,80.2309515867141,negative_cross,toward_S4,3.8839287414437313
2,miata,2024-03-29 20:01:59+00:00,40.28804,-88.126542,81.41807164637497,398.0,7.454968021699372,rs2,1.196349623842167,36.33816657219485,35.141816948352684,4,1.196349623842167,54.46195207864064,53.265602454798476,80.2309515867141,negative_cross,toward_S4,4.021983704808535
2,miata,2024-03-29 20:02:00+00:00,40.28798,-88.126503,88.02900999042433,399.0,6.610938344049359,rs2,8.042714352671952,34.04489504832123,26.00218069564928,4,8.042714352671952,61.31591690766103,53.273202554989076,80.2309515867141,negative_cross,toward_S4,4.1444084889575965
2,miata,2024-03-29 20:02:01+00:00,40.287938,-88.126498,92.69078678707011,400.0,4.661776796645782,rs2,12.359531788122078,35.096116629849696,22.73658484172762,4,12.359531788122078,66.00650116409965,53.64696937597757,80.2309515867141,negative_cross,toward_S4,4.2307376888954815
2,miata,2024-03-29 20:02:02+00:00,40.287908,-88.126466,95.97713042235229,401.0,3.2863436352821793,rs2,16.542927248740387,34.07039090547746,17.527463656737073,4,16.542927248740387,69.59929530195518,53.0563680532148,80.2309515867141,negative_cross,toward_S4,4.29159590436367
2,miata,2024-03-29 20:02:03+00:00,40.287887,-88.126421,98.24299199885313,402.0,2.265861576500839,rs2,20.50873551148396,32.08816064102343,11.57942512953947,4,20.50873551148396,72.45335750561237,51.94462199412841,80.2309515867141,negative_cross,toward_S4,4.333556303928501
2,miata,2024-03-29 20:02:04+00:00,40.287877,-88.126372,99.27978823346552,403.0,1.036796234612396,rs2,23.92210245389258,29.554677091973783,5.632574638081202,4,23.92210245389258,74.34229506241424,50.42019260852166,80.2309515867141,negative_cross,toward_S4,4.3527562341991
2,miata,2024-03-29 20:02:05+00:00,40.28787,-88.126323,99.98305396811493,404.0,0.7032657346494062,rs1,27.211279299493626,27.354058819855723,0.1427795203620974,4,27.211279299493626,76.10551028116461,48.89423098167099,80.2309515867141,positive_cross,toward_S4,4.365779673729645
2,miata,2024-03-29 20:02:06+00:00,40.287875,-88.126276,99.35525778481501,405.0,-0.627796183299921,rs1,24.33936590886328,30.019418005909287,5.680052097046008,4,24.33936590886328,74.82257510082468,50.4832091919614,80.2309515867141,positive_cross,toward_S1,4.354153818483351
2,miata,2024-03-29 20:02:07+00:00,40.287892,-88.126235,97.40251985582142,406.0,-1.9527379289935851,rs1,20.894190459926094,31.82478153522246,10.930591075296366,4,20.894190459926094,72.3835234228095,51.48933296288341,80.2309515867141,positive_cross,toward_S1,4.317992004983469
2,miata,2024-03-29 20:02:08+00:00,40.287924,-88.126206,93.80048993769933,407.0,-3.602029918122099,rs1,16.59042456117597,32.380548399846596,15.790123838670628,4,16.59042456117597,68.5341586930991,51.94373413192314,80.2309515867141,positive_cross,toward_S1,4.251287747240467
2,miata,2024-03-29 20:02:09+00:00,40.287963,-88.126191,89.44164278428237,408.0,-4.35884715341696,rs1,12.19707058731032,32.13568816805612,19.9386175807458,4,12.19707058731032,64.08240429379508,51.88533370648476,80.2309515867141,positive_cross,toward_S1,4.1705683555105235
2,miata,2024-03-29 20:02:10+00:00,40.288008,-88.126184,84.42797497237784,409.0,-5.013667811904526,rs1,7.95107272613209,31.769151061903678,23.818078335771588,4,7.95107272613209,59.042610949259455,51.091538223127365,80.2309515867141,positive_cross,toward_S1,4.077722655290069
2,miata,2024-03-29 20:02:11+00:00,40.288061,-88.126175,78.52183240587148,410.0,-5.906142566506361,rs1,5.192077038107628,32.419035294954554,27.226958256846927,4,5.192077038107628,53.10050672848074,47.90842969037311,80.2309515867141,positive_cross,toward_S1,3.968349644799211
2,miata,2024-03-29 20:02:12+00:00,40.288128,-88.126175,71.07298455489132,411.0,-7.448847850980158,rs1,9.553978062371955,33.78618337650318,24.232205314131228,4,9.553978062371955,45.69207097359323,36.13809291122128,80.2309515867141,positive_cross,toward_S1,3.8304080179292077
2,miata,2024-03-29 20:02:13+00:00,40.288207,-88.126178,62.294604829601916,412.0,-8.778379725289405,rs1,17.6776929268256,37.0168651129959,19.339172186170302,4,17.6776929268256,37.0168651129959,19.339172186170302,80.2309515867141,positive_cross,toward_S1,3.6678454304238484
2,miata,2024-03-29 20:02:14+00:00,40.288295,-88.12618,52.514103559268776,413.0,-9.78050127033314,rs1,27.19563976299787,27.41582209720458,0.22018233420670796,4,27.19563976299787,27.41582209720458,0.22018233420670796,80.2309515867141,positive_cross,toward_S1,3.4867250365287905
2,miata,2024-03-29 20:02:15+00:00,40.28839,-88.126183,41.95689449621964,414.0,-10.557209063049136,rs3,17.314431115645785,35.73677038099241,18.422339265346626,3,17.314431115645785,37.6383627039182,20.323931588272412,26.33125891160298,positive_cross,toward_S1,3.2893636219373454
2,miata,2024-03-29 20:02:16+00:00,40.288489,-88.126185,30.953448056275427,415.0,-11.003446439944213,rs3,8.091874294502443,32.34200516660778,24.250130872105334,3,8.091874294502443,48.56728138267522,40.47540708817277,26.33125891160298,positive_cross,toward_S1,3.085596095271712
2,miata,2024-03-29 20:02:17+00:00,40.288588,-88.126185,19.94694153056576,416.0,-11.006506525709668,rs3,8.461806358875227,32.68477325411581,24.22296689524058,3,8.461806358875227,48.433036865096355,39.971230506221126,26.33125891160298,positive_cross,toward_S1,2.8817719003511626
2,miata,2024-03-29 20:02:18+00:00,40.28869,-88.126186,8.608434546206785,417.0,-11.338506984358974,rs3,18.237410130312224,36.598739790043396,18.361329659731172,3,18.237410130312224,37.20457198292275,18.967161852610527,26.33125891160298,positive_cross,toward_S1,2.671799548788959
2,miata,2024-03-29 20:02:19+00:00,40.288789,-88.126185,-2.3996020223747383,418.0,-11.008036568581524,rs6,26.36537884408246,28.81014675208254,2.444767908000081,2,26.36537884408246,28.81014675208254,2.444767908000081,-27.632700444717127,positive_cross,toward_S1,2.467279600413748
2,miata,2024-03-29 20:02:20+00:00,40.288884,-88.126184,-12.962931256933052,419.0,-10.563329234558314,rs6,16.183462470411072,32.35533511238852,16.171872641977444,2,16.183462470411072,39.1831973679893,22.99973489757823,-27.632700444717127,positive_cross,toward_S1,2.271662392366372
2,miata,2024-03-29 20:02:21+00:00,40.288977,-88.126184,-23.30237678118031,420.0,-10.339445524247258,rs6,7.418825382955852,29.184525589890303,21.76570020693445,2,7.418825382955852,49.42764137924705,42.0088159962912,-27.632700444717127,positive_cross,toward_S1,2.0801911789543857
2,miata,2024-03-29 20:02:22+00:00,40.28907,-88.126184,-33.641822305427574,421.0,-10.339445524247264,rs6,7.8849361169520265,29.50600095830664,21.621064841354613,2,7.8849361169520265,46.08878123945182,38.20384512249979,-27.632700444717127,positive_cross,toward_S1,1.8887199655423992
2,miata,2024-03-29 20:02:23+00:00,40.289162,-88.126186,-43.867030909805656,422.0,-10.225208604378082,rs6,16.78478256045332,33.016038853174,16.231256292720683,2,16.78478256045332,35.962008894107996,19.177226333654676,-27.632700444717127,positive_cross,toward_S1,1.6993642506465088
2,miata,2024-03-29 20:02:24+00:00,40.289249,-88.126186,-53.53941543259051,423.0,-9.672384522784853,rs6,26.080189162264073,26.429169284886505,0.3489801226224323,2,26.080189162264073,26.429169284886505,0.3489801226224323,-27.632700444717127,positive_cross,toward_S1,1.5202460187430855
2,miata,2024-03-29 20:02:25+00:00,40.289335,-88.126187,-63.09909307918975,424.0,-9.55967764659924,rs8,17.191218601369705,29.326587267479166,12.13536866610946,1,17.191218601369705,35.483740790694824,18.29252218932512,-78.92951005359993,positive_cross,toward_S1,1.2931558698964847
2,miata,2024-03-29 20:02:27+00:00,40.28942,-88.126188,-72.54759389168528,426.0,-4.724250406247766,rs8,8.780796073442742,25.465343009190804,16.68454693574806,1,8.780796073442742,44.84558611469474,36.064790041251996,-78.92951005359993,positive_cross,toward_S1,1.118183632628049
2,miata,2024-03-29 20:02:28+00:00,40.289493,-88.126185,-80.66809287274343,427.0,-8.120498981058148,rs8,5.356179072547307,25.01427809878369,19.658099026236385,1,5.356179072547307,52.87569253729386,47.51951346474655,-78.92951005359993,positive_cross,toward_S1,0.9678040218677129
2,miata,2024-03-29 20:02:29+00:00,40.289554,-88.126181,-87.45599989377038,428.0,-6.787907021026953,rs8,9.39179494383843,26.726382850283933,17.334587906445503,1,9.39179494383843,59.59363062061976,50.20183567678133,-78.92951005359993,positive_cross,toward_S1,0.8421020399968434
2,miata,2024-03-29 20:02:30+00:00,40.289605,-88.12618,-93.12754844986267,429.0,-5.67154855609229,rs8,14.51453031581077,29.138873958845036,14.624343643034265,1,14.51453031581077,65.23808844857894,50.72355813276816,-78.92951005359993,positive_cross,toward_S1,0.7370733630321713
2,miata,2024-03-29 20:02:31+00:00,40.289641,-88.126195,-97.10696381630572,430.0,-3.9794153664430496,rs8,18.714753789696054,30.281587815579947,11.566834025883892,1,18.714753789696054,69.33872532808685,50.6239715383908,-78.92951005359993,positive_cross,toward_S1,0.6633804858758185
2,miata,2024-03-29 20:02:32+00:00,40.289676,-88.126229,-100.9461315339928,431.0,-3.8391677176870758,rs8,23.378025802558557,30.72851196148847,7.350486158929911,1,23.378025802558557,73.52995506090353,50.15192925834498,-78.92951005359993,positive_cross,toward_S1,0.592284787400132
2,miata,2024-03-29 20:02:33+00:00,40.289697,-88.126273,-103.21352315257558,432.0,-2.267391618582778,rs8,27.08492035792803,30.151955543623117,3.0670351856950866,1,27.08492035792803,76.40194526535412,49.31702490742609,-78.92951005359993,positive_cross,toward_S1,0.5502960537226731
2,miata,2024-03-29 20:02:34+00:00,40.289708,-88.126324,-104.35843613552622,433.0,-1.1449129829506433,rs10,28.952276494651407,30.365670208367817,1.4133937137164096,1,28.952276494651407,78.4584157994241,49.506139304772695,-78.92951005359993,negative_cross,toward_S1,0.5290939614458094
2,miata,2024-03-29 20:02:35+00:00,40.289706,-88.126376,-104.05652023936645,434.0,0.30191589615976966,rs10,27.022914099942938,32.869658899940376,5.846744799997438,1,27.022914099942938,77.84755227531754,50.8246381753746,-78.92951005359993,negative_cross,ambiguous,0.5346849965598792
2,miata,2024-03-29 20:02:36+00:00,40.289681,-88.126426,-101.2005972556245,435.0,2.855922983741948,rs10,23.229643711161703,33.89898252984747,10.66933881868577,1,23.229643711161703,74.51158930509685,51.28194559393515,-78.92951005359993,negative_cross,toward_S4,0.5875724592217672
2,miata,2024-03-29 20:02:37+00:00,40.289641,-88.126456,-96.70762262572894,436.0,4.492974629895556,rs10,18.444736801188633,33.29967020407589,14.854933402887255,1,18.444736801188633,69.83515262590838,51.390415824719746,-78.92951005359993,negative_cross,toward_S4,0.6707756931087219
2,miata,2024-03-29 20:02:38+00:00,40.289597,-88.126462,-91.8066616900318,437.0,4.900960935697142,rs10,13.524392705158675,31.439999506979635,17.91560680182096,1,13.524392705158675,64.91590986603975,51.39151716088108,-78.92951005359993,negative_cross,toward_S4,0.7615342289549653
2,miata,2024-03-29 20:02:39+00:00,40.289543,-88.126457,-85.81076289046119,438.0,5.995898799570611,rs10,7.67157225823675,29.093840532474783,21.422268274238032,1,7.67157225823675,58.97122152066875,51.299649262432,-78.92951005359993,negative_cross,toward_S4,0.8725693919099766
2,miata,2024-03-29 20:02:40+00:00,40.289481,-88.126449,-78.93003955064802,439.0,6.880723339813173,rs10,2.602957190154457,27.60773492508337,25.004777734928915,1,2.602957190154457,52.19059784906052,49.58764065890606,-78.92951005359993,negative_cross,toward_S4,0.9999901944991094
2,miata,2024-03-29 20:02:41+00:00,40.289406,-88.126451,-70.58871694502255,440.0,8.341322605625464,rs10,8.150831760693439,29.028588076576494,20.877756315883055,1,8.150831760693439,43.89886882066962,35.748037059976184,-78.92951005359993,negative_cross,toward_S4,1.1544591316403217
2,miata,2024-03-29 20:02:42+00:00,40.289322,-88.126453,-61.24680283722518,441.0,9.341914107797372,rs10,17.281344465972627,33.120211064288966,15.83886659831634,1,17.281344465972627,34.645324309569304,17.363979843596677,-78.92951005359993,negative_cross,toward_S4,1.3274575410439766
2,miata,2024-03-29 20:02:43+00:00,40.28923,-88.126454,-51.01700410420976,442.0,10.229798733015421,rs7,24.6138760468607,27.454857688486666,2.840981641625966,2,24.6138760468607,27.454857688486666,2.840981641625966,-27.632700444717127,negative_cross,toward_S4,1.5669573396390253
2,miata,2024-03-29 20:02:44+00:00,40.289143,-88.126456,-41.34155949565946,443.0,9.6754446085503,rs7,15.340189830089347,31.784504970167035,16.444315140077688,2,15.340189830089347,37.1008478100365,21.76065797994715,-27.632700444717127,negative_cross,toward_S4,1.7461322397973642
2,miata,2024-03-29 20:02:45+00:00,40.289056,-88.126465,-31.655404587006153,444.0,9.686154908653307,rs7,6.767979847900091,29.739095285214855,22.971115437314765,2,6.767979847900091,46.74128106882829,39.9733012209282,-27.632700444717127,negative_cross,toward_S4,1.9255054788464996
2,miata,2024-03-29 20:02:46+00:00,40.288967,-88.126476,-21.743835925169922,445.0,9.911568661836231,rs7,6.75674898309987,30.982244649137176,24.225495666037304,2,6.75674898309987,49.22282267754988,42.46607369445001,-27.632700444717127,negative_cross,toward_S4,2.1090530466582815
2,miata,2024-03-29 20:02:47+00:00,40.288882,-88.126475,-12.295335112674389,446.0,9.448500812495533,rs7,15.405181137189736,34.00643188344864,18.601250746258906,2,15.405181137189736,39.9148567718956,24.509675634705864,-27.632700444717127,negative_cross,toward_S4,2.2840252839267174
2,miata,2024-03-29 20:02:48+00:00,40.288793,-88.126477,-2.397536836728368,447.0,9.89779827594602,rs7,25.049166601199836,30.203326246519083,5.154159645319247,2,25.049166601199836,30.203326246519083,5.154159645319247,-27.632700444717127,negative_cross,toward_S4,2.4673178445923845
2,miata,2024-03-29 20:02:49+00:00,40.288706,-88.126487,7.290148114818545,448.0,9.687684951546913,rs5,20.660664103898437,34.54755709727789,13.886892993379451,3,20.660664103898437,34.54755709727789,13.886892993379451,26.33125891160298,negative_cross,toward_S4,2.6473868370965845
2,miata,2024-03-29 20:02:50+00:00,40.288624,-88.126501,16.42806906972597,449.0,9.137920954907425,rs5,11.74473219389282,34.408523841838374,22.66379164794555,3,11.74473219389282,43.56773938820065,31.823007194307827,26.33125891160298,negative_cross,toward_S4,2.816607595520796
2,miata,2024-03-29 20:02:51+00:00,40.288541,-88.126515,25.6771668579254,450.0,9.249097788199428,rs5,4.231548421453611,34.17936492420804,29.947816502754428,3,4.231548421453611,52.760554686436066,48.529006264982456,26.33125891160298,negative_cross,toward_S4,2.987887184191156
2,miata,2024-03-29 20:02:52+00:00,40.288459,-88.126529,34.81508781283282,451.0,9.137920954907422,rs5,8.330217165962626,36.38499157228484,28.054774406322213,3,8.330217165962626,46.67163068370645,38.34141351774382,26.33125891160298,negative_cross,toward_S4,3.1571079426153674
2,miata,2024-03-29 20:02:53+00:00,40.288373,-88.126535,44.38547575955681,452.0,9.57038794672399,rs5,17.55157078316023,37.09271997733604,19.54114919417581,3,17.55157078316023,37.09271997733604,19.54114919417581,26.33125891160298,negative_cross,toward_S4,3.334337349036182
2,miata,2024-03-29 20:02:54+00:00,40.288286,-88.126538,54.06245041095724,453.0,9.676974651400428,rs5,27.152175761312193,27.415846195218293,0.2636704339060998,3,27.152175761312193,27.415846195218293,0.2636704339060998,26.33125891160298,negative_cross,toward_S4,3.513540583321375
2,miata,2024-03-29 20:02:55+00:00,40.288199,-88.126539,63.73636497661394,454.0,9.673914565656702,rs2,17.75548504356845,36.80323102134313,19.04774597777468,4,17.75548504356845,36.80323102134313,19.04774597777468,80.2309515867141,negative_cross,toward_S4,3.6945446924055525
2,miata,2024-03-29 20:02:56+00:00,40.288119,-88.12654,72.63204170672627,455.0,8.895676730112328,rs2,8.903414145464005,36.80614928897383,27.902735143509823,4,8.903414145464005,45.687190457275086,36.78377631181108,80.2309515867141,negative_cross,toward_S4,3.859279446666892
2,miata,2024-03-29 20:02:57+00:00,40.288052,-88.126544,80.08700972919385,456.0,7.4549680224675825,rs2,1.692693235244892,36.468190190345304,34.775496955100415,4,1.692693235244892,53.12264941729705,51.42995618205216,80.2309515867141,negative_cross,toward_S4,3.997334410045921
2,miata,2024-03-29 20:02:58+00:00,40.287993,-88.126544,86.64644291129417,457.0,6.559433182100321,rs2,5.31657436656682,37.12675394640092,31.8101795798341,4,5.31657436656682,59.682453474758546,54.36587910819173,80.2309515867141,negative_cross,toward_S4,4.118805394899631
2,miata,2024-03-29 20:02:59+00:00,40.287948,-88.12653,91.62797982280271,458.0,4.981536911508542,rs2,10.458816778048252,37.256426970879346,26.797610192831094,4,10.458816778048252,64.7257573159481,54.26694053789985,80.2309515867141,negative_cross,toward_S4,4.211056078446085
2,miata,2024-03-29 20:03:00+00:00,40.287913,-88.126492,95.46102736898064,459.0,3.833047546177923,rs2,15.126129653061364,35.76843231058418,20.64230265752282,4,15.126129653061364,68.82034816658626,53.694218513524895,80.2309515867141,negative_cross,toward_S4,4.282038440412343
2,miata,2024-03-29 20:03:01+00:00,40.28789,-88.126443,97.94312244138975,460.0,2.482095072409109,rs2,19.23703461956531,33.434967382492694,14.197932762927383,4,19.23703461956531,71.83719774879582,52.60016312923051,80.2309515867141,negative_cross,toward_S4,4.328003163975475
2,miata,2024-03-29 20:03:02+00:00,40.287882,-88.126387,98.7468547084382,461.0,0.8037322670484599,rs2,22.677870200847913,30.149186590639694,7.471316389791781,4,22.677870200847913,73.53132877068536,50.85345856983745,80.2309515867141,negative_cross,toward_S4,4.342887094846743
2,miata,2024-03-29 20:03:03+00:00,40.287888,-88.126336,98.00176152031537,462.0,-0.7450931881228371,rs2,25.18281732123749,26.496283326054222,1.313466004816732,4,25.18281732123749,73.88351571667827,48.70069839544078,80.2309515867141,negative_cross,toward_S1,4.329089072844468
2,miata,2024-03-29 20:03:04+00:00,40.2879,-88.126287,96.59266741649559,463.0,-1.4090941038197826,rs1,22.69045592306044,27.62984679557775,4.939390872517308,4,22.69045592306044,72.27786376760608,49.58740784454564,80.2309515867141,positive_cross,toward_S1,4.302994737588546
2,miata,2024-03-29 20:03:05+00:00,40.287923,-88.126244,93.96980840029586,464.0,-2.622859016199726,rs1,18.415487072337786,29.499832549802395,11.084345477464609,4,18.415487072337786,69.09266593564848,50.6771788633107,80.2309515867141,positive_cross,toward_S1,4.254423274325588
2,miata,2024-03-29 20:03:06+00:00,40.28796,-88.126219,89.8180144855343,465.0,-4.151793914761555,rs1,13.869521581459459,29.949762313971547,16.080240732512088,4,13.869521581459459,64.70399688194927,50.83447530048981,80.2309515867141,positive_cross,toward_S1,4.177538201830004
2,miata,2024-03-29 20:03:07+00:00,40.288005,-88.12621,84.80128658788608,466.0,-5.016727897648224,rs1,9.89269058867078,29.619918783095052,19.72722819442427,4,9.89269058867078,59.64122486704909,49.74853427837831,80.2309515867141,positive_cross,toward_S1,4.084635833355037
2,miata,2024-03-29 20:03:08+00:00,40.28806,-88.126201,78.6727903539405,467.0,-6.128496233945583,rs1,7.3799560208765085,30.21087169720348,22.83091567632697,4,7.3799560208765085,53.47711857545166,46.097162554575156,80.2309515867141,positive_cross,toward_S1,3.9711451623560445
2,miata,2024-03-29 20:03:09+00:00,40.288125,-88.126197,71.44017599889037,468.0,-7.232614355050131,rs1,10.429024723914974,31.903846417290236,21.47482169337526,4,10.429024723914974,46.276736258956205,35.84771153504123,80.2309515867141,positive_cross,toward_S1,3.837207859484746
2,miata,2024-03-29 20:03:10+00:00,40.2882,-88.126198,63.1034435219022,469.0,-8.336732476988168,rs1,17.554258148829298,35.21647123610555,17.66221308727625,4,17.554258148829298,38.074430617959514,20.520172469130216,80.2309515867141,positive_cross,toward_S1,3.6828239247257057
2,miata,2024-03-29 20:03:11+00:00,40.288283,-88.1262,53.878826419695976,470.0,-9.224617102206224,rs1,26.3089174945551,29.109547864010192,2.8006303694550923,4,26.3089174945551,29.109547864010192,2.8006303694550923,80.2309515867141,positive_cross,toward_S1,3.511997682092257
2,miata,2024-03-29 20:03:12+00:00,40.288377,-88.126202,43.43126414790042,471.0,-10.447562271795555,rs3,19.256346686878285,34.96908534572655,15.712738658848263,3,19.256346686878285,36.505156802732905,17.24881011585462,26.33125891160298,positive_cross,toward_S1,3.316666763635138
2,miata,2024-03-29 20:03:13+00:00,40.288471,-88.126201,32.97911174665586,472.0,-10.452152401244561,rs3,10.441795792955979,31.35112577162481,20.909329978668833,3,10.441795792955979,46.77566954614182,36.33387375318584,26.33125891160298,positive_cross,toward_S1,3.1231083858343127
2,miata,2024-03-29 20:03:14+00:00,40.288566,-88.126197,22.411192383503717,473.0,-10.567919363152143,rs3,7.930819908477243,31.27624743013759,23.345427521660348,3,7.930819908477243,50.98822139477081,43.05740148629357,26.33125891160298,positive_cross,toward_S1,2.927406175405569
2,miata,2024-03-29 20:03:15+00:00,40.288661,-88.126195,11.846333106863504,474.0,-10.564859276640213,rs3,15.577301589262149,34.444681492387794,18.867379903125645,3,15.577301589262149,40.510538757086316,24.933237167824167,26.33125891160298,positive_cross,toward_S1,2.7317606332455653
2,miata,2024-03-29 20:03:16+00:00,40.288758,-88.126192,1.0575901191657613,475.0,-10.788742987697743,rs3,25.6036416111454,29.860603107276056,4.256961496130657,3,25.6036416111454,29.860603107276056,4.256961496130657,26.33125891160298,positive_cross,toward_S1,2.531969096436348
2,miata,2024-03-29 20:03:17+00:00,40.288849,-88.12619,-9.0625618234295,476.0,-10.12015194259526,rs6,20.02935875050263,33.86136174475695,13.832002994254317,2,20.02935875050263,35.43408235298153,15.404723602478896,-27.632700444717127,positive_cross,toward_S1,2.343891455949771
2,miata,2024-03-29 20:03:18+00:00,40.288939,-88.126187,-19.073066975561122,477.0,-10.010505152131623,rs6,10.800056230308826,29.849269397656556,19.04921316734773,2,10.800056230308826,45.27124105113758,34.47118482082875,-27.632700444717127,positive_cross,toward_S1,2.1585117309102966
2,miata,2024-03-29 20:03:19+00:00,40.289026,-88.126187,-28.74545149834597,478.0,-9.67238452278485,rs6,5.920928956590851,28.642142903833196,22.721213947242347,2,5.920928956590851,50.9815272225709,45.06059826598005,-27.632700444717127,positive_cross,toward_S1,1.9793934990068733
2,miata,2024-03-29 20:03:20+00:00,40.289109,-88.126187,-37.973128687085875,479.0,-9.227677188739904,rs6,11.479703729128023,30.45605238613543,18.976348657007406,2,11.479703729128023,41.812615558501236,30.332911829373213,-27.632700444717127,positive_cross,toward_S1,1.8085105881042824
2,miata,2024-03-29 20:03:21+00:00,40.289193,-88.126186,-47.31351275122142,480.0,-9.340384064135542,rs6,20.055618649591263,32.55551744046283,12.499898790871566,2,20.055618649591263,32.55551744046283,12.499898790871566,-27.632700444717127,positive_cross,toward_S1,1.6355405128425131
2,miata,2024-03-29 20:03:22+00:00,40.289278,-88.126187,-56.762013564506915,481.0,-9.448500813285499,rs8,23.29739342701468,29.250658371284764,5.953264944270085,1,23.29739342701468,29.250658371284764,5.953264944270085,-78.92951005359993,positive_cross,toward_S1,1.4105091942424632
2,miata,2024-03-29 20:03:23+00:00,40.289361,-88.126186,-65.99122079532872,482.0,-9.2292072308218,rs8,14.441533953365965,27.96161157104467,13.520077617678705,1,14.441533953365965,38.32559834724004,23.884064393874073,-78.92951005359993,positive_cross,toward_S1,1.2395979492272446
2,miata,2024-03-29 20:03:24+00:00,40.289437,-88.126184,-74.44372023426793,483.0,-8.452499438939213,rs8,7.147711248584675,25.403431803194795,18.25572055461012,1,7.147711248584675,46.678093838252074,39.5303825896674,-78.92951005359993,positive_cross,toward_S1,1.0830701818394814
2,miata,2024-03-29 20:03:25+00:00,40.289497,-88.126179,-81.121980464063,484.0,-6.678260229795072,rs8,4.9950562861836625,25.558538246537804,20.563481960354142,1,4.9950562861836625,53.2658185704429,48.27076228425924,-78.92951005359993,positive_cross,toward_S1,0.9593986961025357
2,miata,2024-03-29 20:03:26+00:00,40.289544,-88.126176,-86.35188177185408,485.0,-5.229901307791081,rs8,8.223563661708543,26.79352077048794,18.5699571087794,1,8.223563661708543,58.44850493359093,50.224941271882386,-78.92951005359993,positive_cross,toward_S1,0.8625486718841824
2,miata,2024-03-29 20:03:27+00:00,40.289588,-88.126178,-91.24060236455465,486.0,-4.888720592700565,rs8,12.681911990046379,28.408955889415417,15.727043899369038,1,12.681911990046379,63.339708909394496,50.657796919348115,-78.92951005359993,positive_cross,toward_S1,0.7720168090563941
2,miata,2024-03-29 20:03:28+00:00,40.289629,-88.12621,-95.74989116944784,487.0,-4.509288804893188,rs8,17.938596592476216,28.462023884685294,10.523427292209078,1,17.938596592476216,68.14478000727242,50.2061834147962,-78.92951005359993,positive_cross,toward_S1,0.6885114608176313
2,miata,2024-03-29 20:03:29+00:00,40.289658,-88.126258,-98.90057728619126,488.0,-3.1506861167434295,rs8,22.673939887762085,27.584443627431064,4.910503739668979,1,22.673939887762085,71.91135402942403,49.237414141661944,-78.92951005359993,positive_cross,toward_S1,0.630165421618679
2,miata,2024-03-29 20:03:30+00:00,40.289673,-88.126313,-100.48407743169942,489.0,-1.5835001455081539,rs10,26.03809907264078,26.654784769040127,0.6166856963993474,1,26.03809907264078,74.45540978314604,48.41731071050526,-78.92951005359993,negative_cross,toward_S1,0.6008413448500094
2,miata,2024-03-29 20:03:31+00:00,40.289675,-88.126368,-100.62227874094725,490.0,-0.13820130924783314,rs10,24.043958548593544,29.861834875060964,5.81787632646742,1,24.043958548593544,74.56466826804542,50.52070971945188,-78.92951005359993,negative_cross,ambiguous,0.5982820613454198
2,miata,2024-03-29 20:03:32+00:00,40.289657,-88.126417,-98.54612363485337,491.0,2.0761551060938785,rs10,20.79706960883562,31.612968709271126,10.815899100435505,1,20.79706960883562,71.9521704420792,51.15510083324357,-78.92951005359993,negative_cross,toward_S4,0.6367293781249361
2,miata,2024-03-29 20:03:33+00:00,40.28962,-88.126447,-94.38667950571076,492.0,4.159444129142614,rs10,16.234099947479184,31.450272396440667,15.216172448961483,1,16.234099947479184,67.57755912735897,51.34345917987979,-78.92951005359993,negative_cross,toward_S4,0.7137561212572068
2,miata,2024-03-29 20:03:34+00:00,40.289574,-88.126456,-89.25877477474879,493.0,5.127904730961973,rs10,11.062523681374898,30.008151113900244,18.945627432525345,1,11.062523681374898,62.4117504586195,51.3492267772446,-78.92951005359993,negative_cross,toward_S4,0.8087173199787248
2,miata,2024-03-29 20:03:35+00:00,40.289517,-88.126452,-82.92781543078516,494.0,6.330959343963627,rs10,5.093357915136379,28.135843986886314,23.042486071749934,1,5.093357915136379,56.138390879059415,51.045032963923035,-78.92951005359993,negative_cross,toward_S4,0.925957307829903
2,miata,2024-03-29 20:03:36+00:00,40.289444,-88.126452,-74.81190657913257,495.0,8.115908851652591,rs10,4.242048781545466,28.177555393188847,23.93550661164338,1,4.242048781545466,48.07567182095961,43.83362303941415,-78.92951005359993,negative_cross,toward_S4,1.07625191619384
2,miata,2024-03-29 20:03:37+00:00,40.289365,-88.126451,-66.03046676730948,496.0,8.781439811823091,rs10,12.58351772951564,30.66513648589827,18.081618756382632,1,12.58351772951564,39.38987938108256,26.806361651566917,-78.92951005359993,negative_cross,toward_S4,1.2388711719683416
2,miata,2024-03-29 20:03:38+00:00,40.289279,-88.126453,-56.4661989928846,497.0,9.564267774424877,rs10,22.03341287395793,29.94770755952806,7.91429468557013,1,22.03341287395793,29.94770755952806,7.91429468557013,-78.92951005359993,negative_cross,toward_S4,1.4159872418650987
2,miata,2024-03-29 20:03:39+00:00,40.289104,-88.126461,-36.99801277098281,498.0,19.46818622190179,rs7,11.23281677481188,30.582782320422613,19.349965545610733,2,11.23281677481188,41.41548801638964,30.182671241577758,-27.632700444717127,negative_cross,toward_S4,1.8265682902543392
2,miata,2024-03-29 20:03:40+00:00,40.289016,-88.126467,-27.205271156841366,499.0,9.792741614141445,rs7,4.8621043596665245,29.64804251035088,24.785938150684355,2,4.8621043596665245,51.18536660657921,46.323262246912684,-27.632700444717127,negative_cross,toward_S4,2.0079153571828843
2,miata,2024-03-29 20:03:41+00:00,40.288933,-88.126474,-17.966883668766684,500.0,9.238387488074682,rs7,10.099835767039496,31.762134354151282,21.662298587111785,2,10.099835767039496,45.51457631873254,35.41474055169304,-27.632700444717127,negative_cross,toward_S4,2.1789966069620452
2,miata,2024-03-29 20:03:42+00:00,40.288852,-88.126479,-8.953909933063212,501.0,9.012973735703472,rs7,18.565441119108474,35.93048512176041,17.36504400265194,2,18.565441119108474,36.57429583168249,18.008854712574017,-27.632700444717127,negative_cross,toward_S4,2.345903527993591
2,miata,2024-03-29 20:03:43+00:00,40.288772,-88.126483,-0.05364307435704729,502.0,8.900266858706164,rs7,27.287281944131415,27.813758936335024,0.5264769922036088,2,27.287281944131415,27.813758936335024,0.5264769922036088,-27.632700444717127,negative_cross,toward_S4,2.5107232846362977
2,miata,2024-03-29 20:03:44+00:00,40.288698,-88.126488,8.181092826570266,503.0,8.234735900927314,rs5,19.789358583203537,35.42624389782741,15.636885314623875,3,19.789358583203537,35.42624389782741,15.636885314623875,26.33125891160298,negative_cross,toward_S4,2.663885813240135
2,miata,2024-03-29 20:03:45+00:00,40.288626,-88.126496,16.198065187927483,504.0,8.016972361357217,rs5,12.135751674466936,34.06674920856889,21.930997534101955,3,12.135751674466936,43.366934481622245,31.231182807155307,26.33125891160298,negative_cross,toward_S4,2.8123482643763795
2,miata,2024-03-29 20:03:46+00:00,40.288553,-88.126507,24.330804512003976,505.0,8.132739324076493,rs5,5.391019472784369,33.54941820916742,28.158398736383052,3,5.391019472784369,51.44088282170771,46.04986334892334,26.33125891160298,negative_cross,toward_S4,2.962954548155574
2,miata,2024-03-29 20:03:47+00:00,40.288481,-88.126518,32.35236700276673,506.0,8.02156249076275,rs5,6.575339814326526,34.9686393582547,28.393299543928173,3,6.575339814326526,49.16831537915789,42.59297556483136,26.33125891160298,negative_cross,toward_S4,3.1115020016882173
2,miata,2024-03-29 20:03:48+00:00,40.288406,-88.126526,40.7028698648334,507.0,8.350502862066676,rs5,14.070349971452762,37.96916099685346,23.898811025400697,3,14.070349971452762,40.79996720527782,26.729617233825053,26.33125891160298,negative_cross,toward_S4,3.2661409435783413
2,miata,2024-03-29 20:03:49+00:00,40.288332,-88.126531,48.937605765760715,508.0,8.234735900927312,rs5,22.11813856838155,32.55893365618005,10.440795087798502,3,22.11813856838155,32.55893365618005,10.440795087798502,26.33125891160298,negative_cross,toward_S4,3.418636052854773
2,miata,2024-03-29 20:03:50+00:00,40.288254,-88.126532,57.61092882843385,509.0,8.673323062673134,rs2,23.901183442539867,30.740843915033476,6.839660472493609,4,23.901183442539867,30.740843915033476,6.839660472493609,80.2309515867141,negative_cross,toward_S4,3.581110689661477
2,miata,2024-03-29 20:03:51+00:00,40.288175,-88.126535,66.39848881097615,510.0,8.787559982542298,rs2,15.132941043450277,38.088376542331225,22.95543549888095,4,15.132941043450277,39.487606513514024,24.354665470063747,80.2309515867141,negative_cross,toward_S4,3.7438432819307788
2,miata,2024-03-29 20:03:52+00:00,40.288102,-88.126539,74.52051783490614,511.0,8.122029023929997,rs2,7.057882561732071,36.40768783535623,29.349805273624156,4,7.057882561732071,47.57993239876015,40.52204983702808,80.2309515867141,negative_cross,toward_S4,3.8942512268183713
2,miata,2024-03-29 20:03:53+00:00,40.288034,-88.126542,82.0851326478374,512.0,7.564614812931254,rs2,1.3644683082448712,36.37634652263879,35.01187821439392,4,1.3644683082448712,55.128973849229766,53.76450554098489,80.2309515867141,negative_cross,toward_S4,4.034336686317098
2,miata,2024-03-29 20:03:54+00:00,40.287969,-88.126506,89.2565452886727,513.0,7.1714126408353,rs2,8.958595471893169,34.61231784064298,25.65372236874981,4,8.958595471893169,62.51530184000169,53.55670636810852,80.2309515867141,negative_cross,toward_S4,4.167140624110345
2,miata,2024-03-29 20:03:55+00:00,40.287928,-88.126495,93.7979649939619,514.0,4.541419705289201,rs2,13.482657238113573,35.29284408497698,21.810186846863402,4,13.482657238113573,67.13623193249566,53.65357469438209,80.2309515867141,negative_cross,toward_S4,4.251240989023107
2,miata,2024-03-29 20:03:56+00:00,40.287893,-88.126463,97.64019279818268,515.0,3.8422278042207836,rs2,18.148319996689732,34.68807750040586,16.539757503716128,4,18.148319996689732,71.28607091541606,53.137750918726326,80.2309515867141,negative_cross,toward_S4,4.322393355767937
2,miata,2024-03-29 20:03:57+00:00,40.287871,-88.126418,100.01723120720732,516.0,2.3770384090246353,rs2,22.140584760054136,32.96082967660309,10.820244916548955,4,22.140584760054136,74.2505669160838,52.10998215602966,80.2309515867141,negative_cross,toward_S4,4.36641258556469
2,miata,2024-03-29 20:03:58+00:00,40.28786,-88.126366,101.16061414728608,517.0,1.1433829400787658,rs2,25.70066319744738,30.499340894585828,4.798677697138448,4,25.70066319744738,76.29863825562197,50.59797505817458,80.2309515867141,negative_cross,toward_S4,4.387586343714296
2,miata,2024-03-29 20:03:59+00:00,40.287862,-88.126315,100.86022829399818,518.0,-0.30038585328790646,rs1,27.46661806845765,28.460054251262672,0.9934361828050235,4,27.46661806845765,76.91580244299128,49.44918437453363,80.2309515867141,positive_cross,ambiguous,4.382023642727483
2,miata,2024-03-29 20:04:00+00:00,40.287876,-88.126269,99.23337065135476,519.0,-1.6268576426434151,rs1,23.916371373709147,30.42496767934362,6.508596305634473,4,23.916371373709147,74.6050971348433,50.68872576113416,80.2309515867141,positive_cross,toward_S1,4.351896649345197
2,miata,2024-03-29 20:04:02+00:00,40.287902,-88.126229,96.2815712622712,521.0,-1.4758996945417806,rs1,19.675489665997144,31.708923044763615,12.033433378766471,4,19.675489665997144,71.21039790720648,51.53490824120934,80.2309515867141,positive_cross,toward_S1,4.297233697695502
2,miata,2024-03-29 20:04:03+00:00,40.287938,-88.126203,92.23942413874147,522.0,-4.04214712352973,rs1,15.104516130919972,32.03065860648513,16.92614247556516,4,15.104516130919972,66.95800618976732,51.85349005884734,80.2309515867141,positive_cross,toward_S1,4.22237912133384
2,miata,2024-03-29 20:04:04+00:00,40.287983,-88.126191,87.21810611247768,523.0,-5.021318026263785,rs1,10.384809113507346,31.616397220805016,21.231588107297668,4,10.384809113507346,61.87045229373328,51.485643180225935,80.2309515867141,positive_cross,toward_S1,4.129391750477104
2,miata,2024-03-29 20:04:05+00:00,40.288035,-88.126182,81.42314037926333,524.0,-5.7949657332143545,rs1,6.196063921313316,31.744754561069815,25.5486906397565,4,6.196063921313316,56.0381967210487,49.84213279973538,80.2309515867141,positive_cross,toward_S1,4.022077570232393
2,miata,2024-03-29 20:04:06+00:00,40.288098,-88.126177,74.41134964873704,525.0,-7.011790730526286,rs1,7.108125113974639,32.807035546978604,25.698910433003967,4,7.108125113974639,49.02638038723181,41.918255273257174,80.2309515867141,positive_cross,toward_S1,3.8922295937411655
2,miata,2024-03-29 20:04:07+00:00,40.288168,-88.126178,66.63050133989753,526.0,-7.780848308839509,rs1,13.613189890120486,35.10124428342975,21.488054393309262,4,13.613189890120486,41.310257190712605,27.697067300592117,80.2309515867141,positive_cross,toward_S1,3.7481398102441377
2,miata,2024-03-29 20:04:08+00:00,40.288244,-88.126182,58.18718215823293,527.0,-8.443319181664606,rs1,21.719528667665262,33.01359347687022,11.294064809204958,4,21.719528667665262,33.01359347687022,11.294064809204958,80.2309515867141,positive_cross,toward_S1,3.591782047620719
2,miata,2024-03-29 20:04:09+00:00,40.288324,-88.126181,49.29150542735238,528.0,-8.895676730880552,rs3,24.291744042715273,30.3754472592939,6.083703216578627,3,24.291744042715273,30.3754472592939,6.083703216578627,26.33125891160298,positive_cross,toward_S1,3.4251897502916555
2,miata,2024-03-29 20:04:10+00:00,40.288409,-88.12618,39.839944529113126,529.0,-9.45156089823925,rs3,15.25209814969061,35.107047182712314,19.854949033021704,3,15.25209814969061,39.690845447911826,24.438747298221216,26.33125891160298,positive_cross,toward_S1,3.2501608447687063
2,miata,2024-03-29 20:04:11+00:00,40.288495,-88.12618,30.278736840431986,530.0,-9.56120768868114,rs3,7.340703225675115,32.677313059006686,25.336609833331572,3,7.340703225675115,49.17962452471922,41.83892129904411,26.33125891160298,positive_cross,toward_S1,3.073101443126463
2,miata,2024-03-29 20:04:12+00:00,40.288582,-88.126179,20.604822274753538,531.0,-9.673914565678448,rs3,7.635345220901412,33.059160542064966,25.423815321163552,3,7.635345220901412,49.03910451450331,41.403759293601894,26.33125891160298,positive_cross,toward_S1,2.8939548770953807
2,miata,2024-03-29 20:04:13+00:00,40.28867,-88.126176,10.816670789249406,532.0,-9.788151485504132,rs3,15.856844583819818,36.329971095233866,20.473126511414048,3,15.856844583819818,39.28740700620677,23.430562422386952,26.33125891160298,positive_cross,toward_S1,2.7126928125490077
2,miata,2024-03-29 20:04:14+00:00,40.288756,-88.126171,1.2478128861872348,533.0,-9.56885790306217,rs3,24.973160242006855,29.75518844131562,4.782028199308765,3,24.973160242006855,29.75518844131562,4.782028199308765,26.33125891160298,positive_cross,toward_S1,2.535491740270079
2,miata,2024-03-29 20:04:15+00:00,40.288844,-88.126168,-8.540338598526935,534.0,-9.78815148471417,rs6,20.080886908792337,34.583290213135726,14.502403304343389,2,20.080886908792337,34.583290213135726,14.502403304343389,-27.632700444717127,positive_cross,toward_S1,2.3535622564109295
2,miata,2024-03-29 20:04:16+00:00,40.288932,-88.126165,-18.328490084052806,535.0,-9.788151485525871,rs6,10.62304367582153,31.860872507594305,21.237828831772774,2,10.62304367582153,44.27285230373358,33.64980862791205,-27.632700444717127,positive_cross,toward_S1,2.1723001918641542
2,miata,2024-03-29 20:04:17+00:00,40.289018,-88.126164,-27.891227815605806,536.0,-9.562737731553,rs6,3.94573658519952,30.570263147661397,26.624526562461877,2,3.94573658519952,51.70052488408419,47.75478829888467,-27.632700444717127,positive_cross,toward_S1,1.995212456094654
2,miata,2024-03-29 20:04:18+00:00,40.289099,-88.126164,-36.89655133692824,537.0,-9.005323521322435,rs6,9.587854403211933,31.954955326361127,22.367100923149195,2,9.587854403211933,42.715188861480435,33.1273344582685,-27.632700444717127,positive_cross,toward_S1,1.8284472056997942
2,miata,2024-03-29 20:04:19+00:00,40.289183,-88.126162,-46.238465444747355,538.0,-9.341914107819115,rs6,18.473552755036614,33.39373580595089,14.920183050914275,2,18.473552755036614,33.39373580595089,14.920183050914275,-27.632700444717127,positive_cross,toward_S1,1.6554487962957365
2,miata,2024-03-29 20:04:20+00:00,40.289263,-88.12616,-55.1356722177098,539.0,-8.897206772962448,rs8,24.531489326208177,27.222243803132137,2.69075447692396,1,24.531489326208177,27.222243803132137,2.69075447692396,-78.92951005359993,positive_cross,toward_S1,1.4406266265905578
2,miata,2024-03-29 20:04:21+00:00,40.289338,-88.126161,-63.47240469469797,540.0,-8.336732476988168,rs8,16.30606328589,31.045928555731937,14.739865269841935,1,16.30606328589,35.51687332727813,19.210810041388125,-78.92951005359993,positive_cross,toward_S1,1.2862426918315177
2,miata,2024-03-29 20:04:22+00:00,40.289406,-88.12616,-71.03395942186376,541.0,-7.561554727165785,rs8,8.978770879272613,28.165338253400453,19.18656737412784,1,8.978770879272613,43.039476183695655,34.06070530442304,-78.92951005359993,positive_cross,toward_S1,1.1462139005877068
2,miata,2024-03-29 20:04:23+00:00,40.289474,-88.126162,-78.59092402041395,542.0,-7.556964598550195,rs8,3.371468628129678,26.895935386654163,23.524466758524483,1,3.371468628129678,50.5927042561614,47.22123562803172,-78.92951005359993,positive_cross,toward_S1,1.0062701117256663
2,miata,2024-03-29 20:04:24+00:00,40.289529,-88.126164,-84.70258978270384,543.0,-6.1116657622898884,rs8,6.269755019810047,27.365264184747957,21.09550916493791,1,6.269755019810047,56.7065290503728,50.43677403056275,-78.92951005359993,positive_cross,toward_S1,0.8930911161277053
2,miata,2024-03-29 20:04:25+00:00,40.289573,-88.126168,-89.58825028884897,544.0,-4.885660506145129,rs8,10.820706979319331,28.502188310393848,17.681481331074515,1,10.820706979319331,61.61224046860967,50.79153348929034,-78.92951005359993,positive_cross,toward_S1,0.8026159215694622
2,miata,2024-03-29 20:04:26+00:00,40.289611,-88.126172,-93.8068497943434,545.0,-4.2185995054944385,rs8,14.945626514594842,30.059139417480566,15.113512902885724,1,14.945626514594842,65.85221854109986,50.90659202650502,-78.92951005359993,positive_cross,toward_S1,0.7244937085047504
2,miata,2024-03-29 20:04:27+00:00,40.289647,-88.126182,-97.79391537514577,546.0,-3.9870655808023656,rs8,19.030905001734535,31.5637106899192,12.532805688184666,1,19.030905001734535,69.9082725665232,50.877367564788656,-78.92951005359993,positive_cross,toward_S1,0.6506591607121139
2,miata,2024-03-29 20:04:28+00:00,40.289678,-88.126216,-101.18837575878791,547.0,-3.3944603836421408,rs8,23.1879771600526,31.65734437489824,8.46936721484564,1,23.1879771600526,73.61734789054523,50.429370730492636,-78.92951005359993,positive_cross,toward_S1,0.5877987832372595
2,miata,2024-03-29 20:04:29+00:00,40.289696,-88.126266,-103.11305661938657,548.0,-1.9246808605986558,rs8,26.712876057440322,30.41051329060582,3.697637233165498,1,26.712876057440322,76.19200150539903,49.47912544795871,-78.92951005359993,positive_cross,toward_S1,0.5521565450780251
2,miata,2024-03-29 20:04:30+00:00,40.2897,-88.126322,-103.47208155318002,549.0,-0.35902493379344946,rs10,28.242083338800423,29.535576488743153,1.29349314994273,1,28.242083338800423,77.55318618582442,49.31110284702399,-78.92951005359993,negative_cross,ambiguous,0.5455079351929613
2,miata,2024-03-29 20:04:31+00:00,40.289696,-88.126377,-102.94322186017551,550.0,0.528859693004506,rs10,25.944482530864306,32.09080225742786,6.146319726563554,1,25.944482530864306,76.73626022972041,50.79177769885611,-78.92951005359993,negative_cross,toward_S4,0.5553016332115632
2,miata,2024-03-29 20:04:32+00:00,40.289678,-88.126424,-100.87012684063703,551.0,2.073095019538485,rs10,22.936285967094637,33.55276628288104,10.6164803157864,1,22.936285967094637,74.19928547813588,51.262999511041244,-78.92951005359993,negative_cross,toward_S4,0.5936922817215351
2,miata,2024-03-29 20:04:33+00:00,40.289641,-88.126454,-96.71068271149441,552.0,4.159444129142614,rs10,18.463459539428026,33.15608794022062,14.692628400792596,1,18.463459539428026,69.84943724435789,51.38597770492986,-78.92951005359993,negative_cross,toward_S4,0.6707190248538057
2,miata,2024-03-29 20:04:34+00:00,40.289592,-88.126462,-91.25077752188314,553.0,5.459905189611277,rs10,12.971568133547041,31.21748189212085,18.24591375857381,1,12.971568133547041,64.36164067470959,51.39007254116255,-78.92951005359993,negative_cross,toward_S4,0.7718283802169776
2,miata,2024-03-29 20:04:35+00:00,40.289533,-88.126456,-84.70052459703571,554.0,6.5502529248474275,rs10,6.622784174738523,28.77071077919948,22.147926604460956,1,6.622784174738523,57.87271798714038,51.24993381240186,-78.92951005359993,negative_cross,toward_S4,0.8931293603067447
2,miata,2024-03-29 20:04:36+00:00,40.289466,-88.126455,-77.25320678892741,555.0,7.447317808108295,rs10,2.325541216444529,28.171513891538705,25.845972675094178,1,2.325541216444529,50.473334131526194,48.147792915081666,-78.92951005359993,negative_cross,toward_S4,1.031042653049491
2,miata,2024-03-29 20:04:37+00:00,40.289393,-88.126455,-69.13729793648483,556.0,8.115908852442587,rs10,9.464540043216596,29.801003605067724,20.336463561851126,1,9.464540043216596,42.41963507589313,32.95509503267654,-78.92951005359993,negative_cross,toward_S4,1.1813372614280575
2,miata,2024-03-29 20:04:38+00:00,40.289316,-88.126457,-60.573621664253594,557.0,8.563676272231234,rs10,17.904892871709738,33.76686021313968,15.861967341429942,1,17.904892871709738,33.929660112564456,16.024767240854718,-78.92951005359993,negative_cross,toward_S4,1.339923859061969
2,miata,2024-03-29 20:04:39+00:00,40.289238,-88.126458,-51.9002986007905,558.0,8.673323063463094,rs7,25.400775977844905,26.542857374777615,1.14208139693271,2,25.400775977844905,26.542857374777615,1.14208139693271,-27.632700444717127,negative_cross,toward_S4,1.5506000341467894
2,miata,2024-03-29 20:04:40+00:00,40.289157,-88.126459,-42.89344503738616,559.0,9.006853563404341,rs7,16.706165035598282,32.708220212962466,16.002055177364184,2,16.706165035598282,35.532864784955315,18.826699749357033,-27.632700444717127,negative_cross,toward_S4,1.717393618654277
2,miata,2024-03-29 20:04:41+00:00,40.28908,-88.126462,-34.32823872147136,560.0,8.5652063159148,rs7,8.928936446552292,29.96231228097324,21.033375834420948,2,8.928936446552292,44.080357096090786,35.151420649538494,-27.632700444717127,negative_cross,toward_S4,1.8760085504304773
2,miata,2024-03-29 20:04:42+00:00,40.289005,-88.126466,-25.983856030913852,561.0,8.344382690557506,rs7,5.077262217330532,29.60875015500226,24.531487937671727,2,5.077262217330532,52.410336795502246,47.33307457817171,-27.632700444717127,negative_cross,toward_S4,2.030534155811172
2,miata,2024-03-29 20:04:43+00:00,40.288928,-88.126472,-17.414059586361738,562.0,8.569796444552114,rs7,10.675890215656342,31.776122734693914,21.100232519037572,2,10.675890215656342,44.99480393936572,34.31891372370937,-27.632700444717127,negative_cross,toward_S4,2.189234089969544
2,miata,2024-03-29 20:04:44+00:00,40.28885,-88.126479,-8.731556265645755,563.0,8.682503320715982,rs7,18.78313132256612,36.046949681044936,17.263818358478815,2,18.78313132256612,36.356081714843484,17.572950392277363,-27.632700444717127,negative_cross,toward_S4,2.3500211885013216
2,miata,2024-03-29 20:04:45+00:00,40.288775,-88.126485,-0.3841134893227933,564.0,8.347442776322962,rs7,26.93486791564406,28.0974003963035,1.16253248065944,2,26.93486791564406,28.0974003963035,1.16253248065944,-27.632700444717127,negative_cross,toward_S4,2.504603462136932
2,miata,2024-03-29 20:04:46+00:00,40.288702,-88.126495,7.747095791881844,565.0,8.131209281204638,rs5,20.03366911765303,34.93576865340375,14.902099535750718,3,20.03366911765303,34.93576865340375,14.902099535750718,26.33125891160298,negative_cross,toward_S4,2.655848831116275
2,miata,2024-03-29 20:04:47+00:00,40.288631,-88.12651,15.663601620028313,566.0,7.916505828146469,rs5,12.146767355897511,35.36600196692463,23.21923461102712,3,12.146767355897511,42.7614984488832,30.614731092985693,26.33125891160298,negative_cross,toward_S4,2.8024507908967653
2,miata,2024-03-29 20:04:48+00:00,40.28856,-88.12652,23.57245723460545,567.0,7.9088556145771385,rs5,4.958431214287209,34.701876356063565,29.743445141776355,3,4.958431214287209,50.64266786848139,45.68423665419418,26.33125891160298,negative_cross,toward_S4,2.9489110800556015
2,miata,2024-03-29 20:04:49+00:00,40.288485,-88.126525,31.91836996805656,568.0,8.345912733451108,rs5,5.874606311658347,35.47968942308484,29.605083111426495,3,5.874606311658347,49.57711266573872,43.70250635408037,26.33125891160298,negative_cross,toward_S4,3.1034650195639553
2,miata,2024-03-29 20:04:50+00:00,40.288411,-88.126527,40.1485157395566,569.0,8.230145771500041,rs5,13.509239919825156,37.839770988247714,24.33053106842256,3,13.509239919825156,41.34987043858835,27.84063051876319,26.33125891160298,negative_cross,toward_S4,3.2558751264435855
2,miata,2024-03-29 20:04:51+00:00,40.288333,-88.126527,48.82030876014783,570.0,8.671793020591231,rs5,22.051517062785326,32.693798611275305,10.64228154848998,3,22.051517062785326,32.693798611275305,10.64228154848998,26.33125891160298,negative_cross,toward_S4,3.416463886084164
2,miata,2024-03-29 20:04:52+00:00,40.288255,-88.126529,57.495161866504525,571.0,8.674853106356693,rs2,24.035016407086676,30.6525665625272,6.617550155440522,4,24.035016407086676,30.6525665625272,6.617550155440522,80.2309515867141,negative_cross,toward_S4,3.578966857033156
2,miata,2024-03-29 20:04:53+00:00,40.288174,-88.126531,66.50354547357071,572.0,9.008383607066186,rs2,15.066712525829082,37.731516141461405,22.664803615632323,4,15.066712525829082,39.62008380635065,24.553371280521567,80.2309515867141,negative_cross,toward_S4,3.74578877568253
2,miata,2024-03-29 20:04:54+00:00,40.288095,-88.126536,75.29416554185669,573.0,8.790620068285975,rs2,6.361418209213534,36.05307641876684,29.69165820955331,4,6.361418209213534,48.36900691597607,42.00758870676254,80.2309515867141,negative_cross,toward_S4,3.908578036206344
2,miata,2024-03-29 20:04:55+00:00,40.288025,-88.126539,83.08113402218362,574.0,7.786968480326934,rs2,2.2026026748988046,36.20304971522827,34.00044704032946,4,2.2026026748988046,56.13798513752761,53.9353824626288,80.2309515867141,negative_cross,toward_S4,4.052781156212398
2,miata,2024-03-29 20:04:56+00:00,40.287959,-88.126511,90.37596383853936,575.0,7.294829816355744,rs2,9.77801564020216,35.342400665563616,25.564385025361457,4,9.77801564020216,63.59379267711336,53.8157770369112,80.2309515867141,negative_cross,toward_S4,4.1878705972560235
2,miata,2024-03-29 20:04:57+00:00,40.287922,-88.126512,94.49103672431114,576.0,4.115072885771781,rs2,13.63692860647739,36.88182037124166,23.24489176476427,4,13.63692860647739,67.69460938661761,54.057680780140224,80.2309515867141,negative_cross,toward_S4,4.264075650696242
2,miata,2024-03-29 20:04:58+00:00,40.28789,-88.126477,97.99514389916335,577.0,3.5041071748522086,rs2,17.972835213031352,35.87708444118561,17.904249228154256,4,17.972835213031352,71.48713076747934,53.51429555444799,80.2309515867141,negative_cross,toward_S4,4.328966524304616
2,miata,2024-03-29 20:04:59+00:00,40.287865,-88.126429,100.7011226810936,578.0,2.7059787819302414,rs2,22.242427425885545,34.106660951008955,11.86423352512341,4,22.242427425885545,74.76177095577519,52.519343529889646,80.2309515867141,negative_cross,toward_S4,4.379077242488509
2,miata,2024-03-29 20:05:00+00:00,40.287851,-88.12637,102.16732582096714,579.0,1.4662031398735422,rs2,26.282211576519597,31.454838893883814,5.172627317364217,4,26.282211576519597,77.2032887560463,50.921077179526705,80.2309515867141,negative_cross,toward_S4,4.406229152486167
2,miata,2024-03-29 20:05:01+00:00,40.287848,-88.126311,102.41058379283129,580.0,0.24325797186415343,rs1,28.50418281641542,29.79971641192964,1.2955335955142218,4,28.50418281641542,78.36053269413773,49.85634987772231,80.2309515867141,positive_cross,ambiguous,4.410733929742911
2,miata,2024-03-29 20:05:02+00:00,40.28786,-88.126263,101.00301973107163,581.0,-1.4075640617596576,rs1,25.163208451176185,31.91849366544366,6.755285214267474,4,25.163208451176185,76.2698106161105,51.106602164934316,80.2309515867141,positive_cross,toward_S1,4.384667928599214
2,miata,2024-03-29 20:05:03+00:00,40.287891,-88.126227,97.50145634613857,582.0,-3.501563384933064,rs1,20.668270261818687,32.46432195006946,11.796051688250774,4,20.668270261818687,72.39915938356692,51.730889121748234,80.2309515867141,positive_cross,toward_S1,4.319824162211564
2,miata,2024-03-29 20:05:04+00:00,40.287931,-88.126204,93.01919201638951,583.0,-4.482264329749057,rs1,15.824780673013139,32.23572398067878,16.41094330766564,4,15.824780673013139,67.74118203989725,51.916401366884116,80.2309515867141,positive_cross,toward_S1,4.2368192672162115
2,miata,2024-03-29 20:05:05+00:00,40.28798,-88.12619,87.55010657031528,584.0,-5.4690854460742315,rs1,10.594974125171639,31.76783040038014,21.172856275208503,4,10.594974125171639,62.19312588926216,51.598151764090524,80.2309515867141,positive_cross,toward_S1,4.135539907103726
2,miata,2024-03-29 20:05:06+00:00,40.288037,-88.126181,81.19925666897402,585.0,-6.350849901341263,rs1,6.037171049085062,31.826553651962556,25.789382602877495,4,6.037171049085062,55.808056683960544,49.770885634875484,80.2309515867141,positive_cross,toward_S1,4.017931575597406
2,miata,2024-03-29 20:05:07+00:00,40.288105,-88.126178,73.63464185604279,586.0,-7.564614812931225,rs1,7.705143903588948,32.88646838945002,25.181324485861076,4,7.705143903588948,48.26252656183429,40.557382658245345,80.2309515867141,positive_cross,toward_S1,3.8778461160986795
2,miata,2024-03-29 20:05:08+00:00,40.288177,-88.126181,65.63449996634124,587.0,-8.000141889701553,rs1,14.633820779793053,35.289649904155446,20.65582912436239,4,14.633820779793053,40.35466082864049,25.720840048847435,80.2309515867141,positive_cross,toward_S1,3.7296953403634654
2,miata,2024-03-29 20:05:09+00:00,40.288254,-88.126182,57.07541382193561,588.0,-8.559086144405626,rs1,22.793976478183865,31.9199951623964,9.126018684212536,4,22.793976478183865,31.9199951623964,9.126018684212536,80.2309515867141,positive_cross,toward_S1,3.5711937450966946
2,miata,2024-03-29 20:05:10+00:00,40.288335,-88.126184,48.07315038714684,589.0,-9.002263434788773,rs3,23.171583706605105,31.624950127214237,8.453366420609132,3,23.171583706605105,31.624950127214237,8.453366420609132,26.33125891160298,positive_cross,toward_S1,3.402627619917479
2,miata,2024-03-29 20:05:11+00:00,40.288416,-88.126186,39.070886951589856,590.0,-9.002263435556983,rs3,14.742871602572889,34.34350522985827,19.600633627285383,3,14.742871602572889,40.53521122868108,25.792339626108188,26.33125891160298,positive_cross,toward_S1,3.235919037777535
2,miata,2024-03-29 20:05:12+00:00,40.2885,-88.126183,29.7274428008989,591.0,-9.343444150690956,rs3,7.219144998638154,32.36363367963259,25.14448868099444,3,7.219144998638154,49.761416678501305,42.54227167986315,26.33125891160298,positive_cross,toward_S1,3.062892294246221
2,miata,2024-03-29 20:05:13+00:00,40.288586,-88.126178,20.15858489704677,592.0,-9.56885790385213,rs3,7.8800108296286675,33.224090059825,25.344079230196336,3,7.8800108296286675,48.58771794904106,40.70770711941239,26.33125891160298,positive_cross,toward_S1,2.885691221952663
2,miata,2024-03-29 20:05:14+00:00,40.288671,-88.12617,10.69631369868277,593.0,-9.462271198363998,rs3,15.79605899675024,36.83752266918833,21.04146367243809,3,15.79605899675024,39.115949201903554,23.319890205153314,26.33125891160298,positive_cross,toward_S1,2.710463977538515
2,miata,2024-03-29 20:05:15+00:00,40.288757,-88.126166,1.1289858384924547,594.0,-9.567327860190316,rs3,25.00123610315009,29.58340304369993,4.58216694054984,3,25.00123610315009,29.58340304369993,4.58216694054984,26.33125891160298,positive_cross,toward_S1,2.533291239386842
2,miata,2024-03-29 20:05:16+00:00,40.288844,-88.126161,-8.551048898673423,595.0,-9.680034737165878,rs6,19.962856145603045,34.50700422138644,14.544148075783394,2,19.962856145603045,34.50700422138644,14.544148075783394,-27.632700444717127,positive_cross,toward_S1,2.353363917519328
2,miata,2024-03-29 20:05:17+00:00,40.288931,-88.126158,-18.22802355007385,596.0,-9.676974651400426,rs6,10.517823648260002,32.46151756060442,21.94369391234442,2,10.517823648260002,44.10591194517143,33.58808829691142,-27.632700444717127,positive_cross,toward_S1,2.1741606832341347
2,miata,2024-03-29 20:05:18+00:00,40.289015,-88.126159,-27.56534752925564,597.0,-9.33732397918179,rs6,3.563465648350635,30.99301967863118,27.429554030280542,2,3.563465648350635,52.007252791061056,48.44378714271042,-27.632700444717127,positive_cross,toward_S1,2.0012472762122497
2,miata,2024-03-29 20:05:19+00:00,40.289095,-88.126163,-36.453374045755154,598.0,-8.888026516499515,rs6,9.14795172299781,31.90967889419742,22.76172717119961,2,9.14795172299781,43.152019081464275,34.004067358466465,-27.632700444717127,positive_cross,toward_S1,1.83665419257337
2,miata,2024-03-29 20:05:20+00:00,40.289174,-88.126167,-45.2302237281727,599.0,-8.776849682417549,rs6,17.590960425705404,34.432913435124064,16.84195300941866,2,17.590960425705404,34.432913435124064,16.84195300941866,-27.632700444717127,positive_cross,toward_S1,1.674119939195267
2,miata,2024-03-29 20:05:21+00:00,40.289255,-88.126166,-54.23707729157705,600.0,-9.006853563404349,rs8,25.481335960210465,26.414834630656543,0.9334986704460775,1,25.481335960210465,26.414834630656543,0.9334986704460775,-78.92951005359993,positive_cross,toward_S1,1.4572672733707939
2,miata,2024-03-29 20:05:22+00:00,40.289338,-88.126165,-63.4662845231888,601.0,-9.229207231611745,rs8,16.375486773232556,30.75146618566392,14.375979412431363,1,16.375486773232556,35.55365928759959,19.17817251436703,-78.92951005359993,positive_cross,toward_S1,1.286356028340947
2,miata,2024-03-29 20:05:23+00:00,40.289418,-88.126163,-72.36349129615125,602.0,-8.897206772962456,rs8,7.844156363767246,27.57791905014499,19.733762686377744,1,7.844156363767246,44.391023180787634,36.54686681702039,-78.92951005359993,positive_cross,toward_S1,1.121592939952753
2,miata,2024-03-29 20:05:24+00:00,40.289485,-88.126163,-79.8123391471314,603.0,-7.448847850980144,rs8,3.361670513178804,26.828346121781486,23.46667560860268,1,3.361670513178804,51.8191153771677,48.4574448639889,-78.92951005359993,positive_cross,toward_S1,0.9836513130827506
2,miata,2024-03-29 20:05:25+00:00,40.289546,-88.126166,-86.58953586803358,604.0,-6.777196720902182,rs8,7.995661761954699,27.67025367231358,19.674591910358885,1,7.995661761954699,58.60460711222535,50.60894535027065,-78.92951005359993,positive_cross,toward_S1,0.8581476701030806
2,miata,2024-03-29 20:05:26+00:00,40.289596,-88.126178,-92.13001703343451,605.0,-5.540481165400934,rs8,13.514583386086144,28.809894739885078,15.295311353798933,1,13.514583386086144,64.22664304123504,50.71205965514889,-78.92951005359993,positive_cross,toward_S1,0.7555461670401002
2,miata,2024-03-29 20:05:27+00:00,40.289639,-88.126213,-96.85706937710786,606.0,-4.72705234367335,rs8,19.05906029739692,28.94135893442192,9.882298637025002,1,19.05906029739692,69.2790522721344,50.219991974737475,-78.92951005359993,positive_cross,toward_S1,0.668008160675779
2,miata,2024-03-29 20:05:28+00:00,40.28967,-88.126262,-100.22857911762864,607.0,-3.3715097405207786,rs8,24.00123669221273,28.356303072550546,4.355066380337817,1,24.00123669221273,73.28393436296058,49.28269767074785,-78.92951005359993,positive_cross,toward_S1,0.6055727951105794
2,miata,2024-03-29 20:05:29+00:00,40.289686,-88.126318,-101.9217260543469,608.0,-1.6931469367182643,rs10,27.048807279636403,28.069230402785827,1.020423123149424,1,27.048807279636403,75.9595631097191,48.91075583008269,-78.92951005359993,negative_cross,toward_S1,0.5742182222083894
2,miata,2024-03-29 20:05:30+00:00,40.289687,-88.126377,-101.9426303579819,609.0,-0.020904303634992516,rs10,25.00300346357698,31.35479141713929,6.351787953562308,1,25.00300346357698,75.74876334652313,50.74575988294615,-78.92951005359993,negative_cross,ambiguous,0.573831105474408
2,miata,2024-03-29 20:05:31+00:00,40.289669,-88.126428,-99.86341516693425,610.0,2.079215191047652,rs10,21.88751930898368,33.17398927869513,11.286469969711451,1,21.88751930898368,73.16627028599235,51.27875097700867,-78.92951005359993,negative_cross,toward_S4,0.612335090493809
2,miata,2024-03-29 20:05:32+00:00,40.289632,-88.126459,-95.70244099412983,611.0,4.160974172804416,rs10,17.42301177361716,32.99757260741057,15.57456083379341,1,17.42301177361716,68.81665923054673,51.39364745692957,-78.92951005359993,negative_cross,toward_S4,0.6893901677679648
2,miata,2024-03-29 20:05:33+00:00,40.289581,-88.126467,-90.02018213789103,612.0,5.6822588562388034,rs10,11.71197829847652,31.15403305428843,19.44205475581191,1,11.71197829847652,63.108268650937255,51.39629035246074,-78.92951005359993,negative_cross,toward_S4,0.7946171836242388
2,miata,2024-03-29 20:05:34+00:00,40.289527,-88.126461,-84.02581338119225,613.0,5.994368756698776,rs10,5.863777856100726,29.063808356230805,23.20003050013008,1,5.863777856100726,57.16734184558567,51.30356398948494,-78.92951005359993,negative_cross,toward_S4,0.905624012451994
2,miata,2024-03-29 20:05:35+00:00,40.289461,-88.126458,-76.69273249295314,614.0,7.33308088823911,rs10,2.4485042360390312,28.465344280993286,26.016840044954254,1,2.4485042360390312,49.891693316720925,47.4431890806819,-78.92951005359993,negative_cross,toward_S4,1.0414218066786443
2,miata,2024-03-29 20:05:36+00:00,40.289388,-88.126459,-68.5752935976387,615.0,8.117438895314436,rs10,9.944871612814504,30.308313201589606,20.363441588775103,1,9.944871612814504,41.82263504680917,31.877763433994666,-78.92951005359993,negative_cross,toward_S4,1.191744749184467
2,miata,2024-03-29 20:05:37+00:00,40.289312,-88.126459,-60.12585424446493,616.0,8.449439353173773,rs10,18.33094766302472,33.46267186874084,15.131724205716122,1,18.33094766302472,33.46267186874084,15.131724205716122,-78.92951005359993,negative_cross,toward_S4,1.3482158483173148
2,miata,2024-03-29 20:05:38+00:00,40.289234,-88.126458,-51.45559126674554,617.0,8.67026297771939,rs7,24.967111490001468,26.986775825365225,2.019664335363757,2,24.967111490001468,26.986775825365225,2.019664335363757,-27.632700444717127,negative_cross,toward_S4,1.558835355147622
2,miata,2024-03-29 20:05:39+00:00,40.289152,-88.12646,-42.33603082636564,618.0,9.1195604403799,rs7,16.15370577870188,32.529371092342885,16.375665313641004,2,16.15370577870188,36.08448210272883,19.930776324026947,-27.632700444717127,negative_cross,toward_S4,1.727716104043546
2,miata,2024-03-29 20:05:40+00:00,40.289066,-88.126465,-32.76717292251351,619.0,9.568857903852134,rs7,7.557308715069553,29.90751000770004,22.350201292630487,2,7.557308715069553,45.62938558812131,38.072076873051756,-27.632700444717127,negative_cross,toward_S4,1.904917176337104
2,miata,2024-03-29 20:05:41+00:00,40.288982,-88.126469,-23.422198728950693,620.0,9.344974193562816,rs7,5.977572112790896,30.118078894380314,24.14050678158942,2,5.977572112790896,50.962241958167155,44.98466984537626,-27.632700444717127,negative_cross,toward_S4,2.0779722539956746
2,miata,2024-03-29 20:05:42+00:00,40.288904,-88.126472,-14.745815580512101,621.0,8.676383148438592,rs7,13.150710998915015,32.73709443493984,19.586383436024825,2,13.150710998915015,42.36697624332115,29.21626524440613,-27.632700444717127,negative_cross,toward_S4,2.2386460160037966
2,miata,2024-03-29 20:05:43+00:00,40.288829,-88.126476,-6.401432889164638,622.0,8.344382691347462,rs7,21.12278464370174,34.121980741391226,12.999196097689488,2,21.12278464370174,34.121980741391226,12.999196097689488,-27.632700444717127,negative_cross,toward_S4,2.3931716213991203
2,miata,2024-03-29 20:05:44+00:00,40.288754,-88.126479,1.9414197593327085,623.0,8.342852648497345,rs5,25.96653310691717,29.316467821622005,3.349934714704837,3,25.96653310691717,29.316467821622005,3.349934714704837,26.33125891160298,negative_cross,toward_S4,2.548336311994995
2,miata,2024-03-29 20:05:45+00:00,40.288682,-88.126484,9.953801992052608,624.0,8.012382232719899,rs5,18.233088985616888,35.479186937679394,17.246097952062506,3,18.233088985616888,37.22908266007982,18.99599367446293,26.33125891160298,negative_cross,toward_S4,2.696713760749067
2,miata,2024-03-29 20:05:46+00:00,40.28861,-88.126494,17.973834439921756,625.0,8.020032447869148,rs5,10.68386288574176,33.42243607265372,22.738573186911957,3,10.68386288574176,45.1532767381432,34.46941385240144,26.33125891160298,negative_cross,toward_S4,2.845232880154051
2,miata,2024-03-29 20:05:47+00:00,40.288533,-88.126505,26.551281098043198,626.0,8.577446658121442,rs5,4.894889406074927,33.328080642019394,28.433191235944467,3,4.894889406074927,53.669450612269635,48.77456120619471,26.33125891160298,negative_cross,toward_S4,3.004074484934078
2,miata,2024-03-29 20:05:48+00:00,40.288454,-88.126516,35.35108142358211,627.0,8.79980032553891,rs5,9.268090913930601,35.45295523888032,26.18486432494972,3,9.268090913930601,46.18431364679297,36.91622273286237,26.33125891160298,negative_cross,toward_S4,3.1670337502218358
2,miata,2024-03-29 20:05:49+00:00,40.288371,-88.126524,44.59099895534035,628.0,9.239917531758245,rs5,17.918499830521526,36.92760983408925,19.009110003567727,3,17.918499830521526,36.92760983408925,19.009110003567727,26.33125891160298,negative_cross,toward_S4,3.3381433341432847
2,miata,2024-03-29 20:05:50+00:00,40.288288,-88.126527,53.82326627190586,629.0,9.232267316565505,rs5,27.01844514327898,27.705484095836773,0.687038952557792,3,27.01844514327898,27.705484095836773,0.687038952557792,26.33125891160298,negative_cross,toward_S4,3.509111247413016
2,miata,2024-03-29 20:05:51+00:00,40.288208,-88.126529,62.720473045680016,630.0,8.897206773774158,rs2,18.837992694931316,35.860959102818796,17.02296640788748,4,18.837992694931316,35.860959102818796,17.02296640788748,80.2309515867141,negative_cross,toward_S4,3.675731878869739
2,miata,2024-03-29 20:05:52+00:00,40.288134,-88.126531,70.95061881718004,631.0,8.230145771500027,rs2,10.680852455812516,36.419502369826326,25.73864991401381,4,10.680852455812516,44.06002615827011,33.37917370245759,80.2309515867141,negative_cross,toward_S4,3.8281419857493693
2,miata,2024-03-29 20:05:53+00:00,40.288067,-88.126533,78.40252675390393,632.0,7.4519079367238845,rs2,3.595383475070558,35.55480405703214,31.959420581961584,4,3.595383475070558,51.491925969949854,47.8965424948793,80.2309515867141,negative_cross,toward_S4,3.9661402808738857
2,miata,2024-03-29 20:05:54+00:00,40.288007,-88.126535,85.07619685508342,633.0,6.673670101179496,rs2,4.073776189072664,36.11085833067532,32.03708214160265,4,4.073776189072664,58.15146736790421,54.07769117883154,80.2309515867141,negative_cross,toward_S4,4.089726764229062
2,miata,2024-03-29 20:05:55+00:00,40.287947,-88.126505,91.70090558421131,634.0,6.624708729127889,rs2,11.205629809073203,35.292507911704895,24.086878102631694,4,11.205629809073203,64.96166447107089,53.75603466199769,80.2309515867141,negative_cross,toward_S4,4.212406555509208
2,miata,2024-03-29 20:05:56+00:00,40.287908,-88.126488,96.01079136562012,635.0,4.309885781408809,rs2,15.767524297816655,35.71697665893515,19.949452361118496,4,15.767524297816655,69.40447672023124,53.63695242241459,80.2309515867141,negative_cross,toward_S4,4.292219255164927
2,miata,2024-03-29 20:05:57+00:00,40.28788,-88.126443,99.05489077689712,636.0,3.044099411277003,rs2,20.208656554506298,34.060721876370884,13.852065321864586,4,20.208656554506298,72.93849669885839,52.72984014435209,80.2309515867141,negative_cross,toward_S4,4.348591466484871
2,miata,2024-03-29 20:05:58+00:00,40.287862,-88.126386,100.96886133816099,637.0,1.9139705612638664,rs2,24.491084760015216,31.558796224718314,7.067711464703098,4,24.491084760015216,75.72784107403413,51.23675631401892,80.2309515867141,negative_cross,toward_S4,4.384035365767535
2,miata,2024-03-29 20:05:59+00:00,40.287854,-88.126327,101.76800347659385,638.0,0.7991421384328561,rs2,28.378924976190717,28.79714560121771,0.41822062502699353,4,28.378924976190717,77.73405378102065,49.35512880482993,80.2309515867141,negative_cross,toward_S4,4.398834294257032
2,miata,2024-03-29 20:06:00+00:00,40.287859,-88.126273,101.12949699393741,639.0,-0.6385064826564388,rs1,25.69404836472158,31.33330641414686,5.63925804942528,4,25.69404836472158,76.52615712111943,50.832108756397844,80.2309515867141,positive_cross,toward_S1,4.387010100133765
2,miata,2024-03-29 20:06:01+00:00,40.287883,-88.126227,98.39087101501843,640.0,-2.738625978918975,rs1,21.460895076451216,32.92715351384838,11.466258437397165,4,21.460895076451216,73.28097885833215,51.82008378188093,80.2309515867141,positive_cross,toward_S1,4.336294804227858
2,miata,2024-03-29 20:06:02+00:00,40.287921,-88.126201,94.1263702240495,641.0,-4.264500790968938,rs1,16.69434289452497,32.90282909909599,16.20848620457102,4,16.69434289452497,68.81785736788972,52.12351447336475,80.2309515867141,positive_cross,toward_S1,4.257322567358063
2,miata,2024-03-29 20:06:03+00:00,40.287964,-88.126192,89.33199599305051,642.0,-4.794374230998983,rs1,12.149080122666106,32.02441212305297,19.875332000386862,4,12.149080122666106,63.98070859736985,51.83162847470374,80.2309515867141,positive_cross,toward_S1,4.1685378593766
2,miata,2024-03-29 20:06:04+00:00,40.288013,-88.126188,83.87821097573837,643.0,-5.453785017312143,rs1,7.858914177446421,31.37400949398203,23.515095316535607,4,7.858914177446421,58.525794971518465,50.66688079407204,80.2309515867141,positive_cross,toward_S1,4.067541840537486
2,miata,2024-03-29 20:06:05+00:00,40.288073,-88.126181,77.19689066019956,644.0,-6.681320315538812,rs1,5.98530731730239,32.03715116046536,26.051843843162974,4,5.98530731730239,51.82756347767869,45.842256160376294,80.2309515867141,positive_cross,toward_S1,3.943813686546027
2,miata,2024-03-29 20:06:06+00:00,40.288142,-88.126176,69.5180389274209,645.0,-7.678851732778654,rs1,10.93756168710825,34.190185665488514,23.252623978380264,4,10.93756168710825,44.15621943100969,33.21865774390144,80.2309515867141,positive_cross,toward_S1,3.8016127285316075
2,miata,2024-03-29 20:06:07+00:00,40.288217,-88.126176,61.17977640756089,646.0,-8.338262519860017,rs1,18.691314903539286,35.89173237411608,17.200417470576795,4,18.691314903539286,35.89173237411608,17.200417470576795,80.2309515867141,positive_cross,toward_S1,3.647200459645311
2,miata,2024-03-29 20:06:08+00:00,40.288299,-88.126177,52.06480609579655,647.0,-9.114970311764338,rs3,26.927863894059854,27.580921236738657,0.6530573426788031,3,26.927863894059854,27.580921236738657,0.6530573426788031,26.33125891160298,positive_cross,toward_S1,3.4765471700776587
2,miata,2024-03-29 20:06:09+00:00,40.288382,-88.126181,42.84324907935579,648.0,-9.221557016440755,rs3,18.0961558974425,36.28301989056571,18.18686399312321,3,18.0961558974425,36.73301366176463,18.63685776432213,26.33125891160298,positive_cross,toward_S1,3.305777595699126
2,miata,2024-03-29 20:06:10+00:00,40.288468,-88.126184,33.28663151850026,649.0,-9.556617560855535,rs3,9.71155209137208,32.831310564935336,23.119758473563255,3,9.71155209137208,46.23942202437138,36.527869932999295,26.33125891160298,positive_cross,toward_S1,3.1288031964240237
2,miata,2024-03-29 20:06:11+00:00,40.288553,-88.126186,23.839660748898325,650.0,-9.446970769601933,rs3,6.540701755081284,32.051133156590815,25.510431401509532,3,6.540701755081284,52.31009402002823,45.769392264946944,26.33125891160298,positive_cross,toward_S1,2.953859293283247
2,miata,2024-03-29 20:06:12+00:00,40.288639,-88.126186,14.278453059427223,651.0,-9.561207689471102,rs3,13.055747322861285,34.19048911335133,21.134741790490047,3,13.055747322861285,42.8168265299661,29.761079207104814,26.33125891160298,positive_cross,toward_S1,2.776799891626375
2,miata,2024-03-29 20:06:13+00:00,40.288723,-88.126187,4.941129081035395,652.0,-9.337323978391828,rs3,21.745965477691467,33.598674522318234,11.852709044626767,3,21.745965477691467,33.598674522318234,11.852709044626767,26.33125891160298,positive_cross,toward_S1,2.6038864846191188
2,miata,2024-03-29 20:06:14+00:00,40.28881,-88.126186,-4.732785484621312,653.0,-9.673914565656707,rs6,24.110833218432845,31.112585712839678,7.0017524944068334,2,24.110833218432845,31.112585712839678,7.0017524944068334,-27.632700444717127,positive_cross,toward_S1,2.4240724992610336
2,miata,2024-03-29 20:06:15+00:00,40.288898,-88.126184,-14.519406927275327,654.0,-9.786621442654015,rs6,14.733660760337997,31.682968098729205,16.949307338391208,2,14.733660760337997,40.72215199562838,25.988491235290383,-27.632700444717127,positive_cross,toward_S1,2.242838768841515
2,miata,2024-03-29 20:06:16+00:00,40.288986,-88.126179,-24.31061849775496,655.0,-9.791211570479632,rs6,6.463504312990779,29.47686200092603,23.01335768793525,2,6.463504312990779,50.37170574764298,43.9082014346522,-27.632700444717127,positive_cross,toward_S1,2.061520036054855
2,miata,2024-03-29 20:06:17+00:00,40.289077,-88.126176,-34.43230048320033,656.0,-10.12168198544537,rs6,8.011385384910046,30.337071650157515,22.32568626524747,2,8.011385384910046,45.24337816064716,37.23199277573711,-27.632700444717127,positive_cross,toward_S1,1.8740814807688295
2,miata,2024-03-29 20:06:18+00:00,40.289172,-88.126178,-44.991039589121335,657.0,-10.558739105921006,rs6,17.623407555063793,34.161624631573616,16.538217076509824,2,17.623407555063793,34.76564943800133,17.14224188293754,-27.632700444717127,positive_cross,toward_S1,1.6785492751036257
2,miata,2024-03-29 20:06:19+00:00,40.289267,-88.126176,-55.55589886652975,658.0,-10.564859277408416,rs8,24.301530305121986,27.872352534674285,3.5708222295522987,1,24.301530305121986,27.872352534674285,3.5708222295522987,-78.92951005359993,positive_cross,toward_S1,1.4328446516124107
2,miata,2024-03-29 20:06:20+00:00,40.28936,-88.126177,-65.89381434790518,659.0,-10.337915481375425,rs8,14.284860412588968,28.692476959224486,14.407616546635518,1,14.284860412588968,38.107179479643904,23.822319067054934,-78.92951005359993,positive_cross,toward_S1,1.2414017723276805
2,miata,2024-03-29 20:06:21+00:00,40.289442,-88.126174,-75.01490483115691,660.0,-9.121090483251734,rs8,6.154765669492744,26.153306456329215,19.99854078683647,1,6.154765669492744,47.136537232712335,40.98177156321959,-78.92951005359993,positive_cross,toward_S1,1.0724926893045004
2,miata,2024-03-29 20:06:22+00:00,40.289513,-88.126175,-82.90692997331018,661.0,-7.8920251421532726,rs8,5.573148033028533,26.11647884404498,20.543330811016446,1,5.573148033028533,55.00610005187966,49.43295201885113,-78.92951005359993,positive_cross,toward_S1,0.9263440755609211
2,miata,2024-03-29 20:06:23+00:00,40.289568,-88.126175,-89.02165582136553,662.0,-6.114725848055343,rs8,10.532874393743349,27.743615661646796,17.210741267903447,1,10.532874393743349,61.10192653976574,50.56905214602239,-78.92951005359993,positive_cross,toward_S1,0.8131084117080445
2,miata,2024-03-29 20:06:24+00:00,40.289613,-88.126172,-94.02920346176089,663.0,-5.007547640395359,rs8,15.159641291519886,30.170795162544447,15.011153871024561,1,15.159641291519886,66.07412601620234,50.91448472468245,-78.92951005359993,positive_cross,toward_S1,0.7203760479970193
2,miata,2024-03-29 20:06:25+00:00,40.289649,-88.126179,-98.02085917041059,664.0,-3.991655708649702,rs8,19.181823060983618,31.900880960102732,12.719057899119115,1,19.181823060983618,70.11067594741405,50.928852886430434,-78.92951005359993,positive_cross,toward_S1,0.6464564978368397
2,miata,2024-03-29 20:06:26+00:00,40.289679,-88.126212,-101.30567276361083,665.0,-3.2848135932002407,rs8,23.180669825325264,31.975856814014687,8.795186988689423,1,23.180669825325264,73.69020128292227,50.50953145759701,-78.92951005359993,positive_cross,toward_S1,0.5856266164812796
2,miata,2024-03-29 20:06:27+00:00,40.289695,-88.126262,-103.00799995758197,666.0,-1.7023271939711435,rs8,26.461392632543408,30.524606584765273,4.063213952221865,1,26.461392632543408,76.02688237020661,49.5654897376632,-78.92951005359993,positive_cross,toward_S1,0.5541020388151473
2,miata,2024-03-29 20:06:28+00:00,40.289701,-88.126322,-103.58325838649378,667.0,-0.575258428911809,rs10,28.340210087332938,29.627039687123933,1.2868295997909946,1,28.340210087332938,77.6616000631206,49.32138997578767,-78.92951005359993,negative_cross,toward_S1,0.5434491049464101
2,miata,2024-03-29 20:06:29+00:00,40.289696,-88.126375,-102.94628194594097,668.0,0.6369764405528144,rs10,26.001573214045486,31.977372355656854,5.975799141611368,1,26.001573214045486,76.76407755501153,50.76250434096604,-78.92951005359993,negative_cross,toward_S4,0.5552449649566473
2,miata,2024-03-29 20:06:30+00:00,40.289674,-88.126421,-100.43000963443943,669.0,2.516272311501538,rs10,22.555026167657285,33.070514910698336,10.51548874304105,1,22.555026167657285,73.787132270263,51.23210610260571,-78.92951005359993,negative_cross,toward_S4,0.6018426003548241
2,miata,2024-03-29 20:06:31+00:00,40.289637,-88.126447,-96.27668567678424,670.0,4.153323957655189,rs10,18.101080730355836,32.41643118859083,14.315350458234992,1,18.101080730355836,69.45972380633505,51.35864307597922,-78.92951005359993,negative_cross,toward_S4,0.6787560069780683
2,miata,2024-03-29 20:06:32+00:00,40.289588,-88.126458,-90.81219035934735,671.0,5.464495317436885,rs10,12.573105100975294,30.731920705984937,18.158815605009643,1,12.573105100975294,63.94720684661881,51.374101745643515,-78.92951005359993,negative_cross,toward_S4,0.779950364708381
2,miata,2024-03-29 20:06:33+00:00,40.289537,-88.126457,-85.14370188899876,672.0,5.668488470348592,rs10,7.026144670783379,28.944973873581056,21.918829202797678,1,7.026144670783379,58.30703492503089,51.28089025424751,-78.92951005359993,negative_cross,toward_S4,0.8849223734185401
2,miata,2024-03-29 20:06:34+00:00,40.289477,-88.126456,-78.47462191566662,673.0,6.6690799733321455,rs10,1.9539324116236776,28.20653955502835,26.25260714340467,1,1.9539324116236776,51.67910879758501,49.72517638596133,-78.92951005359993,negative_cross,toward_S4,1.0084238544061723
2,miata,2024-03-29 20:06:35+00:00,40.289406,-88.126455,-70.58259677351337,674.0,7.892025142153244,rs10,8.058463735502182,29.353493107323818,21.295029371821634,1,8.058463735502182,43.85207881198029,35.79361507647811,-78.92951005359993,negative_cross,toward_S4,1.154572468149751
2,miata,2024-03-29 20:06:36+00:00,40.289327,-88.126455,-61.79962691960838,675.0,8.782969853904994,rs10,16.70838585941244,32.969704111238265,16.261318251825823,1,16.70838585941244,35.16427744067893,18.45589158126649,-78.92951005359993,negative_cross,toward_S4,1.3172200580368805
2,miata,2024-03-29 20:06:37+00:00,40.289242,-88.126458,-52.34500593562541,676.0,9.45462098398297,rs7,25.83482274015909,26.098972533843604,0.2641497936845134,2,25.83482274015909,26.098972533843604,0.2641497936845134,-27.632700444717127,negative_cross,toward_S4,1.542364713131328
2,miata,2024-03-29 20:06:38+00:00,40.289157,-88.126461,-42.8903849516207,677.0,9.454620984004706,rs7,16.650662445413886,32.858581743921384,16.2079192985075,2,16.650662445413886,35.52516595921766,18.874503513803774,-27.632700444717127,negative_cross,toward_S4,1.717450286909193
2,miata,2024-03-29 20:06:39+00:00,40.289074,-88.126463,-33.65964767713709,678.0,9.230737274483616,rs7,8.347244669339789,29.904899368263795,21.557654698924004,2,8.347244669339789,44.74470882059381,36.39746415125402,-27.632700444717127,negative_cross,toward_S4,1.888389866066297
2,miata,2024-03-29 20:06:40+00:00,40.288993,-88.126465,-24.651264070070937,679.0,9.00838360706615,rs7,5.609346191130538,29.631462754066245,24.022116562935707,2,5.609346191130538,52.223845518257434,46.61449932712689,-27.632700444717127,negative_cross,toward_S4,2.05521178471567
2,miata,2024-03-29 20:06:41+00:00,40.288913,-88.126467,-15.754057297086744,680.0,8.897206772984193,rs7,12.373490516005582,31.96041651232423,19.586925996318648,2,12.373490516005582,43.42895792535847,31.055467409352886,-27.632700444717127,negative_cross,toward_S4,2.2199748731042663
2,miata,2024-03-29 20:06:42+00:00,40.288836,-88.126469,-7.190381024855501,681.0,8.563676272231243,rs7,20.487352124980927,35.01250977662215,14.525157651641226,2,20.487352124980927,35.01250977662215,14.525157651641226,-27.632700444717127,negative_cross,toward_S4,2.378561470738178
2,miata,2024-03-29 20:06:43+00:00,40.288757,-88.126473,1.5987090013486147,682.0,8.789090026204116,rs5,26.429446212257243,29.057581366890282,2.628135154633039,3,26.429446212257243,29.057581366890282,2.628135154633039,26.33125891160298,negative_cross,toward_S4,2.541989816476771
2,miata,2024-03-29 20:06:44+00:00,40.288679,-88.126477,10.276622192637323,683.0,8.677913191288708,rs5,18.151953799147183,34.79842931336763,16.646475514220445,3,18.151953799147183,37.62007524370079,19.468121444553606,26.33125891160298,negative_cross,toward_S4,2.7026919126117472
2,miata,2024-03-29 20:06:45+00:00,40.288603,-88.126484,18.736771845957595,684.0,8.460149653320272,rs5,10.55333795069198,32.412991466742255,21.859653516050276,3,10.55333795069198,45.985909017717994,35.43257106702602,26.33125891160298,negative_cross,toward_S4,2.8593613506361963
2,miata,2024-03-29 20:06:46+00:00,40.288528,-88.126496,27.093394880323398,685.0,8.356623034365803,rs5,5.644221920160562,32.57497779054112,26.93075587038056,3,5.644221920160562,54.25375330656055,48.609531386399986,26.33125891160298,negative_cross,toward_S4,3.014113629050378
2,miata,2024-03-29 20:06:47+00:00,40.288451,-88.126509,35.67390162418856,686.0,8.580506743865161,rs5,9.83079306871922,34.96811346101619,25.137320392296967,3,9.83079306871922,45.899437481708965,36.06864441298974,26.33125891160298,negative_cross,toward_S4,3.173011902084918
2,miata,2024-03-29 20:06:48+00:00,40.288371,-88.126519,44.583348740959316,687.0,8.909447116770757,rs5,18.000665956617244,36.961317996364635,18.96065203974739,3,18.000665956617244,36.961317996364635,18.96065203974739,26.33125891160298,negative_cross,toward_S4,3.3380016635065988
2,miata,2024-03-29 20:06:49+00:00,40.288288,-88.126523,53.81714610041843,688.0,9.23379735945911,rs5,27.05837941806786,27.737786913461825,0.6794074953939635,3,27.05837941806786,27.737786913461825,0.6794074953939635,26.33125891160298,negative_cross,toward_S4,3.5089979109039895
2,miata,2024-03-29 20:06:50+00:00,40.288201,-88.126524,63.49106066607515,689.0,9.673914565656723,rs2,18.124356282065975,36.672495229601374,18.5481389475354,4,18.124356282065975,36.672495229601374,18.5481389475354,80.2309515867141,negative_cross,toward_S4,3.690002019988168
2,miata,2024-03-29 20:06:51+00:00,40.288114,-88.126526,73.1665052746037,690.0,9.675444608528544,rs2,8.628460843181378,35.535318953934805,26.906858110753426,4,8.628460843181378,46.30708754869822,37.67862670551684,80.2309515867141,negative_cross,toward_S4,3.8691769201461037
2,miata,2024-03-29 20:06:52+00:00,40.288038,-88.12653,81.62206479928665,691.0,8.455559524682954,rs2,2.2244849580148762,35.33294793460244,33.10846297658756,4,2.2244849580148762,54.72613600230415,52.501651044289275,80.2309515867141,negative_cross,toward_S4,4.02576135578838
2,miata,2024-03-29 20:06:53+00:00,40.287973,-88.126507,88.81336799670969,692.0,7.191303197423039,rs2,8.527794686497533,34.57278721532751,26.044992528829976,4,8.527794686497533,62.06522110231574,53.5374264158182,80.2309515867141,negative_cross,toward_S4,4.15893363722214
2,miata,2024-03-29 20:06:54+00:00,40.287919,-88.126486,94.78478611026532,693.0,5.971418113555629,rs2,14.70382160885202,35.01807395442608,20.314252345574058,4,14.70382160885202,68.2021017177715,53.498280108919474,80.2309515867141,negative_cross,toward_S4,4.269515454139837
2,miata,2024-03-29 20:06:55+00:00,40.287882,-88.126449,98.84171736673255,694.0,4.056931256467237,rs2,19.774123305008228,34.35329960870649,14.579176303698265,4,19.774123305008228,72.64898263463922,52.87485932963099,80.2309515867141,negative_cross,toward_S4,4.344643810741083
2,miata,2024-03-29 20:06:56+00:00,40.287858,-88.126398,101.43192918671171,695.0,2.59021181997916,rs2,24.274832044238703,32.60858696343613,8.333754919197428,4,24.274832044238703,75.97039347902384,51.695561434785134,80.2309515867141,negative_cross,toward_S4,4.392610696296252
2,miata,2024-03-29 20:06:57+00:00,40.287851,-88.126337,102.11683440608712,696.0,0.684905219375409,rs2,28.053699144423135,29.59248777101181,1.5387886265886763,4,28.053699144423135,77.84370950868596,49.79001036426283,80.2309515867141,negative_cross,toward_S4,4.405294126284685
2,miata,2024-03-29 20:06:58+00:00,40.287852,-88.126281,101.9199751717319,697.0,-0.19685923435521602,rs1,26.713461997021653,31.32999042081617,4.6165284237945166,4,26.713461997021653,77.41508226553019,50.701620268508535,80.2309515867141,positive_cross,ambiguous,4.401648584907737
2,miata,2024-03-29 20:06:59+00:00,40.28787,-88.126234,99.8468801521717,698.0,-2.073095019560199,rs1,23.020229703214664,33.22562577022768,10.205396067013016,4,23.020229703214664,74.79408135273518,51.77385164952051,80.2309515867141,positive_cross,toward_S1,4.363257936397363
2,miata,2024-03-29 20:07:00+00:00,40.2879,-88.1262,96.45955368629608,699.0,-3.3873264658756312,rs1,18.78573325922209,33.98457808633462,15.19884482711253,4,18.78573325922209,71.13109495736595,52.345361698143854,80.2309515867141,positive_cross,toward_S1,4.3005296685107774
2,miata,2024-03-29 20:07:01+00:00,40.287939,-88.126176,92.08693614698892,700.0,-4.372617539307157,rs1,13.999146415360789,34.14613112668244,20.14698471132165,4,13.999146415360789,66.62239257813107,52.62324616277028,80.2309515867141,positive_cross,toward_S1,4.219555269634719
2,miata,2024-03-29 20:07:02+00:00,40.287979,-88.126169,87.62915250325479,701.0,-4.457783643734132,rs1,9.715776554671455,33.534300777666765,23.818524222995308,4,9.715776554671455,62.14022117474312,52.42444462007166,80.2309515867141,positive_cross,toward_S1,4.137003720676679
2,miata,2024-03-29 20:07:03+00:00,40.288023,-88.126176,82.74808212493527,702.0,-4.881070378319521,rs1,6.381317162219661,32.30387744143916,25.922560279219503,4,6.381317162219661,57.315296486872946,50.933979324653286,80.2309515867141,positive_cross,toward_S1,4.046613528485577
2,miata,2024-03-29 20:07:04+00:00,40.288071,-88.126181,77.41924432682707,703.0,-5.3288377981081965,rs1,5.917541374757873,32.01235089187842,26.094809517120545,4,5.917541374757873,52.04860678683003,46.131065412072154,80.2309515867141,positive_cross,toward_S1,3.947931347039129
2,miata,2024-03-29 20:07:05+00:00,40.288133,-88.126182,70.5278106868674,704.0,-6.891433639959672,rs1,10.344674136775025,33.38653237322928,23.041858236454253,4,10.344674136775025,45.213729053417524,34.8690549166425,80.2309515867141,positive_cross,toward_S1,3.8203122055583942
2,miata,2024-03-29 20:07:06+00:00,40.288203,-88.12618,62.74237224941232,705.0,-7.785438437455078,rs1,17.308679578554692,36.70595247215437,19.39727289359968,4,17.308679578554692,37.48240812357665,20.173728545021955,80.2309515867141,positive_cross,toward_S1,3.6761374196795966
2,miata,2024-03-29 20:07:07+00:00,40.288278,-88.126177,54.399519601704945,706.0,-8.342852647707375,rs1,25.293192942155507,29.218307948027263,3.9251150058717563,4,25.293192942155507,29.218307948027263,3.9251150058717563,80.2309515867141,positive_cross,toward_S1,3.5216401484257562
2,miata,2024-03-29 20:07:08+00:00,40.288357,-88.126175,45.61348966205624,707.0,-8.786029939648706,rs3,20.61014532529891,33.90718941323135,13.297044087932441,3,20.61014532529891,33.90718941323135,13.297044087932441,26.33125891160298,positive_cross,toward_S1,3.357078347230616
2,miata,2024-03-29 20:07:09+00:00,40.288437,-88.126174,36.717812931175686,708.0,-8.895676730880552,rs3,12.196042088354508,34.52666914249379,22.330627054139278,3,12.196042088354508,42.71301022991787,30.51696814156336,26.33125891160298,positive_cross,toward_S1,3.19234359295505
2,miata,2024-03-29 20:07:10+00:00,40.288522,-88.126173,27.266252032914696,709.0,-9.45156089826099,rs3,5.388372503758088,33.056680362961636,27.668307859203548,3,5.388372503758088,52.10422349264276,46.71585098888467,26.33125891160298,positive_cross,toward_S1,3.0173146874316985
2,miata,2024-03-29 20:07:11+00:00,40.288612,-88.126169,17.254216837911216,710.0,-10.012035195003481,rs3,9.730378406139721,34.62682318472944,24.896444778589718,3,9.730378406139721,45.63368908909007,35.90331068295035,26.33125891160298,positive_cross,toward_S1,2.831906628264967
2,miata,2024-03-29 20:07:12+00:00,40.288702,-88.126166,7.243711685757844,711.0,-10.010505152153371,rs3,19.019430024300277,35.651745469976866,16.63231544567659,3,19.019430024300277,35.651745469976866,16.63231544567659,26.33125891160298,positive_cross,toward_S1,2.64652690322509
2,miata,2024-03-29 20:07:13+00:00,40.288792,-88.126166,-2.7622033377582094,712.0,-10.005915023516053,rs6,25.733840606355482,28.837486669730364,3.1036460633748817,2,25.733840606355482,28.837486669730364,3.1036460633748817,-27.632700444717127,positive_cross,toward_S1,2.46056476123998
2,miata,2024-03-29 20:07:14+00:00,40.288882,-88.126168,-12.765058275508805,713.0,-10.002854937750595,rs6,15.976594700452832,33.66962705674787,17.69303235629504,2,15.976594700452832,38.774417844009136,22.797823143556304,-27.632700444717127,positive_cross,toward_S1,2.275326706837191
2,miata,2024-03-29 20:07:15+00:00,40.288973,-88.126168,-22.88215013233861,714.0,-10.117091856829804,rs6,6.7882324368555125,30.593367610719906,23.805135173864393,2,6.7882324368555125,48.83592567630999,42.047693239454475,-27.632700444717127,positive_cross,toward_S1,2.0879731539329356
2,miata,2024-03-29 20:07:16+00:00,40.289063,-88.126169,-32.886535112982806,715.0,-10.004384980644197,rs6,6.439600683025773,30.60789266494358,24.168291981917807,2,6.439600683025773,46.7405755722232,40.30097488919743,-27.632700444717127,positive_cross,toward_S1,1.9027067654024874
2,miata,2024-03-29 20:07:17+00:00,40.289148,-88.126168,-42.33809601122205,716.0,-9.451560898239244,rs6,14.822659602427242,33.640239747594364,18.81758014516712,2,14.822659602427242,37.31796619870471,22.495306596277466,-27.632700444717127,positive_cross,toward_S1,1.7276778598795386
2,miata,2024-03-29 20:07:18+00:00,40.289232,-88.126166,-51.68001011904116,717.0,-9.341914107819107,rs6,23.891040125986454,28.016248770667808,4.125208644681354,2,23.891040125986454,28.016248770667808,4.125208644681354,-27.632700444717127,positive_cross,toward_S1,1.554679450475481
2,miata,2024-03-29 20:07:19+00:00,40.289313,-88.126166,-60.6853336403636,718.0,-9.005323521322445,rs8,19.11652383255226,32.16046573228105,13.043941899728786,1,19.11652383255226,32.80286748182694,13.686343649274676,-78.92951005359993,positive_cross,toward_S1,1.3378551187636356
2,miata,2024-03-29 20:07:20+00:00,40.289391,-88.126168,-69.35406657518938,719.0,-8.668732934825776,rs8,10.779012345586832,28.032267317575904,17.253254971989072,1,10.779012345586832,41.44167984543534,30.662667499848506,-78.92951005359993,positive_cross,toward_S1,1.1773230273779731
2,miata,2024-03-29 20:07:21+00:00,40.289462,-88.12617,-77.24456167447076,720.0,-7.890495099281381,rs8,4.510810911391374,26.263054156536747,21.752243245145372,1,4.510810911391374,49.318339201278874,44.8075282898875,-78.92951005359993,positive_cross,toward_S1,1.0312027477616512
2,miata,2024-03-29 20:07:22+00:00,40.289523,-88.126171,-84.02481848111668,721.0,-6.780256806645923,rs8,6.0968912458928175,26.646925188660394,20.550033942767577,1,6.0968912458928175,56.08564845212019,49.98875720622737,-78.92951005359993,positive_cross,toward_S1,0.9056424365274675
2,miata,2024-03-29 20:07:23+00:00,40.289573,-88.126169,-89.58672024597712,722.0,-5.561901764860437,rs8,10.850534276528302,28.42366412385808,17.57312984732978,1,10.850534276528302,61.618186868890284,50.76765259236198,-78.92951005359993,positive_cross,toward_S1,0.8026442556967186
2,miata,2024-03-29 20:07:24+00:00,40.289614,-88.126166,-94.14956055232751,723.0,-4.562840306350395,rs8,15.137759747152423,30.66681653088099,15.529056783728567,1,15.137759747152423,66.15153144423553,51.01377169708311,-78.92951005359993,positive_cross,toward_S1,0.7181472129865262
2,miata,2024-03-29 20:07:25+00:00,40.28965,-88.126184,-98.12438579013327,724.0,-3.97482523780576,rs8,19.397406990004164,31.631346267333612,12.233939277329448,1,19.397406990004164,70.25433864977963,50.85693165977546,-78.92951005359993,positive_cross,toward_S1,0.6445393382123454
2,miata,2024-03-29 20:07:26+00:00,40.289679,-88.126223,-101.2888422919769,725.0,-3.164456501843631,rs8,23.499220928913243,31.32162958060047,7.822408651687226,1,23.499220928913243,73.79746580439699,50.298244875483746,-78.92951005359993,positive_cross,toward_S1,0.5859382918819078
2,miata,2024-03-29 20:07:27+00:00,40.289693,-88.126277,-102.76269564702142,726.0,-1.4738533550445112,rs8,26.855368649829522,29.59270938079883,2.737340730969308,1,26.855368649829522,76.02338974676677,49.168021096937245,-78.92951005359993,positive_cross,toward_S1,0.5586447112329354
2,miata,2024-03-29 20:07:28+00:00,40.289695,-88.126334,-102.89783687052557,727.0,-0.13514122350414937,rs10,27.278914008007117,29.681250399169443,2.4023363911623257,1,27.278914008007117,77.24686816732557,49.96795415931845,-78.92951005359993,negative_cross,ambiguous,0.5561420959828585
2,miata,2024-03-29 20:07:29+00:00,40.289685,-88.126388,-101.7034462189305,728.0,1.1943906515950715,rs10,24.484312873957062,31.84363797571997,7.359325101762909,1,24.484312873957062,75.38056739684896,50.896254522891894,-78.92951005359993,negative_cross,toward_S4,0.5782604413827672
2,miata,2024-03-29 20:07:30+00:00,40.289657,-88.126431,-98.52470303460389,729.0,3.1787431843266063,rs10,20.52883227094211,32.55648720009365,12.027654929151538,1,20.52883227094211,71.81155485738168,51.28272258643957,-78.92951005359993,negative_cross,toward_S4,0.6371260559073341
2,miata,2024-03-29 20:07:31+00:00,40.289612,-88.126453,-93.48808457957801,730.0,5.036618455025874,rs10,15.275769310900547,31.476178240705345,16.200408929804798,1,15.275769310900547,66.64387108423134,51.36810177333079,-78.92951005359993,negative_cross,toward_S4,0.7303967680374428
2,miata,2024-03-29 20:07:32+00:00,40.289559,-88.126456,-87.59112227030279,731.0,5.896962309275224,rs10,9.424885536928402,29.47971910149221,20.054833564563808,1,9.424885536928402,60.75075964771824,51.32587411078984,-78.92951005359993,negative_cross,toward_S4,0.8395997737647618
2,miata,2024-03-29 20:07:33+00:00,40.289495,-88.126454,-80.47886500660927,732.0,7.112257263693522,rs10,2.9863030507924013,28.070221115854764,25.083918065062363,1,2.9863030507924013,53.687612753664766,50.701309702872365,-78.92951005359993,negative_cross,toward_S4,0.9713082416109381
2,miata,2024-03-29 20:07:34+00:00,40.289423,-88.126453,-72.47566303035228,733.0,8.003201976256989,rs10,6.304617747504649,28.702025110715844,22.397407363211194,1,6.304617747504649,45.748684338708,39.44406659120335,-78.92951005359993,negative_cross,toward_S4,1.1195156856156971
2,miata,2024-03-29 20:07:35+00:00,40.289348,-88.126451,-64.140460596236,734.0,8.335202434116283,rs10,14.44477660848515,31.512775170931118,17.06799856244597,1,14.44477660848515,37.52393421113405,23.0791576026489,-78.92951005359993,negative_cross,toward_S4,1.2738712862474801
2,miata,2024-03-29 20:07:36+00:00,40.289273,-88.126451,-55.802198077165905,735.0,8.338262519070092,rs10,22.714635186939205,29.329925834268973,6.615290647329768,1,22.714635186939205,29.329925834268973,6.615290647329768,-78.92951005359993,negative_cross,toward_S4,1.4282835551191486
2,miata,2024-03-29 20:07:37+00:00,40.289197,-88.126453,-47.34969863824842,736.0,8.452499438917485,rs7,21.095751777785804,31.121547706482197,10.025795928696393,2,21.095751777785804,31.121547706482197,10.025795928696393,-27.632700444717127,negative_cross,toward_S4,1.6348704038234945
2,miata,2024-03-29 20:07:38+00:00,40.289117,-88.126455,-38.45249186447426,737.0,8.897206773774158,rs7,12.748511265936344,30.57587257090682,17.827361304970477,2,12.748511265936344,39.99324909141537,27.244737825479028,-27.632700444717127,negative_cross,toward_S4,1.7996334922267196
2,miata,2024-03-29 20:07:39+00:00,40.289038,-88.126458,-29.66493188195371,738.0,8.787559982520552,rs7,6.16572341142302,28.946683798087093,22.780960386664074,2,6.16572341142302,48.760822407852714,42.5950989964297,-27.632700444717127,negative_cross,toward_S4,1.9623660844956188
2,miata,2024-03-29 20:07:40+00:00,40.28896,-88.126463,-20.9854886477714,739.0,8.679443234182308,rs7,8.054900595046506,30.064841358368607,22.0099407633221,2,8.054900595046506,48.63236054302313,40.57745994797663,-27.632700444717127,negative_cross,toward_S4,2.123096514758254
2,miata,2024-03-29 20:07:41+00:00,40.28888,-88.126467,-12.085221788253538,740.0,8.900266859517863,rs7,15.81468186545095,33.50572660691457,17.69104474146362,2,15.81468186545095,39.82882319053476,24.014141325083813,-27.632700444717127,negative_cross,toward_S4,2.2879162714159924
2,miata,2024-03-29 20:07:42+00:00,40.288799,-88.126474,-3.06918796680635,741.0,9.016033821447188,rs7,24.433830932399342,30.912403765987932,6.47857283358859,2,24.433830932399342,30.912403765987932,6.47857283358859,-27.632700444717127,negative_cross,toward_S4,2.4548798607020514
2,miata,2024-03-29 20:07:43+00:00,40.288718,-88.12648,5.94531581097902,742.0,9.01450377778537,rs5,22.114257644365217,33.28050789682691,11.166250252461694,3,22.114257644365217,33.28050789682691,11.166250252461694,26.33125891160298,negative_cross,toward_S4,2.6224825351736305
2,miata,2024-03-29 20:07:44+00:00,40.288638,-88.126487,14.850172799112459,743.0,8.904856988133439,rs5,13.672565697627448,33.76241427775227,20.089848580124823,3,13.672565697627448,42.08485273074707,28.412287033119625,26.33125891160298,negative_cross,toward_S4,2.7873872942131386
2,miata,2024-03-29 20:07:45+00:00,40.288561,-88.126498,23.427619457233906,744.0,8.577446658121447,rs5,6.503882709275439,32.850398542235645,26.346515832960208,3,6.503882709275439,50.57937109812101,44.07548838884557,26.33125891160298,negative_cross,toward_S4,2.9462288989931653
2,miata,2024-03-29 20:07:46+00:00,40.28848,-88.12651,32.45130349306212,745.0,9.023684035828214,rs5,7.073255709085876,34.3205777711166,27.24732206203072,3,7.073255709085876,49.106725703524056,42.03346999443818,26.33125891160298,negative_cross,toward_S4,3.11333415891591
2,miata,2024-03-29 20:07:47+00:00,40.288399,-88.126523,41.476517571783944,746.0,9.025214078721824,rs5,14.886061641653626,38.039084006118216,23.15302236446459,3,14.886061641653626,40.03998606927138,25.153924427617753,26.33125891160298,negative_cross,toward_S4,3.280467752966314
2,miata,2024-03-29 20:07:48+00:00,40.288317,-88.126529,50.602198183673025,747.0,9.12568061188908,rs5,23.79483605860292,30.906464149702373,7.111628091099451,3,23.79483605860292,30.906464149702373,7.111628091099451,26.33125891160298,negative_cross,toward_S4,3.4494618383716675
2,miata,2024-03-29 20:07:49+00:00,40.288234,-88.12653,59.83140541449481,748.0,9.229207230821785,rs2,21.70230422371464,32.9717642505432,11.269460026828561,4,21.70230422371464,32.9717642505432,11.269460026828561,80.2309515867141,negative_cross,toward_S4,3.6222306264403836
2,miata,2024-03-29 20:07:50+00:00,40.288153,-88.12653,68.83672893581726,749.0,9.005323521322453,rs2,12.773116307315467,36.900704137582146,24.127587830266677,4,12.773116307315467,41.95630339261237,29.1831870852969,80.2309515867141,negative_cross,toward_S4,3.788995876835244
2,miata,2024-03-29 20:07:51+00:00,40.288082,-88.12653,76.73028412084236,750.0,7.893555185025093,rs2,5.179834389966737,35.399120034475956,30.21928564450922,4,5.179834389966737,49.839003030477585,44.65916864051085,80.2309515867141,negative_cross,toward_S4,3.9351728247060787
2,miata,2024-03-29 20:07:52+00:00,40.288021,-88.126529,83.51054092748825,751.0,6.780256806645895,rs2,3.115410877633444,35.40422041244207,32.28880953480863,4,3.115410877633444,56.61885803361479,53.50344715598135,80.2309515867141,negative_cross,toward_S4,4.060733135940262
2,miata,2024-03-29 20:07:53+00:00,40.28797,-88.126528,89.17902939781511,752.0,5.668488470326864,rs2,8.132052958438647,36.37938733523401,28.247334376795358,4,8.132052958438647,62.288829868384305,54.156776909945656,80.2309515867141,negative_cross,toward_S4,4.165705144650019
2,miata,2024-03-29 20:07:54+00:00,40.287928,-88.126518,93.83315598010161,753.0,4.654126582286494,rs2,12.859159367471516,37.087562053379045,24.22840268590753,4,12.859159367471516,66.99798856257206,54.13882919510054,80.2309515867141,negative_cross,toward_S4,4.2518926739516205
2,miata,2024-03-29 20:07:55+00:00,40.287897,-88.126482,97.22455627797828,754.0,3.3914002978766717,rs2,17.092470353846988,35.852035091176425,18.759564737329438,4,17.092470353846988,70.67035041438032,53.57788006053333,80.2309515867141,negative_cross,toward_S4,4.314696383171559
2,miata,2024-03-29 20:07:56+00:00,40.28788,-88.126432,99.0380603052632,755.0,1.813504027284921,rs2,20.668142243243395,33.30064257632386,12.632500333080465,4,20.668142243243395,73.07407207058209,52.405929827338696,80.2309515867141,negative_cross,toward_S4,4.348279791084242
2,miata,2024-03-29 20:07:57+00:00,40.287876,-88.126379,99.40167536769395,756.0,0.36361506243075326,rs2,23.624336245643498,30.07068898115797,6.446352735514473,4,23.624336245643498,74.32419368076049,50.69985743511699,80.2309515867141,negative_cross,ambiguous,4.355013403351479
2,miata,2024-03-29 20:07:58+00:00,40.287874,-88.126329,99.54752689053291,757.0,0.14585152283895297,rs2,26.678660105831067,27.21338869864306,0.5347285928119945,4,26.678660105831067,75.54175243341,48.863092327578926,80.2309515867141,negative_cross,ambiguous,4.357714357478126
2,miata,2024-03-29 20:07:59+00:00,40.287886,-88.126283,98.14302291532869,758.0,-1.4045039752042214,rs1,23.69344867027836,28.80809360479832,5.1146449345199585,4,23.69344867027836,73.73514350626459,50.041694835986235,80.2309515867141,positive_cross,toward_S1,4.331705024603973
2,miata,2024-03-29 20:08:00+00:00,40.287916,-88.126245,94.7495762779439,759.0,-3.393446637384784,rs1,19.09438911239695,29.775949315440783,10.681560203043833,4,19.09438911239695,69.87472997405548,50.78034086165853,80.2309515867141,positive_cross,toward_S1,4.26886342020796
2,miata,2024-03-29 20:08:01+00:00,40.287954,-88.126219,90.4850754869967,760.0,-4.264500790947196,rs1,14.388057644597774,30.154523770122392,15.766466125524618,4,14.388057644597774,65.36484534659623,50.976787701998454,80.2309515867141,positive_cross,toward_S1,4.189891183338567
2,miata,2024-03-29 20:08:02+00:00,40.287998,-88.126204,85.57034416540932,761.0,-4.914731321587382,rs1,9.96174942172115,30.234853339980905,20.273103918259757,4,9.96174942172115,60.34452099167652,50.382771569955366,80.2309515867141,positive_cross,toward_S1,4.098877640346208
2,miata,2024-03-29 20:08:03+00:00,40.28805,-88.1262,79.78302864736597,762.0,-5.787315518043357,rs1,7.307154088198181,30.233761342065407,22.926607253867225,4,7.307154088198181,54.566866114798245,47.25971202660006,80.2309515867141,positive_cross,toward_S1,3.991705130752812
2,miata,2024-03-29 20:08:04+00:00,40.28811,-88.126195,73.10476841678093,763.0,-6.678260230585039,rs1,9.136347241232066,31.613666497838885,22.47731925660682,4,9.136347241232066,47.90036622284698,38.76401898161492,80.2309515867141,positive_cross,toward_S1,3.868033645001238
2,miata,2024-03-29 20:08:05+00:00,40.28818,-88.126192,65.31779993724396,764.0,-7.7869684795369665,rs1,15.320370413160964,34.599352645926686,19.27898223276572,4,15.320370413160964,40.1712425468437,24.850872133682735,80.2309515867141,positive_cross,toward_S1,3.723830525009812
2,miata,2024-03-29 20:08:06+00:00,40.288257,-88.126189,56.752593621329154,765.0,-8.565206315914807,rs1,23.27190512737684,31.708866102127704,8.436960974750864,4,23.27190512737684,31.708866102127704,8.436960974750864,80.2309515867141,positive_cross,toward_S1,3.5652155932336123
2,miata,2024-03-29 20:08:07+00:00,40.288341,-88.126183,47.40455934202262,766.0,-9.348034279306532,rs3,22.505590210061793,32.26528749357035,9.759697283508554,3,22.505590210061793,32.26528749357035,9.759697283508554,26.33125891160298,positive_cross,toward_S1,3.3902463042670306
2,miata,2024-03-29 20:08:08+00:00,40.288427,-88.126178,37.83570143896045,767.0,-9.568857903062174,rs3,13.347276971665158,34.553334708347805,21.206057736682645,3,13.347276971665158,41.65157563459995,28.30429866293479,26.33125891160298,positive_cross,toward_S1,3.2130452319881013
2,miata,2024-03-29 20:08:09+00:00,40.288515,-88.126177,28.05061003998999,768.0,-9.785091398970458,rs3,5.973440460693653,32.74625379422178,26.772813333528127,3,5.973440460693653,51.363365335239365,45.38992487454571,26.33125891160298,positive_cross,toward_S1,3.0318398357108705
2,miata,2024-03-29 20:08:10+00:00,40.288607,-88.126176,17.82081130618462,769.0,-10.22979873380537,rs3,9.574143159116048,33.90876729365199,24.334624134535943,3,9.574143159116048,46.24716067879014,36.67301751967409,26.33125891160298,positive_cross,toward_S1,2.8423991184181787
2,miata,2024-03-29 20:08:11+00:00,40.288699,-88.126176,7.59254261525111,770.0,-10.22826869093351,rs3,18.920716378888685,36.089890715982754,17.16917433709407,3,18.920716378888685,36.089890715982754,17.16917433709407,26.33125891160298,positive_cross,toward_S1,2.6529867352527434
2,miata,2024-03-29 20:08:12+00:00,40.288795,-88.126173,-3.085023538364668,771.0,-10.677566153615778,rs6,25.507225290290002,29.26582995945592,3.758604669165919,2,25.507225290290002,29.26582995945592,3.758604669165919,-27.632700444717127,positive_cross,toward_S1,2.4545866093768973
2,miata,2024-03-29 20:08:13+00:00,40.288892,-88.126173,-13.86917639665688,772.0,-10.784152858292211,rs6,15.035053667605343,32.80901374564347,17.773960078038126,2,15.035053667605343,39.931173582164526,24.896119914559183,-27.632700444717127,positive_cross,toward_S1,2.2548800749640785
2,miata,2024-03-29 20:08:14+00:00,40.288983,-88.126173,-23.986268254276638,773.0,-10.117091857619759,rs6,6.276712493957184,30.02095164302899,23.744239149071806,2,6.276712493957184,49.98506317171941,43.708350677762226,-27.632700444717127,positive_cross,toward_S1,2.067526522045194
2,miata,2024-03-29 20:08:15+00:00,40.289077,-88.126173,-34.43689061183765,774.0,-10.45062235756101,rs6,7.856513854961648,30.585055578276723,22.728541723315075,2,7.856513854961648,45.219077101469985,37.36256324650834,-27.632700444717127,positive_cross,toward_S1,1.873996478386657
2,miata,2024-03-29 20:08:16+00:00,40.289173,-88.126173,-45.10986663681611,775.0,-10.67297602497846,rs6,17.61192937490448,34.58342980245679,16.97150042755231,2,17.61192937490448,34.601468594445336,16.989539219540855,-27.632700444717127,positive_cross,toward_S1,1.6763487742203893
2,miata,2024-03-29 20:08:17+00:00,40.289268,-88.126173,-55.671665828480826,776.0,-10.561799191664718,rs8,24.146712172747435,27.937867718494257,3.791155545746822,1,24.146712172747435,27.937867718494257,3.791155545746822,-78.92951005359993,positive_cross,toward_S1,1.430700818983687
2,miata,2024-03-29 20:08:18+00:00,40.289357,-88.126174,-65.56487397578951,777.0,-9.893208147308684,rs8,14.52473792122487,29.070523558761153,14.545785637536282,1,14.52473792122487,37.74334439716863,23.21860647594376,-78.92951005359993,positive_cross,toward_S1,1.247493260700193
2,miata,2024-03-29 20:08:19+00:00,40.289438,-88.126175,-74.56866745345015,778.0,-9.003793477660636,rs8,6.538415551283405,26.137800641071323,19.599385089787916,1,6.538415551283405,46.70272287286115,40.164307321577745,-78.92951005359993,positive_cross,toward_S1,1.0807563444472181
2,miata,2024-03-29 20:08:20+00:00,40.289505,-88.126175,-82.01751530443033,779.0,-7.4488478509801865,rs8,5.067148290763101,25.991504266018435,20.924355975255335,1,5.067148290763101,54.119840876023034,49.05269258525993,-78.92951005359993,positive_cross,toward_S1,0.9428147175772147
2,miata,2024-03-29 20:08:21+00:00,40.289556,-88.126173,-87.69059390341621,780.0,-5.673078598985882,rs8,9.25624224790559,27.440579672893545,18.184337424987955,1,9.25624224790559,59.75796531478935,50.50172306688376,-78.92951005359993,positive_cross,toward_S1,0.8377577064848836
2,miata,2024-03-29 20:08:22+00:00,40.289601,-88.126171,-92.69661150091795,781.0,-5.006017597501739,rs8,13.85466938504458,29.594563568787027,15.739894183742447,1,13.85466938504458,64.73674432913664,50.88207494409206,-78.92951005359993,positive_cross,toward_S1,0.745053676901518
2,miata,2024-03-29 20:08:23+00:00,40.289639,-88.126173,-96.9182710921561,782.0,-4.221659591238151,rs8,17.98009030175009,31.659058051518215,13.678967749768127,1,17.98009030175009,68.96497330426595,50.984883002515865,-78.92951005359993,positive_cross,toward_S1,0.666874795582293
2,miata,2024-03-29 20:08:24+00:00,40.289671,-88.126198,-100.43767869498046,783.0,-3.5194076028243586,rs8,21.9703273254062,32.22280631480142,10.252478989395218,1,21.9703273254062,72.68464973068188,50.71432240527568,-78.92951005359993,positive_cross,toward_S1,0.6017005807151752
2,miata,2024-03-29 20:08:25+00:00,40.289693,-88.126238,-102.82236731917607,784.0,-2.3846886241956042,rs8,25.417158788015804,31.62421236318857,6.207053575172765,1,25.417158788015804,75.50501742336976,50.08785863535396,-78.92951005359993,positive_cross,toward_S1,0.5575396802671085
2,miata,2024-03-29 20:08:26+00:00,40.289707,-88.126288,-104.30234084572982,785.0,-1.4799735265537493,rs8,28.66980554323605,30.3672349867136,1.697429443477553,1,28.66980554323605,77.72438699171052,49.054581448474465,-78.92951005359993,positive_cross,toward_S1,0.5301327631087058
2,miata,2024-03-29 20:08:27+00:00,40.289706,-88.126347,-104.10089148275902,786.0,0.2014493629707914,rs10,27.91582415618041,31.322404968641976,3.4065808124615664,1,27.91582415618041,78.28288200024187,50.36705784406146,-78.92951005359993,negative_cross,ambiguous,0.5338633068674241
2,miata,2024-03-29 20:08:28+00:00,40.289695,-88.126399,-102.7983840835939,787.0,1.3025073991651226,rs10,25.27580414598672,33.290726014010644,8.014921868023926,1,25.27580414598672,76.34431681443245,51.06851266844573,-78.92951005359993,negative_cross,toward_S4,0.5579838142593708
2,miata,2024-03-29 20:08:29+00:00,40.289665,-88.126437,-99.40493744623086,788.0,3.3934466373630414,rs10,21.310682862990447,33.499364600690924,12.188681737700477,1,21.310682862990447,72.64234167443479,51.33165881144434,-78.92951005359993,negative_cross,toward_S4,0.6208254186549826
2,miata,2024-03-29 20:08:30+00:00,40.289625,-88.126455,-94.93032333084108,789.0,4.474614115389784,rs10,16.68630607114826,32.31459107243716,15.628285001288901,1,16.68630607114826,68.06910439133664,51.38279832018838,-78.92951005359993,negative_cross,toward_S4,0.7036886430140528
2,miata,2024-03-29 20:08:31+00:00,40.289577,-88.126454,-89.59536536124546,790.0,5.334957969595621,rs10,11.421413926294779,29.96501902537545,18.543605099080672,1,11.421413926294779,62.75989442244749,51.33848049615271,-78.92951005359993,negative_cross,toward_S4,0.8024841609695272
2,miata,2024-03-29 20:08:32+00:00,40.289521,-88.126449,-83.3771128942574,791.0,6.218252466988062,rs10,5.6052663154931,27.94975656972278,22.34449025422968,1,5.6052663154931,56.608812781745556,51.00354646625246,-78.92951005359993,negative_cross,toward_S4,0.9176369844322692
2,miata,2024-03-29 20:08:33+00:00,40.289456,-88.126449,-76.15061871069469,792.0,7.226494183562707,rs10,3.387695714985049,27.75633663945591,24.36864092447086,1,3.387695714985049,49.432022790965846,46.044327075980796,-78.92951005359993,negative_cross,toward_S4,1.0514609507945414
2,miata,2024-03-29 20:08:34+00:00,40.289379,-88.126449,-67.59000252341721,793.0,8.560616187277475,rs10,11.095947137937225,29.881736424375436,18.78578928643821,1,11.095947137937225,40.954383058662316,29.858435920725093,-78.92951005359993,negative_cross,toward_S4,1.2099908801885688
2,miata,2024-03-29 20:08:35+00:00,40.289294,-88.126449,-58.13997166804981,794.0,9.450030855367402,rs10,20.413616181207725,31.650262512152633,11.236646330944907,1,20.413616181207725,31.650262512152633,11.236646330944907,-78.92951005359993,negative_cross,toward_S4,1.3849914515842614
2,miata,2024-03-29 20:08:36+00:00,40.289204,-88.126448,-48.135586687405606,795.0,10.004384980644204,rs7,21.964046759323843,30.378755674273776,8.414708914949934,2,21.964046759323843,30.378755674273776,8.414708914949934,-27.632700444717127,negative_cross,toward_S4,1.6203169214316948
2,miata,2024-03-29 20:08:37+00:00,40.289111,-88.126449,-37.79461112028649,796.0,10.340975567119116,rs7,12.41439418866534,29.868100897372884,17.453706708707543,2,12.41439418866534,40.68842540704304,28.2740312183777,-27.632700444717127,negative_cross,toward_S4,1.8118164689709377
2,miata,2024-03-29 20:08:38+00:00,40.289022,-88.126455,-27.890692673599514,797.0,9.903918446686976,rs7,5.926630416885414,28.626443793767486,22.699813376882073,2,5.926630416885414,50.54891030850485,44.622279891619435,-27.632700444717127,negative_cross,toward_S4,1.9952223661318076
2,miata,2024-03-29 20:08:39+00:00,40.288934,-88.126464,-18.09336093084249,798.0,9.797331742757024,rs7,10.389611650977514,30.920762569516985,20.53115091853947,2,10.389611650977514,45.77156335998141,35.38195170900389,-27.632700444717127,negative_cross,toward_S4,2.176654435442123
2,miata,2024-03-29 20:08:40+00:00,40.288848,-88.126471,-8.521442942036604,799.0,9.571917988805886,rs7,19.149762865990414,35.59075307850381,16.440990212513395,2,19.149762865990414,36.277084791705924,17.12732192571551,-27.632700444717127,negative_cross,toward_S4,2.353912175975565
2,miata,2024-03-29 20:08:41+00:00,40.288764,-88.126476,0.8250612943980713,800.0,9.346504236434676,rs5,27.106106259668863,28.249978478298782,1.1438722186299195,3,27.106106259668863,28.249978478298782,1.1438722186299195,26.33125891160298,negative_cross,toward_S4,2.527663007088798
2,miata,2024-03-29 20:08:42+00:00,40.288682,-88.12648,9.947681820543433,801.0,9.122620526145361,rs5,18.359773253314437,35.17779267461651,16.818019421302076,3,18.359773253314437,37.26178338702428,18.902010133709844,26.33125891160298,negative_cross,toward_S4,2.696600424239638
2,miata,2024-03-29 20:08:43+00:00,40.288601,-88.126487,18.963715641990618,802.0,9.016033821447184,rs5,10.22030696171939,32.61071776522574,22.390410803506356,3,10.22030696171939,46.18961240113163,35.969305439412246,26.33125891160298,negative_cross,toward_S4,2.8635640135256972
2,miata,2024-03-29 20:08:44+00:00,40.288522,-88.1265,27.766576053273237,803.0,8.80286041128262,rs5,5.366198755579639,32.939024480416805,27.572825724837166,3,5.366198755579639,53.83305119131673,48.46685243573709,26.33125891160298,negative_cross,toward_S4,3.0265799470679675
2,miata,2024-03-29 20:08:45+00:00,40.288444,-88.126513,36.45825963126385,804.0,8.691683577990613,rs5,10.385744748425209,35.511446370862345,25.125701622437134,3,10.385744748425209,45.09507275153615,34.70932800311094,26.33125891160298,negative_cross,toward_S4,3.18753705036409
2,miata,2024-03-29 20:08:46+00:00,40.288364,-88.126519,45.36158657573547,805.0,8.903326944471623,rs5,18.76338890581586,36.18562286401976,17.422233958203904,3,18.76338890581586,36.18562286401976,17.422233958203904,26.33125891160298,negative_cross,toward_S4,3.352413475261713
2,miata,2024-03-29 20:08:47+00:00,40.288284,-88.126523,54.261853435253336,806.0,8.900266859517863,rs2,27.29520487691197,27.49991438865211,0.20470951174013763,4,27.29520487691197,27.49991438865211,0.20470951174013763,80.2309515867141,negative_cross,toward_S4,3.5190907749729488
2,miata,2024-03-29 20:08:48+00:00,40.288201,-88.126523,63.48953062320329,807.0,9.22767718794995,rs2,18.137299414616297,36.68014969937364,18.54285028475734,4,18.137299414616297,36.68014969937364,18.54285028475734,80.2309515867141,negative_cross,toward_S4,3.689973685860911
2,miata,2024-03-29 20:08:49+00:00,40.288121,-88.126524,72.38520735408382,808.0,8.895676730880531,rs2,9.422632568873667,35.51948618137291,26.096853612499245,4,9.422632568873667,45.54213196480814,36.119499395934476,80.2309515867141,negative_cross,toward_S4,3.854708440136476
2,miata,2024-03-29 20:08:50+00:00,40.288049,-88.126525,80.39146941529455,809.0,8.006262061210734,rs2,2.8261109068974495,34.86180239750258,32.03569149060513,4,2.8261109068974495,53.52777496700487,50.701664060107426,80.2309515867141,negative_cross,toward_S4,4.002972552381119
2,miata,2024-03-29 20:08:51+00:00,40.287979,-88.126502,88.13865678086623,810.0,7.747187365571676,rs2,8.18238257270393,33.990438978624155,25.808056405920226,4,8.18238257270393,61.433797155782194,53.251414583078265,80.2309515867141,negative_cross,toward_S4,4.146438985076891
2,miata,2024-03-29 20:08:52+00:00,40.287932,-88.126505,93.36855808865728,811.0,5.229901307791053,rs2,12.76042699278798,35.898296728282354,23.137869735494373,4,12.76042699278798,66.62546614915982,53.865039156371836,80.2309515867141,negative_cross,toward_S4,4.243289009295244
2,miata,2024-03-29 20:08:53+00:00,40.287895,-88.126473,97.43313955952729,812.0,4.06458147087001,rs2,17.591415160775313,35.30152179583506,17.710106635059745,4,17.591415160775313,70.96940159502326,53.377986434247944,80.2309515867141,negative_cross,toward_S4,4.3185590365335775
2,miata,2024-03-29 20:08:54+00:00,40.287869,-88.126431,100.25947543200242,813.0,2.826335872475127,rs2,21.771143057502645,33.965890234184,12.194747176681357,4,21.771143057502645,74.29636078671047,52.525217729207824,80.2309515867141,negative_cross,toward_S4,4.370898589727561
2,miata,2024-03-29 20:08:55+00:00,40.287854,-88.126379,101.84756570612613,814.0,1.588090274123715,rs2,25.560006010639217,31.74982831577061,6.189822305131393,4,25.560006010639217,76.71859917763804,51.15859316699883,80.2309515867141,negative_cross,toward_S4,4.400307668878001
2,miata,2024-03-29 20:08:56+00:00,40.28785,-88.126322,102.20506059704776,815.0,0.3574948909216289,rs1,28.884207667334326,28.993648545927186,0.10944087859286,4,28.884207667334326,78.27360972459886,49.38940205726453,80.2309515867141,positive_cross,ambiguous,4.406927944635808
2,miata,2024-03-29 20:08:57+00:00,40.287858,-88.126272,101.23914378437931,816.0,-0.9659168126684534,rs1,25.74459791613932,31.46978538931583,5.725187473176511,4,25.74459791613932,76.62054565702657,50.87594774088725,80.2309515867141,positive_cross,toward_S1,4.389040596253059
2,miata,2024-03-29 20:08:58+00:00,40.287882,-88.126231,98.50816801984136,817.0,-2.730975764537945,rs1,21.71328003241166,32.69946365033368,10.986183617922023,4,21.71328003241166,73.43702998395192,51.723749951540256,80.2309515867141,positive_cross,toward_S1,4.338466970983839
2,miata,2024-03-29 20:08:59+00:00,40.287916,-88.126205,94.6883745629174,818.0,-3.8197934569239607,rs1,17.34324986102885,32.821954530117,15.478704669088149,4,17.34324986102885,69.40835117591729,52.06510131488844,80.2309515867141,positive_cross,toward_S1,4.2677300551148765
2,miata,2024-03-29 20:09:00+00:00,40.287956,-88.126195,90.22600079054592,819.0,-4.462373772371478,rs1,13.037182366077115,32.026825214243495,18.98964284816638,4,13.037182366077115,64.89265264012005,51.85547027404293,80.2309515867141,positive_cross,toward_S1,4.185093503774663
2,miata,2024-03-29 20:09:01+00:00,40.288004,-88.126193,84.88645269231301,820.0,-5.33954809823291,rs1,8.818482341096141,31.06450101441736,22.246018673321217,4,8.818482341096141,59.568200714476774,50.74971837338063,80.2309515867141,positive_cross,toward_S1,4.086212983437017
2,miata,2024-03-29 20:09:02+00:00,40.288062,-88.126187,78.42901608706354,821.0,-6.45743660524947,rs1,6.216249549354022,31.412175165977317,25.195925616623295,4,6.216249549354022,53.10187832217791,46.885628772823885,80.2309515867141,positive_cross,toward_S1,3.9666308240805455
2,miata,2024-03-29 20:09:03+00:00,40.288131,-88.12618,70.74710426854116,822.0,-7.68191181852238,rs1,10.065442568340883,33.47989790282443,23.41445533448355,4,10.065442568340883,45.412468691451174,35.34702612311029,80.2309515867141,positive_cross,toward_S1,3.8243731978116124
2,miata,2024-03-29 20:09:04+00:00,40.288209,-88.126177,62.0707211193126,823.0,-8.676383149228563,rs1,17.864100803136076,36.7841955965457,18.920094793409625,4,17.864100803136076,36.7841955965457,18.920094793409625,80.2309515867141,positive_cross,toward_S1,3.6636994357888613
2,miata,2024-03-29 20:09:05+00:00,40.288292,-88.126174,52.8384538027471,824.0,-9.232267316565505,rs1,26.76801645293288,27.64109388925468,0.8730774363218003,4,26.76801645293288,27.64109388925468,0.8730774363218003,80.2309515867141,positive_cross,toward_S1,3.4927315225191293
2,miata,2024-03-29 20:09:06+00:00,40.288384,-88.126171,42.60559498317626,825.0,-10.232858819570836,rs3,17.627095133045934,36.83223492646364,19.205139793417707,3,17.627095133045934,36.83223492646364,19.205139793417707,26.33125891160298,positive_cross,toward_S1,3.3013765939180235
2,miata,2024-03-29 20:09:07+00:00,40.288475,-88.126167,32.48238295483729,826.0,-10.123212028338969,rs3,8.224999307278656,34.09666996810411,25.87167066082545,3,8.224999307278656,46.851862208865306,38.62686290158665,26.33125891160298,positive_cross,toward_S1,3.113909704504339
2,miata,2024-03-29 20:09:08+00:00,40.288567,-88.126163,22.24799409241635,827.0,-10.234388862420943,rs3,5.519529742340114,34.151882738332674,28.63235299599256,3,5.519529742340114,50.57691340190133,45.05738365956122,26.33125891160298,positive_cross,toward_S1,2.9243839848298774
2,miata,2024-03-29 20:09:09+00:00,40.288659,-88.12616,12.015135272845525,828.0,-10.232858819570824,rs3,14.269284421355623,37.067088507169686,22.797804085814064,3,14.269284421355623,40.357845922520326,26.088561501164705,26.33125891160298,positive_cross,toward_S1,2.7348865992822695
2,miata,2024-03-29 20:09:10+00:00,40.288751,-88.12616,1.7868665827019754,829.0,-10.22826869014355,rs3,24.255110347176206,30.17954068465334,5.924430337477133,3,24.255110347176206,30.17954068465334,5.924430337477133,26.33125891160298,positive_cross,toward_S1,2.545474216131463
2,miata,2024-03-29 20:09:11+00:00,40.288841,-88.126159,-8.220578483685937,830.0,-10.007445066387913,rs6,20.260797660888972,34.155617397707154,13.894819736818182,2,20.260797660888972,34.155617397707154,13.894819736818182,-27.632700444717127,positive_cross,toward_S1,2.359483740019096
2,miata,2024-03-29 20:09:12+00:00,40.28893,-88.126161,-18.11225658814453,831.0,-9.891678104458592,rs6,10.707876562111354,32.25046856952193,21.542592007410576,2,10.707876562111354,44.01833025892395,33.3104536968126,-27.632700444717127,positive_cross,toward_S1,2.1763045158624554
2,miata,2024-03-29 20:09:13+00:00,40.289018,-88.126166,-27.88816772986209,832.0,-9.775911141717561,rs6,4.115049016434142,30.400586185736774,26.285537169302632,2,4.115049016434142,51.712051767254735,47.59700275082059,-27.632700444717127,positive_cross,toward_S1,1.9952691243491674
2,miata,2024-03-29 20:09:14+00:00,40.289105,-88.126168,-37.55749216688148,833.0,-9.669324437019391,rs6,10.335767600982201,31.8332703689196,21.497502767937398,2,10.335767600982201,42.079039399804536,31.743271798822335,-27.632700444717127,positive_cross,toward_S1,1.81620756070066
2,miata,2024-03-29 20:09:15+00:00,40.289193,-88.126169,-47.33952348010823,834.0,-9.782031313226746,rs6,19.68674399384648,32.352284277478006,12.665540283631525,2,19.68674399384648,32.352284277478006,12.665540283631525,-27.632700444717127,positive_cross,toward_S1,1.6350588326779425
2,miata,2024-03-29 20:09:16+00:00,40.289281,-88.126168,-57.12461487986864,835.0,-9.785091399760411,rs8,22.649700350928953,29.29929702970155,6.649596678772596,1,22.649700350928953,29.29929702970155,6.649596678772596,-78.92951005359993,positive_cross,toward_S1,1.4037943550690979
2,miata,2024-03-29 20:09:17+00:00,40.289368,-88.12617,-66.79393931690977,836.0,-9.669324437041134,rs8,13.255608681496998,28.84190718568746,15.586298504190463,1,13.255608681496998,38.91704313183105,25.661434450334053,-78.92951005359993,positive_cross,toward_S1,1.224732791420188
2,miata,2024-03-29 20:09:18+00:00,40.289452,-88.126171,-76.1312632953016,837.0,-9.337323978391822,rs8,5.211407699425964,26.268473120343316,21.057065420917354,1,5.211407699425964,48.218606064176754,43.00719836475079,-78.92951005359993,positive_cross,toward_S1,1.051819384412932
2,miata,2024-03-29 20:09:19+00:00,40.28952,-88.126171,-83.69128798038547,838.0,-7.560024685083874,rs8,5.850234191315874,26.583617330910837,20.733383139594963,1,5.850234191315874,55.75306641603588,49.90283222472,-78.92951005359993,positive_cross,toward_S1,0.9118189272817492
2,miata,2024-03-29 20:09:20+00:00,40.289574,-88.12617,-89.69636703720897,839.0,-6.005079056823504,rs8,10.984706688143943,28.38765473280618,17.40294804466224,1,10.984706688143943,61.73518654629953,50.750479858155586,-78.92951005359993,positive_cross,toward_S1,0.8006137595627955
2,miata,2024-03-29 20:09:21+00:00,40.289613,-88.126169,-94.03379359037646,840.0,-4.337426553167489,rs8,15.092685769396276,30.39079899775573,15.298113228359455,1,15.092685769396276,66.05683476623165,50.96414899683537,-78.92951005359993,positive_cross,toward_S1,0.7202910456152494
2,miata,2024-03-29 20:09:22+00:00,40.289647,-88.126189,-97.78320507502102,841.0,-3.749411484644554,rs8,19.19409445001111,31.09164892234248,11.897554472331368,1,19.19409445001111,69.95719534899874,50.76310089898763,-78.92951005359993,positive_cross,toward_S1,0.6508574996033132
2,miata,2024-03-29 20:09:23+00:00,40.289674,-88.126227,-100.72683795231907,842.0,-2.9436328772980573,rs8,23.107695829942003,30.6859217723048,7.578225942362796,1,23.107695829942003,73.28766990754148,50.17997407759948,-78.92951005359993,positive_cross,toward_S1,0.5963457796533491
2,miata,2024-03-29 20:09:24+00:00,40.28969,-88.126278,-102.42763510341837,843.0,-1.7007971510992945,rs8,26.605654533593583,29.271811382340754,2.666156848747171,1,26.605654533593583,75.7102602396929,49.10460570609932,-78.92951005359993,positive_cross,toward_S1,0.5648495361144733
2,miata,2024-03-29 20:09:25+00:00,40.289694,-88.126333,-102.78819007929371,844.0,-0.36055497587534546,rs10,27.218192967880604,29.54136249528604,2.3231695274054367,1,27.218192967880604,77.11868438172124,49.90049141384063,-78.92951005359993,negative_cross,ambiguous,0.5581725921167817
2,miata,2024-03-29 20:09:26+00:00,40.289688,-88.126383,-102.04462693404275,845.0,0.7435631452509597,rs10,24.936506751716717,31.786156486753253,6.849649735036536,1,24.936506751716717,75.77626756677583,50.83976081505911,-78.92951005359993,negative_cross,toward_S4,0.5719422799917995
2,miata,2024-03-29 20:09:27+00:00,40.289664,-88.12643,-99.30447091304185,846.0,2.7401560210008995,rs10,21.30889296374365,32.961448416694495,11.652555452950846,1,21.30889296374365,72.5947467701742,51.28585380643055,-78.92951005359993,negative_cross,toward_S4,0.6226859100103347
2,miata,2024-03-29 20:09:28+00:00,40.289625,-88.126456,-94.92879328796921,847.0,4.37567762507264,rs10,16.676165540194773,32.38843820758941,15.712272667394636,1,16.676165540194773,68.06182850964738,51.38566296945261,-78.92951005359993,negative_cross,toward_S4,0.7037169771413094
2,miata,2024-03-29 20:09:29+00:00,40.28958,-88.126459,-89.92124564759563,848.0,5.007547640373588,rs10,11.680326909655227,30.480203779458424,18.7998768698032,1,11.680326909655227,63.05338259607732,51.37305568642209,-78.92951005359993,negative_cross,toward_S4,0.7964493408519315
2,miata,2024-03-29 20:09:30+00:00,40.289527,-88.126459,-84.02887346695772,849.0,5.892372180637906,rs10,5.910241208848907,28.896697192258788,22.986455983409883,1,5.910241208848907,57.18353219135938,51.273290982510474,-78.92951005359993,negative_cross,toward_S4,0.905567344197078
2,miata,2024-03-29 20:09:31+00:00,40.28946,-88.126457,-76.58308570172129,850.0,7.445787765236432,rs10,2.5866346671498253,28.39006721734283,25.803432550193,1,2.5866346671498253,49.790835900292706,47.20420123314288,-78.92951005359993,negative_cross,toward_S4,1.0434523028125673
2,miata,2024-03-29 20:09:32+00:00,40.289391,-88.126456,-68.91341422698548,851.0,7.669671474735807,rs10,9.664414574765296,29.955329406381562,20.290914831616266,1,9.664414574765296,42.18760352630976,32.52318895154446,-78.92951005359993,negative_cross,toward_S4,1.1854832560484156
2,miata,2024-03-29 20:09:33+00:00,40.289318,-88.126455,-60.799035417414764,852.0,8.114378809570717,rs10,17.702381953515097,33.50335741397331,15.800975460458215,1,17.702381953515097,34.17774240688189,16.475360453366793,-78.92951005359993,negative_cross,toward_S4,1.3357495302997253
2,miata,2024-03-29 20:09:34+00:00,40.289241,-88.126456,-52.23688918726542,853.0,8.562146230149345,rs7,25.76390998249763,26.222021700357864,0.4581117178602341,2,25.76390998249763,26.222021700357864,0.4581117178602341,-27.632700444717127,negative_cross,toward_S4,1.5443668751379946
2,miata,2024-03-29 20:09:35+00:00,40.289163,-88.126457,-43.56356612459229,854.0,8.673323062673127,rs7,17.392137525245005,32.87477540302892,15.482637877783915,2,17.392137525245005,34.874952560554554,17.48281503530955,-27.632700444717127,negative_cross,toward_S4,1.7049839688912005
2,miata,2024-03-29 20:09:36+00:00,40.289084,-88.126458,-34.77906622781544,855.0,8.78449989677685,rs7,9.48841474397293,29.734142199056464,20.245727455083532,2,9.48841474397293,43.64822765187457,34.15981290790164,-27.632700444717127,negative_cross,toward_S4,1.8676598929055868
2,miata,2024-03-29 20:09:37+00:00,40.289006,-88.12646,-26.10421312148049,856.0,8.67485310633495,rs7,5.552581338328613,29.094226753331334,23.54164541500272,2,5.552581338328613,52.31234647884123,46.75976514051261,-27.632700444717127,negative_cross,toward_S4,2.0283053208006785
2,miata,2024-03-29 20:09:38+00:00,40.288928,-88.126464,-17.426299929380082,857.0,8.677913192100409,rs7,10.975374204727569,31.134636089503235,20.159261884775667,2,10.975374204727569,45.115587695695844,34.14021349096828,-27.632700444717127,negative_cross,toward_S4,2.189007416950686
2,miata,2024-03-29 20:09:39+00:00,40.28885,-88.12647,-8.74532665153596,858.0,8.680973277844123,rs7,18.954117345517844,35.39970856731214,16.445591221794295,2,18.954117345517844,36.51255731931598,17.558439973798137,-27.632700444717127,negative_cross,toward_S4,2.3497661813552067
2,miata,2024-03-29 20:09:40+00:00,40.288772,-88.126475,-0.0658834173536513,859.0,8.679443234182308,rs7,27.38271495651966,27.98610680763088,0.6033918511112191,2,27.38271495651966,27.98610680763088,0.6033918511112191,-27.632700444717127,negative_cross,toward_S4,2.5104966116178424
2,miata,2024-03-29 20:09:41+00:00,40.288695,-88.12648,8.502382984304868,860.0,8.56826640165852,rs5,19.704222417551435,35.823512429153965,16.11929001160253,3,19.704222417551435,35.823512429153965,16.11929001160253,26.33125891160298,negative_cross,toward_S4,2.6698356309759608
2,miata,2024-03-29 20:09:42+00:00,40.288618,-88.126489,17.0767695566826,861.0,8.574386572377731,rs5,11.661970202851508,33.24447488895823,21.582504686106724,3,11.661970202851508,44.2915997264035,32.62962952355199,26.33125891160298,negative_cross,toward_S4,2.8286205675014746
2,miata,2024-03-29 20:09:43+00:00,40.288543,-88.126503,25.436452676792122,862.0,8.359683120109523,rs5,5.269935534557758,33.16586143201708,27.89592589745932,3,5.269935534557758,52.56327623986508,47.29334070530732,26.33125891160298,negative_cross,toward_S4,2.983429514170169
2,miata,2024-03-29 20:09:44+00:00,40.288465,-88.126516,34.128136253971036,863.0,8.691683577178914,rs5,8.17758660114454,35.158085093675865,26.980498492531325,3,8.17758660114454,47.40456479156904,39.2269781904245,26.33125891160298,negative_cross,toward_S4,3.1443866174512602
2,miata,2024-03-29 20:09:45+00:00,40.288386,-88.126523,42.92181640802251,864.0,8.793680154051472,rs5,16.298135967288538,38.59773779235844,22.2996018250699,3,16.298135967288538,38.59773779235844,22.2996018250699,26.33125891160298,negative_cross,toward_S4,3.3072325462299914
2,miata,2024-03-29 20:09:46+00:00,40.288304,-88.126527,52.04443693493608,865.0,9.122620526913572,rs5,25.25069535209794,29.47845178064303,4.227756428545092,3,25.25069535209794,29.47845178064303,4.227756428545092,26.33125891160298,negative_cross,toward_S4,3.4761699633950576
2,miata,2024-03-29 20:09:47+00:00,40.28822,-88.126529,61.386351041965234,866.0,9.341914107029154,rs2,20.163387730654318,34.530603806701556,14.367216076047239,4,20.163387730654318,34.530603806701556,14.367216076047239,80.2309515867141,negative_cross,toward_S4,3.651025915837984
2,miata,2024-03-29 20:09:48+00:00,40.288142,-88.126529,70.05814406255645,867.0,8.671793020591217,rs2,11.586635387363243,36.47873421469556,24.892098827332312,4,11.586635387363243,43.18272424335975,31.596088855996506,80.2309515867141,negative_cross,toward_S4,3.811614675478562
2,miata,2024-03-29 20:09:49+00:00,40.288072,-88.126531,77.84358250001155,868.0,7.785438437455099,rs2,4.157236972508461,35.4093371223071,31.25210014979864,4,4.157236972508461,50.94507867619245,46.787841703683995,80.2309515867141,negative_cross,toward_S4,3.95578946135736
2,miata,2024-03-29 20:09:50+00:00,40.288014,-88.126531,84.29183884879812,869.0,6.448256348786572,rs2,3.582443847352836,35.66577668661404,32.0833328392612,4,3.582443847352836,57.3883214956241,53.80587764827126,80.2309515867141,negative_cross,toward_S4,4.075201615964519
2,miata,2024-03-29 20:09:51+00:00,40.287962,-88.126531,90.0730341953323,870.0,5.781195346534176,rs2,8.922400596845119,36.866684591091975,27.944283994246856,4,8.922400596845119,63.166390417506655,54.24398982066154,80.2309515867141,negative_cross,toward_S4,4.1822607890484855
2,miata,2024-03-29 20:09:52+00:00,40.287922,-88.126511,94.48950668141754,871.0,4.41647248608524,rs2,13.660451195672461,36.804194833846694,23.143743638174232,4,13.660451195672461,67.70003235136241,54.039581155689945,80.2309515867141,negative_cross,toward_S4,4.264047316568583
2,miata,2024-03-29 20:09:53+00:00,40.28789,-88.12647,97.98443359903861,872.0,3.494926917621072,rs2,18.202943167007078,35.36884716596477,17.165903998957695,4,18.202943167007078,71.54983661406119,53.346893447054114,80.2309515867141,negative_cross,toward_S4,4.328768185413417
2,miata,2024-03-29 20:09:54+00:00,40.287869,-88.126421,100.24417500324036,873.0,2.2597414042017476,rs2,22.197142788955677,33.29852713743133,11.101384348475651,4,22.197142788955677,74.42849567774329,52.23135288878761,80.2309515867141,negative_cross,toward_S4,4.37061524845419
2,miata,2024-03-29 20:09:55+00:00,40.287861,-88.126367,101.05096735684423,874.0,0.8067923536038677,rs2,25.56082146621874,30.479704591787524,4.918883125568783,4,25.56082146621874,76.17158316846938,50.61076170225064,80.2309515867141,negative_cross,toward_S4,4.385555847595002
2,miata,2024-03-29 20:09:56+00:00,40.287863,-88.126311,100.7429312883853,875.0,-0.3080360684589323,rs1,27.169585065806963,28.628394551769066,1.458809485962103,4,27.169585065806963,76.73208550570446,49.5625004398975,80.2309515867141,positive_cross,ambiguous,4.379851475956874
2,miata,2024-03-29 20:09:57+00:00,40.287879,-88.126265,98.89371997913614,876.0,-1.8492113092491564,rs1,23.451353580690714,30.500372281372716,7.0490187006820015,4,23.451353580690714,74.216756602715,50.76540302202428,80.2309515867141,positive_cross,toward_S1,4.34560682208189
2,miata,2024-03-29 20:09:58+00:00,40.287909,-88.12623,95.50486347038866,877.0,-3.3888565087474802,rs1,19.04653476924107,31.264609888559136,12.218075119318065,4,19.04653476924107,70.45145885100085,51.40492408175978,80.2309515867141,positive_cross,toward_S1,4.282850220068047
2,miata,2024-03-29 20:09:59+00:00,40.287947,-88.126212,91.25260302162638,878.0,-4.2522604487622715,rs1,14.663825298249954,30.96941329175337,16.305587993503416,4,14.663825298249954,66.05724929289755,51.3934239946476,80.2309515867141,positive_cross,toward_S1,4.204104656202079
2,miata,2024-03-29 20:10:00+00:00,40.287994,-88.126205,86.0165815431161,879.0,-5.236021478510281,rs1,10.317220196659674,30.22299189256519,19.905771695905514,4,10.317220196659674,60.796661584265024,50.47944138760535,80.2309515867141,positive_cross,toward_S1,4.107141295488926
2,miata,2024-03-29 20:10:01+00:00,40.288046,-88.126195,80.22008576702989,880.0,-5.796495776086218,rs1,6.939758550555654,30.644615283614126,23.70485673305847,4,6.939758550555654,54.951798697807966,48.012040147252314,80.2309515867141,positive_cross,toward_S1,3.999798781116959
2,miata,2024-03-29 20:10:02+00:00,40.288106,-88.126186,73.53570536574739,881.0,-6.684380401282496,rs1,8.2710530894078,32.249895435702705,23.978842346294904,4,8.2710530894078,48.235453459610056,39.964400370202256,80.2309515867141,positive_cross,toward_S1,3.876013958870987
2,miata,2024-03-29 20:10:03+00:00,40.288172,-88.126184,66.19497426231551,882.0,-7.340731103431878,rs1,14.226789442456102,34.82199919091564,20.59520974845954,4,14.226789442456102,40.9421199778034,26.7153305353473,80.2309515867141,positive_cross,toward_S1,3.7400744939926187
2,miata,2024-03-29 20:10:04+00:00,40.288239,-88.126183,58.74459636925345,883.0,-7.450377893062061,rs1,21.206964950363982,33.575927810654555,12.368962860290573,4,21.206964950363982,33.575927810654555,12.368962860290573,80.2309515867141,positive_cross,toward_S1,3.602104533009988
2,miata,2024-03-29 20:10:05+00:00,40.28831,-88.126182,50.84951114056651,884.0,-7.895085228686938,rs3,25.825323621219763,28.863876027880377,3.0385524066606138,3,25.825323621219763,28.863876027880377,3.0385524066606138,26.33125891160298,positive_cross,toward_S1,3.454041707943769
2,miata,2024-03-29 20:10:06+00:00,40.288383,-88.126179,42.72901215948662,885.0,-8.12049898107989,rs3,17.93657344128821,36.384562103529305,18.447988662241094,3,17.93657344128821,36.81719088980977,18.880617448521562,26.33125891160298,positive_cross,toward_S1,3.3036620971830306
2,miata,2024-03-29 20:10:07+00:00,40.288459,-88.126175,34.273452634825404,886.0,-8.455559524661219,rs3,10.086559404701825,33.79638356143146,23.70982415672964,3,10.086559404701825,45.1532151250788,35.06665572037698,26.33125891160298,positive_cross,toward_S1,3.147077661541156
2,miata,2024-03-29 20:10:08+00:00,40.288538,-88.126171,25.484362609411253,887.0,-8.78909002541415,rs3,4.9937373493642925,33.229884740356276,28.236147390991984,3,4.9937373493642925,53.84652746023493,48.852790110870636,26.33125891160298,positive_cross,toward_S1,2.984316735144598
2,miata,2024-03-29 20:10:09+00:00,40.288621,-88.126167,16.250565249952142,888.0,-9.23379735945911,rs3,10.535634750016486,35.068097628901924,24.53246287888544,3,10.535634750016486,44.62107773677227,34.08544298675579,26.33125891160298,positive_cross,toward_S1,2.8133204877472067
2,miata,2024-03-29 20:10:10+00:00,40.288708,-88.126165,6.575120641423577,889.0,-9.675444608528565,rs3,19.648418953666713,34.979057491768174,15.33063853810146,3,19.648418953666713,34.979057491768174,15.33063853810146,26.33125891160298,positive_cross,toward_S1,2.6341455875892703
2,miata,2024-03-29 20:10:11+00:00,40.288799,-88.126164,-3.5435012582780825,890.0,-10.11862189970166,rs6,24.938193240041333,29.580826154190227,4.642632914148894,2,24.938193240041333,29.580826154190227,4.642632914148894,-27.632700444717127,positive_cross,toward_S1,2.4460962812303526
2,miata,2024-03-29 20:10:12+00:00,40.288886,-88.126166,-13.212825695319216,891.0,-9.669324437041134,rs6,15.502568666239613,33.62940234106275,18.12683367482314,2,15.502568666239613,39.195909234392715,23.693340568153104,-27.632700444717127,positive_cross,toward_S1,2.267034717581443
2,miata,2024-03-29 20:10:13+00:00,40.288971,-88.126166,-22.66285655068661,892.0,-9.450030855367393,rs6,6.8595047464972865,30.795854386923367,23.93634964042608,2,6.8595047464972865,48.59829440485749,41.738789658360204,-27.632700444717127,positive_cross,toward_S1,2.09203414618575
2,miata,2024-03-29 20:10:14+00:00,40.289055,-88.126165,-32.003240615612114,893.0,-9.340384064925505,rs6,5.566254723594382,30.802089247278726,25.235834523684346,2,5.566254723594382,47.60117175537036,42.034917031775976,-27.632700444717127,positive_cross,toward_S1,1.919064070909352
2,miata,2024-03-29 20:10:15+00:00,40.289141,-88.126166,-41.562918262211355,894.0,-9.55967764659924,rs6,14.028363035835032,33.460071166854775,19.431708131019743,2,14.028363035835032,38.07624907942468,24.047886043589646,-27.632700444717127,positive_cross,toward_S1,1.7420330033797367
2,miata,2024-03-29 20:10:16+00:00,40.289228,-88.126168,-51.232242699230746,895.0,-9.669324437019391,rs6,23.48318499702886,28.4794759037015,4.9962909066726375,2,23.48318499702886,28.4794759037015,4.9962909066726375,-27.632700444717127,positive_cross,toward_S1,1.5629714397312293
2,miata,2024-03-29 20:10:17+00:00,40.289314,-88.126171,-60.78886025929631,896.0,-9.556617560065561,rs8,19.092126363624725,31.747787831229196,12.655661467604471,1,19.092126363624725,32.968834854911265,13.87670849128654,-78.92951005359993,positive_cross,toward_S1,1.3359379591537708
2,miata,2024-03-29 20:10:18+00:00,40.289394,-88.12617,-69.68453699017687,897.0,-8.89567673088056,rs8,10.529280756421635,27.761066199052387,17.231785442630752,1,10.529280756421635,41.791302272132995,31.26202151571136,-78.92951005359993,positive_cross,toward_S1,1.1712032048782048
2,miata,2024-03-29 20:10:19+00:00,40.289469,-88.126169,-78.0243295521188,898.0,-8.339792561941934,rs8,4.106518122807559,26.31288103624675,22.206362913439193,1,4.106518122807559,50.08634463424757,45.97982651144001,-78.92951005359993,positive_cross,toward_S1,1.0167626018792801
2,miata,2024-03-29 20:10:20+00:00,40.289532,-88.126168,-85.03000011192587,899.0,-7.005670559807072,rs8,6.735453784982476,27.108512410288824,20.37305862530635,1,6.735453784982476,57.06383427518022,50.328380490197745,-78.92951005359993,positive_cross,toward_S1,0.8870279618828528
