run_id,label,timestamp,latitude,longitude,axis_m,elapsed_s,axis_velocity_mps,nearest_sensor,nearest_sensor_distance_m,second_sensor_distance_m,sensor_margin_m,nearest_station,nearest_station_distance_m,second_station_distance_m,station_margin_m,nearest_station_axis_m,side_label,direction,lap_progress_stationized
3,miata,2024-03-29 20:10:21+00:00,40.289583,-88.126167,-90.7015486680399,0.0,0.0,rs8,11.843060377483592,29.01847334690293,17.175412969419337,1,11.843060377483592,62.71614243201082,50.87308205452723,-78.92951005359993,positive_cross,toward_S1,0.7819992849177781
3,miata,2024-03-29 20:10:22+00:00,40.289625,-88.126169,-95.36791559330126,1.0,-4.666366925261357,rs8,16.386743891615563,31.08100945773242,14.694265566116858,1,16.386743891615563,67.3886967519863,51.001952860370736,-78.92951005359993,positive_cross,toward_S1,0.6955850825981233
3,miata,2024-03-29 20:10:23+00:00,40.289661,-88.126188,-99.34121078823516,2.0,-3.973295194933897,rs8,20.667084757074228,32.13248430757781,11.465399550503584,1,20.667084757074228,71.50150498702514,50.834420229950915,-78.92951005359993,positive_cross,toward_S1,0.6220055419511994
3,miata,2024-03-29 20:10:24+00:00,40.289693,-88.126224,-102.84378791944731,3.0,-3.502577131212149,rs8,24.98771097252415,32.40485657559728,7.417145603073127,1,24.98771097252415,75.35351319300086,50.36580222047671,-78.92951005359993,positive_cross,toward_S1,0.5571430024843078
3,miata,2024-03-29 20:10:25+00:00,40.289711,-88.126273,-104.76999882291786,4.0,-1.9262109034705475,rs8,28.470373252321554,31.433804968633613,2.9634317163120585,1,28.470373252321554,77.93621603347685,49.4658427811553,-78.92951005359993,positive_cross,toward_S1,0.5214724301978162
3,miata,2024-03-29 20:10:26+00:00,40.289717,-88.126324,-105.35902763850977,5.0,-0.5890288155919166,rs10,29.84755674976721,31.200111316130187,1.3525545663629757,1,29.84755674976721,79.43451479810703,49.586958048339824,-78.92951005359993,negative_cross,toward_S1,0.5105644891683362
3,miata,2024-03-29 20:10:27+00:00,40.289707,-88.126375,-104.16922711555205,6.0,1.189800522957725,rs10,27.155636538576957,32.899053279401755,5.743416740824799,1,27.155636538576957,77.9710565482122,50.81542000963525,-78.92951005359993,negative_cross,toward_S4,0.5325978321860718
3,miata,2024-03-29 20:10:28+00:00,40.289679,-88.126422,-100.98436375969449,7.0,3.1848633558575585,rs10,23.080153822959367,33.49678319942869,10.416629376469324,1,23.080153822959367,74.32940175154653,51.24924792858716,-78.92951005359993,negative_cross,toward_S4,0.591576783220471
3,miata,2024-03-29 20:10:29+00:00,40.289635,-88.126446,-96.05586205223867,8.0,4.928501707455823,rs10,17.894253844506373,32.2264774673718,14.332223622865428,1,17.894253844506373,69.24635593780481,51.352102093298434,-78.92951005359993,negative_cross,toward_S4,0.6828453333585418
3,miata,2024-03-29 20:10:30+00:00,40.289584,-88.126454,-90.37360319602163,9.0,5.682258856217032,rs10,12.187312526996749,30.248916429281838,18.06160390228509,1,12.187312526996749,63.53499792350589,51.34768539650914,-78.92951005359993,negative_cross,toward_S4,0.7880723492144128
3,miata,2024-03-29 20:10:31+00:00,40.289525,-88.126455,-83.8126399710277,10.0,6.560963224993927,rs10,5.807625731715846,28.524251913840807,22.716626182124962,1,5.807625731715846,56.996138309112176,51.18851257739633,-78.92951005359993,negative_cross,toward_S4,0.9095716681957818
3,miata,2024-03-29 20:10:32+00:00,40.289456,-88.126454,-76.14296849631366,11.0,7.66967147471405,rs10,3.0817179159540475,28.178307674260623,25.096589758306575,1,3.0817179159540475,49.37898918777965,46.29727127182561,-78.92951005359993,negative_cross,toward_S4,1.0516026214312273
3,miata,2024-03-29 20:10:33+00:00,40.28938,-88.126454,-67.69352914313987,12.0,8.449439353173787,rs10,10.897266106232948,30.232264534727424,19.334998428494476,1,10.897266106232948,41.000395554889494,30.103129448656546,-78.92951005359993,negative_cross,toward_S4,1.2080737205640752
3,miata,2024-03-29 20:10:34+00:00,40.2893,-88.126455,-58.797852412237575,13.0,8.895676730902295,rs10,19.6925142099832,32.207357290569966,12.514843080586765,1,19.6925142099832,32.207357290569966,12.514843080586765,-78.92951005359993,negative_cross,toward_S4,1.3728084748400435
3,miata,2024-03-29 20:10:35+00:00,40.289214,-88.126455,-49.23664472355643,14.0,9.561207688681144,rs7,22.869396699535855,29.223449640010383,6.354052940474528,2,22.869396699535855,29.223449640010383,6.354052940474528,-27.632700444717127,negative_cross,toward_S4,1.599926957799272
3,miata,2024-03-29 20:10:36+00:00,40.289127,-88.126456,-39.56273015789973,15.0,9.673914565656702,rs7,13.708917068732594,31.062629035618347,17.353711966885754,2,13.708917068732594,38.87811871816689,25.169201649434292,-27.632700444717127,negative_cross,toward_S4,1.7790735238299518
3,miata,2024-03-29 20:10:37+00:00,40.289036,-88.126461,-29.437988086688897,16.0,10.124742071210832,rs7,5.843255265742693,29.18656526638888,23.343310000646184,2,5.843255265742693,48.97452971474407,43.13127444900138,-27.632700444717127,negative_cross,toward_S4,1.966568747370893
3,miata,2024-03-29 20:10:38+00:00,40.28895,-88.126468,-19.866070097093047,17.0,9.57191798959585,rs7,8.69302189224392,30.74279207615372,22.0497701839098,2,8.69302189224392,47.46387707882037,38.77085518657645,-27.632700444717127,negative_cross,toward_S4,2.1438264879189646
3,miata,2024-03-29 20:10:39+00:00,40.288863,-88.126476,-10.181445231311598,18.0,9.68462486578145,rs7,17.428387097066192,35.087310735847325,17.658923638781133,2,17.428387097066192,37.82391796987982,20.39553087281363,-27.632700444717127,negative_cross,toward_S4,2.3231713928408433
3,miata,2024-03-29 20:10:40+00:00,40.288778,-88.126484,-0.7191740329258556,19.0,9.462271198385743,rs7,26.61455420577423,28.441669027035168,1.8271148212609383,2,26.61455420577423,28.441669027035168,1.8271148212609383,-27.632700444717127,negative_cross,toward_S4,2.498398637255394
3,miata,2024-03-29 20:10:41+00:00,40.288695,-88.12649,8.51768341306693,20.0,9.236857445992786,rs5,19.419035366956145,35.74445660953436,16.325421242578216,3,19.419035366956145,35.74445660953436,16.325421242578216,26.33125891160298,negative_cross,toward_S4,2.6701189722493326
3,miata,2024-03-29 20:10:42+00:00,40.288613,-88.126496,17.643364024956004,21.0,9.125680611889074,rs5,10.87637205709715,33.670246729721065,22.793874672623915,3,10.87637205709715,44.810730568897014,33.934358511799864,26.33125891160298,negative_cross,toward_S4,2.8391130576546857
3,miata,2024-03-29 20:10:43+00:00,40.288532,-88.126508,26.667048060784225,22.0,9.023684035828222,rs5,4.632989131188496,33.58388716005172,28.95089802886322,3,4.632989131188496,53.77347743376573,49.14048830257723,26.33125891160298,negative_cross,toward_S4,3.0062183175774306
3,miata,2024-03-29 20:10:44+00:00,40.288448,-88.126521,36.025792639425546,23.0,9.358744578641321,rs5,9.714378118178361,36.038560947731206,26.324182829552846,3,9.714378118178361,45.489054995486505,35.774676877308146,26.33125891160298,negative_cross,toward_S4,3.1795284023670844
3,miata,2024-03-29 20:10:45+00:00,40.288361,-88.126531,45.71347759097246,24.0,9.687684951546913,rs5,18.9202228739767,35.778212641009674,16.857989767032972,3,18.9202228739767,35.778212641009674,16.857989767032972,26.33125891160298,negative_cross,toward_S4,3.3589299755438793
3,miata,2024-03-29 20:10:46+00:00,40.288269,-88.126534,55.946336410543275,25.0,10.232858819570815,rs2,25.5508479281551,29.06410053396681,3.513252605811708,4,25.5508479281551,29.06410053396681,3.513252605811708,80.2309515867141,negative_cross,toward_S4,3.5502849041449847
3,miata,2024-03-29 20:10:47+00:00,40.288179,-88.126533,65.95072139116571,26.0,10.00438498062244,rs2,15.59522649127971,38.08729197921536,22.492065487935648,4,15.59522649127971,39.053994922382394,23.458768431102683,80.2309515867141,negative_cross,toward_S4,3.73555129267503
3,miata,2024-03-29 20:10:48+00:00,40.288095,-88.126537,75.29569558472853,27.0,9.34497419356282,rs2,6.339200396235658,36.1372957539711,29.798095357735445,4,6.339200396235658,48.36513736547998,42.02593696924433,80.2309515867141,negative_cross,toward_S4,3.9086063703336005
3,miata,2024-03-29 20:10:49+00:00,40.288024,-88.126536,83.18772072688182,28.0,7.892025142153287,rs2,2.456795581781504,35.96039643151017,33.50360084972866,4,2.456795581781504,56.258738671844576,53.80194309006307,80.2309515867141,negative_cross,toward_S4,4.05475498407718
3,miata,2024-03-29 20:10:50+00:00,40.287966,-88.126534,89.63291698992465,29.0,6.445196263042831,rs2,8.430781346987187,36.988424140590546,28.557642793603357,4,8.430781346987187,62.71155634843212,54.28077500144493,80.2309515867141,negative_cross,toward_S4,4.174110470429825
3,miata,2024-03-29 20:10:51+00:00,40.287924,-88.126527,94.29163370080498,30.0,4.658716710880327,rs2,13.125435739313764,37.963513210930145,24.83807747161638,4,13.125435739313764,67.40375609160078,54.27832035228702,80.2309515867141,negative_cross,toward_S4,4.260383002112794
3,miata,2024-03-29 20:10:52+00:00,40.287891,-88.126492,97.90691770820277,31.0,3.61528400739779,rs2,17.43169250055682,36.91944890129101,19.48775640073419,4,17.43169250055682,71.25838528122438,53.82669278066756,80.2309515867141,negative_cross,toward_S4,4.327332705953494
3,miata,2024-03-29 20:10:53+00:00,40.287866,-88.126448,100.61901666162044,32.0,2.712098953417666,rs2,21.406584065500105,35.31668382342831,13.910099757928208,4,21.406584065500105,74.4243020116804,53.01771794618029,80.2309515867141,negative_cross,toward_S4,4.377556760646414
3,miata,2024-03-29 20:10:54+00:00,40.287855,-88.126397,101.76392964457105,33.0,1.1449129829506148,rs2,24.60008574854109,32.77235848319683,8.172272734655742,4,24.60008574854109,76.31398340791121,51.71389765937012,80.2309515867141,negative_cross,toward_S4,4.398758852923277
3,miata,2024-03-29 20:10:55+00:00,40.287853,-88.126341,101.90060091094706,34.0,0.13667126637601257,rs2,27.662418764948054,29.640866325357468,1.978447560409414,4,27.662418764948054,77.54515466538466,49.8827359004366,80.2309515867141,negative_cross,ambiguous,4.40128980230061
3,miata,2024-03-29 20:10:56+00:00,40.287862,-88.126292,100.82503730785848,35.0,-1.0755636030885825,rs1,26.300800020422006,29.893449151918976,3.5926491314969695,4,26.300800020422006,76.50291385263046,50.202113832208454,80.2309515867141,positive_cross,toward_S1,4.3813719577989705
3,miata,2024-03-29 20:10:57+00:00,40.287885,-88.126251,98.20523837661256,36.0,-2.6197989312459242,rs1,22.252982646750763,31.095271051524104,8.842288404773342,4,22.252982646750763,73.35973067672829,51.106748029977524,80.2309515867141,positive_cross,toward_S1,4.332857162775897
3,miata,2024-03-29 20:10:58+00:00,40.287921,-88.12622,94.15544103870177,37.0,-4.049797337910789,rs1,17.46548660598985,31.43341964739356,13.967933041403711,4,17.46548660598985,69.01294461352819,51.54745800753834,80.2309515867141,positive_cross,toward_S1,4.25786091577755
3,miata,2024-03-29 20:10:59+00:00,40.287969,-88.126212,88.80671268319418,38.0,-5.348728355507589,rs1,12.721871270672365,30.241082456238153,17.519211185565787,4,12.721871270672365,63.631228791815914,50.90935752114355,80.2309515867141,positive_cross,toward_S1,4.158810390675557
3,miata,2024-03-29 20:11:00+00:00,40.288016,-88.126206,83.5722212467658,39.0,-5.234491436428371,rs1,8.953298856954506,29.822541991735108,20.869243134780604,4,8.953298856954506,58.38265349508364,49.42935463812913,80.2309515867141,positive_cross,toward_S1,4.061875364075032
3,miata,2024-03-29 20:11:01+00:00,40.288073,-88.126198,77.22290138908636,40.0,-6.349319857679447,rs1,7.365692412222216,30.60481062047829,23.239118208256073,4,7.365692412222216,52.00976080057253,44.64406838835031,80.2309515867141,positive_cross,toward_S1,3.9442953667105973
3,miata,2024-03-29 20:11:02+00:00,40.288139,-88.126196,69.88217028565451,41.0,-7.34073110343185,rs1,11.576256880209845,32.479770101520124,20.903513221310277,4,11.576256880209845,44.725591314797356,33.14933443458751,80.2309515867141,positive_cross,toward_S1,3.80835590183223
3,miata,2024-03-29 20:11:03+00:00,40.288212,-88.126194,61.76320134746821,42.0,-8.118968938186299,rs1,18.656555210835307,36.19743005218436,17.54087484134905,4,18.656555210835307,36.69953347919578,18.04297826836047,80.2309515867141,positive_cross,toward_S1,3.6580046251991503
3,miata,2024-03-29 20:11:04+00:00,40.288291,-88.126192,52.97717140781951,43.0,-8.7860299396487,rs1,26.99113765040347,28.078940614941143,1.0878029645376728,4,26.99113765040347,28.078940614941143,1.0878029645376728,80.2309515867141,positive_cross,toward_S1,3.495300367057508
3,miata,2024-03-29 20:11:05+00:00,40.288373,-88.126185,43.849960753058575,44.0,-9.127210654760937,rs3,19.153154977111367,35.79967601683145,16.64652103972008,3,19.153154977111367,35.79967601683145,16.64652103972008,26.33125891160298,positive_cross,toward_S1,3.3244204044714
3,miata,2024-03-29 20:11:06+00:00,40.288454,-88.126176,34.83086684584593,45.0,-9.019093907212643,rs3,10.605903085125837,33.84734486225775,23.24144177713191,3,10.605903085125837,44.610662379286474,34.004759294160635,26.33125891160298,positive_cross,toward_S1,3.157400146930425
3,miata,2024-03-29 20:11:07+00:00,40.288537,-88.12617,25.594009400643102,46.0,-9.23685744520283,rs3,4.905198201516485,33.3116850779196,28.406486876403115,3,4.905198201516485,53.7421708853574,48.83697268384092,26.33125891160298,positive_cross,toward_S1,2.9863472312785206
3,miata,2024-03-29 20:11:08+00:00,40.288623,-88.126166,16.026681539662828,47.0,-9.567327860980274,rs3,10.699232872457982,35.214412795751876,24.515179923293893,3,10.699232872457982,44.39168481596417,33.692451943506185,26.33125891160298,positive_cross,toward_S1,2.8091744931122196
3,miata,2024-03-29 20:11:09+00:00,40.288709,-88.126167,6.467003893853543,48.0,-9.559677645809284,rs3,19.79589731034512,34.888548793883864,15.092651483538745,3,19.79589731034512,34.888548793883864,15.092651483538745,26.33125891160298,positive_cross,toward_S1,2.6321434255972327
3,miata,2024-03-29 20:11:10+00:00,40.288796,-88.126168,-3.2038505860377042,49.0,-9.670854479891247,rs6,25.32283625761712,29.303803068412176,3.9809668107950564,2,25.32283625761712,29.303803068412176,3.9809668107950564,-27.632700444717127,positive_cross,toward_S1,2.4523861084940632
3,miata,2024-03-29 20:11:11+00:00,40.288885,-88.126168,-13.09858877624001,50.0,-9.894738190202306,rs6,15.65534388580071,33.524029025583765,17.868685139783054,2,15.65534388580071,39.10562155426487,23.45027766846416,-27.632700444717127,positive_cross,toward_S1,2.2691502160829096
3,miata,2024-03-29 20:11:12+00:00,40.288973,-88.126169,-22.880620089466753,51.0,-9.782031313226742,rs6,6.841994122310722,30.509537065951914,23.66754294364119,2,6.841994122310722,48.84422348392149,42.002229361610766,-27.632700444717127,positive_cross,toward_S1,2.088001488060192
3,miata,2024-03-29 20:11:13+00:00,40.289061,-88.126171,-32.661121359821635,52.0,-9.780501270354883,rs6,6.396767064879284,30.40280883254026,24.006041767660975,2,6.396767064879284,46.976497093876034,40.57973002899675,-27.632700444717127,positive_cross,toward_S1,1.9068810941647314
3,miata,2024-03-29 20:11:14+00:00,40.289146,-88.126171,-42.11115221597899,53.0,-9.450030856157355,rs6,14.686318396217995,33.31403482564749,18.627716429429494,2,14.686318396217995,37.56568421731677,22.879365821098776,-27.632700444717127,positive_cross,toward_S1,1.7318805227544098
3,miata,2024-03-29 20:11:15+00:00,40.289234,-88.12617,-51.89624361494944,54.0,-9.78509139897045,rs6,24.17032648215201,27.841606924839507,3.6712804426874968,2,24.17032648215201,27.841606924839507,3.6712804426874968,-27.632700444717127,positive_cross,toward_S1,1.5506751264771794
3,miata,2024-03-29 20:11:16+00:00,40.289322,-88.126171,-61.67827492817619,55.0,-9.782031313226746,rs8,18.22324301567458,31.25104018559548,13.027797169920898,1,18.22324301567458,33.85042463439576,15.627181618721178,-78.92951005359993,positive_cross,toward_S1,1.3194673171374767
3,miata,2024-03-29 20:11:17+00:00,40.289407,-88.126172,-71.12677574067172,56.0,-9.448500812495531,rs8,9.277934678046892,27.156794467308245,17.878859789261355,1,9.277934678046892,43.24709336798223,33.96915868993534,-78.92951005359993,positive_cross,toward_S1,1.144495079869041
3,miata,2024-03-29 20:11:18+00:00,40.289487,-88.126172,-80.02092242868042,57.0,-8.894146688008703,rs8,4.146885280577597,26.074698718221605,21.92781343764401,1,4.146885280577597,52.103036988102126,47.956151707524526,-78.92951005359993,positive_cross,toward_S1,0.9797886597207316
3,miata,2024-03-29 20:11:19+00:00,40.289551,-88.126171,-87.13776982180121,58.0,-7.116847393120793,rs8,8.684137061806776,27.427165697298662,18.743028635491886,1,8.684137061806776,59.19034290743693,50.50620584563015,-78.92951005359993,positive_cross,toward_S1,0.847995189477754
3,miata,2024-03-29 20:11:20+00:00,40.2896,-88.12617,-92.58696471047607,59.0,-5.449194888674853,rs8,13.723692311167346,29.617587435932535,15.893895124765189,1,13.723692311167346,64.61989875633398,50.896206445166634,-78.92951005359993,positive_cross,toward_S1,0.7470841730208122
3,miata,2024-03-29 20:11:21+00:00,40.289643,-88.126174,-97.36144838330745,60.0,-4.77448367283138,rs8,18.43252853976311,31.846790491956288,13.41426195219318,1,18.43252853976311,69.41464778324426,50.98211924348115,-78.92951005359993,positive_cross,toward_S1,0.65866780870912
3,miata,2024-03-29 20:11:22+00:00,40.289679,-88.126205,-101.31638306373557,61.0,-3.9549346804281242,rs8,22.99538511989368,32.39930248441338,9.403917364519703,1,22.99538511989368,73.62802008441031,50.632634964516626,-78.92951005359993,positive_cross,toward_S1,0.5854282775900806
3,miata,2024-03-29 20:11:23+00:00,40.289701,-88.126257,-103.68271117342545,62.0,-2.3663281096898743,rs8,26.87971556707993,31.312837626175156,4.433122059095226,1,26.87971556707993,76.61896698758142,49.73925142050149,-78.92951005359993,positive_cross,toward_S1,0.5416073866698978
3,miata,2024-03-29 20:11:24+00:00,40.289708,-88.126311,-104.37832669290385,63.0,-0.6956155194784088,rs10,29.46963386753513,29.76214387127268,0.29251000373755076,1,29.46963386753513,78.21963388188286,48.75000001434773,-78.92951005359993,negative_cross,toward_S1,0.5287256177906681
3,miata,2024-03-29 20:11:25+00:00,40.289706,-88.126367,-104.0702906252349,64.0,0.30803606766895086,rs10,27.279411563010058,32.37738285362121,5.097971290611149,1,27.279411563010058,77.97460680043324,50.69519523742318,-78.92951005359993,negative_cross,ambiguous,0.5344299894141671
3,miata,2024-03-29 20:11:26+00:00,40.289691,-88.126417,-102.32613597700033,65.0,1.74415464823457,rs10,24.474499771873436,34.07443927614048,9.599939504267045,1,24.474499771873436,75.7049871443713,51.23048737249786,-78.92951005359993,negative_cross,toward_S4,0.5667291495666591
3,miata,2024-03-29 20:11:27+00:00,40.289658,-88.126452,-98.60374896831162,66.0,3.722387008688713,rs10,20.361340245448094,34.06435620340049,13.703015957952399,1,20.361340245448094,71.74786862822455,51.38652838277646,-78.92951005359993,negative_cross,toward_S4,0.6356622423201539
3,miata,2024-03-29 20:11:28+00:00,40.289609,-88.126466,-93.13466352146918,67.0,5.469085446842442,rs10,14.823071484454823,32.311933869127465,17.488862384672643,1,14.823071484454823,66.22006974856869,51.39699826411387,-78.92951005359993,negative_cross,toward_S4,0.7369416024468657
3,miata,2024-03-29 20:11:29+00:00,40.289551,-88.126461,-86.69405738783186,68.0,6.440606133637317,rs10,8.469670401731657,29.642390330409423,21.172719928677765,1,8.469670401731657,59.8254940331916,51.35582363145995,-78.92951005359993,negative_cross,toward_S4,0.8562120864031123
3,miata,2024-03-29 20:11:30+00:00,40.289485,-88.126457,-79.36250654167462,69.0,7.331550846157242,rs10,2.1127810440195254,28.288566002498857,26.175784958479333,1,2.1127810440195254,52.554117147734,50.44133610371447,-78.92951005359993,negative_cross,toward_S4,0.9919815465171353
3,miata,2024-03-29 20:11:31+00:00,40.289408,-88.126456,-70.80342039805896,70.0,8.559086143615659,rs10,7.821834584442366,29.371826469399878,21.549991884957514,1,7.821834584442366,44.061294705233664,36.2394601207913,-78.92951005359993,negative_cross,toward_S4,1.1504831417692771
3,miata,2024-03-29 20:11:32+00:00,40.289321,-88.126456,-61.13103587527411,71.0,9.672384522784853,rs10,17.361219402535493,33.39469877869015,16.033479376154656,1,17.361219402535493,34.49213958172177,17.13092017918628,-78.92951005359993,negative_cross,toward_S4,1.3296013736727004
3,miata,2024-03-29 20:11:33+00:00,40.28923,-88.126455,-51.01547406131616,72.0,10.115561813957946,rs7,24.593454804021945,27.448433455247905,2.8549786512259594,2,24.593454804021945,27.448433455247905,2.8549786512259594,-27.632700444717127,negative_cross,toward_S4,1.5669856737666845
3,miata,2024-03-29 20:11:34+00:00,40.28914,-88.126457,-41.0064989520564,73.0,10.008975109259765,rs7,14.999259799605419,31.719785348046056,16.720525548440637,2,14.999259799605419,37.429742313184335,22.430482513578916,-27.632700444717127,negative_cross,toward_S4,1.7523370646789025
3,miata,2024-03-29 20:11:35+00:00,40.289051,-88.12646,-31.107170633238518,74.0,9.89932831881788,rs7,6.747461985664778,29.248797337200447,22.50133535153567,2,6.747461985664778,47.30978938998187,40.562327404317095,-27.632700444717127,negative_cross,toward_S4,1.9356579594718262
3,miata,2024-03-29 20:11:36+00:00,40.288964,-88.126464,-21.428665938944498,75.0,9.67850469429402,rs7,7.663614688308215,30.051531214960796,22.38791652665258,2,7.663614688308215,49.05604766139589,41.39243297308767,-27.632700444717127,negative_cross,toward_S4,2.1148895278846784
3,miata,2024-03-29 20:11:37+00:00,40.288879,-88.126469,-11.970984869196073,76.0,9.457681069748425,rs7,15.869566938100617,33.707700466996876,17.838133528896257,2,15.869566938100617,39.68566245030489,23.81609551220427,-27.632700444717127,negative_cross,toward_S4,2.2900317699170567
3,miata,2024-03-29 20:11:38+00:00,40.288795,-88.126476,-2.6214205470176815,77.0,9.349564322178392,rs7,24.843466532302514,30.4396585522564,5.596192019953886,2,24.843466532302514,30.4396585522564,5.596192019953886,-27.632700444717127,negative_cross,toward_S4,2.463171849957397
3,miata,2024-03-29 20:11:39+00:00,40.288713,-88.126484,6.507320150636855,78.0,9.128740697654536,rs5,21.47979676313665,33.797122034592114,12.317325271455463,3,21.47979676313665,33.797122034592114,12.317325271455463,26.33125891160298,negative_cross,toward_S4,2.632890022945072
3,miata,2024-03-29 20:11:40+00:00,40.288634,-88.126493,15.304060390410301,79.0,8.796740239773445,rs5,13.0432449479259,34.09747961052858,21.05423466260268,3,13.0432449479259,42.493663965115026,29.450419017189127,26.33125891160298,negative_cross,toward_S4,2.7957926199779135
3,miata,2024-03-29 20:11:41+00:00,40.288553,-88.126501,24.32162425475109,80.0,9.017563864340788,rs5,5.840919883075633,33.04118066755268,27.20026078447705,3,5.840919883075633,51.45792393054111,45.61700404746547,26.33125891160298,negative_cross,toward_S4,2.9627845433916318
3,miata,2024-03-29 20:11:42+00:00,40.288472,-88.126509,33.33918811907013,81.0,9.01756386431904,rs5,7.833518664787195,34.41015564376496,26.576636978977763,3,7.833518664787195,48.2267501163277,40.39323145154051,26.33125891160298,negative_cross,toward_S4,3.1297764668049473
3,miata,2024-03-29 20:11:43+00:00,40.288391,-88.126517,42.356751983410916,82.0,9.017563864340786,rs5,15.870389120432797,37.94279501869157,22.072405898258772,3,15.870389120432797,39.19221956329621,23.321830442863416,26.33125891160298,negative_cross,toward_S4,3.2967683902186655
3,miata,2024-03-29 20:11:44+00:00,40.288306,-88.126521,51.81290301026574,83.0,9.456151026854826,rs5,25.096190852003463,29.746772706091747,4.6505818540882835,3,25.096190852003463,29.746772706091747,4.6505818540882835,26.33125891160298,negative_cross,toward_S4,3.4718822981233846
3,miata,2024-03-29 20:11:45+00:00,40.288221,-88.126521,61.26293386563314,84.0,9.450030855367395,rs2,20.362039909968008,34.48243976720822,14.120399857240212,4,20.362039909968008,34.48243976720822,14.120399857240212,80.2309515867141,negative_cross,toward_S4,3.648740412572575
3,miata,2024-03-29 20:11:46+00:00,40.288139,-88.126523,70.3824943060348,85.0,9.119560440401663,rs2,11.374659940331517,35.90030176467981,24.52564182434829,4,11.374659940331517,43.55189740459759,32.17723746426607,80.2309515867141,negative_cross,toward_S4,3.8176211614689017
3,miata,2024-03-29 20:11:47+00:00,40.288066,-88.126523,78.49840315847737,86.0,8.115908852442573,rs2,4.0390803855229,34.70305969729018,30.663979311767278,4,4.0390803855229,51.65112485251344,47.61204446699054,80.2309515867141,negative_cross,toward_S4,3.967915769847468
3,miata,2024-03-29 20:11:48+00:00,40.287999,-88.126495,85.90440980893678,87.0,7.406006650459403,rs2,6.896975157591586,32.91828896496051,26.021313807368923,4,6.896975157591586,59.27177414451632,52.37479898692474,80.2309515867141,negative_cross,toward_S4,4.105064041152271
3,miata,2024-03-29 20:11:49+00:00,40.287956,-88.126518,90.72020463941705,88.0,4.815794830480272,rs2,9.875908268410114,36.009946348676955,26.13403808026684,4,9.875908268410114,63.88884095384975,54.01293268543964,80.2309515867141,negative_cross,toward_S4,4.194245426901906
3,miata,2024-03-29 20:11:50+00:00,40.287915,-88.126514,95.27233464562096,89.0,4.55213000620391,rs2,14.344025385086262,37.35658721752253,23.01256183243627,4,14.344025385086262,68.46124177916637,54.11721639408011,80.2309515867141,negative_cross,toward_S4,4.278544130720498
3,miata,2024-03-29 20:11:51+00:00,40.287887,-88.126456,98.29654349952035,90.0,3.0242088538993954,rs2,19.009215036145385,34.540743391059856,15.531528354914471,4,19.009215036145385,72.0208759076099,53.01166087146452,80.2309515867141,negative_cross,toward_S4,4.334547998385301
3,miata,2024-03-29 20:11:52+00:00,40.287868,-88.126406,100.33240119343273,91.0,2.0358576939123765,rs2,22.972792243147293,32.38500397403422,9.412211730886927,4,22.972792243147293,74.75379845893391,51.78100621578662,80.2309515867141,negative_cross,toward_S4,4.372249066791086
3,miata,2024-03-29 20:11:53+00:00,40.287858,-88.126346,101.35236695717943,92.0,1.019965763746697,rs2,26.964656746753313,29.50118184931306,2.5365251025597466,4,26.964656746753313,76.90329129949674,49.93863455274343,80.2309515867141,negative_cross,toward_S4,4.391137321675284
3,miata,2024-03-29 20:11:54+00:00,40.287862,-88.126292,100.82503730785848,93.0,-0.5273296493209472,rs1,26.300800020422006,29.893449151918976,3.5926491314969695,4,26.300800020422006,76.50291385263046,50.202113832208454,80.2309515867141,positive_cross,toward_S1,4.3813719577989705
3,miata,2024-03-29 20:11:55+00:00,40.287882,-88.126244,98.52805857721899,94.0,-2.296978730639495,rs1,22.238332845824154,31.774604647988113,9.53627180216396,4,22.238332845824154,73.59652468474934,51.35819183892519,80.2309515867141,positive_cross,toward_S1,4.338835314638979
3,miata,2024-03-29 20:11:56+00:00,40.287917,-88.126211,94.58637798685653,95.0,-3.941680590362452,rs1,17.477035242409887,32.31343261129762,14.836397368887734,4,17.477035242409887,69.35752657670665,51.880491334296764,80.2309515867141,positive_cross,toward_S1,4.265841229632267
3,miata,2024-03-29 20:11:57+00:00,40.287964,-88.126208,89.35647667906545,96.0,-5.229901307791081,rs1,12.936935376492448,30.717011952844015,17.78007657635157,4,12.936935376492448,64.13856703098085,51.2016316544884,80.2309515867141,positive_cross,toward_S1,4.1689912054139135
3,miata,2024-03-29 20:11:58+00:00,40.28801,-88.126201,84.2316320338472,97.0,-5.124844645218246,rs1,8.948317188468412,30.31104380969481,21.362726621226397,4,8.948317188468412,58.988171247798235,50.039854059329826,80.2309515867141,positive_cross,toward_S1,4.074086674946909
3,miata,2024-03-29 20:11:59+00:00,40.288067,-88.126188,77.87466196178671,98.0,-6.356970072060491,rs1,6.386370304052515,31.376126314276874,24.989756010224358,4,6.386370304052515,52.56008831893083,46.17371801487832,80.2309515867141,positive_cross,toward_S1,3.956365006945789
3,miata,2024-03-29 20:12:00+00:00,40.288132,-88.126184,70.64204760671485,99.0,-7.23261435507186,rs1,10.3485781108533,33.19075783299854,22.842179722145243,4,10.3485781108533,45.346483041437196,34.9979049305839,80.2309515867141,positive_cross,toward_S1,3.822427704074088
3,miata,2024-03-29 20:12:01+00:00,40.288204,-88.126184,62.637315587586,100.0,-8.004732019128852,rs1,17.525746389407836,36.4668517817874,18.941105392379562,4,17.525746389407836,37.42624203854707,19.900495649139238,80.2309515867141,positive_cross,toward_S1,3.6741919259420723
3,miata,2024-03-29 20:12:02+00:00,40.28828,-88.126183,54.18634619154037,101.0,-8.450969396045629,rs1,25.62185681848076,29.100660436152896,3.478803617672135,4,25.62185681848076,29.100660436152896,3.478803617672135,80.2309515867141,positive_cross,toward_S1,3.517692492681968
3,miata,2024-03-29 20:12:03+00:00,40.28836,-88.126181,45.289139418577925,102.0,-8.897206772962448,rs3,20.42759168740873,34.31741240138638,13.889820713977649,3,20.42759168740873,34.31741240138638,13.889820713977649,26.33125891160298,positive_cross,toward_S1,3.3510718612402766
3,miata,2024-03-29 20:12:04+00:00,40.288444,-88.126182,35.951815439396135,103.0,-9.33732397918179,rs3,11.822921197123069,33.651285577222026,21.828364380098957,3,11.822921197123069,43.57058710626922,31.747665909146153,26.33125891160298,positive_cross,toward_S1,3.1781584542183916
3,miata,2024-03-29 20:12:05+00:00,40.288528,-88.126179,26.608371288705175,104.0,-9.34344415069096,rs3,5.736951819768332,32.537743826743935,26.800792006975602,3,5.736951819768332,52.81911265308191,47.08216083331358,26.33125891160298,positive_cross,toward_S1,3.0051317106870776
3,miata,2024-03-29 20:12:06+00:00,40.288619,-88.126176,16.486689303259805,105.0,-10.12168198544537,rs3,10.701699542474119,34.27281843287021,23.571118890396093,3,10.701699542474119,44.92035452501097,34.218654982536854,26.33125891160298,positive_cross,toward_S1,2.8176931554010523
3,miata,2024-03-29 20:12:07+00:00,40.28871,-88.126172,6.363477274130869,106.0,-10.123212029128936,rs3,20.007374779859685,34.8317998354,14.824425055540313,3,20.007374779859685,34.8317998354,14.824425055540313,26.33125891160298,positive_cross,toward_S1,2.6302262659727385
3,miata,2024-03-29 20:12:08+00:00,40.288802,-88.126169,-3.869381544628256,107.0,-10.232858818759125,rs6,24.680169213096747,29.97611092094973,5.2959417078529825,2,24.680169213096747,29.97611092094973,5.2959417078529825,-27.632700444717127,positive_cross,toward_S1,2.440061461112757
3,miata,2024-03-29 20:12:09+00:00,40.288898,-88.126169,-14.542357570396677,108.0,-10.67297602576842,rs6,14.295502824717769,32.84687675767948,18.551373932961713,2,14.295502824717769,40.551301879278476,26.255799054560708,-27.632700444717127,positive_cross,toward_S1,2.2424137569318603
3,miata,2024-03-29 20:12:10+00:00,40.288991,-88.126168,-24.883333137515795,109.0,-10.340975567119118,rs6,5.383122757012302,30.350011281889717,24.966888524877415,2,5.383122757012302,50.82894069335017,45.44581793633787,-27.632700444717127,positive_cross,toward_S1,2.050914209392617
3,miata,2024-03-29 20:12:11+00:00,40.289079,-88.126168,-34.66689449361439,110.0,-9.783561356098598,rs6,7.795336904296878,31.048603251449645,23.253266347152767,2,7.795336904296878,44.960058387108056,37.164721482811174,-27.632700444717127,positive_cross,toward_S1,1.8697371472426432
3,miata,2024-03-29 20:12:12+00:00,40.289166,-88.126169,-44.33774897352738,111.0,-9.67085447991299,rs6,16.771437506759163,34.4913276586353,17.719890151876136,2,16.771437506759163,35.33584394916534,18.564406442406174,-27.632700444717127,positive_cross,toward_S1,1.6906472494664768
3,miata,2024-03-29 20:12:13+00:00,40.28925,-88.126168,-53.678133038452884,112.0,-9.340384064925502,rs6,25.893089361322655,26.056006575040627,0.16291721371797152,2,25.893089361322655,26.056006575040627,0.16291721371797152,-27.632700444717127,positive_cross,toward_S1,1.5176771741900785
3,miata,2024-03-29 20:12:14+00:00,40.289337,-88.126168,-63.35051756123774,113.0,-9.672384522784853,rs8,16.540245961138297,30.587340737055534,14.047094775917238,1,16.540245961138297,35.47293013326926,18.932684172130962,-78.92951005359993,positive_cross,toward_S1,1.28849986096967
3,miata,2024-03-29 20:12:15+00:00,40.289418,-88.126168,-72.35584108177022,114.0,-9.005323520532485,rs8,8.034103809724733,27.165701560910758,19.131597751186025,1,8.034103809724733,44.42984231336323,36.3957385036385,-78.92951005359993,positive_cross,toward_S1,1.121734610589439
3,miata,2024-03-29 20:12:16+00:00,40.289488,-88.126166,-80.14127951924705,115.0,-7.785438437476827,rs8,3.662803418574035,26.588515399583493,22.925711981009457,1,3.662803418574035,52.17129355601502,48.50849013744099,-78.92951005359993,positive_cross,toward_S1,0.9775598247102385
3,miata,2024-03-29 20:12:17+00:00,40.289543,-88.126166,-86.2560053673024,116.0,-6.114725848055343,rs8,7.699124937069027,27.578357245637264,19.879232308568238,1,7.699124937069027,58.27175291520957,50.57262797814054,-78.92951005359993,positive_cross,toward_S1,0.8643241608573617
3,miata,2024-03-29 20:12:18+00:00,40.289588,-88.126166,-91.25896287906042,117.0,-5.0029575117580265,rs8,12.347854618323243,29.32754324616303,16.97968862783979,1,12.347854618323243,63.265478327853394,50.91762370953015,-78.92951005359993,positive_cross,toward_S1,0.7716767995285094
3,miata,2024-03-29 20:12:19+00:00,40.289625,-88.126181,-95.34955507879548,118.0,-4.090592199735056,rs8,16.655480052877845,30.22435155322724,13.568871500349395,1,16.655480052877845,67.4622315962861,50.806751543408254,-78.92951005359993,positive_cross,toward_S1,0.6959250921260083
3,miata,2024-03-29 20:12:20+00:00,40.289653,-88.126214,-98.41201500457828,119.0,-3.062459925782804,rs8,20.528523577932344,29.876958997234983,9.348435419302639,1,20.528523577932344,70.83553670184462,50.30701312391227,-78.92951005359993,positive_cross,toward_S1,0.6392128712781786
3,miata,2024-03-29 20:12:21+00:00,40.289674,-88.126264,-100.67022636590814,120.0,-2.258211361329856,rs8,24.47237647399199,28.58756730902411,4.11519083503212,1,24.47237647399199,73.75100410503872,49.27862763104673,-78.92951005359993,positive_cross,toward_S1,0.5973941423646628
3,miata,2024-03-29 20:12:22+00:00,40.289681,-88.126322,-101.35972171468907,121.0,-0.6894953487809374,rs10,26.39742168615988,27.825142085535045,1.4277203993751648,1,26.39742168615988,75.49487718670402,49.097455500544136,-78.92951005359993,negative_cross,toward_S1,0.5846257099798307
3,miata,2024-03-29 20:12:23+00:00,40.289678,-88.126374,-100.9466289844256,122.0,0.4130927302634717,rs10,24.159022960788825,30.455724782292112,6.296701821503287,1,24.159022960788825,74.80459453146244,50.64557157067362,-78.92951005359993,negative_cross,ambiguous,0.5922755753550801
3,miata,2024-03-29 20:12:24+00:00,40.289659,-88.126424,-98.75776700214608,123.0,2.1888619822795192,rs10,20.87161174343734,32.21830051302059,11.346688769583245,1,20.87161174343734,72.10033663960077,51.22872489616343,-78.92951005359993,negative_cross,toward_S4,0.6328100565084045
3,miata,2024-03-29 20:12:25+00:00,40.289622,-88.126452,-94.60138295874721,124.0,4.156384043398873,rs10,16.38880565555708,31.929089083508533,15.540283427951454,1,16.38880565555708,67.7592460487785,51.370440393221415,-78.92951005359993,negative_cross,toward_S4,0.7097801313861614
3,miata,2024-03-29 20:12:26+00:00,40.289574,-88.12646,-89.25265460326136,125.0,5.3487283554858465,rs10,11.007730903211145,30.327308555800403,19.31957765258926,1,11.007730903211145,62.38115633919176,51.373425435980614,-78.92951005359993,negative_cross,toward_S4,0.8088306564877512
3,miata,2024-03-29 20:12:27+00:00,40.289523,-88.126452,-83.59487643303754,126.0,5.657778170223821,rs10,5.69732348158682,28.23644190642445,22.53911842483763,1,5.69732348158682,56.8017998323662,51.10447635077938,-78.92951005359993,negative_cross,toward_S4,0.9136043263067108
3,miata,2024-03-29 20:12:28+00:00,40.289457,-88.12645,-76.26026550111483,127.0,7.334610931922711,rs10,3.2506668793908093,27.829480625332142,24.578813745941332,1,3.2506668793908093,49.53144917510456,46.280782295713756,-78.92951005359993,negative_cross,toward_S4,1.0494304546756499
3,miata,2024-03-29 20:12:29+00:00,40.289383,-88.126451,-68.03164977248667,128.0,8.228615728628156,rs10,10.624169110754334,29.87205804667064,19.247888935916308,1,10.624169110754334,41.36805106936202,30.743881958607684,-78.92951005359993,negative_cross,toward_S4,1.2018122274280232
3,miata,2024-03-29 20:12:30+00:00,40.289301,-88.126451,-58.91514941785046,129.0,9.116500354636216,rs10,19.620079981032305,32.380184160292636,12.760104179260331,1,19.620079981032305,32.380184160292636,12.760104179260331,-78.92951005359993,negative_cross,toward_S4,1.3706363080694346
3,miata,2024-03-29 20:12:31+00:00,40.289219,-88.126452,-49.79711902034242,130.0,9.118030397508036,rs7,23.472498194620155,28.687897092526853,5.215398897906699,2,23.472498194620155,28.687897092526853,5.215398897906699,-27.632700444717127,negative_cross,toward_S4,1.589547804155087
3,miata,2024-03-29 20:12:32+00:00,40.289133,-88.126452,-40.23591133087131,131.0,9.56120768947111,rs7,14.457197470407825,31.012669056995424,16.5554715865876,2,14.457197470407825,38.23044958640167,23.77325211599384,-27.632700444717127,negative_cross,toward_S4,1.7666072058119595
3,miata,2024-03-29 20:12:33+00:00,40.289048,-88.126458,-30.77670021825103,132.0,9.459211112620281,rs7,6.698495376432421,29.04310945432485,22.34461407789243,2,6.698495376432421,47.6493190613199,40.95082368488748,-27.632700444717127,negative_cross,toward_S4,1.9417777819715945
3,miata,2024-03-29 20:12:34+00:00,40.288966,-88.126465,-21.6494895634901,133.0,9.12721065476093,rs7,7.441839192932996,30.088987746016702,22.647148553083706,2,7.441839192932996,49.26094488067264,41.81910568773964,-27.632700444717127,negative_cross,toward_S4,2.110800201504204
3,miata,2024-03-29 20:12:35+00:00,40.288885,-88.126472,-12.633455742021166,134.0,9.016033821468934,rs7,15.156860411734362,33.628921722651086,18.47206131091672,2,15.156860411734362,40.290492185933736,25.133631774199372,-27.632700444717127,negative_cross,toward_S4,2.277763790790666
3,miata,2024-03-29 20:12:36+00:00,40.288805,-88.126481,-3.725538668933971,135.0,8.907917073087194,rs7,23.677630703234552,31.42418925314642,7.746558549911867,2,23.677630703234552,31.42418925314642,7.746558549911867,-27.632700444717127,negative_cross,toward_S4,2.4427252180700583
3,miata,2024-03-29 20:12:37+00:00,40.288725,-88.126489,5.1808483620930685,136.0,8.90638703102704,rs5,22.63195254106683,32.42760730922341,9.79565476815658,3,22.63195254106683,32.42760730922341,9.79565476815658,26.33125891160298,negative_cross,toward_S4,2.6083257305646312
3,miata,2024-03-29 20:12:38+00:00,40.288645,-88.126491,14.078055135055514,137.0,8.897206772962445,rs5,14.21695927961433,34.349259819471285,20.132300539856956,3,14.21695927961433,41.283901744347176,27.066942464732847,26.33125891160298,negative_cross,toward_S4,2.7730888189528247
3,miata,2024-03-29 20:12:39+00:00,40.288564,-88.126497,23.092558913630846,138.0,9.014503778575332,rs5,6.759675779954777,32.79586273788007,26.036186957925295,3,6.759675779954777,50.24985835052757,43.49018257057279,26.33125891160298,negative_cross,toward_S4,2.9400240741116273
3,miata,2024-03-29 20:12:40+00:00,40.288484,-88.12651,32.00659615901717,139.0,8.914037245386325,rs5,6.733479670086721,34.242628255480625,27.509148585393902,3,6.733479670086721,49.55023026871244,42.81675059862572,26.33125891160298,negative_cross,toward_S4,3.1050988379150777
3,miata,2024-03-29 20:12:41+00:00,40.288402,-88.12652,41.13839694241542,140.0,9.131800783398248,rs5,14.621821714536292,37.67275146025625,23.05092974571996,3,14.621821714536292,40.39135331352702,25.769531598990728,26.33125891160298,negative_cross,toward_S4,3.27420625982986
3,miata,2024-03-29 20:12:42+00:00,40.288317,-88.126526,50.59760805503571,141.0,9.459211112620288,rs5,23.826579392656168,30.92644142794386,7.099862035287693,3,23.826579392656168,30.92644142794386,7.099862035287693,26.33125891160298,negative_cross,toward_S4,3.449376835989495
3,miata,2024-03-29 20:12:43+00:00,40.288229,-88.126528,60.38422949687802,142.0,9.786621441842314,rs2,21.167591077024284,33.540362622192596,12.372771545168312,4,21.167591077024284,33.540362622192596,12.372771545168312,80.2309515867141,negative_cross,toward_S4,3.63246810944748
3,miata,2024-03-29 20:12:44+00:00,40.288147,-88.126528,69.5007298515142,143.0,9.116500354636173,rs2,12.148574131468273,36.54749002148096,24.398915890012688,4,12.148574131468273,42.63355525263635,30.484981121168076,80.2309515867141,negative_cross,toward_S4,3.8012921900888905
3,miata,2024-03-29 20:12:45+00:00,40.288072,-88.126531,77.84358250001155,144.0,8.342852648497356,rs2,4.157236972508461,35.4093371223071,31.25210014979864,4,4.157236972508461,50.94507867619245,46.787841703683995,80.2309515867141,negative_cross,toward_S4,3.95578946135736
3,miata,2024-03-29 20:12:46+00:00,40.287992,-88.126498,86.68723777232853,145.0,8.84365527231698,rs2,7.258380841869847,33.324949453505035,26.066568611635187,4,7.258380841869847,60.02302183278247,52.764640990912625,80.2309515867141,negative_cross,toward_S4,4.119560855289156
3,miata,2024-03-29 20:12:47+00:00,40.287949,-88.126519,91.49997251785504,146.0,4.812734745526512,rs2,10.589134101051966,36.33746143752685,25.74832733647488,4,10.589134101051966,64.66118289760148,54.07204879654951,80.2309515867141,negative_cross,toward_S4,4.208685572798906
3,miata,2024-03-29 20:12:48+00:00,40.287902,-88.126491,96.68244249571983,147.0,5.182469977864784,rs2,16.302299483272687,36.253059494493,19.950760011220314,4,16.302299483272687,70.04658555684003,53.74428607356734,80.2309515867141,negative_cross,toward_S4,4.304657239055661
3,miata,2024-03-29 20:12:49+00:00,40.287872,-88.126452,99.95807583166717,148.0,3.2756333359473473,rs2,20.65818706953624,35.19786146281917,14.53967439328293,4,20.65818706953624,73.7187767994221,53.06058972988586,80.2309515867141,negative_cross,toward_S4,4.365317115647279
3,miata,2024-03-29 20:12:50+00:00,40.287852,-88.126403,102.10664040255514,149.0,2.14856457088797,rs2,24.60723609342967,33.372508406218465,8.765272312788795,4,24.60723609342967,76.55036039651749,51.94312430308782,80.2309515867141,negative_cross,toward_S4,4.4051053484415
3,miata,2024-03-29 20:12:51+00:00,40.287846,-88.126346,102.68648896010427,150.0,0.579848557549127,rs2,27.9800354023617,30.50902501057069,2.528989608208988,4,27.9800354023617,78.2000249857433,50.2199895833816,80.2309515867141,negative_cross,toward_S4,4.415843284692411
3,miata,2024-03-29 20:12:52+00:00,40.287852,-88.126293,101.93833568623769,151.0,-0.7481532738665777,rs1,27.26651135071655,30.579037639398095,3.3125262886815463,4,27.26651135071655,77.60988251896785,50.3433711682513,80.2309515867141,positive_cross,toward_S1,4.401988594435622
3,miata,2024-03-29 20:12:53+00:00,40.287868,-88.126248,100.09065441907042,152.0,-1.8476812671672747,rs1,23.76399351450187,32.386546402642594,8.622552888140724,4,23.76399351450187,75.18724418952087,51.423250675019,80.2309515867141,positive_cross,toward_S1,4.367772274673265
3,miata,2024-03-29 20:12:54+00:00,40.287902,-88.126215,96.26015066202172,153.0,-3.830503757048703,rs1,19.115359766105957,32.753568157995225,13.638208391889268,4,19.115359766105957,71.05483725587882,51.93947748977287,80.2309515867141,positive_cross,toward_S1,4.296837019913104
3,miata,2024-03-29 20:12:55+00:00,40.287942,-88.126195,91.7824764608882,154.0,-4.47767420113351,rs1,14.385013990795581,32.51469142798918,18.129677437193596,4,14.385013990795581,66.44088388854196,52.055869897746376,80.2309515867141,positive_cross,toward_S1,4.213917127299521
3,miata,2024-03-29 20:12:56+00:00,40.287993,-88.126185,86.09715751892746,155.0,-5.685318941960745,rs1,9.204267644793385,31.914763764262666,22.710496119469283,4,9.204267644793385,60.71091937515184,51.506651730358456,80.2309515867141,positive_cross,toward_S1,4.108633443189136
3,miata,2024-03-29 20:12:57+00:00,40.288051,-88.126177,79.63666082712255,156.0,-6.460496691804906,rs1,5.35377458337919,32.18797736727691,26.834202783897716,4,5.35377458337919,54.22421349339171,48.87043891001252,80.2309515867141,positive_cross,toward_S1,3.9889946155631195
3,miata,2024-03-29 20:12:58+00:00,40.288118,-88.126174,72.18322284831679,157.0,-7.453437978805766,rs1,8.588282546665113,33.562465817953914,24.9741832712888,4,8.588282546665113,46.78734191913434,38.19905937246923,80.2309515867141,positive_cross,toward_S1,3.850967986325976
3,miata,2024-03-29 20:12:59+00:00,40.288188,-88.126174,64.40084449660544,158.0,-7.782378351711344,rs1,15.565359271582862,36.36378935342743,20.798430081844565,4,15.565359271582862,39.06029016641089,23.494930894828023,80.2309515867141,positive_cross,toward_S1,3.7068498687016915
3,miata,2024-03-29 20:13:00+00:00,40.288258,-88.126174,56.61846614489405,159.0,-7.782378351711394,rs1,23.066012970813272,31.362332580256545,8.296319609443273,4,23.066012970813272,31.362332580256545,8.296319609443273,80.2309515867141,positive_cross,toward_S1,3.5627317510774064
3,miata,2024-03-29 20:13:01+00:00,40.288334,-88.126175,48.170556834592134,160.0,-8.447909310301917,rs3,23.090859568063458,31.38117567117591,8.290316103112453,3,23.090859568063458,31.38117567117591,8.290316103112453,26.33125891160298,positive_cross,toward_S1,3.404431443018318
3,miata,2024-03-29 20:13:02+00:00,40.288413,-88.126175,39.387586980687146,161.0,-8.782969853904987,rs3,14.681779638357472,35.33412483631012,20.652345197952645,3,14.681779638357472,40.07456529332101,25.392785654963536,26.33125891160298,positive_cross,toward_S1,3.241783853131188
3,miata,2024-03-29 20:13:03+00:00,40.288494,-88.126172,30.377673330727387,162.0,-9.00991364995976,rs3,6.896712457525062,33.364428150141244,26.46771569261618,3,6.896712457525062,48.99653676071471,42.09982430318965,26.33125891160298,positive_cross,toward_S1,3.074933600354156
3,miata,2024-03-29 20:13:04+00:00,40.288577,-88.126163,21.13622575690899,163.0,-9.241447573818398,rs3,6.27475428259553,34.3058489412004,28.03109465860487,3,6.27475428259553,49.46795280940211,43.193198526806576,26.33125891160298,positive_cross,toward_S1,2.9037956823204816
3,miata,2024-03-29 20:13:05+00:00,40.288663,-88.126157,11.565837810185,164.0,-9.570387946723988,rs3,14.62819445810785,37.47588958407374,22.847695125965892,3,14.62819445810785,39.8925970995951,25.26440264148725,26.33125891160298,positive_cross,toward_S1,2.726566275899667
3,miata,2024-03-29 20:13:06+00:00,40.288748,-88.126155,2.112746869052149,165.0,-9.453090941132851,rs3,23.85795241556994,30.463763175271364,6.6058107597014235,3,23.85795241556994,30.463763175271364,6.6058107597014235,26.33125891160298,positive_cross,toward_S1,2.5515090362490587
3,miata,2024-03-29 20:13:07+00:00,40.288832,-88.126157,-7.223047067236038,166.0,-9.335793936288187,rs6,21.219994236787876,33.14168234605554,11.921688109267663,2,21.219994236787876,33.14168234605554,11.921688109267663,-27.632700444717127,positive_cross,toward_S1,2.3779565440274277
3,miata,2024-03-29 20:13:08+00:00,40.28892,-88.126158,-17.005078380462777,167.0,-9.782031313226739,rs6,11.68132761505017,32.8358191369278,21.15449152187763,2,11.68132761505017,42.88731522748832,31.20598761243815,-27.632700444717127,positive_cross,toward_S1,2.19680781600471
3,miata,2024-03-29 20:13:09+00:00,40.289007,-88.126158,-26.677462903247626,168.0,-9.67238452278485,rs6,3.737661575896227,31.091554809150793,27.353893233254567,2,3.737661575896227,52.53152277498075,48.793861199084525,-27.632700444717127,positive_cross,toward_S1,2.017689584101287
3,miata,2024-03-29 20:13:10+00:00,40.289094,-88.126156,-36.35290751179794,169.0,-9.675444608550311,rs6,8.810737560430894,32.45043839803966,23.639700837608764,2,8.810737560430894,43.22107980798322,34.41034224755233,-27.632700444717127,positive_cross,toward_S1,1.838514683942948
3,miata,2024-03-29 20:13:11+00:00,40.289184,-88.126155,-46.36035257818585,170.0,-10.007445066387909,rs6,18.471219561260412,33.23016451551569,14.758944954255277,2,18.471219561260412,33.23016451551569,14.758944954255277,-27.632700444717127,positive_cross,toward_S1,1.6531916271579867
3,miata,2024-03-29 20:13:12+00:00,40.289274,-88.126162,-56.35555730157715,171.0,-9.995204723391304,rs8,23.34132080967085,28.457427774404003,5.116106964733152,1,23.34132080967085,28.457427774404003,5.116106964733152,-78.92951005359993,positive_cross,toward_S1,1.418036162074496
3,miata,2024-03-29 20:13:13+00:00,40.289375,-88.126163,-67.58288745181069,172.0,-11.227330150233541,rs8,12.34034737897381,29.072857492944337,16.732510113970527,1,12.34034737897381,39.62850264325428,27.28815526428047,-78.92951005359993,positive_cross,toward_S1,1.2101226407738748
3,miata,2024-03-29 20:13:14+00:00,40.289469,-88.126165,-78.03044972362797,173.0,-10.447562271817276,rs8,3.7900246588378366,26.652098211174025,22.862073552336188,1,3.7900246588378366,50.057938262812556,46.26791360397472,-78.92951005359993,positive_cross,toward_S1,1.0166492653698511
3,miata,2024-03-29 20:13:15+00:00,40.289546,-88.126164,-86.5925959537773,174.0,-8.562146230149338,rs8,7.920769636498987,27.83314262938526,19.912372992886276,1,7.920769636498987,58.59296198548421,50.67219234898522,-78.92951005359993,positive_cross,toward_S1,0.858091001848567
3,miata,2024-03-29 20:13:16+00:00,40.289605,-88.126164,-93.15202913587763,175.0,-6.559433182100321,rs8,14.125264210761236,30.328017552424306,16.20275334166307,1,14.125264210761236,65.14197995152425,51.01671574076301,-78.92951005359993,positive_cross,toward_S1,0.7366200169948574
3,miata,2024-03-29 20:13:17+00:00,40.289646,-88.126173,-97.69650892693228,176.0,-4.5444797910546555,rs8,18.738105415179916,32.11099602462065,13.37289060944073,1,18.738105415179916,69.74176750327783,51.00366208809791,-78.92951005359993,positive_cross,toward_S1,0.6524629838271786
3,miata,2024-03-29 20:13:18+00:00,40.289676,-88.126208,-100.97826243436704,177.0,-3.2817535074347575,rs8,22.75613582031456,31.98431454014887,9.228178719834307,1,22.75613582031456,73.32223248851713,50.56609666820257,-78.92951005359993,positive_cross,toward_S1,0.591689770726535
3,miata,2024-03-29 20:13:19+00:00,40.289693,-88.126256,-102.7948265474174,178.0,-1.8165641130503616,rs8,26.038605944622926,30.65896111626639,4.620355171643464,1,26.038605944622926,75.72674377649976,49.68813783187683,-78.92951005359993,positive_cross,toward_S1,0.5580496945589357
3,miata,2024-03-29 20:13:20+00:00,40.289699,-88.126311,-103.37773519071024,179.0,-0.5829086432928392,rs10,28.597572364258586,28.920863309568887,0.3232909453103012,1,28.597572364258586,77.2411557317988,48.64358336754022,-78.92951005359993,negative_cross,toward_S1,0.5472550900535127
3,miata,2024-03-29 20:13:21+00:00,40.289694,-88.126368,-102.73463857864823,180.0,0.6430966120620099,rs10,26.001590547456807,31.416878123969926,5.415287576513119,1,26.001590547456807,76.64520139326027,50.64361084580346,-78.92951005359993,negative_cross,toward_S4,0.5591642865731796
3,miata,2024-03-29 20:13:22+00:00,40.289669,-88.126417,-99.88024563856816,181.0,2.854392940080075,rs10,22.090966467858998,32.45273466035396,10.361768192494964,1,22.090966467858998,73.27635491595866,51.185388448099665,-78.92951005359993,negative_cross,toward_S4,0.6120234150931809
3,miata,2024-03-29 20:13:23+00:00,40.289622,-88.126447,-94.60903317312824,182.0,5.271212465439916,rs10,16.453461822899964,31.559593644082916,15.106131821182952,1,16.453461822899964,67.79896518583016,51.34550336293019,-78.92951005359993,negative_cross,toward_S4,0.7096384607494757
3,miata,2024-03-29 20:13:24+00:00,40.289564,-88.126461,-88.13935622407043,183.0,6.469676949057813,rs10,9.895349112391632,30.05029680592234,20.15494769353071,1,9.895349112391632,61.26573602710278,51.37038691471115,-78.92951005359993,negative_cross,toward_S4,0.8294472931394352
3,miata,2024-03-29 20:13:25+00:00,40.289493,-88.126451,-80.26110146780738,184.0,7.878254756263047,rs10,3.0293117249470525,27.805192973446122,24.77588124849907,1,3.0293117249470525,53.4955343157325,50.46622259078545,-78.92951005359993,negative_cross,toward_S4,0.9753408997368991
3,miata,2024-03-29 20:13:26+00:00,40.289417,-88.126446,-71.81931232901465,185.0,8.441789138792728,rs10,7.144887001424368,28.286719154690086,21.141832153265717,1,7.144887001424368,45.17078839522066,38.025901393796296,-78.92951005359993,negative_cross,toward_S4,1.1316703282330607
3,miata,2024-03-29 20:13:27+00:00,40.289328,-88.126443,-61.92916426744964,186.0,9.890148061565007,rs10,16.75339071810915,32.04635172458242,15.292961006473273,1,16.75339071810915,35.45785800209001,18.704467283980865,-78.92951005359993,negative_cross,toward_S4,1.3148212182620422
3,miata,2024-03-29 20:13:28+00:00,40.289231,-88.126444,-51.14348136626384,187.0,10.785682901185801,rs7,24.94008932987655,27.42282525981506,2.48273592993851,2,24.94008932987655,27.42282525981506,2.48273592993851,-27.632700444717127,negative_cross,toward_S4,1.5646151681195053
3,miata,2024-03-29 20:13:29+00:00,40.289124,-88.126447,-39.24297004305873,188.0,11.900511323205109,rs7,13.75453013158048,30.229499964171946,16.474969832591466,2,13.75453013158048,39.256789124937775,25.502258993357295,-27.632700444717127,negative_cross,toward_S4,1.7849950074381185
3,miata,2024-03-29 20:13:30+00:00,40.289023,-88.126453,-28.004929592678714,189.0,11.23804045038002,rs7,6.109602824603728,28.457674636397332,22.348071811793602,2,6.109602824603728,50.44490967700112,44.335306852397395,-27.632700444717127,negative_cross,toward_S4,1.993106867630341
3,miata,2024-03-29 20:13:31+00:00,40.288927,-88.12646,-17.321243267575507,190.0,10.683686325103206,rs7,11.234716742773783,30.851766168626725,19.61704942585294,2,11.234716742773783,45.07054116948269,33.8358244267089,-27.632700444717127,negative_cross,toward_S4,2.1909529106878076
3,miata,2024-03-29 20:13:32+00:00,40.288835,-88.126474,-7.0715539763707636,191.0,10.249689291204744,rs7,20.503161261037533,34.810223283626065,14.307062022588532,2,20.503161261037533,34.810223283626065,14.307062022588532,-27.632700444717127,negative_cross,toward_S4,2.3807619716360438
3,miata,2024-03-29 20:13:33+00:00,40.28875,-88.126488,2.3998974792461234,192.0,9.471451455616887,rs5,25.337600237468042,29.668632650972103,4.331032413504062,3,25.337600237468042,29.668632650972103,4.331032413504062,26.33125891160298,negative_cross,toward_S4,2.55682664014154
3,miata,2024-03-29 20:13:34+00:00,40.288669,-88.126501,11.425111557967941,193.0,9.025214078721818,rs5,16.38047127852288,36.1521556735699,19.77168439504702,3,16.38047127852288,38.56837755249299,22.18790627397011,26.33125891160298,negative_cross,toward_S4,2.7239602341919436
3,miata,2024-03-29 20:13:35+00:00,40.288592,-88.126514,20.005618301833103,194.0,8.580506743865161,rs5,8.087799665423207,34.654341931181904,26.5665422657587,3,8.087799665423207,47.09022008092594,39.00242041550273,26.33125891160298,negative_cross,toward_S4,2.8828585072264836
3,miata,2024-03-29 20:13:36+00:00,40.288513,-88.126522,28.800828498734695,195.0,8.795210196901593,rs5,3.890310304924621,34.86273627615202,30.9724259712274,3,3.890310304924621,52.70065716062052,48.810346855695904,26.33125891160298,negative_cross,toward_S4,3.045732770132069
3,miata,2024-03-29 20:13:37+00:00,40.288429,-88.12653,38.15192286380668,196.0,9.351094365071987,rs5,11.502519984928318,37.39205138684083,25.889531401912514,3,11.502519984928318,43.33478549590642,31.832265510978097,26.33125891160298,negative_cross,toward_S4,3.2189011843000683
3,miata,2024-03-29 20:13:38+00:00,40.288338,-88.126532,48.2720748063802,197.0,10.120151942573521,rs5,21.4454187621894,33.219561136547156,11.774142374357755,3,21.4454187621894,33.219561136547156,11.774142374357755,26.33125891160298,negative_cross,toward_S4,3.4063114054588377
3,miata,2024-03-29 20:13:39+00:00,40.288246,-88.126531,58.49881345444185,198.0,10.226738648061648,rs2,23.022453705915577,31.634639914837727,8.61218620892215,4,23.022453705915577,31.634639914837727,8.61218620892215,80.2309515867141,negative_cross,toward_S4,3.597552997550514
3,miata,2024-03-29 20:13:40+00:00,40.288161,-88.12653,67.9473142669374,199.0,9.448500812495546,rs2,13.650324756482586,37.17140326140446,23.52107850492187,4,13.650324756482586,41.06845801612698,27.418133259644396,80.2309515867141,negative_cross,toward_S4,3.77252523481895
3,miata,2024-03-29 20:13:41+00:00,40.288081,-88.126532,76.84452104068978,200.0,8.897206773752387,rs2,5.007860409253816,35.559255407018085,30.55139499776427,4,5.007860409253816,49.94097949049294,44.93311908123913,80.2309515867141,negative_cross,toward_S4,3.937288323221772
3,miata,2024-03-29 20:13:42+00:00,40.288009,-88.126533,84.85078310190053,201.0,8.006262061210748,rs2,3.9564403182375245,35.910248212080155,31.95380789384263,4,3.9564403182375245,57.93627702568916,53.97983670745163,80.2309515867141,negative_cross,toward_S4,4.085552435466416
3,miata,2024-03-29 20:13:43+00:00,40.287953,-88.126532,91.07515574039776,202.0,6.224372638497229,rs2,9.879482714565695,37.242824288291814,27.363341573726117,4,9.879482714565695,64.16306730211747,54.28358458755177,80.2309515867141,negative_cross,toward_S4,4.200818595438586
3,miata,2024-03-29 20:13:44+00:00,40.287913,-88.126517,95.49927844088579,203.0,4.424122700488027,rs2,14.499230988184648,37.6810192322759,23.18178824409125,4,14.499230988184648,68.66851431161213,54.16928332342748,80.2309515867141,negative_cross,toward_S4,4.282746793595772
3,miata,2024-03-29 20:13:45+00:00,40.287882,-88.126485,98.89679891027163,204.0,3.3975204693858387,rs2,18.56976551018429,36.91886168097684,18.34909617079255,4,18.56976551018429,72.307525266371,53.73775975618671,80.2309515867141,negative_cross,toward_S4,4.345663839325139
3,miata,2024-03-29 20:13:46+00:00,40.287863,-88.126437,100.9357166907177,205.0,2.03891778044607,rs2,22.11903874395422,34.77741682064143,12.658378076687207,4,22.11903874395422,74.88213859257037,52.76309984861615,80.2309515867141,negative_cross,toward_S4,4.3834215760000665
3,miata,2024-03-29 20:13:47+00:00,40.287857,-88.126384,101.52168541977598,206.0,0.5859687290582798,rs2,25.041120607174122,31.818748260154447,6.777627652980325,4,25.041120607174122,76.30656693760868,51.26544633043456,80.2309515867141,negative_cross,toward_S4,4.394272848760405
3,miata,2024-03-29 20:13:48+00:00,40.28786,-88.126328,101.1024725180033,207.0,-0.41921290177268133,rs2,27.837379013145817,28.334578106954236,0.497199093808419,4,27.837379013145817,77.06736192878653,49.229982915640704,80.2309515867141,negative_cross,ambiguous,4.386509646875726
3,miata,2024-03-29 20:13:49+00:00,40.28787,-88.126278,99.91420203870739,208.0,-1.188270479295909,rs1,24.89491161532407,30.229764423609694,5.334852808285625,4,24.89491161532407,75.40057387865389,50.50566226332982,80.2309515867141,positive_cross,toward_S1,4.364504637999875
3,miata,2024-03-29 20:13:50+00:00,40.287897,-88.126238,96.85122581631008,209.0,-3.0629762223973103,rs1,20.54037252033217,31.321318168633468,10.780945648301298,4,20.54037252033217,71.87058622535908,51.33021370502691,80.2309515867141,positive_cross,toward_S1,4.307782856103629
3,miata,2024-03-29 20:13:51+00:00,40.287936,-88.126217,92.48319840561848,210.0,-4.368027410691596,rs1,15.916328572130212,31.004774800109224,15.088446227979013,4,15.916328572130212,67.32554059041249,51.409212018282275,80.2309515867141,positive_cross,toward_S1,4.22689345960934
3,miata,2024-03-29 20:13:52+00:00,40.287983,-88.126206,87.24105675559903,211.0,-5.242141650019448,rs1,11.227164082764359,30.370565915735156,19.143401832970795,4,11.227164082764359,62.02088032546003,50.793716242695666,80.2309515867141,positive_cross,toward_S1,4.129816762386758
3,miata,2024-03-29 20:13:53+00:00,40.28804,-88.126196,80.88867681136416,212.0,-6.352379944234869,rs1,7.156543201435999,30.552263043788745,23.395719842352747,4,7.156543201435999,55.62452739651418,48.46798419507818,80.2309515867141,positive_cross,toward_S1,4.012180096752779
3,miata,2024-03-29 20:13:54+00:00,40.288105,-88.126187,73.648412241933,213.0,-7.240264569431162,rs1,8.259481612835167,32.1420526498142,23.88257103697903,4,8.259481612835167,48.35680245955381,40.097320846718645,80.2309515867141,positive_cross,toward_S1,3.8781011232447944
3,miata,2024-03-29 20:13:55+00:00,40.288181,-88.126182,65.19132267437817,214.0,-8.457089567554831,rs1,15.07715725033481,35.40809266911569,20.33093541878088,4,15.07715725033481,39.92698231706955,24.84982506673474,80.2309515867141,positive_cross,toward_S1,3.7214883534752605
3,miata,2024-03-29 20:13:56+00:00,40.288262,-88.126176,56.176818895802846,215.0,-9.014503778575325,rs1,23.537443940246124,30.953001663426,7.415557723179877,4,23.537443940246124,30.953001663426,7.415557723179877,80.2309515867141,positive_cross,toward_S1,3.5545530983164584
3,miata,2024-03-29 20:13:57+00:00,40.28835,-88.126169,46.38254723957951,216.0,-9.794271656223337,rs3,21.241967876070397,33.06245964681146,11.820491770741064,3,21.241967876070397,33.06245964681146,11.820491770741064,26.33125891160298,positive_cross,toward_S1,3.3713201542217877
3,miata,2024-03-29 20:13:58+00:00,40.288441,-88.126166,36.260865254112396,217.0,-10.121681985467113,rs3,11.510267239324895,35.0478204494021,23.537553210077206,3,11.510267239324895,43.080271994105956,31.57000475478106,26.33125891160298,positive_cross,toward_S1,3.1838815989353595
3,miata,2024-03-29 20:13:59+00:00,40.288533,-88.126163,26.028006434563306,218.0,-10.23285881954909,rs3,4.322931991737532,33.89722638314358,29.57429439140605,3,4.322931991737532,53.24954215334214,48.92661016160461,26.33125891160298,positive_cross,toward_S1,2.994384213388154
3,miata,2024-03-29 20:14:00+00:00,40.288626,-88.126161,15.685500824550594,219.0,-10.342505610012712,rs3,10.832819797707078,35.71883729628071,24.886017498573633,3,10.832819797707078,44.021936265214315,33.18911646750723,26.33125891160298,positive_cross,toward_S1,2.802856331721252
3,miata,2024-03-29 20:14:01+00:00,40.288719,-88.12616,5.344525257431477,220.0,-10.340975567119116,rs3,20.75450597105501,33.71607756256611,12.961571591511102,3,20.75450597105501,33.71607756256611,12.961571591511102,26.33125891160298,positive_cross,toward_S1,2.6113567841820093
3,miata,2024-03-29 20:14:02+00:00,40.288813,-88.126163,-5.101506971492214,221.0,-10.446032228923691,rs6,23.38771669503875,31.10970499575032,7.721988300711569,2,23.38771669503875,31.10970499575032,7.721988300711569,-27.632700444717127,positive_cross,toward_S1,2.417244323578239
3,miata,2024-03-29 20:14:03+00:00,40.288904,-88.126163,-15.218598829111976,222.0,-10.117091857619762,rs6,13.507592007452228,33.059015056335944,19.551423048883716,2,13.507592007452228,41.15758898781086,27.649996980358633,-27.632700444717127,positive_cross,toward_S1,2.2298907706593547
3,miata,2024-03-29 20:14:04+00:00,40.288993,-88.126164,-25.111806975652463,223.0,-9.893208146540488,rs6,4.978499864161387,30.669256124251454,25.69075626009007,2,4.978499864161387,51.020077461601204,46.04157759743982,-27.632700444717127,positive_cross,toward_S1,2.046683212390086
3,miata,2024-03-29 20:14:05+00:00,40.289082,-88.126163,-35.00807520872662,224.0,-9.89626823307416,rs6,7.8600509582389,31.53859113956592,23.67854018132702,2,7.8600509582389,44.593757244444504,36.7337062862056,-27.632700444717127,positive_cross,toward_S1,1.863418985851676
3,miata,2024-03-29 20:14:06+00:00,40.289168,-88.126163,-44.56928289740777,225.0,-9.561207688681144,rs6,16.86282603288108,35.04437413880931,18.18154810592823,2,16.86282603288108,35.06253673930156,18.199710706420476,-27.632700444717127,positive_cross,toward_S1,1.6863595842094325
3,miata,2024-03-29 20:14:07+00:00,40.289256,-88.126162,-54.354374297189935,226.0,-9.785091399782168,rs8,25.325338627241976,26.474298600254947,1.1489599730129711,1,25.325338627241976,26.474298600254947,1.1489599730129711,-78.92951005359993,positive_cross,toward_S1,1.4550951066001852
3,miata,2024-03-29 20:14:08+00:00,40.289345,-88.126166,-64.24299231509308,227.0,-9.888618017903141,rs8,15.635218814861375,30.29565748216655,14.660438667305176,1,15.635218814861375,36.3368437864496,20.701624971588224,-78.92951005359993,positive_cross,toward_S1,1.27197255071309
3,miata,2024-03-29 20:14:09+00:00,40.289426,-88.126167,-73.2467857935437,228.0,-9.003793478450618,rs8,7.21650632712564,27.05089877649305,19.83439244936741,1,7.21650632712564,45.30767621380601,38.09116988668037,-78.92951005359993,positive_cross,toward_S1,1.105235634445486
3,miata,2024-03-29 20:14:10+00:00,40.289498,-88.126166,-81.25304785554435,229.0,-8.006262062000658,rs8,4.0233441325796955,26.667031067806416,22.64368693522672,1,4.0233441325796955,53.28017820598569,49.256834073406,-78.92951005359993,positive_cross,toward_S1,0.9569715221862143
3,miata,2024-03-29 20:14:11+00:00,40.289553,-88.126163,-87.37236383142533,230.0,-6.11931597588098,rs8,8.595911512101617,28.14140261198088,19.545491099879264,1,8.595911512101617,59.364244788476185,50.76833327637457,-78.92951005359993,positive_cross,toward_S1,0.8436508559661962
3,miata,2024-03-29 20:14:12+00:00,40.289598,-88.12616,-92.37991147182069,231.0,-5.007547640395359,rs8,13.288340516560053,30.270847232385908,16.982506715825856,1,13.288340516560053,64.34497092452487,51.05663040796482,-78.92951005359993,positive_cross,toward_S1,0.750918492255171
3,miata,2024-03-29 20:14:13+00:00,40.289636,-88.126161,-96.60310110593069,232.0,-4.22318963411,rs8,17.44215543596689,32.314321578064316,14.872166142097427,1,17.44215543596689,68.56987228464538,51.127716848678496,-78.92951005359993,positive_cross,toward_S1,0.6727112768086896
3,miata,2024-03-29 20:14:14+00:00,40.28967,-88.126187,-100.34333233330062,233.0,-3.7402312273699323,rs8,21.612852735294044,32.84614467988045,11.233291944586409,1,21.612852735294044,72.492150994276,50.87929825898196,-78.92951005359993,positive_cross,toward_S1,0.6034477355610982
3,miata,2024-03-29 20:14:15+00:00,40.289695,-88.126233,-103.05237120097456,234.0,-2.7090388676739394,rs8,25.465231062284207,32.068693508850124,6.603462446565917,1,25.465231062284207,75.66937432915786,50.20414326687366,-78.92951005359993,positive_cross,toward_S1,0.5532803491226919
3,miata,2024-03-29 20:14:16+00:00,40.289706,-88.126297,-104.1773936265476,235.0,-1.125022425573036,rs8,28.953098048916285,29.87145962777941,0.9183615788631236,1,28.953098048916285,77.76095285838548,48.80785480946919,-78.92951005359993,positive_cross,toward_S1,0.532446600500969
3,miata,2024-03-29 20:14:17+00:00,40.289703,-88.126355,-103.75512063900945,236.0,0.42227298753815035,rs10,27.342235015062172,31.476217454578535,4.1339824395163625,1,27.342235015062172,77.82732602788397,50.4850910128218,-78.92951005359993,negative_cross,ambiguous,0.5402664706405644
3,miata,2024-03-29 20:14:18+00:00,40.289683,-88.126406,-101.45355177975439,237.0,2.301568859255056,rs10,23.83158991015752,32.78503345905311,8.953443548895592,1,23.83158991015752,74.94098546779142,51.1093955576339,-78.92951005359993,negative_cross,toward_S4,0.5828881161823247
3,miata,2024-03-29 20:14:19+00:00,40.289644,-88.126439,-97.06716385534698,238.0,4.3863879244074155,rs10,18.980754465306934,32.272682871095554,13.291928405788621,1,18.980754465306934,70.30149467429477,51.32074020898784,-78.92951005359993,negative_cross,toward_S4,0.6641175221898694
3,miata,2024-03-29 20:14:20+00:00,40.289592,-88.126457,-91.25842773626417,239.0,5.808736119082809,rs10,13.02556026840283,30.827788940949034,17.802228672546207,1,13.02556026840283,64.39786663680088,51.37230636839806,-78.92951005359993,negative_cross,toward_S4,0.7716867095802918
3,miata,2024-03-29 20:14:21+00:00,40.28953,-88.126453,-84.37158422494183,240.0,6.88684351132234,rs10,6.388049815913893,28.456519135527863,22.068469319613968,1,6.388049815913893,57.56691507914033,51.178865263226434,-78.92951005359993,negative_cross,toward_S4,0.8992208486788537
3,miata,2024-03-29 20:14:22+00:00,40.289461,-88.126451,-76.7034427930779,241.0,7.66814143186393,rs10,2.9093204293117405,27.87345663432038,24.96413620500864,1,2.9093204293117405,49.9621372826647,47.05281685335296,-78.92951005359993,negative_cross,toward_S4,1.041223467787445
3,miata,2024-03-29 20:14:23+00:00,40.289386,-88.12645,-68.36671031608971,242.0,8.336732476988189,rs10,10.31910844564393,29.671725340910207,19.352616895266276,1,10.31910844564393,41.710706156355876,31.391597710711945,-78.92951005359993,negative_cross,toward_S4,1.1956074025464856
3,miata,2024-03-29 20:14:24+00:00,40.289304,-88.126453,-59.245619832837946,243.0,9.121090483251763,rs10,19.268736043125493,32.675875162276306,13.407139119150813,1,19.268736043125493,32.675875162276306,13.407139119150813,-78.92951005359993,negative_cross,toward_S4,1.3645164855696663
3,miata,2024-03-29 20:14:25+00:00,40.289219,-88.126455,-49.7925288917051,244.0,9.453090941132842,rs7,23.407271455810687,28.66869574309116,5.261424287280473,2,23.407271455810687,28.66869574309116,5.261424287280473,-27.632700444717127,negative_cross,toward_S4,1.5896328065372596
3,miata,2024-03-29 20:14:26+00:00,40.289137,-88.126455,-40.67602853627895,245.0,9.116500355426155,rs7,14.758031523682405,31.426660037651725,16.66862851396932,2,14.758031523682405,37.7717771423991,23.013745618716698,-27.632700444717127,negative_cross,toward_S4,1.7584568871932995
3,miata,2024-03-29 20:14:27+00:00,40.289056,-88.126454,-31.672235058640073,246.0,9.003793477638876,rs7,7.487816375266992,28.814404427426624,21.326588052159632,2,7.487816375266992,46.774302661429196,39.2864862861622,-27.632700444717127,negative_cross,toward_S4,1.9251938034458713
3,miata,2024-03-29 20:14:28+00:00,40.288978,-88.126457,-22.995851909411517,247.0,8.676383149228556,rs7,7.05798274384928,29.179210966930995,22.121228223081715,2,7.05798274384928,50.69263894772689,43.63465620387761,-27.632700444717127,negative_cross,toward_S4,2.0858675654686225
3,miata,2024-03-29 20:14:29+00:00,40.2889,-88.126462,-14.31640867443925,248.0,8.679443234972267,rs7,13.870968760361757,32.14240081910559,18.271432058743834,2,13.870968760361757,42.09314816306987,28.222179402708115,-27.632700444717127,negative_cross,toward_S4,2.2465979957458866
3,miata,2024-03-29 20:14:30+00:00,40.288822,-88.126471,-5.630845268769511,249.0,8.68556340566974,rs7,21.970475170756576,33.457915551248206,11.48744038049163,2,21.970475170756576,33.457915551248206,11.48744038049163,-27.632700444717127,negative_cross,toward_S4,2.4074417625175486
3,miata,2024-03-29 20:14:31+00:00,40.288747,-88.126485,2.728837851361755,250.0,8.359683120131265,rs5,25.080134046199532,30.02772573895481,4.947591692755278,3,25.080134046199532,30.02772573895481,4.947591692755278,26.33125891160298,negative_cross,toward_S4,2.562918128514051
3,miata,2024-03-29 20:14:32+00:00,40.288674,-88.126501,10.869227389819281,251.0,8.140389538457526,rs5,16.908561546656756,36.383256999337014,19.47469545268026,3,16.908561546656756,38.01298751476962,21.104425968112864,26.33125891160298,negative_cross,toward_S4,2.7136660829299313
3,miata,2024-03-29 20:14:33+00:00,40.288598,-88.126515,19.340087343242555,252.0,8.470859953423274,rs5,8.629029254812007,34.86364859883276,26.234619344020754,3,8.629029254812007,46.42145899533963,37.79242974052762,26.33125891160298,negative_cross,toward_S4,2.8705338598451773
3,miata,2024-03-29 20:14:34+00:00,40.288518,-88.126525,28.249534459223344,253.0,8.90944711598079,rs5,3.424979397963882,35.080454874356384,31.655475476392503,3,3.424979397963882,53.24273802400782,49.81775862604394,26.33125891160298,negative_cross,toward_S4,3.035523621252229
3,miata,2024-03-29 20:14:35+00:00,40.288434,-88.126532,37.59909878140174,254.0,9.349564322178399,rs5,10.921971777823426,37.38042444652795,26.45845266870452,3,10.921971777823426,43.8819657603699,32.95999398254648,26.33125891160298,negative_cross,toward_S4,3.20866370129257
3,miata,2024-03-29 20:14:36+00:00,40.28835,-88.126533,46.93948284632724,255.0,9.340384064925495,rs5,20.110364195191966,34.54692700647553,14.436562811283562,3,20.110364195191966,34.54692700647553,14.436562811283562,26.33125891160298,negative_cross,toward_S4,3.3816337765689677
3,miata,2024-03-29 20:14:37+00:00,40.288266,-88.126531,56.27527678263717,256.0,9.335793936309933,rs2,25.23828211836324,29.418666038543325,4.180383920180084,4,25.23828211836324,29.418666038543325,4.180383920180084,80.2309515867141,negative_cross,toward_S4,3.5563763925170937
3,miata,2024-03-29 20:14:38+00:00,40.288184,-88.12653,65.3902470944015,257.0,9.114970311764331,rs2,16.179967286246303,38.0549775153563,21.875010229109996,4,16.179967286246303,38.51640783377713,22.336440547530827,80.2309515867141,negative_cross,toward_S4,3.7251721390312484
3,miata,2024-03-29 20:14:39+00:00,40.288107,-88.12653,73.95086328167899,258.0,8.560616187277489,rs2,7.7848782600311495,35.73650178016067,27.951623520129523,4,7.7848782600311495,47.06285496487098,39.27797670483983,80.2309515867141,negative_cross,toward_S4,3.8837020684252757
3,miata,2024-03-29 20:14:40+00:00,40.288041,-88.126531,81.29006434142731,259.0,7.339201059748319,rs2,2.133091677819569,35.400679549375184,33.26758787155561,4,2.133091677819569,54.38864831268055,52.25555663486098,80.2309515867141,negative_cross,toward_S4,4.0196131991613555
3,miata,2024-03-29 20:14:41+00:00,40.287979,-88.126505,88.1432469094818,260.0,6.853182568054493,rs2,8.042359354000316,34.23688288711594,26.19452353311562,4,8.042359354000316,61.413053898802715,53.3706945448024,80.2309515867141,negative_cross,toward_S4,4.146523987458661
3,miata,2024-03-29 20:14:42+00:00,40.287937,-88.126527,92.84633486377645,261.0,4.703087954294645,rs2,11.708464395006246,37.42936074734685,25.720896352340603,4,11.708464395006246,65.95928959467508,54.25082519966884,80.2309515867141,negative_cross,toward_S4,4.233618208834488
3,miata,2024-03-29 20:14:43+00:00,40.287899,-88.126484,97.00526269632631,262.0,4.158927832549864,rs2,16.823369276476292,35.891277283278654,19.067908006802362,4,16.823369276476292,70.43269389796303,53.60932462148674,80.2309515867141,negative_cross,toward_S4,4.310635390918745
3,miata,2024-03-29 20:14:44+00:00,40.28787,-88.126445,100.16971919895991,263.0,3.1644565026335982,rs2,21.117825511179113,34.84736740021392,13.729541889034806,4,21.117825511179113,74.0170778953383,52.89925238415919,80.2309515867141,negative_cross,toward_S4,4.369236437263812
3,miata,2024-03-29 20:14:45+00:00,40.287849,-88.126395,102.42793056028975,264.0,2.258211361329842,rs2,25.252107965325717,33.10821339460787,7.856105429282156,4,25.252107965325717,77.001182208346,51.749074243020274,80.2309515867141,negative_cross,toward_S4,4.411055166177327
3,miata,2024-03-29 20:14:46+00:00,40.287843,-88.126337,103.00624907496702,265.0,0.5783185146772638,rs2,28.726170205843342,30.282430836025608,1.5562606301822655,4,28.726170205843342,78.70653052634458,49.980360320501234,80.2309515867141,negative_cross,toward_S4,4.42176476830098
3,miata,2024-03-29 20:14:47+00:00,40.287851,-88.126284,102.03574213366123,266.0,-0.9705069413057856,rs1,26.9430980321649,31.215585284977934,4.272487252813033,4,26.9430980321649,77.57181602657786,50.628717994412966,80.2309515867141,positive_cross,toward_S1,4.403792417536058
3,miata,2024-03-29 20:14:48+00:00,40.287868,-88.126238,100.07535399030836,267.0,-1.9603881433528727,rs1,23.370581393401096,33.07514701010983,9.704565616708734,4,23.370581393401096,75.06191157901024,51.69133018560915,80.2309515867141,positive_cross,toward_S1,4.367488933399894
3,miata,2024-03-29 20:14:49+00:00,40.287897,-88.126203,96.7976743156646,268.0,-3.277679674643764,rs1,19.192262866858595,33.913594498573495,14.7213316317149,4,19.192262866858595,71.4899280634825,52.297665196623896,80.2309515867141,positive_cross,toward_S1,4.306791161647231
3,miata,2024-03-29 20:14:50+00:00,40.287931,-88.12619,92.99777141611827,269.0,-3.799902899546325,rs1,15.288385039623014,33.339484675273454,18.051099635650438,4,15.288385039623014,67.61490800307398,52.32652296345096,80.2309515867141,positive_cross,toward_S1,4.236422589433411
3,miata,2024-03-29 20:14:51+00:00,40.287972,-88.12619,88.43952123840518,270.0,-4.5582501777130915,rs1,11.315006073390114,31.96628816299365,20.651282089603534,4,11.315006073390114,63.0779815348924,51.762975461502286,80.2309515867141,positive_cross,toward_S1,4.15201054910539
3,miata,2024-03-29 20:14:52+00:00,40.288017,-88.126189,83.43503368377532,271.0,-5.004487554629861,rs1,7.6683849730736595,31.25014769514281,23.58176272206915,4,7.6683849730736595,58.0930596427279,50.424674669654244,80.2309515867141,positive_cross,toward_S1,4.059334853649282
3,miata,2024-03-29 20:14:53+00:00,40.288074,-88.126184,77.09030395471144,272.0,-6.344729729063872,rs1,6.2621285614381295,31.797394525288645,25.535265963850517,4,6.2621285614381295,51.74639288250438,45.48426432106625,80.2309515867141,positive_cross,toward_S1,3.9418398586666177
3,miata,2024-03-29 20:14:54+00:00,40.288141,-88.126177,69.63074580360652,273.0,-7.459558151104929,rs1,10.881372591783276,34.073301712387874,23.1919291206046,4,10.881372591783276,44.27706387756542,33.39569128578214,80.2309515867141,positive_cross,toward_S1,3.8036998929054153
3,miata,2024-03-29 20:14:55+00:00,40.288217,-88.126171,61.17212619317985,274.0,-8.458619610426666,rs1,18.576775006403157,35.83020837098336,17.2534333645802,4,18.576775006403157,35.83020837098336,17.2534333645802,80.2309515867141,positive_cross,toward_S1,3.647058789008625
3,miata,2024-03-29 20:14:56+00:00,40.288297,-88.126167,52.27185933445193,275.0,-8.900266858727917,rs3,26.986627284263406,27.210210416856143,0.22358313259273643,3,26.986627284263406,27.210210416856143,0.22358313259273643,26.33125891160298,positive_cross,toward_S1,3.4803814893120175
3,miata,2024-03-29 20:14:57+00:00,40.288387,-88.126162,42.258294096554856,276.0,-10.013565237897076,rs3,17.102850560292193,37.07178506854951,19.968934508257316,3,17.102850560292193,37.07178506854951,19.968934508257316,26.33125891160298,positive_cross,toward_S1,3.2949450960176274
3,miata,2024-03-29 20:14:58+00:00,40.288477,-88.126158,32.24625890155137,277.0,-10.012035195003484,rs3,7.626538686217359,34.81046776092341,27.18392907470605,3,7.626538686217359,47.00677938816872,39.38024070195136,26.33125891160298,positive_cross,toward_S1,3.109537036850896
3,miata,2024-03-29 20:14:59+00:00,40.288569,-88.126154,22.01187003910869,278.0,-10.234388862442682,rs3,5.103882512045249,34.93719660679868,29.83331409475343,3,5.103882512045249,50.302461839058516,45.19857932701326,26.33125891160298,positive_cross,toward_S1,2.920011317176032
3,miata,2024-03-29 20:15:00+00:00,40.28866,-88.126152,11.891718096535174,279.0,-10.120151942573516,rs3,14.1994218532607,37.73600607609284,23.53658422283214,3,14.1994218532607,40.192082373702604,25.992660520441902,26.33125891160298,positive_cross,toward_S1,2.732601096017263
3,miata,2024-03-29 20:15:01+00:00,40.288751,-88.126153,1.776156282577229,280.0,-10.115561813957944,rs3,24.16290470581767,30.114522822925785,5.951618117108115,3,24.16290470581767,30.114522822925785,5.951618117108115,26.33125891160298,positive_cross,toward_S1,2.5452758772402637
3,miata,2024-03-29 20:15:02+00:00,40.288841,-88.126154,-8.228228698066967,281.0,-10.004384980644197,rs6,20.191577181914838,34.10890406954823,13.917326887633394,2,20.191577181914838,34.10890406954823,13.917326887633394,-27.632700444717127,positive_cross,toward_S1,2.3593420693824103
3,miata,2024-03-29 20:15:03+00:00,40.288927,-88.126154,-17.789436387538068,282.0,-9.5612076894711,rs6,10.837859510085906,32.916566122400994,22.078706612315088,2,10.837859510085906,43.633860826825654,32.79600131673975,-27.632700444717127,positive_cross,toward_S1,2.1822826677255382
3,miata,2024-03-29 20:15:04+00:00,40.289011,-88.126153,-27.12982045246357,283.0,-9.340384064925502,rs6,3.1802056241790084,31.505688679040293,28.325483054861284,2,3.1802056241790084,52.42473650138476,49.24453087720575,-27.632700444717127,positive_cross,toward_S1,2.00931259244914
3,miata,2024-03-29 20:15:05+00:00,40.289091,-88.126153,-36.023967139682306,284.0,-8.894146687218736,rs6,8.407352640427083,32.60785344044059,24.200500800013508,2,8.407352640427083,43.538765175669354,35.13141253524227,-27.632700444717127,positive_cross,toward_S1,1.8446061723154596
3,miata,2024-03-29 20:15:06+00:00,40.289174,-88.126152,-45.25317437129405,285.0,-9.229207231611745,rs6,17.331869182945496,34.320155391527976,16.98828620858248,2,17.331869182945496,34.320155391527976,16.98828620858248,-27.632700444717127,positive_cross,toward_S1,1.6736949272856125
3,miata,2024-03-29 20:15:07+00:00,40.289265,-88.126153,-55.368736185252,286.0,-10.115561813957946,rs8,24.242537116016845,27.371243852912507,3.128706736895662,1,24.242537116016845,27.371243852912507,3.128706736895662,-78.92951005359993,positive_cross,toward_S1,1.4363106271916284
3,miata,2024-03-29 20:15:08+00:00,40.289357,-88.126153,-65.5970048761855,287.0,-10.228268690933497,rs8,14.103379047775551,30.667220931521506,16.563841883745955,1,14.103379047775551,37.559064137890076,23.455685090114525,-78.92951005359993,positive_cross,toward_S1,1.2468982440261933
3,miata,2024-03-29 20:15:09+00:00,40.289442,-88.126156,-75.04244560293733,288.0,-9.44544072675184,rs8,5.2108526663419195,27.66520517004901,22.454352503707092,1,5.2108526663419195,47.00606448574684,41.79521181940492,-78.92951005359993,positive_cross,toward_S1,1.0719826750122703
3,miata,2024-03-29 20:15:10+00:00,40.289515,-88.12616,-83.15223428387073,289.0,-8.109788680933391,rs8,4.813877859299847,27.408261217977902,22.594383358678055,1,4.813877859299847,55.13003909623902,50.316161236939166,-78.92951005359993,positive_cross,toward_S1,0.9218014031431333
3,miata,2024-03-29 20:15:11+00:00,40.289574,-88.126162,-89.70860738022732,290.0,-6.5563730963565945,rs8,10.760137125256563,29.015639182956143,18.25550205769958,1,10.760137125256563,61.690023234381854,50.92988610912529,-78.92951005359993,positive_cross,toward_S1,0.8003870865439371
3,miata,2024-03-29 20:15:12+00:00,40.28962,-88.126161,-94.82427176817093,291.0,-5.11566438794361,rs8,15.695569504383823,31.37006757748135,15.674498073097528,1,15.695569504383823,66.79288691255265,51.09731740816882,-78.92951005359993,positive_cross,toward_S1,0.7056525608412777
3,miata,2024-03-29 20:15:13+00:00,40.289658,-88.126178,-99.02298071626602,292.0,-4.1987089480950885,rs8,20.134217488494986,32.58061141697153,12.446393928476542,1,20.134217488494986,71.10281984671343,50.96860235821845,-78.92951005359993,positive_cross,toward_S1,0.6278986914321094
3,miata,2024-03-29 20:15:14+00:00,40.289685,-88.12622,-101.96049342205487,293.0,-2.9375127057888477,rs8,24.03551531726469,31.98019043075992,7.944675113495229,1,24.03551531726469,74.42981134357298,50.39429602630829,-78.92951005359993,positive_cross,toward_S1,0.5735003079915753
3,miata,2024-03-29 20:15:15+00:00,40.289697,-88.126276,-103.20893302393826,294.0,-1.2484396018833905,rs8,27.2049648184444,30.005137878866496,2.8001730604220967,1,27.2049648184444,76.44627930624546,49.24131448780106,-78.92951005359993,positive_cross,toward_S1,0.5503810561048457
3,miata,2024-03-29 20:15:16+00:00,40.289693,-88.126338,-102.66936303159893,295.0,0.5395699923393238,rs10,26.928082944323286,29.71038477689388,2.7823018325705924,1,26.928082944323286,77.01746238571725,50.089379441393966,-78.92951005359993,negative_cross,toward_S4,0.5603730930000184
3,miata,2024-03-29 20:15:17+00:00,40.289674,-88.126393,-100.47285083496016,296.0,2.1965121966387784,rs10,23.18948330767644,31.295710349670046,8.106227041993606,1,23.18948330767644,74.10684450325616,50.917361195579716,-78.92951005359993,negative_cross,toward_S4,0.6010492447896254
3,miata,2024-03-29 20:15:18+00:00,40.289639,-88.126432,-96.5219899873448,297.0,3.9508608476153597,rs10,18.552374133781093,31.469631444317496,12.917257310536403,1,18.552374133781093,69.81246223847181,51.260088104690716,-78.92951005359993,negative_cross,toward_S4,0.6742133345602802
3,miata,2024-03-29 20:15:19+00:00,40.289589,-88.126451,-90.93407749278585,298.0,5.58791249455895,rs10,12.78018026458375,30.228211930136,17.44803166555225,1,12.78018026458375,64.11288331526825,51.3327030506845,-78.92951005359993,negative_cross,toward_S4,0.7776931955706311
3,miata,2024-03-29 20:15:20+00:00,40.289531,-88.126454,-84.48123101538373,299.0,6.452846477402119,rs10,6.464214680799205,28.560948542487427,22.09673386168822,1,6.464214680799205,57.668690215300565,51.20447553450136,-78.92951005359993,negative_cross,toward_S4,0.8971903525595593
3,miata,2024-03-29 20:15:21+00:00,40.289459,-88.126454,-76.47649899704486,300.0,8.00473201833887,rs10,2.8489205173438843,28.14628311289784,25.297362595553956,1,2.8489205173438843,49.710241428470965,46.86132091112708,-78.92951005359993,negative_cross,toward_S4,1.0454261306769457
3,miata,2024-03-29 20:15:22+00:00,40.289379,-88.126456,-67.57929222327071,301.0,8.897206773774144,rs10,10.974949590367473,30.43128166145557,19.4563320710881,1,10.974949590367473,40.865949553890886,29.890999963523413,-78.92951005359993,negative_cross,toward_S4,1.2101892190801706
3,miata,2024-03-29 20:15:23+00:00,40.289288,-88.126454,-57.46526045220636,302.0,10.114031771064354,rs10,21.028917096827993,30.912288772415298,9.883371675587306,1,21.028917096827993,30.912288772415298,9.883371675587306,-78.92951005359993,negative_cross,toward_S4,1.3974861037295105
3,miata,2024-03-29 20:15:24+00:00,40.289188,-88.126454,-46.347577093182935,303.0,11.117683359023424,rs7,20.11347756606175,32.11443028760902,12.000952721547268,2,20.11347756606175,32.11443028760902,12.000952721547268,-27.632700444717127,negative_cross,toward_S4,1.6534282102135962
3,miata,2024-03-29 20:15:25+00:00,40.289089,-88.126456,-35.33801048091786,304.0,11.009566612265075,rs7,10.0387324086562,29.707309268165808,19.668576859509606,2,10.0387324086562,43.09991458722416,33.06118217856796,-27.632700444717127,negative_cross,toward_S4,1.8573090734036901
3,miata,2024-03-29 20:15:26+00:00,40.288993,-88.126462,-24.65585419868651,305.0,10.68215628223135,rs7,5.83872359756196,29.378296384318517,23.53957278675656,2,5.83872359756196,52.26476674856738,46.42604315100542,-27.632700444717127,negative_cross,toward_S4,2.0551267823339003
3,miata,2024-03-29 20:15:27+00:00,40.288901,-88.126468,-14.41840525129007,306.0,10.23744894739644,rs7,13.580906757458864,32.56033573161979,18.979428974160925,2,13.580906757458864,42.10217396676485,28.52126720930599,-27.632700444717127,negative_cross,toward_S4,2.2447091702486492
3,miata,2024-03-29 20:15:28+00:00,40.28881,-88.126476,-4.289073050673704,307.0,10.129332200616366,rs7,23.199557129633916,32.06136079181973,8.861803662185814,2,23.199557129633916,32.06136079181973,8.861803662185814,-27.632700444717127,negative_cross,toward_S4,2.4322893961859893
3,miata,2024-03-29 20:15:29+00:00,40.28872,-88.126484,5.729082315860698,308.0,10.018155366534401,rs5,22.221319621340417,33.02262614450892,10.801306523168503,3,22.221319621340417,33.02262614450892,10.801306523168503,26.33125891160298,negative_cross,toward_S4,2.6184782111899576
3,miata,2024-03-29 20:15:30+00:00,40.288632,-88.126494,15.527944100699612,309.0,9.798861784838914,rs5,12.80649053385724,34.10758787709196,21.30109734323472,3,12.80649053385724,42.710493470888515,29.904002937031276,26.33125891160298,negative_cross,toward_S4,2.7999386146129006
3,miata,2024-03-29 20:15:31+00:00,40.288542,-88.126507,25.553749681615045,310.0,10.025805580915433,rs5,4.912926133245834,33.50274176928063,28.5898156360348,3,4.912926133245834,52.663886008568724,47.75095987532289,26.33125891160298,negative_cross,toward_S4,2.985601680926149
3,miata,2024-03-29 20:15:32+00:00,40.288451,-88.126522,35.693792181566195,311.0,10.14004249995115,rs5,9.372730325638656,36.03123241804407,26.658502092405413,3,9.372730325638656,45.81658758240167,36.44385725676301,26.33125891160298,negative_cross,toward_S4,3.1733802457400597
3,miata,2024-03-29 20:15:33+00:00,40.28836,-88.126528,45.820064296438844,312.0,10.126272114872648,rs5,19.06775129639568,35.68328591659348,16.615534620197803,3,19.06775129639568,35.68328591659348,16.615534620197803,26.33125891160298,negative_cross,toward_S4,3.3609038034228864
3,miata,2024-03-29 20:15:34+00:00,40.288271,-88.12653,55.71786257161666,313.0,9.897798275177813,rs2,25.799616949673545,28.872857298445773,3.0732403487722273,4,25.799616949673545,28.872857298445773,3.0732403487722273,80.2309515867141,negative_cross,toward_S4,3.546053907127825
3,miata,2024-03-29 20:15:35+00:00,40.288187,-88.126529,65.05518655079842,314.0,9.337323979181768,rs2,16.522162879751434,38.10297872681524,21.580815847063803,4,16.522162879751434,38.1898131441626,21.667650264411165,80.2309515867141,negative_cross,toward_S4,3.71896731414971
3,miata,2024-03-29 20:15:36+00:00,40.288109,-88.126531,73.7300396571334,315.0,8.674853106334979,rs2,7.9753187892645565,35.856366809498574,27.88104802023402,4,7.9753187892645565,46.83586826963371,38.86054948036915,80.2309515867141,negative_cross,toward_S4,3.879612742044802
3,miata,2024-03-29 20:15:37+00:00,40.288043,-88.126534,81.07230080264718,316.0,7.342261145513774,rs2,1.906487593473244,35.64543245058871,33.73894485711546,4,1.906487593473244,54.1545036354197,52.24801604194646,80.2309515867141,negative_cross,toward_S4,4.015580541035797
3,miata,2024-03-29 20:15:38+00:00,40.287969,-88.126497,89.2427749027825,317.0,8.170474100135323,rs2,9.345111073345912,33.87962603648094,24.53451496313503,4,9.345111073345912,62.57848544171686,53.233374368370946,80.2309515867141,negative_cross,toward_S4,4.16688561696423
3,miata,2024-03-29 20:15:39+00:00,40.287937,-88.126529,92.8493949495419,318.0,3.606620046759403,rs2,11.673860917539214,37.588189319553734,25.91432840201452,4,11.673860917539214,65.95175888506199,54.277897967522776,80.2309515867141,negative_cross,toward_S4,4.2336748770894035
3,miata,2024-03-29 20:15:40+00:00,40.287895,-88.126485,97.45150007403306,319.0,4.60210512449116,rs2,17.208654846557273,36.18316798231451,18.974513135757235,4,17.208654846557273,70.86769569732937,53.659040850772094,80.2309515867141,negative_cross,toward_S4,4.318899046061462
3,miata,2024-03-29 20:15:41+00:00,40.287868,-88.12644,100.38442265120635,320.0,2.9329225771732865,rs2,21.508069762919824,34.640226298483675,13.132156535563851,4,21.508069762919824,74.29566593007597,52.787596167156146,80.2309515867141,negative_cross,toward_S4,4.373212427120227
3,miata,2024-03-29 20:15:42+00:00,40.287853,-88.126382,101.96333266886717,321.0,1.5789100176608173,rs2,25.501795962183206,32.0086911739057,6.506895211722497,4,25.501795962183206,76.77633936867943,51.27454340649622,80.2309515867141,negative_cross,toward_S4,4.4024515015213534
3,miata,2024-03-29 20:15:43+00:00,40.287849,-88.12632,102.31317734461777,322.0,0.3498446757506031,rs1,28.869443837364376,29.190959509738757,0.3215156723743817,4,28.869443837364376,78.42005178453962,49.55060794717525,80.2309515867141,positive_cross,ambiguous,4.408930106627846
3,miata,2024-03-29 20:15:44+00:00,40.287857,-88.126268,101.34420044618389,323.0,-0.9689768984338798,rs1,25.665465255016322,31.801515121185613,6.136049866169291,4,25.665465255016322,76.6707803566663,51.00531510164998,80.2309515867141,positive_cross,toward_S1,4.390986089990181
3,miata,2024-03-29 20:15:45+00:00,40.287881,-88.126225,98.61016459669216,324.0,-2.7340358494917325,rs1,21.585792418806275,33.189095532319534,11.60330311351326,4,21.585792418806275,73.47917021149156,51.893377792685285,80.2309515867141,positive_cross,toward_S1,4.3403557964810755
3,miata,2024-03-29 20:15:46+00:00,40.287912,-88.126196,95.11931151186208,325.0,-3.4908530848300785,rs1,17.424990540190326,33.70188729152872,16.276896751338395,4,17.424990540190326,69.7684571199592,52.34346657976887,80.2309515867141,positive_cross,toward_S1,4.275710368984222
3,miata,2024-03-29 20:15:47+00:00,40.28795,-88.126176,90.86399097737784,326.0,-4.255320534484241,rs1,12.872876497501604,33.76378561015742,20.890909112655816,4,12.872876497501604,65.40302340491235,52.53014690741074,80.2309515867141,positive_cross,toward_S1,4.196908136864144
3,miata,2024-03-29 20:15:48+00:00,40.287989,-88.126169,86.51738416695746,327.0,-4.346606810420383,rs1,8.755333670767033,33.32743699199033,24.5721033212233,4,8.755333670767033,61.03136849273846,52.27603482197142,80.2309515867141,positive_cross,toward_S1,4.116415418152655
3,miata,2024-03-29 20:15:49+00:00,40.288042,-88.126178,80.638782372978,328.0,-5.878601793979456,rs1,5.62342598936476,32.080299713442706,26.456873724077944,4,5.62342598936476,55.228696932640474,49.60527094327571,80.2309515867141,positive_cross,toward_S1,4.00755242196785
3,miata,2024-03-29 20:15:50+00:00,40.2881,-88.126178,74.19052602419146,329.0,-6.448256348786543,rs1,7.319800316737927,32.768513025550085,25.44871270881216,4,7.319800316737927,48.814967528829676,41.49516721209175,80.2309515867141,positive_cross,toward_S1,3.8881402673606917
3,miata,2024-03-29 20:15:51+00:00,40.288166,-88.126177,66.85132496444314,330.0,-7.339201059748319,rs1,13.37534718997257,35.08929305113279,21.71394586116022,4,13.37534718997257,41.519360251977254,28.14401306200468,80.2309515867141,positive_cross,toward_S1,3.752229136624612
3,miata,2024-03-29 20:15:52+00:00,40.288236,-88.126176,59.067416569859915,331.0,-7.7839083945832215,rs1,20.72823981746087,33.80410616724897,13.075866349788097,4,20.72823981746087,33.80410616724897,13.075866349788097,80.2309515867141,positive_cross,toward_S1,3.6080826848730707
3,miata,2024-03-29 20:15:53+00:00,40.288313,-88.126172,50.50068021107325,332.0,-8.566736358786663,rs3,25.317070954124105,29.03566019080217,3.7185892366780635,3,25.317070954124105,29.03566019080217,3.7185892366780635,26.33125891160298,positive_cross,toward_S1,3.447581875916116
3,miata,2024-03-29 20:15:54+00:00,40.288394,-88.126166,41.48617643328787,333.0,-9.014503777785379,rs3,16.44050391922441,36.85755355198275,20.41704963275834,3,16.44050391922441,37.883662137782196,21.443158218557787,26.33125891160298,positive_cross,toward_S1,3.2806466207719422
3,miata,2024-03-29 20:15:55+00:00,40.288475,-88.126159,32.47014261184069,334.0,-9.01603382144718,rs3,7.8612832388552585,34.764851823599656,26.9035685847444,3,7.8612832388552585,46.79184182168243,38.930558582827175,26.33125891160298,positive_cross,toward_S1,3.1136830314858837
3,miata,2024-03-29 20:15:56+00:00,40.288562,-88.126155,22.79163791754667,335.0,-9.678504694294023,rs3,4.642117314188561,34.76322063967898,30.121103325490417,3,4.642117314188561,51.08479969921484,46.44268238502628,26.33125891160298,positive_cross,toward_S1,2.934451463073031
3,miata,2024-03-29 20:15:57+00:00,40.288649,-88.126155,13.119253394761815,336.0,-9.672384522784855,rs3,13.082635758799823,37.044477225437745,23.96184146663792,3,13.082635758799823,41.43115357815694,28.348517819357113,26.33125891160298,positive_cross,toward_S1,2.755333231169608
3,miata,2024-03-29 20:15:58+00:00,40.288738,-88.126153,3.221455118815795,337.0,-9.89779827594602,rs3,22.732821046754534,31.55358560963628,8.820764562881745,3,22.732821046754534,31.55358560963628,8.820764562881745,26.33125891160298,positive_cross,toward_S1,2.572040670503941
3,miata,2024-03-29 20:15:59+00:00,40.288825,-88.126153,-6.450929403969054,338.0,-9.67238452278485,rs6,21.940172330578104,32.33026335719422,10.390091026616115,2,21.940172330578104,32.33026335719422,10.390091026616115,-27.632700444717127,positive_cross,toward_S1,2.3922550192731125
3,miata,2024-03-29 20:16:00+00:00,40.288912,-88.126153,-16.1233139267539,339.0,-9.672384522784848,rs6,12.425388826750378,33.531983258080466,21.106594431330088,2,12.425388826750378,41.96412078522496,29.538731958474578,-27.632700444717127,positive_cross,toward_S1,2.2131367873696894
3,miata,2024-03-29 20:16:01+00:00,40.288995,-88.126154,-25.34946107183198,340.0,-9.226147145078077,rs6,4.185556719532098,31.498250130479793,27.312693410947695,2,4.185556719532098,51.17592106130811,46.990364341776015,-27.632700444717127,positive_cross,toward_S1,2.042282210608984
3,miata,2024-03-29 20:16:02+00:00,40.289078,-88.126154,-34.57713826057187,341.0,-9.227677188739893,rs6,7.112131031474455,32.18191457299363,25.069783541519172,2,7.112131031474455,44.987193449611325,37.87506241813687,-27.632700444717127,positive_cross,toward_S1,1.8713992997063937
3,miata,2024-03-29 20:16:03+00:00,40.289164,-88.126155,-44.13681590638116,342.0,-9.559677645809288,rs6,16.28424675185121,35.42972922212944,19.14548247027823,2,16.28424675185121,35.44797980955329,19.16373305770208,-27.632700444717127,positive_cross,toward_S1,1.6943682321914069
3,miata,2024-03-29 20:16:04+00:00,40.289254,-88.126156,-54.14120088702536,343.0,-10.004384980644204,rs8,25.48603986155329,26.185934650781785,0.6998947892284946,1,25.48603986155329,26.185934650781785,0.6998947892284946,-78.92951005359993,positive_cross,toward_S1,1.4590427623439735
3,miata,2024-03-29 20:16:05+00:00,40.289346,-88.126155,-64.37099962083073,344.0,-10.229798733805367,rs8,15.33767149880842,31.064982418239317,15.727310919430897,1,15.33767149880842,36.354041653870674,21.016370155062255,-78.92951005359993,positive_cross,toward_S1,1.2696020450512815
3,miata,2024-03-29 20:16:06+00:00,40.289432,-88.126154,-73.93373735238372,345.0,-9.562737731552986,rs8,6.1101211367179715,28.006550604705062,21.89642946798709,1,6.1101211367179715,45.88480772960918,39.77468659289121,-78.92951005359993,positive_cross,toward_S1,1.0925143092817817
3,miata,2024-03-29 20:16:07+00:00,40.289504,-88.126157,-81.93387924287524,346.0,-8.00014189049152,rs8,3.758597620038199,27.494809399020145,23.736211778981946,1,3.758597620038199,53.892829918068614,50.13423229803041,-78.92951005359993,positive_cross,toward_S1,0.9443635335319387
3,miata,2024-03-29 20:16:08+00:00,40.28956,-88.126159,-88.15672183850062,347.0,-6.22284259562538,rs8,9.201842705803028,28.708460758188313,19.506618052385285,1,9.201842705803028,60.1204282217971,50.91858551599407,-78.92951005359993,positive_cross,toward_S1,0.8291257076870243
3,miata,2024-03-29 20:16:09+00:00,40.2896,-88.126156,-92.60838531074731,348.0,-4.451663472246693,rs8,13.431259297634057,30.673942756300296,17.24268345866624,1,13.431259297634057,64.54905854062005,51.117799242985996,-78.92951005359993,positive_cross,toward_S1,0.7466874952380114
3,miata,2024-03-29 20:16:10+00:00,40.289638,-88.126162,-96.82392472968631,349.0,-4.215539418939002,rs8,17.676382784710675,32.366752997995796,14.69037021328512,1,17.676382784710675,68.7965984562319,51.12021567152123,-78.92951005359993,positive_cross,toward_S1,0.6686219504428448
3,miata,2024-03-29 20:16:11+00:00,40.289671,-88.126201,-100.43308856636489,350.0,-3.609163836678576,rs8,22.044802539593633,32.034948930312886,9.990146390719254,1,22.044802539593633,72.70897812610295,50.664175586509316,-78.92951005359993,positive_cross,toward_S1,0.6017855830969452
3,miata,2024-03-29 20:16:12+00:00,40.289696,-88.126256,-103.12835704814863,351.0,-2.6952684817837422,rs8,26.340031246743802,30.92221258926674,4.5821813425229365,1,26.340031246743802,76.05640455568953,49.71637330894572,-78.92951005359993,positive_cross,toward_S1,0.5518732038046537
3,miata,2024-03-29 20:16:13+00:00,40.289698,-88.12632,-103.2527879715063,352.0,-0.12443092335766437,rs10,28.127108875550892,29.25608393718226,1.128975061631369,1,28.127108875550892,77.29850963300156,49.17140075745067,-78.92951005359993,negative_cross,ambiguous,0.5495689274461784
3,miata,2024-03-29 20:16:14+00:00,40.289687,-88.126375,-101.94569044374735,353.0,1.3070975277589412,rs10,25.06223889451229,31.23868910648401,6.176450211971719,1,25.06223889451229,75.77694318144952,50.714704286937234,-78.92951005359993,negative_cross,toward_S4,0.5737744372194922
3,miata,2024-03-29 20:16:15+00:00,40.28966,-88.12642,-98.87506400696901,354.0,3.0706264367783405,rs10,21.058117792129366,32.01924762220934,10.961129830079976,1,21.058117792129366,72.25156558661526,51.19344779448589,-78.92951005359993,negative_cross,toward_S4,0.6306378897524243
3,miata,2024-03-29 20:16:16+00:00,40.289615,-88.126445,-93.8338554233058,355.0,5.041208583663206,rs10,15.716333565920507,31.033032370105236,15.316698804184728,1,15.716333565920507,67.04089060879573,51.32455704287523,-78.92951005359993,negative_cross,toward_S4,0.7239936042647059
3,miata,2024-03-29 20:16:17+00:00,40.289557,-88.126452,-87.3748887751845,356.0,6.458966648121304,rs10,9.28521738316966,29.09049526991815,19.80527788674849,1,9.28521738316966,60.562756336816015,51.277538953646356,-78.92951005359993,negative_cross,toward_S4,0.8436040977484338
3,miata,2024-03-29 20:16:18+00:00,40.289492,-88.126451,-80.14992463449366,357.0,7.224964140690844,rs10,2.961579138734745,27.80043204525312,24.838852906518376,1,2.961579138734745,53.38506368164502,50.42348454291027,-78.92951005359993,negative_cross,toward_S4,0.9773997299834494
3,miata,2024-03-29 20:16:19+00:00,40.289417,-88.126453,-71.8086020288899,358.0,8.341322605603764,rs10,6.933726562936976,28.861407975675636,21.92768141273866,1,6.933726562936976,45.08727252949892,38.15354596656194,-78.92951005359993,negative_cross,toward_S4,1.13186866712426
3,miata,2024-03-29 20:16:20+00:00,40.289335,-88.126453,-62.6921016742537,359.0,9.116500354636194,rs10,15.848304877228193,32.367247427409296,16.5189425501811,1,15.848304877228193,36.069938367119015,20.22163348989082,-78.92951005359993,negative_cross,toward_S4,1.300692747765671
3,miata,2024-03-29 20:16:21+00:00,40.289247,-88.126453,-52.90854031815511,360.0,9.783561356098588,rs10,25.577255781031322,26.471597461430864,0.8943416803995419,1,25.577255781031322,26.471597461430864,0.8943416803995419,-78.92951005359993,negative_cross,toward_S4,1.4818698099156447
3,miata,2024-03-29 20:16:22+00:00,40.289159,-88.126454,-43.123448918394686,361.0,9.785091399760425,rs7,17.059832981519683,32.43827886293832,15.378445881418635,2,17.059832981519683,35.33359356334967,18.27376058182999,-27.632700444717127,negative_cross,toward_S4,1.7131342875244897
3,miata,2024-03-29 20:16:23+00:00,40.28907,-88.126457,-33.22412060034503,362.0,9.899328318049655,rs7,8.34380320481093,29.319276468081743,20.975473263270814,2,8.34380320481093,45.207566801694306,36.86376359688337,-27.632700444717127,negative_cross,toward_S4,1.896455182303187
3,miata,2024-03-29 20:16:24+00:00,40.288981,-88.126463,-23.320202152889834,363.0,9.903918447455197,rs7,6.450083601487387,29.630502021551422,23.180418420064036,2,6.450083601487387,50.9342677827153,44.48418418122792,-27.632700444717127,negative_cross,toward_S4,2.0798610794782832
3,miata,2024-03-29 20:16:25+00:00,40.288894,-88.126468,-13.640167415723955,364.0,9.68003473716588,rs7,14.31236449732314,32.88558365068291,18.573219153359773,2,14.31236449732314,41.33810355633015,27.02573905900701,-27.632700444717127,negative_cross,toward_S4,2.259120982018392
3,miata,2024-03-29 20:16:26+00:00,40.28881,-88.126474,-4.292133136417419,365.0,9.348034279306535,rs7,23.230130294839963,32.10062732925931,8.870497034419348,2,23.230130294839963,32.10062732925931,8.870497034419348,-27.632700444717127,negative_cross,toward_S4,2.432232727931476
3,miata,2024-03-29 20:16:27+00:00,40.288729,-88.126484,4.728490813667084,366.0,9.020623950084502,rs5,23.17827794761516,32.0271370398888,8.848859092273639,3,23.17827794761516,32.0271370398888,8.848859092273639,26.33125891160298,negative_cross,toward_S4,2.599948738927113
3,miata,2024-03-29 20:16:28+00:00,40.288652,-88.126496,13.30746751466039,367.0,8.578976700993305,rs5,14.757471508341949,35.02575727510269,20.26828576676074,3,14.757471508341949,40.47980197955718,25.72233047121523,26.33125891160298,negative_cross,toward_S4,2.7588186778343964
3,miata,2024-03-29 20:16:29+00:00,40.288576,-88.126512,21.78138755384912,368.0,8.473920039188732,rs5,6.72477878036758,34.21083097614796,27.48605219578038,3,6.72477878036758,48.8728750475339,42.14809626716632,26.33125891160298,negative_cross,toward_S4,2.915743123004558
3,miata,2024-03-29 20:16:30+00:00,40.288498,-88.126525,30.473071131817985,369.0,8.691683577968863,rs5,4.724438491620048,35.27739406989827,30.552955578278223,3,4.724438491620048,51.02106375340421,46.296625261784165,26.33125891160298,negative_cross,toward_S4,3.076700226300278
3,miata,2024-03-29 20:16:31+00:00,40.288419,-88.126532,39.26675128584772,370.0,8.793680154029733,rs5,12.549090401187412,37.92012831590922,25.371037914721803,3,12.549090401187412,42.21545440721212,29.666364006024708,26.33125891160298,negative_cross,toward_S4,3.239546155078606
3,miata,2024-03-29 20:16:32+00:00,40.288339,-88.126533,48.1624280159383,371.0,8.895676730090585,rs5,21.324885000961228,33.32547997350148,12.000594972540252,3,21.324885000961228,33.32547997350148,12.000594972540252,26.33125891160298,negative_cross,toward_S4,3.404280909339543
3,miata,2024-03-29 20:16:33+00:00,40.288258,-88.126529,57.161631365773324,372.0,8.999203349835021,rs2,24.367186009019907,30.320340879855856,5.953154870835949,4,24.367186009019907,30.320340879855856,5.953154870835949,80.2309515867141,negative_cross,toward_S4,3.5727903662788747
3,miata,2024-03-29 20:16:34+00:00,40.288179,-88.126526,65.94001109104096,373.0,8.778379725267634,rs2,15.680937334637497,37.53383188445042,21.852894549812923,4,15.680937334637497,39.09654951113283,23.41561217649533,80.2309515867141,negative_cross,toward_S4,3.735352953783831
3,miata,2024-03-29 20:16:35+00:00,40.288106,-88.126527,74.05744998635542,374.0,8.117438895314464,rs2,7.755548900417883,35.46754442690517,27.71199552648729,4,7.755548900417883,47.189452626505584,39.4339037260877,80.2309515867141,negative_cross,toward_S4,3.885675896289654
3,miata,2024-03-29 20:16:36+00:00,40.28804,-88.126528,81.39665104610374,375.0,7.339201059748319,rs2,2.3841373999874627,35.15177184763783,32.767634447650366,4,2.3841373999874627,54.51281509351085,52.128677693523386,80.2309515867141,negative_cross,toward_S4,4.021587027025734
3,miata,2024-03-29 20:16:37+00:00,40.287973,-88.126499,88.80112765369134,376.0,7.404476607587597,rs2,8.879139158332164,33.91898158689241,25.03984242856024,4,8.879139158332164,62.120403856895926,53.24126469856376,80.2309515867141,negative_cross,toward_S4,4.158706964203282
3,miata,2024-03-29 20:16:38+00:00,40.287935,-88.126519,93.05644818819732,377.0,4.255320534505984,rs2,12.08478252411502,36.875420220588126,24.790637696473105,4,12.08478252411502,66.21587279564623,54.131090271531214,80.2309515867141,negative_cross,toward_S4,4.237509196323764
3,miata,2024-03-29 20:16:39+00:00,40.287899,-88.126484,97.00526269632631,378.0,3.94881450812899,rs2,16.823369276476292,35.891277283278654,19.067908006802362,4,16.823369276476292,70.43269389796303,53.60932462148674,80.2309515867141,negative_cross,toward_S4,4.310635390918745
3,miata,2024-03-29 20:16:40+00:00,40.287872,-88.126441,99.94124536003325,379.0,2.9359826637069375,rs2,21.074100165450197,34.442185842320285,13.368085676870088,4,21.074100165450197,73.84326964772858,52.76916948227838,80.2309515867141,negative_cross,toward_S4,4.365005440246651
3,miata,2024-03-29 20:16:41+00:00,40.287857,-88.126388,101.52780559128516,380.0,1.5865602312519087,rs2,24.84475821322374,32.06376681653028,7.219008603306541,4,24.84475821322374,76.2399367650273,51.39517855180355,80.2309515867141,negative_cross,toward_S4,4.394386185269834
3,miata,2024-03-29 20:16:42+00:00,40.287854,-88.126327,101.76800347659385,381.0,0.2401978853086888,rs2,28.378924976190717,28.79714560121771,0.41822062502699353,4,28.378924976190717,77.73405378102065,49.35512880482993,80.2309515867141,negative_cross,ambiguous,4.398834294257032
3,miata,2024-03-29 20:16:43+00:00,40.287859,-88.126274,101.13102703680927,382.0,-0.6369764397845756,rs1,25.738639453827705,31.268314668170547,5.529675214342841,4,25.738639453827705,76.54132831848364,50.802688864655934,80.2309515867141,positive_cross,toward_S1,4.387038434261021
3,miata,2024-03-29 20:16:44+00:00,40.287875,-88.126229,99.28334576964201,383.0,-1.8476812671672604,rs1,22.33434392277791,33.26558135291767,10.93123743013976,4,22.33434392277791,74.18546548188385,51.85112155910594,80.2309515867141,positive_cross,toward_S1,4.352822114498665
3,miata,2024-03-29 20:16:45+00:00,40.287902,-88.126194,96.22801976162573,384.0,-3.05532600801628,rs1,18.38738685493362,34.33799289881616,15.95060604388254,4,18.38738685493362,70.85819951971136,52.47081266477774,80.2309515867141,positive_cross,toward_S1,4.296242003239104
3,miata,2024-03-29 20:16:46+00:00,40.287937,-88.126174,92.30622972866264,385.0,-3.921790032963088,rs1,14.143897540459578,34.3798518679541,20.235954327494525,4,14.143897540459578,66.83058502922546,52.686687488765884,80.2309515867141,positive_cross,toward_S1,4.223616261887936
3,miata,2024-03-29 20:16:47+00:00,40.28798,-88.126171,87.52103575568476,386.0,-4.785193972977879,rs1,9.701424033755544,33.34572725144122,23.644303217685675,4,9.701424033755544,62.04274419939411,52.341320165638564,80.2309515867141,positive_cross,toward_S1,4.135001558684642
3,miata,2024-03-29 20:16:48+00:00,40.288024,-88.126174,82.6338452058778,387.0,-4.887190549806959,rs1,6.178497200348511,32.46703036619654,26.28853316584803,4,6.178497200348511,57.18876100489478,51.01026380454627,80.2309515867141,positive_cross,toward_S1,4.0444980299845135
3,miata,2024-03-29 20:16:49+00:00,40.288081,-88.126174,76.29676569119495,388.0,-6.337079514682856,rs1,5.801789031436491,32.739537393869796,26.937748362433304,4,5.801789031436491,50.87888281987857,45.07709378844208,80.2309515867141,positive_cross,toward_S1,3.9271447056385345
3,miata,2024-03-29 20:16:50+00:00,40.288147,-88.126174,68.95909467352853,389.0,-7.337671017666423,rs1,11.351885375806873,34.53813016129882,23.186244785491944,4,11.351885375806873,43.5835959383961,32.23171056258923,80.2309515867141,positive_cross,toward_S1,3.791261909015082
3,miata,2024-03-29 20:16:51+00:00,40.28822,-88.126174,60.84318582108596,390.0,-8.115908852442566,rs1,18.96572890306878,35.536472639986776,16.570743736917997,4,18.96572890306878,35.536472639986776,16.570743736917997,80.2309515867141,positive_cross,toward_S1,3.640967300636516
3,miata,2024-03-29 20:16:52+00:00,40.288299,-88.126172,52.05715588141552,391.0,-8.786029939670442,rs3,26.844464129556933,27.502119078525578,0.657654948968645,3,26.844464129556933,27.502119078525578,0.657654948968645,26.33125891160298,positive_cross,toward_S1,3.4764054994409728
3,miata,2024-03-29 20:16:53+00:00,40.288376,-88.126169,43.49194956631242,392.0,-8.565206315103097,rs3,18.437163067643283,35.92790897854451,17.490745910901225,3,18.437163067643283,35.92790897854451,17.490745910901225,26.33125891160298,positive_cross,toward_S1,3.3177905676798045
3,miata,2024-03-29 20:16:54+00:00,40.288454,-88.126167,34.81709645995572,393.0,-8.6748531063567,rs3,10.237266825615308,34.58764143933116,24.35037461371585,3,10.237266825615308,44.52737066748591,34.290103841870604,26.33125891160298,positive_cross,toward_S1,3.15714513978431
3,miata,2024-03-29 20:16:55+00:00,40.288532,-88.126164,26.140713311538875,394.0,-8.676383148416846,rs3,4.417340043178783,33.811255111538124,29.39391506835934,3,4.417340043178783,53.14533124361432,48.72799120043554,26.33125891160298,positive_cross,toward_S1,2.9964713777765906
3,miata,2024-03-29 20:16:56+00:00,40.288609,-88.126163,17.578567081389526,395.0,-8.562146230149349,rs3,9.192553089133328,35.032083355734244,25.839530266600917,3,9.192553089133328,45.92035252530858,36.72779943617525,26.33125891160298,positive_cross,toward_S1,2.8379131142553065
3,miata,2024-03-29 20:16:57+00:00,40.288687,-88.126161,8.903713975032836,396.0,-8.67485310635669,rs3,17.29798947993147,37.26522684264686,19.96723736271539,3,17.29798947993147,37.26522684264686,19.96723736271539,26.33125891160298,positive_cross,toward_S1,2.677267686359812
3,miata,2024-03-29 20:16:58+00:00,40.28877,-88.126162,-0.32243317004524424,397.0,-9.22614714507808,rs3,26.36768939885705,28.104677010426887,1.7369876115698375,3,26.36768939885705,28.104677010426887,1.7369876115698375,26.33125891160298,positive_cross,toward_S1,2.506413109599107
3,miata,2024-03-29 20:16:59+00:00,40.288855,-88.126163,-9.770933982519034,398.0,-9.44850081247379,rs6,18.79575556743441,35.461829579216335,16.666074011781927,2,18.79575556743441,35.74202144536206,16.946265877927654,-27.632700444717127,positive_cross,toward_S1,2.330773453003668
3,miata,2024-03-29 20:17:00+00:00,40.288942,-88.126163,-19.44331850530389,399.0,-9.672384522784855,rs6,9.532981050306653,31.719327830154437,22.186346779847785,2,9.532981050306653,45.363110291135165,35.83012924082851,-27.632700444717127,positive_cross,toward_S1,2.151655221100245
3,miata,2024-03-29 20:17:01+00:00,40.289031,-88.126163,-29.338056695506193,400.0,-9.894738190202304,rs6,4.028251983662042,30.70332705114228,26.67507506748024,2,4.028251983662042,50.25214004613264,46.22388806247059,-27.632700444717127,positive_cross,toward_S1,1.9684193286890914
3,miata,2024-03-29 20:17:02+00:00,40.289122,-88.126161,-39.45820863810145,401.0,-10.12015194259526,rs6,11.885361750297596,33.029096543368524,21.143734793070927,2,11.885361750297596,40.14483748638366,28.25947573608606,-27.632700444717127,positive_cross,toward_S1,1.78100910752992
3,miata,2024-03-29 20:17:03+00:00,40.289213,-88.12616,-49.57683053780311,402.0,-10.118621899701658,rs6,21.722133755043004,30.05671725448649,8.334583499443486,2,21.722133755043004,30.05671725448649,8.334583499443486,-27.632700444717127,positive_cross,toward_S1,1.5936272204984077
3,miata,2024-03-29 20:17:04+00:00,40.289307,-88.126163,-60.02286276751675,403.0,-10.446032229713637,rs8,19.727638489018066,32.109341225208055,12.38170273618999,1,19.727638489018066,32.109341225208055,12.38170273618999,-78.92951005359993,positive_cross,toward_S1,1.3501230978904293
3,miata,2024-03-29 20:17:05+00:00,40.289398,-88.126169,-70.13077436709368,404.0,-10.10791159957693,rs8,10.08530118191801,27.698463833464775,17.613162651546766,1,10.08530118191801,42.22486292090663,32.13956173898862,-78.92951005359993,positive_cross,toward_S1,1.1629395497501158
3,miata,2024-03-29 20:17:06+00:00,40.289476,-88.126173,-78.79644721619746,405.0,-8.665672849103785,rs8,4.240553227341282,25.961660886501292,21.721107659160012,1,4.240553227341282,50.892238081111515,46.651684853770234,-78.92951005359993,positive_cross,toward_S1,1.002464126618564
3,miata,2024-03-29 20:17:07+00:00,40.289539,-88.126172,-85.8021177752146,406.0,-7.005670559017133,rs8,7.5722543846832595,26.96971429944805,19.39745991476479,1,7.5722543846832595,57.86633786302301,50.29408347833975,-78.92951005359993,positive_cross,toward_S1,0.8727294866367654
3,miata,2024-03-29 20:17:08+00:00,40.289586,-88.126169,-91.03201908300565,407.0,-5.229901307791053,rs8,12.213094025462071,29.00281969335847,16.7897256678964,1,12.213094025462071,63.06058656980623,50.84749254434416,-78.92951005359993,positive_cross,toward_S1,0.7758794624184125
3,miata,2024-03-29 20:17:09+00:00,40.289626,-88.126175,-95.46991216936213,408.0,-4.437893086356482,rs8,16.621118290553728,30.71168651732646,14.090568226772731,1,16.621118290553728,67.53448883125408,50.913370540700356,-78.92951005359993,positive_cross,toward_S1,0.6936962571155147
3,miata,2024-03-29 20:17:10+00:00,40.289657,-88.12621,-98.8628425101324,409.0,-3.3929303407702633,rs8,20.819976424684697,30.425543535483293,9.605567110798596,1,20.819976424684697,71.23934158189454,50.41936515720984,-78.92951005359993,positive_cross,toward_S1,0.6308642137679172
3,miata,2024-03-29 20:17:11+00:00,40.289678,-88.126263,-101.11646374363666,410.0,-2.253621233504262,rs8,24.821426451177096,28.985092171743986,4.16366572056689,1,24.821426451177096,74.17543497959885,49.35400852842175,-78.92951005359993,positive_cross,toward_S1,0.589130487221542
3,miata,2024-03-29 20:17:12+00:00,40.289687,-88.126323,-102.02525267327964,411.0,-0.9087889296429807,rs10,26.933895998274245,28.409851280298476,1.4759552820242305,1,26.933895998274245,76.16391143655419,49.23001543827994,-78.92951005359993,negative_cross,toward_S1,0.5723010625985239
3,miata,2024-03-29 20:17:13+00:00,40.289682,-88.126378,-101.38521614696137,412.0,0.6400365263182692,rs10,24.452140525250776,31.011313643496898,6.559173118246122,1,24.452140525250776,75.1862556256681,50.73411510041732,-78.92951005359993,negative_cross,toward_S4,0.584153590863677
3,miata,2024-03-29 20:17:14+00:00,40.289656,-88.126424,-98.42423650141488,413.0,2.9609796455464874,rs10,20.546514439175667,32.01526343916463,11.46874899998896,1,20.546514439175667,71.76900066444622,51.22248622527056,-78.92951005359993,negative_cross,toward_S4,0.638986547262686
3,miata,2024-03-29 20:17:15+00:00,40.289613,-88.126454,-93.59773137080988,414.0,4.826505130605,rs10,15.37390362189252,31.602736975054384,16.228833353161864,1,15.37390362189252,66.74700417943696,51.37310055754443,-78.92951005359993,negative_cross,toward_S4,0.7283662719035193
3,miata,2024-03-29 20:17:16+00:00,40.289559,-88.126461,-87.58347205592176,415.0,6.014259314888122,rs10,9.346274372131587,29.885790490041373,20.539516117909784,1,9.346274372131587,60.71176472792294,51.36549035579135,-78.92951005359993,negative_cross,toward_S4,0.8397414444014475
3,miata,2024-03-29 20:17:17+00:00,40.289499,-88.126453,-80.92510238352607,416.0,6.658369672395693,rs10,3.3695093640618117,28.012359189927434,24.64284982586562,1,3.3695093640618117,54.13920083661863,50.769691472556815,-78.92951005359993,negative_cross,toward_S4,0.9630445864828493
3,miata,2024-03-29 20:17:18+00:00,40.289428,-88.126451,-73.03460728424467,417.0,7.890495099281395,rs10,5.853693697080205,28.414531951984042,22.560838254903835,1,5.853693697080205,46.32246659777248,40.46877290069228,-78.92951005359993,negative_cross,toward_S4,1.1091648660991713
3,miata,2024-03-29 20:17:19+00:00,40.289351,-88.126452,-64.4724610548853,418.0,8.56214622935937,rs10,14.101717344374585,31.43175455813133,17.330037213756746,1,14.101717344374585,37.839192696385076,23.73747535201049,-78.92951005359993,negative_cross,toward_S4,1.2677231296058264
3,miata,2024-03-29 20:17:20+00:00,40.289269,-88.126456,-55.349840527949965,419.0,9.122620526935336,rs10,23.117481291969835,28.806969090691577,5.689487798721743,1,23.117481291969835,28.806969090691577,5.689487798721743,-78.92951005359993,negative_cross,toward_S4,1.4366605467712956
3,miata,2024-03-29 20:17:21+00:00,40.289183,-88.126459,-45.78404271065325,420.0,9.565797817296712,rs7,19.45804764934581,32.644571276156604,13.186523626810793,2,19.45804764934581,32.644571276156604,13.186523626810793,-27.632700444717127,negative_cross,toward_S4,1.663864032112294
3,miata,2024-03-29 20:17:22+00:00,40.289098,-88.126463,-36.327891683776684,421.0,9.456151026876569,rs7,10.566916542317054,30.54926265014125,19.9823461078242,2,10.566916542317054,42.076583297148225,31.509666754831173,-27.632700444717127,negative_cross,toward_S4,1.8389779400174155
3,miata,2024-03-29 20:17:23+00:00,40.289013,-88.126466,-26.873270699003758,422.0,9.454620984772927,rs7,4.9529346614313265,29.570618142559287,24.617683481127962,2,4.9529346614313265,51.52072651497485,46.56779185354352,-27.632700444717127,negative_cross,toward_S4,2.0140635138095067
3,miata,2024-03-29 20:17:24+00:00,40.288933,-88.12647,-17.973003840275858,423.0,8.9002668587279,rs7,10.247850554358935,31.439221199222615,21.19137064486368,2,10.247850554358935,45.57179222274236,35.323941668383426,-27.632700444717127,negative_cross,toward_S4,2.178883270452616
3,miata,2024-03-29 20:17:25+00:00,40.288854,-88.126479,-9.176263600480667,424.0,8.796740239795191,rs7,18.34786516213428,35.815023541200745,17.467158379066465,2,18.34786516213428,36.792560714157084,18.444695552022804,-27.632700444717127,negative_cross,toward_S4,2.3417858674858603
3,miata,2024-03-29 20:17:26+00:00,40.288776,-88.126491,-0.4861100653836531,425.0,8.690153535097014,rs7,26.76599070213268,28.091239602256802,1.325248900124123,2,26.76599070213268,28.091239602256802,1.325248900124123,-27.632700444717127,negative_cross,toward_S4,2.5027146366543236
3,miata,2024-03-29 20:17:27+00:00,40.288695,-88.126504,8.539104013316424,426.0,9.025214078700076,rs5,19.07608859183905,35.667405248520055,16.591316656681006,3,19.07608859183905,35.667405248520055,16.591316656681006,26.33125891160298,negative_cross,toward_S4,2.6705156500317306
3,miata,2024-03-29 20:17:28+00:00,40.288612,-88.126516,17.785141715772138,427.0,9.246037702455714,rs5,9.998553038526278,35.28712654287655,25.28857350435027,3,9.998553038526278,44.863111017920104,34.86455797939382,26.33125891160298,negative_cross,toward_S4,2.841738570447577
3,miata,2024-03-29 20:17:29+00:00,40.288527,-88.126521,27.242822785520566,428.0,9.457681069748428,rs5,3.5310978787226075,34.69834582090397,31.16724794218136,3,3.5310978787226075,54.260135424244595,50.72903754552199,26.33125891160298,negative_cross,toward_S4,3.0168808124799553
3,miata,2024-03-29 20:17:30+00:00,40.288441,-88.126527,36.813210732244556,429.0,9.57038794672399,rs5,10.283385554015553,36.745028826391305,26.461643272375753,3,10.283385554015553,44.681151526102084,34.39776597208653,26.33125891160298,negative_cross,toward_S4,3.1941102189007697
3,miata,2024-03-29 20:17:31+00:00,40.288355,-88.12653,46.37900854956301,430.0,9.565797817318455,rs5,19.592876753425255,35.1173082218874,15.524431468462144,3,19.592876753425255,35.1173082218874,15.524431468462144,26.33125891160298,negative_cross,toward_S4,3.3712546229251856
3,miata,2024-03-29 20:17:32+00:00,40.288271,-88.126531,55.71939261448851,431.0,9.340384064925502,rs2,25.79247320668607,28.864878158803318,3.0724049521172496,4,25.79247320668607,28.864878158803318,3.0724049521172496,80.2309515867141,negative_cross,toward_S4,3.546082241255082
3,miata,2024-03-29 20:17:33+00:00,40.288189,-88.126531,64.8358929691247,432.0,9.116500354636187,rs2,16.7200210733936,37.95565555476654,21.235634481372937,4,16.7200210733936,37.95565555476654,21.235634481372937,80.2309515867141,negative_cross,toward_S4,3.7149063218964926
3,miata,2024-03-29 20:17:34+00:00,40.28811,-88.126532,73.62039286590154,433.0,8.784499896776836,rs2,8.060622185350487,35.95855966573578,27.897937480385288,4,8.060622185350487,46.72004749097351,38.659425305623024,80.2309515867141,negative_cross,toward_S4,3.8775822459108786
3,miata,2024-03-29 20:17:35+00:00,40.288037,-88.126533,81.73783176121597,434.0,8.117438895314436,rs2,1.9862579794992707,35.59341344085881,33.60715546135954,4,1.9862579794992707,54.82501198765978,52.83875400816051,80.2309515867141,negative_cross,toward_S4,4.027905188416701
3,miata,2024-03-29 20:17:36+00:00,40.28797,-88.126507,89.14689849744087,435.0,7.409066736224901,rs2,8.82045714290144,34.66305880227539,25.842601659373948,4,8.82045714290144,62.39794354522243,53.57748640232099,80.2309515867141,negative_cross,toward_S4,4.165110127976422
3,miata,2024-03-29 20:17:37+00:00,40.287929,-88.126529,93.73880961842177,436.0,4.591911120980896,rs2,12.54746586537205,37.90988601505453,25.36242014968248,4,12.54746586537205,66.84075394003773,54.29328807466568,80.2309515867141,negative_cross,toward_S4,4.250145519105698
3,miata,2024-03-29 20:17:38+00:00,40.287891,-88.126497,97.9145679225838,437.0,4.175758304162031,rs2,17.304035176345312,37.28835688977573,19.984321713430415,4,17.304035176345312,71.22403059997599,53.91999542363068,80.2309515867141,negative_cross,toward_S4,4.32747437659018
3,miata,2024-03-29 20:17:39+00:00,40.287868,-88.126449,100.3981930370748,438.0,2.483625114491005,rs2,21.1692402468335,35.25256284276961,14.083322595936114,4,21.1692402468335,74.19269834732756,53.02345810049407,80.2309515867141,negative_cross,toward_S4,4.3734674342659385
3,miata,2024-03-29 20:17:40+00:00,40.287852,-88.126392,102.08980993092122,439.0,1.6916168938464153,rs2,25.11240838988375,32.69340898470658,7.581000594822829,4,25.11240838988375,76.72084477246032,51.60843638257657,80.2309515867141,negative_cross,toward_S4,4.4047936730408725
3,miata,2024-03-29 20:17:41+00:00,40.28785,-88.126327,102.21271081142879,440.0,0.1229008805075722,rs2,28.70470244164973,29.145083348643713,0.44038090699398325,4,28.70470244164973,78.16409460867425,49.45939216702452,80.2309515867141,negative_cross,ambiguous,4.407069615272494
3,miata,2024-03-29 20:17:42+00:00,40.287857,-88.126274,101.35338070343678,441.0,-0.8593301079920082,rs1,25.92799239857961,31.41192252113051,5.483930122550898,4,25.92799239857961,76.76018440507819,50.83219200649858,80.2309515867141,positive_cross,toward_S1,4.391156094754124
3,miata,2024-03-29 20:17:43+00:00,40.287875,-88.126231,99.28640585540748,442.0,-2.0669748480293038,rs1,22.408865638637568,33.12414813523344,10.715282496595872,4,22.408865638637568,74.20832293842244,51.799457299784876,80.2309515867141,positive_cross,toward_S1,4.3528787827535815
3,miata,2024-03-29 20:17:44+00:00,40.287902,-88.126202,96.24026010464408,443.0,-3.046145750763401,rs1,18.64799526439592,33.732081061634865,15.084085797238945,4,18.64799526439592,70.92789615222138,52.27990088782546,80.2309515867141,positive_cross,toward_S1,4.2964686762579625
3,miata,2024-03-29 20:17:45+00:00,40.287941,-88.126186,91.87988290912347,444.0,-4.360377195520613,rs1,14.137462147920935,33.271784358257904,19.13432221033697,4,14.137462147920935,66.4752213778454,52.337759229924465,80.2309515867141,positive_cross,toward_S1,4.215720950414989
3,miata,2024-03-29 20:17:46+00:00,40.287985,-88.12618,86.9789219734263,445.0,-4.900960935697171,rs1,9.643891166323874,32.4887822503523,22.844891084028426,4,9.643891166323874,61.55508795130323,51.91119678497935,80.2309515867141,positive_cross,toward_S1,4.124962414568745
3,miata,2024-03-29 20:17:47+00:00,40.288031,-88.126181,81.86631767122637,446.0,-5.112604302199927,rs1,6.298327036907234,31.840312424052502,25.541985387145267,4,6.298327036907234,56.47179739316652,50.17347035625929,80.2309515867141,positive_cross,toward_S1,4.030284557120598
3,miata,2024-03-29 20:17:48+00:00,40.288087,-88.126181,75.64041498985728,447.0,-6.225902681369092,rs1,6.651415568077185,32.25320665486313,25.601791086785944,4,6.651415568077185,50.280608386758836,43.62919281868165,80.2309515867141,positive_cross,toward_S1,3.91499006302117
3,miata,2024-03-29 20:17:49+00:00,40.288153,-88.126179,68.29968388642543,448.0,-7.34073110343185,rs1,12.13875210233807,34.37880072106883,22.240048618730757,4,12.13875210233807,42.97504568441007,30.836293582072,80.2309515867141,positive_cross,toward_S1,3.779050598142802
3,miata,2024-03-29 20:17:50+00:00,40.288227,-88.126179,60.07259820066909,449.0,-8.227085685756336,rs1,19.830435258549517,34.83310239997319,15.002667141423675,4,19.830435258549517,34.83310239997319,15.002667141423675,80.2309515867141,positive_cross,toward_S1,3.626697159517685
3,miata,2024-03-29 20:17:51+00:00,40.288309,-88.126177,50.953037760289185,450.0,-9.119560440379907,rs3,25.840027491860045,28.673037583688593,2.833010091828548,3,25.840027491860045,28.673037583688593,2.833010091828548,26.33125891160298,positive_cross,toward_S1,3.455958867568263
3,miata,2024-03-29 20:17:52+00:00,40.288396,-88.126176,41.27912319463248,451.0,-9.673914565656702,rs3,16.48569243176807,35.99256950838836,19.506877076620288,3,16.48569243176807,38.2117731310136,21.726080699245532,26.33125891160298,positive_cross,toward_S1,3.2768123015375834
3,miata,2024-03-29 20:17:53+00:00,40.288487,-88.126173,31.157441208375403,452.0,-10.12168198625708,rs3,7.504217942699348,33.38125007817596,25.87703213547661,3,7.504217942699348,48.230626996315635,40.72640905361629,26.33125891160298,positive_cross,toward_S1,3.0893737462365265
3,miata,2024-03-29 20:17:54+00:00,40.288578,-88.126168,21.032699137186313,453.0,-10.12474207118909,rs3,6.651021505706638,33.904334005673675,27.253312499967038,3,6.651021505706638,49.391981634528506,42.74096012882187,26.33125891160298,positive_cross,toward_S1,2.901878522695988
3,miata,2024-03-29 20:17:55+00:00,40.28867,-88.126163,10.796780231871772,454.0,-10.235918905314541,rs3,15.515006012559255,37.328535915390155,21.8135299028309,3,15.515006012559255,39.1635922672994,23.648586254740145,26.33125891160298,positive_cross,toward_S1,2.7123244688938666
3,miata,2024-03-29 20:17:56+00:00,40.288763,-88.126159,0.4512145361153406,455.0,-10.34556569575643,rs3,25.558692905780774,28.84432441765307,3.285631511872296,3,25.558692905780774,28.84432441765307,3.285631511872296,26.33125891160298,positive_cross,toward_S1,2.5207399189724513
3,miata,2024-03-29 20:17:57+00:00,40.288857,-88.126159,-9.999407821445665,456.0,-10.450622357561006,rs6,18.510694655390733,35.64518801726924,17.13449336187851,2,18.510694655390733,35.923768311647066,17.413073656256334,-27.632700444717127,positive_cross,toward_S1,2.3265424559865084
3,miata,2024-03-29 20:17:58+00:00,40.28895,-88.126159,-20.338853345692925,457.0,-10.33944552424726,rs6,8.582056329973883,31.832678378337683,23.2506220483638,2,8.582056329973883,46.218581440954146,37.636525110980266,-27.632700444717127,positive_cross,toward_S1,2.135071242574522
3,miata,2024-03-29 20:17:59+00:00,40.28904,-88.12616,-30.34323832633712,458.0,-10.004384980644193,rs6,4.206341473587551,31.030010515501623,26.823669041914073,2,4.206341473587551,49.23674550715685,45.0304040335693,-27.632700444717127,positive_cross,toward_S1,1.9498048540440742
3,miata,2024-03-29 20:18:00+00:00,40.289129,-88.12616,-40.23797651653942,459.0,-9.8947381902023,rs6,12.60346548007584,33.39528425765451,20.79181877757867,2,12.60346548007584,39.36198969989899,26.75852421982315,-27.632700444717127,positive_cross,toward_S1,1.7665689616329205
3,miata,2024-03-29 20:18:01+00:00,40.289216,-88.126158,-49.913421125068,460.0,-9.67544460852858,rs6,22.024229388063876,29.70767404828216,7.683444660218285,2,22.024229388063876,29.70767404828216,7.683444660218285,-27.632700444717127,positive_cross,toward_S1,1.587394061474984
3,miata,2024-03-29 20:18:02+00:00,40.289303,-88.126157,-59.58733568993474,461.0,-9.673914564866742,rs8,20.088143740082977,31.60981427221988,11.521670532136902,1,20.088143740082977,31.60981427221988,11.521670532136902,-78.92951005359993,positive_cross,toward_S1,1.358188414141948
3,miata,2024-03-29 20:18:03+00:00,40.289386,-88.126155,-68.81807296444009,462.0,-9.230737274505351,rs8,10.983462398859023,29.258610379894435,18.27514798103541,1,10.983462398859023,40.787964170131026,29.804501771272,-78.92951005359993,positive_cross,toward_S1,1.1872488349844414
3,miata,2024-03-29 20:18:04+00:00,40.289458,-88.126155,-76.82280498356891,463.0,-8.004732019128824,rs8,3.7556232951983723,27.56244013962167,23.8068168444233,1,3.7556232951983723,48.77596945665354,45.020346161455166,-78.92951005359993,positive_cross,toward_S1,1.039013056852426
3,miata,2024-03-29 20:18:05+00:00,40.289516,-88.126156,-83.26953128869366,464.0,-6.446726305124741,rs8,4.693219664558392,27.760989112480658,23.067769447922267,1,4.693219664558392,55.21996748175482,50.52674781719643,-78.92951005359993,positive_cross,toward_S1,0.9196292363871532
3,miata,2024-03-29 20:18:06+00:00,40.289565,-88.126155,-88.71872617815845,465.0,-5.449194889464792,rs8,9.62985976482765,29.21312932562638,19.58326956079873,1,9.62985976482765,60.65691903684228,51.02705927201463,-78.92951005359993,positive_cross,toward_S1,0.8187182199155829
3,miata,2024-03-29 20:18:07+00:00,40.289609,-88.12616,-93.60285664143174,466.0,-4.884130463273294,rs8,14.481122498998428,30.83826114710395,16.357138648105522,1,14.481122498998428,65.56658281950662,51.08546032050819,-78.92951005359993,positive_cross,toward_S1,0.728271359484596
3,miata,2024-03-29 20:18:08+00:00,40.289646,-88.126192,-97.66743811228001,467.0,-4.0645814708482675,rs8,19.16318067462979,30.82230530591456,11.659124631284772,1,19.16318067462979,69.86892251107068,50.70574183644089,-78.92951005359993,positive_cross,toward_S1,0.6530013322466651
3,miata,2024-03-29 20:18:09+00:00,40.28967,-88.126244,-100.25611988938732,468.0,-2.588681777107311,rs8,23.292220018126304,29.370802769365138,6.078582751238834,1,23.292220018126304,73.04415203823122,49.75193202010492,-78.92951005359993,positive_cross,toward_S1,0.605062780818752
3,miata,2024-03-29 20:18:10+00:00,40.289683,-88.126305,-101.60808611020339,469.0,-1.3519662208160668,rs8,27.1600793667789,27.34075417720347,0.1806748104245699,1,27.1600793667789,75.3941083963072,48.2340290295283,-78.92951005359993,positive_cross,toward_S1,0.5800263693221581
3,miata,2024-03-29 20:18:11+00:00,40.289678,-88.12636,-100.96804958467509,470.0,0.640036525528302,rs10,24.62177450099265,29.639405600610846,5.017631099618196,1,24.62177450099265,75.01620556952231,50.39443106852966,-78.92951005359993,negative_cross,toward_S4,0.5918788975726823
3,miata,2024-03-29 20:18:12+00:00,40.289654,-88.126409,-98.22483347714054,471.0,2.7432161075345505,rs10,20.65920823742785,30.873226925929654,10.214018688501803,1,20.65920823742785,71.71061812904871,51.051409891620864,-78.92951005359993,negative_cross,toward_S4,0.642679195860359
3,miata,2024-03-29 20:18:13+00:00,40.289613,-88.126441,-93.61762192818752,472.0,4.607211548953018,rs10,15.564453112242825,30.628654157965475,15.06420104572265,1,15.564453112242825,66.85458801598615,51.29013490374333,-78.92951005359993,negative_cross,toward_S4,0.727997928248378
3,miata,2024-03-29 20:18:14+00:00,40.289558,-88.126451,-87.48759565137009,473.0,6.130026276817432,rs10,9.414096243563941,29.04151107395572,19.62741483039178,1,9.414096243563941,60.68204800991946,51.26795176635552,-78.92951005359993,negative_cross,toward_S4,0.8415169333746266
3,miata,2024-03-29 20:18:15+00:00,40.289491,-88.126449,-80.0418078861554,474.0,7.445787765214689,rs10,3.0372524478024028,27.626547089021358,24.589294641218956,1,3.0372524478024028,53.2946705515232,50.257418103720795,-78.92951005359993,negative_cross,toward_S4,0.9794018919897135
3,miata,2024-03-29 20:18:16+00:00,40.289417,-88.126452,-71.81013207176176,475.0,8.23167581439364,rs10,6.961182896313598,28.779261827413627,21.81807893110003,1,6.961182896313598,45.09873400776515,38.13755111145156,-78.92951005359993,negative_cross,toward_S4,1.1318403329970033
3,miata,2024-03-29 20:18:17+00:00,40.289335,-88.126455,-62.68904158848824,476.0,9.12109048327352,rs10,15.82557895053251,32.513871265926724,16.688292315394214,1,15.82557895053251,36.041868857947,20.21628990741449,-78.92951005359993,negative_cross,toward_S4,1.3007494160205868
3,miata,2024-03-29 20:18:18+00:00,40.289248,-88.126457,-53.01359697995967,477.0,9.675444608528565,rs10,25.43929641655981,26.50471651726377,1.0654201007039603,1,25.43929641655981,26.50471651726377,1.0654201007039603,-78.92951005359993,negative_cross,toward_S4,1.4799243161785232
3,miata,2024-03-29 20:18:19+00:00,40.289159,-88.126459,-43.115798704013656,478.0,9.897798275946016,rs7,16.916190082298268,32.81214421186724,15.895954129568974,2,16.916190082298268,35.310667489787114,18.394477407488846,-27.632700444717127,negative_cross,toward_S4,1.7132759581611754
3,miata,2024-03-29 20:18:20+00:00,40.28907,-88.126461,-33.21800042883586,479.0,9.897798275177799,rs7,8.115336125469884,29.65265352855721,21.537317403087325,2,8.115336125469884,45.194826941131474,37.079490815661586,-27.632700444717127,negative_cross,toward_S4,1.896568518812616
3,miata,2024-03-29 20:18:21+00:00,40.288981,-88.126462,-23.32173219576169,480.0,9.896268233074167,rs7,6.518687343412917,29.54659512596452,23.0279077825516,2,6.518687343412917,50.94839839466016,44.429711051247246,-27.632700444717127,negative_cross,toward_S4,2.079832745351027
3,miata,2024-03-29 20:18:22+00:00,40.288894,-88.126465,-13.644757544361271,481.0,9.67697465140042,rs7,14.399310430926837,32.65566925616436,18.25635882523752,2,14.399310430926837,41.38822350040392,26.98891306947708,-27.632700444717127,negative_cross,toward_S4,2.2590359796362196
3,miata,2024-03-29 20:18:23+00:00,40.288808,-88.126475,-4.068249426918064,482.0,9.576508117443208,rs7,23.433540078997577,31.86451486507274,8.430974786075161,2,23.433540078997577,31.86451486507274,8.430974786075161,-27.632700444717127,negative_cross,toward_S4,2.4363787225518343
3,miata,2024-03-29 20:18:24+00:00,40.288727,-88.126494,4.9661449090349,483.0,9.034394335952964,rs5,22.733746645430077,32.169435904985185,9.435689259555108,3,22.733746645430077,32.169435904985185,9.435689259555108,26.33125891160298,negative_cross,toward_S4,2.6043497406931837
3,miata,2024-03-29 20:18:25+00:00,40.288644,-88.126506,14.212182612302318,484.0,9.246037703267419,rs5,13.618120693214815,35.505053954437294,21.88693326122248,3,13.618120693214815,41.327516377105404,27.70939568389059,26.33125891160298,negative_cross,toward_S4,2.7755726611240616
3,miata,2024-03-29 20:18:26+00:00,40.28856,-88.126517,23.56786710598988,485.0,9.355684493687562,rs5,5.146494824445941,34.448106557952784,29.301611733506842,3,5.146494824445941,50.645141032537836,45.4986462080919,26.33125891160298,negative_cross,toward_S4,2.9488260776738313
3,miata,2024-03-29 20:18:27+00:00,40.288477,-88.126527,32.81084472268013,486.0,9.24297761669025,rs5,6.560516124278617,35.79958101063533,29.23906488635671,3,6.560516124278617,48.679684967675314,42.11916884339669,26.33125891160298,negative_cross,toward_S4,3.119992329834762
3,miata,2024-03-29 20:18:28+00:00,40.28839,-88.126531,42.489349416974164,487.0,9.678504694294034,rs5,15.733599044569036,38.99853028103117,23.264931236462136,3,15.733599044569036,38.99853028103117,23.264931236462136,26.33125891160298,negative_cross,toward_S4,3.2992238982476145
3,miata,2024-03-29 20:18:29+00:00,40.288302,-88.126533,52.275970858816464,488.0,9.7866214418423,rs5,25.416405938002807,29.218230794633712,3.8018248566309047,3,25.416405938002807,29.218230794633712,3.8018248566309047,26.33125891160298,negative_cross,toward_S4,3.4804576286521014
3,miata,2024-03-29 20:18:30+00:00,40.288212,-88.126531,62.27882579658881,489.0,10.002854937772348,rs2,19.260148330709793,35.40425752389895,16.144109193189156,4,19.260148330709793,35.40425752389895,16.144109193189156,80.2309515867141,negative_cross,toward_S4,3.667553226108791
3,miata,2024-03-29 20:18:31+00:00,40.288122,-88.126529,72.28168073436116,490.0,10.002854937772348,rs2,9.416700834788832,35.957491722813316,26.540790888024482,4,9.416700834788832,45.402663455396116,35.98596262060728,80.2309515867141,negative_cross,toward_S4,3.8527912805119824
3,miata,2024-03-29 20:18:32+00:00,40.288038,-88.126531,81.62359484215851,491.0,9.34191410779735,rs2,2.1400400523428544,35.4176602608556,33.277620208512744,4,2.1400400523428544,54.72192670859341,52.58188665625055,80.2309515867141,negative_cross,toward_S4,4.025789689915637
3,miata,2024-03-29 20:18:33+00:00,40.287956,-88.1265,90.69266386763664,492.0,9.069069025478129,rs2,10.475653326339563,34.56017440353432,24.084521077194758,4,10.475653326339563,63.99725132445856,53.521597998119,80.2309515867141,negative_cross,toward_S4,4.193735412609676
3,miata,2024-03-29 20:18:34+00:00,40.287914,-88.126519,95.39116169331574,493.0,4.698497825679098,rs2,14.352811051638787,37.78846107592295,23.435650024284165,4,14.352811051638787,68.54811864351657,54.195307591877786,80.2309515867141,negative_cross,toward_S4,4.280744631603734
3,miata,2024-03-29 20:18:35+00:00,40.287877,-88.126467,99.42514230666163,494.0,4.033980613345889,rs2,19.632557879291124,35.93106950724415,16.29851162795303,4,19.632557879291124,73.01503426426547,53.38247638497434,80.2309515867141,negative_cross,toward_S4,4.355447976295324
3,miata,2024-03-29 20:18:36+00:00,40.287852,-88.126422,102.13571121720742,495.0,2.7105689105457884,rs2,23.795699682870225,34.573430734391664,10.777731051521439,4,23.795699682870225,76.28188877692153,52.48618909405131,80.2309515867141,negative_cross,toward_S4,4.405643696860987
3,miata,2024-03-29 20:18:37+00:00,40.287839,-88.126363,103.49073752455718,496.0,1.3550263073497604,rs2,27.70794771551325,32.03965727852222,4.331709563008971,4,27.70794771551325,78.63400272973827,50.92605501422502,80.2309515867141,negative_cross,toward_S4,4.430736776626723
3,miata,2024-03-29 20:18:38+00:00,40.28784,-88.126303,103.28775811790284,497.0,-0.202979406654336,rs1,28.84764498785517,30.911002484959248,2.0633574971040787,4,28.84764498785517,79.08800184837965,50.24035686052448,80.2309515867141,positive_cross,ambiguous,4.426977898725718
3,miata,2024-03-29 20:18:39+00:00,40.287883,-88.126215,98.37251050051266,498.0,-4.915247617390179,rs1,21.026622391167074,33.794830729893,12.768208338725927,4,21.026622391167074,73.15261649598042,52.12599410481335,80.2309515867141,positive_cross,toward_S1,4.3359547946999735
3,miata,2024-03-29 20:18:40+00:00,40.287919,-88.126187,94.32730329042751,499.0,-4.045207210085152,rs1,16.41133544654275,34.08098426208889,17.66964881554614,4,16.41133544654275,68.91946808648376,52.50813263994101,80.2309515867141,positive_cross,toward_S1,4.2610435500687665
3,miata,2024-03-29 20:18:41+00:00,40.28797,-88.126173,88.63586417693584,500.0,-5.691439113491668,rs1,10.758680094672048,33.42059069996349,22.661910605291443,4,10.758680094672048,63.16510075662146,52.40642066194941,80.2309515867141,positive_cross,toward_S1,4.155646529448551
3,miata,2024-03-29 20:18:42+00:00,40.288032,-88.126175,81.74596057986979,501.0,-6.889903597066052,rs1,5.793013091987804,32.345920371338714,26.55290727935091,4,5.793013091987804,56.310721757799804,50.517708665812,80.2309515867141,positive_cross,toward_S1,4.028055722095476
3,miata,2024-03-29 20:18:43+00:00,40.288103,-88.126178,73.85699552346024,502.0,-7.888965056409546,rs1,7.548450729677868,32.83820690053707,25.2897561708592,4,7.548450729677868,48.483492822143305,40.93504209246544,80.2309515867141,positive_cross,toward_S1,3.88196377660641
3,miata,2024-03-29 20:18:44+00:00,40.288178,-88.12618,65.52179308936566,503.0,-8.335202434094583,rs1,14.704007723014877,35.414282993130676,20.7102752701158,4,14.704007723014877,40.23238901780244,25.528381294787565,80.2309515867141,positive_cross,toward_S1,3.727608175975029
3,miata,2024-03-29 20:18:45+00:00,40.288261,-88.126179,56.29258585852214,504.0,-9.229207230843521,rs1,23.487298947664414,31.107884661501014,7.620585713836601,4,23.487298947664414,31.107884661501014,7.620585713836601,80.2309515867141,positive_cross,toward_S1,3.5566969309594083
3,miata,2024-03-29 20:18:46+00:00,40.288344,-88.126176,47.060318541166666,505.0,-9.232267317355472,rs3,22.0308008997359,32.49240669929807,10.461605799562172,3,22.0308008997359,32.49240669929807,10.461605799562172,26.33125891160298,positive_cross,toward_S1,3.3838714746215497
3,miata,2024-03-29 20:18:47+00:00,40.28843,-88.126169,37.48840055236078,506.0,-9.571917988805886,rs3,12.736860702205412,35.16882667872984,22.43196597652443,3,12.736860702205412,41.89083752164056,29.15397681943515,26.33125891160298,positive_cross,toward_S1,3.2066137340881076
3,miata,2024-03-29 20:18:48+00:00,40.288519,-88.126161,27.581422019140124,507.0,-9.906978533220656,rs3,4.551680263154684,34.08418596713207,29.53250570397739,3,4.551680263154684,51.683916138183086,47.1322358750284,26.33125891160298,positive_cross,toward_S1,3.0231511686580954
3,miata,2024-03-29 20:18:49+00:00,40.28861,-88.126156,17.456679947929295,508.0,-10.124742071210829,rs3,9.030772857198423,35.63484089706346,26.60406803986504,3,9.030772857198423,45.76340802259198,36.73263516539356,26.33125891160298,positive_cross,toward_S1,2.835655945117154
3,miata,2024-03-29 20:18:50+00:00,40.288701,-88.126152,7.3334679188221,509.0,-10.123212029107195,rs3,18.660415302221228,35.645379799126545,16.984964496905317,3,18.660415302221228,35.645379799126545,16.984964496905317,26.33125891160298,positive_cross,toward_S1,2.648189055689243
3,miata,2024-03-29 20:18:51+00:00,40.288792,-88.126153,-2.7820938951358447,510.0,-10.115561813957944,rs6,25.58102295222101,28.68358619489259,3.1025632426715823,2,25.58102295222101,28.68358619489259,3.1025632426715823,-27.632700444717127,positive_cross,toward_S1,2.4601964175848385
3,miata,2024-03-29 20:18:52+00:00,40.288874,-88.126155,-11.895534164028318,511.0,-9.113440268892473,rs6,16.589823099840523,35.05311850361395,18.46329540377343,2,16.589823099840523,37.76947059613553,21.179647496295004,-27.632700444717127,positive_cross,toward_S1,2.2914290051979407
3,miata,2024-03-29 20:18:53+00:00,40.288952,-88.126158,-20.56273705598224,512.0,-8.667202891953922,rs6,8.344375295911693,31.86540040517044,23.521025109258748,2,8.344375295911693,46.43303847401198,38.08866317810029,-27.632700444717127,positive_cross,toward_S1,2.130925247939535
3,miata,2024-03-29 20:18:54+00:00,40.289027,-88.126162,-28.89487940356488,513.0,-8.33214234758264,rs6,3.8378725008377783,30.766005885894028,26.92813338505625,2,3.8378725008377783,50.69054500838424,46.852672507546465,-27.632700444717127,positive_cross,toward_S1,1.9766263155768935
3,miata,2024-03-29 20:18:55+00:00,40.289101,-88.126164,-37.118905004345706,514.0,-8.224025600780827,rs6,9.791117060585913,32.020470615824145,22.229353555238234,2,9.791117060585913,42.49345727099623,32.70234021041032,-27.632700444717127,positive_cross,toward_S1,1.8243295451920634
3,miata,2024-03-29 20:18:56+00:00,40.289172,-88.126165,-45.01093014649897,515.0,-7.8920251421532654,rs6,17.33484545743417,34.636479932950785,17.301634475516614,2,17.33484545743417,34.636479932950785,17.301634475516614,-27.632700444717127,positive_cross,toward_S1,1.6781809314484843
3,miata,2024-03-29 20:18:57+00:00,40.289241,-88.126164,-52.683661706978484,516.0,-7.672731560479512,rs6,24.850329762192736,27.001739533970355,2.151409771777619,2,24.850329762192736,27.001739533970355,2.151409771777619,-27.632700444717127,positive_cross,toward_S1,1.536093309958123
3,miata,2024-03-29 20:18:58+00:00,40.289309,-88.126163,-60.245216434934214,517.0,-7.5615547279557305,rs8,19.508439013756213,32.330198517583014,12.8217595038268,1,19.508439013756213,32.330198517583014,12.8217595038268,-78.92951005359993,positive_cross,toward_S1,1.3460054373826984
3,miata,2024-03-29 20:18:59+00:00,40.28938,-88.126162,-68.14030166285293,518.0,-7.89508522791872,rs8,11.782227683380327,28.941135702738062,17.158908019357735,1,11.782227683380327,40.17399319928994,28.39176551590961,-78.92951005359993,positive_cross,toward_S1,1.1998001553842035
3,miata,2024-03-29 20:19:00+00:00,40.289448,-88.126164,-75.6972662613814,519.0,-7.556964598528467,rs8,5.087438829186048,26.907379543539026,21.819940714352978,1,5.087438829186048,47.72303022753066,42.63559139834461,-78.92951005359993,positive_cross,toward_S1,1.0598563665225653
3,miata,2024-03-29 20:19:01+00:00,40.289511,-88.126166,-82.69834669178292,520.0,-7.001080430401515,rs8,4.846528278515625,26.837760296162227,21.991232017646603,1,4.846528278515625,54.7219332800431,49.875405001527476,-78.92951005359993,positive_cross,toward_S1,0.9302067289225372
3,miata,2024-03-29 20:19:02+00:00,40.289565,-88.126166,-88.70189570652452,521.0,-6.003549014741608,rs8,9.928628512928375,28.33671512789124,18.408086614962862,1,9.928628512928375,60.712893979766065,50.78426546683769,-78.92951005359993,positive_cross,toward_S1,0.8190298953162112
3,miata,2024-03-29 20:19:03+00:00,40.289613,-88.126166,-94.03838371901377,522.0,-5.336488012489241,rs8,15.029742849805746,30.61133799001229,15.581595140206545,1,15.029742849805746,66.04051996688203,51.01077711707629,-78.92951005359993,positive_cross,toward_S1,0.720206043233077
3,miata,2024-03-29 20:19:04+00:00,40.289651,-88.126191,-98.22485232330051,523.0,-4.186468604286745,rs8,19.669085853453243,31.232699477892375,11.563613624439132,1,19.669085853453243,70.41524385382068,50.746158000367444,-78.92951005359993,positive_cross,toward_S1,0.6426788468573966
3,miata,2024-03-29 20:19:05+00:00,40.289679,-88.12623,-101.27813199183042,524.0,-3.0532796685299104,rs8,23.71883289505104,30.91276484039287,7.193931945341831,1,23.71883289505104,73.8717830298013,50.15295013475027,-78.92951005359993,positive_cross,toward_S1,0.5861366307735094
3,miata,2024-03-29 20:19:06+00:00,40.289692,-88.126283,-102.64233855645482,525.0,-1.3642065646243964,rs8,27.00938801187089,29.209330408607986,2.1999423967370966,1,27.00938801187089,76.00627692171199,48.9968889098411,-78.92951005359993,positive_cross,toward_S1,0.560873546243428
3,miata,2024-03-29 20:19:07+00:00,40.289693,-88.126341,-102.66477290298336,526.0,-0.022434346528541482,rs10,26.815980372204113,29.866895392867136,3.050915020663023,1,26.815980372204113,76.96562969439407,50.14964932218996,-78.92951005359993,negative_cross,ambiguous,0.5604580953817884
3,miata,2024-03-29 20:19:08+00:00,40.289672,-88.126397,-100.24437699682348,527.0,2.4203959061598823,rs10,22.872939188176943,31.39408461886955,8.521145430692606,1,22.872939188176943,73.83652332744884,50.9635841392719,-78.92951005359993,negative_cross,toward_S4,0.6052802417921566
3,miata,2024-03-29 20:19:09+00:00,40.289635,-88.126436,-96.07116248100073,528.0,4.17321451582275,rs10,18.046465468264127,31.50955390367887,13.463088435414743,1,18.046465468264127,69.33289272096184,51.286427252697706,-78.92951005359993,negative_cross,toward_S4,0.6825619920851704
3,miata,2024-03-29 20:19:10+00:00,40.289574,-88.126442,-89.28019537502003,529.0,6.790967105980698,rs10,11.332514418086266,28.89472755352392,17.562213135437656,1,11.332514418086266,62.53321753594014,51.20070311785388,-78.92951005359993,negative_cross,toward_S4,0.808320642195924
3,miata,2024-03-29 20:19:11+00:00,40.289511,-88.126438,-82.28217502959399,530.0,6.998020345426042,rs10,5.2123393347636515,26.871319210426922,21.65897987566327,1,5.2123393347636515,55.618945015313784,50.40660568055013,-78.92951005359993,negative_cross,toward_S4,0.9379136115556655
3,miata,2024-03-29 20:19:12+00:00,40.289441,-88.126439,-74.49826663498904,531.0,7.78390839460495,rs10,5.172875419740444,27.141249725153195,21.968374305412752,1,5.172875419740444,47.89893343556418,42.72605801582374,-78.92951005359993,negative_cross,toward_S4,1.0820600633076092
3,miata,2024-03-29 20:19:13+00:00,40.289362,-88.126439,-65.71529678108405,532.0,8.782969853904987,rs10,13.136844520391957,29.89327509876239,16.756430578370434,1,13.136844520391957,39.235394121232325,26.098549600840368,-78.92951005359993,negative_cross,toward_S4,1.2447076531947385
3,miata,2024-03-29 20:19:14+00:00,40.289279,-88.126437,-56.490679678899546,533.0,9.224617102184503,rs10,22.21042352384963,30.2511394565107,8.040715932661069,1,22.21042352384963,30.2511394565107,8.040715932661069,-78.92951005359993,negative_cross,toward_S4,1.4155338958277848
3,miata,2024-03-29 20:19:15+00:00,40.289192,-88.126439,-46.815235070349246,534.0,9.6754446085503,rs7,20.943801377311136,31.78111776667955,10.837316389368414,2,20.943801377311136,31.78111776667955,10.837316389368414,-27.632700444717127,negative_cross,toward_S4,1.644767877303109
3,miata,2024-03-29 20:19:16+00:00,40.289104,-88.126444,-37.02402349986962,535.0,9.791211570479625,rs7,11.989518686474673,29.212033555606414,17.222514869131743,2,11.989518686474673,41.49371317698112,29.504194490506443,-27.632700444717127,negative_cross,toward_S4,1.8260866100897686
3,miata,2024-03-29 20:19:17+00:00,40.289019,-88.126453,-27.56022225863376,536.0,9.46380124123586,rs7,6.063259650830759,28.45663211621979,22.39337246538903,2,6.063259650830759,50.88939318757926,44.8261335367485,-27.632700444717127,negative_cross,toward_S4,2.0013421886311735
3,miata,2024-03-29 20:19:18+00:00,40.288935,-88.126462,-18.207597850689915,537.0,9.352624407943846,rs7,10.378335366922771,30.72495760034909,20.346622233426316,2,10.378335366922771,45.91213534842867,35.5337999815059,-27.632700444717127,negative_cross,toward_S4,2.17453893692643
3,miata,2024-03-29 20:19:19+00:00,40.288852,-88.126469,-8.969210361825274,538.0,9.23838748886464,rs7,18.759453023982303,35.20923736518749,16.449784341205188,2,18.759453023982303,36.74806348709778,17.988610463115478,-27.632700444717127,negative_cross,toward_S4,2.3456201867202195
3,miata,2024-03-29 20:19:20+00:00,40.288772,-88.126475,-0.0658834173536513,539.0,8.903326944471623,rs7,27.38271495651966,27.98610680763088,0.6033918511112191,2,27.38271495651966,27.98610680763088,0.6033918511112191,-27.632700444717127,negative_cross,toward_S4,2.5104966116178424
3,miata,2024-03-29 20:19:21+00:00,40.288693,-88.126478,8.721676565188648,540.0,8.7875599825423,rs5,19.55800012601747,35.61108054146201,16.05308041544454,3,19.55800012601747,36.062833625792585,16.504833499775117,26.33125891160298,negative_cross,toward_S4,2.6738966232145494
3,miata,2024-03-29 20:19:22+00:00,40.288616,-88.126486,17.29453309546274,541.0,8.572856530274091,rs5,11.614900315675422,32.93899774101878,21.32409742534336,3,11.614900315675422,44.53139507481285,32.91649475913743,26.33125891160298,negative_cross,toward_S4,2.8326532256270327
3,miata,2024-03-29 20:19:23+00:00,40.288542,-88.126508,25.555279724486905,542.0,8.260746629024165,rs5,4.8316687196910015,33.587568175126094,28.75589945543509,3,4.8316687196910015,52.66158966522844,47.82992094553744,26.33125891160298,negative_cross,toward_S4,2.985630015053406
3,miata,2024-03-29 20:19:24+00:00,40.288466,-88.126521,34.02460963503832,543.0,8.469329910551412,rs5,7.881915026068443,35.54706147712234,27.6651464510539,3,7.881915026068443,47.48701510398851,39.60510007792007,26.33125891160298,negative_cross,toward_S4,3.142469457841395
3,miata,2024-03-29 20:19:25+00:00,40.288391,-88.126526,42.37052236927938,544.0,8.345912734241061,rs5,15.70212860548124,38.6353344738611,22.933205868379858,3,15.70212860548124,39.13498291406927,23.432854308588027,26.33125891160298,negative_cross,toward_S4,3.2970233973643777
3,miata,2024-03-29 20:19:26+00:00,40.288317,-88.126527,50.59913809790756,545.0,8.228615728628185,rs5,23.81570073022522,30.919550958171424,7.103850227946204,3,23.81570073022522,30.919550958171424,7.103850227946204,26.33125891160298,negative_cross,toward_S4,3.4494051701167514
3,miata,2024-03-29 20:19:27+00:00,40.288242,-88.126527,58.93740061776759,546.0,8.338262519860024,rs2,22.61402533880762,32.108032716694396,9.494007377886778,4,22.61402533880762,32.108032716694396,9.494007377886778,80.2309515867141,negative_cross,toward_S4,3.605674982056546
3,miata,2024-03-29 20:19:28+00:00,40.288167,-88.126528,67.27719317970953,547.0,8.339792561941941,rs2,14.336492513152248,37.22696827337662,22.890475760224373,4,14.336492513152248,40.41456614700355,26.0780736338513,80.2309515867141,negative_cross,toward_S4,3.760115585055471
3,miata,2024-03-29 20:19:29+00:00,40.288094,-88.126529,75.39463207504569,548.0,8.117438895336164,rs2,6.441666698961768,35.45008692166749,29.008420222705723,4,6.441666698961768,48.511284472429175,42.06961777346741,80.2309515867141,negative_cross,toward_S4,3.910438527561696
3,miata,2024-03-29 20:19:30+00:00,40.288029,-88.126529,82.6211262586084,549.0,7.226494183562707,rs2,2.5993204037892137,35.31829404439697,32.71897364060776,4,2.5993204037892137,55.730187065333055,53.13086666154384,80.2309515867141,negative_cross,toward_S4,4.044262493923968
3,miata,2024-03-29 20:19:31+00:00,40.287968,-88.126513,89.37843242211122,550.0,6.757306163502818,rs2,8.79356383303212,35.21374657362906,26.42018274059694,4,8.79356383303212,62.58354298795676,53.78997915492464,80.2309515867141,negative_cross,toward_S4,4.169397793248095
3,miata,2024-03-29 20:19:32+00:00,40.287924,-88.126525,94.28857361506127,551.0,4.91014119295005,rs2,13.158410282336861,37.80702303306756,24.6486127507307,4,13.158410282336861,67.41155173053285,54.25314144819599,80.2309515867141,negative_cross,toward_S4,4.260326333858281
3,miata,2024-03-29 20:19:33+00:00,40.287886,-88.126483,98.44903149046122,552.0,4.160457875399956,rs2,18.206667714707308,36.542592509427145,18.335924794719837,4,18.206667714707308,71.8801991160189,53.67353140131159,80.2309515867141,negative_cross,toward_S4,4.337371850069391
3,miata,2024-03-29 20:19:34+00:00,40.287861,-88.126443,101.16725061538807,553.0,2.718219124926847,rs2,22.09131850674969,35.31567993594336,13.224361429193667,4,22.09131850674969,75.03185586996764,52.940537363217956,80.2309515867141,negative_cross,toward_S4,4.3877092412717404
3,miata,2024-03-29 20:19:35+00:00,40.287844,-88.12639,102.97616451405739,554.0,1.8089138986693172,rs2,25.949408504190988,33.19640321498869,7.246994710797704,4,25.949408504190988,77.62669020837248,51.677281704181496,80.2309515867141,negative_cross,toward_S4,4.421207646802653
3,miata,2024-03-29 20:19:36+00:00,40.287846,-88.12633,102.66200827408932,555.0,-0.31415623996807085,rs2,28.863854876664348,29.652114198042128,0.7882593213777795,4,28.863854876664348,78.52997849402382,49.666123617359474,80.2309515867141,negative_cross,ambiguous,4.415389938655097
3,miata,2024-03-29 20:19:37+00:00,40.287858,-88.126277,101.24679399876034,556.0,-1.415214275328978,rs1,25.967739694001217,31.146050050596198,5.178310356594981,4,25.967739694001217,76.69674756177095,50.72900786776973,80.2309515867141,positive_cross,toward_S1,4.389182266889745
3,miata,2024-03-29 20:19:38+00:00,40.28788,-88.126233,98.73358177300253,557.0,-2.513212225757812,rs1,21.988713582573766,32.67699525651277,10.688281673939002,4,21.988713582573766,73.68079581427695,51.69208223170318,80.2309515867141,positive_cross,toward_S1,4.342641299746082
3,miata,2024-03-29 20:19:39+00:00,40.287916,-88.126203,94.68531447717368,558.0,-4.04826729582885,rs1,17.26854422295341,32.97603749988069,15.70749327692728,4,17.26854422295341,69.38930715674437,52.12076293379096,80.2309515867141,positive_cross,toward_S1,4.267673386860363
3,miata,2024-03-29 20:19:40+00:00,40.287957,-88.126192,90.11023382861664,559.0,-4.575080648557034,rs1,12.80970803847019,32.238408877434296,19.428700838964104,4,12.80970803847019,64.75497383007671,51.945265791606516,80.2309515867141,positive_cross,toward_S1,4.182949671146344
3,miata,2024-03-29 20:19:41+00:00,40.288004,-88.126189,84.88033252080385,560.0,-5.229901307812796,rs1,8.564046167575482,31.401091361996023,22.83704519442054,4,8.564046167575482,59.53009868075938,50.9660525131839,80.2309515867141,positive_cross,toward_S1,4.086099646927588
3,miata,2024-03-29 20:19:42+00:00,40.288059,-88.126183,78.75642641628555,561.0,-6.123906104518298,rs1,5.848782171550774,31.726432585683582,25.87765041413281,4,5.848782171550774,53.39393636351965,47.54515419196888,80.2309515867141,positive_cross,toward_S1,3.972693978325397
3,miata,2024-03-29 20:19:43+00:00,40.288124,-88.126177,71.52075197467998,562.0,-7.235674441605568,rs1,9.279026885232684,33.4968707662564,24.217843881023718,4,9.279026885232684,46.15387576426041,36.87484887902773,80.2309515867141,positive_cross,toward_S1,3.8387000071845536
3,miata,2024-03-29 20:19:44+00:00,40.288193,-88.126176,63.84802041420048,563.0,-7.672731560479505,rs1,16.146441818563442,36.4689312361089,20.32248941754546,4,16.146441818563442,38.53273499551782,22.38629317695438,80.2309515867141,positive_cross,toward_S1,3.696612385694192
3,miata,2024-03-29 20:19:45+00:00,40.288265,-88.126176,55.843288395071646,564.0,-8.00473201912883,rs1,23.862854019629534,30.624520181599536,6.761666161970002,4,23.862854019629534,30.624520181599536,6.761666161970002,80.2309515867141,positive_cross,toward_S1,3.5483766075621768
3,miata,2024-03-29 20:19:46+00:00,40.28834,-88.126176,47.505025876001575,565.0,-8.33826251907007,rs3,22.462333950925654,32.053412779853865,9.591078828928211,3,22.462333950925654,32.053412779853865,9.591078828928211,26.33125891160298,positive_cross,toward_S1,3.392106795637011
3,miata,2024-03-29 20:19:47+00:00,40.288417,-88.126174,38.941349602980374,566.0,-8.563676273021201,rs3,14.236653947528312,35.252858684452484,21.016204736924173,3,14.236653947528312,40.50509490906313,26.26844096153482,26.33125891160298,positive_cross,toward_S1,3.2335201979884705
3,miata,2024-03-29 20:19:48+00:00,40.288492,-88.12617,30.596966912401133,567.0,-8.344382690579241,rs3,6.9281635027384825,33.55978267820057,26.631619175462088,3,6.9281635027384825,48.758437797517686,41.8302742947792,26.33125891160298,positive_cross,toward_S1,3.078994592607373
3,miata,2024-03-29 20:19:49+00:00,40.288568,-88.126163,22.1368172591026,568.0,-8.460149653298533,rs3,5.589686946017516,34.16568118123369,28.57599423521617,3,5.589686946017516,50.46601080116021,44.876323855142694,26.33125891160298,positive_cross,toward_S1,2.9223251545833264
3,miata,2024-03-29 20:19:50+00:00,40.288644,-88.126157,13.678197648675935,569.0,-8.458619610426664,rs3,12.599453395616466,36.68926354801856,24.089810152402094,3,12.599453395616466,41.998838500054205,29.39938510443774,26.33125891160298,positive_cross,toward_S1,2.765684050686536
3,miata,2024-03-29 20:19:51+00:00,40.288721,-88.126153,5.111461289889275,570.0,-8.56673635878666,rs3,20.866010106960136,33.4363326303259,12.570322523365764,3,20.866010106960136,33.4363326303259,12.570322523365764,26.33125891160298,positive_cross,toward_S1,2.6070407847830794
3,miata,2024-03-29 20:19:52+00:00,40.288799,-88.126153,-3.5603317299120025,571.0,-8.671793019801278,rs6,24.80799188666248,29.456629916317404,4.648638029654922,2,24.80799188666248,29.456629916317404,4.648638029654922,-27.632700444717127,positive_cross,toward_S1,2.4457846058297243
3,miata,2024-03-29 20:19:53+00:00,40.288876,-88.126154,-12.119417874317634,572.0,-8.559086144405631,rs6,16.35530034513755,35.030018036453136,18.674717691315585,2,16.35530034513755,37.982883140031554,21.627582794894003,-27.632700444717127,positive_cross,toward_S1,2.2872830105629536
3,miata,2024-03-29 20:19:54+00:00,40.288952,-88.126157,-20.564267098854096,573.0,-8.444849224536462,rs6,8.309884289329752,31.948151689494498,23.638267400164747,2,8.309884289329752,46.42601526871218,38.116130979382426,-27.632700444717127,positive_cross,toward_S1,2.130896913812278
3,miata,2024-03-29 20:19:55+00:00,40.289028,-88.12616,-29.009116323412304,574.0,-8.444849224558208,rs6,3.6953103799723266,30.940418275948353,27.245107895976027,2,3.6953103799723266,50.56890286973563,46.873592489763304,-27.632700444717127,positive_cross,toward_S1,1.9745108170612005
3,miata,2024-03-29 20:19:56+00:00,40.2891,-88.12616,-37.01384834175117,575.0,-8.004732018338867,rs6,9.556530250425181,32.31200880469287,22.75547855426769,2,9.556530250425181,42.578362749038405,33.02183249861322,-27.632700444717127,positive_cross,toward_S1,1.826275038943814
3,miata,2024-03-29 20:19:57+00:00,40.289173,-88.126161,-45.12822715132189,576.0,-8.114378809570717,rs6,17.36795358844876,34.492955563867696,17.125001975418936,2,17.36795358844876,34.492955563867696,17.125001975418936,-27.632700444717127,positive_cross,toward_S1,1.6760087646925044
3,miata,2024-03-29 20:19:58+00:00,40.289248,-88.126159,-53.46954975692562,577.0,-8.341322605603736,rs6,25.557632404070564,26.177583755694638,0.6199513516240742,2,25.557632404070564,26.177583755694638,0.6199513516240742,-27.632700444717127,positive_cross,toward_S1,1.5215398275516945
3,miata,2024-03-29 20:19:59+00:00,40.289321,-88.126158,-61.586988652240066,578.0,-8.117438895314443,rs8,18.1217624811412,32.238366706118676,14.116604224977475,1,18.1217624811412,33.60987542018501,15.488112939043813,-78.92951005359993,positive_cross,toward_S1,1.3211578037288862
3,miata,2024-03-29 20:20:00+00:00,40.289395,-88.126159,-69.81254429512454,579.0,-8.225555642884473,rs8,10.110826122179116,28.608774498921406,18.49794837674229,1,10.110826122179116,41.81318000461343,31.702353882434313,-78.92951005359993,positive_cross,toward_S1,1.1688326992310256
3,miata,2024-03-29 20:20:01+00:00,40.289461,-88.126162,-77.14562518417539,580.0,-7.333080889050848,rs8,3.995804277283697,26.94731344631285,22.951509169029155,1,3.995804277283697,49.150893390641826,45.15508911335813,-78.92951005359993,positive_cross,toward_S1,1.0330349049893433
3,miata,2024-03-29 20:20:02+00:00,40.28952,-88.126163,-83.70352832338207,581.0,-6.557903139206687,rs8,5.4061849318343755,27.25109070254316,21.844905770708785,1,5.4061849318343755,55.70201924257419,50.295834310739814,-78.92951005359993,positive_cross,toward_S1,0.9115922542632936
3,miata,2024-03-29 20:20:03+00:00,40.289571,-88.126163,-89.3735468366025,582.0,-5.670018513220427,rs8,10.46938904826525,28.813110825557807,18.343721777292558,1,10.46938904826525,61.36223757563561,50.89284852737036,-78.92951005359993,positive_cross,toward_S1,0.8065919114258783
3,miata,2024-03-29 20:20:04+00:00,40.289617,-88.126167,-94.48156101018687,583.0,-5.108014173584365,rs8,15.482042093720578,30.76202388651536,15.279981792794784,1,15.482042093720578,66.48986431810535,51.00782222438477,-78.92951005359993,positive_cross,toward_S1,0.7119990563595011
3,miata,2024-03-29 20:20:05+00:00,40.289657,-88.126199,-98.87967298176632,584.0,-4.398111971579453,rs8,20.510001299183823,31.13170928510995,10.621707985926125,1,20.510001299183823,71.14268953600534,50.63268823682151,-78.92951005359993,positive_cross,toward_S1,0.630552538367289
3,miata,2024-03-29 20:20:06+00:00,40.289681,-88.126248,-101.47294488748919,585.0,-2.5932719057228724,rs8,24.54169871567509,30.058227838302617,5.516529122627528,1,24.54169871567509,74.3043723745482,49.762673658873105,-78.92951005359993,positive_cross,toward_S1,0.5825289845576063
3,miata,2024-03-29 20:20:07+00:00,40.28969,-88.126302,-102.39091407440681,586.0,-0.9179691869176168,rs8,27.665029880025415,28.13427381523897,0.4692439352135551,1,27.665029880025415,76.10262809601844,48.43759821599302,-78.92951005359993,positive_cross,toward_S1,0.565529555170243
3,miata,2024-03-29 20:20:08+00:00,40.289689,-88.126356,-102.19711492579532,587.0,0.1937991486114896,rs10,25.877544948804516,30.329733600616525,4.452188651812008,1,25.877544948804516,76.28152196293601,50.4039770141315,-78.92951005359993,negative_cross,ambiguous,0.569118428292678
3,miata,2024-03-29 20:20:09+00:00,40.289671,-88.126404,-100.12248986259503,588.0,2.074625063200287,rs10,22.592606746668498,31.761599825098152,9.168993078429654,1,22.592606746668498,73.64183709505701,51.04923034838852,-78.92951005359993,negative_cross,toward_S4,0.6075374109445351
3,miata,2024-03-29 20:20:10+00:00,40.289637,-88.126439,-96.28892601978085,589.0,3.8335638428141863,rs10,18.215247975901402,31.843988146936454,13.628740171035052,1,18.215247975901402,69.52709292394704,51.31184494804563,-78.92951005359993,negative_cross,toward_S4,0.6785293339596126
3,miata,2024-03-29 20:20:11+00:00,40.289588,-88.12645,-90.82443070234396,590.0,5.464495317436885,rs10,12.687089285363829,30.10645476049439,17.41936547513056,1,12.687089285363829,64.01048199529514,51.32339270993131,-78.92951005359993,negative_cross,toward_S4,0.7797236916899253
3,miata,2024-03-29 20:20:12+00:00,40.289534,-88.126448,-84.82394177415777,591.0,6.000488928186186,rs10,6.95637128754125,28.128472372278086,21.172101084736838,1,6.95637128754125,58.055146131873315,51.09877484433206,-78.92951005359993,negative_cross,toward_S4,0.8908438570267065
3,miata,2024-03-29 20:20:13+00:00,40.28947,-88.126448,-77.70862442390882,592.0,7.115317350248958,rs10,2.7162062991306,27.554027725109705,24.837821425979104,1,2.7162062991306,50.98723151848279,48.27102521935219,-78.92951005359993,negative_cross,toward_S4,1.022608993142428
3,miata,2024-03-29 20:20:14+00:00,40.2894,-88.126444,-69.93236624368488,593.0,7.776258180223934,rs10,8.970092448125136,28.66559690083972,19.695504452714584,1,8.970092448125136,43.32775076912524,34.3576583210001,-78.92951005359993,negative_cross,toward_S4,1.166613774257686
3,miata,2024-03-29 20:20:15+00:00,40.289325,-88.126441,-61.598693852462155,594.0,8.333672391222727,rs10,17.1127411751468,32.083152291244936,14.970411116098134,1,17.1127411751468,35.16432374909327,18.05158257394647,-78.92951005359993,negative_cross,toward_S4,1.3209410407618105
3,miata,2024-03-29 20:20:16+00:00,40.289248,-88.126442,-53.03654762310276,595.0,8.562146229359392,rs10,25.564197676580537,26.80770136651522,1.243503689934684,1,25.564197676580537,26.80770136651522,1.243503689934684,-78.92951005359993,negative_cross,toward_S4,1.479499304268466
3,miata,2024-03-29 20:20:17+00:00,40.289169,-88.126445,-44.248987640560465,596.0,8.787559982542298,rs7,18.371768135435257,32.32287738887794,13.951109253442684,2,18.371768135435257,34.27919818435314,15.907430048917885,-27.632700444717127,negative_cross,toward_S4,1.692290977854753
3,miata,2024-03-29 20:20:18+00:00,40.289091,-88.126452,-35.56648431984449,597.0,8.682503320715973,rs7,10.41734094081602,29.43800973309802,19.020668792282002,2,10.41734094081602,42.894475688590965,32.47713474777495,-27.632700444717127,negative_cross,toward_S4,1.8530780763865302
3,miata,2024-03-29 20:20:19+00:00,40.289007,-88.126457,-26.219980083409812,598.0,9.34650423643468,rs7,5.784055692315505,28.83412492817847,23.050069235862964,2,5.784055692315505,52.20965284986795,46.425597157552446,-27.632700444717127,negative_cross,toward_S4,2.0261614881723577
3,miata,2024-03-29 20:20:20+00:00,40.288923,-88.126464,-16.870415761231424,599.0,9.349564322178388,rs7,11.470321165042316,31.322611502654848,19.85229033761253,2,11.470321165042316,44.56919947480096,33.098878309758646,-27.632700444717127,negative_cross,toward_S4,2.1993015682126984
3,miata,2024-03-29 20:20:21+00:00,40.288839,-88.12647,-7.52238148271485,600.0,9.348034278516575,rs7,20.143112022637098,35.318642827694795,15.175530805057697,2,20.143112022637098,35.318642827694795,15.175530805057697,-27.632700444717127,negative_cross,toward_S4,2.3724133141111534
3,miata,2024-03-29 20:20:22+00:00,40.288758,-88.126473,1.4875321672449076,601.0,9.009913649959756,rs5,26.536002204393945,28.94761462839717,2.4116124240032235,3,26.536002204393945,28.94761462839717,2.4116124240032235,26.33125891160298,negative_cross,toward_S4,2.5399309862155914
3,miata,2024-03-29 20:20:23+00:00,40.288682,-88.126477,9.943091691906117,602.0,8.45555952466121,rs5,18.458310982258205,34.95220388806687,16.493892905808664,3,18.458310982258205,37.28831713329957,18.830006151041367,26.33125891160298,negative_cross,toward_S4,2.6965154218574656
3,miata,2024-03-29 20:20:24+00:00,40.288608,-88.126485,18.182417720680785,603.0,8.239326028774668,rs5,10.939129441230339,32.627594071661996,21.688464630431657,3,10.939129441230339,45.425028974855955,34.48589953362561,26.33125891160298,negative_cross,toward_S4,2.849095533501441
3,miata,2024-03-29 20:20:25+00:00,40.288535,-88.126497,26.31668708762914,604.0,8.134269366948356,rs5,5.5920272888348315,32.64785356980256,27.055826280967725,3,5.5920272888348315,53.47220059470862,47.88017330587378,26.33125891160298,negative_cross,toward_S4,2.999730151407892
3,miata,2024-03-29 20:20:26+00:00,40.288462,-88.12651,34.45248649744935,605.0,8.135799409820208,rs5,8.720113027709427,34.73976399203035,26.01965096432092,3,8.720113027709427,47.11128205740457,38.39116902969515,26.33125891160298,negative_cross,toward_S4,3.1503931034415995
3,miata,2024-03-29 20:20:27+00:00,40.288388,-88.126519,42.69334256988583,606.0,8.240856072436479,rs5,16.154640433505218,38.238913897466745,22.084273463961527,3,16.154640433505218,38.84563032773706,22.690989894231844,26.33125891160298,negative_cross,toward_S4,3.30300154922746
3,miata,2024-03-29 20:20:28+00:00,40.288313,-88.126522,51.03619521757149,607.0,8.34285264768566,rs5,24.313416949523962,30.513383704900754,6.199966755376792,3,24.313416949523962,30.513383704900754,6.199966755376792,26.33125891160298,negative_cross,toward_S4,3.4574988204808985
3,miata,2024-03-29 20:20:29+00:00,40.288234,-88.126521,59.817635028604606,608.0,8.781439811033117,rs2,21.793460417717924,33.04438489837944,11.250924480661517,4,21.793460417717924,33.04438489837944,11.250924480661517,80.2309515867141,negative_cross,toward_S4,3.6219756192942687
3,miata,2024-03-29 20:20:30+00:00,40.288156,-88.126521,68.48942804919582,609.0,8.671793020591217,rs2,13.252317469142794,36.27261411626385,23.020296647121057,4,13.252317469142794,41.68090131567287,28.428583846530074,80.2309515867141,negative_cross,toward_S4,3.782564378934847
3,miata,2024-03-29 20:20:31+00:00,40.288084,-88.126521,76.49416006832467,610.0,8.004732019128852,rs2,5.73832844235915,34.65768990427283,28.919361461913677,4,5.73832844235915,49.665180731209084,43.926852288849936,80.2309515867141,negative_cross,toward_S4,3.9308001570668627
3,miata,2024-03-29 20:20:32+00:00,40.288017,-88.126523,83.94606800428035,611.0,7.451907935955674,rs2,3.791352839016559,34.950237832638614,31.158884993622053,4,3.791352839016559,57.090826625243054,53.29947378622649,80.2309515867141,negative_cross,toward_S4,4.068798452177153
3,miata,2024-03-29 20:20:33+00:00,40.287964,-88.126524,89.83997022779008,612.0,5.893902223509727,rs2,8.870518194015764,36.234145055552,27.363626861536233,4,8.870518194015764,62.97215014110047,54.101631947084705,80.2309515867141,negative_cross,toward_S4,4.177944789649555
3,miata,2024-03-29 20:20:34+00:00,40.28792,-88.126507,94.70574017734755,613.0,4.865769949557475,rs2,13.971546343765606,36.58522584608927,22.613679502323667,4,13.971546343765606,67.94469887434765,53.97315253058204,80.2309515867141,negative_cross,toward_S4,4.268051640567286
3,miata,2024-03-29 20:20:35+00:00,40.287888,-88.126467,98.20219713705055,614.0,3.4964569597029964,rs2,18.509402595115482,35.268995042827946,16.759592447712464,4,18.509402595115482,71.7992295278931,53.28982693277762,80.2309515867141,negative_cross,toward_S4,4.332800843524749
3,miata,2024-03-29 20:20:36+00:00,40.287869,-88.126413,100.23193466024375,615.0,2.029737523193205,rs2,22.55513496507797,32.77066768255768,10.21553271747971,4,22.55513496507797,74.54098831136639,51.98585334628842,80.2309515867141,negative_cross,toward_S4,4.370388575435735
3,miata,2024-03-29 20:20:37+00:00,40.287864,-88.126357,100.70213642735094,616.0,0.4702017671071843,rs2,25.848251823155795,29.647863960506818,3.7996121373510228,4,25.848251823155795,76.03600003933867,50.18774821618288,80.2309515867141,negative_cross,ambiguous,4.379096015567349
3,miata,2024-03-29 20:20:38+00:00,40.287868,-88.126303,100.17480677721828,617.0,-0.527329650132657,rs1,26.314448795298514,28.752386154050004,2.4379373587514905,4,26.314448795298514,76.04227288578137,49.727824090482855,80.2309515867141,positive_cross,toward_S1,4.3693306516760035
3,miata,2024-03-29 20:20:39+00:00,40.287889,-88.126257,97.76971129982046,618.0,-2.405095477397822,rs1,22.14893018023314,30.425109710568638,8.276179530335497,4,22.14893018023314,73.00456939497474,50.8556392147416,80.2309515867141,positive_cross,toward_S1,4.324791846539006
3,miata,2024-03-29 20:20:40+00:00,40.287919,-88.126224,94.38391487681669,619.0,-3.385796423003768,rs1,17.831610696460885,31.221035424134467,13.389424727673582,4,17.831610696460885,69.27909145568223,51.44748075922135,80.2309515867141,positive_cross,toward_S1,4.2620919127796775
3,miata,2024-03-29 20:20:41+00:00,40.287958,-88.126207,90.02200763763427,620.0,-4.361907239182415,rs1,13.419381893068408,30.98817241220159,17.56879051913318,4,13.419381893068408,64.79001258557334,51.37063069250493,80.2309515867141,positive_cross,toward_S1,4.181315852794818
3,miata,2024-03-29 20:20:42+00:00,40.288004,-88.126199,84.89563294956591,621.0,-5.126374688068367,rs1,9.210410167275619,30.559731000710986,21.349320833435367,4,9.210410167275619,59.62892983283425,50.418519665558634,80.2309515867141,positive_cross,toward_S1,4.08638298820096
3,miata,2024-03-29 20:20:43+00:00,40.288057,-88.12619,78.9894903830378,622.0,-5.9061425665281035,rs1,6.432785575687661,31.119497028279046,24.686711452591386,4,6.432785575687661,53.68476657229576,47.2519809966081,80.2309515867141,positive_cross,toward_S1,3.9770099777096983
3,miata,2024-03-29 20:20:44+00:00,40.288118,-88.126185,72.2000533199507,623.0,-6.789437063087107,rs1,9.170600371463582,32.66187961423124,23.491279242767657,4,9.170600371463582,46.90110163557358,37.73050126411,80.2309515867141,positive_cross,toward_S1,3.8512796617266036
3,miata,2024-03-29 20:20:45+00:00,40.288185,-88.126184,64.74967542607695,624.0,-7.45037789387375,rs1,15.553154516937852,35.4563485151438,19.90319399820595,4,15.553154516937852,39.51285808891114,23.959703571973286,80.2309515867141,positive_cross,toward_S1,3.7133097007289417
3,miata,2024-03-29 20:20:46+00:00,40.288253,-88.126181,57.18506061316746,625.0,-7.56461481290949,rs1,22.665003127689918,32.013718586268325,9.348715458578408,4,22.665003127689918,32.013718586268325,9.348715458578408,80.2309515867141,positive_cross,toward_S1,3.573224241230618
3,miata,2024-03-29 20:20:47+00:00,40.288324,-88.12618,49.28997538448051,626.0,-7.895085228686945,rs3,24.271496212137535,30.359731268965803,6.0882350568282675,3,24.271496212137535,30.359731268965803,6.0882350568282675,26.33125891160298,positive_cross,toward_S1,3.4251614161643986
3,miata,2024-03-29 20:20:48+00:00,40.288394,-88.126176,41.50147686204994,627.0,-7.788498522430572,rs3,16.695971628632414,36.08484310810262,19.388871479470204,3,16.695971628632414,37.99143691974942,21.295465291117004,26.33125891160298,positive_cross,toward_S1,3.280929962045314
3,miata,2024-03-29 20:20:49+00:00,40.288465,-88.126168,33.595681333238254,628.0,-7.905795528811687,rs3,9.207435706235248,34.22854737049375,25.021111664258502,3,9.207435706235248,45.75320493673045,36.545769230495196,26.33125891160298,positive_cross,toward_S1,3.134526341141394
3,miata,2024-03-29 20:20:50+00:00,40.28854,-88.126163,25.249768599787146,629.0,-8.345912733451108,rs3,4.332936438025979,33.91535853609829,29.58242209807231,3,4.332936438025979,53.571791042433524,49.23885460440754,26.33125891160298,positive_cross,toward_S1,2.9799724016330402
3,miata,2024-03-29 20:20:51+00:00,40.288618,-88.12616,16.5733854505586,630.0,-8.676383149228545,rs3,9.981568884860778,35.542842319923324,25.561273435062546,3,9.981568884860778,44.90181365411995,34.92024476925917,26.33125891160298,positive_cross,toward_S1,2.819298639610289
3,miata,2024-03-29 20:20:52+00:00,40.288696,-88.126158,7.898532344223648,631.0,-8.674853106334952,rs3,18.215510210345272,36.24426728702427,18.028757076679,3,18.215510210345272,36.24426728702427,18.028757076679,26.33125891160298,positive_cross,toward_S1,2.6586532117151975
3,miata,2024-03-29 20:20:53+00:00,40.288778,-88.126158,-1.2179680104125397,632.0,-9.116500354636187,rs6,27.178274364548255,27.195814079074015,0.01753971452576053,2,27.178274364548255,27.195814079074015,0.01753971452576053,-27.632700444717127,positive_cross,toward_S1,2.489161711746381
3,miata,2024-03-29 20:20:54+00:00,40.288859,-88.126157,-10.224821574606837,633.0,-9.006853564194298,rs6,18.260508693302487,35.68392220031006,17.42341350700757,2,18.260508693302487,36.126619380636654,17.866110687334167,-27.632700444717127,positive_cross,toward_S1,2.3223681272242644
3,miata,2024-03-29 20:20:55+00:00,40.288939,-88.12616,-19.114378133209993,634.0,-8.889556558603156,rs6,9.742304849718938,32.05210201417497,22.309797164456032,2,9.742304849718938,45.007303495721686,35.26499864600275,-27.632700444717127,positive_cross,toward_S1,2.157746709472354
3,miata,2024-03-29 20:20:56+00:00,40.289018,-88.126162,-27.894287901371264,635.0,-8.779909768161271,rs6,3.776457613901439,30.739940201688025,26.963482587786586,2,3.776457613901439,51.68955246784564,47.913094853944195,-27.632700444717127,positive_cross,toward_S1,1.9951557878397381
3,miata,2024-03-29 20:20:57+00:00,40.289096,-88.126162,-36.5660809219625,636.0,-8.671793020591238,rs6,9.213945198257829,32.022189326514884,22.808244128257055,2,9.213945198257829,43.03462169251823,33.8206764942604,-27.632700444717127,positive_cross,toward_S1,1.8345670281991597
3,miata,2024-03-29 20:20:58+00:00,40.289178,-88.126161,-45.684111319470546,637.0,-9.118030397508043,rs6,17.911831174942176,33.939220572580794,16.02738939763862,2,17.911831174942176,33.939220572580794,16.02738939763862,-27.632700444717127,positive_cross,toward_S1,1.6657146134304923
3,miata,2024-03-29 20:20:59+00:00,40.289257,-88.126162,-54.46555113050368,638.0,-8.781439811033131,rs8,25.215040531104247,26.584397936978878,1.3693574058746307,1,25.215040531104247,26.584397936978878,1.3693574058746307,-78.92951005359993,positive_cross,toward_S1,1.4530362763536342
3,miata,2024-03-29 20:21:00+00:00,40.289331,-88.126165,-62.68804668762269,639.0,-8.22249555711901,rs8,17.13676345550425,31.14767422751164,14.010910772007389,1,17.13676345550425,34.78018313528235,17.6434196797781,-78.92951005359993,positive_cross,toward_S1,1.3007678401106897
3,miata,2024-03-29 20:21:01+00:00,40.289396,-88.126167,-69.91148078623162,640.0,-7.223434098608934,rs8,10.228941730468394,27.92980004633517,17.700858315866775,1,10.228941730468394,41.98632827205269,31.757386541584296,-78.92951005359993,positive_cross,toward_S1,1.167000541988302
3,miata,2024-03-29 20:21:02+00:00,40.289458,-88.126169,-76.80138438329769,641.0,-6.889903597066066,rs8,4.673775625210242,26.37796704016702,21.70419141495678,1,4.673775625210242,48.867617317890634,44.193841692680394,-78.92951005359993,positive_cross,toward_S1,1.0394097346352267
3,miata,2024-03-29 20:21:03+00:00,40.289516,-88.12617,-83.24811068842241,642.0,-6.446726305124727,rs8,5.474241958545486,26.589154906737257,21.114912948191773,1,5.474241958545486,55.302759215586434,49.82851725704095,-78.92951005359993,positive_cross,toward_S1,0.9200259141699539
3,miata,2024-03-29 20:21:04+00:00,40.28957,-88.126168,-89.25471978811778,643.0,-6.006609099695368,rs8,10.508542567347547,28.377692606644512,17.869150039296965,1,10.508542567347547,61.27937041268329,50.770827845335745,-78.92951005359993,positive_cross,toward_S1,0.8087924123237434
3,miata,2024-03-29 20:21:05+00:00,40.289614,-88.126166,-94.14956055232751,644.0,-4.894840764209732,rs8,15.137759747152423,30.66681653088099,15.529056783728567,1,15.137759747152423,66.15153144423553,51.01377169708311,-78.92951005359993,positive_cross,toward_S1,0.7181472129865262
3,miata,2024-03-29 20:21:06+00:00,40.289648,-88.126185,-97.9005020798222,645.0,-3.750941527494689,rs8,19.20578580484518,31.42843273345496,12.22264692860978,1,19.20578580484518,70.03948046723114,50.833694662385966,-78.92951005359993,positive_cross,toward_S1,0.6486853328477356
3,miata,2024-03-29 20:21:07+00:00,40.289674,-88.126226,-100.72836799519094,646.0,-2.827865915368733,rs8,23.07561977381975,30.74509488496413,7.669475111144379,1,23.07561977381975,73.2769731456509,50.201353371831146,-78.92951005359993,positive_cross,toward_S1,0.5963174455260924
3,miata,2024-03-29 20:21:08+00:00,40.28969,-88.126285,-102.41692480329361,647.0,-1.6885568081026747,rs8,26.903030923454246,28.929847364540734,2.0268164410864884,1,26.903030923454246,75.8192619472221,48.91623102376786,-78.92951005359993,positive_cross,toward_S1,0.5650478750056724
3,miata,2024-03-29 20:21:09+00:00,40.289693,-88.126346,-102.65712268860233,648.0,-0.24019788530871722,rs10,26.63349988683912,30.130717896230333,3.4972180093912115,1,26.63349988683912,76.88103679406333,50.247536907224216,-78.92951005359993,negative_cross,ambiguous,0.560599766018474
3,miata,2024-03-29 20:21:10+00:00,40.28968,-88.126402,-101.12614145053237,649.0,1.5309812380699555,rs10,23.601211372027286,32.3092598482447,8.708048476217414,1,23.601211372027286,74.65673642502045,51.05552505299317,-78.92951005359993,negative_cross,toward_S4,0.5889512704271769
3,miata,2024-03-29 20:21:11+00:00,40.289646,-88.126442,-97.28492739335891,650.0,3.8412140571734597,rs10,19.15631271283257,32.60810612047381,13.451793407641244,1,19.15631271283257,70.49710437827895,51.340791665446375,-78.92951005359993,negative_cross,toward_S4,0.6600848640785373
3,miata,2024-03-29 20:21:12+00:00,40.289602,-88.126459,-92.36713598681776,651.0,4.917791406541156,rs10,14.105827747124435,31.44016821918691,17.334340472062472,1,14.105827747124435,65.49125097812662,51.38542323100218,-78.92951005359993,negative_cross,toward_S4,0.751155075310781
3,miata,2024-03-29 20:21:13+00:00,40.289553,-88.126461,-86.91641105445937,652.0,5.4507249323583835,rs10,8.688569680755828,29.700928286528494,21.01235860577267,1,8.688569680755828,60.047051890103866,51.35848220934804,-78.92951005359993,negative_cross,toward_S4,0.8520944259100103
3,miata,2024-03-29 20:21:14+00:00,40.289494,-88.126452,-80.37074825824926,653.0,6.5456627962101095,rs10,3.035020838859322,27.895139192302366,24.860118353443045,1,3.035020838859322,53.59623159839673,50.5612107595374,-78.92951005359993,negative_cross,toward_S4,0.9733104036176049
3,miata,2024-03-29 20:21:15+00:00,40.289429,-88.126447,-73.15190428906759,654.0,7.218843969181677,rs10,5.900469793766421,28.05937544284501,22.15890564907859,1,5.900469793766421,46.479358452547466,40.57888865878105,-78.92951005359993,negative_cross,toward_S4,1.1069926993431916
3,miata,2024-03-29 20:21:16+00:00,40.289355,-88.126446,-64.92634864618314,655.0,8.225555642884444,rs10,13.757416965074253,30.774994806006386,17.017577840932134,1,13.757416965074253,38.363148005749935,24.605731040675682,-78.92951005359993,negative_cross,toward_S4,1.2593178038410515
3,miata,2024-03-29 20:21:17+00:00,40.289275,-88.126447,-56.03067191609255,656.0,8.895676730090592,rs10,22.531783301718974,29.620644625325458,7.0888613236064835,1,22.531783301718974,29.620644625325458,7.0888613236064835,-78.92951005359993,negative_cross,toward_S4,1.4240525581019885
3,miata,2024-03-29 20:21:18+00:00,40.289193,-88.12645,-46.90958143202908,657.0,9.121090484063473,rs7,20.7458419929361,31.584157620122884,10.838315627186784,2,20.7458419929361,31.584157620122884,10.838315627186784,-27.632700444717127,negative_cross,toward_S4,1.643020722457186
3,miata,2024-03-29 20:21:19+00:00,40.289109,-88.126451,-37.56919736789354,658.0,9.340384064135542,rs7,12.136375662123609,29.953971396674373,17.817595734550764,2,12.136375662123609,40.90023839571749,28.76386273359388,-27.632700444717127,negative_cross,toward_S4,1.8159907977189553
3,miata,2024-03-29 20:21:20+00:00,40.289028,-88.126452,-28.56234380369924,659.0,9.006853564194298,rs7,6.294663406202341,28.383951879676943,22.089288473474603,2,6.294663406202341,49.89313923618806,43.59847582998572,-27.632700444717127,negative_cross,toward_S4,1.982784382241072
3,miata,2024-03-29 20:21:21+00:00,40.288946,-88.126455,-19.44125332042573,660.0,9.121090483273509,rs7,9.69446648524156,29.798022256118823,20.103555770877264,2,9.69446648524156,47.22598255001012,37.53151606476857,-27.632700444717127,negative_cross,toward_S4,2.1516934652646555
3,miata,2024-03-29 20:21:22+00:00,40.288867,-88.12646,-10.650633252161459,661.0,8.790620068264271,rs7,17.373596383830034,33.69015322980467,16.316556845974638,2,17.373596383830034,38.54388400967023,21.170287625840196,-27.632700444717127,negative_cross,toward_S4,2.314482725788068
3,miata,2024-03-29 20:21:23+00:00,40.288791,-88.126468,-2.1889535559693325,662.0,8.461679696192126,rs7,25.401229862606368,30.18124284681064,4.780012984204273,2,25.401229862606368,30.18124284681064,4.780012984204273,-27.632700444717127,negative_cross,toward_S4,2.4711804979397742
3,miata,2024-03-29 20:21:24+00:00,40.288716,-88.126474,6.158489221143587,663.0,8.34744277711292,rs5,22.07130438076394,33.56247003552797,11.491165654764032,3,22.07130438076394,33.56247003552797,11.491165654764032,26.33125891160298,negative_cross,toward_S4,2.626430190917419
3,miata,2024-03-29 20:21:25+00:00,40.288644,-88.126481,14.173931540397161,664.0,8.015442319253573,rs5,14.50129464397968,33.51674468442744,19.015450040447757,3,14.50129464397968,41.461415816874144,26.960121172894464,26.33125891160298,negative_cross,toward_S4,2.774864307940633
3,miata,2024-03-29 20:21:26+00:00,40.288571,-88.126497,22.31432107885469,665.0,8.140389538457528,rs5,7.231325223278861,32.87893315349265,25.64760793021379,3,7.231325223278861,49.4721145118452,42.24078928856634,26.33125891160298,negative_cross,toward_S4,2.925612262356513
3,miata,2024-03-29 20:21:27+00:00,40.288497,-88.126515,30.568947536369677,666.0,8.254626457514988,rs5,5.4063135055544,34.44905239138853,29.042738885834126,3,5.4063135055544,50.96100467009541,45.55469116454101,26.33125891160298,negative_cross,toward_S4,3.0784757152734574
3,miata,2024-03-29 20:21:28+00:00,40.288422,-88.126525,38.922510484991776,667.0,8.353562948622098,rs5,12.362147560814865,37.24794170099961,24.885794140184746,3,12.362147560814865,42.58141806551648,30.219270504701615,26.33125891160298,negative_cross,toward_S4,3.233171325433126
3,miata,2024-03-29 20:21:29+00:00,40.288344,-88.12653,47.60195371917408,668.0,8.679443234182301,rs5,20.804902042842574,33.896341157652344,13.09143911480977,3,20.804902042842574,33.896341157652344,13.09143911480977,26.33125891160298,negative_cross,toward_S4,3.393901755695761
3,miata,2024-03-29 20:21:30+00:00,40.288265,-88.12653,56.38492357307906,669.0,8.78296985390498,rs2,25.134786945513138,29.53723380467766,4.40244685916452,4,25.134786945513138,29.53723380467766,4.40244685916452,80.2309515867141,negative_cross,toward_S4,3.558406888636388
3,miata,2024-03-29 20:21:31+00:00,40.288186,-88.126526,65.16177325547486,670.0,8.776849682395799,rs2,16.449615707254054,37.82525531971472,21.375639612460667,4,16.449615707254054,38.320460990966936,21.87084528371288,80.2309515867141,negative_cross,toward_S4,3.7209411420140883
3,miata,2024-03-29 20:21:32+00:00,40.28811,-88.126524,73.60815252290493,671.0,8.446379267430075,rs2,8.25893823576344,35.28963607075245,27.030697834989013,4,8.25893823576344,46.76255299457587,38.50361475881243,80.2309515867141,negative_cross,toward_S4,3.877355572892423
3,miata,2024-03-29 20:21:33+00:00,40.28804,-88.126524,81.3905308746163,672.0,7.7823783517113725,rs2,2.723509462073412,34.81281969822817,32.08931023615476,4,2.723509462073412,54.53209099912136,51.80858153704795,80.2309515867141,negative_cross,toward_S4,4.021473690516707
3,miata,2024-03-29 20:21:34+00:00,40.287971,-88.126495,89.01736114962134,673.0,7.626830275005034,rs2,9.252167312088734,33.65404327753399,24.401875965445253,4,9.252167312088734,62.37226629083753,53.1200989787488,80.2309515867141,negative_cross,toward_S4,4.162711288201986
3,miata,2024-03-29 20:21:35+00:00,40.287934,-88.12652,93.1691550643829,674.0,4.151793914761569,rs2,12.170575562709129,36.99500679837912,24.824431235669994,4,12.170575562709129,66.3222595879302,54.15168402522107,80.2309515867141,negative_cross,toward_S4,4.23959636069757
3,miata,2024-03-29 20:21:36+00:00,40.287898,-88.126492,97.1286798734266,675.0,3.9595248090436996,rs2,16.69373785481095,36.53937674016411,19.845638885353157,4,16.69373785481095,70.48257897126398,53.78884111645303,80.2309515867141,negative_cross,toward_S4,4.312920894198379
3,miata,2024-03-29 20:21:37+00:00,40.28787,-88.126453,100.18195954195652,676.0,3.0532796685299104,rs2,20.823717666496744,35.396325949248826,14.572608282752082,4,20.823717666496744,73.92871872508492,53.10500105858817,80.2309515867141,negative_cross,toward_S4,4.3694631102822665
3,miata,2024-03-29 20:21:38+00:00,40.287851,-88.126407,102.22393740737806,677.0,2.0419778654215435,rs2,24.525008377825213,33.69752719050865,9.172518812683439,4,24.525008377825213,76.6006569786105,52.075648600785286,80.2309515867141,negative_cross,toward_S4,4.407277515197481
3,miata,2024-03-29 20:21:39+00:00,40.287847,-88.126345,102.57378208391866,678.0,0.3498446765405987,rs2,27.948688054407853,30.369300728785998,2.4206126743781446,4,27.948688054407853,78.11191526565754,50.16322721124969,80.2309515867141,negative_cross,ambiguous,4.413756120318603
3,miata,2024-03-29 20:21:40+00:00,40.287855,-88.126292,101.60327514263463,679.0,-0.9705069412840288,rs1,26.942286248994,30.414412797852794,3.4721265488587925,4,26.942286248994,77.26601857009113,50.32373232109713,80.2309515867141,positive_cross,toward_S1,4.395783769554084
3,miata,2024-03-29 20:21:41+00:00,40.287872,-88.126244,99.63982691351629,680.0,-1.9634482291183417,rs1,23.211171649705317,32.40264336977687,9.19147172007155,4,23.211171649705317,74.69606541685123,51.484893767145905,80.2309515867141,positive_cross,toward_S1,4.359423617163004
3,miata,2024-03-29 20:21:42+00:00,40.287904,-88.126208,96.02708669526945,681.0,-3.6127402182468416,rs1,18.65569103211665,33.17755369097358,14.521862658856932,4,18.65569103211665,70.76339802200069,52.107706989884036,80.2309515867141,positive_cross,toward_S1,4.2925210205288025
3,miata,2024-03-29 20:21:43+00:00,40.28795,-88.12619,90.88541157762732,682.0,-5.141675117642123,rs1,13.400675570749566,32.63115222523346,19.23047665448389,4,13.400675570749566,65.51202668627874,52.111351115529175,80.2309515867141,positive_cross,toward_S1,4.197304814646541
3,miata,2024-03-29 20:21:44+00:00,40.288003,-88.12618,84.97773896824913,683.0,-5.907672609378196,rs1,8.094782180928334,32.17263380582316,24.077851624894826,4,8.094782180928334,59.56206890494729,51.467286724018955,80.2309515867141,positive_cross,toward_S1,4.087903470028427
3,miata,2024-03-29 20:21:45+00:00,40.288063,-88.126172,78.29488860981671,684.0,-6.682850358432418,rs1,4.970734771949466,32.68963526534486,27.718900493395395,4,4.970734771949466,52.85414129410619,47.883406522156726,80.2309515867141,positive_cross,toward_S1,3.9641469819093076
3,miata,2024-03-29 20:21:46+00:00,40.288132,-88.12617,70.62062700646536,685.0,-7.674261603351354,rs1,9.717782236987619,34.322538779628466,24.60475654264085,4,9.717782236987619,45.20224248641152,35.484460249423904,80.2309515867141,positive_cross,toward_S1,3.82203102629169
3,miata,2024-03-29 20:21:47+00:00,40.288207,-88.126169,62.280834443733454,686.0,-8.339792562731901,rs1,17.459014759014615,36.90942405397107,19.450409294956458,4,17.459014759014615,36.90942405397107,19.450409294956458,80.2309515867141,positive_cross,toward_S1,3.6675904232781362
3,miata,2024-03-29 20:21:48+00:00,40.288284,-88.126169,53.720218257245925,687.0,-8.560616186487529,rs1,25.815118684166222,28.440301362427846,2.6251826782616234,4,25.815118684166222,28.440301362427846,2.6251826782616234,80.2309515867141,positive_cross,toward_S1,3.5090604938987378
3,miata,2024-03-29 20:21:49+00:00,40.288363,-88.126167,44.93418831757548,688.0,-8.786029939670442,rs3,19.795900106196473,34.47217119911125,14.676271092914778,3,19.795900106196473,34.47217119911125,14.676271092914778,26.33125891160298,positive_cross,toward_S1,3.3444986927031946
3,miata,2024-03-29 20:21:50+00:00,40.288444,-88.126167,35.92886479625304,689.0,-9.005323521322445,rs3,11.239559422610421,34.87403269167351,23.634473269063093,3,11.239559422610421,43.420894755267554,32.181335332657135,26.33125891160298,positive_cross,toward_S1,3.1777334423083343
3,miata,2024-03-29 20:21:51+00:00,40.288524,-88.126163,27.02859793675692,690.0,-8.900266859496117,rs3,4.511969512454511,33.90018472663302,29.38821521417851,3,4.511969512454511,52.25159362576612,47.739624113311606,26.33125891160298,positive_cross,toward_S1,3.012913685650999
3,miata,2024-03-29 20:21:52+00:00,40.288606,-88.126157,17.902917324867847,691.0,-9.125680611889074,rs3,8.664107897414658,35.443163136421155,26.779055239006496,3,8.664107897414658,46.21325495500228,37.54914705758762,26.33125891160298,positive_cross,toward_S1,2.8439196002456457
3,miata,2024-03-29 20:21:54+00:00,40.288689,-88.126152,8.667589922536878,693.0,-4.617663701165484,rs3,17.349415644226468,36.97577587351587,19.626360229289403,3,17.349415644226468,36.97577587351587,19.626360229289403,26.33125891160298,positive_cross,toward_S1,2.672895018720998
3,miata,2024-03-29 20:21:55+00:00,40.288773,-88.126151,-0.6727941424103687,694.0,-9.340384064947248,rs3,26.5653944763618,27.662922344069358,1.0975278677075586,3,26.5653944763618,27.662922344069358,1.0975278677075586,26.33125891160298,positive_cross,toward_S1,2.4999249434441975
3,miata,2024-03-29 20:21:56+00:00,40.288857,-88.126151,-10.011648164464013,695.0,-9.338854022053644,rs6,18.393976298130415,35.85509322475519,17.461116926624772,2,18.393976298130415,35.85509322475519,17.461116926624772,-27.632700444717127,positive_cross,toward_S1,2.3263157829676504
3,miata,2024-03-29 20:21:57+00:00,40.288941,-88.126149,-19.35356227226137,696.0,-9.341914107797358,rs6,9.224442240488148,32.89640197597565,23.6719597354875,2,9.224442240488148,45.154740894576946,35.9302986540888,-27.632700444717127,positive_cross,toward_S1,2.1533173735639957
3,miata,2024-03-29 20:21:58+00:00,40.289024,-88.12615,-28.57970941733945,697.0,-9.22614714507808,rs6,2.7779098182460555,31.771322722340088,28.993412904094033,2,2.7779098182460555,50.96865864476666,48.190748826520604,-27.632700444717127,positive_cross,toward_S1,1.9824627968032902
3,miata,2024-03-29 20:21:59+00:00,40.289106,-88.12615,-37.69620977197564,698.0,-9.116500354636187,rs6,9.909864038099666,33.32043982545498,23.410575787355317,2,9.909864038099666,41.85882847508623,31.94896443698656,-27.632700444717127,positive_cross,toward_S1,1.8136387161618794
3,miata,2024-03-29 20:22:00+00:00,40.289193,-88.126149,-47.370124337632355,699.0,-9.673914565656716,rs6,19.381630262662796,32.19437294702893,12.812742684366135,2,19.381630262662796,32.19437294702893,12.812742684366135,-27.632700444717127,positive_cross,toward_S1,1.6344921501311995
3,miata,2024-03-29 20:22:01+00:00,40.289282,-88.126151,-57.261802442090946,700.0,-9.891678104458592,rs8,22.3442805714256,29.234474325764424,6.890193754338824,1,22.3442805714256,29.234474325764424,6.890193754338824,-78.92951005359993,positive_cross,toward_S1,1.4012538446575737
3,miata,2024-03-29 20:22:02+00:00,40.289369,-88.126151,-66.9341869648758,701.0,-9.67238452278486,rs8,12.759880006347302,30.270660192851732,17.51078018650443,1,12.759880006347302,38.87691593048263,26.11703592413533,-78.92951005359993,positive_cross,toward_S1,1.2221356127541503
3,miata,2024-03-29 20:22:03+00:00,40.289447,-88.126152,-75.60444994257342,702.0,-8.670262977697618,rs8,4.5593744223279655,27.931513335928962,23.372138913600995,1,4.5593744223279655,47.538833138911244,42.97945871658328,-78.92951005359993,positive_cross,toward_S1,1.0615751872412316
3,miata,2024-03-29 20:22:04+00:00,40.289512,-88.126153,-82.82941408326427,703.0,-7.224964140690844,rs8,4.183888735138409,27.945239482164524,23.761350747026114,1,4.183888735138409,54.761294162328475,50.577405427190065,-78.92951005359993,positive_cross,toward_S1,0.9277795550062159
3,miata,2024-03-29 20:22:05+00:00,40.289564,-88.126152,-88.61213947267031,704.0,-5.782725389406039,rs8,9.454979462517151,29.415602923125686,19.960623460608534,1,9.454979462517151,60.53303961729867,51.07806015478152,-78.92951005359993,positive_cross,toward_S1,0.8206920477949929
3,miata,2024-03-29 20:22:06+00:00,40.289606,-88.126158,-93.27238622644425,705.0,-4.660246753773947,rs8,14.119249863815861,30.829506787542883,16.710256923727023,1,14.119249863815861,65.22427172381428,51.10502185999842,-78.92951005359993,positive_cross,toward_S1,0.7343911819843643
3,miata,2024-03-29 20:22:07+00:00,40.289645,-88.12619,-97.55932136473173,706.0,-4.286935138287475,rs8,19.006222913903887,30.888758253667447,11.88253533976356,1,19.006222913903887,69.74300211388828,50.7367791999844,-78.92951005359993,positive_cross,toward_S1,0.6550034942383
3,miata,2024-03-29 20:22:08+00:00,40.289671,-88.126236,-100.37953706569766,707.0,-2.8202157009659317,rs8,23.103908994804033,29.91621178821933,6.812302793415295,1,23.103908994804033,73.05776044250995,49.953851447705915,-78.92951005359993,positive_cross,toward_S1,0.6027772775537457
3,miata,2024-03-29 20:22:09+00:00,40.289682,-88.126288,-101.52292000577646,708.0,-1.1433829400787943,rs8,26.27525554553144,28.054847526103636,1.7795919805721958,1,26.27525554553144,74.99403821800426,48.71878267247283,-78.92951005359993,positive_cross,toward_S1,0.5816035194041383
3,miata,2024-03-29 20:22:10+00:00,40.289684,-88.126343,-101.66112131502429,709.0,-0.13820130924783314,rs10,25.842876889303497,29.194025584339418,3.3511486950359206,1,25.842876889303497,75.95096316788685,50.10808627858336,-78.92951005359993,negative_cross,ambiguous,0.5790442358995489
3,miata,2024-03-29 20:22:11+00:00,40.289666,-88.126392,-99.58496620895215,710.0,2.076155106072136,rs10,22.374465426938617,30.631649121252767,8.25718369431415,1,22.374465426938617,73.24022137799889,50.86575595106028,-78.92951005359993,negative_cross,toward_S4,0.6174915526786624
3,miata,2024-03-29 20:22:12+00:00,40.289627,-88.126431,-95.18939802729186,711.0,4.395568181660295,rs10,17.27104654442223,30.67592267645793,13.4048761320357,1,17.27104654442223,68.49608633586402,51.22503979144179,-78.92951005359993,negative_cross,toward_S4,0.6988909634501494
3,miata,2024-03-29 20:22:13+00:00,40.289576,-88.126443,-89.50101899877568,712.0,5.688379028516181,rs10,11.523649734393413,29.05354133115284,17.529891596759427,1,11.523649734393413,62.74490044660683,51.22125071221342,-78.92951005359993,negative_cross,toward_S4,0.8042313158300787
3,miata,2024-03-29 20:22:14+00:00,40.289522,-88.126439,-83.50359015631146,713.0,5.997428842464217,rs10,6.130337585184495,27.130155423951408,20.999817838766912,1,6.130337585184495,56.82114674112221,50.69080915593772,-78.92951005359993,negative_cross,toward_S4,0.9152948129127494
3,miata,2024-03-29 20:22:15+00:00,40.289457,-88.126439,-76.27709597274875,714.0,7.226494183562707,rs10,4.003779045030689,26.900973056755657,22.897194011724967,1,4.003779045030689,49.65885270361586,45.65507365858517,-78.92951005359993,negative_cross,toward_S4,1.0491187792750216
3,miata,2024-03-29 20:22:16+00:00,40.289385,-88.12644,-68.27083391153802,715.0,8.006262061210734,rs10,10.659288899656463,28.922726743991248,18.263437844334785,1,10.659288899656463,41.73774894801051,31.07846004835405,-78.92951005359993,negative_cross,toward_S4,1.197382891519665
3,miata,2024-03-29 20:22:17+00:00,40.289301,-88.12644,-58.93197988948438,716.0,9.338854022053638,rs10,19.75481213363039,32.572307082530706,12.817494948900315,1,19.75481213363039,32.572307082530706,12.817494948900315,-78.92951005359993,negative_cross,toward_S4,1.3703246326688063
3,miata,2024-03-29 20:22:18+00:00,40.289213,-88.126441,-49.14688848972396,717.0,9.785091399760418,rs7,23.097265095341786,29.440710758596705,6.3434456632549185,2,23.097265095341786,29.440710758596705,6.3434456632549185,-27.632700444717127,negative_cross,toward_S4,1.6015891102776512
3,miata,2024-03-29 20:22:19+00:00,40.289123,-88.126443,-39.1379133804642,718.0,10.008975109259765,rs7,13.823043215266418,29.873366884031267,16.050323668764847,2,13.823043215266418,39.39260901339136,25.56956579812494,-27.632700444717127,negative_cross,toward_S4,1.7869405011898691
3,miata,2024-03-29 20:22:20+00:00,40.289035,-88.126447,-29.348231852856426,719.0,9.789681527607772,rs7,6.914686985643379,27.994286959773525,21.079599974130147,2,6.914686985643379,49.137001339839614,42.222314354196236,-27.632700444717127,negative_cross,toward_S4,1.9682308998492724
3,miata,2024-03-29 20:22:21+00:00,40.28895,-88.126452,-19.890550783108,720.0,9.457681069748425,rs7,9.50682899393071,29.432112150729363,19.925283156798653,2,9.50682899393071,47.71194960099781,38.2051206070671,-27.632700444717127,negative_cross,toward_S4,2.1433731418816504
3,miata,2024-03-29 20:22:22+00:00,40.288867,-88.126459,-10.652163295033317,721.0,9.238387488074684,rs7,17.400423808601193,33.617023060539886,16.216599251938693,2,17.400423808601193,38.56311516727339,21.162691358672195,-27.632700444717127,negative_cross,toward_S4,2.3144543916608113
3,miata,2024-03-29 20:22:23+00:00,40.288785,-88.126471,-1.5173024251013913,722.0,9.134860869931925,rs7,26.011528950837942,29.47032633235175,3.458797381513808,2,26.011528950837942,29.47032633235175,3.458797381513808,-27.632700444717127,negative_cross,toward_S4,2.483618481844736
3,miata,2024-03-29 20:22:24+00:00,40.288705,-88.126486,7.3997949052604355,723.0,8.917097330361827,rs5,20.58154560892594,34.666167224170465,14.084621615244526,3,20.58154560892594,34.666167224170465,14.084621615244526,26.33125891160298,negative_cross,toward_S4,2.6494173332158786
3,miata,2024-03-29 20:22:25+00:00,40.288626,-88.126501,16.205715402308513,724.0,8.805920497048078,rs5,11.944434618295023,34.47246239136236,22.52802777306734,3,11.944434618295023,43.34551698646442,31.401082368169394,26.33125891160298,negative_cross,toward_S4,2.8124899350130654
3,miata,2024-03-29 20:22:26+00:00,40.288544,-88.126511,25.337516185685022,725.0,9.131800783376509,rs5,4.661431050419736,33.84716485052544,29.1857338001057,3,4.661431050419736,52.43311889297805,47.771687842558315,26.33125891160298,negative_cross,toward_S4,2.981597356927445
3,miata,2024-03-29 20:22:27+00:00,40.288461,-88.126521,34.58049380318698,726.0,9.24297761750196,rs5,8.383154038002763,35.67299904175809,27.289845003755325,3,8.383154038002763,46.93199101219427,38.5488369741915,26.33125891160298,negative_cross,toward_S4,3.1527636091034075
3,miata,2024-03-29 20:22:28+00:00,40.288375,-88.126526,44.149351706249156,727.0,9.568857903062174,rs5,17.450326870048826,37.35933511448256,19.909008244433736,3,17.450326870048826,37.35933511448256,19.909008244433736,26.33125891160298,negative_cross,toward_S4,3.3299646813823367
3,miata,2024-03-29 20:22:29+00:00,40.288291,-88.126524,53.48514564255909,728.0,9.335793936309933,rs5,26.716795713456058,28.061410184037225,1.344614470581167,3,26.716795713456058,28.061410184037225,1.344614470581167,26.33125891160298,negative_cross,toward_S4,3.5028497542769648
3,miata,2024-03-29 20:22:30+00:00,40.288207,-88.126521,62.81940953597541,729.0,9.33426389341632,rs2,18.82299289149033,36.031820285491854,17.208827394001524,4,18.82299289149033,36.031820285491854,17.208827394001524,80.2309515867141,negative_cross,toward_S4,3.6775640360974315
3,miata,2024-03-29 20:22:31+00:00,40.288125,-88.12652,71.93437984773973,730.0,9.114970311764324,rs2,9.948577045356007,35.281868806477696,25.33329176112169,4,9.948577045356007,45.12423407558806,35.17565703023206,80.2309515867141,negative_cross,toward_S4,3.846359782611586
3,miata,2024-03-29 20:22:32+00:00,40.288049,-88.126523,80.38840932955084,731.0,8.454029481811105,rs2,2.98516111030276,34.69215374421443,31.70699263391167,4,2.98516111030276,53.53812893450489,50.55296782420213,80.2309515867141,negative_cross,toward_S4,4.002915884126606
3,miata,2024-03-29 20:22:33+00:00,40.28793,-88.126519,93.61233235555602,732.0,13.223923026005181,rs2,12.62254906119051,37.08150677093192,24.458957709741405,4,12.62254906119051,66.77114718520455,54.14859812401404,80.2309515867141,negative_cross,toward_S4,4.247803347571146
3,miata,2024-03-29 20:22:34+00:00,40.287895,-88.126476,97.43772968814287,733.0,3.8253973325868458,rs2,17.490954996988663,35.52124903373081,18.03029403674215,4,17.490954996988663,70.9426189791297,53.45166398214104,80.2309515867141,negative_cross,toward_S4,4.318644038915347
3,miata,2024-03-29 20:22:35+00:00,40.287868,-88.126428,100.36606213670056,734.0,2.928332448557697,rs2,21.99298815958755,33.833347736978595,11.840359577391045,4,21.99298815958755,74.44491901377656,52.451930854189,80.2309515867141,negative_cross,toward_S4,4.372872417592342
3,miata,2024-03-29 20:22:36+00:00,40.287853,-88.126369,101.94344211146779,735.0,1.5773799747672257,rs2,26.156124475101734,31.235415651288122,5.079291176186388,4,26.156124475101734,77.00392920565403,50.8478047305523,80.2309515867141,negative_cross,toward_S4,4.402083157865809
3,miata,2024-03-29 20:22:37+00:00,40.287852,-88.126309,101.96281637225263,736.0,0.0193742607848435,rs1,28.044470967720233,29.60261462625351,1.5581436585332753,4,28.044470967720233,77.88956264943883,49.8450916817186,80.2309515867141,positive_cross,ambiguous,4.402441940472936
3,miata,2024-03-29 20:22:38+00:00,40.287865,-88.126256,100.43642526358819,737.0,-1.5263911086644413,rs1,24.385293238614256,32.04269854406346,7.657405305449206,4,24.385293238614256,75.62353254918645,51.2382393105722,80.2309515867141,positive_cross,toward_S1,4.3741754384606315
3,miata,2024-03-29 20:22:39+00:00,40.28789,-88.126214,97.59274262286462,738.0,-2.8436826407235714,rs1,20.28225064038468,33.47297273407518,13.190722093690496,4,20.28225064038468,72.36947054998365,52.087219909598964,80.2309515867141,positive_cross,toward_S1,4.321514648817602
3,miata,2024-03-29 20:22:40+00:00,40.287928,-88.126186,93.32518174536203,739.0,-4.267560877502589,rs1,15.454846534524592,33.77742045462995,18.322573920105356,4,15.454846534524592,67.91487181889264,52.460025284368044,80.2309515867141,positive_cross,toward_S1,4.242485743678666
3,miata,2024-03-29 20:22:41+00:00,40.287971,-88.126168,88.5170371292628,740.0,-4.808144616099227,rs1,10.468447034463825,33.8079291969623,23.339482162498474,4,10.468447034463825,63.020959447330284,52.55251241286646,80.2309515867141,positive_cross,toward_S1,4.153446028565717
3,miata,2024-03-29 20:22:42+00:00,40.288026,-88.126168,82.40231128120746,741.0,-6.114725848055343,rs1,5.634549784383273,32.96416686894814,27.329617084564866,4,5.634549784383273,56.922651390700096,51.28810160631682,80.2309515867141,positive_cross,toward_S1,4.0402103647128405
3,miata,2024-03-29 20:22:43+00:00,40.288087,-88.12617,75.62358451822335,742.0,-6.778726762984107,rs1,5.876518987448746,33.17444142764008,27.297922440191336,4,5.876518987448746,50.18082367544147,44.30430468799272,80.2309515867141,positive_cross,toward_S1,3.9146783876205418
3,miata,2024-03-29 20:22:44+00:00,40.288156,-88.12617,67.95238299982573,743.0,-7.671201518397623,rs1,12.11898504532143,35.2115491777263,23.092564132404867,4,12.11898504532143,42.5495517008376,30.430566655516166,80.2309515867141,positive_cross,toward_S1,3.772619100242808
3,miata,2024-03-29 20:22:45+00:00,40.288229,-88.12617,59.83647414738318,744.0,-8.115908852442551,rs1,19.848407004512016,34.496830197665716,14.6484231931537,4,19.848407004512016,34.496830197665716,14.6484231931537,80.2309515867141,positive_cross,toward_S1,3.622324491864242
3,miata,2024-03-29 20:22:46+00:00,40.288306,-88.126168,51.27279787515193,745.0,-8.563676272231248,rs3,26.016435907895403,28.211672743362175,2.1952368354667726,3,26.016435907895403,28.211672743362175,2.1952368354667726,26.33125891160298,positive_cross,toward_S1,3.4618803511768323
3,miata,2024-03-29 20:22:48+00:00,40.288386,-88.126165,42.37406105850592,747.0,-4.449368408323004,rs3,17.274900256408927,36.99002154882174,19.71512129241281,3,17.274900256408927,36.99002154882174,19.71512129241281,26.33125891160298,positive_cross,toward_S1,3.297088928646351
3,miata,2024-03-29 20:22:49+00:00,40.288472,-88.126158,32.80214306970004,748.0,-9.571917988805886,rs3,8.110021116508412,34.907887306062015,26.797866189553602,3,8.110021116508412,46.45240906628384,38.34238794977543,26.33125891160298,positive_cross,toward_S1,3.1198311881129084
3,miata,2024-03-29 20:22:50+00:00,40.288561,-88.12615,22.89516453647938,749.0,-9.906978533220656,rs3,4.244687919576631,35.17386236400983,30.929174444433198,3,4.244687919576631,51.17127052487497,46.926582605298336,26.33125891160298,positive_cross,toward_S1,2.9363686226828962
3,miata,2024-03-29 20:22:51+00:00,40.288653,-88.126148,12.663835760592114,750.0,-10.231328775887267,rs3,13.36324875496705,37.75907001685949,24.39582126189244,3,13.36324875496705,40.94587289551206,27.58262414054501,26.33125891160298,positive_cross,toward_S1,2.7468995712775763
3,miata,2024-03-29 20:22:52+00:00,40.288745,-88.126148,2.4355670696586063,751.0,-10.228268690933508,rs3,23.443899265893105,30.74012930514754,7.296230039254436,3,23.443899265893105,30.74012930514754,7.296230039254436,26.33125891160298,positive_cross,toward_S1,2.557487188112141
3,miata,2024-03-29 20:22:53+00:00,40.288837,-88.12615,-7.789641535531188,752.0,-10.225208605189794,rs6,20.58329543790292,33.63238554890081,13.049090110997888,2,20.58329543790292,33.63238554890081,13.049090110997888,-27.632700444717127,positive_cross,toward_S1,2.367464053873814
3,miata,2024-03-29 20:22:54+00:00,40.288928,-88.12615,-17.90673339236099,753.0,-10.117091856829802,rs6,10.638592285068821,33.20793965050028,22.569347365431458,2,10.638592285068821,43.71851541903059,33.07992313396177,-27.632700444717127,positive_cross,toward_S1,2.1801105009695583
3,miata,2024-03-29 20:22:55+00:00,40.289022,-88.126147,-28.361945879327532,754.0,-10.455212486966541,rs6,2.5007125499340783,32.01978437603484,29.519071826100763,2,2.5007125499340783,51.18039233011759,48.67967978018351,-27.632700444717127,positive_cross,toward_S1,1.986495454914622
3,miata,2024-03-29 20:22:56+00:00,40.289117,-88.126147,-38.92374507020228,755.0,-10.561799190874748,rs6,11.030204236958685,33.95091738303545,22.920713146076768,2,11.030204236958685,40.623910222334736,29.59370598537605,-27.632700444717127,positive_cross,toward_S1,1.7909065810095341
3,miata,2024-03-29 20:22:57+00:00,40.28921,-88.126146,-49.264720637321396,756.0,-10.340975567119116,rs6,21.2257217267508,30.290996525791517,9.065274799040719,2,21.2257217267508,30.290996525791517,9.065274799040719,-27.632700444717127,positive_cross,toward_S1,1.5994070334702912
3,miata,2024-03-29 20:22:58+00:00,40.289304,-88.126146,-59.71534299567236,757.0,-10.450622358350962,rs8,19.86715044283971,31.635684659338242,11.768534216498534,1,19.86715044283971,31.635684659338242,11.768534216498534,-78.92951005359993,positive_cross,toward_S1,1.35581790848014
3,miata,2024-03-29 20:22:59+00:00,40.289398,-88.126146,-70.16596535323337,758.0,-10.450622357561016,rs8,9.512542449462268,29.557718730775335,20.04517628131307,1,9.512542449462268,42.0681283844323,32.55558593497003,-78.92951005359993,positive_cross,toward_S1,1.1622878648216028
3,miata,2024-03-29 20:23:00+00:00,40.289484,-88.126147,-79.7256429998326,759.0,-9.559677646599226,rs8,2.0003263416863586,28.181251415598886,26.180925073912526,1,2.0003263416863586,51.6248278787954,49.62450153710904,-78.92951005359993,positive_cross,toward_S1,0.9852567972919876
3,miata,2024-03-29 20:23:01+00:00,40.289552,-88.126146,-87.2871977269984,760.0,-7.561554727165799,rs8,8.036044201950913,29.486700758260643,21.45065655630973,1,8.036044201950913,59.176998486227184,51.14095428427627,-78.92951005359993,positive_cross,toward_S1,0.8452280060481764
3,miata,2024-03-29 20:23:02+00:00,40.289606,-88.126145,-93.29227678384363,761.0,-6.005079056845233,rs8,13.933114358110855,31.808030059882093,17.874915701771236,1,13.933114358110855,65.1756175693465,51.24250321123564,-78.92951005359993,positive_cross,toward_S1,0.7340228383288203
3,miata,2024-03-29 20:23:03+00:00,40.289642,-88.12616,-97.27169215026494,762.0,-3.979415366421307,rs8,18.084102986630242,32.75643375533562,14.672330768705379,1,18.084102986630242,69.23181643748953,51.147713450859285,-78.92951005359993,positive_cross,toward_S1,0.6603299611728701
3,miata,2024-03-29 20:23:04+00:00,40.289673,-88.126197,-100.66156240526976,763.0,-3.3898702550048228,rs8,22.159500896646378,32.43541177773433,10.275910881087952,1,22.159500896646378,72.89823446311048,50.738733566464106,-78.92951005359993,positive_cross,toward_S1,0.5975545860801883
3,miata,2024-03-29 20:23:05+00:00,40.289685,-88.126249,-101.91612217866228,764.0,-1.254559773392515,rs8,24.980110275172645,30.342308204245075,5.36219792907243,1,24.980110275172645,74.75695296974547,49.77684269457282,-78.92951005359993,positive_cross,toward_S1,0.5743219976840306
3,miata,2024-03-29 20:23:06+00:00,40.289688,-88.126308,-102.15938014973648,765.0,-0.24325797107420044,rs10,27.67620354161562,27.762735366966343,0.0865318253507219,1,27.67620354161562,75.99152260203257,48.315319060416954,-78.92951005359993,negative_cross,ambiguous,0.5698172204419157
3,miata,2024-03-29 20:23:07+00:00,40.289677,-88.126364,-100.85075257908395,766.0,1.3086275706525328,rs10,24.382599450938034,29.788933328082027,5.406333877143993,1,24.382599450938034,74.84450824279845,50.461908791860424,-78.92951005359993,negative_cross,toward_S4,0.5940510643428886
3,miata,2024-03-29 20:23:08+00:00,40.289641,-88.126409,-96.77953464090194,767.0,4.071217938182002,rs10,19.278781955337685,29.99763694105544,10.718854985717755,1,19.278781955337685,70.2784693229171,50.99968736757942,-78.92951005359993,negative_cross,toward_S4,0.6694439891240367
3,miata,2024-03-29 20:23:09+00:00,40.289589,-88.126436,-90.95702813592894,768.0,5.822506504973006,rs10,13.076660288784387,29.063105374838617,15.98644508605423,1,13.076660288784387,64.24881522180733,51.172154933022945,-78.92951005359993,negative_cross,toward_S4,0.7772681836605739
3,miata,2024-03-29 20:23:10+00:00,40.28952,-88.126446,-83.27052618955922,769.0,7.686501946369717,rs10,5.628578165122103,27.681084779049893,22.05250661392779,1,5.628578165122103,56.52764510329391,50.899066938171806,-78.92951005359993,negative_cross,toward_S4,0.9196108122970501
3,miata,2024-03-29 20:23:11+00:00,40.289436,-88.126441,-73.93932238188663,770.0,9.331203807672594,rs10,5.503393001282518,27.406463999249706,21.903070997967188,1,5.503393001282518,47.32362252846108,41.82022952717856,-78.92951005359993,negative_cross,toward_S4,1.0924108828095056
3,miata,2024-03-29 20:23:12+00:00,40.289339,-88.126439,-63.15822960854815,771.0,10.781092773338479,rs10,15.622199160200804,31.117974117951782,15.495774957750978,1,15.622199160200804,36.72411512616557,21.101915965964768,-78.92951005359993,negative_cross,toward_S4,1.2920607489824403
3,miata,2024-03-29 20:23:13+00:00,40.289234,-88.126437,-51.48772216714153,772.0,11.67050744140662,rs7,25.427845172910953,27.162644947963333,1.7347997750523803,2,25.427845172910953,27.162644947963333,1.7347997750523803,-27.632700444717127,negative_cross,toward_S4,1.558240338473622
3,miata,2024-03-29 20:23:14+00:00,40.289131,-88.126441,-40.030388135087776,773.0,11.457334032053751,rs7,14.681831272607681,30.069552584954202,15.387721312346521,2,14.681831272607681,38.519369788237086,23.837538515629404,-27.632700444717127,negative_cross,toward_S4,1.7704131909190621
3,miata,2024-03-29 20:23:15+00:00,40.289021,-88.126449,-27.788696096770437,774.0,12.241692038317339,rs7,6.420028051775191,28.11691447204416,21.69688642026897,2,6.420028051775191,50.68305970558606,44.26303165381087,-27.632700444717127,negative_cross,toward_S4,1.9971111916286424
3,miata,2024-03-29 20:23:16+00:00,40.288915,-88.12646,-15.987121264650689,775.0,11.801574832119748,rs7,12.418437506573303,31.326420113365,18.9079826067917,2,12.418437506573303,43.761664451732514,31.34322694515921,-27.632700444717127,negative_cross,toward_S4,2.215658873704934
3,miata,2024-03-29 20:23:17+00:00,40.288812,-88.126473,-4.516016846706732,776.0,11.471104417943957,rs7,23.027385289883373,32.336768690241044,9.309383400357671,2,23.027385289883373,32.336768690241044,9.309383400357671,-27.632700444717127,negative_cross,toward_S4,2.428086733296489
3,miata,2024-03-29 20:23:18+00:00,40.288715,-88.12649,6.2941467404722875,777.0,10.81016358717902,rs5,21.540541533786225,33.52780352289664,11.987261989110415,3,21.540541533786225,33.52780352289664,11.987261989110415,26.33125891160298,negative_cross,toward_S4,2.6289423672012835
3,miata,2024-03-29 20:23:19+00:00,40.288624,-88.126501,16.42806906972597,778.0,10.133922329253684,rs5,11.74473219389282,34.408523841838374,22.66379164794555,3,11.74473219389282,43.56773938820065,31.823007194307827,26.33125891160298,negative_cross,toward_S4,2.816607595520796
3,miata,2024-03-29 20:23:20+00:00,40.288532,-88.126511,26.671638189399797,779.0,10.243569119673825,rs5,4.378984660327279,33.8383946030898,29.459409942762523,3,4.378984660327279,53.767533555727496,49.38854889540022,26.33125891160298,negative_cross,toward_S4,3.0063033199592004
3,miata,2024-03-29 20:23:21+00:00,40.28844,-88.126518,36.91061717968984,780.0,10.23897899029004,rs5,10.636280787863615,36.047152057868395,25.41087127000478,3,10.636280787863615,44.61890886629757,33.98262807843396,26.33125891160298,negative_cross,toward_S4,3.1959140420016086
3,miata,2024-03-29 20:23:22+00:00,40.288352,-88.126521,46.698768664404014,781.0,9.788151484714177,rs5,20.043243655187105,34.84124569646616,14.798002041279055,3,20.043243655187105,34.84124569646616,14.798002041279055,26.33125891160298,negative_cross,toward_S4,3.3771761065333523
3,miata,2024-03-29 20:23:23+00:00,40.288265,-88.126523,56.37421327295431,782.0,9.675444608550293,rs2,25.194057884435253,29.59858397981822,4.404526095382966,4,25.194057884435253,29.59858397981822,4.404526095382966,80.2309515867141,negative_cross,toward_S4,3.558208549745189
3,miata,2024-03-29 20:23:24+00:00,40.28818,-88.126519,65.8181239576025,783.0,9.443910684648188,rs2,15.897547537966677,37.02301752524201,21.125469987275334,4,15.897547537966677,39.03733925968517,23.139791721718492,80.2309515867141,negative_cross,toward_S4,3.7330957846460815
3,miata,2024-03-29 20:23:25+00:00,40.288098,-88.126519,74.93462431223868,784.0,9.116500354636187,rs2,7.188096083500337,34.66552269896808,27.477426615467746,4,7.188096083500337,48.12477254276933,40.936676459268995,80.2309515867141,negative_cross,toward_S4,3.9019198652874922
3,miata,2024-03-29 20:23:26+00:00,40.288017,-88.126486,83.88945641786941,785.0,8.954832105630729,rs2,6.47000932148224,31.83726312148459,25.36725380000235,4,6.47000932148224,57.360771646993605,50.89076232551137,80.2309515867141,negative_cross,toward_S4,4.067750089465839
3,miata,2024-03-29 20:23:27+00:00,40.287966,-88.126514,89.60231613240053,786.0,5.71285971453112,rs2,8.962194232496472,35.35740410811906,26.39520987562259,4,8.962194232496472,62.79987963508204,53.83768540258557,80.2309515867141,negative_cross,toward_S4,4.173543787883082
3,miata,2024-03-29 20:23:28+00:00,40.287922,-88.126507,94.48338650993011,787.0,4.881070377529582,rs2,13.759371961612612,36.49401404729942,22.73464208568681,4,13.759371961612612,67.72278280244124,53.96341084082863,80.2309515867141,negative_cross,toward_S4,4.263933980059556
3,miata,2024-03-29 20:23:29+00:00,40.287889,-88.126446,98.05888940334081,788.0,3.5755028934107003,rs2,19.20845334345091,33.70868197547367,14.500228632022758,4,19.20845334345091,71.91188550086902,52.703432157418106,80.2309515867141,negative_cross,toward_S4,4.330146996604198
3,miata,2024-03-29 20:23:30+00:00,40.287868,-88.126394,100.31404067892696,789.0,2.255151275586144,rs2,23.55244396706133,31.61348750485843,8.0610435377971,4,23.55244396706133,74.94133907654678,51.38889510948545,80.2309515867141,negative_cross,toward_S4,4.371909057263201
3,miata,2024-03-29 20:23:31+00:00,40.28786,-88.126334,101.11165277525619,790.0,0.7976120963292317,rs2,27.48590728546584,28.663145556110393,1.1772382706445548,4,27.48590728546584,76.93751363386504,49.451606348399196,80.2309515867141,negative_cross,toward_S4,4.386679651639668
3,miata,2024-03-29 20:23:32+00:00,40.287865,-88.12628,100.47314629259975,791.0,-0.6385064826564388,rs1,25.451614279121607,30.44976204374039,4.998147764618782,4,25.451614279121607,75.97862522400989,50.52701094488828,80.2309515867141,positive_cross,toward_S1,4.374855457516401
3,miata,2024-03-29 20:23:33+00:00,40.287882,-88.126234,98.51275814845692,792.0,-1.9603881441428257,rs1,21.830621101579958,32.48504782747625,10.654426725896293,4,21.830621101579958,73.47239757712792,51.641776475547964,80.2309515867141,positive_cross,toward_S1,4.3385519733656075
3,miata,2024-03-29 20:23:34+00:00,40.287914,-88.1262,94.9030780159538,793.0,-3.6096801325031294,rs1,17.360720648057132,33.300379573569366,15.939658925512234,4,17.360720648057132,69.58267985200646,52.22195920394933,80.2309515867141,positive_cross,toward_S1,4.271706044985921
3,miata,2024-03-29 20:23:35+00:00,40.287952,-88.126179,90.64622743936593,794.0,-4.2568505765878655,rs1,12.777473611668345,33.4550725315024,20.677598919834058,4,12.777473611668345,65.20296752948458,52.42549391781624,80.2309515867141,positive_cross,toward_S1,4.1928754787528115
3,miata,2024-03-29 20:23:36+00:00,40.287996,-88.126173,85.74526650366876,795.0,-4.900960935697171,rs1,8.30546374404392,32.868393267954325,24.562929523910405,4,8.30546374404392,60.283338172626934,51.977874428583014,80.2309515867141,positive_cross,toward_S1,4.102116942906568
3,miata,2024-03-29 20:23:37+00:00,40.288046,-88.126179,80.19560508101495,796.0,-5.549661422653813,rs1,5.602739332269181,32.001797761933624,26.399058429664443,4,5.602739332269181,54.794799384898155,49.192060052628975,80.2309515867141,positive_cross,toward_S1,3.999345435079645
3,miata,2024-03-29 20:23:38+00:00,40.288102,-88.12618,73.97123244253945,797.0,-6.224372638475501,rs1,7.595195697622169,32.64874870532235,25.053553007700177,4,7.595195697622169,48.61376769651817,41.018571998896,80.2309515867141,positive_cross,toward_S1,3.8840792751078768
3,miata,2024-03-29 20:23:39+00:00,40.288167,-88.12618,66.74473825897674,798.0,-7.226494183562707,rs1,13.580079438441098,34.90103223925447,21.320952800813373,4,13.580079438441098,41.443677585691496,27.8635981472504,80.2309515867141,positive_cross,toward_S1,3.7502553087456043
3,miata,2024-03-29 20:23:40+00:00,40.288239,-88.126178,58.73694615487242,799.0,-8.007792104104318,rs1,21.09414110598712,33.502633043461984,12.408491937474864,4,21.09414110598712,33.502633043461984,12.408491937474864,80.2309515867141,positive_cross,toward_S1,3.6019628623733024
3,miata,2024-03-29 20:23:41+00:00,40.288311,-88.126178,50.73221413574359,800.0,-8.00473201912883,rs3,25.64105059113037,28.907412407134835,3.2663618160044656,3,25.64105059113037,28.907412407134835,3.2663618160044656,26.33125891160298,positive_cross,toward_S1,3.451869541187789
3,miata,2024-03-29 20:23:42+00:00,40.288386,-88.126177,42.3924215730117,801.0,-8.339792562731887,rs3,17.566460641623856,36.3888969567686,18.822436315144742,3,17.566460641623856,37.122427211166205,19.55596656954235,26.33125891160298,positive_cross,toward_S1,3.2974289381742357
3,miata,2024-03-29 20:23:43+00:00,40.288469,-88.126172,33.157094170680736,802.0,-9.235327402330967,rs3,9.015344851292584,33.80554294173079,24.79019809043821,3,9.015344851292584,46.23067879366668,37.215333942374095,26.33125891160298,positive_cross,toward_S1,3.126404356649588
3,miata,2024-03-29 20:23:44+00:00,40.288556,-88.126163,23.47093926202742,803.0,-9.686154908653315,rs3,4.850248725842806,34.02373686115858,29.173488135315775,3,4.850248725842806,51.79693364450859,46.94668491866579,26.33125891160298,positive_cross,toward_S1,2.9470311176004524
3,miata,2024-03-29 20:23:45+00:00,40.288644,-88.126157,13.678197648675935,804.0,-9.792741613351486,rs3,12.599453395616466,36.68926354801856,24.089810152402094,3,12.599453395616466,41.998838500054205,29.39938510443774,26.33125891160298,positive_cross,toward_S1,2.765684050686536
3,miata,2024-03-29 20:23:46+00:00,40.28873,-88.126156,4.1154599163112335,805.0,-9.562737732364702,rs3,21.8955661901398,32.464021786919126,10.568455596779327,3,21.8955661901398,32.464021786919126,10.568455596779327,26.33125891160298,positive_cross,toward_S1,2.588596314902005
3,miata,2024-03-29 20:23:47+00:00,40.288815,-88.126155,-5.336100981928018,806.0,-9.45156089823925,rs6,23.065198924442175,31.243887608124812,8.178688683682637,2,23.065198924442175,31.243887608124812,8.178688683682637,-27.632700444717127,positive_cross,toward_S1,2.4128999900516503
3,miata,2024-03-29 20:23:48+00:00,40.288901,-88.126156,-14.89577862852726,807.0,-9.559677646599242,rs6,13.67420891773613,33.734766392280214,20.060557474544083,2,13.67420891773613,40.767338776375176,27.093129858639045,-27.632700444717127,positive_cross,toward_S1,2.2358689225220347
3,miata,2024-03-29 20:23:49+00:00,40.288984,-88.126157,-24.121925773583595,808.0,-9.226147145056334,rs6,5.250312595016866,31.356554967103058,26.106242372086193,2,5.250312595016866,49.97415901647495,44.723846421458084,-27.632700444717127,positive_cross,toward_S1,2.0650143457617323
3,miata,2024-03-29 20:23:50+00:00,40.28907,-88.126156,-33.6846635059483,809.0,-9.562737732364706,rs6,6.406999486189745,31.83431084807862,25.427311361888876,2,6.406999486189745,45.885421695225055,39.47842220903531,-27.632700444717127,positive_cross,toward_S1,1.8879266099772005
3,miata,2024-03-29 20:23:51+00:00,40.289154,-88.126154,-43.02657761374566,810.0,-9.341914107797358,rs6,15.177358835344291,35.00049386803931,19.823135032695014,2,15.177358835344291,36.55110850385662,21.373749668512325,-27.632700444717127,positive_cross,toward_S1,1.7149282005735458
3,miata,2024-03-29 20:23:52+00:00,40.289238,-88.126152,-52.36849172075306,811.0,-9.341914107007405,rs6,24.378190336114255,27.223822378159454,2.8456320420451995,2,24.378190336114255,27.223822378159454,2.8456320420451995,-27.632700444717127,positive_cross,toward_S1,1.5419297911845198
3,miata,2024-03-29 20:23:53+00:00,40.289319,-88.126151,-61.37534528496911,812.0,-9.006853564216044,rs8,18.256260457146837,32.85937164546571,14.60311118831887,1,18.256260457146837,33.33285696477306,15.07659650762622,-78.92951005359993,positive_cross,toward_S1,1.325077125345015
3,miata,2024-03-29 20:23:54+00:00,40.289396,-88.126154,-69.93137134360926,813.0,-8.55602605864015,rs8,9.885611686179432,28.97726410645057,19.09165242027114,1,9.885611686179432,41.89060587901252,32.00499419283309,-78.92951005359993,positive_cross,toward_S1,1.1666321983331605
3,miata,2024-03-29 20:23:55+00:00,40.289463,-88.126156,-77.37715910805576,814.0,-7.445787764446507,rs8,3.453818505635046,27.44268412370669,23.988865618071646,1,3.453818505635046,49.33646631783268,45.88264781219763,-78.92951005359993,positive_cross,toward_S1,1.0287472397322992
3,miata,2024-03-29 20:23:56+00:00,40.289518,-88.126159,-83.4872948274738,815.0,-6.1101357194180395,rs8,5.023175887225055,27.546527553775014,22.52335166654996,1,5.023175887225055,55.45757305723021,50.434397170005155,-78.92951005359993,positive_cross,toward_S1,0.9155965782615949
3,miata,2024-03-29 20:23:57+00:00,40.28957,-88.12616,-89.26696013113613,816.0,-5.779665303662327,rs8,10.284774065803605,29.009863096035367,18.725089030231764,1,10.284774065803605,61.23575172416616,50.950977658362554,-78.92951005359993,positive_cross,toward_S1,0.8085657393048851
3,miata,2024-03-29 20:23:58+00:00,40.289617,-88.126172,-94.47391079580584,817.0,-5.206950664669705,rs8,15.58837963339187,30.397760252034658,14.809380618642788,1,15.58837963339187,66.51795189213131,50.92957225873944,-78.92951005359993,positive_cross,toward_S1,0.7121407269961868
3,miata,2024-03-29 20:23:59+00:00,40.289658,-88.126211,-98.97248930136426,818.0,-4.498578505558427,rs8,20.953990797385188,30.43577817338323,9.481787375998042,1,20.953990797385188,71.35926515080276,50.40527435341757,-78.92951005359993,positive_cross,toward_S1,0.6288337176339938
3,miata,2024-03-29 20:24:00+00:00,40.289681,-88.126261,-101.45305433011156,819.0,-2.480565028747293,rs8,25.03583724146397,29.351004723695457,4.315167482231487,1,25.03583724146397,74.47658028006147,49.4407430385975,-78.92951005359993,positive_cross,toward_S1,0.5828973282127476
3,miata,2024-03-29 20:24:01+00:00,40.289689,-88.126316,-102.25831664082182,820.0,-0.8052623107102619,rs10,27.42251121792273,28.24149174049834,0.818980522575611,1,27.42251121792273,76.2471723910588,48.824661173136064,-78.92951005359993,negative_cross,toward_S1,0.5679850631995946
3,miata,2024-03-29 20:24:02+00:00,40.289683,-88.126372,-101.50557323752801,821.0,0.7527434032938061,rs10,24.738579877814935,30.74007221727215,6.001492339457215,1,24.738579877814935,75.3815466920393,50.64296681422436,-78.92951005359993,negative_cross,toward_S4,0.5819247558531836
3,miata,2024-03-29 20:24:03+00:00,40.289655,-88.126416,-98.32530001109774,822.0,3.1802732264302733,rs10,20.603773607737114,31.409279075100493,10.805505467363378,1,20.603773607737114,71.74232781050367,51.13855420276656,-78.92951005359993,negative_cross,toward_S4,0.6408187044907813
3,miata,2024-03-29 20:24:04+00:00,40.289609,-88.126442,-93.17138455048074,823.0,5.153915460617,rs10,15.111625773582258,30.494329139503968,15.38270336592171,1,15.111625773582258,66.4032172061884,51.29159143260614,-78.92951005359993,negative_cross,toward_S4,0.7362615833910962
3,miata,2024-03-29 20:24:05+00:00,40.289557,-88.126448,-87.38100894669367,824.0,5.790375603787069,rs10,9.374712526876182,28.76562325712921,19.390910730253026,1,9.374712526876182,60.5980698583591,51.22335733148292,-78.92951005359993,negative_cross,toward_S4,0.8434907612390048
3,miata,2024-03-29 20:24:06+00:00,40.289499,-88.126446,-80.93581268365082,825.0,6.445196263042845,rs10,3.7850278679540184,27.41988179095645,23.63485392300243,1,3.7850278679540184,54.208772704965995,50.423744837011974,-78.92951005359993,negative_cross,toward_S4,0.96284624759165
3,miata,2024-03-29 20:24:07+00:00,40.289437,-88.126444,-74.04590908656303,826.0,6.889903597087795,rs10,5.266035286826809,27.636323942583097,22.370288655756287,1,5.266035286826809,47.396349476498976,42.13031418967217,-78.92951005359993,negative_cross,toward_S4,1.0904370549451277
3,miata,2024-03-29 20:24:08+00:00,40.289368,-88.126446,-66.37164748321166,827.0,7.674261603351368,rs10,12.345241864606669,30.139761304586383,17.794519439979716,1,12.345241864606669,39.788034074835494,27.442792210228824,-78.92951005359993,negative_cross,toward_S4,1.2325530105627456
3,miata,2024-03-29 20:24:09+00:00,40.289293,-88.126447,-58.031854920479766,828.0,8.339792562731894,rs10,20.54571243576836,31.57614018144044,11.030427745672082,1,20.54571243576836,31.57614018144044,11.030427745672082,-78.92951005359993,negative_cross,toward_S4,1.3869936135762992
3,miata,2024-03-29 20:24:10+00:00,40.289215,-88.12645,-49.35547177125121,829.0,8.676383149228556,rs7,23.089096360423078,29.14523746807992,6.056141107656842,2,23.089096360423078,29.14523746807992,6.056141107656842,-27.632700444717127,negative_cross,toward_S4,1.5977264569160354
3,miata,2024-03-29 20:24:11+00:00,40.289136,-88.126453,-40.567911788730655,830.0,8.787559982520555,rs7,14.72497337931113,31.22621315265776,16.50123977334663,2,14.72497337931113,37.892341646946335,23.167368267635204,-27.632700444717127,negative_cross,toward_S4,1.7604590491849348
3,miata,2024-03-29 20:24:12+00:00,40.289059,-88.126453,-32.00729560224313,831.0,8.560616186487522,rs7,7.760095319858984,28.77825438583356,21.018159065974576,2,7.760095319858984,46.44492160455649,38.68482628469751,-27.632700444717127,negative_cross,toward_S4,1.9189889785643333
3,miata,2024-03-29 20:24:13+00:00,40.288983,-88.126453,-23.55785624906935,832.0,8.449439353173783,rs7,7.035668186179887,28.758660844073948,21.72299265789406,2,7.035668186179887,51.30049829659123,44.26483011041134,-27.632700444717127,negative_cross,toward_S4,2.075460077697181
3,miata,2024-03-29 20:24:14+00:00,40.288909,-88.126458,-15.323120348142039,833.0,8.23473590092731,rs7,13.093251909685486,31.426219792412454,18.33296788272697,2,13.093251909685486,43.142372228504186,30.0491203188187,-27.632700444717127,negative_cross,toward_S4,2.2279551869736127
3,miata,2024-03-29 20:24:15+00:00,40.288834,-88.126467,-6.97108744318176,834.0,8.352032904960279,rs7,20.743067102132734,34.83495569300724,14.091888590874504,2,20.743067102132734,34.83495569300724,14.091888590874504,-27.632700444717127,negative_cross,toward_S4,2.3826224629913955
3,miata,2024-03-29 20:24:16+00:00,40.288757,-88.12648,1.609419301473361,835.0,8.580506744655121,rs5,26.26497322555281,28.97457396411601,2.7096007385632,3,26.26497322555281,28.97457396411601,2.7096007385632,26.33125891160298,negative_cross,toward_S4,2.54218815536797
3,miata,2024-03-29 20:24:17+00:00,40.288679,-88.126496,10.305693007289591,836.0,8.69627370581623,rs5,17.569990880849456,36.239698467276,18.669707586426544,3,17.569990880849456,37.482401464981095,19.91241058413164,26.33125891160298,negative_cross,toward_S4,2.7032302610312335
3,miata,2024-03-29 20:24:18+00:00,40.288599,-88.12651,19.221260295547776,837.0,8.915567288258185,rs5,8.931351554973977,34.47035458568688,25.539003030712898,3,8.931351554973977,46.3194186156942,37.38806706072022,26.33125891160298,negative_cross,toward_S4,2.868333358961941
3,miata,2024-03-29 20:24:19+00:00,40.28852,-88.126521,28.021060621086683,838.0,8.799800325538907,rs5,3.6729447088881684,34.7295307292273,31.056586020339132,3,3.6729447088881684,53.48274163200055,49.80979692311238,26.33125891160298,negative_cross,toward_S4,3.0312926242496983
3,miata,2024-03-29 20:24:20+00:00,40.288441,-88.126527,36.813210732244556,839.0,8.792150111157873,rs5,10.283385554015553,36.745028826391305,26.461643272375753,3,10.283385554015553,44.681151526102084,34.39776597208653,26.33125891160298,negative_cross,toward_S4,3.1941102189007697
3,miata,2024-03-29 20:24:21+00:00,40.288362,-88.126531,45.60230075765871,840.0,8.789090025414154,rs5,18.810118319854563,35.88924239094662,17.079124071092057,3,18.810118319854563,35.88924239094662,17.079124071092057,26.33125891160298,negative_cross,toward_S4,3.3568711452973283
3,miata,2024-03-29 20:24:22+00:00,40.288283,-88.126534,54.38986074020101,841.0,8.787559982542298,rs2,27.104059002514532,27.512635205880258,0.4085762033657261,4,27.104059002514532,27.512635205880258,0.4085762033657261,80.2309515867141,negative_cross,toward_S4,3.521461280620128
3,miata,2024-03-29 20:24:23+00:00,40.288202,-88.126534,63.395184261523454,842.0,9.005323521322445,rs2,18.1270276282572,36.495696688129755,18.368669059872555,4,18.1270276282572,36.495696688129755,18.368669059872555,80.2309515867141,negative_cross,toward_S4,3.688226531014988
3,miata,2024-03-29 20:24:24+00:00,40.288121,-88.126537,72.40509791146145,843.0,9.009913649938,rs2,9.164862555697276,36.59984473918249,27.43498218348521,4,9.164862555697276,45.476331247092524,36.31146869139525,80.2309515867141,negative_cross,toward_S4,3.855076783791618
3,miata,2024-03-29 20:24:25+00:00,40.288048,-88.126539,80.5240668488578,844.0,8.118968937396346,rs2,1.7078016918433014,36.05182429666925,34.34402260482595,4,1.7078016918433014,53.581470274167515,51.873668582324214,80.2309515867141,negative_cross,toward_S4,4.005428060410068
3,miata,2024-03-29 20:24:26+00:00,40.287971,-88.126504,89.0311315354898,845.0,8.507064686632006,rs2,8.846964829916933,34.38777352500391,25.540808695086973,4,8.846964829916933,62.30679403564428,53.459829205727345,80.2309515867141,negative_cross,toward_S4,4.162966295347698
3,miata,2024-03-29 20:24:27+00:00,40.287926,-88.12651,94.04326930450074,846.0,5.012137769010934,rs2,13.258723893898013,36.54871776464331,23.289993870745292,4,13.258723893898013,67.26162605671145,54.002902162813434,80.2309515867141,negative_cross,toward_S4,4.255783661440494
3,miata,2024-03-29 20:24:28+00:00,40.287888,-88.12648,98.22208769442818,847.0,4.178818389927443,rs2,18.086970611394364,36.20978949969707,18.122818888302703,4,18.086970611394364,71.68313730619964,53.59616669480528,80.2309515867141,negative_cross,toward_S4,4.33316918717989
3,miata,2024-03-29 20:24:29+00:00,40.287858,-88.126437,101.49160085886636,848.0,3.2695131644381803,rs2,22.615171753243125,35.12289214187927,12.507720388636145,4,22.615171753243125,75.43266076114544,52.81748900790232,80.2309515867141,negative_cross,toward_S4,4.393715727262079
3,miata,2024-03-29 20:24:30+00:00,40.287843,-88.126381,103.07357096148095,849.0,1.5819701026145907,rs2,26.463869536484417,32.74291449199573,6.27904495551131,4,26.463869536484417,77.88329875275,51.41942921626558,80.2309515867141,negative_cross,toward_S4,4.42301146990309
3,miata,2024-03-29 20:24:31+00:00,40.287842,-88.126324,103.09753535167135,850.0,0.02396439019040031,rs2,29.534734540120354,29.695418077294047,0.16068353717369277,4,29.534734540120354,79.08940924487554,49.554674704755186,80.2309515867141,negative_cross,ambiguous,4.4234552549066155
3,miata,2024-03-29 20:24:32+00:00,40.287853,-88.126273,101.79655799539982,851.0,-1.300977356271531,rs1,26.264628668184017,31.765974332739983,5.501345664555966,4,26.264628668184017,77.18291613027225,50.91828746208823,80.2309515867141,positive_cross,toward_S1,4.399363081642329
3,miata,2024-03-29 20:24:33+00:00,40.287878,-88.126234,98.95746548329184,852.0,-2.8390925121079817,rs1,22.22532614120973,32.72772131708554,10.502395175875808,4,22.22532614120973,73.91290679406916,51.687580652859424,80.2309515867141,positive_cross,toward_S1,4.34678729438107
3,miata,2024-03-29 20:24:34+00:00,40.287919,-88.126202,94.3502539335706,853.0,-4.607211549721242,rs1,16.931422950574202,32.915411244758666,15.983988294184464,4,16.931422950574202,69.04828756863166,52.11686461805746,80.2309515867141,positive_cross,toward_S1,4.261468561978824
3,miata,2024-03-29 20:24:35+00:00,40.287972,-88.126184,88.4303409811523,854.0,-5.919912952418301,rs1,11.03361999933365,32.461162858263286,21.427542858929634,4,11.03361999933365,63.02674388510842,51.993123885774764,80.2309515867141,positive_cross,toward_S1,4.151840544341448
3,miata,2024-03-29 20:24:36+00:00,40.288034,-88.126175,81.52360691245235,855.0,-6.906734068699947,rs1,5.6952336142302205,32.34064139549712,26.645407781266904,4,5.6952336142302205,56.08927107623988,50.39403746200966,80.2309515867141,positive_cross,toward_S1,4.023938061587746
3,miata,2024-03-29 20:24:37+00:00,40.288102,-88.126171,73.95746205664925,856.0,-7.566144855803103,rs1,7.05295754232422,33.39544962580994,26.342492083485716,4,7.05295754232422,48.52933685473191,41.47637931240769,80.2309515867141,positive_cross,toward_S1,3.883824267961762
3,miata,2024-03-29 20:24:38+00:00,40.288175,-88.126171,65.84155320420668,857.0,-8.115908852442573,rs1,14.117306675532028,35.96313638500343,21.845829709471403,4,14.117306675532028,40.46144034587043,26.3441336703384,80.2309515867141,positive_cross,toward_S1,3.733529659583196
3,miata,2024-03-29 20:24:39+00:00,40.288254,-88.126171,57.05858335030169,858.0,-8.782969853904987,rs1,22.576518069120276,31.760088730435697,9.183570661315422,4,22.576518069120276,31.760088730435697,9.183570661315422,80.2309515867141,positive_cross,toward_S1,3.5708820696960664
3,miata,2024-03-29 20:24:40+00:00,40.288334,-88.126172,48.16596670595482,859.0,-8.892616644346866,rs3,23.03345887238504,31.340341112104763,8.306882239719723,3,23.03345887238504,31.340341112104763,8.306882239719723,26.33125891160298,positive_cross,toward_S1,3.404346440636145
3,miata,2024-03-29 20:24:41+00:00,40.288415,-88.12617,39.15758309888866,860.0,-9.008383607066165,rs3,14.323995053401012,35.64917173746672,21.32517668406571,3,14.323995053401012,40.243069495983214,25.9190744425822,26.33125891160298,positive_cross,toward_S1,3.2375245219867717
3,miata,2024-03-29 20:24:42+00:00,40.2885,-88.126162,29.69531190050292,861.0,-9.46227119838574,rs3,5.821121537625017,34.136697853706586,28.315576316081568,3,5.821121537625017,49.58399468928012,43.7628731516551,26.33125891160298,positive_cross,toward_S1,3.0622972775722213
3,miata,2024-03-29 20:24:43+00:00,40.288587,-88.126153,20.009156991849604,862.0,-9.686154908653315,rs3,6.645331673068217,35.32903160092813,28.683699927859916,3,6.645331673068217,48.298970640132,41.653638967063785,26.33125891160298,positive_cross,toward_S1,2.8829240385230857
3,miata,2024-03-29 20:24:44+00:00,40.288679,-88.126149,9.774768129406924,863.0,-10.23438886244268,rs3,16.20891721762216,38.06601055308774,21.85709333546558,3,16.20891721762216,38.06601055308774,21.85709333546558,26.33125891160298,positive_cross,toward_S1,2.6933983188482213
3,miata,2024-03-29 20:24:45+00:00,40.288779,-88.126151,-1.339855143872778,864.0,-11.114623273279703,rs6,26.99916156797037,27.227734475131452,0.2285729071610838,2,26.99916156797037,27.227734475131452,0.2285729071610838,-27.632700444717127,positive_cross,toward_S1,2.4869045426082286
3,miata,2024-03-29 20:24:46+00:00,40.28888,-88.126152,-12.5671852941063,865.0,-11.227330150233522,rs6,15.88657257424024,34.988631827985664,19.102059253745423,2,15.88657257424024,38.41057820297696,22.524005628736717,-27.632700444717127,positive_cross,toward_S1,2.2789910213076077
3,miata,2024-03-29 20:24:47+00:00,40.288975,-88.126152,-23.128984485771014,866.0,-10.561799191664713,rs6,5.83244138942387,31.90336879017594,26.07092740075207,2,5.83244138942387,48.94498543208752,43.11254404266365,-27.632700444717127,positive_cross,toward_S1,2.083402147387891
3,miata,2024-03-29 20:24:48+00:00,40.289072,-88.126152,-33.91313734406323,867.0,-10.784152858292217,rs6,6.438746751148457,32.210305355893574,25.771558604745117,2,6.438746751148457,45.644197879777174,39.20545112862872,-27.632700444717127,positive_cross,toward_S1,1.8836956129750722
3,miata,2024-03-29 20:24:49+00:00,40.289172,-88.126152,-45.03082070387661,868.0,-11.117683359813377,rs6,17.112634178795926,34.54206269403618,17.429428515240257,2,17.112634178795926,34.54206269403618,17.429428515240257,-27.632700444717127,positive_cross,toward_S1,1.677812587793343
3,miata,2024-03-29 20:24:50+00:00,40.289272,-88.126152,-56.14850406290002,869.0,-11.11768335902341,rs8,23.459355829121723,28.136329237414593,4.67697340829287,1,23.459355829121723,28.136329237414593,4.67697340829287,-78.92951005359993,positive_cross,toward_S1,1.4218704813092575
3,miata,2024-03-29 20:24:51+00:00,40.28937,-88.126151,-67.04536379818956,870.0,-10.896859735289539,rs8,12.65053136768619,30.22706231264867,17.576530944962478,1,12.65053136768619,38.98784725121066,26.337315883524468,-78.92951005359993,positive_cross,toward_S1,1.2200767825075995
3,miata,2024-03-29 20:24:52+00:00,40.289452,-88.126152,-76.16033410993212,871.0,-9.114970311742567,rs8,4.097800023208671,27.872542307581934,23.774742284373264,1,4.097800023208671,48.093927898838245,43.996127875629575,-78.92951005359993,positive_cross,toward_S1,1.0512810359938483
3,miata,2024-03-29 20:24:53+00:00,40.289518,-88.126154,-83.49494504185483,872.0,-7.334610931922711,rs8,4.781641998833858,27.964714543352112,23.183072544518254,1,4.781641998833858,55.43232184099679,50.65067984216294,-78.92951005359993,positive_cross,toward_S1,0.9154549076249091
3,miata,2024-03-29 20:24:54+00:00,40.289573,-88.126155,-89.60814084624835,873.0,-6.113195804393513,rs8,10.487832712039754,29.5261838846682,19.038351172628445,1,10.487832712039754,61.54552901994407,51.057696307904315,-78.92951005359993,positive_cross,toward_S1,0.8022475779139182
3,miata,2024-03-29 20:24:55+00:00,40.289615,-88.126156,-94.27603781440331,874.0,-4.667896968154963,rs8,15.068208062938591,31.458834360238814,16.390626297300223,1,15.068208062938591,66.21538076867185,51.147172705733254,-78.92951005359993,positive_cross,toward_S1,0.715805041466604
3,miata,2024-03-29 20:24:56+00:00,40.289651,-88.12618,-98.24168279493443,875.0,-3.965644980531124,rs8,19.418303184326025,31.96810865205026,12.549805467724237,1,19.418303184326025,70.33885056015525,50.92054737582923,-78.92951005359993,positive_cross,toward_S1,0.6423671714567685
3,miata,2024-03-29 20:24:57+00:00,40.289679,-88.126223,-101.2888422919769,876.0,-3.047159497042472,rs8,23.499220928913243,31.32162958060047,7.822408651687226,1,23.499220928913243,73.79746580439699,50.298244875483746,-78.92951005359993,positive_cross,toward_S1,0.5859382918819078
3,miata,2024-03-29 20:24:58+00:00,40.289696,-88.12628,-103.09163601913707,877.0,-1.8027937271601644,rs8,27.270662358144914,29.72003394100074,2.449371582855825,1,27.270662358144914,76.39726352227395,49.12660116412903,-78.92951005359993,positive_cross,toward_S1,0.5525532228604233
3,miata,2024-03-29 20:24:59+00:00,40.289697,-88.126338,-103.11407036564391,878.0,-0.022434346506841507,rs10,27.327390323123733,30.063390228773024,2.7359999056492903,1,27.327390323123733,77.45295136063501,50.125561037511275,-78.92951005359993,negative_cross,ambiguous,0.5521377719991855
3,miata,2024-03-29 20:25:00+00:00,40.289686,-88.126392,-101.80850288154679,879.0,1.305567484097125,rs10,24.48545682861737,32.16205881612671,7.67660198750934,1,24.48545682861737,75.43923838252275,50.95378155390537,-78.92951005359993,negative_cross,toward_S4,0.5763149476306137
3,miata,2024-03-29 20:25:01+00:00,40.289653,-88.12643,-98.08152574343079,880.0,3.7269771381159984,rs10,20.110329992132854,32.22367146804161,12.113341475908754,1,20.110329992132854,71.37883744974614,51.26850745761329,-78.92951005359993,negative_cross,toward_S4,0.64533304278091
3,miata,2024-03-29 20:25:02+00:00,40.289605,-88.126449,-92.71596691631105,881.0,5.365558827119742,rs10,14.561252517935984,30.821295581388526,16.260043063452542,1,14.561252517935984,65.90057220870023,51.33931969076424,-78.92951005359993,negative_cross,toward_S4,0.7446952432831274
3,miata,2024-03-29 20:25:03+00:00,40.289552,-88.12645,-86.82206469277955,882.0,5.893902223531498,rs10,8.7933132306474,28.77214499751328,19.97883176686588,1,8.7933132306474,60.02709327614856,51.23378004550116,-78.92951005359993,negative_cross,toward_S4,0.853841580755933
3,miata,2024-03-29 20:25:04+00:00,40.289491,-88.126446,-80.04639801477097,883.0,6.775666678008577,rs10,3.253514405425722,27.37219734662563,24.118682941199907,1,3.253514405425722,53.3257803238046,50.07226591837888,-78.92951005359993,negative_cross,toward_S4,0.9793168896079436
3,miata,2024-03-29 20:25:05+00:00,40.289418,-88.126445,-71.93201920520025,884.0,8.114378809570724,rs10,7.07684757372798,28.176467768027774,21.099620194299796,1,7.07684757372798,45.29333324874247,38.21648567501449,-78.92951005359993,negative_cross,toward_S4,1.1295831638592533
3,miata,2024-03-29 20:25:06+00:00,40.289335,-88.126445,-62.7043420172503,885.0,9.22767718794995,rs10,15.95693879167006,31.783047150762425,15.826108359092364,1,15.95693879167006,36.189955574920866,20.233016783250804,-78.92951005359993,negative_cross,toward_S4,1.3004660747472154
3,miata,2024-03-29 20:25:07+00:00,40.289245,-88.126448,-52.693836865118676,886.0,10.010505152131621,rs10,25.838615333607688,26.356053214316923,0.5174378807092346,1,25.838615333607688,26.356053214316923,0.5174378807092346,-78.92951005359993,negative_cross,toward_S4,1.4858457997866898
3,miata,2024-03-29 20:25:08+00:00,40.289153,-88.12645,-42.46250808841971,887.0,10.231328776698966,rs7,16.562417449934586,31.825377725021205,15.26296027508662,2,16.562417449934586,36.02135867969713,19.458941229762544,-27.632700444717127,negative_cross,toward_S4,1.7253739325240263
3,miata,2024-03-29 20:25:09+00:00,40.289064,-88.126453,-32.56317977039179,888.0,9.89932831802792,rs7,8.120013358123641,28.866459249413705,20.746445891290065,2,8.120013358123641,45.889425096149736,37.76941173802609,-27.632700444717127,negative_cross,toward_S4,1.908694827302321
3,miata,2024-03-29 20:25:10+00:00,40.288975,-88.126457,-22.66232140868031,889.0,9.900858361711482,rs7,7.259143223007392,29.23499597550789,21.975852752500497,2,7.259143223007392,50.36423730776544,43.10509408475805,-27.632700444717127,negative_cross,toward_S4,2.092044056222904
3,miata,2024-03-29 20:25:11+00:00,40.288885,-88.126463,-12.64722612791137,890.0,10.01509528076894,rs7,15.397725144345504,32.94796152729466,17.550236382949155,2,15.397725144345504,40.44295870599999,25.045233561654488,-27.632700444717127,negative_cross,toward_S4,2.277508783644551
3,miata,2024-03-29 20:25:12+00:00,40.288796,-88.126472,-2.7387175518188602,891.0,9.90850857609251,rs7,24.79225681254298,30.630919728888916,5.838662916345935,2,24.79225681254298,30.630919728888916,5.838662916345935,-27.632700444717127,negative_cross,toward_S4,2.4609996832018197
3,miata,2024-03-29 20:25:13+00:00,40.288708,-88.126477,7.052494018639025,892.0,9.791211570457886,rs5,21.14807216845924,34.41463607440027,13.26656390594103,3,21.14807216845924,34.41463607440027,13.26656390594103,26.33125891160298,negative_cross,toward_S4,2.6429858353154825
3,miata,2024-03-29 20:25:14+00:00,40.28862,-88.126486,16.84982576062783,893.0,9.797331741988806,rs5,11.986437493669872,33.06195827525314,21.07552078158327,3,11.986437493669872,44.0876877257851,32.101250232115234,26.33125891160298,negative_cross,toward_S4,2.8244179046115714
3,miata,2024-03-29 20:25:15+00:00,40.288533,-88.1265,26.543630883662168,894.0,9.693805123034338,rs5,5.317796930856395,32.90388616212201,27.58608923126561,3,5.317796930856395,53.68406804970323,48.36627111884683,26.33125891160298,negative_cross,toward_S4,3.0039328142973925
3,miata,2024-03-29 20:25:16+00:00,40.288443,-88.126513,36.5694364645776,895.0,10.025805580915431,rs5,10.487568042767926,35.543656688932884,25.05608864616496,3,10.487568042767926,44.984213607766975,34.49664556499905,26.33125891160298,negative_cross,toward_S4,3.189595880610641
3,miata,2024-03-29 20:25:17+00:00,40.28835,-88.126522,46.92265237469332,896.0,10.353215910115722,rs5,20.247703767135064,34.61241720762185,14.364713440486788,3,20.247703767135064,34.61241720762185,14.364713440486788,26.33125891160298,negative_cross,toward_S4,3.3813221011683394
3,miata,2024-03-29 20:25:18+00:00,40.288258,-88.126525,57.15551119426415,897.0,10.23285881957083,rs2,24.401548177342537,30.354034598755923,5.952486421413386,4,24.401548177342537,30.354034598755923,5.952486421413386,80.2309515867141,negative_cross,toward_S4,3.5726770297694452
3,miata,2024-03-29 20:25:19+00:00,40.288169,-88.126528,67.05483951229206,898.0,9.899328318027912,rs2,14.555894722414834,37.30153238135116,22.745637658936324,4,14.555894722414834,40.19270090870935,25.636806186294514,80.2309515867141,negative_cross,toward_S4,3.75599792454774
3,miata,2024-03-29 20:25:20+00:00,40.288083,-88.126529,76.61757724465677,899.0,9.56273773236471,rs2,5.316735608266769,35.32395412131039,30.007218513043625,4,5.316735608266769,49.7327241487945,44.415988540527735,80.2309515867141,negative_cross,toward_S4,3.9330856603322717
3,miata,2024-03-29 20:25:21+00:00,40.288004,-88.126532,85.40513722717733,900.0,8.787559982520563,rs2,4.486112171181182,35.911146650808384,31.4250344796272,4,4.486112171181182,58.49558637704913,54.009474205867946,80.2309515867141,negative_cross,toward_S4,4.095818252601171
3,miata,2024-03-29 20:25:22+00:00,40.287939,-88.126524,92.61939106774344,901.0,7.214253840566101,rs2,11.548473431606977,37.112911288493514,25.564437856886535,4,11.548473431606977,65.74922349425503,54.200750062648055,80.2309515867141,negative_cross,toward_S4,4.229415545944987
3,miata,2024-03-29 20:25:23+00:00,40.287892,-88.126514,97.82940181815685,902.0,5.210010750413417,rs2,16.83370276558913,38.49842776798141,21.66472500239228,4,16.83370276558913,71.01498896592487,54.18128620033574,80.2309515867141,negative_cross,toward_S4,4.325897226508199
3,miata,2024-03-29 20:25:24+00:00,40.287858,-88.126465,101.53444205938709,903.0,3.705040241230236,rs2,21.658221025904282,37.00522765131018,15.347006625405896,4,21.658221025904282,75.13414163619025,53.47592061028597,80.2309515867141,negative_cross,toward_S4,4.394509082827278
3,miata,2024-03-29 20:25:25+00:00,40.287839,-88.126413,103.56723966834575,904.0,2.03279760895866,rs2,25.43076190210258,34.98048612502111,9.549724222918528,4,25.43076190210258,77.83118617868527,52.40042427658269,80.2309515867141,negative_cross,toward_S4,4.432153482993178
3,miata,2024-03-29 20:25:26+00:00,40.287835,-88.126352,103.91861438696822,905.0,0.3513747186224663,rs2,28.622773197502113,31.77505039810382,3.1522772006017057,4,28.622773197502113,79.27356738781315,50.65079419031103,80.2309515867141,negative_cross,ambiguous,4.438660422226928
3,miata,2024-03-29 20:25:27+00:00,40.287848,-88.126298,102.39069323545365,906.0,-1.5279211515145619,rs1,27.872418861955325,30.579613675915052,2.7071948139597275,4,27.872418861955325,78.13054660887559,50.258127746920266,80.2309515867141,positive_cross,toward_S1,4.410365586087769
3,miata,2024-03-29 20:25:28+00:00,40.287871,-88.126253,99.76477413272026,907.0,-2.6259191027333912,rs1,23.67947865611941,31.84715604553067,8.16767738941126,4,23.67947865611941,74.92399014412656,51.24451148800715,80.2309515867141,positive_cross,toward_S1,4.361737454555669
3,miata,2024-03-29 20:25:29+00:00,40.287909,-88.126219,95.48803299875473,908.0,-4.27674113396553,rs1,18.58232059769463,32.09346108188656,13.51114048419193,4,18.58232059769463,70.32512779423833,51.742807196543694,80.2309515867141,positive_cross,toward_S1,4.282538544667419
3,miata,2024-03-29 20:25:30+00:00,40.287956,-88.126197,90.2290608763114,909.0,-5.258972122443339,rs1,13.127203330486774,31.864538875445213,18.73733554495844,4,13.127203330486774,64.91124155808903,51.78403822760226,80.2309515867141,positive_cross,toward_S1,4.185150172029579
3,miata,2024-03-29 20:25:31+00:00,40.288013,-88.126187,83.87668093286652,910.0,-6.352379943444873,rs1,7.791484808375246,31.45846768699273,23.666982878617482,4,7.791484808375246,58.516532658043786,50.72504784966854,80.2309515867141,positive_cross,toward_S1,4.06751350641023
3,miata,2024-03-29 20:25:32+00:00,40.28808,-88.126179,76.415592738868,911.0,-7.4610881939985205,rs1,6.126319105596997,32.303983995332004,26.177664889735006,4,6.126319105596997,51.03488565072211,44.90856654512511,80.2309515867141,positive_cross,toward_S1,3.9293452065213685
3,miata,2024-03-29 20:25:33+00:00,40.288154,-88.126176,68.1839169244961,912.0,-8.231675814371897,rs1,12.125805249235505,34.656380509885956,22.53057526065045,4,12.125805249235505,42.83188263832753,30.706077389092023,80.2309515867141,positive_cross,toward_S1,3.7769067655144815
3,miata,2024-03-29 20:25:34+00:00,40.288236,-88.126174,59.064356484116196,913.0,-9.119560440379907,rs1,20.685967766330318,33.777349740624416,13.091381974294098,4,20.685967766330318,33.777349740624416,13.091381974294098,80.2309515867141,positive_cross,toward_S1,3.6080260166185574
3,miata,2024-03-29 20:25:35+00:00,40.288322,-88.126168,49.493968537392206,914.0,-9.57038794672399,rs3,24.26868809667572,29.969228975788486,5.700540879112765,3,24.26868809667572,29.969228975788486,5.700540879112765,26.33125891160298,positive_cross,toward_S1,3.428939067144245
3,miata,2024-03-29 20:25:36+00:00,40.288411,-88.126161,39.58852004704341,915.0,-9.905448490348796,rs3,14.506690400842583,36.52154581569051,22.014855414847926,3,14.506690400842583,39.717697423892744,25.21100702305016,26.33125891160298,positive_cross,toward_S1,3.2455048358414893
3,miata,2024-03-29 20:25:37+00:00,40.288501,-88.126159,29.579544938573594,916.0,-10.008975108469816,rs3,5.560665885422865,34.379667514123405,28.81900162870054,3,5.560665885422865,49.674725110674515,44.11405922525165,26.33125891160298,positive_cross,toward_S1,3.0601534449439
3,miata,2024-03-29 20:25:38+00:00,40.288594,-88.126157,19.237039327792665,917.0,-10.342505610780929,rs3,7.487619950878033,35.14621023330143,27.658590282423397,3,7.487619950878033,47.54457273687871,40.05695278600068,26.33125891160298,positive_cross,toward_S1,2.868625563262772
3,miata,2024-03-29 20:25:39+00:00,40.28869,-88.126155,8.561003217048741,918.0,-10.676036110743924,rs3,17.50953921855927,36.88592129000054,19.37638207144127,3,17.50953921855927,36.88592129000054,19.37638207144127,26.33125891160298,positive_cross,toward_S1,2.670921190841588
3,miata,2024-03-29 20:25:40+00:00,40.288787,-88.126154,-2.2246796841153267,919.0,-10.785682901164067,rs6,26.143276444533285,28.142165113067783,1.998888668534498,2,26.143276444533285,28.142165113067783,1.998888668534498,-27.632700444717127,positive_cross,toward_S1,2.4705189029741073
3,miata,2024-03-29 20:25:41+00:00,40.288888,-88.126157,-13.448949748605134,920.0,-11.224270064489808,rs6,15.101000920904298,34.22857538828096,19.12757446737666,2,15.101000920904298,39.33574462364817,24.23474370274387,-27.632700444717127,positive_cross,toward_S1,2.2626620499279997
3,miata,2024-03-29 20:25:42+00:00,40.288993,-88.126161,-25.11639710428978,921.0,-11.667447355684647,rs6,4.779774821804595,30.92295706730403,26.143182245499435,2,4.779774821804595,50.998782840043695,46.2190080182391,-27.632700444717127,positive_cross,toward_S1,2.0465982100079136
3,miata,2024-03-29 20:25:43+00:00,40.289097,-88.12616,-36.68031784101996,922.0,-11.563920736730182,rs6,9.248247410142307,32.21630336953863,22.968055959396324,2,9.248247410142307,42.911169745133876,33.66292233499157,-27.632700444717127,positive_cross,toward_S1,1.8324515296980957
3,miata,2024-03-29 20:25:44+00:00,40.289201,-88.126157,-48.24729866349387,923.0,-11.566980822473909,rs6,20.36371824630296,31.360646426992066,10.996928180689107,2,20.36371824630296,31.360646426992066,10.996928180689107,-27.632700444717127,positive_cross,toward_S1,1.618248181133764
3,miata,2024-03-29 20:25:45+00:00,40.289304,-88.126156,-59.70004256693204,924.0,-11.452743903438169,rs8,19.966178222096215,31.711590390926794,11.74541216883058,1,19.966178222096215,31.711590390926794,11.74541216883058,-78.92951005359993,positive_cross,toward_S1,1.356101249753109
3,miata,2024-03-29 20:25:46+00:00,40.289402,-88.126158,-70.5923121735625,925.0,-10.892269606630464,rs8,9.34339135628527,28.45409906384614,19.11070770756087,1,9.34339135628527,42.58214933126986,33.238757974984594,-78.92951005359993,positive_cross,toward_S1,1.1543925533340262
3,miata,2024-03-29 20:25:47+00:00,40.289485,-88.126161,-79.81539923289685,926.0,-9.223087059334347,rs8,3.192990789555004,26.99791533069706,23.804924541142057,1,3.192990789555004,51.80677866147408,48.61378787191907,-78.92951005359993,positive_cross,toward_S1,0.9835946448278348
3,miata,2024-03-29 20:25:48+00:00,40.289559,-88.12616,-88.04401496152504,927.0,-8.228615728628185,rs8,9.125143134346736,28.592176783602053,19.467033649255317,1,9.125143134346736,60.01441797317612,50.88927483882939,-78.92951005359993,positive_cross,toward_S1,0.8312128720754609
3,miata,2024-03-29 20:25:49+00:00,40.289612,-88.126158,-93.93944722790665,928.0,-5.8954322663816185,rs8,14.77283883285751,31.147843761783545,16.375004928926035,1,14.77283883285751,65.89071696325799,51.11787813040048,-78.92951005359993,positive_cross,toward_S1,0.7220382004758013
3,miata,2024-03-29 20:25:50+00:00,40.289654,-88.126173,-98.58592359581215,929.0,-4.646476367905493,rs8,19.606382458347497,32.64257785527876,13.036195396931262,1,19.606382458347497,70.6295805759045,51.023198117557,-78.92951005359993,positive_cross,toward_S1,0.6359923418108848
3,miata,2024-03-29 20:25:51+00:00,40.289681,-88.126209,-101.53261655964384,930.0,-2.946692963831694,rs8,23.31090527166283,32.313180745226205,9.002275473563376,1,23.31090527166283,73.88419266151931,50.573287389856475,-78.92951005359993,positive_cross,toward_S1,0.5814239535917793
3,miata,2024-03-29 20:25:52+00:00,40.289699,-88.126262,-103.45270729162695,931.0,-1.9200907319831089,rs8,26.860821296477088,30.880643567908418,4.01982227143133,1,26.860821296477088,76.46600684456118,49.605185548084094,-78.92951005359993,positive_cross,toward_S1,0.5458667178143144
3,miata,2024-03-29 20:25:53+00:00,40.2897,-88.126322,-103.47208155318002,932.0,-0.019374261553068095,rs10,28.242083338800423,29.535576488743153,1.29349314994273,1,28.242083338800423,77.55318618582442,49.31110284702399,-78.92951005359993,negative_cross,ambiguous,0.5455079351929613
3,miata,2024-03-29 20:25:54+00:00,40.289685,-88.126379,-101.7172166048207,933.0,1.7548649483593124,rs10,24.73570679050838,31.310428203328257,6.574721412819876,1,24.73570679050838,75.50147712112783,50.76577033061945,-78.92951005359993,negative_cross,toward_S4,0.5780054342366523
3,miata,2024-03-29 20:25:55+00:00,40.28965,-88.126421,-97.76176562858981,934.0,3.9554509762308925,rs10,19.95839763833517,31.41102341989311,11.452625781557938,1,19.95839763833517,71.13730380203307,51.1789061636979,-78.92951005359993,negative_cross,toward_S4,0.6512545263890761
3,miata,2024-03-29 20:25:56+00:00,40.289599,-88.126444,-92.05655612920792,935.0,5.705209499381894,rs10,13.988528051097529,30.147390018081538,16.15886196698401,1,13.988528051097529,65.27929785721726,51.29076980611973,-78.92951005359993,negative_cross,toward_S4,0.7569065541554075
3,miata,2024-03-29 20:25:57+00:00,40.289537,-88.126449,-85.15594223201711,936.0,6.900613897190809,rs10,7.236100079532868,28.28204947155374,21.045949392020873,1,7.236100079532868,58.37741036597591,51.141310286443044,-78.92951005359993,negative_cross,toward_S4,0.8846957003996818
3,miata,2024-03-29 20:25:58+00:00,40.289466,-88.126448,-77.2639170890739,937.0,7.892025142943211,rs10,2.8599715493942632,27.57880128196048,24.718829732566217,1,2.8599715493942632,50.54595812599664,47.685986576602374,-78.92951005359993,negative_cross,toward_S4,1.0308443141578894
3,miata,2024-03-29 20:25:59+00:00,40.289388,-88.126449,-68.59059402640077,938.0,8.673323062673134,rs10,10.124206653801707,29.513188463447612,19.388981809645905,1,10.124206653801707,41.94345609808007,31.819249444278363,-78.92951005359993,negative_cross,toward_S4,1.1914614079110957
3,miata,2024-03-29 20:26:00+00:00,40.289304,-88.126449,-59.25174000434712,939.0,9.338854022053646,rs10,19.310530354312277,32.740401084829095,13.429870730516818,1,19.310530354312277,32.740401084829095,13.429870730516818,-78.92951005359993,negative_cross,toward_S4,1.3644031490602373
3,miata,2024-03-29 20:26:01+00:00,40.289213,-88.126449,-49.134648146727365,940.0,10.117091857619755,rs7,22.898701290701307,29.374132004770637,6.475430714069329,2,22.898701290701307,29.374132004770637,6.475430714069329,-27.632700444717127,negative_cross,toward_S4,1.6018157832961066
3,miata,2024-03-29 20:26:02+00:00,40.289121,-88.12645,-38.90484941369021,941.0,10.229798733037157,rs7,13.340019294011645,30.340327291386068,17.00030799737442,2,13.340019294011645,39.57303588946369,26.233016595452042,-27.632700444717127,negative_cross,toward_S4,1.7912565005745726
3,miata,2024-03-29 20:26:03+00:00,40.289031,-88.126452,-28.895874304430443,942.0,10.008975109259765,rs7,6.377838225117596,28.395847610522075,22.01800938540448,2,6.377838225117596,49.55981445746689,43.1819762323493,-27.632700444717127,negative_cross,toward_S4,1.9766078914867904
3,miata,2024-03-29 20:26:04+00:00,40.288941,-88.126457,-18.882309066533352,943.0,10.01356523789709,rs7,10.044834854551787,30.11941739015037,20.074582535598584,2,10.044834854551787,46.64758725375995,36.602752399208164,-27.632700444717127,negative_cross,toward_S4,2.162044284781181
3,miata,2024-03-29 20:26:05+00:00,40.288853,-88.126466,-9.084977324566296,944.0,9.797331741967056,rs7,18.717429245518836,34.93456775243121,16.21713850691237,2,18.717429245518836,36.91229543308536,18.194866187566525,-27.632700444717127,negative_cross,toward_S4,2.3434763540768673
3,miata,2024-03-29 20:26:06+00:00,40.288765,-88.12648,0.7200046325934965,945.0,9.804981957159793,rs5,27.123640968053774,28.092518438265877,0.968877470212103,3,27.123640968053774,28.092518438265877,0.968877470212103,26.33125891160298,negative_cross,toward_S4,2.525717513351676
3,miata,2024-03-29 20:26:07+00:00,40.288677,-88.126495,10.526516631835188,946.0,9.80651199924169,rs5,17.387226912138786,36.06619775321927,18.678970841080485,3,17.387226912138786,37.70989789163697,20.322670979498184,26.33125891160298,negative_cross,toward_S4,2.7073195874117078
3,miata,2024-03-29 20:26:08+00:00,40.288589,-88.126509,20.33149858818328,947.0,9.804981956348092,rs5,8.034198867136855,34.177989807525286,26.14379094038843,3,8.034198867136855,47.433555410273755,39.3993565431369,26.33125891160298,negative_cross,toward_S4,2.8888933273440798
3,miata,2024-03-29 20:26:09+00:00,40.288499,-88.126518,30.351183997589537,948.0,10.019685409406257,rs5,5.0682974430530585,34.674465407025785,29.606167963972727,3,5.0682974430530585,51.16622733337109,46.09792989031803,26.33125891160298,negative_cross,toward_S4,3.0744430571478993
3,miata,2024-03-29 20:26:10+00:00,40.288408,-88.126525,40.47898615533405,949.0,10.127802157744512,rs5,13.872650801974698,37.80639333510639,23.933742533131692,3,13.872650801974698,41.02735531101081,27.154704509036108,26.33125891160298,negative_cross,toward_S4,3.261994948957983
3,miata,2024-03-29 20:26:11+00:00,40.288318,-88.126526,50.48643122172195,950.0,10.007445066387902,rs5,23.716300908662056,31.037289260554857,7.320988351892801,3,23.716300908662056,31.037289260554857,7.320988351892801,26.33125891160298,negative_cross,toward_S4,3.447318005742944
3,miata,2024-03-29 20:26:12+00:00,40.288234,-88.126525,59.82375520011378,951.0,9.33732397839183,rs2,21.749684282956302,33.009948172944206,11.260263889987904,4,21.749684282956302,33.009948172944206,11.260263889987904,80.2309515867141,negative_cross,toward_S4,3.6220889558036977
3,miata,2024-03-29 20:26:13+00:00,40.288153,-88.126524,68.82754867856437,952.0,9.00379347845059,rs2,12.871138383288656,36.414333313635034,23.543194930346377,4,12.871138383288656,41.992831735439005,29.12169335215035,80.2309515867141,negative_cross,toward_S4,3.7888258720713015
3,miata,2024-03-29 20:26:14+00:00,40.288078,-88.126525,77.16734124129627,953.0,8.339792562731901,rs2,4.992067139513718,34.94197362738747,29.94990648787375,4,4.992067139513718,50.30827929026751,45.316212150753785,80.2309515867141,negative_cross,toward_S4,3.943266475084855
3,miata,2024-03-29 20:26:15+00:00,40.287999,-88.126485,85.88910938017472,954.0,8.721768138878446,rs2,7.55543879254898,32.085978153735326,24.530539361186346,4,7.55543879254898,59.35975849816514,51.804319705616166,80.2309515867141,negative_cross,toward_S4,4.1047806998789005
3,miata,2024-03-29 20:26:16+00:00,40.287948,-88.126516,91.60655922253147,955.0,5.717449842356757,rs2,10.773040593066368,36.13370503475284,25.360664441686474,4,10.773040593066368,64.7872296526768,54.01418905961043,80.2309515867141,negative_cross,toward_S4,4.2106594006632845
3,miata,2024-03-29 20:26:17+00:00,40.28791,-88.126511,95.8236286851323,956.0,4.217069462600833,rs2,14.946411777737262,37.36345073524052,22.41703895750326,4,14.946411777737262,69.0320194065867,54.08560762884944,80.2309515867141,negative_cross,toward_S4,4.288753279600337
3,miata,2024-03-29 20:26:18+00:00,40.287877,-88.126459,99.41290196364328,957.0,3.589273278510973,rs2,19.903773569938057,35.36761826989623,15.46384469995817,4,19.903773569938057,73.09346854965624,53.18969497971818,80.2309515867141,negative_cross,toward_S4,4.355221303276466
3,miata,2024-03-29 20:26:19+00:00,40.287857,-88.126405,101.55381632017196,958.0,2.1409143565286826,rs2,24.04579179514626,33.123672970110185,9.077881174963924,4,24.04579179514626,75.97302121327026,51.927229418124,80.2309515867141,negative_cross,toward_S4,4.394867865434405
3,miata,2024-03-29 20:26:20+00:00,40.287851,-88.126341,102.12295457757455,959.0,0.5691382574025852,rs2,27.829978266239706,29.810419354709627,1.9804410884699202,4,27.829978266239706,77.76099468871344,49.93101642247373,80.2309515867141,negative_cross,toward_S4,4.405407462793712
3,miata,2024-03-29 20:26:21+00:00,40.287859,-88.12628,101.14020729406217,960.0,-0.9827472835123814,rs1,26.010392827216098,30.88038709175332,4.8699942645372225,4,26.010392827216098,76.63426503528812,50.62387220807203,80.2309515867141,positive_cross,toward_S1,4.387208439024964
3,miata,2024-03-29 20:26:22+00:00,40.287881,-88.126231,98.61934485394505,961.0,-2.5208624401171136,rs1,21.812305974113897,32.75933701872147,10.94703104460757,4,21.812305974113897,73.54720528477569,51.73489931066179,80.2309515867141,positive_cross,toward_S1,4.340525801245017
3,miata,2024-03-29 20:26:23+00:00,40.287917,-88.1262,94.56954751522261,962.0,-4.049797338722442,rs1,17.05836692399228,33.16144299401569,16.103076070023405,4,17.05836692399228,69.25092768840761,52.19256076441533,80.2309515867141,positive_cross,toward_S1,4.265529554231639
3,miata,2024-03-29 20:26:24+00:00,40.287956,-88.12618,90.20305014742458,963.0,-4.366497367798033,rs1,12.415259269426647,33.24632856211754,20.83106929269089,4,12.415259269426647,64.76723795255013,52.351978683123484,80.2309515867141,positive_cross,toward_S1,4.1846684918650086
3,miata,2024-03-29 20:26:25+00:00,40.288,-88.126172,85.29902912675192,964.0,-4.904021020672658,rs1,7.901315862872378,32.889314782218015,24.987998919345635,4,7.901315862872378,59.83282257616617,51.93150671329379,80.2309515867141,positive_cross,toward_S1,4.093853287778479
3,miata,2024-03-29 20:26:26+00:00,40.288054,-88.126177,79.30313032639135,965.0,-5.995898800360564,rs1,5.331544999669262,32.20250163113445,26.87095663146519,4,5.331544999669262,53.892264643682694,48.56071964401343,80.2309515867141,positive_cross,toward_S1,3.982818124808838
3,miata,2024-03-29 20:26:27+00:00,40.288114,-88.126178,72.63405035384918,966.0,-6.669079972542178,rs1,8.446869532313615,33.12126854209131,24.674399009777694,4,8.446869532313615,47.268350948712815,38.8214814163992,80.2309515867141,positive_cross,toward_S1,3.8593166438358346
3,miata,2024-03-29 20:26:28+00:00,40.288182,-88.12618,65.07708575532071,967.0,-7.556964598528467,rs1,15.116542636149028,35.6095090092816,20.492966373132575,4,15.116542636149028,39.792105546118705,24.675562909969678,80.2309515867141,positive_cross,toward_S1,3.7193728549741967
3,miata,2024-03-29 20:26:29+00:00,40.288255,-88.12618,56.96117690287814,968.0,-8.115908852442573,rs1,22.85958805348818,31.779553959164673,8.919965905676492,4,22.85958805348818,31.779553959164673,8.919965905676492,80.2309515867141,positive_cross,toward_S1,3.5690782465956303
3,miata,2024-03-29 20:26:30+00:00,40.288335,-88.126179,48.06550017276581,969.0,-8.895676730112328,rs3,23.063690230576384,31.54826333583699,8.484573105260605,3,23.063690230576384,31.54826333583699,8.484573105260605,26.33125891160298,positive_cross,toward_S1,3.402485949280793
3,miata,2024-03-29 20:26:31+00:00,40.28842,-88.126176,38.61087918799289,970.0,-9.454620984772916,rs3,13.991739768620189,34.97677290429908,20.985033135678894,3,13.991739768620189,40.857596790029575,26.865857021409386,26.33125891160298,positive_cross,toward_S1,3.227400375488702
3,miata,2024-03-29 20:26:32+00:00,40.288508,-88.126172,28.821197660385113,971.0,-9.78968152760778,rs3,5.953214601652355,33.216670230875295,27.26345562922294,3,5.953214601652355,50.546126632303505,44.59291203065115,26.33125891160298,positive_cross,toward_S1,3.0461099768292987
3,miata,2024-03-29 20:26:33+00:00,40.2886,-88.126172,18.592928969451602,972.0,-10.228268690933511,rs3,8.74153718049717,34.049128272999766,25.307591092502598,3,8.74153718049717,46.98678879310703,38.24525161260986,26.33125891160298,positive_cross,toward_S1,2.8566975936638634
3,miata,2024-03-29 20:26:34+00:00,40.288692,-88.126172,8.364660279308051,973.0,-10.228268690143551,rs3,18.077874174985045,36.817175789855604,18.73930161487056,3,18.077874174985045,36.817175789855604,18.73930161487056,26.33125891160298,positive_cross,toward_S1,2.667285210513057
3,miata,2024-03-29 20:26:35+00:00,40.288788,-88.126171,-2.3098457885422663,974.0,-10.674506067850317,rs6,26.243042163863986,28.46954205855195,2.226499894687965,2,26.243042163863986,28.46954205855195,2.226499894687965,-27.632700444717127,positive_cross,toward_S1,2.468941752892127
3,miata,2024-03-29 20:26:36+00:00,40.288884,-88.126168,-12.98741194292626,975.0,-10.677566154383992,rs6,15.762370113324174,33.572263365949894,17.80989325262572,2,15.762370113324174,38.995215628322484,23.23284551499831,-27.632700444717127,positive_cross,toward_S1,2.2712090463294605
3,miata,2024-03-29 20:26:37+00:00,40.28898,-88.126166,-23.66344805367018,976.0,-10.67603611074392,rs6,6.087225890026658,30.6516186449207,24.56439275489404,2,6.087225890026658,49.594995362096306,43.50776947206965,-27.632700444717127,positive_cross,toward_S1,2.073504673908277
3,miata,2024-03-29 20:26:38+00:00,40.289074,-88.126163,-34.11866053984676,977.0,-10.455212486176578,rs6,7.097817509791623,31.341218145597637,24.24340063580601,2,7.097817509791623,45.48111340885593,38.38329589906431,-27.632700444717127,positive_cross,toward_S1,1.8798896278679698
3,miata,2024-03-29 20:26:39+00:00,40.289169,-88.12616,-44.68504986014879,978.0,-10.56638932030203,rs6,16.91517843411762,34.92839468727985,18.013216253162227,2,16.91517843411762,34.92839468727985,18.013216253162227,-27.632700444717127,positive_cross,toward_S1,1.6842157515660805
3,miata,2024-03-29 20:26:40+00:00,40.289263,-88.126158,-55.13873230345352,979.0,-10.453682443304736,rs8,24.510705921466005,27.200340607629858,2.6896346861638527,1,24.510705921466005,27.200340607629858,2.6896346861638527,-78.92951005359993,positive_cross,toward_S1,1.4405699583360445
3,miata,2024-03-29 20:26:41+00:00,40.289358,-88.126158,-65.70053149511821,980.0,-10.56179919166469,rs8,14.075724317767751,30.236696912432578,16.160972594664827,1,14.075724317767751,37.70612891536179,23.630404597594037,-78.92951005359993,positive_cross,toward_S1,1.244981084416328
3,miata,2024-03-29 20:26:42+00:00,40.289442,-88.126158,-75.03938551717187,981.0,-9.338854022053653,rs8,5.302326021508158,27.49713314649339,22.194807124985232,1,5.302326021508158,47.018129886561745,41.71580386505359,-78.92951005359993,positive_cross,toward_S1,1.0720393432671864
3,miata,2024-03-29 20:26:43+00:00,40.289517,-88.126158,-83.37764803624194,982.0,-8.33826251907007,rs8,4.883293308502311,27.611607538035855,22.728314229533545,1,4.883293308502311,55.34125088916833,50.45795758066602,-78.92951005359993,positive_cross,toward_S1,0.9176270743955184
3,miata,2024-03-29 20:26:44+00:00,40.28958,-88.126157,-90.38331859604901,983.0,-7.005670559807072,rs8,11.284032257756666,29.662847727135095,18.37881546937843,1,11.284032257756666,62.33196049564928,51.04792823789261,-78.92951005359993,positive_cross,toward_S1,0.7878924343990911
3,miata,2024-03-29 20:26:45+00:00,40.28963,-88.126158,-95.94063023308384,984.0,-5.557311637034829,rs8,16.74012604163526,32.167089067236404,15.426963025601143,1,16.74012604163526,67.8901602842269,51.15003424259163,-78.92951005359993,positive_cross,toward_S1,0.6849792559354831
3,miata,2024-03-29 20:26:46+00:00,40.289667,-88.126184,-100.01439196120671,985.0,-4.073761728122875,rs8,21.226956521273664,32.8216964635209,11.594739942247237,1,21.226956521273664,72.13925684098166,50.912300319707995,-78.92951005359993,positive_cross,toward_S1,0.6095392239332077
3,miata,2024-03-29 20:26:47+00:00,40.289692,-88.126229,-102.72496087175256,986.0,-2.7105689105458453,rs8,25.0315665985908,32.039742831928486,7.008176233337686,1,25.0315665985908,75.29516109722154,50.26359449863074,-78.92951005359993,positive_cross,toward_S1,0.5593435033675438
3,miata,2024-03-29 20:26:48+00:00,40.289704,-88.126285,-103.97340047363589,987.0,-1.2484396018833337,rs8,28.254513532893096,30.22341762170725,1.9689040888141527,1,28.254513532893096,77.34941648825968,49.09490295536658,-78.92951005359993,positive_cross,toward_S1,0.5362242514808155
3,miata,2024-03-29 20:26:49+00:00,40.289702,-88.126344,-103.66077427653968,988.0,0.31262619709620765,rs10,27.613467848107636,30.814253907887448,3.200786059779812,1,27.613467848107636,77.89589808913647,50.282430241028834,-78.92951005359993,negative_cross,ambiguous,0.5420136255011156
3,miata,2024-03-29 20:26:50+00:00,40.289681,-88.126395,-101.2480285847608,989.0,2.4127456917788805,rs10,23.878586141851237,31.954684051988938,8.076097910137701,1,23.878586141851237,74.85161675703583,50.97303061518459,-78.92951005359993,negative_cross,toward_S4,0.5866941012747986
3,miata,2024-03-29 20:26:51+00:00,40.289643,-88.126428,-96.97281749287718,990.0,4.2752110918836195,rs10,19.061282175111238,31.439619014981254,12.378336839870016,1,19.061282175111238,70.29321430812489,51.23193213301365,-78.92951005359993,negative_cross,toward_S4,0.6658646770504212
3,miata,2024-03-29 20:26:52+00:00,40.28959,-88.126442,-91.05902471198979,991.0,5.913792780887391,rs10,13.051809824524549,29.573170977131344,16.521361152606794,1,13.051809824524549,64.3020168694599,51.25020704493536,-78.92951005359993,negative_cross,toward_S4,0.7753793581779654
3,miata,2024-03-29 20:26:53+00:00,40.289528,-88.126438,-84.17218120066747,992.0,6.886843511322326,rs10,6.7397008475997255,27.16477771965219,20.425076872052465,1,6.7397008475997255,57.49387567778949,50.75417483018976,-78.92951005359993,negative_cross,toward_S4,0.902913497276527
3,miata,2024-03-29 20:26:54+00:00,40.289456,-88.126433,-76.1750993966879,993.0,7.997081803979569,rs10,4.4977169567518995,26.406511501817132,21.908794545065234,1,4.4977169567518995,49.62572369074155,45.12800673398965,-78.92951005359993,negative_cross,toward_S4,1.0510076047576302
3,miata,2024-03-29 20:26:55+00:00,40.289375,-88.12643,-67.17436600400278,994.0,9.00073339268512,rs10,11.9888480056913,28.5811465338569,16.5922985281656,1,11.9888480056913,40.8002386483184,28.811390642627096,-78.92951005359993,negative_cross,toward_S4,1.2176878527703177
3,miata,2024-03-29 20:26:56+00:00,40.289285,-88.126427,-57.173041109102286,995.0,10.001324894900492,rs10,21.7083849991012,31.11289904645661,9.404514047355413,1,21.7083849991012,31.11289904645661,9.404514047355413,-78.92951005359993,negative_cross,toward_S4,1.4028975730462525
3,miata,2024-03-29 20:26:57+00:00,40.289188,-88.126428,-46.387358207938206,996.0,10.78568290116408,rs7,20.874192492481658,32.26522518558475,11.391032693103089,2,20.874192492481658,32.33512446858244,11.460931976100785,-27.632700444717127,negative_cross,toward_S4,1.6526915229033134
3,miata,2024-03-29 20:26:58+00:00,40.289093,-88.126433,-35.81790880189247,997.0,10.569449406045734,rs7,11.605669834543859,27.951178897301364,16.345509062757507,2,11.605669834543859,42.78916564492347,31.18349581037961,-27.632700444717127,negative_cross,toward_S4,1.8484220674597158
3,miata,2024-03-29 20:26:59+00:00,40.289001,-88.12644,-25.578929810834218,998.0,10.238978991058254,rs7,7.32695217854393,27.43823382026708,20.11128164172315,2,7.32695217854393,52.94712729659455,45.620175118050625,-27.632700444717127,negative_cross,toward_S4,2.0380327895163504
3,miata,2024-03-29 20:27:00+00:00,40.288907,-88.12645,-15.113007024511145,999.0,10.465922786323073,rs7,13.595573967721549,30.893776741897018,17.29820277417547,2,13.595573967721549,43.07000683899112,29.47443287126957,-27.632700444717127,negative_cross,toward_S4,2.231846174448259
3,miata,2024-03-29 20:27:01+00:00,40.288814,-88.126461,-4.756731028629966,1000.0,10.356275995881179,rs7,23.024958267143496,32.805475222792026,9.78051695564853,2,23.024958267143496,32.805475222792026,9.78051695564853,-27.632700444717127,negative_cross,toward_S4,2.4236290632608735
3,miata,2024-03-29 20:27:02+00:00,40.288723,-88.126466,5.368011043349083,1001.0,10.12474207197905,rs5,23.037382762201393,32.885578140156746,9.848195377955353,3,23.037382762201393,32.885578140156746,9.848195377955353,26.33125891160298,negative_cross,toward_S4,2.611791706143446
3,miata,2024-03-29 20:27:03+00:00,40.288637,-88.126477,14.946049203664144,1002.0,9.57803816031506,rs5,13.994775313069976,32.9264362316504,18.931660918580423,3,13.994775313069976,42.26786428195792,28.273088968887944,26.33125891160298,negative_cross,toward_S4,2.7891627831863177
3,miata,2024-03-29 20:27:04+00:00,40.28855,-88.126494,24.644444455335798,1003.0,9.698395251671654,rs5,6.247113486466083,32.43053660261972,26.183423116153634,3,6.247113486466083,51.81742559524957,45.57031210878348,26.33125891160298,negative_cross,toward_S4,2.9687626952543114
3,miata,2024-03-29 20:27:05+00:00,40.288462,-88.126512,34.45554658321481,1004.0,9.811102127879014,rs5,8.634668810465977,34.90464228105485,26.269973470588873,3,8.634668810465977,47.097497814640704,38.46282900417473,26.33125891160298,negative_cross,toward_S4,3.1504497716965156
3,miata,2024-03-29 20:27:06+00:00,40.288372,-88.126523,44.47829207836478,1005.0,10.02274549514997,rs5,17.82490543790402,37.04486944097583,19.21996400307181,3,17.82490543790402,37.04486944097583,19.21996400307181,26.33125891160298,negative_cross,toward_S4,3.336056169754848
3,miata,2024-03-29 20:27:07+00:00,40.288281,-88.126524,54.5969139788564,1006.0,10.118621900491618,rs2,26.954613844953833,27.82104706326438,0.8664332183105472,4,26.954613844953833,27.82104706326438,0.8664332183105472,80.2309515867141,negative_cross,toward_S4,3.525295599854487
3,miata,2024-03-29 20:27:08+00:00,40.288191,-88.12652,64.59670883086328,1007.0,9.999794852006879,rs2,17.083115489200228,37.57480786275573,20.491692373555505,4,17.083115489200228,37.81132125713264,20.728205767932412,80.2309515867141,negative_cross,toward_S4,3.7104769860027624
3,miata,2024-03-29 20:27:09+00:00,40.288104,-88.126523,74.27368348228545,1008.0,9.67697465142217,rs2,7.662769169079906,35.09772193813282,27.434952769052916,4,7.662769169079906,47.4342226856391,39.77145351655919,80.2309515867141,negative_cross,toward_S4,3.8896802202883585
3,miata,2024-03-29 20:27:10+00:00,40.28803,-88.126525,82.50382925378547,1009.0,8.23014577150002,rs2,2.859186696407738,34.970864726653566,32.11167803024583,4,2.859186696407738,55.63748086923849,52.77829417283075,80.2309515867141,negative_cross,toward_S4,4.042090327167989
3,miata,2024-03-29 20:27:11+00:00,40.287967,-88.126508,89.48195904104392,1010.0,6.978129787258453,rs2,9.077479667790264,34.837661853311495,25.76018218552123,4,9.077479667790264,62.72436450808412,53.64688484029386,80.2309515867141,negative_cross,toward_S4,4.171314952857959
3,miata,2024-03-29 20:27:12+00:00,40.287918,-88.12652,94.94798440214265,1011.0,5.46602536109873,rs2,13.900137530890138,37.68257752821861,23.78243999732847,4,13.900137530890138,68.09931764366314,54.19918011277301,80.2309515867141,negative_cross,toward_S4,4.272537644730159
3,miata,2024-03-29 20:27:13+00:00,40.287881,-88.126468,98.98196501548851,1012.0,4.033980613345861,rs2,19.18951318831983,35.758077228531434,16.568564040211605,4,19.18951318831983,72.56346998934126,53.37395680102143,80.2309515867141,negative_cross,toward_S4,4.347240989421748
3,miata,2024-03-29 20:27:14+00:00,40.287856,-88.126419,101.68641375452515,1013.0,2.7044487390366356,rs2,23.530690900247645,34.09003306757838,10.559342167330737,4,23.530690900247645,75.88290331343245,52.3522124131848,80.2309515867141,negative_cross,toward_S4,4.397323373477983
3,miata,2024-03-29 20:27:15+00:00,40.287846,-88.126356,102.70178938886633,1014.0,1.0153756343411828,rs2,27.447297755552295,31.06272158190521,3.615423826352913,4,27.447297755552295,78.00509274324514,50.557794987692844,80.2309515867141,negative_cross,toward_S4,4.4161266259657825
3,miata,2024-03-29 20:27:16+00:00,40.287851,-88.126297,102.05563269103887,1015.0,-0.6461566978274647,rs1,27.548629428406695,30.408926985391417,2.8602975569847224,4,27.548629428406695,77.78661310257293,50.23798367416623,80.2309515867141,positive_cross,toward_S1,4.404160761191199
3,miata,2024-03-29 20:27:17+00:00,40.287868,-88.126245,100.0860642904331,1016.0,-1.969568400605766,rs1,23.643460523065894,32.592335113064614,8.94887458999872,4,23.643460523065894,75.14866057281962,51.505200049753725,80.2309515867141,positive_cross,toward_S1,4.367687272291093
3,miata,2024-03-29 20:27:18+00:00,40.287897,-88.126206,96.80226444428017,1017.0,-3.283799846152931,rs1,19.29360243054152,33.68895899227226,14.395356561730743,4,19.29360243054152,71.5178041388759,52.224201708334384,80.2309515867141,positive_cross,toward_S1,4.306876164029001
3,miata,2024-03-29 20:27:19+00:00,40.287948,-88.126187,91.10317511642923,1018.0,-5.699089327850942,rs1,13.477725846274819,32.94187768447462,19.4641518381998,4,13.477725846274819,65.70827962042067,52.23055377414585,80.2309515867141,positive_cross,toward_S1,4.201337472772503
3,miata,2024-03-29 20:27:20+00:00,40.287997,-88.126183,85.64939009911706,1019.0,-5.453785017312171,rs1,8.757923436800395,32.01284949870379,23.25492606190339,4,8.757923436800395,60.25118553065168,51.493262093851285,80.2309515867141,positive_cross,toward_S1,4.100341453933388
3,miata,2024-03-29 20:27:21+00:00,40.288057,-88.126177,78.96959982566017,1020.0,-6.679790273456888,rs1,5.330152461643222,32.220475151634616,26.890322689991393,4,5.330152461643222,53.56033729598368,48.230184834340456,80.2309515867141,positive_cross,toward_S1,3.9766416340545567
3,miata,2024-03-29 20:27:22+00:00,40.288127,-88.126174,71.18263134533323,1021.0,-7.786968480326934,rs1,9.41455489862332,33.835375269375234,24.420820370751912,4,9.41455489862332,45.79274811129733,36.378193212674006,80.2309515867141,positive_cross,toward_S1,3.8324385140485027
3,miata,2024-03-29 20:27:23+00:00,40.288199,-88.126173,63.17636928410075,1022.0,-8.006262061232484,rs1,16.70124244162749,37.008625472999654,20.307383031372165,4,16.70124244162749,37.836569597274114,21.135327155646625,80.2309515867141,positive_cross,toward_S1,3.6841744018034563
3,miata,2024-03-29 20:27:24+00:00,40.288277,-88.126171,54.501516177765794,1023.0,-8.674853106334957,rs1,25.081708381298263,29.23640112499961,4.154692743701347,4,25.081708381298263,29.23640112499961,4.154692743701347,80.2309515867141,positive_cross,toward_S1,3.523528973908365
3,miata,2024-03-29 20:27:25+00:00,40.288366,-88.126167,44.600657816054316,1024.0,-9.900858361711478,rs3,19.47171263823254,34.8030477063424,15.331335068109858,3,19.47171263823254,34.8030477063424,15.331335068109858,26.33125891160298,positive_cross,toward_S1,3.338322201934284
3,miata,2024-03-29 20:27:26+00:00,40.288463,-88.126164,33.81191482914654,1025.0,-10.788742986907778,rs3,9.232639160051692,34.607269076183854,25.374629916132164,3,9.232639160051692,45.49909810242997,36.26645894237828,26.33125891160298,positive_cross,toward_S1,3.1385306651396956
3,miata,2024-03-29 20:27:27+00:00,40.288565,-88.126164,22.471877802705666,1026.0,-11.340037026440871,rs3,5.451532402179699,34.041088025533064,28.589555623353366,3,5.451532402179699,50.805226586793154,45.35369418461345,26.33125891160298,positive_cross,toward_S1,2.9285299794648645
3,miata,2024-03-29 20:27:28+00:00,40.288667,-88.126166,11.134900862008507,1027.0,-11.33697694069716,rs3,15.268892336768927,36.95815045625402,21.68925811948509,3,15.268892336768927,39.521302152544386,24.252409815775458,26.33125891160298,positive_cross,toward_S1,2.7185859620445467
3,miata,2024-03-29 20:27:29+00:00,40.288768,-88.126167,-0.09242928824675706,1028.0,-11.227330150255264,rs3,26.220025320073628,28.384669243059378,2.16464392298575,3,26.220025320073628,28.384669243059378,2.16464392298575,26.33125891160298,positive_cross,toward_S1,2.5106724407435235
3,miata,2024-03-29 20:27:30+00:00,40.288869,-88.126166,-11.322819524245737,1029.0,-11.23039023599898,rs6,17.333113805145814,34.480413942556225,17.14730013741041,2,17.333113805145814,37.31857647331248,19.98546266816667,-27.632700444717127,positive_cross,toward_S1,2.302034831860581
3,miata,2024-03-29 20:27:31+00:00,40.288969,-88.126165,-22.44203292693097,1030.0,-11.119213402685233,rs6,6.989797237784002,30.915883197953466,23.926085960169466,2,6.989797237784002,48.36889809559345,41.37910085780945,-27.632700444717127,positive_cross,toward_S1,2.0961234725515956
3,miata,2024-03-29 20:27:32+00:00,40.289069,-88.126166,-33.558186243082524,1031.0,-11.116153316151554,rs6,6.788436568952496,30.980312270392382,24.191875701439887,2,6.788436568952496,46.05494066607727,39.26650409712477,-27.632700444717127,positive_cross,toward_S1,1.8902687815117518
3,miata,2024-03-29 20:27:33+00:00,40.289164,-88.126166,-44.11998543474724,1032.0,-10.561799191664718,rs6,16.491525124722923,34.607134987416636,18.115609862693713,2,16.491525124722923,35.530307799205794,19.03878267448287,-27.632700444717127,positive_cross,toward_S1,1.694679907592035
3,miata,2024-03-29 20:27:34+00:00,40.289263,-88.126167,-55.12496191758506,1033.0,-11.004976482837819,rs8,24.613306926452836,27.307071365545706,2.6937644390928703,1,24.613306926452836,27.307071365545706,2.6937644390928703,-78.92951005359993,positive_cross,toward_S1,1.4408249654817569
3,miata,2024-03-29 20:27:35+00:00,40.289361,-88.126164,-66.02488173859656,1034.0,-10.899919821011501,rs8,13.866452270096675,29.633335760219378,15.766883490122703,1,13.866452270096675,38.087683581720086,24.221231311623413,-78.92951005359993,positive_cross,toward_S1,1.2389745984259881
3,miata,2024-03-29 20:27:36+00:00,40.289447,-88.126161,-75.59067955670496,1035.0,-9.565797818108393,rs8,5.005062638554218,27.173223047613874,22.168160409059656,1,5.005062638554218,47.59181494735382,42.5867523087996,-78.92951005359993,positive_cross,toward_S1,1.061830194386944
3,miata,2024-03-29 20:27:37+00:00,40.289516,-88.12616,-83.26341111718448,1036.0,-7.672731560479519,rs8,4.899718917724053,27.42603927904789,22.52632036132384,1,4.899718917724053,55.24102887419165,50.3413099564676,-78.92951005359993,positive_cross,toward_S1,0.9197425728965825
3,miata,2024-03-29 20:27:38+00:00,40.28957,-88.126158,-89.27002021687984,1037.0,-6.006609099695368,rs8,10.235102267256202,29.168232716137034,18.93313044888083,1,10.235102267256202,61.22601788563596,50.99091561837976,-78.92951005359993,positive_cross,toward_S1,0.808509071050372
3,miata,2024-03-29 20:27:39+00:00,40.289616,-88.126166,-94.37191421974495,1038.0,-5.101894002865109,rs8,15.353931029018579,30.77867945767844,15.42474842865986,1,15.353931029018579,66.37355655802082,51.01962552900224,-78.92951005359993,positive_cross,toward_S1,0.7140295524787958
3,miata,2024-03-29 20:27:40+00:00,40.289654,-88.126207,-98.53390213803853,1039.0,-4.161987918293576,rs8,20.418406291596973,30.398681761753217,9.980275470156244,1,20.418406291596973,70.88001002706446,50.461603735467484,-78.92951005359993,positive_cross,toward_S1,0.6369557021400258
3,miata,2024-03-29 20:27:41+00:00,40.289678,-88.126261,-101.11952382938037,1040.0,-2.585621691341842,rs8,24.741024982951217,29.092671926686315,4.351646943735098,1,24.741024982951217,74.14740370809065,49.40637872513943,-78.92951005359993,positive_cross,toward_S1,0.5890738189670288
3,miata,2024-03-29 20:27:42+00:00,40.289687,-88.126324,-102.02372263040778,1041.0,-0.9041988010274054,rs10,26.89230615278304,28.460454464547485,1.5681483117644461,1,26.89230615278304,76.18336840713292,49.29106225434988,-78.92951005359993,negative_cross,toward_S1,0.5723293967257805
3,miata,2024-03-29 20:27:43+00:00,40.289674,-88.126388,-100.48050104931944,1042.0,1.543221581088332,rs10,23.326433430404457,30.987249512159888,7.660816081755431,1,23.326433430404457,74.17179780214,50.84536437173555,-78.92951005359993,negative_cross,toward_S4,0.6009075741533423
3,miata,2024-03-29 20:27:44+00:00,40.289641,-88.126432,-96.74434365476225,1043.0,3.736157394557196,rs10,18.76968857884234,31.5937690245345,12.824080445692157,1,18.76968857884234,70.03351543839803,51.263826859555685,-78.92951005359993,negative_cross,toward_S4,0.6700956740525497
3,miata,2024-03-29 20:27:45+00:00,40.289594,-88.126451,-91.48996166093451,1044.0,5.254381993827735,rs10,13.327020918166328,30.451864552581362,17.124843634415036,1,13.327020918166328,64.66641501289327,51.33939409472694,-78.92951005359993,negative_cross,toward_S4,0.7673990443086188
3,miata,2024-03-29 20:27:46+00:00,40.289541,-88.126449,-85.60064956606206,1045.0,5.8893120948724516,rs10,7.654174140394258,28.381955248893302,20.727781108499045,1,7.654174140394258,58.819663668316416,51.165489527922155,-78.92951005359993,negative_cross,toward_S4,0.8764603793988494
3,miata,2024-03-29 20:27:47+00:00,40.289481,-88.126444,-78.9376897650073,1046.0,6.662959801054754,rs10,3.0190711717891325,27.183527091220625,24.164455919431493,1,3.0190711717891325,52.24422185029853,49.225150678509394,-78.92951005359993,negative_cross,toward_S4,0.9998485238628263
3,miata,2024-03-29 20:27:48+00:00,40.289411,-88.126445,-71.15378137042407,1047.0,7.783908394583236,rs10,7.794278731177682,28.382558923943453,20.588280192765772,1,7.794278731177682,44.52353674270314,36.72925801152546,-78.92951005359993,negative_cross,toward_S4,1.1439949756143677
3,miata,2024-03-29 20:27:49+00:00,40.289332,-88.126445,-62.3708115165191,1048.0,8.782969853904973,rs10,16.28523194904757,31.955752241048206,15.670520292000635,1,16.28523194904757,35.862147202016075,19.576915252968504,-78.92951005359993,negative_cross,toward_S4,1.3066425655014968
3,miata,2024-03-29 20:27:50+00:00,40.289244,-88.126448,-52.58266003101497,1049.0,9.78815148550413,rs10,25.949266431136728,26.248248285158102,0.298981854021374,1,25.949266431136728,26.248248285158102,0.298981854021374,-78.92951005359993,negative_cross,toward_S4,1.4879046300478695
3,miata,2024-03-29 20:27:51+00:00,40.289153,-88.126451,-42.460978045547854,1050.0,10.121681985467113,rs7,16.530311847826756,31.900584057034788,15.370272209208032,2,16.530311847826756,36.015663031007854,19.4853511831811,-27.632700444717127,negative_cross,toward_S4,1.7254022666512827
3,miata,2024-03-29 20:27:52+00:00,40.289062,-88.126456,-32.336235974337015,1051.0,10.12474207121084,rs7,7.782001162328065,29.081179298207168,21.299178135879103,2,7.782001162328065,46.10014678381657,38.318145621488505,-27.632700444717127,negative_cross,toward_S4,1.9128974901922242
3,miata,2024-03-29 20:27:53+00:00,40.288969,-88.12646,-21.99067027860233,1052.0,10.345565695734685,rs7,7.502093887333681,29.607324390978775,22.105230503645096,2,7.502093887333681,49.662442632068995,42.160348744735316,-27.632700444717127,negative_cross,toward_S4,2.104482040113237
3,miata,2024-03-29 20:27:54+00:00,40.288878,-88.126466,-11.86439816372968,1053.0,10.12627211487265,rs7,16.052448938169935,33.53517538266595,17.482726444496013,2,16.052448938169935,39.62848992481481,23.576040986644873,-27.632700444717127,negative_cross,toward_S4,2.292005597796064
3,miata,2024-03-29 20:27:55+00:00,40.288789,-88.126473,-1.9589496741708454,1054.0,9.905448489558834,rs7,25.54405632770361,29.856140141246925,4.312083813543314,2,25.54405632770361,29.856140141246925,4.312083813543314,-27.632700444717127,negative_cross,toward_S4,2.4754398290841904
3,miata,2024-03-29 20:27:56+00:00,40.288702,-88.126482,7.727205234482466,1055.0,9.686154908653311,rs5,20.376396326371427,35.031530213854424,14.655133887482997,3,20.376396326371427,35.031530213854424,14.655133887482997,26.33125891160298,negative_cross,toward_S4,2.655480487460731
3,miata,2024-03-29 20:27:57+00:00,40.288616,-88.12649,17.300653266971914,1056.0,9.573448032489448,rs5,11.428721984035827,33.26587925446542,21.837157270429593,3,11.428721984035827,44.507917928204016,33.07919594416819,26.33125891160298,negative_cross,toward_S4,2.8327665621364617
3,miata,2024-03-29 20:27:58+00:00,40.288532,-88.126502,26.657867803531335,1057.0,9.357214536559422,rs5,5.1411539118514185,33.0748732962851,27.93371938443368,3,5.1411539118514185,53.788976619854225,48.647822708002806,26.33125891160298,negative_cross,toward_S4,3.0060483128134883
3,miata,2024-03-29 20:27:59+00:00,40.288449,-88.126514,35.90390550598705,1058.0,9.246037702455713,rs5,9.843903923149025,35.436814800051934,25.59291087690291,3,9.843903923149025,45.6426772008445,35.798773277695474,26.33125891160298,negative_cross,toward_S4,3.1772712332293347
3,miata,2024-03-29 20:28:00+00:00,40.288367,-88.126523,45.03417624651344,1059.0,9.130270740526392,rs5,18.371416991044732,36.49036242676601,18.11894543572128,3,18.371416991044732,36.49036242676601,18.11894543572128,26.33125891160298,negative_cross,toward_S4,3.3463503210168604
3,miata,2024-03-29 20:28:01+00:00,40.288284,-88.126527,54.26797360674077,1060.0,9.233797360227328,rs2,27.2623776529975,27.460622215886676,0.19824456288917602,4,27.2623776529975,27.460622215886676,0.19824456288917602,80.2309515867141,negative_cross,toward_S4,3.5192041114819754
3,miata,2024-03-29 20:28:02+00:00,40.2882,-88.126525,63.60376754226074,1061.0,9.335793935519973,rs2,18.00176899422343,36.77584354394686,18.774074549723434,4,18.00176899422343,36.77584354394686,18.774074549723434,80.2309515867141,negative_cross,toward_S4,3.6920891843619748
3,miata,2024-03-29 20:28:03+00:00,40.288117,-88.126521,72.82532455949145,1062.0,9.221557017230708,rs2,9.077921435582816,35.181448884313895,26.10352744873108,4,9.077921435582816,46.00468295401758,36.926761518434766,80.2309515867141,negative_cross,toward_S4,3.862858758755136
3,miata,2024-03-29 20:28:04+00:00,40.288042,-88.126524,81.1681772079888,1063.0,8.342852648497356,rs2,2.7334844589196403,34.80236984996856,32.068885391048916,4,2.7334844589196403,54.31003938688357,51.576554927963926,80.2309515867141,negative_cross,toward_S4,4.017356030023605
3,miata,2024-03-29 20:28:05+00:00,40.287974,-88.126497,88.68689073463386,1064.0,7.518713526645058,rs2,8.88082937576038,33.72554444839185,24.844715072631473,4,8.88082937576038,62.02457060858476,53.14374123282438,80.2309515867141,negative_cross,toward_S4,4.156591465702218
3,miata,2024-03-29 20:28:06+00:00,40.287932,-88.126519,93.38997868892851,1065.0,4.703087954294645,rs2,12.407248145959699,36.99820678671817,24.590958640758473,4,12.407248145959699,66.54903571156471,54.141787565605014,80.2309515867141,negative_cross,toward_S4,4.243685687078044
3,miata,2024-03-29 20:28:07+00:00,40.287894,-88.126475,97.54737647858477,1066.0,4.157397789656258,rs2,17.626442573593355,35.504169136562666,17.87772656296931,4,17.626442573593355,71.06206296183734,53.43562038824399,80.2309515867141,negative_cross,toward_S4,4.320674535034642
3,miata,2024-03-29 20:28:08+00:00,40.287869,-88.126431,100.25947543200242,1067.0,2.7120989534176516,rs2,21.771143057502645,33.965890234184,12.194747176681357,4,21.771143057502645,74.29636078671047,52.525217729207824,80.2309515867141,negative_cross,toward_S4,4.370898589727561
3,miata,2024-03-29 20:28:09+00:00,40.287853,-88.126379,101.95874254022985,1068.0,1.6992671082274313,rs2,25.650066880959137,31.828518014529585,6.178451133570448,4,25.650066880959137,76.82751451017367,51.177447629214534,80.2309515867141,negative_cross,toward_S4,4.40236649913918
3,miata,2024-03-29 20:28:10+00:00,40.287848,-88.12632,102.42435417872149,1069.0,0.46561163849163734,rs1,28.958098322151532,29.27196365847022,0.3138653363186883,4,28.958098322151532,78.52843474232175,49.57033642017022,80.2309515867141,positive_cross,ambiguous,4.410988936889026
3,miata,2024-03-29 20:28:11+00:00,40.287857,-88.126267,101.34267040331204,1070.0,-1.081683775409445,rs1,25.6224325353817,31.86677477727786,6.24434224189616,4,25.6224325353817,76.65619821445001,51.03376567906831,80.2309515867141,positive_cross,toward_S1,4.3909577558629245
3,miata,2024-03-29 20:28:12+00:00,40.287877,-88.126226,99.05640197360898,1071.0,-2.286268429703057,rs1,22.023553122327005,33.356870395679024,11.33331727335202,4,22.023553122327005,73.93134095657803,51.907787834251025,80.2309515867141,positive_cross,toward_S1,4.3486194516091645
3,miata,2024-03-29 20:28:13+00:00,40.287913,-88.126196,95.00813467775839,1072.0,-4.048267295850593,rs1,17.323023826184706,33.65508856219294,16.33206473600823,4,17.323023826184706,69.65781074564929,52.33478691946458,80.2309515867141,positive_cross,toward_S1,4.273651538723042
3,miata,2024-03-29 20:28:14+00:00,40.287958,-88.126177,89.97610635136982,1073.0,-5.03202832638857,rs1,12.102780617161427,33.429401631850766,21.326621014689337,4,12.102780617161427,64.52348135563489,52.42070073847346,80.2309515867141,positive_cross,toward_S1,4.180465828975106
3,miata,2024-03-29 20:28:15+00:00,40.288013,-88.126173,83.85526033259528,1074.0,-6.120846018774543,rs1,6.8880159664343195,32.64109242158899,25.753076455154673,4,6.8880159664343195,58.39964987245535,51.51163390602103,80.2309515867141,positive_cross,toward_S1,4.067116828627429
3,miata,2024-03-29 20:28:16+00:00,40.288078,-88.126173,76.62876614903257,1075.0,-7.226494183562707,rs1,5.5713909545556355,32.77874622885403,27.207355274298397,4,5.5713909545556355,51.20217945498374,45.63078850042811,80.2309515867141,positive_cross,toward_S1,3.933292862265157
3,miata,2024-03-29 20:28:17+00:00,40.288153,-88.126171,68.28744354342882,1076.0,-8.34132260560375,rs1,11.846798723242674,35.01135934986883,23.16456062662616,4,11.846798723242674,42.89081008349258,31.044011360249907,80.2309515867141,positive_cross,toward_S1,3.778823925124347
3,miata,2024-03-29 20:28:18+00:00,40.288238,-88.126169,58.8343526023177,1077.0,-9.453090941111121,rs1,20.802793444423823,33.49394914316895,12.691155698745124,4,20.802793444423823,33.49394914316895,12.691155698745124,80.2309515867141,positive_cross,toward_S1,3.603766685474141
3,miata,2024-03-29 20:28:19+00:00,40.288329,-88.126166,48.71267061685059,1078.0,-10.121681985467113,rs3,23.471964412131875,30.71421892072346,7.242254508591586,3,23.471964412131875,30.71421892072346,7.242254508591586,26.33125891160298,positive_cross,toward_S1,3.414470587134215
3,miata,2024-03-29 20:28:20+00:00,40.288426,-88.126165,37.926987714896555,1079.0,-10.785682901954033,rs3,13.029223095351638,35.632256623946326,22.603033528594686,3,13.029223095351638,41.41201485375648,28.382791758404842,26.33125891160298,positive_cross,toward_S1,3.2147357185795107
3,miata,2024-03-29 20:28:21+00:00,40.288523,-88.126163,27.13977477086063,1080.0,-10.787212944035925,rs3,4.54611390526414,33.90233801421386,29.35622410894972,3,4.54611390526414,52.14071776476459,47.594603859500445,26.33125891160298,positive_cross,toward_S1,3.0149725159121785
3,miata,2024-03-29 20:28:22+00:00,40.288622,-88.126162,16.13173820225736,1081.0,-11.00803656860327,rs3,10.457071738327555,35.50633355022251,25.04926181189495,3,10.457071738327555,44.47240435494084,34.015332616613286,26.33125891160298,positive_cross,toward_S1,2.81111998686397
3,miata,2024-03-29 20:28:23+00:00,40.288721,-88.12616,5.122171590014021,1082.0,-11.00956661224334,rs3,20.972715463111488,33.49490308375249,12.522187620641002,3,20.972715463111488,33.49490308375249,12.522187620641002,26.33125891160298,positive_cross,toward_S1,2.6072391236742787
3,miata,2024-03-29 20:28:24+00:00,40.288824,-88.126159,-6.330572312612457,1083.0,-11.452743902626477,rs6,22.125442539050017,32.27833849082151,10.152895951771495,2,22.125442539050017,32.27833849082151,10.152895951771495,-27.632700444717127,positive_cross,toward_S1,2.3944838542982345
3,miata,2024-03-29 20:28:25+00:00,40.288929,-88.126157,-18.007199926318208,1084.0,-11.676627613705751,rs6,10.701572505009757,32.60754350472081,21.90597099971105,2,10.701572505009757,43.876897485156285,33.17532498014653,-27.632700444717127,positive_cross,toward_S1,2.17825000959998
3,miata,2024-03-29 20:28:26+00:00,40.289035,-88.126154,-29.79653441544135,1085.0,-11.789334489123142,rs6,3.4891944799952697,31.493527365740874,28.004332885745605,2,3.4891944799952697,49.762814902537315,46.273620422542045,-27.632700444717127,positive_cross,toward_S1,1.959929000542144
3,miata,2024-03-29 20:28:27+00:00,40.289142,-88.126151,-41.6970457386682,1086.0,-11.900511323226851,rs6,13.818793068099644,34.66543661347413,20.846643545374484,2,13.818793068099644,37.866136829549966,24.04734376145032,-27.632700444717127,positive_cross,toward_S1,1.7395491612231282
3,miata,2024-03-29 20:28:28+00:00,40.289245,-88.12615,-53.14978964208463,1087.0,-11.452743903416426,rs6,25.132222303291286,26.43346472376489,1.3012424204736028,2,25.132222303291286,26.43346472376489,1.3012424204736028,-27.632700444717127,positive_cross,toward_S1,1.5274613111598612
3,miata,2024-03-29 20:28:29+00:00,40.289342,-88.126151,-63.93241245750498,1088.0,-10.782622815420353,rs8,15.722254141957649,31.573406964280785,15.851152822323137,1,15.722254141957649,35.88246070751479,20.16020656555714,-78.92951005359993,positive_cross,toward_S1,1.2777240295573138
3,miata,2024-03-29 20:28:30+00:00,40.289428,-88.126155,-73.4874999754669,1089.0,-9.555087517961923,rs8,6.550198028478577,28.004603947129066,21.45440591865049,1,6.550198028478577,45.44676596073297,38.89656793225439,-78.92951005359993,positive_cross,toward_S1,1.1007779644098707
3,miata,2024-03-29 20:28:31+00:00,40.289504,-88.126157,-81.93387924287524,1090.0,-8.446379267408332,rs8,3.758597620038199,27.494809399020145,23.736211778981946,1,3.758597620038199,53.892829918068614,50.13423229803041,-78.92951005359993,positive_cross,toward_S1,0.9443635335319387
3,miata,2024-03-29 20:28:32+00:00,40.289563,-88.126158,-88.49178238210366,1091.0,-6.557903139228429,rs8,9.491439965675001,28.898594433636305,19.407154467961305,1,9.491439965675001,60.44867025722731,50.957230291552314,-78.92951005359993,positive_cross,toward_S1,0.8229208828054864
3,miata,2024-03-29 20:28:33+00:00,40.28961,-88.126158,-93.71709356127914,1092.0,-5.225311179175478,rs8,14.554836996023436,31.04049999406432,16.485662998040883,1,14.554836996023436,65.66856649059972,51.113729494576276,-78.92951005359993,positive_cross,toward_S1,0.7261558609689034
3,miata,2024-03-29 20:28:34+00:00,40.289649,-88.126164,-98.04380981353195,1093.0,-4.326716252252808,rs8,18.91027749832852,32.925205254896646,14.014927756568127,1,18.91027749832852,70.0276187982142,51.11734129988569,-78.92951005359993,positive_cross,toward_S1,0.6460314859271847
3,miata,2024-03-29 20:28:35+00:00,40.289682,-88.126205,-101.64991356446677,1094.0,-3.606103750934821,rs8,23.313875647277026,32.63260545720176,9.318729809924736,1,23.313875647277026,73.96001018819112,50.64613454091409,-78.92951005359993,positive_cross,toward_S1,0.5792517868357991
3,miata,2024-03-29 20:28:36+00:00,40.2897,-88.126261,-103.5654141686025,1095.0,-1.9155006041357296,rs8,26.924058651581984,31.02052274930014,4.096464097718158,1,26.924058651581984,76.56227046843665,49.638211816854664,-78.92951005359993,positive_cross,toward_S1,0.5437795534258782
3,miata,2024-03-29 20:28:37+00:00,40.289701,-88.126322,-103.58325838649378,1096.0,-0.017844217891280323,rs10,28.340210087332938,29.627039687123933,1.2868295997909946,1,28.340210087332938,77.6616000631206,49.32138997578767,-78.92951005359993,negative_cross,ambiguous,0.5434491049464101
3,miata,2024-03-29 20:28:38+00:00,40.289693,-88.126379,-102.60663127370057,1097.0,0.97662711279321,rs10,25.57336066660775,31.958663771868512,6.3853031052607605,1,25.57336066660775,76.37948506450962,50.80612439790187,-78.92951005359993,negative_cross,toward_S4,0.5615347922203584
3,miata,2024-03-29 20:28:39+00:00,40.28966,-88.126426,-98.86588374971612,1098.0,3.740747523984453,rs10,20.942950337455798,32.420575654027395,11.477625316571597,1,20.942950337455798,72.19098697322411,51.248036635768315,-78.92951005359993,negative_cross,toward_S4,0.6308078945163669
3,miata,2024-03-29 20:28:40+00:00,40.289606,-88.126446,-92.83173387824037,1099.0,6.034149871475748,rs10,14.717072340686919,30.643498768844104,15.926426428157185,1,14.717072340686919,66.03639474387485,51.31932240318793,-78.92951005359993,negative_cross,toward_S4,0.7425514106548066
3,miata,2024-03-29 20:28:41+00:00,40.289541,-88.126441,-85.61288990905867,1100.0,7.218843969181705,rs10,7.905832132386922,27.722185347561627,19.816353215174704,1,7.905832132386922,58.897248864562314,50.991416732175395,-78.92951005359993,negative_cross,toward_S4,0.8762337063803938
3,miata,2024-03-29 20:28:42+00:00,40.289459,-88.126432,-76.51015994031269,1101.0,9.102729968745976,rs10,4.417946355555974,26.28788797785931,21.869941622303337,1,4.417946355555974,49.96856585417858,45.5506194986226,-78.92951005359993,negative_cross,toward_S4,1.0448027798756896
3,miata,2024-03-29 20:28:43+00:00,40.289375,-88.126429,-67.17589604687464,1102.0,9.334263893438049,rs10,12.018531368481996,28.504001323674807,16.485469955192812,1,12.018531368481996,40.81696041918911,28.798429050707114,-78.92951005359993,negative_cross,toward_S4,1.2176595186430608
3,miata,2024-03-29 20:28:44+00:00,40.28928,-88.126426,-56.618686983847226,1103.0,10.557209063027415,rs10,22.270173461989966,30.6000711747044,8.329897712714434,1,22.270173461989966,30.6000711747044,8.329897712714434,-78.92951005359993,negative_cross,toward_S4,1.4131633901806055
3,miata,2024-03-29 20:28:45+00:00,40.289176,-88.126431,-45.04864607560787,1104.0,11.570040908239356,rs7,19.548464530930744,31.72593316996955,12.177468639038807,2,19.548464530930744,33.62653700668716,14.078072475756414,-27.632700444717127,negative_cross,toward_S4,1.677482488316838
3,miata,2024-03-29 20:28:46+00:00,40.289067,-88.126442,-32.913540742756915,1105.0,12.135105332850955,rs7,9.04560848099131,28.006723674719964,18.961115193728652,2,9.04560848099131,45.61085137925905,36.56524289826774,-27.632700444717127,negative_cross,toward_S4,1.9022066611474113
3,miata,2024-03-29 20:28:47+00:00,40.288964,-88.126453,-21.445496410578418,1106.0,11.468044332178497,rs7,8.315720587837115,29.139473755757983,20.82375316792087,2,8.315720587837115,49.22362824197132,40.907907654134206,-27.632700444717127,negative_cross,toward_S4,2.11457785248405
3,miata,2024-03-29 20:28:48+00:00,40.288866,-88.126459,-10.54098646092961,1107.0,10.904509949648808,rs7,17.505897516443593,33.6736118912502,16.167714374806604,2,17.505897516443593,38.454819236752904,20.94892172030931,-27.632700444717127,negative_cross,toward_S4,2.316513221921991
3,miata,2024-03-29 20:28:49+00:00,40.288773,-88.12647,-0.1847104650484311,1108.0,10.356275995881179,rs7,27.341073328258013,28.208431522737143,0.8673581944791309,2,27.341073328258013,28.208431522737143,0.8673581944791309,-27.632700444717127,negative_cross,toward_S4,2.5082961107346056
3,miata,2024-03-29 20:28:50+00:00,40.288684,-88.126477,9.72073802448866,1109.0,9.905448489537092,rs5,18.663069657673656,35.056110056186824,16.39304039851317,3,18.663069657673656,37.067164217603185,18.40409455992953,26.33125891160298,negative_cross,toward_S4,2.692397761349735
3,miata,2024-03-29 20:28:51+00:00,40.288594,-88.126484,19.737363348151206,1110.0,10.016625323662545,rs5,9.79722030801376,32.197584329192395,22.400364021178635,3,9.79722030801376,46.984234222336845,37.18701391432309,26.33125891160298,negative_cross,toward_S4,2.877890822899041
3,miata,2024-03-29 20:28:52+00:00,40.288504,-88.126498,29.764698971916747,1111.0,10.027335623765541,rs5,6.158611725426173,32.92545726888208,26.766845543455904,3,6.158611725426173,51.85497571172753,45.696363986301364,26.33125891160298,negative_cross,toward_S4,3.063582223339144
3,miata,2024-03-29 20:28:53+00:00,40.288411,-88.126511,40.12403505354165,1112.0,10.3593360816249,rs5,13.875147282289246,36.58063161484831,22.70548433255906,3,13.875147282289246,41.45307910482811,27.577931822538865,26.33125891160298,negative_cross,toward_S4,3.2554217804062717
3,miata,2024-03-29 20:28:54+00:00,40.288316,-88.126517,50.695014502480994,1113.0,10.570979448939347,rs5,24.047577817800004,30.88825291814133,6.8406751003413255,3,24.047577817800004,30.88825291814133,6.8406751003413255,26.33125891160298,negative_cross,toward_S4,3.451180659090334
3,miata,2024-03-29 20:28:55+00:00,40.288222,-88.126518,61.14716690370381,1114.0,10.452152401222818,rs2,20.51064859492488,34.398802217437726,13.888153622512846,4,20.51064859492488,34.398802217437726,13.888153622512846,80.2309515867141,negative_cross,toward_S4,3.646596579944254
3,miata,2024-03-29 20:28:56+00:00,40.288133,-88.126519,71.043435135988,1115.0,9.896268232284193,rs2,10.823014181843627,35.40457755678365,24.581563374940025,4,10.823014181843627,44.244322473142304,33.42130829129868,80.2309515867141,negative_cross,toward_S4,3.8298608064680355
3,miata,2024-03-29 20:28:57+00:00,40.288053,-88.126518,79.93605178112486,1116.0,8.892616645136854,rs2,3.5457600287704674,34.26124501606198,30.71548498729151,4,3.5457600287704674,53.12256723246363,49.576807203693164,80.2309515867141,negative_cross,toward_S4,3.9945388924890883
3,miata,2024-03-29 20:28:58+00:00,40.287979,-88.126494,88.12641643784788,1117.0,8.19036465672302,rs2,8.581555364803474,33.33384946767793,24.752294102874455,4,8.581555364803474,61.494229091365376,52.912673726561906,80.2309515867141,negative_cross,toward_S4,4.146212312058033
3,miata,2024-03-29 20:28:59+00:00,40.287929,-88.126525,93.7326894469126,1118.0,5.606273009064722,rs2,12.614067831308907,37.595041988009086,24.980974156700178,4,12.614067831308907,66.8560449217246,54.241977090415695,80.2309515867141,negative_cross,toward_S4,4.250032182596269
3,miata,2024-03-29 20:29:00+00:00,40.287886,-88.126477,98.43985123320833,1119.0,4.707161786295728,rs2,18.386310427500117,36.10765264008881,17.72134221258869,4,18.386310427500117,71.92975378317495,53.543443355674825,80.2309515867141,negative_cross,toward_S4,4.337201845305449
3,miata,2024-03-29 20:29:01+00:00,40.287862,-88.126423,101.02547292457191,1120.0,2.5856216913635848,rs2,22.782836830630124,33.92045192086161,11.137615090231485,4,22.782836830630124,75.17008539384315,52.38724856321303,80.2309515867141,negative_cross,toward_S4,4.385083728478849
3,miata,2024-03-29 20:29:02+00:00,40.287849,-88.126363,102.37896918825984,1121.0,1.35349626368793,rs2,26.8190151998865,31.21152818146967,4.39251298158317,4,26.8190151998865,77.54818226305457,50.72916706316807,80.2309515867141,negative_cross,toward_S4,4.410148474102699
3,miata,2024-03-29 20:29:03+00:00,40.287851,-88.126299,102.05869277680432,1122.0,-0.32027641145552366,rs1,27.644516913831897,30.286484024159222,2.6419671103273252,4,27.644516913831897,77.82099369650405,50.176476782672154,80.2309515867141,positive_cross,ambiguous,4.404217429446115
3,miata,2024-03-29 20:29:04+00:00,40.287871,-88.126245,99.75253378970191,1123.0,-2.306158987102407,rs1,23.349346981964278,32.39771382081997,9.048366838855696,4,23.349346981964278,74.81877006763943,51.46942308567516,80.2309515867141,positive_cross,toward_S1,4.361510781536811
3,miata,2024-03-29 20:29:05+00:00,40.287908,-88.126211,95.58696948905015,1124.0,-4.165564300651766,rs1,18.366682631049734,32.749471824564,14.382789193514263,4,18.366682631049734,70.35132972454987,51.984647093500136,80.2309515867141,positive_cross,toward_S1,4.284370701895112
3,miata,2024-03-29 20:29:06+00:00,40.287955,-88.126188,90.3264673245249,1125.0,-5.260502164525249,rs1,12.831879678650694,32.627438786859976,19.795559108209282,4,12.831879678650694,64.94172578696977,52.109846108319076,80.2309515867141,positive_cross,toward_S1,4.186953995144645
3,miata,2024-03-29 20:29:07+00:00,40.288013,-88.126183,83.87056076135734,1126.0,-6.455906563167559,rs1,7.525291947843153,31.796320994360812,24.27102904651766,4,7.525291947843153,58.48069965280529,50.95540770496214,80.2309515867141,positive_cross,toward_S1,4.067400169900801
3,miata,2024-03-29 20:29:08+00:00,40.288083,-88.126179,76.0820622381368,1127.0,-7.7884985232205395,rs1,6.280673655783355,32.35174203710344,26.07106838132009,4,6.280673655783355,50.70328410291113,44.422610447127774,80.2309515867141,positive_cross,toward_S1,3.923168715767087
3,miata,2024-03-29 20:29:09+00:00,40.288166,-88.126177,66.85132496444314,1128.0,-9.230737273693663,rs1,13.37534718997257,35.08929305113279,21.71394586116022,4,13.37534718997257,41.519360251977254,28.14401306200468,80.2309515867141,positive_cross,toward_S1,3.752229136624612
3,miata,2024-03-29 20:29:10+00:00,40.288256,-88.126173,56.83928976941791,1129.0,-10.012035195025227,rs1,22.83037119246339,31.5677010885916,8.737329896128212,4,22.83037119246339,31.5677010885916,8.737329896128212,80.2309515867141,positive_cross,toward_S1,3.566821077457478
3,miata,2024-03-29 20:29:11+00:00,40.288348,-88.126169,46.60490090699697,1130.0,-10.234388862420943,rs3,21.458679638027352,32.8422324180998,11.383552780072446,3,21.458679638027352,32.8422324180998,11.383552780072446,26.33125891160298,positive_cross,toward_S1,3.3754378147295183
3,miata,2024-03-29 20:29:12+00:00,40.288441,-88.126163,36.25627512549683,1131.0,-10.34862578150014,rs3,11.41172207071937,35.29220096228303,23.880478891563662,3,11.41172207071937,43.055050213581346,31.643328142861975,26.33125891160298,positive_cross,toward_S1,3.1837965965535897
3,miata,2024-03-29 20:29:13+00:00,40.288534,-88.126156,25.906119301103075,1132.0,-10.350155824393752,rs3,3.7227844768234086,34.49255841725421,30.7697739404308,3,3.7227844768234086,53.317637933144184,49.59485345632078,26.33125891160298,positive_cross,toward_S1,2.992127044250002
3,miata,2024-03-29 20:29:14+00:00,40.288628,-88.126151,15.447846728371072,1133.0,-10.458272572732003,rs3,10.749296475192025,36.59491389775566,25.845617422563635,3,10.749296475192025,43.737113478935335,32.98781700374331,26.33125891160298,positive_cross,toward_S1,2.79845532994015
3,miata,2024-03-29 20:29:15+00:00,40.288724,-88.126148,4.770280574777039,1134.0,-10.677566153594032,rs3,21.12999984761423,33.06822703525488,11.93822718764065,3,21.12999984761423,33.06822703525488,11.93822718764065,26.33125891160298,positive_cross,toward_S1,2.6007226233921124
3,miata,2024-03-29 20:29:16+00:00,40.288821,-88.126149,-6.012342240643315,1135.0,-10.782622815420353,rs6,22.337961769663963,31.85289723111351,9.514935461449546,2,22.337961769663963,31.85289723111351,9.514935461449546,-27.632700444717127,positive_cross,toward_S1,2.4003770037791448
3,miata,2024-03-29 20:29:17+00:00,40.288919,-88.126151,-16.904611847295516,1136.0,-10.892269606652201,rs6,11.628899931006218,33.43393924149026,21.80503931048404,2,11.628899931006218,42.726691555301976,31.09779162429576,-27.632700444717127,positive_cross,toward_S1,2.1986683073596596
3,miata,2024-03-29 20:29:18+00:00,40.289015,-88.126155,-27.57146770076481,1137.0,-10.666855853469293,rs6,3.2294572172178717,31.332389883726808,28.102932666508938,2,3.2294572172178717,51.98875820090952,48.75930098369165,-27.632700444717127,positive_cross,toward_S1,2.0011339397028207
3,miata,2024-03-29 20:29:19+00:00,40.289108,-88.126155,-37.91091322501207,1138.0,-10.339445524247257,rs6,10.247097860067823,32.98524448839384,22.738146628326014,2,10.247097860067823,41.66167004723425,31.414572187166428,-27.632700444717127,positive_cross,toward_S1,1.8096627262908345
3,miata,2024-03-29 20:29:20+00:00,40.289204,-88.126151,-48.5900094214997,1139.0,-10.679096196487635,rs6,20.616830697768183,30.98600358843861,10.369172890670427,2,20.616830697768183,30.98600358843861,10.369172890670427,-27.632700444717127,positive_cross,toward_S1,1.6119016856151376
3,miata,2024-03-29 20:29:21+00:00,40.289299,-88.126153,-59.14874852739896,1140.0,-10.558739105899257,rs8,20.484608420354196,31.132869353442874,10.648260933088679,1,20.484608420354196,31.132869353442874,10.648260933088679,-78.92951005359993,positive_cross,toward_S1,1.3663103986333514
3,miata,2024-03-29 20:29:22+00:00,40.289383,-88.126156,-68.48301242083706,1141.0,-9.334263893438099,rs8,11.327755949358934,29.295193454320465,17.96743750496153,1,11.327755949358934,40.46204773352161,29.134291784162674,-78.92951005359993,positive_cross,toward_S1,1.193453659865979
3,miata,2024-03-29 20:29:23+00:00,40.289461,-88.126158,-77.15174535566281,1142.0,-8.668732934825755,rs8,3.724291187817047,27.286029982312247,23.5617387944952,1,3.724291187817047,49.126048948811466,45.40175776099442,-78.92951005359993,positive_cross,toward_S1,1.032921568480317
3,miata,2024-03-29 20:29:24+00:00,40.289526,-88.126159,-84.37670949635367,1143.0,-7.224964140690858,rs8,5.761034162914096,27.71094684807228,21.949912685158182,1,5.761034162914096,56.34562545103003,50.58459128811594,-78.92951005359993,positive_cross,toward_S1,0.899125936245301
3,miata,2024-03-29 20:29:25+00:00,40.289581,-88.126157,-90.49449542936276,1144.0,-6.117785933009088,rs8,11.391728505691736,29.70635708941609,18.314628583724357,1,11.391728505691736,62.443027060563786,51.05129855487205,-78.92951005359993,positive_cross,toward_S1,0.7858336041525402
3,miata,2024-03-29 20:29:26+00:00,40.289626,-88.126155,-95.50051302688625,1145.0,-5.0060175975234955,rs8,16.258580304975656,32.149906459514106,15.89132615453845,1,16.258580304975656,67.43337002075168,51.17478971577603,-78.92951005359993,positive_cross,toward_S1,0.6931295745687718
3,miata,2024-03-29 20:29:27+00:00,40.289668,-88.126184,-100.12556879452048,1146.0,-4.6250557676342225,rs8,21.33490996721595,32.8937605455509,11.558850578334948,1,21.33490996721595,72.25014403161836,50.91523406440241,-78.92951005359993,positive_cross,toward_S1,0.6074803936866565
3,miata,2024-03-29 20:29:28+00:00,40.289696,-88.126233,-103.16354803428833,1147.0,-3.03797923976785,rs8,25.56883816446484,32.15322103663112,6.584382872166284,1,25.56883816446484,75.77966704991498,50.21082888545014,-78.92951005359993,positive_cross,toward_S1,0.5512215188761407
3,miata,2024-03-29 20:29:29+00:00,40.289707,-88.126291,-104.29775071711424,1148.0,-1.134202682825915,rs8,28.794492212401014,30.232179396587455,1.4376871841864407,1,28.794492212401014,77.7721322130501,48.97764000064909,-78.92951005359993,positive_cross,toward_S1,0.5302177654904756
3,miata,2024-03-29 20:29:30+00:00,40.289705,-88.126349,-103.98665456288985,1149.0,0.3110961542243871,rs10,27.746089102250355,31.33718546251739,3.5910963602670343,1,27.746089102250355,78.14125741307677,50.39516831082642,-78.92951005359993,negative_cross,ambiguous,0.5359788053835199
3,miata,2024-03-29 20:29:31+00:00,40.289681,-88.1264,-101.24037837037977,1150.0,2.7462761925100807,rs10,23.75542856993767,32.26170415707016,8.506275587132492,1,23.75542856993767,74.79062253282781,51.03519396289014,-78.92951005359993,negative_cross,toward_S4,0.5868357719114843
3,miata,2024-03-29 20:29:32+00:00,40.289638,-88.126433,-96.40928311034749,1151.0,4.831095260032285,rs10,18.425606099385327,31.478684307295786,13.05307820791046,1,18.425606099385327,69.69245803960749,51.26685194022216,-78.92951005359993,negative_cross,toward_S4,0.6763004989491193
3,miata,2024-03-29 20:29:33+00:00,40.28958,-88.126444,-89.94419629071697,1152.0,6.465086819630514,rs10,11.93182788366302,29.295640515058004,17.363812631394985,1,11.93182788366302,63.17792288408146,51.24609500041844,-78.92951005359993,negative_cross,toward_S4,0.7960243289422769
3,miata,2024-03-29 20:29:34+00:00,40.289518,-88.126443,-83.05276265077907,1153.0,6.891433639937901,rs10,5.572072989965574,27.3960267801019,21.823953790136326,1,5.572072989965574,56.337336402129665,50.76526341216409,-78.92951005359993,negative_cross,toward_S4,0.9236434704226084
3,miata,2024-03-29 20:29:35+00:00,40.28945,-88.12644,-75.49732809510073,1154.0,7.555434555678346,rs10,4.401803197659395,27.07603624227011,22.674233044610716,1,4.401803197659395,48.876225225448934,44.47442202778954,-78.92951005359993,negative_cross,toward_S4,1.0635589251573925
3,miata,2024-03-29 20:29:36+00:00,40.289371,-88.126439,-66.7158882840676,1155.0,8.781439811033124,rs10,12.172533967108857,29.46069256200835,17.288158594899492,1,12.172533967108857,40.219678646931044,28.04714467982219,-78.92951005359993,negative_cross,toward_S4,1.2261781809172652
3,miata,2024-03-29 20:29:37+00:00,40.289286,-88.12644,-57.264327385038406,1156.0,9.451560899029197,rs10,21.401462154550124,30.94679848053289,9.545336325982767,1,21.401462154550124,30.94679848053289,9.545336325982767,-78.92951005359993,negative_cross,toward_S4,1.401207086454843
3,miata,2024-03-29 20:29:38+00:00,40.289196,-88.126441,-47.25688231865048,1157.0,10.007445066387923,rs7,21.304965933604137,31.32087129492496,10.015905361320822,2,21.304965933604137,31.32087129492496,10.015905361320822,-27.632700444717127,negative_cross,toward_S4,1.6365892245567897
3,miata,2024-03-29 20:29:39+00:00,40.289107,-88.126446,-37.35449391485711,1158.0,9.902388403793374,rs7,12.172124561701454,29.480272936138896,17.308148374437444,2,12.172124561701454,41.14900309212559,28.976878530424138,-27.632700444717127,negative_cross,toward_S4,1.8199667875900003
3,miata,2024-03-29 20:29:40+00:00,40.289019,-88.126451,-27.563282344377477,1159.0,9.791211570479632,rs7,6.232564175973602,28.28694948417365,22.054385308200047,2,6.232564175973602,50.89703082165322,44.66446664567962,-27.632700444717127,negative_cross,toward_S4,2.00128552037666
3,miata,2024-03-29 20:29:41+00:00,40.288933,-88.126457,-17.99289439765349,1160.0,9.570387946723987,rs7,10.788766141548386,30.392230320141163,19.603464178592777,2,10.788766141548386,45.7746298802465,34.985863738698114,-27.632700444717127,negative_cross,toward_S4,2.1785149267974746
3,miata,2024-03-29 20:29:42+00:00,40.288847,-88.126465,-8.419446365185786,1161.0,9.573448032467704,rs7,19.383714486268456,35.22374722189284,15.840032735624387,2,19.383714486268456,36.28111319544294,16.897398709174485,-27.632700444717127,negative_cross,toward_S4,2.355801001472803
3,miata,2024-03-29 20:29:43+00:00,40.288762,-88.12648,1.053535133324701,1162.0,9.472981498510487,rs5,26.801402473945068,28.423232606155285,1.621830132210217,3,26.801402473945068,28.423232606155285,1.621830132210217,26.33125891160298,negative_cross,toward_S4,2.5318940041059577
3,miata,2024-03-29 20:29:44+00:00,40.288679,-88.126494,10.302632921524133,1163.0,9.249097788199432,rs5,17.62521305454017,36.08730560669194,18.462092552151773,3,17.62521305454017,37.49365360487655,19.86844055033638,26.33125891160298,negative_cross,toward_S4,2.7031735927763174
3,miata,2024-03-29 20:29:45+00:00,40.28859,-88.126505,20.214201583360357,1164.0,9.911568661836224,rs5,8.320544141738047,33.86330447008932,25.54276032835127,3,8.320544141738047,47.332895820729775,39.01235167899173,26.33125891160298,negative_cross,toward_S4,2.8867211605880994
3,miata,2024-03-29 20:29:46+00:00,40.2885,-88.126517,30.238477121403932,1165.0,10.024275538043575,rs5,5.0592181870826165,34.57716628110029,29.517948094017672,3,5.0592181870826165,51.28265043942319,46.22343225234058,26.33125891160298,negative_cross,toward_S4,3.0723558927740915
3,miata,2024-03-29 20:29:47+00:00,40.288405,-88.126524,40.81098661319339,1166.0,10.57250949178946,rs5,14.216895369731779,37.85498837123847,23.63809300150669,3,14.216895369731779,40.69996210511587,26.483066735384092,26.33125891160298,negative_cross,toward_S4,3.2681431055850076
3,miata,2024-03-29 20:29:48+00:00,40.288311,-88.126524,51.2616089707544,1167.0,10.45062235756101,rs5,24.510466739804087,30.27620499691641,5.7657382571123215,3,24.510466739804087,30.27620499691641,5.7657382571123215,26.33125891160298,negative_cross,toward_S4,3.461673149243545
3,miata,2024-03-29 20:29:49+00:00,40.288216,-88.126521,61.818818033781795,1168.0,10.557209063027393,rs2,19.81205515405253,35.03571067775991,15.223655523707379,4,19.81205515405253,35.03571067775991,15.223655523707379,80.2309515867141,negative_cross,toward_S4,3.659034563834587
3,miata,2024-03-29 20:29:50+00:00,40.288123,-88.126521,72.15826355802905,1169.0,10.339445524247253,rs2,9.710816117650127,35.31685057270719,25.606034455057063,4,9.710816117650127,45.33931112728709,35.628495009636964,80.2309515867141,negative_cross,toward_S4,3.850505777246573
3,miata,2024-03-29 20:29:51+00:00,40.288033,-88.126523,82.16723866731057,1170.0,10.008975109281522,rs2,2.911308810001647,34.77592954000696,31.864620730005317,4,2.911308810001647,55.31437258713731,52.403063777135664,80.2309515867141,negative_cross,toward_S4,4.035857168159194
3,miata,2024-03-29 20:29:52+00:00,40.28796,-88.126527,90.28926769124058,1171.0,8.122029023930011,rs2,9.223570117699655,36.605344931087,27.38177481338734,4,9.223570117699655,63.403859852031495,54.180289734331836,80.2309515867141,negative_cross,toward_S4,4.186265113046787
3,miata,2024-03-29 20:29:53+00:00,40.287904,-88.126504,96.47997938646995,1172.0,6.190711695229368,rs2,15.7487404672144,37.127706464364884,21.378965997150484,4,15.7487404672144,69.73780367532126,53.989063208106856,80.2309515867141,negative_cross,toward_S4,4.300907922217701
3,miata,2024-03-29 20:29:54+00:00,40.287868,-88.126462,100.41808359447418,1173.0,3.9381042080042334,rs2,20.719757596994395,36.147215071101144,15.427457474106749,4,20.719757596994395,74.0576155850384,53.33785798804401,80.2309515867141,negative_cross,toward_S4,4.373835777921483
3,miata,2024-03-29 20:29:55+00:00,40.287845,-88.126407,102.89099840963044,1174.0,2.4729148151562583,rs2,25.0990971581377,34.15197827213933,9.052881114001632,4,25.0990971581377,77.2581277606271,52.15903060248941,80.2309515867141,negative_cross,toward_S4,4.419630496720673
3,miata,2024-03-29 20:29:56+00:00,40.287841,-88.126342,103.23625295674377,1175.0,0.3452545471133277,rs2,28.62505971827423,30.721634420155997,2.0965747018817673,4,28.62505971827423,78.82056555135046,50.195505833076226,80.2309515867141,negative_cross,ambiguous,4.4260240994449935
3,miata,2024-03-29 20:29:57+00:00,40.28785,-88.126285,102.14844901063684,1176.0,-1.0878039461069307,rs1,27.082457839106436,31.22801304029241,4.145555201185974,4,27.082457839106436,77.6970287672521,50.61457092814567,80.2309515867141,positive_cross,toward_S1,4.405879581924495
3,miata,2024-03-29 20:29:58+00:00,40.28787,-88.126239,99.85453036655274,1177.0,-2.2939186440841013,rs1,23.210659834476875,32.877588499574685,9.66692866509781,4,23.210659834476875,74.85387275216439,51.64321291768752,80.2309515867141,positive_cross,toward_S1,4.363399607034049
3,miata,2024-03-29 20:29:59+00:00,40.287902,-88.126206,96.2463802761315,1178.0,-3.6081500904212334,rs1,18.786141721387423,33.43017482029984,14.644033098912416,4,18.786141721387423,70.96515330927006,52.17901158788264,80.2309515867141,positive_cross,toward_S1,4.296582012766989
3,miata,2024-03-29 20:30:00+00:00,40.287942,-88.126183,91.76411594638243,1179.0,-4.482264329749071,rs1,13.928600447840449,33.47576272569707,19.547162277856618,4,13.928600447840449,66.34095945870023,52.412359010859774,80.2309515867141,positive_cross,toward_S1,4.213577117771636
3,miata,2024-03-29 20:30:01+00:00,40.287995,-88.126181,85.86868368000086,1180.0,-5.895432266381576,rs1,8.814945438277498,32.21438758018427,23.399442141906775,4,8.814945438277498,60.45591422387723,51.64096878559973,80.2309515867141,positive_cross,toward_S1,4.104402446171977
3,miata,2024-03-29 20:30:02+00:00,40.288053,-88.126187,79.42960758925715,1181.0,-6.439076090743711,rs1,6.183925407382291,31.34973128484108,25.16580587745879,4,6.183925407382291,54.09587310880664,47.91194770142435,80.2309515867141,positive_cross,toward_S1,3.98516029634339
3,miata,2024-03-29 20:30:03+00:00,40.288119,-88.126185,72.088876485847,1182.0,-7.34073110341015,rs1,9.254930893101983,32.691637057868576,23.43670616476659,4,9.254930893101983,46.790846317611695,37.53591542450971,80.2309515867141,positive_cross,toward_S1,3.849220831465424
3,miata,2024-03-29 20:30:04+00:00,40.288193,-88.126184,63.860260757197075,1183.0,-8.22861572864992,rs1,16.379441943731177,35.87011992769976,19.490677983968585,4,16.379441943731177,38.63392934118837,22.254487397457194,80.2309515867141,positive_cross,toward_S1,3.696839058712648
3,miata,2024-03-29 20:30:05+00:00,40.288271,-88.126183,55.18693769373399,1184.0,-8.673323063463087,rs1,24.648199587256563,30.08084880697257,5.432649219716005,4,24.648199587256563,30.08084880697257,5.432649219716005,80.2309515867141,positive_cross,toward_S1,3.536221964944813
3,miata,2024-03-29 20:30:06+00:00,40.288356,-88.126179,45.73078666685742,1185.0,-9.456151026876569,rs3,20.8074753754395,33.85072253999257,13.043247164553069,3,20.8074753754395,33.85072253999257,13.043247164553069,26.33125891160298,positive_cross,toward_S1,3.3592505139861935
3,miata,2024-03-29 20:30:07+00:00,40.288439,-88.126173,36.4939292216546,1186.0,-9.236857445202823,rs3,11.958736187757966,34.54226747770808,22.583531289950116,3,11.958736187757966,42.92395251034824,30.96521632259028,26.33125891160298,positive_cross,toward_S1,3.1881975983342894
3,miata,2024-03-29 20:30:08+00:00,40.288525,-88.126166,26.922011232058747,1187.0,-9.57191798959585,rs3,4.725693305507753,33.643893348188385,28.91820004268063,3,4.725693305507753,52.38321152667137,47.65751822116361,26.33125891160298,positive_cross,toward_S1,3.010939857786218
3,miata,2024-03-29 20:30:09+00:00,40.288611,-88.126163,17.35621341397207,1188.0,-9.565797818086676,rs3,9.389618540605024,35.088963181316004,25.69934464071098,3,9.389618540605024,45.69868762544473,36.309069084839706,26.33125891160298,positive_cross,toward_S1,2.833795453747576
3,miata,2024-03-29 20:30:10+00:00,40.288701,-88.12616,7.345708261818704,1189.0,-10.010505152153367,rs3,18.795097866025277,35.70736249461888,16.9122646285936,3,18.795097866025277,35.70736249461888,16.9122646285936,26.33125891160298,positive_cross,toward_S1,2.6484157287076986
3,miata,2024-03-29 20:30:11+00:00,40.28879,-88.126159,-2.5505599704655,1190.0,-9.896268232284203,rs6,25.866147990940895,28.529157725051228,2.6630097341103323,2,25.866147990940895,28.529157725051228,2.6630097341103323,-27.632700444717127,positive_cross,toward_S1,2.4644840828565115
3,miata,2024-03-29 20:30:12+00:00,40.288879,-88.126159,-12.445298160667805,1191.0,-9.894738190202306,rs6,16.114863578137737,34.50214850131388,18.387284923176146,2,16.114863578137737,38.35670820724153,22.241844629103795,-27.632700444717127,positive_cross,toward_S1,2.281248190445358
3,miata,2024-03-29 20:30:13+00:00,40.288966,-88.126159,-22.11768268345266,1192.0,-9.672384522784855,rs6,6.996333148298065,31.474357356041192,24.478024207743125,2,6.996333148298065,47.99186693811729,40.99553378981923,-27.632700444717127,positive_cross,toward_S1,2.1021299585419344
3,miata,2024-03-29 20:30:14+00:00,40.289053,-88.126161,-31.78700712049379,1193.0,-9.66932443704113,rs6,5.167792632250086,31.10722602380165,25.939433391551567,2,5.167792632250086,47.79929333559652,42.63150070334644,-27.632700444717127,positive_cross,toward_S1,1.9230683948930247
3,miata,2024-03-29 20:30:15+00:00,40.289146,-88.126158,-42.131042773356626,1194.0,-10.344035652862836,rs6,14.384380391387964,34.30981101042865,19.92543061904069,2,14.384380391387964,37.463663215588404,23.07928282420044,-27.632700444717127,positive_cross,toward_S1,1.7315121790992685
3,miata,2024-03-29 20:30:16+00:00,40.289242,-88.126154,-52.81013896984425,1195.0,-10.679096196487627,rs6,24.840477717399548,26.796491760306832,1.9560140429072845,2,24.840477717399548,26.796491760306832,1.9560140429072845,-27.632700444717127,positive_cross,toward_S1,1.5337511384235718
3,miata,2024-03-29 20:30:17+00:00,40.28934,-88.126152,-63.7085287479839,1196.0,-10.898389778139645,rs8,15.954887959093073,31.604599197068797,15.649711237975724,1,15.954887959093073,35.66754929361396,19.712661334520888,-78.92951005359993,positive_cross,toward_S1,1.2818700241780747
3,miata,2024-03-29 20:30:18+00:00,40.28943,-88.126154,-73.71138368575625,1197.0,-10.002854937772348,rs8,6.3124819611437655,28.046366639150822,21.73388467800706,1,6.3124819611437655,45.66286192056176,39.35037995941799,-78.92951005359993,positive_cross,toward_S1,1.096631969774883
3,miata,2024-03-29 20:30:19+00:00,40.289503,-88.126157,-81.82270240956149,1198.0,-8.11131872380524,rs8,3.686480950795078,27.48247819488358,23.7959972440885,1,3.686480950795078,53.78181818614231,50.09533723534723,-78.92951005359993,positive_cross,toward_S1,0.9464223637784897
3,miata,2024-03-29 20:30:20+00:00,40.289558,-88.126156,-87.93895829972047,1199.0,-6.116255890158982,rs8,8.910081180128733,28.87834254985224,19.968261369723507,1,8.910081180128733,59.88397040652593,50.9738892263972,-78.92951005359993,positive_cross,toward_S1,0.8331583658125825
3,miata,2024-03-29 20:30:21+00:00,40.289597,-88.126154,-92.27791489575982,1200.0,-4.338956596039353,rs8,13.070281352156853,30.67790939914502,17.607628046988168,1,13.070281352156853,64.20742183674277,51.13714048458591,-78.92951005359993,positive_cross,toward_S1,0.7528073177377798
3,miata,2024-03-29 20:30:22+00:00,40.289634,-88.126153,-96.39298778150982,1201.0,-4.115072885749996,rs8,17.11142782992461,32.76334965337628,15.65192182345167,1,17.11142782992461,68.31453752970661,51.203109699782004,-78.92951005359993,positive_cross,toward_S1,0.676602264297965
3,miata,2024-03-29 20:30:23+00:00,40.289671,-88.126172,-100.47745980975748,1202.0,-4.08447202824766,rs8,21.44091971948022,33.887380105584036,12.446460386103816,1,21.44091971948022,72.51089620154109,51.069976482060866,-78.92951005359993,positive_cross,toward_S1,0.6009638934044899
3,miata,2024-03-29 20:30:24+00:00,40.289699,-88.1262,-103.54756994992131,1203.0,-3.070110140163834,rs8,25.012831014442746,34.27785723568295,9.265026221240205,1,25.012831014442746,75.80126705470843,50.78843604026569,-78.92951005359993,positive_cross,toward_S1,0.5441100019199744
3,miata,2024-03-29 20:30:25+00:00,40.28972,-88.126236,-105.82720191229059,1204.0,-2.2796319623692796,rs8,28.158084403459107,34.07311549794668,5.915031094487574,1,28.158084403459107,78.45966463100058,50.30158022754147,-78.92951005359993,positive_cross,toward_S1,0.5018945952094321
3,miata,2024-03-29 20:30:26+00:00,40.289739,-88.126274,-107.88142012073052,1205.0,-2.0542182084399343,rs8,31.324228451741085,34.02295769626862,2.6987292445275344,1,31.324228451741085,81.02123099224781,49.69700254050672,-78.92951005359993,positive_cross,toward_S1,0.4638535172753593
3,miata,2024-03-29 20:30:27+00:00,40.289751,-88.126315,-109.15281036652519,1206.0,-1.271390245794663,rs10,33.59315949046381,34.062113239000425,0.4689537485366131,1,33.59315949046381,82.96985691317984,49.37669742271603,-78.92951005359993,negative_cross,toward_S1,0.440309253464347
3,miata,2024-03-29 20:30:28+00:00,40.289741,-88.126362,-107.9691300150766,1207.0,1.1836803514485865,rs10,31.09106431284844,35.21738765873109,4.12632334588265,1,31.09106431284844,81.88306730140745,50.792002988559005,-78.92951005359993,negative_cross,toward_S4,0.4622292599726542
3,miata,2024-03-29 20:30:29+00:00,40.289707,-88.126397,-104.13556617228421,1208.0,3.833563842792387,rs10,26.60777688375131,34.13875496659869,7.53097808284738,1,26.60777688375131,77.68965963966471,51.0818827559134,-78.92951005359993,negative_cross,toward_S4,0.533221182987328
3,miata,2024-03-29 20:30:30+00:00,40.289661,-88.126399,-99.01837174144696,1209.0,5.117194430837259,rs10,21.656829322530058,30.711883476713155,9.055054154183097,1,21.656829322530058,72.60137384658799,50.94454452405793,-78.92951005359993,negative_cross,toward_S4,0.6279840428176476
3,miata,2024-03-29 20:30:31+00:00,40.289625,-88.126359,-95.07720744693079,1210.0,3.9411642945161702,rs10,19.440680884615187,25.545277173366376,6.104596288751189,1,19.440680884615187,69.24967865498942,49.80899777037423,-78.92951005359993,negative_cross,toward_S4,0.7009685667901693
3,miata,2024-03-29 20:30:32+00:00,40.289605,-88.126307,-92.9332330046584,1211.0,2.1439744422723805,rs10,20.45732015877978,20.733752624874608,0.2764324660948283,1,20.45732015877978,66.97907621436559,46.52175605558581,-78.92951005359993,negative_cross,toward_S4,0.7406717972026208
3,miata,2024-03-29 20:30:33+00:00,40.289585,-88.126255,-90.789258562386,1212.0,2.143974442272409,rs8,16.001262017775904,22.536383025059607,6.535121007283703,1,16.001262017775904,63.87120915851914,47.869947140743236,-78.92951005359993,positive_cross,toward_S4,0.7803750276150728
3,miata,2024-03-29 20:30:34+00:00,40.289556,-88.126208,-87.637042402749,1213.0,3.1522161596369926,rs8,10.926435888850314,24.649920294606318,13.723484405756004,1,10.926435888850314,60.06452261506867,49.138086726218354,-78.92951005359993,positive_cross,toward_S4,0.8387494009416838
3,miata,2024-03-29 20:30:35+00:00,40.28951,-88.126174,-82.57492951545085,1214.0,5.062112887298156,rs8,5.303078462752499,26.1500767726482,20.846998309895703,1,5.303078462752499,54.666247509956364,49.36316904720387,-78.92951005359993,positive_cross,toward_S4,0.9324922321879459
3,miata,2024-03-29 20:30:36+00:00,40.289455,-88.126162,-76.478564181923,1215.0,6.096365333527842,rs8,4.415845994003547,26.99712600251403,22.581280008510483,1,4.415845994003547,48.48552521632307,44.06967922231952,-78.92951005359993,positive_cross,toward_S4,1.0453878865125357
3,miata,2024-03-29 20:30:37+00:00,40.289394,-88.126166,-69.69065716168603,1216.0,6.787907020236972,rs8,10.407159116798443,28.081770985066427,17.674611868267984,1,10.407159116798443,41.7565638066679,31.349404689869456,-78.92951005359993,positive_cross,toward_S4,1.1710898683687758
3,miata,2024-03-29 20:30:38+00:00,40.289335,-88.12617,-63.12510380807656,1217.0,6.565553353609474,rs8,16.795888444770235,30.55474697106977,13.758858526299534,1,16.795888444770235,35.273094577478915,18.47720613270868,-78.92951005359993,positive_cross,toward_S4,1.2926741897319143
3,miata,2024-03-29 20:30:39+00:00,40.289268,-88.126176,-55.66707569984351,1218.0,7.4580281082330515,rs8,24.192189566462513,27.98181430042729,3.789624733964775,1,24.192189566462513,27.98181430042729,3.789624733964775,-78.92951005359993,positive_cross,toward_S4,1.4307858213658595
3,miata,2024-03-29 20:30:40+00:00,40.289196,-88.126183,-47.651633380589935,1219.0,8.015442319253573,rs6,20.30422421144266,32.18549125611529,11.881267044672633,2,20.30422421144266,32.18549125611529,11.881267044672633,-27.632700444717127,positive_cross,toward_S4,1.6292790197060592
3,miata,2024-03-29 20:30:41+00:00,40.289108,-88.126188,-37.86042181011031,1220.0,9.791211570479625,rs6,11.428477217277177,30.33836487143011,18.909887654152932,2,11.428477217277177,41.933890389866626,30.50541317258945,-27.632700444717127,positive_cross,toward_S4,1.8105977524927188
3,miata,2024-03-29 20:30:42+00:00,40.289014,-88.126186,-27.412859538293016,1221.0,10.447562271817294,rs6,5.846729790406429,28.702615944241224,22.855886153834795,2,5.846729790406429,52.300326686765345,46.45359689635892,-27.632700444717127,positive_cross,toward_S4,2.0040711278967427
3,miata,2024-03-29 20:30:43+00:00,40.288914,-88.12618,-16.30435643573253,1222.0,11.108503102560487,rs6,12.96469618664313,31.308979173954572,18.344282987311445,2,12.96469618664313,42.43524821618912,29.470552029545992,-27.632700444717127,positive_cross,toward_S4,2.2097841483145295
3,miata,2024-03-29 20:30:44+00:00,40.288812,-88.126173,-4.975029709438146,1223.0,11.329326726294383,rs6,23.651324545825048,31.12885740736694,7.477532861541892,2,23.651324545825048,31.12885740736694,7.477532861541892,-27.632700444717127,positive_cross,toward_S4,2.419586495097759
3,miata,2024-03-29 20:30:45+00:00,40.288709,-88.12617,6.4715940224908595,1224.0,11.446623731929005,rs3,19.85721916801128,34.92004005437397,15.06282088636269,3,19.85721916801128,34.92004005437397,15.06282088636269,26.33125891160298,positive_cross,toward_S4,2.6322284279794053
3,miata,2024-03-29 20:30:46+00:00,40.288599,-88.12617,18.701045717811596,1225.0,12.229451695320737,rs3,8.552792694884092,34.188906568390415,25.636113873506325,3,8.552792694884092,47.081152514204675,38.528359819320585,26.33125891160298,positive_cross,toward_S4,2.85869975567053
3,miata,2024-03-29 20:30:47+00:00,40.28849,-88.126175,30.826970793409657,1226.0,12.125925075598062,rs3,7.386941413359824,33.167538612052965,25.78059719869314,3,7.386941413359824,48.580253525040945,41.193312111681124,26.33125891160298,positive_cross,toward_S4,3.0832539237371606
3,miata,2024-03-29 20:30:48+00:00,40.288389,-88.12618,42.063481200917806,1227.0,11.236510407508149,rs3,17.332663610077137,36.01435506268792,18.68169145261078,3,17.332663610077137,37.489739127681176,20.15707551760404,26.33125891160298,positive_cross,toward_S4,3.2913374498021266
3,miata,2024-03-29 20:30:49+00:00,40.288295,-88.126184,52.52022373075621,1228.0,10.456742529838401,rs1,27.26732951752599,27.489032080638573,0.22170256311258285,4,27.26732951752599,27.489032080638573,0.22170256311258285,80.2309515867141,positive_cross,toward_S4,3.4868383730378167
3,miata,2024-03-29 20:30:50+00:00,40.28821,-88.126187,61.97484471476091,1229.0,9.454620984004706,rs1,18.23986330222375,36.58731518036616,18.34745187814241,4,18.23986330222375,36.810970622293326,18.571107320069576,80.2309515867141,positive_cross,toward_S4,3.6619239468156817
3,miata,2024-03-29 20:30:51+00:00,40.288132,-88.126187,70.64663773535217,1230.0,8.67179302059126,rs1,10.496312275714308,32.94874655356756,22.45243427785325,4,10.496312275714308,45.38137708090586,34.88506480519155,80.2309515867141,positive_cross,toward_S4,3.8225127064562607
3,miata,2024-03-29 20:30:52+00:00,40.288062,-88.126191,78.43513625857271,1231.0,7.7884985232205395,rs1,6.553573313661231,31.073851961042553,24.52027864738132,4,6.553573313661231,53.143505625429825,46.58993231176859,80.2309515867141,positive_cross,toward_S4,3.9667441605899745
3,miata,2024-03-29 20:30:53+00:00,40.288002,-88.126193,85.10880635973045,1232.0,6.6736701011577395,rs1,8.965126993757753,31.09387809736319,22.12875110360544,4,8.965126993757753,59.78918085947196,50.824053865714205,80.2309515867141,positive_cross,toward_S4,4.090330643944747
3,miata,2024-03-29 20:30:54+00:00,40.287954,-88.126206,90.46518492959733,1233.0,5.356378569866877,rs1,13.733838597213762,31.202622921693518,17.468784324479756,4,13.733838597213762,65.22109274881547,51.487254151601704,80.2309515867141,positive_cross,toward_S4,4.189522839683023
3,miata,2024-03-29 20:30:55+00:00,40.287919,-88.126238,94.40533547708793,1234.0,3.940150547490603,rs1,18.47994230474321,30.15338558465112,11.673443279907907,4,18.47994230474321,69.45169101990082,50.97174871515761,80.2309515867141,positive_cross,toward_S4,4.262488590562478
3,miata,2024-03-29 20:30:56+00:00,40.287895,-88.126277,97.13325115588219,1235.0,2.727915678794261,rs1,22.589158347806034,28.644149915850317,6.054991568044283,4,22.589158347806034,72.65421158267901,50.06505323487298,80.2309515867141,positive_cross,toward_S4,4.313005547577187
3,miata,2024-03-29 20:30:57+00:00,40.287884,-88.126326,98.43116842640997,1236.0,1.2979172705277762,rs2,26.11155796551245,26.222808334876365,0.11125036936391552,4,26.11155796551245,74.53710646747261,48.425548501960165,80.2309515867141,negative_cross,toward_S4,4.337041052586961
3,miata,2024-03-29 20:30:58+00:00,40.287883,-88.126378,98.621907489256,1237.0,0.1907390628460348,rs2,23.084305362016025,29.49446797109827,6.410162609082246,4,23.084305362016025,73.58106592768486,50.496760565668836,80.2309515867141,negative_cross,ambiguous,4.34057325745448
3,miata,2024-03-29 20:30:59+00:00,40.287883,-88.126429,98.69993967591643,1238.0,0.07803218666042255,rs2,20.514365673303082,32.89895117427579,12.384585500972705,4,20.514365673303082,72.78343890222376,52.26907322892068,80.2309515867141,negative_cross,ambiguous,4.342018297948191
3,miata,2024-03-29 20:31:00+00:00,40.287891,-88.126476,97.88243702218782,1239.0,-0.8175026537286101,rs2,17.9017390313083,35.747191103832634,17.845452072524335,4,17.9017390313083,71.38515216529042,53.483413133982125,80.2309515867141,negative_cross,toward_S1,4.32687935991618
3,miata,2024-03-29 20:31:01+00:00,40.287916,-88.126511,95.15656768287995,1240.0,-2.725869339307863,rs2,14.302314818381463,37.078871845289996,22.776557026908534,4,14.302314818381463,68.36601257229349,54.063697753912024,80.2309515867141,negative_cross,toward_S1,4.276400298077146
3,miata,2024-03-29 20:31:02+00:00,40.287955,-88.126525,90.8420917736455,1241.0,-4.314475909234446,rs2,9.80484034509752,36.609324562330386,26.804484217232865,4,9.80484034509752,63.96758457533533,54.162744230237806,80.2309515867141,negative_cross,toward_S1,4.196502596054286
3,miata,2024-03-29 20:31:03+00:00,40.288,-88.126523,85.83607417614377,1242.0,-5.006017597501739,rs2,5.251852763785876,35.23312203350595,29.981269269720073,4,5.251852763785876,58.97851829883637,53.72666553505049,80.2309515867141,negative_cross,toward_S1,4.10379856647092
3,miata,2024-03-29 20:31:04+00:00,40.288049,-88.126511,80.37004881502331,1243.0,-5.466025361120458,rs2,3.958059424021749,33.674270066146704,29.716210642124956,4,3.958059424021749,53.61149061498552,49.65343119096377,80.2309515867141,negative_cross,toward_S1,4.002575874598318
3,miata,2024-03-29 20:31:05+00:00,40.28817,-88.126506,66.91000173573222,1244.0,-13.460047079291087,rs2,15.081940972636808,35.589890138130876,20.507949165494068,4,15.081940972636808,40.26114204541244,25.179201072775633,80.2309515867141,negative_cross,toward_S1,3.7533157435003357
3,miata,2024-03-29 20:31:06+00:00,40.288244,-88.126512,58.69209630722879,1245.0,-8.217905428503435,rs2,23.007574546158647,32.031845731663125,9.024271185504478,4,23.007574546158647,32.031845731663125,9.024271185504478,80.2309515867141,negative_cross,toward_S1,3.6011323096391608
3,miata,2024-03-29 20:31:07+00:00,40.288324,-88.126518,49.80712987647298,1246.0,-8.88496643075581,rs5,23.155762581562264,31.764314285201113,8.608551703638849,3,23.155762581562264,31.764314285201113,8.608551703638849,26.33125891160298,negative_cross,toward_S1,3.4347383512012963
3,miata,2024-03-29 20:31:08+00:00,40.2884,-88.126508,41.342390094537144,1247.0,-8.464739781935833,rs5,15.117224907404513,36.830711232001434,21.71348632459692,3,15.117224907404513,40.25997538500481,25.142750477600295,26.33125891160298,negative_cross,toward_S1,3.277983910795077
3,miata,2024-03-29 20:31:09+00:00,40.288476,-88.126498,32.877650312601304,1248.0,-8.46473978193584,rs5,8.076171464586084,33.40590736939152,25.32973590480544,3,8.076171464586084,48.75564064750901,40.67946918292293,26.33125891160298,negative_cross,toward_S1,3.1212294703888577
3,miata,2024-03-29 20:31:10+00:00,40.288552,-88.126486,24.40985044492174,1249.0,-8.467799867679563,rs5,6.960273904264007,31.764276503763234,24.804002599499228,3,6.960273904264007,51.63351676888731,44.673242864623305,26.33125891160298,negative_cross,toward_S1,2.964418361728125
3,miata,2024-03-29 20:31:11+00:00,40.288626,-88.126474,16.164404244659643,1250.0,-8.245446200262098,rs5,13.108122521974916,32.28726181698499,19.17913929501007,3,13.108122521974916,43.51020938618181,30.402086864206897,26.33125891160298,negative_cross,toward_S1,2.8117249135751234
3,miata,2024-03-29 20:31:12+00:00,40.288703,-88.126462,7.585427543666335,1251.0,-8.578976700993309,rs5,21.107783009897698,35.01162213620032,13.903839126302625,3,21.107783009897698,35.13584306178874,14.028060051891043,26.33125891160298,negative_cross,toward_S1,2.65285497466784
3,miata,2024-03-29 20:31:13+00:00,40.288782,-88.126454,-1.209782653256996,1252.0,-8.795210196923332,rs7,26.62575243133002,29.565405818056615,2.9396533867265937,2,26.62575243133002,29.565405818056615,2.9396533867265937,-27.632700444717127,negative_cross,toward_S1,2.489313292434447
3,miata,2024-03-29 20:31:14+00:00,40.288861,-88.126444,-10.008052935902299,1253.0,-8.798270282645303,rs7,18.465024582309756,32.881872994921345,14.41684841261159,2,18.465024582309756,38.22840661752136,19.763382035211603,-27.632700444717127,negative_cross,toward_S1,2.326382361274349
3,miata,2024-03-29 20:31:15+00:00,40.28894,-88.126437,-18.801733089953775,1254.0,-8.793680154051476,rs7,11.180631449090884,28.536148812874426,17.35551736378354,2,11.180631449090884,46.894370491883485,35.713739042792604,-27.632700444717127,negative_cross,toward_S1,2.1635364324956177
3,miata,2024-03-29 20:31:16+00:00,40.289022,-88.126438,-27.916703402508066,1255.0,-9.114970312554291,rs7,7.3597419340786505,27.18414907474656,19.82440714066791,2,7.3597419340786505,50.627525745232376,43.26778381115373,-27.632700444717127,negative_cross,toward_S1,1.9947406859668344
3,miata,2024-03-29 20:31:17+00:00,40.289104,-88.126441,-37.02861362850693,1256.0,-9.111910225998866,rs7,12.135957440900278,28.970858164136267,16.83490072323599,2,12.135957440900278,41.512704571137775,29.376747130237497,-27.632700444717127,negative_cross,toward_S1,1.8260016077075962
3,miata,2024-03-29 20:31:18+00:00,40.289188,-88.126443,-46.36440756481686,1257.0,-9.335793936309926,rs7,20.409698153096077,32.18954215877359,11.779844005677514,2,20.409698153096077,32.18954215877359,11.779844005677514,-27.632700444717127,negative_cross,toward_S1,1.653116534812968
3,miata,2024-03-29 20:31:19+00:00,40.289273,-88.126444,-55.812908377290654,1258.0,-9.448500812473796,rs10,22.78440373474773,29.46156982069267,6.67716608594494,1,22.78440373474773,29.46156982069267,6.67716608594494,-78.92951005359993,negative_cross,toward_S1,1.4280852162279496
3,miata,2024-03-29 20:31:20+00:00,40.289356,-88.126437,-65.05129586538709,1259.0,-9.238387488096436,rs10,13.825387389545002,30.046395360717398,16.221007971172398,1,13.825387389545002,38.61187380721203,24.786486417667028,-78.92951005359993,negative_cross,toward_S1,1.2570039664483859
3,miata,2024-03-29 20:31:21+00:00,40.289432,-88.12643,-73.51144551868559,1260.0,-8.460149653298501,rs10,6.4298243017656755,26.579177482057734,20.14935318029206,1,6.4298243017656755,47.03348589257183,40.603661590806155,-78.92951005359993,negative_cross,toward_S1,1.1003345284243395
3,miata,2024-03-29 20:31:22+00:00,40.2895,-88.126432,-81.06841011723581,1261.0,-7.556964598550223,rs10,4.792427212915763,26.243464176412818,21.451036963497053,1,4.792427212915763,54.47718440459352,49.68475719167776,-78.92951005359993,negative_cross,toward_S1,0.9603907395622984
3,miata,2024-03-29 20:31:23+00:00,40.289557,-88.126434,-87.40242954694317,1262.0,-6.334019429707354,rs10,9.774665065269168,27.631315563137235,17.856650497868067,1,9.774665065269168,60.73644024198921,50.96177517672004,-78.92951005359993,negative_cross,toward_S1,0.8430940834566066
3,miata,2024-03-29 20:31:24+00:00,40.289601,-88.126431,-92.2988003532348,1263.0,-4.896370806291628,rs10,14.476772506762261,29.256917710445506,14.780145203683245,1,14.476772506762261,65.62442860396905,51.14765609720679,-78.92951005359993,negative_cross,toward_S1,0.7524205500067617
3,miata,2024-03-29 20:31:25+00:00,40.289634,-88.126407,-96.00435689107955,1264.0,-3.705556537844757,rs10,18.59466387308205,29.40582778758269,10.81116391450064,1,18.59466387308205,69.53163272537773,50.93696885229568,-78.92951005359993,negative_cross,toward_S1,0.6837991326392662
3,miata,2024-03-29 20:31:26+00:00,40.289658,-88.126363,-98.73992278425484,1265.0,-2.7355658931752913,rs10,22.498778217820394,28.224593595015932,5.725815377195538,1,22.498778217820394,72.78330903351724,50.28453081569685,-78.92951005359993,negative_cross,toward_S1,0.6331405049878719
3,miata,2024-03-29 20:31:27+00:00,40.289674,-88.126313,-100.59525426501317,1266.0,-1.8553314807583234,rs10,26.13171998407052,26.74361051533609,0.6118905312655691,1,26.13171998407052,74.56384802966362,48.432128045593096,-78.92951005359993,negative_cross,toward_S1,0.5987825146034584
3,miata,2024-03-29 20:31:28+00:00,40.289675,-88.12627,-100.77222294275894,1267.0,-0.1769686777457764,rs8,24.82038835128838,28.352175302455823,3.531786951167444,1,24.82038835128838,73.94795239652072,49.12756404523234,-78.92951005359993,positive_cross,ambiguous,0.5955053168674256
3,miata,2024-03-29 20:31:29+00:00,40.289663,-88.126219,-99.51613312570463,1268.0,1.2560898170543169,rs8,21.71874328261902,30.31079429306252,8.592051010443502,1,21.71874328261902,71.98993732002386,50.27119403740484,-78.92951005359993,positive_cross,toward_S4,0.6187662394054685
3,miata,2024-03-29 20:31:30+00:00,40.289639,-88.12618,-96.90756079200962,1269.0,2.608572333695008,rs8,18.12773007311741,31.173895911289765,13.046165838172357,1,18.12773007311741,69.00799358317619,50.88026351005878,-78.92951005359993,positive_cross,toward_S4,0.6670731344738946
3,miata,2024-03-29 20:31:31+00:00,40.289599,-88.126165,-92.48343809154335,1270.0,4.42412270046627,rs8,13.500649504791202,29.942787334114097,16.442137829322895,1,13.500649504791202,64.48109004181173,50.98044053702053,-78.92951005359993,positive_cross,toward_S4,0.7490013326306774
3,miata,2024-03-29 20:31:32+00:00,40.289549,-88.126166,-86.92306636876478,1271.0,5.560371722778569,rs8,8.295020953172608,27.765856219453656,19.47083526628105,1,8.295020953172608,58.93747063738275,50.64244968421014,-78.92951005359993,positive_cross,toward_S4,0.8519711793487991
3,miata,2024-03-29 20:31:33+00:00,40.289493,-88.126172,-80.68798343014281,1272.0,6.2350829386219715,rs8,4.291152745238495,26.11423722298781,21.823084477749315,1,4.291152745238495,52.76780464634064,48.476651901102144,-78.92951005359993,positive_cross,toward_S4,0.9674356782121689
3,miata,2024-03-29 20:31:34+00:00,40.289425,-88.126175,-73.12336861721158,1273.0,7.564614812931225,rs8,7.676592132824894,26.410802883477146,18.734210750652252,1,7.676592132824894,45.26491421446283,37.58832208163793,-78.92951005359993,positive_cross,toward_S4,1.1075211377108953
3,miata,2024-03-29 20:31:35+00:00,40.289343,-88.126183,-63.9946279195788,1274.0,9.128740697632786,rs8,16.23996003407625,29.15203409390344,12.912074059827187,1,16.23996003407625,36.308105229019766,20.068145194943515,-78.92951005359993,positive_cross,toward_S4,1.2765718913707618
3,miata,2024-03-29 20:31:36+00:00,40.289247,-88.12619,-53.31094159447559,1275.0,10.68368632510321,rs6,25.94161688285655,26.716645329607765,0.7750284467512145,2,25.94161688285655,26.716645329607765,0.7750284467512145,-27.632700444717127,positive_cross,toward_S4,1.5244770157452137
3,miata,2024-03-29 20:31:37+00:00,40.289136,-88.126191,-40.96878302215753,1276.0,12.342158572318056,rs6,14.286467289289014,31.30298996721298,17.016522677923966,2,14.286467289289014,38.88483619392643,24.598368904637418,-27.632700444717127,positive_cross,toward_S4,1.7530355078251776
3,miata,2024-03-29 20:31:39+00:00,40.289021,-88.126187,-28.189567330197317,1278.0,6.389607845980107,rs6,5.88845412615656,28.624429499430157,22.735975373273597,2,5.88845412615656,51.534588236564204,45.646134110407644,-27.632700444717127,positive_cross,toward_S4,1.9896876502688854
3,miata,2024-03-29 20:31:40+00:00,40.288908,-88.126181,-15.63576539139826,1279.0,12.553801938799056,rs6,13.609920452162212,31.476763410619306,17.86684295845709,2,13.609920452162212,41.78591555910835,28.17599510694614,-27.632700444717127,positive_cross,toward_S4,2.222165463950349
3,miata,2024-03-29 20:31:41+00:00,40.2888,-88.12618,-3.6301974063668387,1280.0,12.005567985031423,rs6,25.079446235292544,29.921893241896004,4.842447006603461,2,25.079446235292544,29.921893241896004,4.842447006603461,-27.632700444717127,positive_cross,toward_S4,2.4444907970064866
3,miata,2024-03-29 20:31:42+00:00,40.288695,-88.126181,8.044900164467055,1281.0,11.675097570833895,rs3,18.623420304213063,36.59058627233159,17.96716596811853,3,18.623420304213063,36.59058627233159,17.96716596811853,26.33125891160298,positive_cross,toward_S4,2.66136372690489
3,miata,2024-03-29 20:31:43+00:00,40.288591,-88.126182,19.60882090119724,1282.0,11.563920736730186,rs3,8.514334533785604,33.001886713385055,24.48755217959945,3,8.514334533785604,48.07211342398307,39.55777889019747,26.33125891160298,positive_cross,toward_S4,2.8755104072147084
3,miata,2024-03-29 20:31:44+00:00,40.288489,-88.126187,30.956508142019143,1283.0,11.347687240821902,rs3,8.222128042213551,32.17397311808426,23.95184507587071,3,8.222128042213551,48.58856047002313,40.366432427809585,26.33125891160298,positive_cross,toward_S4,3.0856527635262254
3,miata,2024-03-29 20:31:45+00:00,40.288389,-88.126187,42.074191501042556,1284.0,11.117683359023413,rs3,17.538718744217157,35.48012315237806,17.941404408160906,3,17.538718744217157,37.58276815368274,20.044049409465586,26.33125891160298,positive_cross,toward_S4,3.2915357886933254
3,miata,2024-03-29 20:31:46+00:00,40.288294,-88.126189,52.639050778450994,1285.0,10.564859277408438,rs1,27.25441621611821,27.6942345984327,0.4398183823144919,4,27.25441621611821,27.6942345984327,0.4398183823144919,80.2309515867141,positive_cross,toward_S4,3.4890388739210536
3,miata,2024-03-29 20:31:47+00:00,40.288206,-88.126191,62.425672220315036,1286.0,9.786621441864042,rs1,17.94232370815969,36.06735835852675,18.125034650367056,4,17.94232370815969,37.308612266122786,19.366288557963095,80.2309515867141,positive_cross,toward_S4,3.6702726043259433
3,miata,2024-03-29 20:31:48+00:00,40.288125,-88.126193,71.43405582738119,1287.0,9.00838360706615,rs1,10.203502816675522,32.228098658375764,22.02459584170024,4,10.203502816675522,46.22518891559621,36.02168609892069,80.2309515867141,positive_cross,toward_S4,3.8370945229753164
3,miata,2024-03-29 20:31:49+00:00,40.28806,-88.126194,78.66208005381576,1288.0,7.22802422643457,rs1,6.787407045079311,30.803181316518184,24.015774271438872,4,6.787407045079311,53.39668396601771,46.6092769209384,80.2309515867141,positive_cross,toward_S4,3.9709468234648457
3,miata,2024-03-29 20:31:50+00:00,40.288006,-88.126198,84.67174923927658,1289.0,6.009669185460822,rs1,9.006058588619851,30.61565693903797,21.609598350418118,4,9.006058588619851,59.39772877397833,50.39167018535848,80.2309515867141,positive_cross,toward_S4,4.082236993565972
3,miata,2024-03-29 20:31:51+00:00,40.287963,-88.126208,89.46765351316917,1290.0,4.795904273892589,rs1,13.024805774775594,30.747766923069825,17.72296114829423,4,13.024805774775594,64.24889819683729,51.224092422061695,80.2309515867141,positive_cross,toward_S4,4.171050035675094
3,miata,2024-03-29 20:31:52+00:00,40.287929,-88.126238,93.29356714158057,1291.0,3.8259136284113993,rs1,17.576184141277082,29.674060772416247,12.097876631139165,4,17.576184141277082,68.3528541139288,50.77666997265172,80.2309515867141,positive_cross,toward_S4,4.241900288053083
3,miata,2024-03-29 20:31:53+00:00,40.287906,-88.126278,95.91183602914296,1292.0,2.618268887562394,rs1,21.688257316085192,27.902256800968598,6.213999484883406,4,21.688257316085192,71.47063100685871,49.78237369077352,80.2309515867141,positive_cross,toward_S4,4.290386748933868
3,miata,2024-03-29 20:31:54+00:00,40.287892,-88.126325,97.5402237146365,1293.0,1.6283876854935357,rs1,25.52251725854212,25.594260142261472,0.07174288371935233,4,25.52251725854212,73.70368397047218,48.18116671193006,80.2309515867141,positive_cross,toward_S4,4.320542076443007
3,miata,2024-03-29 20:31:55+00:00,40.287885,-88.12638,98.40261390758228,1294.0,0.8623901929457816,rs2,22.805065096488306,29.4796821143094,6.674617017821095,4,22.805065096488306,73.32770182848354,50.522636731995235,80.2309515867141,negative_cross,toward_S4,4.336512265201263
3,miata,2024-03-29 20:31:56+00:00,40.287885,-88.126431,98.4806460942427,1295.0,0.07803218666042255,rs2,20.2359465915808,32.9080155973704,12.672069005789602,4,20.2359465915808,72.53741142197791,52.30146483039711,80.2309515867141,negative_cross,ambiguous,4.3379573056949745
3,miata,2024-03-29 20:31:57+00:00,40.287907,-88.126477,96.10513772808989,1296.0,-2.3755083661528147,rs2,16.234116416946662,34.9434232622881,18.709306845341438,4,16.234116416946662,69.60630761476209,53.372191197815425,80.2309515867141,negative_cross,toward_S1,4.293966410025478
3,miata,2024-03-29 20:31:58+00:00,40.287939,-88.126507,92.59338033885663,1297.0,-3.511757389233253,rs2,11.970966026422252,35.76521543553956,23.794249409117306,4,11.970966026422252,65.83664242790331,53.86567640148106,80.2309515867141,negative_cross,toward_S1,4.228933865780418
3,miata,2024-03-29 20:31:59+00:00,40.287983,-88.126516,87.71537004707076,1298.0,-4.87801029178587,rs2,7.185309385823104,35.03614782025736,27.85083843443426,4,7.185309385823104,60.901993575753465,53.71668418993036,80.2309515867141,negative_cross,toward_S1,4.1386003418584565
3,miata,2024-03-29 20:32:00+00:00,40.288032,-88.126511,82.26005498609679,1299.0,-5.455315060973973,rs2,3.9260493605480082,33.76907219672908,29.84302283618107,4,3.9260493605480082,55.49626194799194,51.57021258744393,80.2309515867141,negative_cross,toward_S1,4.037575988877458
3,miata,2024-03-29 20:32:01+00:00,40.288091,-88.126504,75.68991150387176,1300.0,-6.570143482225035,rs2,7.200253935897948,33.30435352867781,26.10409959277986,4,7.200253935897948,49.013581835466745,41.8133278995688,80.2309515867141,negative_cross,toward_S1,3.915906665132549
3,miata,2024-03-29 20:32:02+00:00,40.288164,-88.126501,67.5694125228136,1301.0,-8.120498981058162,rs2,14.573353425672975,34.95845631126019,20.385102885587216,4,14.573353425672975,40.975687041666035,26.402333615993058,80.2309515867141,negative_cross,toward_S1,3.765527054372213
3,miata,2024-03-29 20:32:03+00:00,40.288245,-88.126509,58.57632934448777,1302.0,-8.993083178325826,rs2,23.1598859803918,31.956781366470317,8.796895386078518,4,23.1598859803918,31.956781366470317,8.796895386078518,80.2309515867141,negative_cross,toward_S1,3.5989884769958085
3,miata,2024-03-29 20:32:04+00:00,40.288333,-88.126509,48.792767988389166,1303.0,-9.783561356098602,rs5,22.311459552473277,32.84444933949636,10.53298978702308,3,22.311459552473277,32.84444933949636,10.53298978702308,26.33125891160298,negative_cross,toward_S1,3.415953871792337
3,miata,2024-03-29 20:32:05+00:00,40.288428,-88.126501,38.21872845372784,1304.0,-10.574039534661324,rs5,12.426877360979152,35.10619833701969,22.67932097604054,3,12.426877360979152,43.41934511990181,30.99246775892266,26.33125891160298,negative_cross,toward_S1,3.220138324854164
3,miata,2024-03-29 20:32:06+00:00,40.288523,-88.126489,27.638568748347314,1305.0,-10.580159705380527,rs5,6.2764741364081,32.00160434044738,25.725130204039278,3,6.2764741364081,54.034188077032745,47.75771394062465,26.33125891160298,negative_cross,toward_S1,3.0242094414211915
3,miata,2024-03-29 20:32:07+00:00,40.288611,-88.126475,17.83358679118752,1306.0,-9.804981957159793,rs5,11.72550612825031,31.891447933190978,20.16594180494067,3,11.72550612825031,45.16291974448639,33.43741361623608,26.33125891160298,negative_cross,toward_S1,2.842635701473788
3,miata,2024-03-29 20:32:08+00:00,40.288704,-88.126459,7.4696605809253125,1307.0,-10.363926210262209,rs5,21.313178555693145,34.85563000548647,13.542451449793322,3,21.313178555693145,35.06519975955127,13.752021203858124,26.33125891160298,negative_cross,toward_S1,2.6507111420244875
3,miata,2024-03-29 20:32:09+00:00,40.288798,-88.126451,-2.993202119632299,1308.0,-10.462862700557611,rs7,24.956754357480154,31.337371388773313,6.380617031293159,2,24.956754357480154,31.337371388773313,6.380617031293159,-27.632700444717127,negative_cross,toward_S1,2.4562870060200894
3,miata,2024-03-29 20:32:10+00:00,40.28889,-88.126437,-13.242891410837046,1309.0,-10.249689291204747,rs7,15.78260726152256,30.736067197005262,14.953459935482702,2,15.78260726152256,41.49752724505182,25.71491998352926,-27.632700444717127,negative_cross,toward_S1,2.2664779450718533
3,miata,2024-03-29 20:32:11+00:00,40.288986,-88.126422,-23.93881807893686,1310.0,-10.695926668099812,rs7,9.271063478511843,26.10798204215418,16.836918563642335,2,9.271063478511843,52.166168957702645,42.8951054791908,-27.632700444717127,negative_cross,toward_S1,2.068405228995931
3,miata,2024-03-29 20:32:12+00:00,40.289086,-88.126415,-35.067211738106764,1311.0,-11.128393659169905,rs7,12.158607942479648,26.26596293350542,14.107354991025773,2,12.158607942479648,43.727835236319876,31.56922729384023,-27.632700444717127,negative_cross,toward_S1,1.862323864937229
3,miata,2024-03-29 20:32:13+00:00,40.289185,-88.126418,-46.06912813596907,1312.0,-11.00191639786231,rs7,20.919076659929495,31.380705071923995,10.4616284119945,2,20.919076659929495,32.78900163730397,11.869924977374474,-27.632700444717127,negative_cross,toward_S1,1.6585846723842232
3,miata,2024-03-29 20:32:14+00:00,40.289283,-88.126424,-56.95527757032214,1313.0,-10.886149434353065,rs10,21.978869509998354,30.967449559588893,8.988580049590539,1,21.978869509998354,30.967449559588893,8.988580049590539,-78.92951005359993,negative_cross,toward_S1,1.4069302311718108
3,miata,2024-03-29 20:32:15+00:00,40.289376,-88.126425,-67.29319305169753,1314.0,-10.33791548137539,rs10,12.039536250980339,28.149183365729385,16.109647114749045,1,12.039536250980339,40.99438549102494,28.954849240044602,-78.92951005359993,negative_cross,toward_S1,1.2154873518870815
3,miata,2024-03-29 20:32:16+00:00,40.289463,-88.126424,-76.96710761735424,1315.0,-9.673914565656716,rs10,4.888507214528842,25.572181480178326,20.683674265649483,1,4.888507214528842,50.51791454974551,45.62940733521667,-78.92951005359993,negative_cross,toward_S1,1.0363407858564015
3,miata,2024-03-29 20:32:17+00:00,40.289533,-88.126425,-84.74795592619375,1316.0,-7.780848308839509,rs10,7.813020166118685,26.19781963216773,18.384799466049046,1,7.813020166118685,58.19493547803136,50.38191531191268,-78.92951005359993,negative_cross,toward_S1,0.8922510023593736
3,miata,2024-03-29 20:32:18+00:00,40.28958,-88.126421,-89.97938727687841,1317.0,-5.231431350684659,rs10,12.560468762521412,27.494600609292196,14.934131846770784,1,12.560468762521412,63.41802998099143,50.85756121847002,-78.92951005359993,negative_cross,toward_S1,0.7953726440133614
3,miata,2024-03-29 20:32:19+00:00,40.289613,-88.126395,-93.68800390046691,1318.0,-3.7086166235884974,rs10,16.81214563383625,27.2608494197672,10.448703785930952,1,16.81214563383625,67.37901368666384,50.56686805282759,-78.92951005359993,negative_cross,toward_S1,0.7266945583913522
3,miata,2024-03-29 20:32:20+00:00,40.289644,-88.126352,-97.20027758554647,1319.0,-3.5122736850795633,rs10,21.560402855178513,26.475975165153546,4.915572309975033,1,21.560402855178513,71.43962799304212,49.879225137863614,-78.92951005359993,negative_cross,toward_S1,0.661652453112101
3,miata,2024-03-29 20:32:21+00:00,40.289661,-88.126295,-99.17749620053327,1320.0,-1.9772186149867963,rs8,24.672697295583955,25.8195784553157,1.1468811597317448,1,24.672697295583955,72.8239146173927,48.151217321808744,-78.92951005359993,positive_cross,toward_S1,0.6250372935753085
3,miata,2024-03-29 20:32:22+00:00,40.289668,-88.126238,-100.04294647922273,1321.0,-0.8654502786894653,rs8,22.87188530340579,29.557677235813063,6.685791932407273,1,22.87188530340579,72.75089663978655,49.879011336380756,-78.92951005359993,positive_cross,toward_S1,0.6090104365625406
3,miata,2024-03-29 20:32:23+00:00,40.289664,-88.126184,-99.68086146047553,1322.0,0.36208501874720866,rs8,20.903302089745015,32.60682508382987,11.703522994084853,1,20.903302089745015,71.80660156270562,50.90329947296061,-78.92951005359993,positive_cross,ambiguous,0.615715714687489
3,miata,2024-03-29 20:32:24+00:00,40.289653,-88.126149,-98.51146779150994,1323.0,1.1693936689655828,rs8,19.16350207863367,34.22018584595271,15.056683767319043,1,19.16350207863367,70.41219941848344,51.24869733984977,-78.92951005359993,positive_cross,toward_S4,0.6373711530016664
3,miata,2024-03-29 20:32:25+00:00,40.289618,-88.126123,-94.66005973001455,1324.0,3.851408061495391,rs8,15.149113386039163,34.07886196313086,18.9297485770917,1,15.149113386039163,66.47044123318906,51.3213278471499,-78.92951005359993,positive_cross,toward_S4,0.7086935245108403
3,miata,2024-03-29 20:32:26+00:00,40.289603,-88.12612,-92.99699735499584,1325.0,1.6630623750187112,rs8,13.48409235394793,33.56974827250413,20.0856559185562,1,13.48409235394793,64.80078709912938,51.31669474518145,-78.92951005359993,positive_cross,toward_S4,0.7394909759000756
3,miata,2024-03-29 20:32:27+00:00,40.289567,-88.126139,-88.96556053080091,1326.0,4.031436824194927,rs8,9.566131483236646,30.56679344943827,21.000661966201623,1,9.566131483236646,60.8234237501929,51.257292266956256,-78.92951005359993,positive_cross,toward_S4,0.8141472133851669
3,miata,2024-03-29 20:32:28+00:00,40.289525,-88.126166,-84.2548223621252,1327.0,4.710738168675718,rs8,6.00236475283881,27.106811689191105,21.104446936352296,1,6.00236475283881,56.27483289221928,50.27246813938047,-78.92951005359993,positive_cross,toward_S4,0.9013831053976802
3,miata,2024-03-29 20:32:29+00:00,40.28947,-88.126185,-78.11102570020756,1328.0,6.143796661917634,rs8,5.372093392716747,24.952781203603315,19.58068781088657,1,5.372093392716747,50.33325135428441,44.96115796156766,-78.92951005359993,positive_cross,toward_S4,1.0151571176554142
3,miata,2024-03-29 20:32:30+00:00,40.289414,-88.126197,-71.86676250433268,1329.0,6.244263195874879,rs8,9.780055253230652,24.90253972480585,15.1224844715752,1,9.780055253230652,44.293947157743546,34.513891904512896,-78.92951005359993,positive_cross,toward_S4,1.1307916212827267
3,miata,2024-03-29 20:32:31+00:00,40.289353,-88.126201,-65.0788554833275,1330.0,6.787907021005182,rs8,15.759298916268548,27.272222438676657,11.512923522408109,1,15.759298916268548,37.66450575014166,21.90520683387311,-78.92951005359993,positive_cross,toward_S4,1.256493603153193
3,miata,2024-03-29 20:32:32+00:00,40.289287,-88.126201,-57.74118446645103,1331.0,7.33767101687647,rs8,22.640159141779726,30.48548499468125,7.845325852901524,1,22.640159141779726,30.48548499468125,7.845325852901524,-78.92951005359993,positive_cross,toward_S4,1.3923763997620167
3,miata,2024-03-29 20:32:33+00:00,40.289224,-88.126198,-50.74163407813138,1332.0,6.999550388319648,rs6,23.650741528247366,29.360714257961842,5.709972729714476,2,23.650741528247366,29.360714257961842,5.709972729714476,-27.632700444717127,positive_cross,toward_S4,1.5720567845664026
3,miata,2024-03-29 20:32:34+00:00,40.28916,-88.126197,-43.62784677154424,1333.0,7.113787306587142,rs6,16.925549444109837,32.095889705582756,15.17034026147292,2,16.925549444109837,36.33034006592925,19.404790621819412,-27.632700444717127,positive_cross,toward_S4,1.7037935865402387
3,miata,2024-03-29 20:32:35+00:00,40.289098,-88.126198,-36.73335304584088,1334.0,6.894493725703363,rs6,11.001258222767774,29.172274297658387,18.171016074890613,2,11.001258222767774,43.15283587415543,32.151577651387655,-27.632700444717127,positive_cross,toward_S4,1.831469396275486
3,miata,2024-03-29 20:32:36+00:00,40.289035,-88.1262,-29.726152443161954,1335.0,7.007200602678925,rs6,7.177154841314393,27.60156144625672,20.424406604942327,2,7.177154841314393,50.1168747762167,42.93971993490231,-27.632700444717127,positive_cross,toward_S4,1.9612323703991699
3,miata,2024-03-29 20:32:37+00:00,40.288972,-88.1262,-22.722011927016702,1336.0,7.004140516145252,rs6,8.823550411298008,27.932786250423824,19.109235839125816,2,8.823550411298008,49.06348156933633,40.239931158038324,-27.632700444717127,positive_cross,toward_S4,2.0909386762537117
3,miata,2024-03-29 20:32:38+00:00,40.288907,-88.126198,-15.498577829197705,1337.0,7.223434097818997,rs6,14.33946596597433,30.191297728531758,15.851831762557428,2,14.33946596597433,41.90214210905729,27.562676143082957,-27.632700444717127,positive_cross,toward_S4,2.2247059743614708
3,miata,2024-03-29 20:32:39+00:00,40.288844,-88.126194,-8.500557483771663,1338.0,6.998020345426042,rs6,20.663332816679745,33.88714669555257,13.223813878872829,2,20.663332816679745,34.9536368472495,14.290304030569754,-27.632700444717127,positive_cross,toward_S4,2.3542989437212123
3,miata,2024-03-29 20:32:40+00:00,40.288778,-88.126191,-1.1674765955107795,1339.0,7.333080888260884,rs6,27.671123235685872,27.734643504391034,0.0635202687051617,2,27.671123235685872,27.734643504391034,0.0635202687051617,-27.632700444717127,positive_cross,toward_S4,2.4900967379482655
3,miata,2024-03-29 20:32:41+00:00,40.288711,-88.126189,6.278311169703928,1340.0,7.445787765214707,rs3,20.526291369918106,34.94253610605135,14.416244736133244,3,20.526291369918106,34.94253610605135,14.416244736133244,26.33125891160298,positive_cross,toward_S4,2.628649115890758
3,miata,2024-03-29 20:32:42+00:00,40.288646,-88.126188,13.50327531039478,1341.0,7.224964140690853,rs3,13.82215213904126,34.31859877708851,20.496446638047253,3,13.82215213904126,42.069315234081095,28.247163095039838,26.33125891160298,positive_cross,toward_S4,2.762444748125774
3,miata,2024-03-29 20:32:43+00:00,40.28858,-88.12619,20.844006413014952,1342.0,7.340731102620172,rs3,8.217139508342193,32.10129419548555,23.884154687143358,3,8.217139508342193,49.36772269745219,41.150583189109994,26.33125891160298,positive_cross,toward_S4,2.8983842129891104
3,miata,2024-03-29 20:32:44+00:00,40.288516,-88.126194,27.96544393477309,1343.0,7.121437521758139,rs3,7.287972781803122,31.300231179979757,24.012258398176634,3,7.287972781803122,51.64322181897349,44.35524903717037,26.33125891160298,positive_cross,toward_S4,3.0302626856142614
3,miata,2024-03-29 20:32:45+00:00,40.288448,-88.126197,35.53005874770432,1344.0,7.564614812931225,rs3,12.147722711335092,32.304875308689944,20.15715259735485,3,12.147722711335092,44.195989134896266,32.048266423561174,26.33125891160298,positive_cross,toward_S4,3.1703481451129876
3,miata,2024-03-29 20:32:46+00:00,40.288378,-88.1262,43.317027228031264,1345.0,7.786968480326948,rs3,19.08738636866402,35.0640468575535,15.976660488889479,3,19.08738636866402,36.57990354499273,17.49251717632871,26.33125891160298,positive_cross,toward_S4,3.314551265119042
3,miata,2024-03-29 20:32:47+00:00,40.288308,-88.126202,51.10246566550809,1346.0,7.785438437476827,rs3,26.479383521736327,29.034295210657774,2.5549116889214467,3,26.479383521736327,29.034295210657774,2.5549116889214467,26.33125891160298,positive_cross,toward_S4,3.458726050998243
3,miata,2024-03-29 20:32:48+00:00,40.288238,-88.126203,58.88637406009132,1347.0,7.783908394583229,rs1,21.631041021295044,34.02894477508525,12.397903753790207,4,21.631041021295044,34.02894477508525,12.397903753790207,80.2309515867141,positive_cross,toward_S4,3.604730045803282
3,miata,2024-03-29 20:32:49+00:00,40.288168,-88.126203,66.66875241180269,1348.0,7.782378351711365,rs1,14.587016852811406,33.17392780645803,18.586910953646626,4,14.587016852811406,41.64995938168015,27.062942528868742,80.2309515867141,positive_cross,toward_S4,3.7488481634275663
3,miata,2024-03-29 20:32:50+00:00,40.288106,-88.126203,73.56171609463419,1349.0,6.892963682831507,rs1,9.384219222595107,30.84728379489986,21.463064572304752,4,9.384219222595107,48.44379809841626,39.05957887582115,80.2309515867141,positive_cross,toward_S4,3.876495639035557
3,miata,2024-03-29 20:32:51+00:00,40.288048,-88.126201,80.00691235686534,1350.0,6.44519626223115,rs1,7.414075094661499,30.1415076295686,22.727432534907102,4,7.414075094661499,54.798844981249495,47.384769886587996,80.2309515867141,positive_cross,toward_S4,3.995851125373171
3,miata,2024-03-29 20:32:52+00:00,40.287995,-88.126199,85.89622445175952,1351.0,5.88931209489418,rs1,9.866431406217488,30.706574050251753,20.840142644034266,4,9.866431406217488,60.622429160960806,50.75599775474332,80.2309515867141,positive_cross,toward_S4,4.1049124604638045
3,miata,2024-03-29 20:32:53+00:00,40.287952,-88.1262,90.6783583397619,1352.0,4.782133888002377,rs1,13.639272398968858,31.755399267911578,18.11612686894272,4,13.639272398968858,65.38193481961554,51.74266242064668,80.2309515867141,positive_cross,toward_S4,4.193470495426811
3,miata,2024-03-29 20:32:54+00:00,40.287917,-88.126219,94.59861832987488,1353.0,3.9202599901129815,rs1,17.806079830030555,31.699707590582147,13.893627760551592,4,17.806079830030555,69.44282884718764,51.636749017157086,80.2309515867141,positive_cross,toward_S4,4.266067902651126
3,miata,2024-03-29 20:32:55+00:00,40.287893,-88.126256,97.32347392290366,1354.0,2.724855593028778,rs1,21.73076127784342,30.25332884770342,8.522567569859998,4,21.73076127784342,72.55173168416454,50.820970406321116,80.2309515867141,positive_cross,toward_S4,4.316528191410918
3,miata,2024-03-29 20:32:56+00:00,40.287878,-88.126304,99.06456848460454,1355.0,1.7410945617008764,rs1,25.49452486790458,27.960106692919375,2.4655818250147945,4,25.49452486790458,74.97424838704761,49.47972351914303,80.2309515867141,positive_cross,toward_S4,4.348770683294267
3,miata,2024-03-29 20:32:57+00:00,40.287876,-88.126358,99.36954446729797,1356.0,0.30497598269343484,rs2,24.795717789916054,28.763903434605915,3.9681856446898607,4,24.795717789916054,74.7177265032588,49.92200871334275,80.2309515867141,negative_cross,ambiguous,4.354418386677479
3,miata,2024-03-29 20:32:58+00:00,40.287878,-88.12641,99.22675302943456,1357.0,-0.14279143786340853,rs2,21.861495590743235,31.945312569505564,10.083816978762329,4,21.861495590743235,73.59906704371873,51.7375714529755,80.2309515867141,negative_cross,ambiguous,4.35177410079112
3,miata,2024-03-29 20:32:59+00:00,40.28789,-88.126457,97.96454304166097,1358.0,-1.2622099877735877,rs2,18.67292761004533,34.43225398715395,15.759326377108618,4,18.67292761004533,71.67920130488626,53.00627369484093,80.2309515867141,negative_cross,toward_S1,4.328399841758276
3,miata,2024-03-29 20:33:00+00:00,40.287919,-88.126493,94.79549641039006,1359.0,-3.1690466312709162,rs2,14.47378666062271,35.55401224731579,21.08022558669308,4,14.47378666062271,68.1481465479929,53.67435988737019,80.2309515867141,negative_cross,toward_S1,4.269713793031036
3,miata,2024-03-29 20:33:01+00:00,40.287957,-88.126511,90.59831750595683,1360.0,-4.19717890443323,rs2,9.983107128656306,35.410733148402166,25.42762601974586,4,9.983107128656306,63.815721490022554,53.83261436136625,80.2309515867141,negative_cross,toward_S1,4.191988257763755
3,miata,2024-03-29 20:33:02+00:00,40.287998,-88.126513,86.0431274140092,1361.0,-4.5551900919476225,rs2,5.9237777810013785,34.43898709499552,28.51520931399414,4,5.9237777810013785,59.25469744594599,53.330919664944616,80.2309515867141,negative_cross,toward_S1,4.10763288569065
3,miata,2024-03-29 20:33:03+00:00,40.288042,-88.12651,81.14675660771758,1362.0,-4.896370806291628,rs2,3.918268355695552,33.61573581020893,29.69746745451338,4,3.918268355695552,54.394403829761366,50.47613547406581,80.2309515867141,negative_cross,toward_S1,4.016959352240805
3,miata,2024-03-29 20:33:04+00:00,40.288091,-88.126505,75.69144154674362,1363.0,-5.455315060973959,rs2,7.148480589505601,33.3886071522294,26.240126562723795,4,7.148480589505601,49.00506288112571,41.85658229162011,80.2309515867141,negative_cross,toward_S1,3.915934999259806
3,miata,2024-03-29 20:33:05+00:00,40.288147,-88.1265,69.45788865099345,1364.0,-6.233552895750165,rs2,12.828053241745941,34.2717684762976,21.44371523455166,4,12.828053241745941,42.86223183173992,30.034178589993978,80.2309515867141,negative_cross,toward_S1,3.8004988345236916
3,miata,2024-03-29 20:33:06+00:00,40.288211,-88.126497,62.337981172918894,1365.0,-7.119907478074559,rs2,19.68032582119374,35.84783758954146,16.167511768347723,4,19.68032582119374,35.84783758954146,16.167511768347723,80.2309515867141,negative_cross,toward_S1,3.6686486960408295
3,miata,2024-03-29 20:33:07+00:00,40.28828,-88.126497,54.66677965452128,1366.0,-7.671201518397616,rs2,27.172110684207134,28.29102668284147,1.1189159986343356,4,27.172110684207134,28.29102668284147,1.1189159986343356,80.2309515867141,negative_cross,toward_S1,3.526589408663096
3,miata,2024-03-29 20:33:08+00:00,40.288353,-88.126497,46.5508708020787,1367.0,-8.11590885244258,rs5,20.39215813285724,35.184103989659555,14.791945856802315,3,20.39215813285724,35.184103989659555,14.791945856802315,26.33125891160298,negative_cross,toward_S1,3.374437257231032
3,miata,2024-03-29 20:33:09+00:00,40.288423,-88.126493,38.76237227885816,1368.0,-7.7884985232205395,rs5,13.222139266560028,34.66693722656875,21.44479796000872,3,13.222139266560028,42.945810518670854,29.723671252110826,26.33125891160298,negative_cross,toward_S1,3.230205803097318
3,miata,2024-03-29 20:33:10+00:00,40.288492,-88.126487,31.081990503997613,1369.0,-7.680381774860546,rs5,7.637866921402429,32.17363268058581,24.535765759183384,3,7.637866921402429,50.62603614364234,42.98816922223991,26.33125891160298,negative_cross,toward_S1,3.087976510970271
3,miata,2024-03-29 20:33:11+00:00,40.288562,-88.126479,23.28737180928964,1370.0,-7.7946186947079745,rs5,7.958425380487281,31.254556299726037,23.296130919238756,3,7.958425380487281,50.56517751495516,42.60675213446788,26.33125891160298,negative_cross,toward_S1,2.943631720327531
3,miata,2024-03-29 20:33:12+00:00,40.288636,-88.126467,15.041925609027533,1371.0,-8.245446200262105,rs5,14.360808962126615,32.09149732688819,17.730688364761573,3,14.360808962126615,42.46733187761933,28.106522915492715,26.33125891160298,negative_cross,toward_S1,2.790938272174529
3,miata,2024-03-29 20:33:13+00:00,40.28871,-88.126457,6.799539493719188,1372.0,-8.242386115308346,rs5,21.991502836969158,34.43411624519219,12.442613408223036,3,21.991502836969158,34.43411624519219,12.442613408223036,26.33125891160298,negative_cross,toward_S1,2.6383014922614114
3,miata,2024-03-29 20:33:14+00:00,40.288787,-88.126449,-1.7733170357866876,1373.0,-8.572856529505875,rs7,26.184309939757696,30.226851636941163,4.0425416971834665,2,26.184309939757696,30.226851636941163,4.0425416971834665,-27.632700444717127,negative_cross,toward_S1,2.478877470535749
3,miata,2024-03-29 20:33:15+00:00,40.288865,-88.12644,-10.458880442246384,1374.0,-8.685563406459696,rs7,18.18304947926925,32.35673970396173,14.173690224692479,2,18.18304947926925,38.747474556751335,20.564425077482085,-27.632700444717127,negative_cross,toward_S1,2.318033703749458
3,miata,2024-03-29 20:33:16+00:00,40.288939,-88.126434,-18.695146385255594,1375.0,-8.23626594300921,rs7,11.433164487725607,28.32990447912444,16.89673999139883,2,11.433164487725607,46.84463865491816,35.41147416719255,-27.632700444717127,negative_cross,toward_S1,2.165510260360399
3,miata,2024-03-29 20:33:17+00:00,40.289011,-88.126432,-26.702938490149883,1376.0,-8.007792104894289,rs7,7.84556376944945,26.69499542485459,18.84943165540514,2,7.84556376944945,51.88483116973836,44.039267400288914,-27.632700444717127,negative_cross,toward_S1,2.0172178139734673
3,miata,2024-03-29 20:33:18+00:00,40.289081,-88.126432,-34.48531684186125,1377.0,-7.782378351711365,rs7,10.710959418305041,27.51292024549742,16.801960827192378,2,10.710959418305041,44.12607249784165,33.41511307953661,-27.632700444717127,negative_cross,toward_S1,1.873099696349183
3,miata,2024-03-29 20:33:19+00:00,40.289152,-88.126433,-42.37734198399277,1378.0,-7.892025142131523,rs7,17.064099956409844,30.501060902110773,13.436960945700928,2,17.064099956409844,36.25910499472866,19.195005038318815,-27.632700444717127,negative_cross,toward_S1,1.7269510826060066
3,miata,2024-03-29 20:33:20+00:00,40.28922,-88.126434,-49.93583662541483,1379.0,-7.558494641422058,rs7,24.022456842673222,28.73978689099094,4.7173300483177165,2,24.022456842673222,28.73978689099094,4.7173300483177165,-27.632700444717127,negative_cross,toward_S1,1.5869789596167092
3,miata,2024-03-29 20:33:21+00:00,40.289286,-88.126434,-57.27350764229129,1380.0,-7.337671016876463,rs10,21.486052906717465,31.06839568112903,9.582342774411565,1,21.486052906717465,31.06839568112903,9.582342774411565,-78.92951005359993,negative_cross,toward_S1,1.4010370816909006
3,miata,2024-03-29 20:33:22+00:00,40.289352,-88.126434,-64.61117865995772,1381.0,-7.337671017666423,rs10,14.321464582617892,30.032709770929003,15.71124518831111,1,14.321464582617892,38.22552481041296,23.90406022779507,-78.92951005359993,negative_cross,toward_S1,1.2651542850674484
3,miata,2024-03-29 20:33:23+00:00,40.289416,-88.126433,-71.72802605307854,1382.0,-7.116847393120821,rs10,7.740581046117629,27.251288007625757,19.510706961508127,1,7.740581046117629,45.23653433599096,37.49595328987333,-78.92951005359993,negative_cross,toward_S1,1.1333608148244703
3,miata,2024-03-29 20:33:24+00:00,40.289476,-88.126433,-78.39863606849256,1383.0,-6.670610015414027,rs10,3.902748826889543,26.25804609339773,22.355297266508188,1,3.902748826889543,51.82414705054062,47.921398223651074,-78.92951005359993,negative_cross,toward_S1,1.0098309997242103
3,miata,2024-03-29 20:33:25+00:00,40.289532,-88.126434,-84.62300870698982,1384.0,-6.2243726384972575,rs10,7.296179752789058,26.9203609380288,19.624181185239742,1,7.296179752789058,57.97905325179695,50.68287349900789,-78.92951005359993,negative_cross,toward_S1,0.8945648397520389
3,miata,2024-03-29 20:33:26+00:00,40.289574,-88.126435,-89.29090567514477,1385.0,-4.667896968154949,rs10,11.511178857781061,28.340280223393176,16.829101365612114,1,11.511178857781061,62.60231450907455,51.09113565129349,-78.92951005359993,negative_cross,toward_S1,0.8081223033047251
3,miata,2024-03-29 20:33:27+00:00,40.289607,-88.12643,-92.96739139756905,1386.0,-3.6764857224242746,rs10,15.141421065094246,29.490510675036848,14.349089609942602,1,15.141421065094246,66.29714785476081,51.15572678966656,-78.92951005359993,negative_cross,toward_S1,0.7400392343709423
3,miata,2024-03-29 20:33:28+00:00,40.289639,-88.126404,-96.56483118786552,1387.0,-3.5974397902964768,rs10,19.203631701771005,29.52399216132583,10.320360459554824,1,19.203631701771005,70.11868032463126,50.915048622860255,-78.92951005359993,negative_cross,toward_S1,0.6734199789950815
3,miata,2024-03-29 20:33:29+00:00,40.289663,-88.126365,-99.29274686584809,1388.0,-2.7279156779825655,rs10,22.92807322003411,28.73424618934446,5.806172969310349,1,22.92807322003411,73.29811865583538,50.37004543580127,-78.92951005359993,negative_cross,toward_S1,0.6229030219954044
3,miata,2024-03-29 20:33:30+00:00,40.289677,-88.126318,-100.92113455136334,1389.0,-1.62838768551525,rs10,26.18967033706261,27.26558011856853,1.0759097815059206,1,26.18967033706261,74.9842602085796,48.79458987151699,-78.92951005359993,negative_cross,toward_S1,0.5927476944858627
3,miata,2024-03-29 20:33:31+00:00,40.28968,-88.126267,-101.33269723875497,1390.0,-0.4115626873916369,rs8,25.179440637383216,28.945688406551252,3.766247769168036,1,25.179440637383216,74.45182477718026,49.27238413979705,-78.92951005359993,positive_cross,ambiguous,0.5851261632378695
3,miata,2024-03-29 20:33:32+00:00,40.289671,-88.12622,-100.40401775171262,1391.0,0.9286794870423591,rs8,22.577489689672973,30.867381665925617,8.289891976252644,1,22.577489689672973,72.88351372468875,50.30602403501578,-78.92951005359993,positive_cross,toward_S4,0.6023239315164317
3,miata,2024-03-29 20:33:33+00:00,40.289645,-88.126185,-97.56697157909102,1392.0,2.837046172621598,rs8,18.88483231690539,31.22655913345415,12.34172681654876,1,18.88483231690539,69.7069207661368,50.822088449231416,-78.92951005359993,positive_cross,toward_S4,0.6548618236020168
3,miata,2024-03-29 20:33:34+00:00,40.289605,-88.126167,-93.14743900726205,1393.0,4.419532571828967,rs8,14.189175627609469,30.103968500129913,15.914792872520444,1,14.189175627609469,65.1578568988155,50.96868127120602,-78.92951005359993,positive_cross,toward_S4,0.7367050193766274
3,miata,2024-03-29 20:33:35+00:00,40.289554,-88.126168,-87.47589045114802,1394.0,5.671548556114033,rs8,8.870161654724313,27.772061051372933,18.90189939664862,1,8.870161654724313,59.5042164930877,50.63405483836338,-78.92951005359993,positive_cross,toward_S4,0.841733696341702
3,miata,2024-03-29 20:33:36+00:00,40.289501,-88.126174,-81.57433801325723,1395.0,5.9015524378907855,rs8,4.779649290838865,26.024598225610152,21.244948934771287,1,4.779649290838865,53.66912435299202,48.88947506215315,-78.92951005359993,positive_cross,toward_S4,0.9510217044507906
3,miata,2024-03-29 20:33:37+00:00,40.289441,-88.126174,-74.90372799705322,1396.0,6.670610016204009,rs8,6.235243976264308,26.16966836665058,19.934424390386273,1,6.235243976264308,47.025886853166725,40.79064287690242,-78.92951005359993,positive_cross,toward_S4,1.0745515195656796
3,miata,2024-03-29 20:33:38+00:00,40.289375,-88.126173,-67.56758702307037,1397.0,7.33614097398285,rs8,12.59667242290698,28.29237295526854,15.69570053236156,1,12.59667242290698,39.71994505814254,27.123272635235562,-78.92951005359993,positive_cross,toward_S4,1.2104059820468436
3,miata,2024-03-29 20:33:39+00:00,40.289302,-88.126172,-59.453208213499636,1398.0,8.114378809570738,rs8,20.415730253314695,31.65957025901297,11.243840005698274,1,20.415730253314695,31.65957025901297,11.243840005698274,-78.92951005359993,positive_cross,toward_S4,1.3606722562981535
3,miata,2024-03-29 20:33:40+00:00,40.289225,-88.126174,-50.88953194124665,1399.0,8.563676272252984,rs6,23.254553626692196,28.881226389449,5.6266727627568045,2,23.254553626692196,28.881226389449,5.6266727627568045,-27.632700444717127,positive_cross,toward_S4,1.5693179352494533
3,miata,2024-03-29 20:33:41+00:00,40.289144,-88.126174,-41.884208419924214,1400.0,9.005323521322438,rs6,14.55655170157612,32.98806815197423,18.431516450398114,2,14.55655170157612,37.81480131459877,23.25824961302265,-27.632700444717127,positive_cross,toward_S4,1.736083185644313
3,miata,2024-03-29 20:33:42+00:00,40.289062,-88.126173,-32.76923810818162,1401.0,9.114970311742596,rs6,6.595596335171344,30.25442263959239,23.658826304421048,2,6.595596335171344,46.88054541702964,40.284949081858294,-27.632700444717127,positive_cross,toward_S4,1.904878932158065
3,miata,2024-03-29 20:33:43+00:00,40.288975,-88.126172,-23.098383628268632,1402.0,9.670854479912986,rs6,6.8411622475221225,30.22428819333901,23.383125945816886,2,6.8411622475221225,49.09124826760591,42.25008602008379,-27.632700444717127,positive_cross,toward_S4,2.0839688299342316
3,miata,2024-03-29 20:33:44+00:00,40.288887,-88.12617,-13.31788235791375,1403.0,9.780501270354883,rs6,15.48931720481596,33.275093734280894,17.785776529464933,2,15.48931720481596,39.347235181017396,23.857917976201435,-27.632700444717127,positive_cross,toward_S4,2.2650892238296922
3,miata,2024-03-29 20:33:45+00:00,40.288799,-88.126168,-3.537381086768909,1404.0,9.780501271144841,rs6,24.994012476223478,29.633147687129707,4.639135210906229,2,24.994012476223478,29.633147687129707,4.639135210906229,-27.632700444717127,positive_cross,toward_S4,2.4462096177397816
3,miata,2024-03-29 20:33:46+00:00,40.288711,-88.126172,6.252300440817119,1405.0,9.789681527586028,rs3,20.114985176214553,34.7215573985785,14.606572222363944,3,20.114985176214553,34.7215573985785,14.606572222363944,26.33125891160298,positive_cross,toward_S4,2.628167435726188
3,miata,2024-03-29 20:33:47+00:00,40.288622,-88.126175,16.151628759656738,1406.0,9.899328318839618,rs3,10.949306288627056,34.45228176314317,23.502975474516113,3,10.949306288627056,44.57937852864117,33.630072240014115,26.33125891160298,positive_cross,toward_S4,2.811488330519514
3,miata,2024-03-29 20:33:48+00:00,40.288532,-88.126178,26.162133911788366,1407.0,10.010505152131628,rs3,5.600382858170537,32.623495229873335,27.023112371702798,3,5.600382858170537,53.25293044302863,47.6525475848581,26.33125891160298,positive_cross,toward_S4,2.9968680555589886
3,miata,2024-03-29 20:33:49+00:00,40.28844,-88.12618,36.39346268769737,1408.0,10.231328775909006,rs3,12.128631038050145,33.94177105833987,21.813140020289723,3,12.128631038050145,43.1073123603314,30.978681322281254,26.33125891160298,positive_cross,toward_S4,3.186337106964711
3,miata,2024-03-29 20:33:50+00:00,40.288352,-88.12618,46.177024043795974,1409.0,9.783561356098602,rs3,21.258705234131035,33.42586821462673,12.167162980495696,3,21.258705234131035,33.42586821462673,12.167162980495696,26.33125891160298,positive_cross,toward_S4,3.3675141691146853
3,miata,2024-03-29 20:33:51+00:00,40.288271,-88.126181,55.183877607990276,1410.0,9.006853564194301,rs1,24.608566064497325,30.047423724870086,5.438857660372761,4,24.608566064497325,30.047423724870086,5.438857660372761,80.2309515867141,positive_cross,toward_S4,3.5361652966902994
3,miata,2024-03-29 20:33:52+00:00,40.288198,-88.126178,63.29519633179554,1411.0,8.111318723805262,rs1,16.727549429007897,36.58301339578912,19.855463966781226,4,16.727549429007897,38.00675224904768,21.27920282003978,80.2309515867141,positive_cross,toward_S4,3.686374902686693
3,miata,2024-03-29 20:33:53+00:00,40.28813,-88.126181,70.85981114472678,1412.0,7.564614812931239,rs1,10.020823539403557,33.36546736398751,23.344643824583954,4,10.020823539403557,45.53360012031893,35.51277658091537,80.2309515867141,positive_cross,toward_S4,3.82646036218542
3,miata,2024-03-29 20:33:54+00:00,40.288071,-88.126185,77.42536449833624,1413.0,6.5655533536094595,rs1,6.243343137335069,31.674984023076615,25.431640885741544,4,6.243343137335069,52.08775914356113,45.84441600622606,80.2309515867141,positive_cross,toward_S4,3.948044683548558
3,miata,2024-03-29 20:33:55+00:00,40.288025,-88.126192,82.55020914432271,1414.0,5.124844645986471,rs1,7.431758846467584,30.93606242094679,23.504303574479206,4,7.431758846467584,57.23850004030665,49.80674119383906,80.2309515867141,positive_cross,toward_S4,4.042949214029789
3,miata,2024-03-29 20:33:56+00:00,40.287987,-88.126214,86.80858976378248,1415.0,4.258380619459771,rs1,11.40551755160923,29.615459538163687,18.209941986554455,4,11.40551755160923,61.67107104893417,50.26555349732494,80.2309515867141,positive_cross,toward_S4,4.121808114390155
3,miata,2024-03-29 20:33:57+00:00,40.287952,-88.126239,90.73803001191655,1416.0,3.929440248134071,rs1,15.657386912663318,28.625349414466527,12.967962501803209,4,15.657386912663318,65.84105063874122,50.1836637260779,80.2309515867141,positive_cross,toward_S4,4.194575526392638
3,miata,2024-03-29 20:33:58+00:00,40.287918,-88.126267,94.56088355458424,1417.0,3.822853542667687,rs1,20.066013245898844,28.02630368873522,7.960290442836374,4,20.066013245898844,69.98137240592261,49.91535916002377,80.2309515867141,positive_cross,toward_S4,4.265369110516113
3,miata,2024-03-29 20:33:59+00:00,40.287896,-88.126312,97.07562582242394,1418.0,2.514742267839708,rs1,24.4368252094819,26.17433360277821,1.7375083932963094,4,24.4368252094819,73.17544723138867,48.73862202190678,80.2309515867141,positive_cross,toward_S4,4.311938411772404
3,miata,2024-03-29 20:34:00+00:00,40.28788,-88.126363,98.9324873468441,1419.0,1.8568615244201538,rs2,24.181067961426685,28.766385884313504,4.585317922886819,4,24.181067961426685,74.18711797590927,50.00605001448259,80.2309515867141,negative_cross,toward_S4,4.346324736298704
3,miata,2024-03-29 20:34:01+00:00,40.287881,-88.126413,98.89781265731891,1420.0,-0.034674689525189706,rs2,21.442328070702413,31.941582545938754,10.499254475236341,4,21.442328070702413,73.22608983075287,51.78376176005045,80.2309515867141,negative_cross,ambiguous,4.345682612418607
3,miata,2024-03-29 20:34:02+00:00,40.287896,-88.12646,97.3020721680242,1421.0,-1.5957404892947125,rs2,17.962590493532613,34.29718576687397,16.33459527334136,4,17.962590493532613,70.98548393189668,53.022893438364065,80.2309515867141,negative_cross,toward_S1,4.316131862616854
3,miata,2024-03-29 20:34:03+00:00,40.287926,-88.126495,94.02031866137938,1422.0,-3.2817535066448187,rs2,13.688276946244658,35.38295662280041,21.69467967655575,4,13.688276946244658,67.35787646477856,53.6695995185339,80.2309515867141,negative_cross,toward_S1,4.255358649530838
3,miata,2024-03-29 20:34:04+00:00,40.287966,-88.12651,89.59619596089136,1423.0,-4.424122700488013,rs2,9.10277705082373,35.03195085012077,25.92917379929704,4,9.10277705082373,62.82302959896032,53.720252548136585,80.2309515867141,negative_cross,toward_S1,4.173430451373653
3,miata,2024-03-29 20:34:05+00:00,40.288007,-88.126509,85.03641574030641,1424.0,-4.559780220584955,rs2,5.41848628328847,33.93149098257718,28.51300469928871,4,5.41848628328847,58.28166986185242,52.86318357856395,80.2309515867141,negative_cross,toward_S1,4.0889900769183765
3,miata,2024-03-29 20:34:06+00:00,40.288058,-88.126504,79.35874701270495,1425.0,-5.677668727601457,rs2,4.8572180556946085,33.07310372245171,28.215885666757103,4,4.8572180556946085,52.666494882877025,47.809276827182416,80.2309515867141,negative_cross,toward_S1,3.9838480634442752
3,miata,2024-03-29 20:34:07+00:00,40.288118,-88.126502,72.68507691154718,1426.0,-6.673670101157768,rs2,9.824899162402183,33.624177654885614,23.79927849248343,4,9.824899162402183,46.045519907789966,36.220620745387784,80.2309515867141,negative_cross,toward_S1,3.8602615800895017
3,miata,2024-03-29 20:34:08+00:00,40.288185,-88.126499,65.23163893192971,1427.0,-7.453437979617476,rs2,16.85038238677113,35.67509647509517,18.824714088324036,4,16.85038238677113,38.683360880400045,21.832978493628914,80.2309515867141,negative_cross,toward_S1,3.722234950837326
3,miata,2024-03-29 20:34:09+00:00,40.288257,-88.126498,57.225376869929036,1428.0,-8.006262062000673,rs2,24.64524932666746,30.788298435833287,6.143049109165826,4,24.64524932666746,30.788298435833287,6.143049109165826,80.2309515867141,negative_cross,toward_S1,3.573970838578054
3,miata,2024-03-29 20:34:10+00:00,40.288331,-88.126497,48.99676114130084,1429.0,-8.2286157286282,rs5,22.756293826811195,32.76395768458546,10.007663857774268,3,22.756293826811195,32.76395768458546,10.007663857774268,26.33125891160298,negative_cross,toward_S1,3.4197315227721825
3,miata,2024-03-29 20:34:11+00:00,40.288406,-88.126496,40.65696857856896,1430.0,-8.33979256273188,rs5,14.83973560704485,35.6288406591301,20.789105052085247,3,14.83973560704485,41.03798594451538,26.198250337470526,26.33125891160298,negative_cross,toward_S1,3.265290919758629
3,miata,2024-03-29 20:34:12+00:00,40.288481,-88.126488,32.30646571648054,1431.0,-8.350502862088419,rs5,8.30260764750198,32.465647219268604,24.163039571766625,3,8.30260764750198,49.400986095940475,41.098378448438496,26.33125891160298,negative_cross,toward_S1,3.1106519778681028
3,miata,2024-03-29 20:34:13+00:00,40.288557,-88.126479,23.843255977438297,1432.0,-8.463209739042242,rs5,7.720931107390472,31.20801348703329,23.48708237964282,3,7.720931107390472,51.11971792132991,43.39878681393944,26.33125891160298,negative_cross,toward_S1,2.953925871589543
3,miata,2024-03-29 20:34:14+00:00,40.288633,-88.12647,15.38004623837431,1433.0,-8.463209739063986,rs5,13.94172231354634,32.217098779081425,18.275376465535086,3,13.94172231354634,42.77067019730464,28.8289478837583,26.33125891160298,negative_cross,toward_S1,2.7971997653105802
3,miata,2024-03-29 20:34:15+00:00,40.288712,-88.126461,6.5833059986008635,1434.0,-8.796740239773447,rs5,22.060201086862826,34.15976615501536,12.099565068152536,3,22.060201086862826,34.15976615501536,12.099565068152536,26.33125891160298,negative_cross,toward_S1,2.6342971682777385
3,miata,2024-03-29 20:34:16+00:00,40.288792,-88.126452,-2.324611075298032,1435.0,-8.907917073898895,rs7,25.583125047107934,30.67577246726565,5.092647420157714,2,25.583125047107934,30.67577246726565,5.092647420157714,-27.632700444717127,negative_cross,toward_S1,2.468668321655909
3,miata,2024-03-29 20:34:17+00:00,40.288875,-88.126446,-11.561468520500858,1436.0,-9.236857445202826,rs7,16.96023707132228,32.21573332127872,15.25549624995644,2,16.96023707132228,39.6902714668849,22.730034395562623,-27.632700444717127,negative_cross,toward_S1,2.297615406004005
3,miata,2024-03-29 20:34:18+00:00,40.288958,-88.126442,-20.795265880749927,1437.0,-9.233797360249069,rs7,9.453811533208853,28.384567008687885,18.93075547547903,2,9.453811533208853,48.755552636493555,39.3017411032847,-27.632700444717127,negative_cross,toward_S1,2.126619158591985
3,miata,2024-03-29 20:34:19+00:00,40.289042,-88.126442,-30.134119902803576,1438.0,-9.33885402205365,rs7,7.587839233469435,27.627591026219026,20.03975179274959,2,7.587839233469435,48.385294832761446,40.79745559929201,-27.632700444717127,negative_cross,toward_S1,1.9536774174428435
3,miata,2024-03-29 20:34:20+00:00,40.289125,-88.126442,-39.361797090753505,1439.0,-9.22767718794993,rs7,14.058207488017306,29.880884643993838,15.822677155976532,2,14.058207488017306,39.17753662129207,25.119329133274764,-27.632700444717127,negative_cross,toward_S1,1.7827945065548818
3,miata,2024-03-29 20:34:21+00:00,40.289206,-88.126444,-48.36406052631049,1440.0,-9.002263435556983,rs7,22.278143375190176,30.188635001385663,7.910491626195487,2,22.278143375190176,30.188635001385663,7.910491626195487,-27.632700444717127,negative_cross,toward_S1,1.6160859244149377
3,miata,2024-03-29 20:34:22+00:00,40.289286,-88.126447,-57.25361708491366,1441.0,-8.889556558603168,rs10,21.31771757289308,30.814958859390106,9.497241286497026,1,21.31771757289308,30.814958859390106,9.497241286497026,-78.92951005359993,negative_cross,toward_S1,1.401405425346042
3,miata,2024-03-29 20:34:23+00:00,40.289362,-88.126448,-65.70152639521558,1442.0,-8.447909310301924,rs10,12.960595915399038,30.578692855790926,17.618096940391887,1,12.960595915399038,39.10175247292865,26.141156557529612,-78.92951005359993,negative_cross,toward_S1,1.2449626603404509
3,miata,2024-03-29 20:34:24+00:00,40.289436,-88.126446,-73.9316721675056,1443.0,-8.230145772290015,rs10,5.266116517017432,27.82339342876014,22.55727691174271,1,5.266116517017432,47.26213162684838,41.99601510983095,-78.92951005359993,negative_cross,toward_S1,1.0925525534461913
3,miata,2024-03-29 20:34:25+00:00,40.289501,-88.126445,-81.15969639394015,1444.0,-7.228024226434556,rs10,3.998925987850189,27.351715614740627,23.352789626890438,1,3.998925987850189,54.439975666998095,50.44104967914791,-78.92951005359993,negative_cross,toward_S1,0.9587002529566625
3,miata,2024-03-29 20:34:26+00:00,40.289556,-88.12644,-87.28207245558656,1445.0,-6.122376061646406,rs10,9.482979476709835,28.084019938716384,18.60104046200655,1,9.482979476709835,60.56388062082683,51.08090114411699,-78.92951005359993,negative_cross,toward_S1,0.845322918481729
3,miata,2024-03-29 20:34:27+00:00,40.289599,-88.126432,-92.07491664373543,1446.0,-4.792844188148877,rs10,14.239448796452477,29.232699627498715,14.993250831046238,1,14.239448796452477,65.39339148571582,51.153942689263346,-78.92951005359993,negative_cross,toward_S1,0.7565665446271203
3,miata,2024-03-29 20:34:28+00:00,40.289634,-88.126397,-96.01965731984161,1447.0,-3.9447406761061785,rs10,18.89038586796356,28.716256760557293,9.825870892593734,1,18.89038586796356,69.65812765691057,50.767741788947006,-78.92951005359993,negative_cross,toward_S1,0.6835157913658947
3,miata,2024-03-29 20:34:29+00:00,40.289658,-88.126353,-98.7552232130169,1448.0,-2.7355658931752913,rs10,22.882625337411973,27.62033242112835,4.737707083716376,1,22.882625337411973,72.94759270393924,50.06496736652726,-78.92951005359993,negative_cross,toward_S1,0.6328571637145004
3,miata,2024-03-29 20:34:30+00:00,40.289672,-88.126304,-100.38667098425412,1449.0,-1.6314477712372195,rs8,26.111343670011795,26.36691629983378,0.2555726298219838,1,26.111343670011795,74.18044863507963,48.06910496506784,-78.92951005359993,positive_cross,toward_S1,0.6026451679508482
3,miata,2024-03-29 20:34:31+00:00,40.289671,-88.126252,-100.35505637970446,1450.0,0.031614604549659475,rs8,23.69648987364122,28.997407751853956,5.300917878212736,1,23.69648987364122,73.25675139801596,49.560261524374745,-78.92951005359993,positive_cross,ambiguous,0.6032306235906567
3,miata,2024-03-29 20:34:32+00:00,40.289655,-88.126209,-98.64201888637676,1451.0,1.713037493327704,rs8,20.581896331943327,30.342892585849004,9.760996253905677,1,20.581896331943327,71.00892881060463,50.4270324786613,-78.92951005359993,positive_cross,toward_S4,0.6349535401337623
3,miata,2024-03-29 20:34:33+00:00,40.289615,-88.126177,-94.24390691400733,1452.0,4.398111972369435,rs8,15.492595863552049,29.91960045030418,14.427004586752131,1,15.492595863552049,66.32692001159651,50.834324148044466,-78.92951005359993,positive_cross,toward_S4,0.7164000581406037
3,miata,2024-03-29 20:34:34+00:00,40.289564,-88.126165,-88.59224891529267,1453.0,5.651657998714654,rs8,9.794296592413772,28.37772779409955,18.583431201685777,1,9.794296592413772,60.59623304636006,50.80193645394629,-78.92951005359993,positive_cross,toward_S4,0.8210603914501343
3,miata,2024-03-29 20:34:35+00:00,40.289504,-88.126168,-81.91704877124131,1454.0,6.6752001440513595,rs8,4.504136505649807,26.56771945230978,22.063582946659974,1,4.504136505649807,53.95875751431468,49.45462100866487,-78.92951005359993,positive_cross,toward_S4,0.944675208932567
3,miata,2024-03-29 20:34:36+00:00,40.289436,-88.126172,-74.35090391546,1455.0,7.566144855781317,rs8,6.543140113216319,26.425627032632505,19.882486919416188,1,6.543140113216319,46.45551106079006,39.91237094757374,-78.92951005359993,positive_cross,toward_S4,1.0847890025581468
3,miata,2024-03-29 20:34:37+00:00,40.289354,-88.126177,-65.22675334644275,1456.0,9.124150569017246,rs8,14.919265954798728,28.998954347830274,14.079688393031546,1,14.919265954798728,37.445787187571135,22.526521232772406,-78.92951005359993,positive_cross,toward_S4,1.253754753836244
3,miata,2024-03-29 20:34:38+00:00,40.289261,-88.126183,-54.87812756494261,1457.0,10.34862578150014,rs8,25.070526697448873,27.330244249252523,2.25971755180365,1,25.070526697448873,27.330244249252523,2.25971755180365,-78.92951005359993,positive_cross,toward_S4,1.4453959720121725
3,miata,2024-03-29 20:34:39+00:00,40.28916,-88.126185,-43.646207286050014,1458.0,11.231920278892595,rs6,16.546715246507997,32.98069720001724,16.433981953509242,2,16.546715246507997,36.1697359455284,19.623020699020405,-27.632700444717127,positive_cross,toward_S4,1.703453577012354
3,miata,2024-03-29 20:34:40+00:00,40.289059,-88.126183,-32.42040717868836,1459.0,11.225800107361657,rs6,7.015757785404882,29.361877822860155,22.34612003745527,2,7.015757785404882,47.29576476560085,40.28000698019597,-27.632700444717127,positive_cross,toward_S4,1.911338764185718
3,miata,2024-03-29 20:34:41+00:00,40.288958,-88.126179,-21.19766715707041,1460.0,11.222740021617948,rs6,8.678022172024207,29.981388818449748,21.30336664642554,2,8.678022172024207,47.27844233862522,38.60042016660101,-27.632700444717127,positive_cross,toward_S4,2.1191672831045687
3,miata,2024-03-29 20:34:42+00:00,40.288856,-88.126176,-9.862220259245108,1461.0,11.335446897825301,rs6,18.945018761418087,34.45554742959396,15.510528668175876,2,18.945018761418087,36.001686572664184,17.056667811246097,-27.632700444717127,positive_cross,toward_S4,2.32908296639763
3,miata,2024-03-29 20:34:43+00:00,40.28875,-88.126175,1.9209940591588175,1462.0,11.783214318403925,rs3,24.391497429716058,30.467335791333998,6.07583836161794,3,24.391497429716058,30.467335791333998,6.07583836161794,26.33125891160298,positive_cross,toward_S4,2.547958058288071
3,miata,2024-03-29 20:34:44+00:00,40.288643,-88.126174,13.815385210876494,1463.0,11.894391151717677,rs3,13.005047483461691,35.30036131391014,22.295313830448446,3,13.005047483461691,42.24868142031912,29.24363393685743,26.33125891160298,positive_cross,toward_S4,2.7682245610976577
3,miata,2024-03-29 20:34:45+00:00,40.288538,-88.126176,25.492012823792283,1464.0,11.676627612915789,rs3,5.417565197079813,32.80584678501168,27.388281587931868,3,5.417565197079813,53.883878653381515,48.466313456301705,26.33125891160298,positive_cross,toward_S4,2.9844584057812833
3,miata,2024-03-29 20:34:46+00:00,40.288438,-88.126176,36.609696183605664,1465.0,11.11768335981338,rs3,12.170231268294321,34.33161126873524,22.161380000440914,3,12.170231268294321,42.84388666888512,30.673655400590796,26.33125891160298,positive_cross,toward_S4,3.1903414309630125
3,miata,2024-03-29 20:34:47+00:00,40.288344,-88.126177,47.06184858403852,1466.0,10.452152400432858,rs3,22.05180040585944,32.506205850349254,10.454405444489815,3,22.05180040585944,32.506205850349254,10.454405444489815,26.33125891160298,positive_cross,toward_S4,3.383899808748806
3,miata,2024-03-29 20:34:48+00:00,40.288258,-88.12618,56.62764640214694,1467.0,9.565797818108415,rs1,23.183306622740425,31.451444791652932,8.268138168912508,4,23.183306622740425,31.451444791652932,8.268138168912508,80.2309515867141,positive_cross,toward_S4,3.5629017558413487
3,miata,2024-03-29 20:34:49+00:00,40.288185,-88.126182,64.74661534033322,1468.0,8.118968938186285,rs1,15.4893382677252,35.607522102091394,20.118183834366192,4,15.4893382677252,39.487053140573806,23.997714872848604,80.2309515867141,positive_cross,toward_S4,3.7132530324744284
3,miata,2024-03-29 20:34:50+00:00,40.288117,-88.126187,72.31429023900817,1469.0,7.567674898674952,rs1,9.199903159459538,32.46878130637707,23.26887814691753,4,9.199903159459538,47.033956715416274,37.834053555956736,80.2309515867141,positive_cross,toward_S4,3.853395160227668
3,miata,2024-03-29 20:34:51+00:00,40.288056,-88.126194,79.10678738865067,1470.0,6.7924971496425,rs1,6.77061778581442,30.77409090351415,24.00347311769973,4,6.77061778581442,53.83784644578042,47.067228659966,80.2309515867141,positive_cross,toward_S4,3.979182144480307
3,miata,2024-03-29 20:34:52+00:00,40.288001,-88.126201,85.23222353604082,1471.0,6.125436147390147,rs1,9.552543836933488,30.43714517187332,20.88460133493983,4,9.552543836933488,59.98114613393805,50.42860229700456,80.2309515867141,positive_cross,toward_S4,4.092616147209754
3,miata,2024-03-29 20:34:53+00:00,40.287957,-88.126208,90.13471451463158,1472.0,4.902490978590762,rs1,13.559231954145753,30.940052519950726,17.380820565804974,4,13.559231954145753,64.9109493536691,51.351717399523345,80.2309515867141,positive_cross,toward_S4,4.183403017183657
3,miata,2024-03-29 20:34:54+00:00,40.287921,-88.126238,94.18298181046043,1473.0,4.04826729582885,rs1,18.29735289840536,30.054839303222344,11.757486404816984,4,18.29735289840536,69.23188933432012,50.93453643591475,80.2309515867141,positive_cross,toward_S4,4.258370930069376
3,miata,2024-03-29 20:34:55+00:00,40.287893,-88.126277,97.35560482329964,1474.0,3.1726230128392103,rs1,22.76558448385474,28.769901481627574,6.004316997772833,4,22.76558448385474,72.87251857232597,50.106934088471235,80.2309515867141,positive_cross,toward_S4,4.317123208084918
3,miata,2024-03-29 20:34:56+00:00,40.287878,-88.126324,99.09516934210693,1475.0,1.7395645188072848,rs1,26.598893409589163,26.684403168622023,0.08550975903285973,4,26.598893409589163,75.22551029645916,48.626616886869996,80.2309515867141,positive_cross,toward_S4,4.349337365840608
3,miata,2024-03-29 20:34:57+00:00,40.287875,-88.126377,99.509792115264,1476.0,0.4146227731570775,rs2,23.818168596662392,30.018479516981532,6.20031092031914,4,23.818168596662392,74.4686336901685,50.650465093506114,80.2309515867141,negative_cross,ambiguous,4.3570155653435165
3,miata,2024-03-29 20:34:58+00:00,40.287881,-88.126428,98.920763300462,1477.0,-0.5890288148020062,rs2,20.74825221686924,32.960758753389406,12.212506536520166,4,20.74825221686924,73.01640144927991,52.26814923241067,80.2309515867141,negative_cross,toward_S1,4.346107624328665
3,miata,2024-03-29 20:34:59+00:00,40.287902,-88.126474,96.65643176683302,1478.0,-2.264331533628976,rs2,16.84572550329185,34.98776104218256,18.142035538890713,4,16.84572550329185,70.18620873720346,53.34048323391161,80.2309515867141,negative_cross,toward_S1,4.3041755588910915
3,miata,2024-03-29 20:35:00+00:00,40.287935,-88.126506,93.03655763081969,1479.0,-3.619874136013337,rs2,12.417816715790785,35.850391297485594,23.43257458169481,4,12.417816715790785,66.2864976723041,53.86868095651331,80.2309515867141,negative_cross,toward_S1,4.237140852668622
3,miata,2024-03-29 20:35:01+00:00,40.287978,-88.126515,88.26972417155763,1480.0,-4.76683345926206,rs2,7.717625298844916,35.086428395608564,27.36880309676365,4,7.717625298844916,61.46247258818983,53.74484728934492,80.2309515867141,negative_cross,toward_S1,4.148866158978584
3,miata,2024-03-29 20:35:02+00:00,40.288027,-88.126515,82.82205932575464,1481.0,-5.44766484580299,rs2,3.7707353809515602,34.15490613811103,30.38417075715947,4,3.7707353809515602,56.02525003018706,52.2545146492355,80.2309515867141,negative_cross,toward_S1,4.0479834766488985
3,miata,2024-03-29 20:35:03+00:00,40.288082,-88.126507,76.69509313470266,1482.0,-6.126966191051977,rs2,6.267468229791532,33.45477582091314,27.18730759112161,4,6.267468229791532,49.98495594502394,43.71748771523241,80.2309515867141,negative_cross,toward_S1,3.934521139777566
3,miata,2024-03-29 20:35:04+00:00,40.288147,-88.126501,69.45941869388706,1483.0,-7.2356744408156,rs2,12.796815262787943,34.35281132350255,21.555996060714605,4,12.796815262787943,42.85181810181144,30.055002839023494,80.2309515867141,negative_cross,toward_S1,3.8005271686513513
3,miata,2024-03-29 20:35:05+00:00,40.288213,-88.126497,62.115627505501436,1484.0,-7.343791188385623,rs2,19.895517739393004,35.62809084623911,15.732573106846107,4,19.895517739393004,35.62809084623911,15.732573106846107,80.2309515867141,negative_cross,toward_S1,3.664531035533099
3,miata,2024-03-29 20:35:06+00:00,40.288292,-88.126498,53.334187694468326,1485.0,-8.78143981103311,rs5,26.96624208154004,28.47015592820701,1.5039138466669684,3,26.96624208154004,28.47015592820701,1.5039138466669684,26.33125891160298,negative_cross,toward_S1,3.5000542367197287
3,miata,2024-03-29 20:35:07+00:00,40.288376,-88.1265,43.99839375815839,1486.0,-9.335793936309933,rs5,17.8671393572031,37.406712755105005,19.539573397901904,3,17.8671393572031,37.684966192647465,19.817826835444365,26.33125891160298,negative_cross,toward_S1,3.3271691638251
3,miata,2024-03-29 20:35:08+00:00,40.288462,-88.126499,34.43565602581543,1487.0,-9.56273773234296,rs5,9.231765853277686,33.833783299676284,24.602017446398598,3,9.231765853277686,47.19792955512188,37.966163701844195,26.33125891160298,negative_cross,toward_S1,3.1500814280409712
3,miata,2024-03-29 20:35:09+00:00,40.288547,-88.126489,24.97032474170772,1488.0,-9.465331284107712,rs5,6.536017061070538,31.99231931400062,25.456302252930083,3,6.536017061070538,52.173328228805545,45.63731116773501,26.33125891160298,negative_cross,toward_S1,2.97479751537231
3,miata,2024-03-29 20:35:10+00:00,40.288639,-88.126473,14.71757536475926,1489.0,-10.252749376948461,rs5,14.3619872540575,32.684937676967714,18.322950422910214,3,14.3619872540575,42.08016869948668,27.718181445429178,26.33125891160298,negative_cross,toward_S1,2.784931786169561
3,miata,2024-03-29 20:35:11+00:00,40.288735,-88.126461,4.026238825275017,1490.0,-10.691336539484242,rs5,24.435851316267804,31.635931121227806,7.200079804960001,3,24.435851316267804,31.635931121227806,7.200079804960001,26.33125891160298,negative_cross,toward_S1,2.5869440724754083
3,miata,2024-03-29 20:35:12+00:00,40.288835,-88.126454,-7.102154833894888,1491.0,-11.128393659169905,rs7,20.92228207751088,35.21128122995756,14.288999152446678,2,20.92228207751088,35.215239534470236,14.292957456959357,-27.632700444717127,negative_cross,toward_S1,2.3801952890893006
3,miata,2024-03-29 20:35:13+00:00,40.288935,-88.126447,-18.23054849383301,1492.0,-11.128393659938121,rs7,11.080750579212756,29.517284036674408,18.43653345746165,2,11.080750579212756,46.165428101456,35.08467752224325,-27.632700444717127,negative_cross,toward_S1,2.1741139250163726
3,miata,2024-03-29 20:35:14+00:00,40.289034,-88.126442,-29.244705233923707,1493.0,-11.014156740090698,rs7,7.285743208794132,27.56447201918939,20.278728810395258,2,7.285743208794132,49.273264725174656,41.987521516380525,-27.632700444717127,negative_cross,toward_S1,1.9701480594591374
3,miata,2024-03-29 20:35:15+00:00,40.289131,-88.126441,-40.030388135087776,1494.0,-10.78568290116407,rs7,14.681831272607681,30.069552584954202,15.387721312346521,2,14.681831272607681,38.519369788237086,23.837538515629404,-27.632700444717127,negative_cross,toward_S1,1.7704131909190621
3,miata,2024-03-29 20:35:16+00:00,40.289225,-88.126441,-50.48101049343874,1495.0,-10.450622358350962,rs7,24.371385967363533,28.114401700975222,3.7430157336116885,2,24.371385967363533,28.114401700975222,3.7430157336116885,-27.632700444717127,negative_cross,toward_S1,1.576883147245896
3,miata,2024-03-29 20:35:17+00:00,40.289318,-88.126442,-60.81892597481414,1496.0,-10.337915481375404,rs10,17.86288016678873,32.58326275500483,14.7203825882161,1,17.86288016678873,34.384652921673265,16.521772754884534,-78.92951005359993,negative_cross,toward_S1,1.3353811866441812
3,miata,2024-03-29 20:35:18+00:00,40.289409,-88.126443,-70.93448778877209,1497.0,-10.115561813957946,rs10,8.064086887094627,28.282459740671435,20.21837285357681,1,8.064086887094627,44.32973706106521,36.265650173970585,-78.92951005359993,negative_cross,toward_S1,1.1480559678671822
3,miata,2024-03-29 20:35:19+00:00,40.289489,-88.126444,-79.82710443388717,1498.0,-8.892616645115083,rs10,3.297948258349533,27.195173619179883,23.89722536083035,1,3.297948258349533,53.12656114999701,49.828612891647474,-78.92951005359993,negative_cross,toward_S1,0.9833778818465325
3,miata,2024-03-29 20:35:20+00:00,40.289558,-88.126446,-87.49524586575112,1499.0,-7.668141431863944,rs10,9.52998671741445,28.63603579606779,19.106049078653342,1,9.52998671741445,60.726989000247904,51.19700228283345,-78.92951005359993,negative_cross,toward_S1,0.8413752627379409
3,miata,2024-03-29 20:35:21+00:00,40.28961,-88.126438,-93.28868155609361,1500.0,-5.793435690342491,rs10,15.294041983151695,30.246384281097534,14.952342297945838,1,15.294041983151695,66.55031010525926,51.256268122107564,-78.92951005359993,negative_cross,toward_S1,0.7340894166204874
3,miata,2024-03-29 20:35:22+00:00,40.289647,-88.126406,-97.45118577097993,1501.0,-4.162504214886326,rs10,19.992126721169424,30.193978516604616,10.201851795435193,1,19.992126721169424,70.9749376210691,50.982810899899675,-78.92951005359993,negative_cross,toward_S1,0.6570060052337037
3,miata,2024-03-29 20:35:23+00:00,40.28967,-88.126364,-100.0725147443078,1502.0,-2.621328973327863,rs10,23.671118333674222,29.226332286387848,5.5552139527136255,1,23.671118333674222,74.07902121855513,50.407902884880905,-78.92951005359993,negative_cross,toward_S1,0.6084628760980024
3,miata,2024-03-29 20:35:24+00:00,40.289681,-88.126311,-101.37655218632298,1503.0,-1.3040374420151863,rs10,26.88042496432877,27.27069928572919,0.39027432140041896,1,26.88042496432877,75.28597889759698,48.40555393326821,-78.92951005359993,negative_cross,toward_S1,0.5843140345792026
3,miata,2024-03-29 20:35:25+00:00,40.289676,-88.126257,-100.90329033347207,1504.0,0.4732618528509107,rs8,24.385687980177558,29.139504680951802,4.7538167007742445,1,24.385687980177558,73.87288339751781,49.48719541734025,-78.92951005359993,positive_cross,ambiguous,0.5930781429653307
3,miata,2024-03-29 20:35:26+00:00,40.289655,-88.126214,-98.63436867199573,1505.0,2.268921661476341,rs8,20.735033867907283,30.023925135497084,9.2888912675898,1,20.735033867907283,71.05650623828171,50.32147237037443,-78.92951005359993,positive_cross,toward_S4,0.6350952107704481
3,miata,2024-03-29 20:35:27+00:00,40.289619,-88.126184,-94.67790394871751,1506.0,3.9564647232782164,rs8,16.097682167245708,29.64871494722951,13.551032779983803,1,16.097682167245708,66.81799750486941,50.7203153376237,-78.92951005359993,positive_cross,toward_S4,0.708363076016341
3,miata,2024-03-29 20:35:28+00:00,40.289576,-88.12617,-89.91872070383648,1507.0,4.759183244881029,rs8,11.192667283835695,28.47372485071435,17.28105756687866,1,11.192667283835695,61.95706374239265,50.76439645855695,-78.92951005359993,positive_cross,toward_S4,0.7964960990696934
3,miata,2024-03-29 20:35:29+00:00,40.289525,-88.126166,-84.2548223621252,1508.0,5.663898341711288,rs8,6.00236475283881,27.106811689191105,21.104446936352296,1,6.00236475283881,56.27483289221928,50.27246813938047,-78.92951005359993,positive_cross,toward_S4,0.9013831053976802
3,miata,2024-03-29 20:35:30+00:00,40.289465,-88.126165,-77.58574238958302,1509.0,6.669079972542178,rs8,3.9785737995570862,26.66898970056458,22.690415901007494,1,3.9785737995570862,49.61448383325147,45.63591003369439,-78.92951005359993,positive_cross,toward_S4,1.0248845863706835
3,miata,2024-03-29 20:35:31+00:00,40.289399,-88.126167,-70.24501128696285,1510.0,7.340731102620168,rs8,9.918358994724004,27.825157587793516,17.90679859306951,1,9.918358994724004,42.31835373380815,32.39999473908415,-78.92951005359993,positive_cross,toward_S4,1.16082405123402
3,miata,2024-03-29 20:35:32+00:00,40.289326,-88.126172,-62.12145222013923,1511.0,8.123559066823617,rs8,17.808948392360005,30.937795522664242,13.128847130304237,1,17.808948392360005,34.3026912641657,16.493742871805697,-78.92951005359993,positive_cross,toward_S4,1.3112603302492722
3,miata,2024-03-29 20:35:33+00:00,40.289248,-88.126175,-53.44506907091068,1512.0,8.676383149228556,rs6,25.779285368055955,26.36783534307517,0.588549975019216,2,25.779285368055955,26.36783534307517,0.588549975019216,-27.632700444717127,positive_cross,toward_S4,1.5219931735890082
3,miata,2024-03-29 20:35:34+00:00,40.289164,-88.126176,-44.104685005985175,1513.0,9.340384064925502,rs6,16.72298215921062,33.864302020419345,17.141319861208725,2,16.72298215921062,35.62620758709259,18.903225427881967,-27.632700444717127,positive_cross,toward_S4,1.6949632488654065
3,miata,2024-03-29 20:35:35+00:00,40.289077,-88.126176,-34.43230048320033,1514.0,9.672384522784846,rs6,8.011385384910046,30.337071650157515,22.32568626524747,2,8.011385384910046,45.24337816064716,37.23199277573711,-27.632700444717127,positive_cross,toward_S4,1.8740814807688295
3,miata,2024-03-29 20:35:36+00:00,40.288986,-88.126174,-24.318268712114246,1515.0,10.114031771086083,rs6,6.12675341454441,29.898511264616026,23.771757850071616,2,6.12675341454441,50.32574112332655,44.19898770878214,-27.632700444717127,positive_cross,toward_S4,2.061378365418572
3,miata,2024-03-29 20:35:37+00:00,40.288889,-88.126173,-13.535645895925674,1516.0,10.782622816188573,rs6,15.352362372845382,32.94988696936925,17.59752459652387,2,15.352362372845382,39.60031402984278,24.247951656997394,-27.632700444717127,positive_cross,toward_S4,2.26105656571836
3,miata,2024-03-29 20:35:38+00:00,40.288791,-88.126172,-2.6418462471915727,1517.0,10.8937996487341,rs6,25.929404904603448,28.81293621770537,2.8835313131019227,2,25.929404904603448,28.81293621770537,2.8835313131019227,-27.632700444717127,positive_cross,toward_S4,2.4627935962504734
3,miata,2024-03-29 20:35:39+00:00,40.288693,-88.126172,8.253483445204346,1518.0,10.895329692395919,rs3,18.1846570217487,36.70682953783745,18.52217251608875,3,18.1846570217487,36.70682953783745,18.52217251608875,26.33125891160298,positive_cross,toward_S4,2.665226380251877
3,miata,2024-03-29 20:35:40+00:00,40.288594,-88.126172,19.259989970914013,1519.0,11.006506525709668,rs3,8.207233607617846,33.90144002280025,25.694206415182407,3,8.207233607617846,47.65096452706182,39.44373091944397,26.33125891160298,positive_cross,toward_S4,2.8690505751724267
3,miata,2024-03-29 20:35:41+00:00,40.288498,-88.126175,29.937556125319748,1520.0,10.677566154405735,rs3,6.800984265012147,33.061735975850596,26.26075171083845,3,6.800984265012147,49.465123844436974,42.66413957942483,26.33125891160298,positive_cross,toward_S4,3.066783281735496
3,miata,2024-03-29 20:35:42+00:00,40.288402,-88.126176,40.61206219317007,1521.0,10.67450606785032,rs3,15.856848247285026,35.72263085558876,19.865782608303736,3,15.856848247285026,38.87292641271271,23.016078165427682,26.33125891160298,positive_cross,toward_S4,3.26445932002902
3,miata,2024-03-29 20:35:43+00:00,40.288308,-88.126178,51.0657446364748,1522.0,10.453682443304729,rs3,25.966826385246517,28.579703966862027,2.6128775816155105,3,25.966826385246517,28.579703966862027,2.6128775816155105,26.33125891160298,positive_cross,toward_S4,3.4580460319420707
3,miata,2024-03-29 20:35:44+00:00,40.28822,-88.12618,60.85236607833885,1523.0,9.78662144186405,rs1,19.108208379355798,35.61514236174452,16.50693398238872,4,19.108208379355798,35.61514236174452,16.50693398238872,80.2309515867141,positive_cross,toward_S4,3.6411373054004583
3,miata,2024-03-29 20:35:45+00:00,40.288142,-88.126181,69.52568914180193,1524.0,8.673323063463087,rs1,11.147146122535073,33.79034473420789,22.64319861167282,4,11.147146122535073,44.21022801096746,33.06308188843239,80.2309515867141,positive_cross,toward_S4,3.8017543991682934
3,miata,2024-03-29 20:35:46+00:00,40.288076,-88.126182,76.86489020234022,1525.0,7.3392010605382865,rs1,6.179668173435874,31.99303357088349,25.813365397447615,4,6.179668173435874,51.5057075237188,45.326039350282926,80.2309515867141,positive_cross,toward_S4,3.9376655299190024
3,miata,2024-03-29 20:35:47+00:00,40.288022,-88.126184,82.87149930203559,1526.0,6.006609099695368,rs1,7.008653049559573,31.63310738587872,24.624454336319147,4,7.008653049559573,57.49397695492691,50.48532390536734,80.2309515867141,positive_cross,toward_S4,4.048899031765213
3,miata,2024-03-29 20:35:48+00:00,40.287976,-88.12619,87.99481390436023,1527.0,5.1233146023246405,rs1,10.951871017718585,31.86410790913849,20.912236891419905,4,10.951871017718585,62.63553616285812,51.68366514513954,80.2309515867141,positive_cross,toward_S4,4.143775228104558
3,miata,2024-03-29 20:35:49+00:00,40.287942,-88.126213,91.81001723266861,1528.0,3.8152033283083853,rs1,15.172339440403924,31.079897736649958,15.907558296246034,4,15.172339440403924,66.61966999477447,51.447330554370545,80.2309515867141,positive_cross,toward_S4,4.2144271415917505
3,miata,2024-03-29 20:35:50+00:00,40.287911,-88.126247,95.308520531858,1529.0,3.4985032991893803,rs1,19.646443301110097,29.888384477201942,10.241941176091846,4,19.646443301110097,70.45098891442424,50.80454561331415,80.2309515867141,positive_cross,toward_S4,4.279214239724887
3,miata,2024-03-29 20:35:51+00:00,40.287888,-88.126289,97.92984950516411,1530.0,2.6213289733061202,rs1,23.830059922831325,28.266733215779773,4.4366732929484485,4,23.830059922831325,73.6190773551607,49.78901743232937,80.2309515867141,positive_cross,toward_S4,4.327757368860185
3,miata,2024-03-29 20:35:52+00:00,40.287877,-88.126342,99.23388694717934,1531.0,1.304037442015229,rs2,25.656581401909392,27.723840526316852,2.0672591244074603,4,25.656581401909392,74.93686406986293,49.28028266795354,80.2309515867141,negative_cross,toward_S4,4.351906210378986
3,miata,2024-03-29 20:35:53+00:00,40.287878,-88.126397,99.20686247203518,1532.0,-0.02702447514415951,rs2,22.505237729113514,31.08628946564158,8.581051736528067,4,22.505237729113514,73.8009554070292,51.29571767791569,80.2309515867141,negative_cross,ambiguous,4.351405757135575
3,miata,2024-03-29 20:35:54+00:00,40.287892,-88.126447,97.72688894548148,1533.0,-1.4799735265537066,rs2,18.87583466353557,33.59757266499609,14.721738001460523,4,18.87583466353557,71.5697219196755,52.69388725613993,80.2309515867141,negative_cross,toward_S1,4.323998839977174
3,miata,2024-03-29 20:35:55+00:00,40.287917,-88.126488,95.01019986342651,1534.0,-2.7166890820549696,rs2,14.84065209242734,35.26774768396829,20.427095591540947,4,14.84065209242734,68.40766040456344,53.5670083121361,80.2309515867141,negative_cross,toward_S1,4.273689782902082
3,miata,2024-03-29 20:35:56+00:00,40.287952,-88.126514,91.15879180274281,1535.0,-3.8514080606836956,rs2,10.408861380499484,35.82796105738596,25.41909967688648,4,10.408861380499484,64.35378295625453,53.944921575755046,80.2309515867141,negative_cross,toward_S1,4.2023674114079395
3,miata,2024-03-29 20:35:57+00:00,40.287997,-88.126523,86.16960467687498,1536.0,-4.989187125867829,rs2,5.536694730970598,35.29332474472335,29.75663001375275,4,5.536694730970598,59.31166123074733,53.77496649977674,80.2309515867141,negative_cross,toward_S1,4.109975057225202
3,miata,2024-03-29 20:35:58+00:00,40.288046,-88.126524,80.72346987315389,1537.0,-5.446134803721094,rs2,2.8067268240543397,34.78572871188935,31.979001887835008,4,2.8067268240543397,53.86594608983413,51.059219265779795,80.2309515867141,negative_cross,toward_S1,4.009120709008144
3,miata,2024-03-29 20:35:59+00:00,40.2881,-88.126524,74.71992085920226,1538.0,-6.003549013951627,rs2,7.218215167859139,35.11638494730417,27.89816977944503,4,7.218215167859139,47.87216260506633,40.653947437207194,80.2309515867141,negative_cross,toward_S1,3.8979438754164475
3,miata,2024-03-29 20:36:00+00:00,40.288166,-88.126522,67.37918975656035,1539.0,-7.340731102641911,rs2,14.320931196516677,36.70994660635425,22.389015409837576,4,14.320931196516677,40.56544748982899,26.244516293312316,80.2309515867141,negative_cross,toward_S1,3.7620044105527084
3,miata,2024-03-29 20:36:01+00:00,40.288237,-88.126515,59.47492427062051,1540.0,-7.904265485939838,rs2,22.198310889670914,32.771325422319585,10.57301453264867,4,22.198310889670914,32.771325422319585,10.57301453264867,80.2309515867141,negative_cross,toward_S1,3.6156291237760447
3,miata,2024-03-29 20:36:02+00:00,40.288316,-88.126509,50.682774159462646,1541.0,-8.792150111157866,rs5,24.165825583219835,30.96850361356288,6.802678030343046,3,24.165825583219835,30.96850361356288,6.802678030343046,26.33125891160298,negative_cross,toward_S1,3.4509539860714753
3,miata,2024-03-29 20:36:03+00:00,40.288396,-88.126504,41.78097725786288,1542.0,-8.901796901599766,rs5,15.64573008033587,36.70805746598471,21.06232738564884,3,15.64573008033587,39.8536002657481,24.20787018541223,26.33125891160298,negative_cross,toward_S1,3.2861058953011093
3,miata,2024-03-29 20:36:04+00:00,40.288472,-88.126498,33.32235764743621,1543.0,-8.458619610426666,rs5,8.408775603207548,33.497624916265316,25.088849313057768,3,8.408775603207548,48.313036006830764,39.90426040362321,26.33125891160298,negative_cross,toward_S1,3.129464791404319
3,miata,2024-03-29 20:36:05+00:00,40.288553,-88.126485,24.297143568736136,1544.0,-9.025214078700078,rs5,7.079937488953947,31.686009515480944,24.606072026526995,3,7.079937488953947,51.52793192528405,44.447994436330106,26.33125891160298,negative_cross,toward_S1,2.9623311973543176
3,miata,2024-03-29 20:36:06+00:00,40.288639,-88.126471,14.714515278993801,1545.0,-9.582628289742335,rs5,14.452421378075998,32.526070686449096,18.0736493083731,3,14.452421378075998,42.098057954788324,27.645636576712327,26.33125891160298,negative_cross,toward_S1,2.7848751179146447
3,miata,2024-03-29 20:36:07+00:00,40.28873,-88.126461,4.5821229934236785,1546.0,-10.132392285570123,rs5,23.916202168982704,32.184129231979746,8.267927062997042,3,23.916202168982704,32.184129231979746,8.267927062997042,26.33125891160298,negative_cross,toward_S1,2.5972382237374205
3,miata,2024-03-29 20:36:08+00:00,40.288825,-88.126452,-5.993446584131242,1547.0,-10.57556957755492,rs7,22.0373065313526,34.18902936779504,12.151722836442438,2,22.0373065313526,34.18902936779504,12.151722836442438,-27.632700444717127,negative_cross,toward_S1,2.400726923344183
3,miata,2024-03-29 20:36:09+00:00,40.288919,-88.126448,-16.45018911320142,1548.0,-10.45674252907018,rs7,12.515339847450779,30.215807185485538,17.70046733803476,2,12.515339847450779,44.4093305948045,31.893990747353723,-27.632700444717127,negative_cross,toward_S1,2.207083543176217
3,miata,2024-03-29 20:36:10+00:00,40.289012,-88.126443,-26.79728485182971,1549.0,-10.347095738628287,rs7,6.907462434958438,27.62358632049998,20.716123885541542,2,6.907462434958438,51.71042758466407,44.80296514970563,-27.632700444717127,negative_cross,toward_S1,2.0154706591275446
3,miata,2024-03-29 20:36:11+00:00,40.289105,-88.126441,-37.13979046182068,1550.0,-10.342505609990972,rs7,12.226549065642539,29.00674859686167,16.780199531219132,2,12.226549065642539,41.40181506955663,29.175266003914096,-27.632700444717127,negative_cross,toward_S1,1.8239427774610453
3,miata,2024-03-29 20:36:12+00:00,40.289197,-88.12644,-47.369589195626055,1551.0,-10.229798733805374,rs7,21.43808195310161,31.219116086076376,9.781034132974767,2,21.43808195310161,31.219116086076376,9.781034132974767,-27.632700444717127,negative_cross,toward_S1,1.6345020601683533
3,miata,2024-03-29 20:36:13+00:00,40.289287,-88.126441,-57.373974176270245,1552.0,-10.00438498064419,rs10,21.278560218045392,31.03559413883821,9.757033920792818,1,21.278560218045392,31.03559413883821,9.757033920792818,-78.92951005359993,negative_cross,toward_S1,1.39917659032092
3,miata,2024-03-29 20:36:14+00:00,40.289369,-88.12644,-66.4920045737783,1553.0,-9.118030397508058,rs10,12.363345288631285,29.631278780612142,17.267933491980855,1,12.363345288631285,39.98561407469941,27.622268786068126,-78.92951005359993,negative_cross,toward_S1,1.2303241755522523
3,miata,2024-03-29 20:36:15+00:00,40.289445,-88.12644,-74.94144392695206,1554.0,-8.449439353173759,rs10,4.786863670151892,27.15428414738809,22.367420477236198,1,4.786863670151892,48.326148621224235,43.53928495107235,-78.92951005359993,negative_cross,toward_S1,1.073853076419405
3,miata,2024-03-29 20:36:16+00:00,40.289513,-88.126441,-82.49993856837413,1555.0,-7.558494641422072,rs10,5.219102848183913,27.151530861562197,21.932428013378285,1,5.219102848183913,55.80666527688337,50.58756242869946,-78.92951005359993,negative_cross,toward_S1,0.9338809534301072
3,miata,2024-03-29 20:36:17+00:00,40.289574,-88.126442,-89.28019537502003,1556.0,-6.780256806645895,rs10,11.332514418086266,28.89472755352392,17.562213135437656,1,11.332514418086266,62.53321753594014,51.20070311785388,-78.92951005359993,negative_cross,toward_S1,0.808320642195924
3,miata,2024-03-29 20:36:18+00:00,40.28962,-88.126441,-94.39585976296365,1557.0,-5.1156643879436245,rs10,16.326947830587308,31.0071633110212,14.68021548043389,1,16.326947830587308,67.62885985551489,51.30191202492758,-78.92951005359993,negative_cross,toward_S1,0.7135861164932643
3,miata,2024-03-29 20:36:19+00:00,40.289656,-88.126427,-98.41964637277756,1558.0,-4.023786609813911,rs10,20.490208628438317,32.21825289848249,11.728044270044172,1,20.490208628438317,71.73926654425269,51.24905791581437,-78.92951005359993,negative_cross,toward_S1,0.6390715496448586
3,miata,2024-03-29 20:36:20+00:00,40.289684,-88.126392,-101.58614921412932,1559.0,-3.1665028413517575,rs10,24.273445161902096,32.00535346735005,7.731908305447952,1,24.273445161902096,75.2192691729551,50.945824011053,-78.92951005359993,negative_cross,toward_S1,0.5804326081383446
3,miata,2024-03-29 20:36:21+00:00,40.289701,-88.126349,-103.5419472288449,1560.0,-1.9557980147155831,rs10,27.33841775287133,30.985915561158567,3.6474978082872376,1,27.33841775287133,77.70453129072415,50.36611353785282,-78.92951005359993,negative_cross,toward_S1,0.5442141263843523
3,miata,2024-03-29 20:36:22+00:00,40.289704,-88.1263,-103.9504498304928,1561.0,-0.4085026016478963,rs8,28.892741805149978,29.549642221779344,0.6569004166293659,1,28.892741805149978,77.59317720532076,48.700435400170775,-78.92951005359993,positive_cross,ambiguous,0.5366492633908727
3,miata,2024-03-29 20:36:23+00:00,40.289693,-88.126252,-102.80094671892658,1562.0,1.1495031115662186,rs8,25.894012721526007,30.869540951693395,4.975528230167388,1,25.894012721526007,75.67486408114269,49.780851359616676,-78.92951005359993,positive_cross,toward_S4,0.5579363580495064
3,miata,2024-03-29 20:36:24+00:00,40.289667,-88.126212,-99.97155076068599,1563.0,2.829395958240596,rs8,21.92199911965089,31.048247909099288,9.126248789448397,1,21.92199911965089,72.36353735595058,50.44153823629969,-78.92951005359993,positive_cross,toward_S4,0.6103325794984062
3,miata,2024-03-29 20:36:25+00:00,40.289629,-88.126185,-95.78814224133126,1564.0,4.183408519354728,rs8,17.181271120023197,30.18941531162769,13.008144191604494,1,17.181271120023197,67.93345442427704,50.75218330425385,-78.92951005359993,positive_cross,toward_S4,0.687803107634605
3,miata,2024-03-29 20:36:26+00:00,40.289583,-88.126173,-90.69236841078701,1565.0,5.095773830544246,rs8,12.011078747567378,28.554877492056864,16.543798744489486,1,12.011078747567378,62.75221711860171,50.74113837103434,-78.92951005359993,positive_cross,toward_S4,0.7821692896817206
3,miata,2024-03-29 20:36:27+00:00,40.289534,-88.126171,-85.24776365072775,1566.0,5.4446047600592635,rs8,7.062744021727045,26.913196478419795,19.85045245669275,1,7.062744021727045,57.305225037466556,50.242481015739514,-78.92951005359993,positive_cross,toward_S4,0.8829953037568922
3,miata,2024-03-29 20:36:28+00:00,40.289476,-88.126172,-78.79797725906933,1567.0,6.449786391658421,rs8,4.1567187599069975,26.04650289977812,21.88978413987112,1,4.1567187599069975,50.884472412206584,46.72775365229958,-78.92951005359993,positive_cross,toward_S4,1.0024357924913074
3,miata,2024-03-29 20:36:29+00:00,40.289414,-88.126174,-71.90195349047238,1568.0,6.896023768596947,rs8,8.669105980166563,26.782812543778903,18.11370656361234,1,8.669105980166563,44.03942350764902,35.370317527482456,-78.92951005359993,positive_cross,toward_S4,1.130139936354214
3,miata,2024-03-29 20:36:30+00:00,40.289344,-88.126176,-64.1165150530173,1569.0,7.785438437455085,rs8,15.958731243829419,29.60983271933003,13.65110147550061,1,15.958731243829419,36.33228387150681,20.37355262767739,-78.92951005359993,positive_cross,toward_S4,1.2743147222330116
3,miata,2024-03-29 20:36:31+00:00,40.289268,-88.126177,-55.66554565697165,1570.0,8.450969396045643,rs8,24.207924416025214,27.996962051727536,3.7890376357023214,1,24.207924416025214,27.996962051727536,3.7890376357023214,-78.92951005359993,positive_cross,toward_S4,1.4308141554931162
3,miata,2024-03-29 20:36:32+00:00,40.289185,-88.126178,-46.43633842614985,1571.0,9.2292072308218,rs6,19.011521549842666,33.333058438341745,14.321536888499079,2,19.011521549842666,33.333058438341745,14.321536888499079,-27.632700444717127,positive_cross,toward_S4,1.6517844818253198
3,miata,2024-03-29 20:36:33+00:00,40.289099,-88.126179,-36.87360069380689,1572.0,9.56273773234296,rs6,10.176764418608359,30.739759423487587,20.562995004879227,2,10.176764418608359,42.8360967470916,32.659332328483245,-27.632700444717127,positive_cross,toward_S4,1.8288722176094487
3,miata,2024-03-29 20:36:34+00:00,40.289005,-88.126178,-26.424508379117746,1573.0,10.449092314689146,rs6,5.403184990800519,29.40332138674133,24.00013639594081,2,5.403184990800519,52.4630297504705,47.05984475966998,-27.632700444717127,positive_cross,toward_S4,2.022373927140729
3,miata,2024-03-29 20:36:35+00:00,40.288907,-88.126179,-15.527648643849972,1574.0,10.896859735267775,rs6,13.646489819356976,31.67597462315113,18.029484803794155,2,13.646489819356976,41.652355003771355,28.00586518441438,-27.632700444717127,positive_cross,toward_S4,2.2241676259419845
3,miata,2024-03-29 20:36:36+00:00,40.288809,-88.126177,-4.635379037197769,1575.0,10.892269606652203,rs6,24.04726641394513,30.858494464906133,6.811228050961002,2,24.04726641394513,30.858494464906133,6.811228050961002,-27.632700444717127,positive_cross,toward_S4,2.4258763223614697
3,miata,2024-03-29 20:36:37+00:00,40.288706,-88.126175,6.812774737603097,1576.0,11.448153774800865,rs3,19.644838830348046,35.30703813346572,15.66219930311767,3,19.644838830348046,35.30703813346572,15.66219930311767,26.33125891160298,positive_cross,toward_S4,2.6385465893703723
3,miata,2024-03-29 20:36:38+00:00,40.288604,-88.126172,18.148221635406653,1577.0,11.335446897803557,rs3,9.107497832581643,34.15447733176004,25.0469794991784,3,9.107497832581643,46.544055548509405,37.43655771592776,26.33125891160298,positive_cross,toward_S4,2.848462272663031
3,miata,2024-03-29 20:36:39+00:00,40.288495,-88.12617,30.26343641166992,1578.0,12.115214776263269,rs3,6.696623562414571,33.52005647847956,26.823432916064988,3,6.696623562414571,49.0905508668167,42.393927304402126,26.33125891160298,positive_cross,toward_S4,3.0728181018530916
3,miata,2024-03-29 20:36:40+00:00,40.288388,-88.126168,42.156297520515736,1579.0,11.892861108845814,rs3,17.128751198501693,36.98158680464598,19.852835606144286,3,17.128751198501693,37.24130782524007,20.112556626738378,26.33125891160298,positive_cross,toward_S4,3.2930562705354216
3,miata,2024-03-29 20:36:41+00:00,40.288288,-88.12617,53.27704096528287,1580.0,11.120743444767136,rs1,26.26802964413404,28.016657147356728,1.7486275032226892,4,26.26802964413404,28.016657147356728,1.7486275032226892,80.2309515867141,positive_cross,toward_S4,3.500853507010533
3,miata,2024-03-29 20:36:42+00:00,40.288191,-88.126176,64.07037408161793,1581.0,10.793333116335056,rs1,15.936208828907628,36.36559194881485,20.429383119907225,4,15.936208828907628,38.75299439954416,22.81678557063653,80.2309515867141,positive_cross,toward_S4,3.700730046201923
3,miata,2024-03-29 20:36:43+00:00,40.288105,-88.126182,73.64076202755196,1582.0,9.57038794593403,rs1,7.947233166908496,32.55550727533357,24.60827410842507,4,7.947233166908496,48.30295943598862,40.35572626908012,80.2309515867141,positive_cross,toward_S4,3.8779594526081085
3,miata,2024-03-29 20:36:44+00:00,40.288037,-88.126185,81.20537684048318,1583.0,7.564614812931225,rs1,6.356844647897375,31.48719596582716,25.130351317929783,4,6.356844647897375,55.84457338935201,49.48772874145463,80.2309515867141,positive_cross,toward_S4,4.018044912106835
3,miata,2024-03-29 20:36:45+00:00,40.287988,-88.126187,86.65610177281985,1584.0,5.450724932336669,rs1,9.739200975970366,31.843476750123152,22.104275774152786,4,9.739200975970366,61.28153186317772,51.542330887207356,80.2309515867141,positive_cross,toward_S4,4.118984262705662
3,miata,2024-03-29 20:36:46+00:00,40.287951,-88.126194,90.78035491582277,1585.0,4.1242531430029175,rs1,13.4705426447569,32.27401972021454,18.80347707545764,4,13.4705426447569,65.43649078994943,51.96594814519253,80.2309515867141,positive_cross,toward_S4,4.19535932090942
3,miata,2024-03-29 20:36:47+00:00,40.287917,-88.126221,94.6016784156186,1586.0,3.821323499795824,rs1,17.891419120146985,31.5466926105614,13.655273490414416,4,17.891419120146985,69.46517432029462,51.57375520014764,80.2309515867141,positive_cross,toward_S4,4.266124570905639
3,miata,2024-03-29 20:36:48+00:00,40.287889,-88.126256,97.76818125694861,1587.0,3.166502841330015,rs1,22.10263373904135,30.49591179859157,8.39327805955022,4,22.10263373904135,72.99033965824822,50.887705919206866,80.2309515867141,positive_cross,toward_S4,4.32476351241175
3,miata,2024-03-29 20:36:49+00:00,40.287871,-88.126301,99.83821619074337,1588.0,2.0700349337947586,rs1,25.94651194654284,28.659515355754603,2.713003409211762,4,25.94651194654284,75.6801782029463,49.73366625640345,80.2309515867141,positive_cross,toward_S4,4.363097492667209
3,miata,2024-03-29 20:36:50+00:00,40.287863,-88.126352,100.80566304628366,1589.0,0.9674468555402882,rs2,26.21085430597175,29.43558043799378,3.224726132022031,4,26.21085430597175,76.24252199721172,50.031667691239974,80.2309515867141,negative_cross,toward_S4,4.381013175177214
3,miata,2024-03-29 20:36:51+00:00,40.287866,-88.126404,100.55169477508475,1590.0,-0.2539682711989002,rs2,23.252009548152902,32.39989308783836,9.147883539685456,4,23.252009548152902,75.0029626190441,51.7509530708912,80.2309515867141,negative_cross,ambiguous,4.376310059043901
3,miata,2024-03-29 20:36:52+00:00,40.287882,-88.126455,98.85089762400719,1591.0,-1.7007971510775661,rs2,19.545423943573972,34.77540785624465,15.229983912670676,4,19.545423943573972,72.58325941631631,53.03783547274234,80.2309515867141,negative_cross,toward_S1,4.344813815505428
3,miata,2024-03-29 20:36:53+00:00,40.287909,-88.126498,95.91491496106842,1592.0,-2.9359826629387697,rs2,15.371374439338567,36.42246603154487,21.051091592206305,4,15.371374439338567,69.22147703108116,53.8501025917426,80.2309515867141,negative_cross,toward_S1,4.290443766191746
3,miata,2024-03-29 20:36:54+00:00,40.287944,-88.126522,92.06044681382932,1593.0,-3.8544681472391034,rs2,11.052011533323956,36.762332782653665,25.71032124932971,4,11.052011533323956,65.20250664780995,54.150495114486,80.2309515867141,negative_cross,toward_S1,4.219064726428059
3,miata,2024-03-29 20:36:55+00:00,40.287984,-88.126527,87.62102368460097,1594.0,-4.439423129228345,rs2,6.689820993583947,35.92002101834353,29.230200024759586,4,6.689820993583947,60.737573661816796,54.047752668232846,80.2309515867141,negative_cross,toward_S1,4.136853186997905
3,miata,2024-03-29 20:36:56+00:00,40.288025,-88.126522,83.05512329329682,1595.0,-4.5659003913041545,rs2,3.3342183662251337,34.767400860050294,31.43318249382516,4,3.3342183662251337,56.207697520387406,52.87347915416227,80.2309515867141,negative_cross,toward_S1,4.052299476047828
3,miata,2024-03-29 20:36:57+00:00,40.288076,-88.126516,77.37592452282351,1596.0,-5.679198770473306,rs2,5.26285224024242,34.16492703571622,28.902074795473798,4,5.26285224024242,50.584108898370644,45.32125665812822,80.2309515867141,negative_cross,toward_S1,3.9471291284464707
3,miata,2024-03-29 20:36:58+00:00,40.288138,-88.126514,70.47990075424828,1597.0,-6.896023768575233,rs2,11.481079614088708,35.1339850784301,23.652905464341394,4,11.481079614088708,43.72803210478543,32.24695249069672,80.2309515867141,negative_cross,toward_S1,3.819424984583966
3,miata,2024-03-29 20:36:59+00:00,40.288208,-88.126513,62.69599235966506,1598.0,-7.783908394583214,rs2,19.05138512554332,35.993997678453,16.94261255290968,4,19.05138512554332,35.993997678453,16.94261255290968,80.2309515867141,negative_cross,toward_S1,3.6752785328324253
3,miata,2024-03-29 20:37:00+00:00,40.288286,-88.126506,54.013489038949075,1599.0,-8.682503320715988,rs5,27.493615465307514,27.700875728003947,0.20726026269643327,3,27.493615465307514,27.700875728003947,0.20726026269643327,26.33125891160298,negative_cross,toward_S1,3.51263389124715
3,miata,2024-03-29 20:37:01+00:00,40.28837,-88.126496,44.65933458813336,1600.0,-9.354154450815713,rs5,18.605576948202334,37.06820680934212,18.46262986113979,3,18.605576948202334,37.06820680934212,18.46262986113979,26.33125891160298,negative_cross,toward_S1,3.3394088088246368
3,miata,2024-03-29 20:37:02+00:00,40.288462,-88.126487,34.41729551130965,1601.0,-10.242039076823708,rs5,9.860648774728887,32.84718386935062,22.986535094621736,3,9.860648774728887,47.31327357055031,37.45262479582142,26.33125891160298,negative_cross,toward_S1,3.1497414185130865
3,miata,2024-03-29 20:37:03+00:00,40.288558,-88.126477,23.72901905756913,1602.0,-10.688276453740524,rs5,7.920927443118104,31.04737360051992,23.126446157401816,3,7.920927443118104,51.02187302015535,43.100945577037244,26.33125891160298,negative_cross,toward_S1,2.9518103730734473
3,miata,2024-03-29 20:37:04+00:00,40.288658,-88.126462,12.588385055424363,1603.0,-11.140634002144767,rs5,16.652364789156064,32.63319665434051,15.980831865184445,3,16.652364789156064,40.09113962245723,23.438774833301164,26.33125891160298,negative_cross,toward_S1,2.7455023359966924
3,miata,2024-03-29 20:37:05+00:00,40.288757,-88.126449,1.5619879723153163,1604.0,-11.026397083109046,rs5,27.08479220309656,29.431519363950905,2.3467271608543463,3,27.08479220309656,29.431519363950905,2.3467271608543463,26.33125891160298,negative_cross,toward_S1,2.541309797420599
3,miata,2024-03-29 20:37:06+00:00,40.288863,-88.12644,-10.23652677482893,1605.0,-11.798514747144246,rs7,18.3877785556714,32.47611601236715,14.08833745669575,2,18.3877785556714,38.533219963388696,20.145441407717296,-27.632700444717127,negative_cross,toward_S1,2.3221513642571887
3,miata,2024-03-29 20:37:07+00:00,40.288978,-88.126436,-23.0279828098075,1606.0,-12.791456034978571,rs7,8.56365516060221,27.42245227068676,18.858797110084552,2,8.56365516060221,51.03737718965955,42.47372202905734,-27.632700444717127,negative_cross,toward_S1,2.085272548794623
3,miata,2024-03-29 20:37:08+00:00,40.289099,-88.126435,-36.48190971761116,1607.0,-13.453926907803659,rs7,12.002996396472364,28.312571328789588,16.309574932317226,2,12.002996396472364,42.10925132788086,30.1062549314085,-27.632700444717127,negative_cross,toward_S1,1.8361257542056661
3,miata,2024-03-29 20:37:09+00:00,40.289215,-88.126434,-49.379952457266164,1608.0,-12.898042739655004,rs7,23.496035196285256,29.291082799564382,5.7950476032791265,2,23.496035196285256,29.291082799564382,5.7950476032791265,-27.632700444717127,negative_cross,toward_S1,1.5972731108787215
3,miata,2024-03-29 20:37:10+00:00,40.289321,-88.126431,-61.169286947179266,1609.0,-11.789334489913102,rs10,17.725369323707806,31.623898334439343,13.898529010731536,1,17.725369323707806,34.911152357382775,17.18578303367497,-78.92951005359993,negative_cross,toward_S1,1.3288930204892715
3,miata,2024-03-29 20:37:11+00:00,40.28942,-88.126429,-72.17885355863264,1610.0,-11.009566611453373,rs10,7.545231152999064,26.80702513902339,19.261793986024326,1,7.545231152999064,45.73370930752195,38.18847815452288,-78.92951005359993,negative_cross,toward_S1,1.1250121573142091
3,miata,2024-03-29 20:37:12+00:00,40.289509,-88.12643,-82.0720617059631,1611.0,-9.893208147330455,rs10,5.538376328620645,26.171040688493914,20.632664359873267,1,5.538376328620645,55.49222196864282,49.95384564002218,-78.92951005359993,negative_cross,toward_S1,0.9418045990303117
3,miata,2024-03-29 20:37:13+00:00,40.289575,-88.126429,-89.41126276571143,1612.0,-7.3392010597483335,rs10,11.789897001605365,27.907457260041713,16.11756025843635,1,11.789897001605365,62.77625806235519,50.98636106074983,-78.92951005359993,negative_cross,toward_S1,0.8058934682942315
3,miata,2024-03-29 20:37:14+00:00,40.289623,-88.126406,-94.78294176434035,1613.0,-5.371678998628923,rs10,17.4736021061063,28.647913642992926,11.174311536886627,1,17.4736021061063,68.33337461388753,50.85977250778123,-78.92951005359993,negative_cross,toward_S1,0.7064179312825847
3,miata,2024-03-29 20:37:15+00:00,40.289678,-88.126313,-101.03996159984808,1614.0,-6.257019835507734,rs10,26.507564192473467,27.100567128714015,0.5930029362405485,1,26.507564192473467,74.99768267929795,48.490118486824485,-78.92951005359993,negative_cross,toward_S1,0.5905471935879971
3,miata,2024-03-29 20:37:16+00:00,40.289674,-88.126258,-100.67940662316103,1615.0,0.3605549766870553,rs8,24.22867940516116,28.915036891876696,4.686357486715536,1,24.22867940516116,73.66698005754462,49.43830065238346,-78.92951005359993,positive_cross,ambiguous,0.5972241376007204
3,miata,2024-03-29 20:37:17+00:00,40.28965,-88.126211,-98.08307463248441,1616.0,2.5963319906766174,rs8,20.12422254544386,29.85168316753973,9.727460622095869,1,20.12422254544386,70.47502711371197,50.35080456826812,-78.92951005359993,positive_cross,toward_S4,0.6453043596502873
3,miata,2024-03-29 20:37:18+00:00,40.289608,-88.126177,-93.46566907923119,1617.0,4.617405553253221,rs8,14.749804184876647,29.52509990151579,14.775295716639144,1,14.749804184876647,65.55061304693898,50.80080886206233,-78.92951005359993,positive_cross,toward_S4,0.7308118698957173
3,miata,2024-03-29 20:37:19+00:00,40.289545,-88.126164,-86.48141911967362,1618.0,6.984249959557573,rs8,7.820645003614176,27.802278734798776,19.9816337311846,1,7.820645003614176,58.4819874482432,50.66134244462903,-78.92951005359993,positive_cross,toward_S4,0.8601498321097465
3,miata,2024-03-29 20:37:20+00:00,40.28947,-88.126161,-78.14774672924085,1619.0,8.333672390432767,rs8,3.433815665225607,26.98829374350316,23.554478078277555,1,3.433815665225607,50.1427431565457,46.70892749132009,-78.92951005359993,positive_cross,toward_S4,1.0144770985992422
3,miata,2024-03-29 20:37:21+00:00,40.289386,-88.126161,-68.8088927071872,1620.0,9.338854022053653,rs8,11.11790690545693,28.7808773165689,17.66297041111197,1,11.11790690545693,40.83072031500181,29.712813409544882,-78.92951005359993,positive_cross,toward_S4,1.1874188397483838
3,miata,2024-03-29 20:37:22+00:00,40.289287,-88.126166,-57.79473596709651,1621.0,11.01415674009069,rs8,21.963487958397664,29.935920346802444,7.97243238840478,1,21.963487958397664,29.935920346802444,7.97243238840478,-78.92951005359993,positive_cross,toward_S4,1.3913847053056188
3,miata,2024-03-29 20:37:23+00:00,40.289175,-88.126171,-45.335280389977285,1622.0,12.459455577119222,rs6,17.782425113745226,34.36039163282243,16.5779665190772,2,17.782425113745226,34.36039163282243,16.5779665190772,-27.632700444717127,positive_cross,toward_S4,1.672174445458145
3,miata,2024-03-29 20:37:24+00:00,40.289049,-88.126172,-31.32546931402496,1623.0,14.009811075952324,rs6,5.605486447152821,30.124151042553542,24.518664595400722,2,5.605486447152821,48.31358570537907,42.70809925822625,-27.632700444717127,positive_cross,toward_S4,1.9316153913091143
3,miata,2024-03-29 20:37:25+00:00,40.288912,-88.126171,-16.095773154995236,1624.0,15.229696159029725,rs6,12.880062644480327,32.10152963105215,19.221466986571826,2,12.880062644480327,42.11760436066187,29.237541716181546,-27.632700444717127,positive_cross,toward_S4,2.2136468016615165
3,miata,2024-03-29 20:37:26+00:00,40.288773,-88.126171,-0.6421932848862439,1625.0,15.453579870108992,rs3,26.828554756652483,27.887873843066306,1.0593190864138222,3,26.828554756652483,27.887873843066306,1.0593190864138222,26.33125891160298,positive_cross,toward_S4,2.50049162599094
3,miata,2024-03-29 20:37:27+00:00,40.288633,-88.126172,14.924093461408354,1626.0,15.566286746294598,rs3,11.92238117083374,35.07791686012517,23.155535689291433,3,11.92238117083374,43.33557011586174,31.413188945028004,26.33125891160298,positive_cross,toward_S4,2.788756195366766
3,miata,2024-03-29 20:37:28+00:00,40.288496,-88.126172,30.155319663309932,1627.0,15.231226201901578,rs3,6.748018144299477,33.33890733844773,26.590889194148254,3,6.748018144299477,49.21787745273735,42.46985930843787,26.33125891160298,positive_cross,toward_S4,3.070815939846425
3,miata,2024-03-29 20:37:29+00:00,40.288367,-88.126174,44.50019128288706,1628.0,14.344871619577127,rs3,19.514841675536005,34.99451296668546,15.479671291149458,3,19.514841675536005,34.99451296668546,15.479671291149458,26.33125891160298,positive_cross,toward_S4,3.336461710579335
3,miata,2024-03-29 20:37:30+00:00,40.288253,-88.126178,57.18047048453014,1629.0,12.680279201643081,rs1,22.602699264081195,31.96828841553835,9.365589151457154,4,22.602699264081195,31.96828841553835,9.365589151457154,80.2309515867141,positive_cross,toward_S4,3.5731392388484453
3,miata,2024-03-29 20:37:31+00:00,40.288154,-88.126181,68.19156713887713,1630.0,11.011096654346993,rs1,12.315184251096701,34.26198062412482,21.946796373028114,4,12.315184251096701,42.887558986708285,30.572374735611582,80.2309515867141,positive_cross,toward_S4,3.7770484361511674
3,miata,2024-03-29 20:37:32+00:00,40.288071,-88.126183,77.42230441257078,1631.0,9.230737273693649,rs1,6.080256642708756,31.843662122891775,25.763405480183017,4,6.080256642708756,52.06791014476399,45.98765350205524,80.2309515867141,positive_cross,toward_S4,3.9479880152936424
3,miata,2024-03-29 20:37:33+00:00,40.288008,-88.126186,84.4310350581433,1632.0,7.008730645572513,rs1,8.078252655353563,31.600530669344742,23.52227801399118,4,8.078252655353563,59.06035971010733,50.98210705475377,80.2309515867141,positive_cross,toward_S4,4.077779323544985
3,miata,2024-03-29 20:37:34+00:00,40.287959,-88.126203,89.90471063283309,1633.0,5.473675574689793,rs1,13.13186399623366,31.280534973356552,18.14867097712289,4,13.13186399623366,64.63832272449443,51.50645872826077,80.2309515867141,positive_cross,toward_S4,4.17914368603924
3,miata,2024-03-29 20:37:35+00:00,40.287922,-88.126239,94.0733350192286,1634.0,4.168624386395507,rs1,18.255470636725647,29.92977367318994,11.674303036464291,4,18.255470636725647,69.13514660938797,50.879675972662326,80.2309515867141,positive_cross,toward_S4,4.256340433935454
3,miata,2024-03-29 20:37:36+00:00,40.28789,-88.126284,97.69984562415557,1635.0,3.6265106049269775,rs1,23.39272474375181,28.477148830470874,5.084424086719064,4,23.39272474375181,73.31578782739292,49.92306308364111,80.2309515867141,positive_cross,toward_S4,4.323498037730397
3,miata,2024-03-29 20:37:37+00:00,40.287869,-88.126336,100.11412135880632,1636.0,2.4142757346507437,rs2,26.646764137985173,28.02421293265297,1.3774487946677958,4,26.646764137985173,75.92607055018689,49.27930641220172,80.2309515867141,negative_cross,toward_S4,4.368206847631337
3,miata,2024-03-29 20:37:38+00:00,40.287859,-88.126395,101.31616222478239,1637.0,1.2020408659760733,rs2,24.32431783914498,32.34575534631528,8.021437507170297,4,24.32431783914498,75.90830337301539,51.583985533870404,80.2309515867141,negative_cross,toward_S4,4.390466863667931
3,miata,2024-03-29 20:37:39+00:00,40.287866,-88.126454,100.62819691887331,1638.0,-0.6879653059090742,rs2,21.19346838018514,35.726202971891816,14.532734591706674,4,21.19346838018514,74.35956707812545,53.16609869794031,80.2309515867141,negative_cross,toward_S1,4.3777267654103555
3,miata,2024-03-29 20:37:40+00:00,40.2879,-88.126493,96.907856248881,1639.0,-3.7203406699923107,rs2,16.455782283461673,36.50778091772257,20.051998634260897,4,16.455782283461673,70.25375924367849,53.797976960216815,80.2309515867141,negative_cross,toward_S1,4.308831567817906
3,miata,2024-03-29 20:37:41+00:00,40.287946,-88.12651,91.81973263269603,1640.0,-5.088123616184973,rs2,11.152516978399582,35.729184927593,24.57666794919342,4,11.152516978399582,65.04214921249175,53.88963223409217,80.2309515867141,negative_cross,toward_S1,4.214607056407073
3,miata,2024-03-29 20:37:42+00:00,40.288009,-88.12651,84.81559211576084,1641.0,-7.004140516935195,rs2,5.206776086321782,33.98053440391157,28.773758317589788,4,5.206776086321782,58.05332399055199,52.846547904230206,80.2309515867141,negative_cross,toward_S1,4.084900750537902
3,miata,2024-03-29 20:37:43+00:00,40.288084,-88.126506,76.47120942520333,1642.0,-8.34438269055751,rs2,6.490613044181489,33.390492961072546,26.899879916891056,4,6.490613044181489,49.77159682994747,43.28098378576598,80.2309515867141,negative_cross,toward_S1,3.9303751451572078
3,miata,2024-03-29 20:37:44+00:00,40.288169,-88.126503,67.01658844040864,1643.0,-9.454620984794687,rs2,15.049483261913778,35.31242327070252,20.26294000878874,4,15.049483261913778,40.40259232448758,25.3531090625738,80.2309515867141,negative_cross,toward_S1,3.7552895713647136
3,miata,2024-03-29 20:37:45+00:00,40.288263,-88.126504,56.56749612571951,1644.0,-10.449092314689132,rs2,25.205233033228957,30.043517827437356,4.838284794208398,4,25.205233033228957,30.043517827437356,4.838284794208398,80.2309515867141,negative_cross,toward_S1,3.5617878618334333
3,miata,2024-03-29 20:37:46+00:00,40.288356,-88.126504,46.22805060147225,1645.0,-10.33944552424726,rs5,19.915056342068826,35.43543382876074,15.520377486691917,3,19.915056342068826,35.43543382876074,15.520377486691917,26.33125891160298,negative_cross,toward_S1,3.3684591053679496
3,miata,2024-03-29 20:37:48+00:00,40.288457,-88.126495,34.98542002247666,1647.0,-5.621315289497794,rs5,9.881548013373724,33.645646547701375,23.76409853432765,3,9.881548013373724,46.68123822207658,36.799690208702856,26.33125891160298,negative_cross,toward_S1,3.160262242793957
3,miata,2024-03-29 20:37:49+00:00,40.288563,-88.126478,23.17466493231407,1648.0,-11.81075509016259,rs5,8.084852466310323,31.180593823082553,23.09574135677223,3,8.084852466310323,50.46080750306294,42.375955036752615,26.33125891160298,negative_cross,toward_S1,2.9415445559390943
3,miata,2024-03-29 20:37:50+00:00,40.288674,-88.126461,10.808025674792775,1649.0,-12.366639257521294,rs5,18.243703761989885,33.337083709027986,15.093379947038102,3,18.243703761989885,38.339563659534456,20.09585989754457,26.33125891160298,negative_cross,toward_S1,2.712532717836848
3,miata,2024-03-29 20:37:51+00:00,40.288791,-88.126448,-2.2195544134934573,1650.0,-13.027580088286232,rs7,25.774257413464127,30.67566610231281,4.901408688848683,2,25.774257413464127,30.67566610231281,4.901408688848683,-27.632700444717127,negative_cross,toward_S1,2.470613815393031
3,miata,2024-03-29 20:37:52+00:00,40.288909,-88.126441,-15.349131077028847,1651.0,-13.12957666353539,rs7,13.77461092981356,30.106105830267808,16.331494900454246,2,13.77461092981356,43.46171032685981,29.687099397046246,-27.632700444717127,negative_cross,toward_S1,2.227473506809042
3,miata,2024-03-29 20:37:53+00:00,40.289024,-88.12644,-28.1359969833701,1652.0,-12.786865906341252,rs7,7.217394784054588,27.356181941257947,20.13878715720336,2,7.217394784054588,50.39417531109546,43.17678052704087,-27.632700444717127,negative_cross,toward_S1,1.9906796937286486
3,miata,2024-03-29 20:37:54+00:00,40.289137,-88.126439,-40.7005092222939,1653.0,-12.564512238923804,rs7,15.349433049316607,30.19535748569997,14.845924436383362,2,15.349433049316607,37.86922378505436,22.51979073573775,-27.632700444717127,negative_cross,toward_S1,1.7580035411559856
3,miata,2024-03-29 20:37:55+00:00,40.289246,-88.126436,-52.8233742129382,1654.0,-12.122864990644295,rs10,25.85189344098513,26.73116635071369,0.8792729097285594,1,25.85189344098513,26.73116635071369,0.8792729097285594,-78.92951005359993,negative_cross,toward_S1,1.4834469600122542
3,miata,2024-03-29 20:37:56+00:00,40.289351,-88.126434,-64.50000182664397,1655.0,-11.676627613705769,rs10,14.428696260579542,30.086336218137973,15.65763995755843,1,14.428696260579542,38.11656183713203,23.68786557655249,-78.92951005359993,negative_cross,toward_S1,1.2672131153139992
3,miata,2024-03-29 20:37:57+00:00,40.289445,-88.126432,-74.95368426997041,1656.0,-10.453682443326443,rs10,5.278864087099554,26.483500680063926,21.204636592964373,1,5.278864087099554,48.431253206245046,43.15238911914549,-78.92951005359993,negative_cross,toward_S1,1.0736264034005467
3,miata,2024-03-29 20:37:58+00:00,40.28952,-88.12643,-83.29500687557416,1657.0,-8.34132260560375,rs10,6.412868560845901,26.340523408592393,19.927654847746492,1,6.412868560845901,56.70320313561682,50.29033457477092,-78.92951005359993,negative_cross,toward_S1,0.9191574662597364
3,miata,2024-03-29 20:37:59+00:00,40.289576,-88.126415,-89.54386019929642,1658.0,-6.248853323722258,rs10,12.36726911569749,26.851489684136954,14.484220568439465,1,12.36726911569749,63.0502809125873,50.68301179688981,-78.92951005359993,negative_cross,toward_S1,0.8034379602648798
3,miata,2024-03-29 20:38:00+00:00,40.289617,-88.126383,-94.15107174901763,1659.0,-4.607211549721214,rs10,17.661914880079173,26.6549691655154,8.993054285436227,1,17.661914880079173,67.99013183712866,50.328216957049484,-78.92951005359993,negative_cross,toward_S1,0.7181192278626352
3,miata,2024-03-29 20:38:01+00:00,40.289645,-88.126337,-97.33440506198158,1660.0,-3.1833333129639527,rs10,22.31730630437406,25.63787698669526,3.3205706823212005,1,22.31730630437406,71.81932592606276,49.5020196216887,-78.92951005359993,negative_cross,toward_S1,0.6591686109558952
3,miata,2024-03-29 20:38:02+00:00,40.289662,-88.126282,-99.30856359122465,1661.0,-1.97415852924307,rs8,24.131450293733756,26.58740936167144,2.455959067937684,1,24.131450293733756,72.71313875018281,48.58168845644905,-78.92951005359993,positive_cross,toward_S1,0.6226101196736162
3,miata,2024-03-29 20:38:03+00:00,40.289661,-88.126223,-99.28765928758968,1662.0,0.020904303634978305,rs8,21.642443862120064,29.911335438746384,8.26889157662632,1,21.642443862120064,71.81055440538802,50.16811054326796,-78.92951005359993,positive_cross,ambiguous,0.6229972364075973
3,miata,2024-03-29 20:38:04+00:00,40.28964,-88.126174,-97.02791788257626,1663.0,2.259741405013415,rs8,18.108117798678002,31.653448737161945,13.545330938483943,1,18.108117798678002,69.08176636415773,50.97364856547973,-78.92951005359993,positive_cross,toward_S4,0.6648442994634012
3,miata,2024-03-29 20:38:05+00:00,40.289603,-88.126148,-92.9541561544751,1664.0,4.073761728101161,rs8,13.638656523070841,31.43023454611464,17.791578023043797,1,13.638656523070841,64.85177591116903,51.213119388098185,-78.92951005359993,positive_cross,toward_S4,0.7402843314652745
3,miata,2024-03-29 20:38:06+00:00,40.289553,-88.126145,-87.39990460320574,1665.0,5.55425155126936,rs8,8.124778684682214,29.599949617271506,21.475170932589293,1,8.124778684682214,59.28474530900828,51.15996662432607,-78.92951005359993,positive_cross,toward_S4,0.8431408416739664
3,miata,2024-03-29 20:38:07+00:00,40.289496,-88.126152,-81.05211478837641,1666.0,6.347789814829326,rs8,2.881024370666102,27.83149111150674,24.95046674084064,1,2.881024370666102,52.97969964422223,50.098675273556125,-78.92951005359993,positive_cross,toward_S4,0.9606925049115466
3,miata,2024-03-29 20:38:08+00:00,40.28943,-88.126155,-73.70985364288438,1667.0,7.3422611454920315,rs8,6.347619679179782,27.962958840005147,21.615339160825364,1,6.347619679179782,45.66867840827819,39.32105872909841,-78.92951005359993,positive_cross,toward_S4,1.0966603039021396
3,miata,2024-03-29 20:38:09+00:00,40.289353,-88.126158,-65.14464732696958,1668.0,8.565206315914807,rs8,14.620224577533513,30.482415947301998,15.862191369768485,1,14.620224577533513,37.152334176262045,22.532109598728532,-78.92951005359993,positive_cross,toward_S4,1.2552752356783399
3,miata,2024-03-29 20:38:10+00:00,40.289266,-88.126159,-55.47073276131286,1669.0,9.673914565656716,rs8,24.18982095992572,27.542083246587005,3.3522622866612863,1,24.18982095992572,27.542083246587005,3.3522622866612863,-78.92951005359993,positive_cross,toward_S4,1.4344218017090198
3,miata,2024-03-29 20:38:11+00:00,40.289171,-88.126158,-44.91046361330996,1670.0,10.560269148002902,rs6,17.097783962970226,34.69213175184898,17.594347788878757,2,17.097783962970226,34.69213175184898,17.594347788878757,-27.632700444717127,positive_cross,toward_S4,1.6800414228038365
3,miata,2024-03-29 20:38:12+00:00,40.289068,-88.126159,-33.457719709893524,1671.0,11.452743903416433,rs6,6.3535758221854906,31.5424172807338,25.18884145854831,2,6.3535758221854906,46.12335124394499,39.7697754217595,-27.632700444717127,positive_cross,toward_S4,1.8921292728671038
3,miata,2024-03-29 20:38:13+00:00,40.28896,-88.126159,-21.450621681990246,1672.0,12.007098027903279,rs6,7.580898994217906,31.597460082692347,24.01656108847444,2,7.580898994217906,47.32682913628946,39.74593014207156,-27.632700444717127,positive_cross,toward_S4,2.1144829400504976
3,miata,2024-03-29 20:38:14+00:00,40.288845,-88.12616,-8.66375577564899,1673.0,12.786865906341255,rs6,19.83798854194218,34.60738465308971,14.769396111147529,2,19.83798854194218,34.60738465308971,14.769396111147529,-27.632700444717127,positive_cross,toward_S4,2.3512767531308914
3,miata,2024-03-29 20:38:15+00:00,40.28873,-88.126161,4.123110130692265,1674.0,12.786865906341255,rs3,21.971541911741248,32.50933425761456,10.537792345873314,3,21.971541911741248,32.50933425761456,10.537792345873314,26.33125891160298,positive_cross,toward_S4,2.5887379855386903
3,miata,2024-03-29 20:38:16+00:00,40.288617,-88.126161,16.686092326744205,1675.0,12.56298219605194,rs3,9.915168050036327,35.430584984859664,25.515416934823335,3,9.915168050036327,45.01954328324779,35.104375233211464,26.33125891160298,positive_cross,toward_S4,2.821385803984097
3,miata,2024-03-29 20:38:17+00:00,40.288504,-88.126162,29.250604565668002,1676.0,12.564512238923797,rs3,5.524532694376728,34.09695416334604,28.572421468969313,3,5.524532694376728,50.02742263373294,44.50288993935621,26.33125891160298,positive_cross,toward_S4,3.0540619565567595
3,miata,2024-03-29 20:38:18+00:00,40.288393,-88.126165,41.59582322372977,1677.0,12.345218658061764,rs3,16.524183549460133,36.980499012136676,20.456315462676542,3,16.524183549460133,37.76341149887283,21.239227949412694,26.33125891160298,positive_cross,toward_S4,3.2826771168912368
3,miata,2024-03-29 20:38:19+00:00,40.288283,-88.126172,53.83598521917525,1678.0,12.240161995445483,rs1,25.75297311802197,28.593989698519987,2.8410165804980174,4,25.75297311802197,28.593989698519987,2.8410165804980174,80.2309515867141,positive_cross,toward_S4,3.5112043265270585
3,miata,2024-03-29 20:38:20+00:00,40.28818,-88.126176,65.29331925122901,1679.0,11.457334032053758,rs1,14.7863205052137,35.816598124134295,21.030277618920593,4,14.7863205052137,39.96485541657539,25.178534911361687,80.2309515867141,positive_cross,toward_S4,3.7233771789724983
3,miata,2024-03-29 20:38:21+00:00,40.288088,-88.12618,75.52770811288173,1680.0,10.234388861652718,rs1,6.638797060515815,32.35513193298016,25.716334872464344,4,6.638797060515815,50.160335126846206,43.52153806633039,80.2309515867141,positive_cross,toward_S4,3.912902898632734
3,miata,2024-03-29 20:38:22+00:00,40.288016,-88.126184,83.53856030349797,1681.0,8.010852190616248,rs1,7.387119931720698,31.68211314328044,24.294993211559742,4,7.387119931720698,58.15762142763565,50.77050149591495,80.2309515867141,positive_cross,toward_S4,4.0612520132737755
3,miata,2024-03-29 20:38:23+00:00,40.287966,-88.12619,89.10658224065756,1682.0,5.568021937159585,rs1,11.870150205387864,32.13050211257695,20.260351907189083,4,11.870150205387864,63.741713804883,51.87156359949513,80.2309515867141,positive_cross,toward_S4,4.164363530628583
3,miata,2024-03-29 20:38:24+00:00,40.287933,-88.126207,92.8014284775876,1683.0,3.694846236930047,rs1,15.755814557336118,31.916448526559364,16.160633969223248,4,15.755814557336118,67.55004342020393,51.79422886286782,80.2309515867141,positive_cross,toward_S4,4.23278660909025
3,miata,2024-03-29 20:38:25+00:00,40.287905,-88.126241,95.96640127604579,1684.0,3.16497279845818,rs1,19.917260676742508,30.6570817381543,10.739821061411792,4,19.917260676742508,71.02947920113381,51.1122185243913,80.2309515867141,positive_cross,toward_S4,4.291397216469106
3,miata,2024-03-29 20:38:26+00:00,40.287888,-88.126284,97.92219929078308,1685.0,1.9557980147372973,rs1,23.568384743520596,28.60795933846102,5.039574594940422,4,23.568384743520596,73.53381313041318,49.96542838689258,80.2309515867141,positive_cross,toward_S4,4.3276156982235
3,miata,2024-03-29 20:38:27+00:00,40.28788,-88.126334,98.88811610345152,1686.0,0.9659168126684392,rs2,25.911380594591822,27.012622960433823,1.1012423658420012,4,25.911380594591822,74.78686718337555,48.87548658878373,80.2309515867141,negative_cross,toward_S4,4.3455030466062485
3,miata,2024-03-29 20:38:28+00:00,40.28788,-88.126387,98.96920837585566,1687.0,0.08109227240413475,rs2,22.850579878174983,30.29221899887722,7.441639120702238,4,22.850579878174983,73.74918656631604,50.89860668814106,80.2309515867141,negative_cross,ambiguous,4.347004755354473
3,miata,2024-03-29 20:38:29+00:00,40.28789,-88.126438,97.9354722270087,1688.0,-1.0337361488469554,rs2,19.452119573748526,33.08184358575015,13.629724012001624,4,19.452119573748526,71.89829674716051,52.44617717341199,80.2309515867141,negative_cross,toward_S1,4.327861493338789
3,miata,2024-03-29 20:38:30+00:00,40.287913,-88.126479,95.441136811603,1689.0,-2.4943354154057005,rs2,15.5567780353262,34.783444378330195,19.226666343003995,4,15.5567780353262,68.92497073166527,53.368192696339065,80.2309515867141,negative_cross,toward_S1,4.2816700967572014
3,miata,2024-03-29 20:38:31+00:00,40.287946,-88.126507,91.81514250408046,1690.0,-3.6259943075225465,rs2,11.24431065543705,35.49006177834559,24.24575112290854,4,11.24431065543705,65.060075824232,53.815765168794954,80.2309515867141,negative_cross,toward_S1,4.214522054025303
3,miata,2024-03-29 20:38:32+00:00,40.287987,-88.126516,87.27066271223586,1691.0,-4.544479791844594,rs2,6.79670476294467,34.93614716057197,28.1394423976273,4,6.79670476294467,60.45802955681315,53.66132479386848,80.2309515867141,negative_cross,toward_S1,4.130365020842995
3,miata,2024-03-29 20:38:33+00:00,40.288034,-88.126517,82.04688157595399,1692.0,-5.223781136281872,rs2,3.38167793483154,34.26021432647019,30.87853639163865,4,3.38167793483154,55.23659254131365,51.85491460648211,80.2309515867141,negative_cross,toward_S1,4.033628333134072
3,miata,2024-03-29 20:38:34+00:00,40.288086,-88.126518,76.26721627229163,1693.0,-5.779665303662355,rs2,6.061433770668214,34.42528309781463,28.363849327146415,4,6.061433770668214,49.462067756666045,43.40063398599783,80.2309515867141,negative_cross,toward_S1,3.926597494177362
3,miata,2024-03-29 20:38:35+00:00,40.288148,-88.126519,69.37578263233198,1694.0,-6.891433639959658,rs2,12.428765626877542,35.84628900686044,23.417523379982896,4,12.428765626877542,42.58196941648695,30.153203789609407,80.2309515867141,negative_cross,toward_S1,3.7989783526966274
3,miata,2024-03-29 20:38:36+00:00,40.288217,-88.126513,61.69540085668149,1695.0,-7.680381775650488,rs2,20.03473049616219,34.999992873141316,14.965262376979126,4,20.03473049616219,34.999992873141316,14.965262376979126,80.2309515867141,negative_cross,toward_S1,3.6567490605549517
3,miata,2024-03-29 20:38:37+00:00,40.288294,-88.126502,53.11795419856005,1696.0,-8.577446658121438,rs5,26.681092797242588,28.63291494170148,1.951822144458891,3,26.681092797242588,28.63291494170148,1.951822144458891,26.33125891160298,negative_cross,toward_S1,3.496049912721427
3,miata,2024-03-29 20:38:38+00:00,40.288372,-88.126493,44.43239079207859,1697.0,-8.685563406481457,rs5,18.473385701972248,37.10211138541714,18.62872568344489,3,18.473385701972248,37.324215292185634,18.850829590213387,26.33125891160298,negative_cross,toward_S1,3.3352061459347335
3,miata,2024-03-29 20:38:39+00:00,40.288453,-88.126485,35.414826928549516,1698.0,-9.017563863529077,rs5,10.744581845428282,32.94928306445448,22.204701219026195,3,10.744581845428282,46.34190024094195,35.59731839551367,26.33125891160298,negative_cross,toward_S1,3.168214222536047
3,miata,2024-03-29 20:38:40+00:00,40.28853,-88.126477,26.84197039825368,1699.0,-8.572856530295837,rs5,7.254401358211873,30.957995126702425,23.703593768490553,3,7.254401358211873,54.127116686968236,46.872715328756364,26.33125891160298,negative_cross,toward_S1,3.009457620123161
3,miata,2024-03-29 20:38:41+00:00,40.288607,-88.126464,18.261463654388514,1700.0,-8.580506743865165,rs5,12.0140460454992,30.87484785629597,18.86080181079677,3,12.0140460454992,45.700976738853235,33.686930693354036,26.33125891160298,negative_cross,toward_S1,2.850559347088621
3,miata,2024-03-29 20:38:42+00:00,40.288683,-88.126451,9.792133743837098,1701.0,-8.469329910551416,rs5,19.528627801298587,33.069586329026244,13.540958527727657,3,19.528627801298587,37.48006475027891,17.951436948980326,26.33125891160298,negative_cross,toward_S1,2.693719904300632
3,miata,2024-03-29 20:38:43+00:00,40.288762,-88.126443,0.9969235469137672,1702.0,-8.795210196923332,rs5,27.786968319807993,29.005724645816123,1.2187563260081298,3,27.786968319807993,29.005724645816123,1.2187563260081298,26.33125891160298,negative_cross,toward_S1,2.5308456413946443
3,miata,2024-03-29 20:38:44+00:00,40.28884,-88.126436,-7.685579773802215,1703.0,-8.682503320715982,rs7,20.88768488077884,33.65063587473984,12.762950993961002,2,20.88768488077884,36.17565518924718,15.287970308468342,-27.632700444717127,negative_cross,toward_S1,2.369391123535461
3,miata,2024-03-29 20:38:45+00:00,40.288915,-88.126428,-16.03608263665885,1704.0,-8.350502862856636,rs7,13.827905744720006,28.826645192080658,14.998739447360652,2,13.827905744720006,44.381025267693595,30.55311952297359,-27.632700444717127,negative_cross,toward_S1,2.214752181630709
3,miata,2024-03-29 20:38:46+00:00,40.288986,-88.126424,-23.935757993193143,1705.0,-7.899675356534292,rs7,9.112402487455261,26.27584693319581,17.163444445740552,2,9.112402487455261,52.12765600225971,43.01525351480445,-27.632700444717127,negative_cross,toward_S1,2.0684618972504443
3,miata,2024-03-29 20:38:47+00:00,40.289055,-88.12642,-31.61307968230998,1706.0,-7.677321689116837,rs7,9.889616147605322,25.94341840588918,16.05380225828386,2,9.889616147605322,47.10414232347319,37.21452617586787,-27.632700444717127,negative_cross,toward_S1,1.9262892733779102
3,miata,2024-03-29 20:38:48+00:00,40.289126,-88.12642,-39.506634868125055,1707.0,-7.8935551858150745,rs7,15.16278693192096,28.21713405744599,13.054347125525029,2,15.16278693192096,39.26075943255987,24.09797250063891,-27.632700444717127,negative_cross,toward_S1,1.7801123254924458
3,miata,2024-03-29 20:38:49+00:00,40.289201,-88.126421,-47.843367344323276,1708.0,-8.336732476198222,rs7,22.437237967283778,30.991527729069357,8.55428976178558,2,22.437237967283778,30.991527729069357,8.55428976178558,-27.632700444717127,negative_cross,toward_S1,1.6257283907480342
3,miata,2024-03-29 20:38:50+00:00,40.289277,-88.126423,-56.28974661173159,1709.0,-8.446379267408311,rs10,22.649102573793638,30.350253846868053,7.701151273074416,1,22.649102573793638,30.350253846868053,7.701151273074416,-78.92951005359993,negative_cross,toward_S1,1.4192548785531174
3,miata,2024-03-29 20:38:51+00:00,40.28935,-88.126424,-64.4041254213023,1710.0,-8.11437880957071,rs10,14.781513061310191,29.40186811411406,14.620355052803868,1,14.781513061310191,38.18767335793919,23.406160296628997,-78.92951005359993,negative_cross,toward_S1,1.268988604301808
3,miata,2024-03-29 20:38:52+00:00,40.289418,-88.126424,-71.96415010559623,1711.0,-7.560024684293936,rs10,7.970894566323404,26.456020441027345,18.48512587470394,1,7.970894566323404,45.59204818563406,37.62115361931066,-78.92951005359993,negative_cross,toward_S1,1.1289881471852536
3,miata,2024-03-29 20:38:53+00:00,40.289483,-88.126426,-79.18758420341523,1712.0,-7.223434097818995,rs10,4.5616500286279695,25.656571993650317,21.094921965022348,1,4.5616500286279695,52.68485820916157,48.123208180533595,-78.92951005359993,negative_cross,toward_S1,0.9952208490774944
3,miata,2024-03-29 20:38:54+00:00,40.28954,-88.126426,-85.52466371888804,1713.0,-6.337079515472809,rs10,8.410365587433354,26.46026977261047,18.049904185177116,1,8.410365587433354,58.953363246976664,50.54299765954331,-78.92951005359993,negative_cross,toward_S1,0.8778675247168869
3,miata,2024-03-29 20:38:55+00:00,40.289591,-88.126425,-91.19621227498031,1714.0,-5.671548556092276,rs10,13.576297016123737,28.309324679611805,14.733027663488068,1,13.576297016123737,64.58485592788429,51.00855891176055,-78.92951005359993,negative_cross,toward_S1,0.7728388477522151
3,miata,2024-03-29 20:38:56+00:00,40.289631,-88.126412,-95.66317617596732,1715.0,-4.466963900987011,rs10,18.142480075236907,29.565116602883798,11.42263652764689,1,18.142480075236907,69.14167356558916,50.999193490352255,-78.92951005359993,negative_cross,toward_S1,0.6901172940302334
3,miata,2024-03-29 20:38:57+00:00,40.289665,-88.126383,-99.48755976150686,1716.0,-3.824383585539536,rs10,22.534103183015418,29.992667077260954,7.458563894245536,1,22.534103183015418,73.25139748406043,50.717294301045015,-78.92951005359993,negative_cross,toward_S1,0.6192953757795012
3,miata,2024-03-29 20:38:58+00:00,40.289687,-88.126349,-101.98547155850262,1717.0,-2.4979117969957656,rs10,25.92121407748784,29.77619396602073,3.854979888532892,1,25.92121407748784,76.17673533237507,50.255521254887235,-78.92951005359993,negative_cross,toward_S1,0.5730377499092093
3,miata,2024-03-29 20:38:59+00:00,40.289702,-88.126307,-103.71738586295062,1718.0,-1.7319143044479972,rs8,29.016782303206273,29.05627866730057,0.039496364094297576,1,29.016782303206273,77.4961713731052,48.47938906989893,-78.92951005359993,positive_cross,toward_S1,0.540965262789802
3,miata,2024-03-29 20:39:00+00:00,40.289707,-88.12626,-104.34518204625054,1719.0,-0.627796183299921,rs8,27.592247230778916,31.698638038395128,4.1063908076162114,1,27.592247230778916,77.31775788286075,49.72551065208183,-78.92951005359993,positive_cross,toward_S1,0.5293394075435072
3,miata,2024-03-29 20:39:01+00:00,40.289695,-88.126213,-103.08297205847695,1720.0,1.2622099877735877,rs8,24.896951017791693,33.19804377749199,8.301092759700296,1,24.896951017791693,75.46858039213298,50.571629374341285,-78.92951005359993,positive_cross,toward_S4,0.5527136665763513
3,miata,2024-03-29 20:39:02+00:00,40.289665,-88.126176,-99.80427863678588,1721.0,3.2786934216910737,rs8,20.85600397997252,33.20094095733664,12.34493697736412,1,20.85600397997252,71.86750347240773,51.01149949243521,-78.92951005359993,positive_cross,toward_S4,0.6134302114224823
3,miata,2024-03-29 20:39:03+00:00,40.289621,-88.126153,-94.9476889444813,1722.0,4.856589692304581,rs8,15.682347006310192,32.01154237384414,16.329195367533945,1,15.682347006310192,66.87002339576068,51.18767638945049,-78.92951005359993,positive_cross,toward_S4,0.7033670575762709
3,miata,2024-03-29 20:39:04+00:00,40.28957,-88.126147,-89.28685068851377,1723.0,5.660838255967533,rs8,10.00903240051861,30.041474210053945,20.032441809535335,1,10.00903240051861,61.18086696611873,51.17183456560012,-78.92951005359993,positive_cross,toward_S4,0.8081973956497437
3,miata,2024-03-29 20:39:05+00:00,40.289511,-88.126151,-82.72129733492602,1724.0,6.565553353587745,rs8,3.9940403601468195,28.097610800537648,24.10357044039083,1,3.9940403601468195,54.64117288356198,50.64713252341516,-78.92951005359993,positive_cross,toward_S4,0.9297817170124797
3,miata,2024-03-29 20:39:06+00:00,40.289446,-88.126152,-75.49327310846971,1725.0,7.228024226456313,rs8,4.65417113373521,27.94462076222155,23.29044962848634,1,4.65417113373521,47.427817101770906,42.773645968035694,-78.92951005359993,positive_cross,toward_S4,1.0636340175024115
3,miata,2024-03-29 20:39:07+00:00,40.289377,-88.126155,-67.81748146224648,1726.0,7.675791646223232,rs8,11.957072841257556,29.61641825743309,17.659345416175533,1,11.957072841257556,39.79003708750637,27.832964246248814,-78.92951005359993,positive_cross,toward_S4,1.205778307247286
3,miata,2024-03-29 20:39:08+00:00,40.2893,-88.126159,-59.25074510345981,1727.0,8.566736358786663,rs8,20.44278017609597,31.2966157973234,10.853835621227432,1,20.44278017609597,31.2966157973234,10.853835621227432,-78.92951005359993,positive_cross,toward_S4,1.364421573150743
3,miata,2024-03-29 20:39:09+00:00,40.289221,-88.126161,-50.46471516381112,1728.0,8.786029939648692,rs6,22.613798038414497,29.18086285533056,6.567064816916062,2,22.613798038414497,29.18086285533056,6.567064816916062,-27.632700444717127,positive_cross,toward_S4,1.5771849126093704
3,miata,2024-03-29 20:39:10+00:00,40.289141,-88.126164,-41.56597834795507,1729.0,8.898736815856054,rs6,13.979634499551782,33.614307848661724,19.634673349109942,2,13.979634499551782,38.06059276257143,24.08095826301965,-27.632700444717127,positive_cross,toward_S4,1.7419763351252233
3,miata,2024-03-29 20:39:11+00:00,40.289058,-88.126164,-32.33830115921517,1730.0,9.227677188739897,rs6,5.743484779776391,30.93552513490611,25.19204035512972,2,5.743484779776391,47.262179982041744,41.518695202265356,-27.632700444717127,positive_cross,toward_S4,1.912859246027814
3,miata,2024-03-29 20:39:12+00:00,40.288972,-88.12616,-22.783213642043208,1731.0,9.555087517171962,rs6,6.474664016101172,31.281140213823583,24.80647619772241,2,6.474664016101172,48.66396534561398,42.18930132951281,-27.632700444717127,positive_cross,toward_S4,2.089805311160628
3,miata,2024-03-29 20:39:13+00:00,40.288885,-88.126157,-13.11541924787393,1732.0,9.667794394169277,rs6,15.426578724733451,34.36794955041267,18.941370825679215,2,15.426578724733451,39.003640385901434,23.57706166116798,-27.632700444717127,positive_cross,toward_S4,2.2688385406822813
3,miata,2024-03-29 20:39:14+00:00,40.288801,-88.126154,-3.7811553544576006,1733.0,9.33426389341633,rs6,24.5976982840314,29.687568453108067,5.089870169076669,2,24.5976982840314,29.687568453108067,5.089870169076669,-27.632700444717127,positive_cross,toward_S4,2.4416952794492506
3,miata,2024-03-29 20:39:15+00:00,40.288713,-88.126154,6.002406001640997,1734.0,9.783561356098598,rs3,20.003941616138317,34.33016769396668,14.326226077828363,3,20.003941616138317,34.33016769396668,14.326226077828363,26.33125891160298,positive_cross,toward_S4,2.62353976092663
3,miata,2024-03-29 20:39:16+00:00,40.288626,-88.126153,15.673260481553989,1735.0,9.670854479912991,rs3,10.591987579416015,36.366719634265735,25.77473205484972,3,10.591987579416015,43.97036569567127,33.378378116255256,26.33125891160298,positive_cross,toward_S4,2.8026296587027963
3,miata,2024-03-29 20:39:17+00:00,40.28854,-88.126153,25.234468171025085,1736.0,9.561207689471097,rs3,3.490076322257861,34.763290272104676,31.273213949846816,3,3.490076322257861,53.517478972058235,50.02740264980037,26.33125891160298,positive_cross,toward_S4,2.9796890603596684
3,miata,2024-03-29 20:39:18+00:00,40.288453,-88.126154,34.9083827366818,1737.0,9.673914565656716,rs3,9.889548732006665,35.685016053315316,25.79546732130865,3,9.889548732006665,44.31905532067459,34.42950658866793,26.33125891160298,positive_cross,toward_S4,3.1588356263903483
3,miata,2024-03-29 20:39:19+00:00,40.288364,-88.126158,44.80924109760332,1738.0,9.900858360921518,rs3,19.52158146064442,34.4918546402335,14.970273179589078,3,19.52158146064442,34.4918546402335,14.970273179589078,26.33125891160298,positive_cross,toward_S4,3.3421848552963027
3,miata,2024-03-29 20:39:20+00:00,40.288277,-88.126161,54.48621574900373,1739.0,9.676974651400414,rs1,24.932599216010683,29.10363682122024,4.1710376052095555,4,24.932599216010683,29.10363682122024,4.1710376052095555,80.2309515867141,positive_cross,toward_S4,3.5232456326349935
3,miata,2024-03-29 20:39:21+00:00,40.288199,-88.126165,63.164128941104146,1740.0,8.677913192100412,rs1,16.511205074376406,37.6061527672955,21.094947692919092,4,16.511205074376406,37.75002104242555,21.238815968049146,80.2309515867141,positive_cross,toward_S4,3.683947728785001
3,miata,2024-03-29 20:39:22+00:00,40.288125,-88.126169,71.39733479836963,1741.0,8.233205857265482,rs1,9.00168404347166,34.17977871843282,25.178094674961162,4,9.00168404347166,45.96733680102605,36.965652757554395,80.2309515867141,positive_cross,toward_S4,3.836414503919547
3,miata,2024-03-29 20:39:23+00:00,40.28806,-88.126174,78.63147919631338,1742.0,7.234144397943751,rs1,5.096151914100335,32.49581575325987,27.399663839159533,4,5.096151914100335,53.20274426907663,48.1065923549763,80.2309515867141,positive_cross,toward_S4,3.9703801409185053
3,miata,2024-03-29 20:39:24+00:00,40.288004,-88.126179,84.86503209204179,1743.0,6.233552895728408,rs1,7.955740908066028,32.242822678459234,24.287081770393208,4,7.955740908066028,59.44321416248555,51.48747325441953,80.2309515867141,positive_cross,toward_S4,4.085816305654216
3,miata,2024-03-29 20:39:25+00:00,40.287962,-88.126188,89.5482294889588,1744.0,4.683197396917009,rs1,12.158218124180014,32.41066688769149,20.252448763511477,4,12.158218124180014,64.16701480637225,52.00879668219224,80.2309515867141,positive_cross,toward_S4,4.172542183374902
3,miata,2024-03-29 20:39:26+00:00,40.287926,-88.126213,93.58884657042837,1745.0,4.040617081469577,rs1,16.684684254092186,31.747190472999836,15.06250621890765,4,16.684684254092186,68.38494832142395,51.70026406733176,80.2309515867141,positive_cross,toward_S4,4.247368425624338
3,miata,2024-03-29 20:39:27+00:00,40.2879,-88.126251,96.53758587295651,1746.0,2.948739302528139,rs1,20.847669546165815,30.202811916177073,9.355142370011258,4,20.847669546165815,71.71347238551905,50.865802839353236,80.2309515867141,positive_cross,toward_S4,4.301974709004489
3,miata,2024-03-29 20:39:28+00:00,40.287885,-88.126297,98.27562034889195,1747.0,1.7380344759354358,rs1,24.51580198308639,27.930127206099023,3.414325223012632,4,24.51580198308639,74.08645730323225,49.57065532014586,80.2309515867141,positive_cross,toward_S4,4.334160532632923
3,miata,2024-03-29 20:39:29+00:00,40.287875,-88.126347,99.46389082897782,1748.0,1.188270480085876,rs2,25.51742137536409,28.17945985672963,2.6620384813655384,4,25.51742137536409,75.04781566315535,49.53039428779125,80.2309515867141,negative_cross,toward_S4,4.356165541523402
3,miata,2024-03-29 20:39:30+00:00,40.287875,-88.1264,99.5449831014037,1749.0,0.08109227242587735,rs2,22.623166468369142,31.495050788373746,8.871884320004604,4,22.623166468369142,74.08077409594608,51.45760762757694,80.2309515867141,negative_cross,ambiguous,4.35766725027203
3,miata,2024-03-29 20:39:31+00:00,40.287889,-88.12645,98.06500957485,1750.0,-1.4799735265537066,rs2,19.04571934090996,33.992618098892024,14.946898757982062,4,19.04571934090996,71.86602470355989,52.820305362649925,80.2309515867141,negative_cross,toward_S1,4.330260333113627
3,miata,2024-03-29 20:39:32+00:00,40.287917,-88.126487,95.00866982055466,1751.0,-3.0563397542953368,rs2,14.873889438224134,35.19147108535136,20.317581647127227,4,14.873889438224134,68.41555208677937,53.54166264855524,80.2309515867141,negative_cross,toward_S1,4.273661448774825
3,miata,2024-03-29 20:39:33+00:00,40.287957,-88.126504,90.58760720583209,1752.0,-4.4210626147225724,rs2,10.225471919857334,34.84657433089292,24.621102411035586,4,10.225471919857334,63.85913483046503,53.6336629106077,80.2309515867141,negative_cross,toward_S1,4.191789918872555
3,miata,2024-03-29 20:39:34+00:00,40.288,-88.126502,85.80394327574778,1753.0,-4.783663930084302,rs2,6.384654391833496,33.48062790759803,27.09597351576453,4,6.384654391833496,59.106533620071716,52.72187922823822,80.2309515867141,negative_cross,toward_S1,4.10320354979692
3,miata,2024-03-29 20:39:35+00:00,40.288046,-88.126497,80.68215871550503,1754.0,-5.121784560242759,rs2,5.059964172392587,32.496125589904075,27.43616141751149,4,5.059964172392587,54.05324519657345,48.99328102418086,80.2309515867141,negative_cross,toward_S1,4.008355687570202
3,miata,2024-03-29 20:39:36+00:00,40.288103,-88.126496,74.34354915795032,1755.0,-6.338609557554705,rs2,8.675172993167076,32.81779258656926,24.142619593402188,4,8.675172993167076,47.76133603850613,39.086163045339056,80.2309515867141,negative_cross,toward_S1,3.890974029096967
3,miata,2024-03-29 20:39:37+00:00,40.288164,-88.126495,67.5602322655607,1756.0,-6.783316892389621,rs2,14.744537878851137,34.48101567863045,19.736477799779312,4,14.744537878851137,41.0436170092488,26.29907913039766,80.2309515867141,negative_cross,toward_S1,3.7653570496082702
3,miata,2024-03-29 20:39:38+00:00,40.288232,-88.126495,60.0002075812668,1757.0,-7.5600246842939,rs2,21.986452621017442,33.57080661923048,11.58435399821304,4,21.986452621017442,33.57080661923048,11.58435399821304,80.2309515867141,negative_cross,toward_S1,3.6253565924917166
3,miata,2024-03-29 20:39:39+00:00,40.288301,-88.126495,52.32900606365914,1758.0,-7.671201517607656,rs5,26.041616912186246,29.500245710450585,3.458628798264339,3,26.041616912186246,29.500245710450585,3.458628798264339,26.33125891160298,negative_cross,toward_S1,3.481439762075114
3,miata,2024-03-29 20:39:40+00:00,40.288373,-88.126492,44.31968391589299,1759.0,-8.009322147766156,rs5,18.395424410270984,36.97358714612395,18.578162735852963,3,18.395424410270984,37.44652288869834,19.051098478427356,26.33125891160298,negative_cross,toward_S1,3.333118981560926
3,miata,2024-03-29 20:39:41+00:00,40.288447,-88.126487,36.08494801575563,1760.0,-8.234735900137359,rs5,11.181713324011064,33.30443723163484,22.12272390762378,3,11.181713324011064,45.65820455378096,34.4764912297699,26.33125891160298,negative_cross,toward_S1,3.1806238722991234
3,miata,2024-03-29 20:39:42+00:00,40.288522,-88.126477,27.73138506713354,1761.0,-8.353562948622088,rs5,7.300639970283229,30.989949718206475,23.689309747923247,3,7.300639970283229,54.04055530014071,46.73991532985748,26.33125891160298,negative_cross,toward_S1,3.025928262139455
3,miata,2024-03-29 20:39:43+00:00,40.288597,-88.126464,19.373231989895878,1762.0,-8.358153077237663,rs5,11.241627380710295,30.60925100220214,19.367623621491845,3,11.241627380710295,46.80641450251081,35.56478712180052,26.33125891160298,negative_cross,toward_S1,2.871147649598017
3,miata,2024-03-29 20:39:44+00:00,40.288673,-88.126454,10.908492207960032,1763.0,-8.464739781935846,rs5,18.434991222039198,32.75913264845563,14.324141426416436,3,18.434991222039198,38.53713813105624,20.10214690901704,26.33125891160298,negative_cross,toward_S1,2.7143932091917975
3,miata,2024-03-29 20:39:45+00:00,40.288749,-88.126445,2.4452824689177928,1764.0,-8.46320973904224,rs5,26.381389118734013,30.374094741279915,3.992705622545902,3,26.381389118734013,30.374094741279915,3.992705622545902,26.33125891160298,negative_cross,toward_S1,2.5576671029132374
3,miata,2024-03-29 20:39:46+00:00,40.288826,-88.126437,-6.127574060588083,1765.0,-8.572856529505875,rs7,22.319933516648,34.665517881137355,12.345584364489355,2,22.319933516648,34.665517881137355,12.345584364489355,-27.632700444717127,negative_cross,toward_S1,2.398243081187575
3,miata,2024-03-29 20:39:47+00:00,40.288901,-88.12643,-14.47654688057286,1766.0,-8.348972819984777,rs7,15.021163029880826,29.64585544844545,14.624692418564623,2,15.021163029880826,42.83323304172641,27.812070011845584,-27.632700444717127,negative_cross,toward_S1,2.243632473410079
3,miata,2024-03-29 20:39:48+00:00,40.288976,-88.126425,-22.822459614023963,1767.0,-8.345912733451103,rs7,9.491355343185871,26.544059866815566,17.052704523629693,2,9.491355343185871,51.02517249873762,41.533817155551745,-27.632700444717127,negative_cross,toward_S1,2.0890785339017253
3,miata,2024-03-29 20:39:49+00:00,40.289053,-88.126422,-31.387665929917024,1768.0,-8.565206315893061,rs7,9.639248444763188,26.079380484080968,16.44013203931778,2,9.639248444763188,47.30769430925903,37.66844586449584,-27.632700444717127,negative_cross,toward_S1,1.9304636021259278
3,miata,2024-03-29 20:39:50+00:00,40.289133,-88.126422,-40.281812617135756,1769.0,-8.894146687218733,rs7,15.707164418647366,28.7025836712621,12.995419252614735,2,15.707164418647366,38.46695663072343,22.759792212076064,-27.632700444717127,negative_cross,toward_S1,1.7657571819922475
3,miata,2024-03-29 20:39:51+00:00,40.289213,-88.126422,-49.17595930435449,1770.0,-8.894146687218736,rs7,23.640379615462827,29.66054946888038,6.020169853417553,2,23.640379615462827,29.66054946888038,6.020169853417553,-27.632700444717127,negative_cross,toward_S1,1.6010507618585672
3,miata,2024-03-29 20:39:52+00:00,40.289297,-88.126421,-58.51634336930174,1771.0,-9.340384064947244,rs10,20.51941811410042,32.535130025458706,12.015711911358284,1,20.51941811410042,32.535130025458706,12.015711911358284,-78.92951005359993,negative_cross,toward_S1,1.3780216052647813
3,miata,2024-03-29 20:39:53+00:00,40.289382,-88.126422,-67.96484418256549,1772.0,-9.448500813263749,rs10,11.529630817976738,27.643495254467073,16.113864436490335,1,11.529630817976738,41.69995710073031,30.17032628275357,-78.92951005359993,negative_cross,toward_S1,1.2030493679821193
3,miata,2024-03-29 20:39:54+00:00,40.289462,-88.126422,-76.8589908697842,1773.0,-8.894146687218708,rs10,5.083934749582248,25.412467013270433,20.328532263688185,1,5.083934749582248,50.43720372765061,45.353268978068364,-78.92951005359993,negative_cross,toward_S1,1.0383429478484396
3,miata,2024-03-29 20:39:55+00:00,40.289531,-88.126422,-84.53019238739188,1774.0,-7.671201517607685,rs10,7.789354940721159,25.901529743850237,18.11217480312908,1,7.789354940721159,58.01236932318927,50.22301438246811,-78.92951005359993,negative_cross,toward_S1,0.8962836604853343
3,miata,2024-03-29 20:39:56+00:00,40.289581,-88.126416,-90.09821432455145,1775.0,-5.568021937159571,rs10,12.833681765884199,27.15083393609852,14.31715217021432,1,12.833681765884199,63.58810222538333,50.75442045949913,-78.92951005359993,negative_cross,toward_S1,0.7931721431305274
3,miata,2024-03-29 20:39:57+00:00,40.289621,-88.126379,-94.60189925457176,1776.0,-4.503684930020313,rs10,18.213441593791803,26.63162884514758,8.418187251355778,1,18.213441593791803,68.48838196880664,50.274940375014836,-78.92951005359993,negative_cross,toward_S1,0.7097705703523733
3,miata,2024-03-29 20:39:58+00:00,40.289646,-88.126337,-97.44558189529533,1777.0,-2.8436826407235714,rs10,22.41101413862634,25.716747362554013,3.3057332239276747,1,22.41101413862634,71.92779962095993,49.51678548233359,-78.92951005359993,negative_cross,toward_S1,0.6571097807093443
3,miata,2024-03-29 20:39:59+00:00,40.289659,-88.126284,-98.97197300474973,1778.0,-1.5263911094543943,rs8,23.951031995769846,26.221353789945756,2.27032179417591,1,23.951031995769846,72.41857269412195,48.4675406983521,-78.92951005359993,positive_cross,toward_S1,0.6288432786824111
3,miata,2024-03-29 20:40:00+00:00,40.289656,-88.126229,-98.72259486218813,1779.0,0.2493781425615964,rs8,21.339643412730776,29.159375699035447,7.819732286304671,1,21.339643412730776,71.32445502807667,49.98481161534589,-78.92951005359993,positive_cross,ambiguous,0.6334613924335517
3,miata,2024-03-29 20:40:01+00:00,40.289636,-88.126184,-96.567910119791,1780.0,2.154684742397137,rs8,17.900287900901294,30.70388640936172,12.803598508460425,1,17.900287900901294,68.70229777503259,50.8020098741313,-78.92951005359993,positive_cross,toward_S4,0.6733629617372024
3,miata,2024-03-29 20:40:02+00:00,40.289595,-88.126158,-92.04944105683317,1781.0,4.51846906295782,rs8,12.92465887969745,30.27541639027783,17.35075751058038,1,12.92465887969745,64.00250485810064,51.07784597840319,-78.92951005359993,positive_cross,toward_S4,0.7570383147549399
3,miata,2024-03-29 20:40:03+00:00,40.289551,-88.126153,-87.16531059355988,1782.0,4.884130463273294,rs8,8.090951746221753,28.88589321347908,20.794941467257324,1,8.090951746221753,59.09307130324831,51.00211955702655,-78.92951005359993,positive_cross,toward_S4,0.8474851751859268
3,miata,2024-03-29 20:40:04+00:00,40.289504,-88.126155,-81.93693932864069,1783.0,5.22837126491919,rs8,3.6323785435293243,27.66341580265915,24.031037259129825,1,3.6323785435293243,53.882571123543194,50.25019258001387,-78.92951005359993,positive_cross,toward_S4,0.9443068652770229
3,miata,2024-03-29 20:40:05+00:00,40.289447,-88.126157,-75.5967997281924,1784.0,6.340139600448296,rs8,4.7970959943566305,27.510204837393143,22.713108843036512,1,4.7970959943566305,47.56676149856571,42.76966550420908,-78.92951005359993,positive_cross,toward_S4,1.0617168578779173
3,miata,2024-03-29 20:40:06+00:00,40.289378,-88.12616,-67.9210080811792,1785.0,7.675791647013199,rs8,11.951197441300657,29.181337417771747,17.23013997647109,1,11.951197441300657,39.936884279955706,27.98568683865505,-78.92951005359993,positive_cross,toward_S4,1.203861147637421
3,miata,2024-03-29 20:40:07+00:00,40.289301,-88.126165,-59.352741680310636,1786.0,8.56826640086856,rs8,20.414170383341062,31.46813915812117,11.053968774780106,1,20.414170383341062,31.46813915812117,11.053968774780106,-78.92951005359993,positive_cross,toward_S4,1.3625327476535054
3,miata,2024-03-29 20:40:08+00:00,40.289213,-88.126169,-49.56306015191291,1787.0,9.789681528397729,rs6,21.86156109250799,30.14474355497902,8.283182462471029,2,21.86156109250799,30.14474355497902,8.283182462471029,-27.632700444717127,positive_cross,toward_S4,1.5938822276445226
3,miata,2024-03-29 20:40:09+00:00,40.289117,-88.12617,-38.888554084062584,1788.0,10.674506067850324,rs6,11.627906221806011,32.11761477888362,20.48970855707761,2,11.627906221806011,40.76589361197227,29.137987390166256,-27.632700444717127,positive_cross,toward_S4,1.7915582659380471
3,miata,2024-03-29 20:40:10+00:00,40.28902,-88.126169,-28.105931268642234,1789.0,10.78262281542035,rs6,4.36113624860987,30.149107117427015,25.787970868817144,2,4.36113624860987,51.508548402963356,47.14741215435349,-27.632700444717127,positive_cross,toward_S4,1.991236466223609
3,miata,2024-03-29 20:40:11+00:00,40.288927,-88.126167,-17.769545830160432,1790.0,10.336385438481802,rs6,11.202149585355373,31.865549911665507,20.663400326310132,2,11.202149585355373,43.73732353385963,32.53517394850426,-27.632700444717127,positive_cross,toward_S4,2.1826510113806794
3,miata,2024-03-29 20:40:12+00:00,40.288839,-88.126165,-7.989044559805551,1791.0,9.78050127035488,rs6,20.573339495050696,33.998006210817465,13.424666715766769,2,20.573339495050696,33.998006210817465,13.424666715766769,-27.632700444717127,positive_cross,toward_S4,2.3637714052761405
3,miata,2024-03-29 20:40:13+00:00,40.288753,-88.126165,1.5721631296655505,1792.0,9.561207689471102,rs3,24.54831863782159,30.01257874101634,5.46426010319475,3,24.54831863782159,30.01257874101634,5.46426010319475,26.33125891160298,positive_cross,toward_S4,2.541498226260418
3,miata,2024-03-29 20:40:14+00:00,40.28867,-88.126164,10.798310274743628,1793.0,9.226147145078077,rs3,15.538788972870867,37.251514145339904,21.712725172469035,3,15.538788972870867,39.17202781945387,23.633238846582998,26.33125891160298,positive_cross,toward_S4,2.712352803021123
3,miata,2024-03-29 20:40:15+00:00,40.288586,-88.126161,20.13257416815996,1794.0,9.334263893416331,rs3,6.933305051619801,34.64137270007775,27.708067648457952,3,6.933305051619801,48.45682814972959,41.52352309810979,26.33125891160298,positive_cross,toward_S4,2.8852095417880923
3,miata,2024-03-29 20:40:16+00:00,40.288502,-88.126157,29.465308018726173,1795.0,9.332733850566214,rs3,5.361776140030758,34.53864748706501,29.176871347034254,3,5.361776140030758,49.77295853462033,44.411182394589574,26.33125891160298,positive_cross,toward_S4,3.0580379464282075
3,miata,2024-03-29 20:40:17+00:00,40.288422,-88.126154,38.354864578097555,1796.0,8.889556559371382,rs3,13.166423379470938,36.65937957359382,23.49295619412288,3,13.166423379470938,40.88190579796018,27.71548241848924,26.33125891160298,positive_cross,toward_S4,3.222659364194344
3,miata,2024-03-29 20:40:18+00:00,40.288346,-88.126155,46.805833974143184,1797.0,8.450969396045629,rs3,21.442719069031092,32.4740327114311,11.031313642400008,3,21.442719069031092,32.4740327114311,11.031313642400008,26.33125891160298,positive_cross,toward_S4,3.379158797454448
3,miata,2024-03-29 20:40:19+00:00,40.288275,-88.126157,54.70244924493376,1798.0,7.896615270790576,rs1,24.66075812956028,29.277854229991668,4.6170961004313895,4,24.66075812956028,29.277854229991668,4.6170961004313895,80.2309515867141,positive_cross,toward_S4,3.5272499566336974
3,miata,2024-03-29 20:40:20+00:00,40.288204,-88.126161,62.602124601446306,1799.0,7.899675356512546,rs1,16.966053431271373,37.15853414293778,20.19248071166641,4,16.966053431271373,37.15853414293778,20.19248071166641,80.2309515867141,positive_cross,toward_S4,3.6735402410135594
3,miata,2024-03-29 20:40:21+00:00,40.288135,-88.126165,70.2794462913531,1800.0,7.67732168990679,rs1,9.81699712288953,34.82754046443818,25.010543341548647,4,9.81699712288953,44.82616775280207,35.00917062991254,80.2309515867141,positive_cross,toward_S4,3.815712864900722
3,miata,2024-03-29 20:40:22+00:00,40.288071,-88.126172,77.40547394093686,1801.0,7.126027649583762,rs1,5.190850820160816,32.771577982289045,27.58072716212823,4,5.190850820160816,51.968509879228975,46.77765905906816,80.2309515867141,positive_cross,toward_S4,3.947676339893014
3,miata,2024-03-29 20:40:23+00:00,40.288014,-88.126183,83.75938392804359,1802.0,6.353909987106732,rs1,7.455593922641844,31.786047400555248,24.3304534779134,4,7.455593922641844,58.37006273451246,50.91446881187061,80.2309515867141,positive_cross,toward_S4,4.06534133965425
3,miata,2024-03-29 20:40:24+00:00,40.287965,-88.126214,89.25448010300461,1803.0,5.49509617496102,rs1,13.170783054972143,30.19700089303197,17.02621783805983,4,13.170783054972143,64.09485036197917,50.92406730700703,80.2309515867141,positive_cross,toward_S4,4.167102379931306
3,miata,2024-03-29 20:40:25+00:00,40.287924,-88.126248,93.8647517384913,1804.0,4.610271635486683,rs1,18.532384453577063,29.14621871696052,10.613834263383456,4,18.532384453577063,69.03873439172557,50.5063499381485,80.2309515867141,positive_cross,toward_S4,4.252477780588467
3,miata,2024-03-29 20:40:26+00:00,40.287897,-88.126291,96.93231808871421,1805.0,3.0675663502229185,rs1,23.164450665487767,27.541287817442264,4.376837151954497,4,23.164450665487767,72.67455737319325,49.51010670770549,80.2309515867141,positive_cross,toward_S4,4.309284564851854
3,miata,2024-03-29 20:40:27+00:00,40.287884,-88.126344,98.45870919816863,1806.0,1.5263911094544227,rs2,24.990325123288063,27.292032344765914,2.3017072214778516,4,24.990325123288063,74.14057610749326,49.1502509842052,80.2309515867141,negative_cross,toward_S4,4.337551066878787
3,miata,2024-03-29 20:40:28+00:00,40.287888,-88.126401,98.10121430724703,1807.0,-0.35749489092160047,rs2,21.41535659424734,30.65987405598992,9.244517461742582,4,21.41535659424734,72.6445405729445,51.229183978697165,80.2309515867141,negative_cross,ambiguous,4.330930791120981
3,miata,2024-03-29 20:40:29+00:00,40.287901,-88.126451,96.73241761479703,1808.0,-1.3687966924500046,rs2,17.83806770698353,33.35604917825354,15.517981471270012,4,17.83806770698353,70.531926007213,52.69385830022947,80.2309515867141,negative_cross,toward_S1,4.305582704223758
3,miata,2024-03-29 20:40:30+00:00,40.287926,-88.126488,94.00960836123289,1809.0,-2.7228092535641366,rs2,13.924052465346165,34.84149512044772,20.917442655101553,4,13.924052465346165,67.4109691795486,53.48691671420244,80.2309515867141,negative_cross,toward_S1,4.255160310639237
3,miata,2024-03-29 20:40:31+00:00,40.287968,-88.126505,89.36619207909287,1810.0,-4.6434162821400236,rs2,9.09678740161739,34.5620686066461,25.46528120502871,4,9.09678740161739,62.63275268592239,53.535965284305,80.2309515867141,negative_cross,toward_S1,4.169171120229237
3,miata,2024-03-29 20:40:32+00:00,40.288012,-88.126505,84.4744114006486,1811.0,-4.891780678444263,rs2,5.331667598794869,33.51134086771049,28.179673268915618,4,5.331667598794869,57.754919757717886,52.42325215892302,80.2309515867141,negative_cross,toward_S1,4.078582589146936
3,miata,2024-03-29 20:40:33+00:00,40.288058,-88.126501,79.35415688408938,1812.0,-5.120254516559228,rs2,5.089950491655095,32.81857998828269,27.728629496627597,4,5.089950491655095,52.691091415840894,47.6011409241858,80.2309515867141,negative_cross,toward_S1,3.983763061062505
3,miata,2024-03-29 20:40:34+00:00,40.288115,-88.126497,73.01095719789737,1813.0,-6.343199686192008,rs2,9.742542140918493,33.141162263313646,23.39862012239515,4,9.742542140918493,46.42600093293936,36.683458792020865,80.2309515867141,negative_cross,toward_S1,3.8662964002070974
3,miata,2024-03-29 20:40:35+00:00,40.28818,-88.126495,65.78140292859094,1814.0,-7.229554269306433,rs2,16.422464711683702,35.14229961912496,18.71983490744126,4,16.422464711683702,39.2821895247021,22.859724813018396,80.2309515867141,negative_cross,toward_S1,3.7324157655903116
3,miata,2024-03-29 20:40:36+00:00,40.288246,-88.126494,58.44220186803092,1815.0,-7.339201060560015,rs2,23.52144684938662,32.05283956245296,8.531392713066339,4,23.52144684938662,32.05283956245296,8.531392713066339,80.2309515867141,negative_cross,toward_S1,3.5965046348392002
3,miata,2024-03-29 20:40:37+00:00,40.288317,-88.126493,50.54711664013394,1816.0,-7.895085227896978,rs5,24.349247702854907,31.28233234179036,6.933084638935455,3,24.349247702854907,31.28233234179036,6.933084638935455,26.33125891160298,negative_cross,toward_S1,3.4484418097876106
3,miata,2024-03-29 20:40:38+00:00,40.288388,-88.12649,42.648971326493246,1817.0,-7.898145313640697,rs5,16.88750353346496,36.03368996641165,19.14618643294669,3,16.88750353346496,39.121943702042785,22.234440168577823,26.33125891160298,negative_cross,toward_S1,3.3021798595350047
3,miata,2024-03-29 20:40:39+00:00,40.288463,-88.126484,34.30152854938033,1818.0,-8.347442777112917,rs5,9.944986883311262,32.57293306363316,22.627946180321896,3,9.944986883311262,47.4557829170864,37.51079603377514,26.33125891160298,negative_cross,toward_S1,3.147597585884766
3,miata,2024-03-29 20:40:40+00:00,40.288538,-88.126476,25.951025686501954,1819.0,-8.350502862878376,rs5,7.401012091668127,30.866757781742557,23.465745690074428,3,7.401012091668127,53.24625824010566,45.84524614843753,26.33125891160298,negative_cross,toward_S1,2.9929586439796108
3,miata,2024-03-29 20:40:41+00:00,40.288609,-88.126464,18.039109986971056,1820.0,-7.911915699530898,rs5,12.174844426719742,30.932493239048895,18.75764881232915,3,12.174844426719742,45.479929125934554,33.30508469921481,26.33125891160298,negative_cross,toward_S1,2.8464416865808904
3,miata,2024-03-29 20:40:42+00:00,40.28868,-88.126451,10.125664244568304,1821.0,-7.913445742402752,rs5,19.2373922362495,32.90588750325512,13.668495267005621,3,19.2373922362495,37.809158858663444,18.571766622413943,26.33125891160298,negative_cross,toward_S1,2.6998963950549135
3,miata,2024-03-29 20:40:43+00:00,40.288751,-88.126444,2.2213987594184377,1822.0,-7.904265485149866,rs5,26.61940895564702,30.176249851580568,3.556840895933547,3,26.61940895564702,30.176249851580568,3.556840895933547,26.33125891160298,negative_cross,toward_S1,2.553521108292879
3,miata,2024-03-29 20:40:44+00:00,40.288824,-88.126439,-5.902160307405168,1823.0,-8.123559066823606,rs7,22.47468838760971,34.40182460683095,11.92713621922124,2,22.47468838760971,34.40182460683095,11.92713621922124,-27.632700444717127,negative_cross,toward_S1,2.4024174099502216
3,miata,2024-03-29 20:40:45+00:00,40.288901,-88.126432,-14.473486794829146,1824.0,-8.571326487423978,rs7,14.931474846660992,29.797659421144726,14.866184574483734,2,14.931474846660992,42.78901180094402,27.857536954283027,-27.632700444717127,negative_cross,toward_S1,2.2436891416645923
3,miata,2024-03-29 20:40:46+00:00,40.288979,-88.126429,-23.149869943245996,1825.0,-8.67638314841685,rs7,9.037526132651328,26.81827491838592,17.780748785734595,2,9.037526132651328,51.27403549863539,42.23650936598406,-27.632700444717127,negative_cross,toward_S1,2.0830153796568727
3,miata,2024-03-29 20:40:47+00:00,40.289055,-88.126428,-31.600839339291635,1826.0,-8.45096939604564,rs7,9.287235105191254,26.614840182934646,17.327605077743392,2,9.287235105191254,47.036855722124926,37.74962061693367,-27.632700444717127,negative_cross,toward_S1,1.9265159463967683
3,miata,2024-03-29 20:40:48+00:00,40.289131,-88.126429,-40.048748649593556,1827.0,-8.44790931030192,rs7,15.198140291663822,29.1435168460897,13.945376554425877,2,15.198140291663822,38.61791234250827,23.419772050844447,-27.632700444717127,negative_cross,toward_S1,1.7700731813911772
3,miata,2024-03-29 20:40:49+00:00,40.289205,-88.126428,-48.27736437901169,1828.0,-8.228615729418138,rs7,22.626289930880763,30.462333301963984,7.836043371083221,2,22.626289930880763,30.462333301963984,7.836043371083221,-27.632700444717127,negative_cross,toward_S1,1.6176914086241747
3,miata,2024-03-29 20:40:50+00:00,40.289279,-88.126426,-56.50751015053347,1829.0,-8.230145771521777,rs10,22.379120205934154,30.493070727662477,8.113950521728324,1,22.379120205934154,30.493070727662477,8.113950521728324,-78.92951005359993,negative_cross,toward_S1,1.4152222204271565
3,miata,2024-03-29 20:40:51+00:00,40.289353,-88.126422,-64.74071600777724,1830.0,-8.233205857243767,rs10,14.520906885019429,29.089128491084377,14.568221606064949,1,14.520906885019429,38.5508819779326,24.02997509291317,-78.92951005359993,negative_cross,toward_S1,1.2627554452930128
3,miata,2024-03-29 20:40:52+00:00,40.289428,-88.12642,-73.08203861340272,1831.0,-8.341322605625479,rs10,7.326609333556635,25.849348052218453,18.522738718661817,1,7.326609333556635,46.74827747557687,39.42166814202024,-78.92951005359993,negative_cross,toward_S1,1.1082865081518003
3,miata,2024-03-29 20:40:53+00:00,40.289497,-88.126418,-80.75630021675408,1832.0,-7.674261603351368,rs10,5.673471967513325,25.03463756500918,19.361165597495855,1,5.673471967513325,54.33148875762548,48.65801679011216,-78.92951005359993,negative_cross,toward_S1,0.9661705525341823
3,miata,2024-03-29 20:40:54+00:00,40.289555,-88.126417,-87.20608660841249,1833.0,-6.449786391658407,rs10,10.231503488695612,26.190295724426324,15.958792235730712,1,10.231503488695612,60.71522670093701,50.4837232122414,-78.92951005359993,negative_cross,toward_S1,0.8467300637997673
3,miata,2024-03-29 20:40:55+00:00,40.289602,-88.126409,-92.44363813060632,1834.0,-5.237551522193826,rs10,15.210722356801782,27.659599791277884,12.448877434476103,1,15.210722356801782,65.98563282153266,50.77491046473088,-78.92951005359993,negative_cross,toward_S1,0.7497383689443261
3,miata,2024-03-29 20:40:56+00:00,40.28964,-88.126379,-96.71425909306271,1835.0,-4.270620962456391,rs10,20.107568764159765,27.913236764618258,7.805668000458493,1,20.107568764159765,70.56819190043424,50.46062313627448,-78.92951005359993,negative_cross,toward_S1,0.6706527955655041
3,miata,2024-03-29 20:40:57+00:00,40.289664,-88.126342,-99.43911468611321,1836.0,-2.7248555930505063,rs10,23.91418438457908,27.459594575881386,3.545410191302306,1,23.91418438457908,73.79164686717148,49.8774624825924,-78.92951005359993,negative_cross,toward_S1,0.6201925068053096
3,miata,2024-03-29 20:40:58+00:00,40.289678,-88.126297,-101.06444228586304,1837.0,-1.6253275997498235,rs8,26.318376435191883,27.25307766538147,0.9347012301895852,1,26.318376435191883,74.70934525175868,48.3909688165668,-78.92951005359993,positive_cross,toward_S1,0.5900938475506832
3,miata,2024-03-29 20:40:59+00:00,40.289682,-88.12625,-101.58106163505924,1838.0,-0.5166193491962048,rs8,24.715312281249997,30.0325971228762,5.317284841626204,1,24.715312281249997,74.43977737340556,49.72446509215557,-78.92951005359993,positive_cross,toward_S1,0.5805268225655682
3,miata,2024-03-29 20:41:00+00:00,40.289679,-88.126201,-101.32250323524475,1839.0,0.2585583998144898,rs8,22.895752318951452,32.64365650411196,9.747904185160507,1,22.895752318951452,73.59461620520382,50.69886388625237,-78.92951005359993,positive_cross,ambiguous,0.5853149410806513
3,miata,2024-03-29 20:41:01+00:00,40.289666,-88.126156,-99.94605632762377,1840.0,1.3764469076209878,rs8,20.671479349963974,34.59927074386292,13.927791393898943,1,20.671479349963974,71.8815956705633,51.210116320599326,-78.92951005359993,positive_cross,toward_S4,0.6108046986291882
3,miata,2024-03-29 20:41:02+00:00,40.289638,-88.126121,-96.88665648758467,1841.0,3.0593998400390916,rs8,17.37495504292599,35.310275236848014,17.935320193922024,1,17.37495504292599,68.69399484005957,51.319039797133584,-78.92951005359993,positive_cross,toward_S4,0.6674602512225047
3,miata,2024-03-29 20:41:03+00:00,40.289603,-88.126104,-93.02147804101078,1842.0,3.8651784465738928,rs8,13.582809044425993,34.80607895081386,21.22326990638787,1,13.582809044425993,64.81073928561798,51.22793024119199,-78.92951005359993,positive_cross,toward_S4,0.7390376298627619
3,miata,2024-03-29 20:41:04+00:00,40.289565,-88.126111,-88.78604806469413,1843.0,4.235429976316652,rs8,9.315572037946735,32.7502133279264,23.434641289979666,1,9.315572037946735,60.57645430421985,51.260882266273114,-78.92951005359993,positive_cross,toward_S4,0.8174715183130703
3,miata,2024-03-29 20:41:05+00:00,40.289527,-88.126138,-84.52001723006337,1844.0,4.2660308346307545,rs8,5.173748183793387,29.479845552835588,24.3060973690422,1,5.173748183793387,56.37384054042567,51.20009235663228,-78.92951005359993,positive_cross,toward_S4,0.896472089324751
3,miata,2024-03-29 20:41:06+00:00,40.28949,-88.126157,-80.37740357253296,1845.0,4.142613657530418,rs8,2.976883060704734,27.362840023422123,24.38595696271739,1,2.976883060704734,52.33874859255371,49.36186553184898,-78.92951005359993,positive_cross,toward_S4,0.9731871570567958
3,miata,2024-03-29 20:41:07+00:00,40.289447,-88.126169,-75.57843921368662,1846.0,4.798964358846334,rs8,5.460652023839001,26.499442189305956,21.038790165466956,1,5.460652023839001,47.649134096882136,42.18848207304313,-78.92951005359993,positive_cross,toward_S4,1.062056867405802
3,miata,2024-03-29 20:41:08+00:00,40.289392,-88.126173,-69.45759319414384,1847.0,6.120846019542782,rs8,10.831841729541914,27.59544163892538,16.763599909383466,1,10.831841729541914,41.598108947591705,30.76626721804979,-78.92951005359993,positive_cross,toward_S4,1.1754058677677053
3,miata,2024-03-29 20:41:09+00:00,40.289335,-88.126169,-63.126633850948416,1848.0,6.330959343195424,rs8,16.776205633372893,30.62757316692418,13.851367533551286,1,16.776205633372893,35.26250167783731,18.486296044464414,-78.92951005359993,positive_cross,toward_S4,1.2926458556046576
3,miata,2024-03-29 20:41:10+00:00,40.289271,-88.126165,-56.01743667220863,1849.0,7.109197178739784,rs8,23.708150115255442,28.16193821245432,4.453788097198878,1,23.708150115255442,28.16193821245432,4.453788097198878,-78.92951005359993,positive_cross,toward_S4,1.4242976552109499
3,miata,2024-03-29 20:41:11+00:00,40.289202,-88.126165,-48.34623515460097,1850.0,7.671201517607663,rs6,20.59515398066703,31.31871956130658,10.723565580639551,2,20.59515398066703,31.31871956130658,10.723565580639551,-27.632700444717127,positive_cross,toward_S4,1.6164160238910399
3,miata,2024-03-29 20:41:12+00:00,40.289133,-88.126168,-40.67044350756603,1851.0,7.675791647034941,rs6,13.233950674014793,32.94236380394378,19.708413129928985,2,13.233950674014793,38.97820336652934,25.74425269251455,-27.632700444717127,positive_cross,toward_S4,1.7585603136509462
3,miata,2024-03-29 20:41:13+00:00,40.289061,-88.12617,-32.66265140269349,1852.0,8.007792104872536,rs6,6.336959273847524,30.486460519013455,24.14950124516593,2,6.336959273847524,46.969310053606684,40.63235077975916,-27.632700444717127,positive_cross,toward_S4,1.9068527600374747
3,miata,2024-03-29 20:41:14+00:00,40.288989,-88.126171,-24.65638934148276,1853.0,8.00626206121073,rs6,5.7204809329484565,30.11729588189262,24.39681494894416,2,5.7204809329484565,50.63190412927048,44.911423196322026,-27.632700444717127,positive_cross,toward_S4,2.055116872282118
3,miata,2024-03-29 20:41:15+00:00,40.288918,-88.126172,-16.761304113585787,1854.0,7.895085227896974,rs6,12.289213432248904,31.788974893586403,19.4997614613375,2,12.289213432248904,42.79031415764641,30.501100725397503,-27.632700444717127,positive_cross,toward_S4,2.20132215428021
3,miata,2024-03-29 20:41:16+00:00,40.288849,-88.126173,-9.08857255231631,1855.0,7.672731561269478,rs6,19.635076276831757,35.078330402638414,15.443254125806657,2,19.635076276831757,35.19394087281976,15.558864595988002,-27.632700444717127,positive_cross,toward_S4,2.3434097757852004
3,miata,2024-03-29 20:41:17+00:00,40.288777,-88.126175,-1.0807804482119823,1856.0,8.007792104104327,rs3,27.329956955988397,27.507025544678427,0.17706858869003028,3,27.329956955988397,27.507025544678427,0.17706858869003028,26.33125891160298,positive_cross,toward_S4,2.492369641484908
3,miata,2024-03-29 20:41:18+00:00,40.288701,-88.126177,7.371718990705513,1857.0,8.452499438917496,rs3,19.15815199143788,35.881375582402605,16.723223590964725,3,19.15815199143788,35.881375582402605,16.723223590964725,26.33125891160298,positive_cross,toward_S4,2.648897408872269
3,miata,2024-03-29 20:41:19+00:00,40.288621,-88.126175,16.26280559297049,1858.0,8.891086602264977,rs3,10.852272409520054,34.41919437403061,23.566921964510556,3,10.852272409520054,44.68994084682639,33.837668437306334,26.33125891160298,positive_cross,toward_S4,2.813547160766065
3,miata,2024-03-29 20:41:20+00:00,40.288539,-88.126174,25.377775904734815,1859.0,9.114970311764324,rs3,5.253916497957994,32.978875014710844,27.72495851675285,3,5.253916497957994,53.75775466475474,48.50383816679675,26.33125891160298,positive_cross,toward_S4,2.982342907280219
3,miata,2024-03-29 20:41:21+00:00,40.288452,-88.126175,35.05169047039153,1860.0,9.673914565656712,rs3,10.755516624618696,33.98521737490798,23.229700750289286,3,10.755516624618696,44.379817513276535,33.62430088865784,26.33125891160298,positive_cross,toward_S4,3.161489473310899
3,miata,2024-03-29 20:41:22+00:00,40.288362,-88.126176,45.05913553677944,1861.0,10.007445066387916,rs3,20.096120541668018,34.46975526055695,14.373634718888933,3,20.096120541668018,34.46975526055695,14.373634718888933,26.33125891160298,positive_cross,toward_S4,3.3468125300958604
3,miata,2024-03-29 20:41:23+00:00,40.288272,-88.126177,55.066580603167345,1862.0,10.007445066387902,rs1,24.641211426082354,29.87400929526612,5.232797869183766,4,24.641211426082354,29.87400929526612,5.232797869183766,80.2309515867141,positive_cross,toward_S4,3.5339931299343195
3,miata,2024-03-29 20:41:24+00:00,40.288193,-88.12618,63.854140585709644,1863.0,8.787559982542298,rs1,16.25981782177152,36.169172636331005,19.909354814559485,4,16.25981782177152,38.581872774776905,22.322054953005384,80.2309515867141,positive_cross,toward_S4,3.696725722203621
3,miata,2024-03-29 20:41:25+00:00,40.288121,-88.126178,71.85581251907301,1864.0,8.001671933363369,rs1,9.058324900010833,33.3235427706972,24.26521787068637,4,9.058324900010833,46.49530681398517,37.436981913974336,80.2309515867141,positive_cross,toward_S4,3.8449048320807204
3,miata,2024-03-29 20:41:26+00:00,40.288059,-88.126179,78.75030624477638,1865.0,6.89449372570337,rs1,5.510117068732058,32.06505419847234,26.55493712974028,4,5.510117068732058,53.35682177786188,47.846704709129824,80.2309515867141,positive_cross,toward_S4,3.972580641815968
3,miata,2024-03-29 20:41:27+00:00,40.288011,-88.126182,84.09138438590291,1866.0,5.3410781411265305,rs1,7.603236891177513,31.902435609942575,24.299198718765062,4,7.603236891177513,58.69335888971852,51.09012199854101,80.2309515867141,positive_cross,toward_S4,4.071489496281274
3,miata,2024-03-29 20:41:28+00:00,40.287971,-88.126202,88.56905858703642,1867.0,4.47767420113351,rs1,12.010193423771796,31.005222586162635,18.99502916239084,4,12.010193423771796,63.30305231580346,51.29285889203167,80.2309515867141,positive_cross,toward_S4,4.154409388894858
3,miata,2024-03-29 20:41:29+00:00,40.287938,-88.126236,92.28991555364324,1868.0,3.720856966606817,rs1,16.678561965017373,29.428632656100877,12.750070691083504,4,16.678561965017373,67.33760058219646,50.659038617179085,80.2309515867141,positive_cross,toward_S4,4.223314147535725
3,miata,2024-03-29 20:41:30+00:00,40.287915,-88.126279,94.91277456982121,1869.0,2.6228590161779692,rs1,20.986001868365413,27.30794810610563,6.321946237740217,4,20.986001868365413,70.50643099061475,49.52042912224933,80.2309515867141,positive_cross,toward_S4,4.27188561079828
3,miata,2024-03-29 20:41:31+00:00,40.287902,-88.12633,96.4361055927202,1870.0,1.5233310228989865,rs2,24.561212831431984,25.04968482357922,0.488471992147236,4,24.561212831431984,72.51789055361567,47.956677722183684,80.2309515867141,negative_cross,toward_S4,4.3000954445556685
3,miata,2024-03-29 20:41:32+00:00,40.287898,-88.126384,96.96343524285285,1871.0,0.527329650132657,rs2,21.501429572738708,28.83848209218694,7.337052519448232,4,21.501429572738708,71.84270539583888,50.34127582310017,80.2309515867141,negative_cross,toward_S4,4.309860808447014
3,miata,2024-03-29 20:41:33+00:00,40.287906,-88.126436,96.15358280350527,1872.0,-0.8098524393475799,rs2,18.045461933242365,31.979415022774404,13.93395308953204,4,18.045461933242365,70.16422903541174,52.11876710216937,80.2309515867141,negative_cross,toward_S1,4.294863541051688
3,miata,2024-03-29 20:41:34+00:00,40.287927,-88.126481,93.88772122700443,1873.0,-2.265861576500839,rs2,14.081519404607011,34.255140323860054,20.173620919253043,4,14.081519404607011,67.35860852721267,53.27708912260566,80.2309515867141,negative_cross,toward_S1,4.252903141486858
3,miata,2024-03-29 20:41:35+00:00,40.287963,-88.126508,89.92666637587884,1874.0,-3.9610548511255956,rs2,9.476999559045066,34.966260369662095,25.48926081061703,4,9.476999559045066,63.16806784114011,53.691068282095046,80.2309515867141,negative_cross,toward_S1,4.179550273873421
3,miata,2024-03-29 20:41:36+00:00,40.288003,-88.126515,85.49030333160428,1875.0,-4.436363044274557,rs2,5.385594352522662,34.50690647079891,29.121312118276247,4,5.385594352522662,58.688081170624294,53.302486818101634,80.2309515867141,negative_cross,toward_S1,4.097395402683151
3,miata,2024-03-29 20:41:37+00:00,40.28805,-88.126509,80.25581189596585,1876.0,-5.234491435638432,rs2,4.151043438167698,33.502334593397954,29.351291155230257,4,4.151043438167698,53.5147607779464,49.3637173397787,80.2309515867141,negative_cross,toward_S1,4.000460376097255
3,miata,2024-03-29 20:41:38+00:00,40.288102,-88.126504,74.46696633426068,1877.0,-5.788845561705173,rs2,8.200511900369348,33.47064780060093,25.27013590023158,4,8.200511900369348,47.79654192749051,39.59603002712116,80.2309515867141,negative_cross,toward_S1,3.8932595323619736
3,miata,2024-03-29 20:41:39+00:00,40.288166,-88.126501,67.34705885618611,1878.0,-7.119907478074566,rs2,14.78422225102663,35.03572987436927,20.251507623342636,4,14.78422225102663,40.75505517041126,25.97083291938463,80.2309515867141,negative_cross,toward_S1,3.761409393879111
3,miata,2024-03-29 20:41:40+00:00,40.288236,-88.126501,59.56468050447474,1879.0,-7.7823783517113725,rs2,22.30684847599407,33.04832277065857,10.741474294664503,4,22.30684847599407,33.04832277065857,10.741474294664503,80.2309515867141,negative_cross,toward_S1,3.617291276254827
3,miata,2024-03-29 20:41:41+00:00,40.288308,-88.1265,51.55841844245231,1880.0,-8.00626206202243,rs5,25.189969811632242,30.197258914911203,5.007289103278961,3,25.189969811632242,30.197258914911203,5.007289103278961,26.33125891160298,negative_cross,toward_S1,3.4671696209416543
3,miata,2024-03-29 20:41:42+00:00,40.288383,-88.126496,43.214035751104845,1881.0,-8.344382691347462,rs5,17.233299866186254,36.74152194126771,19.50822207508146,3,17.233299866186254,38.50091705240303,21.26761718621678,26.33125891160298,negative_cross,toward_S1,3.312644015546331
3,miata,2024-03-29 20:41:43+00:00,40.288456,-88.126493,35.09353677081491,1882.0,-8.120498980289938,rs5,10.070803476337854,33.51124023233004,23.440436755992184,3,10.070803476337854,46.5898951039391,36.51909162760124,26.33125891160298,negative_cross,toward_S1,3.162264404800221
3,miata,2024-03-29 20:41:44+00:00,40.288529,-88.126486,26.96691761824759,1883.0,-8.126619152567319,rs5,6.490658036286813,31.723945926164856,25.233287889878042,3,6.490658036286813,54.18689076649018,47.69623273020336,26.33125891160298,negative_cross,toward_S1,3.0117714575304557
3,miata,2024-03-29 20:41:45+00:00,40.288605,-88.126475,18.500647793439892,1884.0,-8.466269824807696,rs5,11.216901950264132,31.72342561570811,20.50652366544398,3,11.216901950264132,45.8274512037495,34.61054925348537,26.33125891160298,negative_cross,toward_S1,2.85498868299698
3,miata,2024-03-29 20:41:46+00:00,40.288682,-88.126461,9.91861100591291,1885.0,-8.582036787526983,rs5,19.03278012676244,33.75601633095893,14.723236204196489,3,19.03278012676244,37.45873343048507,18.42595330372263,26.33125891160298,negative_cross,toward_S1,2.6960620758205542
3,miata,2024-03-29 20:41:47+00:00,40.288765,-88.12645,0.6741033463290524,1886.0,-9.244507659583856,rs5,27.889105728158867,28.544721403668184,0.655615675509317,3,27.889105728158867,28.544721403668184,0.655615675509317,26.33125891160298,negative_cross,toward_S1,2.5248674895319643
3,miata,2024-03-29 20:41:48+00:00,40.288849,-88.126442,-8.676991018742939,1887.0,-9.351094365071992,rs7,19.77101124784593,33.48070386193399,13.709692614088059,2,19.77101124784593,36.98888500722159,17.21787375937566,-27.632700444717127,negative_cross,toward_S1,2.351031656036559
3,miata,2024-03-29 20:41:49+00:00,40.288936,-88.126434,-18.361615884524394,1888.0,-9.684624865781455,rs7,11.68298657504835,28.43830170815132,16.75531513310297,2,11.68298657504835,46.520187151056554,34.8372005760082,-27.632700444717127,negative_cross,toward_S1,2.17168675111468
3,miata,2024-03-29 20:41:50+00:00,40.289025,-88.126431,-28.260944203364016,1889.0,-9.899328318839622,rs7,7.989000343617072,26.594589885817523,18.605589542200452,2,7.989000343617072,50.33920292540711,42.350202581790036,-27.632700444717127,negative_cross,toward_S1,1.988365856321354
3,miata,2024-03-29 20:41:51+00:00,40.289109,-88.126428,-37.60438835403323,1890.0,-9.343444150669217,rs7,13.242755531872149,28.11855159355555,14.875796061683403,2,13.242755531872149,41.059817877559986,27.817062345687837,-27.632700444717127,negative_cross,toward_S1,1.8153391127904426
3,miata,2024-03-29 20:41:52+00:00,40.289192,-88.126427,-46.83359558485502,1891.0,-9.229207230821785,rs7,21.317026455728683,31.905896915649198,10.588870459920514,2,21.317026455728683,31.905896915649198,10.588870459920514,-27.632700444717127,negative_cross,toward_S1,1.6444278677752242
3,miata,2024-03-29 20:41:53+00:00,40.289276,-88.126426,-56.17397964980227,1892.0,-9.340384064947251,rs10,22.706093065762005,30.172252774076675,7.46615970831467,1,22.706093065762005,30.172252774076675,7.46615970831467,-78.92951005359993,negative_cross,toward_S1,1.4213987111814381
3,miata,2024-03-29 20:41:54+00:00,40.289361,-88.126425,-65.62554054804153,1893.0,-9.451560898239258,rs10,13.597242068654717,28.88644518687088,15.289203118216163,1,13.597242068654717,39.363096554669276,25.76585448601456,-78.92951005359993,negative_cross,toward_S1,1.2463698056584889
3,miata,2024-03-29 20:41:55+00:00,40.289444,-88.126427,-74.85015765101598,1894.0,-9.224617102974449,rs10,5.675505926207514,26.082168451945602,20.40666252573809,1,5.675505926207514,48.392051809166716,42.7165458829592,-78.92951005359993,negative_cross,toward_S1,1.0755435630108139
3,miata,2024-03-29 20:41:56+00:00,40.289517,-88.12643,-82.96147637405299,1895.0,-8.111318723037016,rs10,6.162598916182659,26.288762681545155,20.126163765362495,1,6.162598916182659,56.372881971799494,50.210283055616834,-78.92951005359993,negative_cross,toward_S1,0.925333957028647
3,miata,2024-03-29 20:41:57+00:00,40.289571,-88.12643,-88.96502538879459,1896.0,-6.003549014741594,rs10,11.344550387412788,27.824520543294387,16.4799701558816,1,11.344550387412788,62.32413666632349,50.9795862789107,-78.92951005359993,negative_cross,toward_S1,0.814157123422321
3,miata,2024-03-29 20:41:58+00:00,40.289615,-88.126409,-93.88893696684488,1897.0,-4.923911578050294,rs10,16.551526469298842,28.38673778225542,11.835211312956577,1,16.551526469298842,67.41593834894256,50.86441187964372,-78.92951005359993,negative_cross,toward_S1,0.722973575680649
3,miata,2024-03-29 20:41:59+00:00,40.289648,-88.126374,-97.61132397632359,1898.0,-3.722387009478709,rs10,21.093285080567476,28.16115421187011,7.067869131302633,1,21.093285080567476,71.51890660846507,50.4256215278976,-78.92951005359993,negative_cross,toward_S1,0.6540404829125248
3,miata,2024-03-29 20:42:00+00:00,40.289666,-88.12633,-99.6798288672465,1899.0,-2.0685048909229096,rs10,24.615848747838985,26.951841019757357,2.3359922719183714,1,24.615848747838985,74.0343659991404,49.418517251301424,-78.92951005359993,negative_cross,toward_S1,0.6157348367843227
3,miata,2024-03-29 20:42:01+00:00,40.289667,-88.12628,-99.86750784513875,1900.0,-0.1876789778922472,rs8,24.503005732975968,27.127454306943616,2.6244485739676477,1,24.503005732975968,73.22690304652504,48.723897313549074,-78.92951005359993,positive_cross,ambiguous,0.6122593001566885
3,miata,2024-03-29 20:42:02+00:00,40.289653,-88.12623,-98.38753431856333,1901.0,1.4799735265754208,rs8,21.07334364114351,28.869275980290727,7.7959323391472175,1,21.07334364114351,71.00507728722542,49.93173364608191,-78.92951005359993,positive_cross,toward_S4,0.6396662173154926
3,miata,2024-03-29 20:42:03+00:00,40.289625,-88.126194,-95.32966452141784,1902.0,3.057869797145486,rs8,17.010703268143796,29.307961845030388,12.297258576886591,1,17.010703268143796,67.55912005695663,50.54841678881283,-78.92951005359993,positive_cross,toward_S4,0.6962934357811498
3,miata,2024-03-29 20:42:04+00:00,40.289587,-88.126172,-91.13860578770382,1903.0,4.191058733714016,rs8,12.400636138980541,28.819634534419095,16.418998395438553,1,12.400636138980541,63.189627895792796,50.78899175681225,-78.92951005359993,positive_cross,toward_S4,0.7739056345536315
3,miata,2024-03-29 20:42:05+00:00,40.289543,-88.126168,-86.25294528153694,1904.0,4.885660506166886,rs8,7.77985382394944,27.415004702839745,19.635150878890304,1,7.77985382394944,58.28395623246138,50.50410240851194,-78.92951005359993,positive_cross,toward_S4,0.8643808291122775
3,miata,2024-03-29 20:42:06+00:00,40.289497,-88.126172,-81.13269076418776,1905.0,5.120254517349181,rs8,4.440765709686027,26.15002650164379,21.709260791957764,1,4.440765709686027,53.2110191126936,48.77025340300757,-78.92951005359993,positive_cross,toward_S4,0.9592003572113365
3,miata,2024-03-29 20:42:07+00:00,40.289444,-88.126175,-75.23572845570254,1906.0,5.8969623084852145,rs8,6.057548026953201,26.037929488218133,19.980381461264933,1,6.057548026953201,47.366493890017814,41.308945863064615,-78.92951005359993,positive_cross,toward_S4,1.0684033629240257
3,miata,2024-03-29 20:42:08+00:00,40.289383,-88.126179,-68.44782143469735,1907.0,6.787907021005196,rs8,11.952156928021353,27.478458111047438,15.526301183026085,1,11.952156928021353,40.665711810595056,28.713554882573703,-78.92951005359993,positive_cross,toward_S4,1.1941053447944923
3,miata,2024-03-29 20:42:09+00:00,40.289317,-88.126182,-61.105560288393605,1908.0,7.342261146303741,rs8,18.987955485758764,30.791185318957602,11.803229833198838,1,18.987955485758764,33.439141211322834,14.45118572556407,-78.92951005359993,positive_cross,toward_S4,1.3300731438001172
3,miata,2024-03-29 20:42:10+00:00,40.289247,-88.126181,-53.32471198034405,1909.0,7.780848308049556,rs6,25.771491919416587,26.566123385935995,0.7946314665194087,2,25.771491919416587,26.566123385935995,0.7946314665194087,-27.632700444717127,positive_cross,toward_S4,1.5242220085995015
3,miata,2024-03-29 20:42:11+00:00,40.28918,-88.126176,-45.883514343744906,1910.0,7.441197636599142,rs6,18.43024073555175,33.86122487129516,15.430984135743408,2,18.43024073555175,33.86122487129516,15.430984135743408,-27.632700444717127,positive_cross,toward_S4,1.662021964832819
3,miata,2024-03-29 20:42:12+00:00,40.289114,-88.126171,-38.55349354045953,1911.0,7.330020803285379,rs6,11.35388550488856,31.921937722993114,20.568052218104555,2,11.35388550488856,41.10623938038244,29.75235387549388,-27.632700444717127,positive_cross,toward_S4,1.7977630908195852
3,miata,2024-03-29 20:42:13+00:00,40.28905,-88.126171,-31.438176191000522,1912.0,7.115317349459005,rs6,5.60049238217884,30.22233865972253,24.621846277543693,2,5.60049238217884,48.19560923173424,42.595116849555396,-27.632700444717127,positive_cross,toward_S4,1.929528226920678
3,miata,2024-03-29 20:42:14+00:00,40.288985,-88.12617,-24.21321204951971,1913.0,7.224964141480811,rs6,5.938681468993525,30.24807303565684,24.309391566663315,2,5.938681468993525,50.18082049099273,44.24213902199921,-27.632700444717127,positive_cross,toward_S4,2.0633238591703225
3,miata,2024-03-29 20:42:15+00:00,40.288923,-88.126171,-17.31871832381635,1914.0,6.894493725703363,rs6,11.742651450501587,31.684222744157193,19.941571293655606,2,11.742651450501587,43.33272329131094,31.590071840809355,-27.632700444717127,positive_cross,toward_S4,2.1909996689055697
3,miata,2024-03-29 20:42:16+00:00,40.288858,-88.126173,-10.089164054509922,1915.0,7.229554269306426,rs6,18.66468216066711,34.56094578450425,15.89626362383714,2,18.66468216066711,36.184464152447944,17.519781991780835,-27.632700444717127,positive_cross,toward_S4,2.3248803035223555
3,miata,2024-03-29 20:42:17+00:00,40.288791,-88.126172,-2.6418462471915727,1916.0,7.447317807318349,rs6,25.929404904603448,28.81293621770537,2.8835313131019227,2,25.929404904603448,28.81293621770537,2.8835313131019227,-27.632700444717127,positive_cross,toward_S4,2.4627935962504734
3,miata,2024-03-29 20:42:18+00:00,40.288717,-88.126169,5.580649310739138,1917.0,8.22249555793071,rs3,20.700718319806462,34.026680903952034,13.325962584145572,3,20.700718319806462,34.026680903952034,13.325962584145572,26.33125891160298,positive_cross,toward_S4,2.615729451835855
3,miata,2024-03-29 20:42:19+00:00,40.288638,-88.126165,14.357498993134948,1918.0,8.77684968239581,rs3,12.19749433031873,35.8230688922868,23.62557456196807,3,12.19749433031873,42.7226519733425,30.52515764302377,26.33125891160298,positive_cross,toward_S4,2.778263705213555
3,miata,2024-03-29 20:42:20+00:00,40.288553,-88.126163,23.804469762758625,1919.0,9.446970769623677,rs3,4.706559179173186,33.996346911392905,29.289787732219718,3,4.706559179173186,52.12969466281989,47.4231354836467,26.33125891160298,positive_cross,toward_S4,2.953207608354734
3,miata,2024-03-29 20:42:21+00:00,40.288466,-88.126161,33.47379419977801,1920.0,9.669324437019387,rs3,8.818268971302,34.78680415026079,25.968535178958792,3,8.818268971302,45.80858157535541,36.990312604053415,26.33125891160298,positive_cross,toward_S4,3.1322691720032414
3,miata,2024-03-29 20:42:22+00:00,40.288377,-88.126158,43.36394226136474,1921.0,9.890148061586729,rs3,18.106861655973155,35.929718120146426,17.82285646417327,3,18.106861655973155,35.929718120146426,17.82285646417327,26.33125891160298,positive_cross,toward_S4,3.3154200620326253
3,miata,2024-03-29 20:42:23+00:00,40.288287,-88.126158,53.36985728488081,1922.0,10.005915023516067,rs1,25.993661998878803,27.96663313252811,1.972971133649306,4,25.993661998878803,27.96663313252811,1.972971133649306,80.2309515867141,positive_cross,toward_S4,3.502572327743828
3,miata,2024-03-29 20:42:24+00:00,40.288197,-88.126159,63.37730235126872,1923.0,10.007445066387909,rs1,16.16938822594575,37.914223177699625,21.744834951753877,4,16.16938822594575,37.914223177699625,21.744834951753877,80.2309515867141,positive_cross,toward_S4,3.6878953845287894
3,miata,2024-03-29 20:42:25+00:00,40.288116,-88.126163,72.38874604331036,1924.0,9.011443692041645,rs1,7.8819965341825515,34.409396923892736,26.527400389710184,4,7.8819965341825515,46.913470423793555,39.03147388961101,80.2309515867141,positive_cross,toward_S4,3.8547739714184495
3,miata,2024-03-29 20:42:26+00:00,40.288044,-88.126166,80.39806819105478,1925.0,8.009322147744413,rs1,4.583528785882691,33.100716253173616,28.517187467290924,4,4.583528785882691,54.91340080191374,50.32987201603105,80.2309515867141,positive_cross,toward_S4,4.003094751932235
3,miata,2024-03-29 20:42:27+00:00,40.28799,-88.126171,86.40926741938743,1926.0,6.011199228332657,rs1,8.753548289480523,33.1414194229138,24.387871133433276,4,8.753548289480523,60.93414794662137,52.180599657140846,80.2309515867141,positive_cross,toward_S4,4.114413256160617
3,miata,2024-03-29 20:42:28+00:00,40.287952,-88.126181,90.64928752513138,1927.0,4.240020105743952,rs1,12.851399628427203,33.29282924215815,20.441429613730946,4,12.851399628427203,65.21793610003793,52.36653647161073,80.2309515867141,positive_cross,toward_S4,4.192932147007728
3,miata,2024-03-29 20:42:29+00:00,40.28792,-88.126214,94.25743761476262,1928.0,3.6081500896312377,rs1,17.30631015265428,31.94223275432749,14.635922601673212,4,17.30631015265428,69.05767765953078,51.751367506876505,80.2309515867141,positive_cross,toward_S4,4.2597497412601575
3,miata,2024-03-29 20:42:30+00:00,40.287896,-88.126252,96.98382324987331,1929.0,2.726385635110688,rs1,21.265222065006938,30.362286907529462,9.097064842522524,4,21.265222065006938,72.16627138641033,50.90104932140339,80.2309515867141,positive_cross,toward_S4,4.310238364132578
3,miata,2024-03-29 20:42:31+00:00,40.287886,-88.126301,98.17056368708735,1930.0,1.1867404372140413,rs1,24.64661436132459,27.59467132169707,2.9480569603724796,4,24.64661436132459,74.05042496563416,49.40381060430957,80.2309515867141,positive_cross,toward_S4,4.332215038895801
3,miata,2024-03-29 20:42:32+00:00,40.287882,-88.126353,98.69483325066459,1931.0,0.524269563577235,rs2,24.60449683508788,27.995714749693118,3.391217914605239,4,24.60449683508788,74.16929202460786,49.56479518951998,80.2309515867141,negative_cross,toward_S4,4.341923734517602
3,miata,2024-03-29 20:42:33+00:00,40.287887,-88.126405,98.21851131285992,1932.0,-0.4763219378046699,rs2,21.297219564122507,30.997112449022218,9.699892884899711,4,21.297219564122507,72.69062074449828,51.39340118037577,80.2309515867141,negative_cross,ambiguous,4.333102957891589
3,miata,2024-03-29 20:42:34+00:00,40.287904,-88.126453,96.40194719980953,1933.0,-1.81656411305039,rs2,17.46425795934129,33.33137978266405,15.867121823322762,4,17.46425795934129,70.17861118700509,52.7143532276638,80.2309515867141,negative_cross,toward_S1,4.299462881723989
3,miata,2024-03-29 20:42:35+00:00,40.287935,-88.126489,93.01054690193288,1934.0,-3.3914002978766433,rs2,12.982466437408855,34.5172199547055,21.53475351729665,4,12.982466437408855,66.40638758233867,53.423921144929814,80.2309515867141,negative_cross,toward_S1,4.236659172504051
3,miata,2024-03-29 20:42:36+00:00,40.287974,-88.126503,88.69607099188674,1935.0,-4.314475910046141,rs2,8.603668558081974,34.21605515673572,25.612386598653746,4,8.603668558081974,61.98103368899237,53.37736513091039,80.2309515867141,negative_cross,toward_S1,4.15676147046616
3,miata,2024-03-29 20:42:37+00:00,40.288019,-88.126507,83.6992336516379,1936.0,-4.996837340248845,rs2,4.77054156947792,33.57571645948201,28.80517489000409,4,4.77054156947792,56.96487830256419,52.19433673308627,80.2309515867141,negative_cross,toward_S1,4.064227445646737
3,miata,2024-03-29 20:42:38+00:00,40.288072,-88.126511,77.81298164248742,1937.0,-5.886252009150482,rs2,5.233476150696806,33.71479885278344,28.481322702086633,4,5.233476150696806,51.06222103228268,45.82874488158588,80.2309515867141,negative_cross,toward_S1,3.955222778810617
3,miata,2024-03-29 20:42:39+00:00,40.288133,-88.126515,71.03731496447884,1938.0,-6.775666678008577,rs2,10.926541799606229,35.07545844548904,24.148916645882814,4,10.926541799606229,44.27392340007061,33.34738160046438,80.2309515867141,negative_cross,toward_S1,3.8297474699586065
3,miata,2024-03-29 20:42:40+00:00,40.288203,-88.126515,63.254936612767466,1939.0,-7.7823783517113725,rs2,18.473120592606755,36.52727772430978,18.05415713170303,4,18.473120592606755,36.52727772430978,18.05415713170303,80.2309515867141,negative_cross,toward_S1,3.6856293523343218
3,miata,2024-03-29 20:42:41+00:00,40.288279,-88.126507,54.793256916597095,1940.0,-8.461679696170371,rs2,26.91851687908229,28.246332617909438,1.327815738827148,4,26.91851687908229,28.246332617909438,1.327815738827148,80.2309515867141,negative_cross,toward_S1,3.5289315801830186
3,miata,2024-03-29 20:42:42+00:00,40.288361,-88.126496,45.659926090326984,1941.0,-9.133330826270111,rs5,19.56183286273844,36.07694899382799,16.51511613108955,3,19.56183286273844,36.07694899382799,16.51511613108955,26.33125891160298,negative_cross,toward_S1,3.3579382810874816
3,miata,2024-03-29 20:42:43+00:00,40.28845,-88.126486,35.74988747215257,1942.0,-9.910038618174411,rs5,10.959919521761446,33.125546887235394,22.16562736547395,3,10.959919521761446,46.000034135081776,35.04011461332033,26.33125891160298,negative_cross,toward_S1,3.174419047417585
3,miata,2024-03-29 20:42:44+00:00,40.288532,-88.126475,26.616556645882465,1943.0,-9.133330826270107,rs5,7.429411135204926,30.784329472170036,23.35491833696511,3,7.429411135204926,53.91817684723783,46.4887657120329,26.33125891160298,negative_cross,toward_S1,3.005283291375546
3,miata,2024-03-29 20:42:45+00:00,40.288615,-88.126463,17.37051894263679,1944.0,-9.246037703245676,rs5,12.724564352247487,31.03295209676228,18.308387744514793,3,12.724564352247487,44.826634107369166,32.102069755121676,26.33125891160298,negative_cross,toward_S1,2.8340603709450707
3,miata,2024-03-29 20:42:46+00:00,40.288697,-88.126453,8.23871815923854,1945.0,-9.13180078339825,rs5,20.828270982917463,34.01068083525394,13.18240985233648,3,20.828270982917463,35.916441287539584,15.088170304622121,26.33125891160298,negative_cross,toward_S1,2.664952949030288
3,miata,2024-03-29 20:42:47+00:00,40.288782,-88.126443,-1.226613124890916,1946.0,-9.465331284129455,rs7,26.850224646028693,29.869159114574657,3.0189344685459645,2,26.850224646028693,29.869159114574657,3.0189344685459645,-27.632700444717127,negative_cross,toward_S1,2.4890016170338187
3,miata,2024-03-29 20:42:48+00:00,40.28887,-88.126435,-11.022414824776076,1947.0,-9.79580169988516,rs7,17.84899473858848,31.70197989593257,13.85298515734409,2,17.84899473858848,39.39786868405103,21.548873945462553,-27.632700444717127,negative_cross,toward_S1,2.3075978818507603
3,miata,2024-03-29 20:42:49+00:00,40.288957,-88.126432,-20.699389476198245,1948.0,-9.676974651422169,rs7,10.16724446186347,27.590893442435597,17.423648980572125,2,10.16724446186347,48.8321554198947,38.66491095803123,-27.632700444717127,negative_cross,toward_S1,2.1283946475651643
3,miata,2024-03-29 20:42:50+00:00,40.289045,-88.12643,-30.486010918040556,1949.0,-9.78662144184231,rs7,8.65581226807694,26.645678219627992,17.989865951551053,2,8.65581226807694,48.1295581585909,39.47374589051397,-27.632700444717127,negative_cross,toward_S1,1.9471609171606772
3,miata,2024-03-29 20:42:51+00:00,40.289134,-88.12643,-40.3807491074529,1950.0,-9.894738189412344,rs7,15.437557258451733,29.362488818394795,13.924931559943062,2,15.437557258451733,38.276962523254355,22.839405264802622,-27.632700444717127,negative_cross,toward_S1,1.7639250247641525
3,miata,2024-03-29 20:42:52+00:00,40.289221,-88.12643,-50.05313363023775,1951.0,-9.672384522784853,rs7,24.237796869181512,28.676779173118838,4.438982303937326,2,24.237796869181512,28.676779173118838,4.438982303937326,-27.632700444717127,negative_cross,toward_S1,1.5848067928607292
3,miata,2024-03-29 20:42:53+00:00,40.289304,-88.126432,-59.27775073323392,1952.0,-9.22461710299617,rs10,19.552979547996088,32.79810105751751,13.245121509521425,1,19.552979547996088,33.052126665463526,13.499147117467437,-78.92951005359993,negative_cross,toward_S1,1.3639214688956667
3,miata,2024-03-29 20:42:54+00:00,40.289386,-88.126433,-68.39272104497653,1953.0,-9.114970311742603,rs10,10.754611860056643,28.330355854749854,17.575743994693212,1,10.754611860056643,41.95291953326346,31.19830767320682,-78.92951005359993,negative_cross,toward_S1,1.1951257223819147
3,miata,2024-03-29 20:42:55+00:00,40.289464,-88.126433,-77.06451406556776,1954.0,-8.671793020591238,rs10,4.12826953150646,26.324677755729198,22.196408224222736,1,4.12826953150646,50.50481871454583,46.376549183039366,-78.92951005359993,negative_cross,toward_S1,1.0345369627413363
3,miata,2024-03-29 20:42:56+00:00,40.289533,-88.126432,-84.73724562606901,1955.0,-7.672731560501248,rs10,7.480252885487761,26.7778234238265,19.29757053833874,1,7.480252885487761,58.11192884366013,50.63167595817237,-78.92951005359993,negative_cross,toward_S1,0.8924493412505725
3,miata,2024-03-29 20:42:57+00:00,40.289585,-88.126426,-90.52762123064605,1956.0,-5.7903756045770365,rs10,12.920273180835927,28.10690635517473,15.186633174338802,1,12.920273180835927,63.91213295491443,50.991859774078506,-78.92951005359993,negative_cross,toward_S1,0.7852201633880348
3,miata,2024-03-29 20:42:58+00:00,40.289625,-88.126398,-95.01753577477614,1957.0,-4.489914544130087,rs10,17.930804617396774,28.207734496545456,10.276929879148682,1,17.930804617396774,68.65607885625461,50.725274238857835,-78.92951005359993,negative_cross,toward_S1,0.7020735977559962
3,miata,2024-03-29 20:42:59+00:00,40.289652,-88.12636,-98.07745191061802,1958.0,-3.0599161358418883,rs10,22.016153619161592,27.579713080548608,5.563559461387015,1,22.016153619161592,72.17668771328258,50.16053409412098,-78.92951005359993,negative_cross,toward_S1,0.6454084841292945
3,miata,2024-03-29 20:43:00+00:00,40.289667,-88.126313,-99.81701643023699,1959.0,-1.7395645196189662,rs10,25.479346180023136,26.125432660782717,0.6460864807595819,1,25.479346180023136,73.8049545642338,48.32560838421066,-78.92951005359993,negative_cross,toward_S1,0.6131943263585728
3,miata,2024-03-29 20:43:01+00:00,40.289671,-88.126262,-100.33975595094239,1960.0,-0.5227395207054002,rs8,24.098304692504467,28.440989435596602,4.342684743092136,1,24.098304692504467,73.39359779149332,49.29529309898885,-78.92951005359993,positive_cross,toward_S1,0.6035139648640284
3,miata,2024-03-29 20:43:02+00:00,40.289661,-88.126212,-99.3044897592236,1961.0,1.0352661917187902,rs8,21.296136777584785,30.595733986360784,9.299597208776,1,21.296136777584785,71.70031747323223,50.40418069564745,-78.92951005359993,positive_cross,toward_S4,0.622685561006969
3,miata,2024-03-29 20:43:03+00:00,40.289633,-88.126176,-96.24661996205637,1962.0,3.0578697971672284,rs8,17.39511747659682,31.070998439533742,13.675880962936922,1,17.39511747659682,68.31717023117267,50.922052754575844,-78.92951005359993,positive_cross,toward_S4,0.6793127794730288
3,miata,2024-03-29 20:43:04+00:00,40.28959,-88.126156,-91.49661697444998,1963.0,4.750002987606393,rs8,12.344638749483565,30.19059333022099,17.845954580737427,1,12.344638749483565,63.438237591061004,51.09359884157744,-78.92951005359993,positive_cross,toward_S4,0.7672757977620361
3,miata,2024-03-29 20:43:05+00:00,40.289538,-88.126157,-85.7138915850222,1964.0,5.782725389427782,rs8,6.863234470527535,28.17332460680692,21.310090136279385,1,6.863234470527535,57.66772091509494,50.8044864445674,-78.92951005359993,positive_cross,toward_S4,0.8743633049736617
3,miata,2024-03-29 20:43:06+00:00,40.289484,-88.126158,-79.70881252819868,1965.0,6.005079056823519,rs8,2.92880523820035,27.248458536715333,24.319653298514982,1,2.92880523820035,51.67832857159865,48.7495233333983,-78.92951005359993,positive_cross,toward_S4,0.9855684726926157
3,miata,2024-03-29 20:43:07+00:00,40.289416,-88.126156,-72.15184792967025,1966.0,7.556964598528424,rs8,7.817904304858496,28.207510563619948,20.389606258761454,1,7.817904304858496,44.12158918757522,36.30368488271672,-78.92951005359993,positive_cross,toward_S4,1.1255122615542532
3,miata,2024-03-29 20:43:08+00:00,40.28934,-88.126156,-63.70240857649647,1967.0,8.449439353173787,rs8,16.009654829322265,31.307114439251194,15.297459609928929,1,16.009654829322265,35.69692140291029,19.687266573588026,-78.92951005359993,positive_cross,toward_S4,1.2819833606871012
3,miata,2024-03-29 20:43:09+00:00,40.289257,-88.126157,-54.473201344862964,1968.0,9.229207231633502,rs8,25.163746110616522,26.527611105033785,1.3638649944172627,1,25.163746110616522,26.527611105033785,1.3638649944172627,-78.92951005359993,positive_cross,toward_S4,1.452894605717351
3,miata,2024-03-29 20:43:10+00:00,40.289167,-88.126157,-44.46728632134691,1969.0,10.005915023516053,rs6,16.644903009284935,35.12853409022123,18.483631080936295,2,16.644903009284935,35.12853409022123,18.483631080936295,-27.632700444717127,positive_cross,toward_S4,1.688248409692041
3,miata,2024-03-29 20:43:11+00:00,40.289072,-88.126159,-33.90242704393848,1970.0,10.56485927740843,rs6,6.728807959026867,31.628115840563353,24.899307881536487,2,6.728807959026867,45.67939930773331,38.950591348706446,-27.632700444717127,positive_cross,toward_S4,1.8838939518662712
3,miata,2024-03-29 20:43:12+00:00,40.288973,-88.126161,-22.8928604324851,1971.0,11.00956661145338,rs6,6.430685428793285,31.18033472561117,24.749649296817886,2,6.430685428793285,48.78193338819784,42.35124795940456,-27.632700444717127,positive_cross,toward_S4,2.087774815041334
3,miata,2024-03-29 20:43:13+00:00,40.288873,-88.12616,-11.776707116333538,1972.0,11.116153316151562,rs6,16.784785747882147,34.72501020760476,17.940224459722614,2,16.784785747882147,37.702030809035364,20.917245061153217,-27.632700444717127,positive_cross,toward_S4,2.2936295060811775
3,miata,2024-03-29 20:43:14+00:00,40.288772,-88.126159,-0.549376966078273,1973.0,11.227330150255266,rs3,26.548031660594727,27.851003947565005,1.3029722869702773,3,26.548031660594727,27.851003947565005,1.3029722869702773,26.33125891160298,positive_cross,toward_S4,2.5022104467096065
3,miata,2024-03-29 20:43:15+00:00,40.28867,-88.126158,10.78913001749074,1974.0,11.338506983569012,rs3,15.402551942033844,37.71414829551334,22.311596353479494,3,15.402551942033844,39.124147112931645,23.7215951708978,26.33125891160298,positive_cross,toward_S4,2.7121827982571807
3,miata,2024-03-29 20:43:16+00:00,40.288569,-88.126157,22.016460167746008,1975.0,11.227330150255268,rs3,5.283914458461209,34.68471272681468,29.400798268353473,3,5.283914458461209,50.31872974956345,45.03481529110224,26.33125891160298,positive_cross,toward_S4,2.9200963195582044
3,miata,2024-03-29 20:43:17+00:00,40.288469,-88.126158,33.13567357043124,1976.0,11.11921340268523,rs3,8.404425250873024,34.97045418087405,26.566028930001025,3,8.404425250873024,46.119807231024886,37.71538198015186,26.33125891160298,positive_cross,toward_S4,3.12600767886719
3,miata,2024-03-29 20:43:18+00:00,40.288366,-88.126159,44.58841747305772,1977.0,11.45274390262648,rs3,19.320888804271352,34.72220599576851,15.40131719149716,3,19.320888804271352,34.72220599576851,15.40131719149716,26.33125891160298,positive_cross,toward_S4,3.3380955289158285
3,miata,2024-03-29 20:43:19+00:00,40.288268,-88.126159,55.483747165453636,1978.0,10.895329692395919,rs1,23.917315729270232,30.07195400066446,6.1546382713942265,4,23.917315729270232,30.07195400066446,6.1546382713942265,80.2309515867141,positive_cross,toward_S4,3.5417184366433245
3,miata,2024-03-29 20:43:20+00:00,40.288177,-88.126158,65.59930898020154,1979.0,10.115561814747906,rs1,13.994187102460852,37.05905991035924,23.064872807898386,4,13.994187102460852,40.11888694008769,26.12469983762684,80.2309515867141,positive_cross,toward_S4,3.7290436554349524
3,miata,2024-03-29 20:43:21+00:00,40.2881,-88.126159,74.16145520956093,1980.0,8.562146229359385,rs1,6.223034719540788,34.34822036899405,28.12518564945326,4,6.223034719540788,48.6569703667803,42.43393564723951,80.2309515867141,positive_cross,toward_S4,3.887601918941608
3,miata,2024-03-29 20:43:22+00:00,40.288031,-88.12616,81.83418677083039,1981.0,7.672731561269458,rs1,4.758929758308484,33.62121717796204,28.862287419653555,4,4.758929758308484,56.31552044732089,51.55659068901241,80.2309515867141,positive_cross,toward_S4,4.029689540446598
3,miata,2024-03-29 20:43:23+00:00,40.287974,-88.126165,88.17891649989429,1982.0,6.3447297290639,rs1,10.057521902377625,33.98235197011018,23.924830067732557,4,10.057521902377625,62.66951984608132,52.6119979437037,80.2309515867141,positive_cross,toward_S4,4.147184535429263
3,miata,2024-03-29 20:43:24+00:00,40.28793,-88.126176,93.08752764918253,1983.0,4.908611149288248,rs1,14.932023658168841,34.48810285298176,19.55607919481292,4,14.932023658168841,67.62016898853736,52.68814533036851,80.2309515867141,positive_cross,toward_S4,4.238084741897564
3,miata,2024-03-29 20:43:25+00:00,40.287898,-88.126213,96.7017979111129,1984.0,3.614270261930372,rs1,19.440499925441728,33.11333036633835,13.672830440896625,4,19.440499925441728,71.47589712155875,52.03539719611702,80.2309515867141,positive_cross,toward_S4,4.305015672674052
3,miata,2024-03-29 20:43:26+00:00,40.287873,-88.126255,99.54548055183646,1985.0,2.843682640723557,rs1,23.5722860696731,31.579013696187292,8.006727626514191,4,23.5722860696731,74.7317140102734,51.159427940600295,80.2309515867141,positive_cross,toward_S4,4.357676462317081
3,miata,2024-03-29 20:43:27+00:00,40.287859,-88.126302,101.17386823733,1986.0,1.6283876854935357,rs1,27.065458512386286,29.489526894774478,2.4240683823881923,4,27.065458512386286,77.00287106223561,49.93741254984933,80.2309515867141,positive_cross,toward_S4,4.387831789826221
3,miata,2024-03-29 20:43:28+00:00,40.287851,-88.126354,102.14284513497392,1987.0,0.9689768976439268,rs2,27.1194751971266,30.534009243172026,3.414534046045425,4,27.1194751971266,77.50182579507049,50.38235059794388,80.2309515867141,negative_cross,toward_S4,4.405775806449256
3,miata,2024-03-29 20:43:29+00:00,40.287858,-88.126406,101.44416952973006,1988.0,-0.6986756052438636,rs2,23.906460723295364,33.11295155266463,9.206490829369269,4,23.906460723295364,75.84863272995185,51.94217200665648,80.2309515867141,negative_cross,toward_S1,4.39283736931511
3,miata,2024-03-29 20:43:30+00:00,40.287879,-88.12645,99.17677791114733,1989.0,-2.267391618582735,rs2,20.032801810415098,34.611865697459244,14.579063887044146,4,20.032801810415098,72.96858400265225,52.935782192237156,80.2309515867141,negative_cross,toward_S1,4.350848635637652
3,miata,2024-03-29 20:43:31+00:00,40.287912,-88.126482,95.55690377432225,1990.0,-3.619874136825075,rs2,15.553144902246096,35.0606901035196,19.5075452012735,4,15.553144902246096,69.0099534106467,53.456808508400606,80.2309515867141,negative_cross,toward_S1,4.283813929400151
3,miata,2024-03-29 20:43:32+00:00,40.287955,-88.126497,90.79925057312478,1991.0,-4.757653201197471,rs2,10.691837268510008,34.35529973177267,23.66346246326266,4,10.691837268510008,64.12965111809982,53.43781384958981,80.2309515867141,negative_cross,toward_S1,4.195709240489086
3,miata,2024-03-29 20:43:33+00:00,40.288006,-88.1265,85.13382218772998,1992.0,-5.665428385394804,rs2,6.072260129767263,33.19625365253749,27.12399352277023,4,6.072260129767263,58.45687387854335,52.38461374877608,80.2309515867141,negative_cross,toward_S1,4.090793900018813
3,miata,2024-03-29 20:43:34+00:00,40.288069,-88.1265,78.1296816715847,1993.0,-7.00414051614527,rs2,5.755974380131237,32.766147078540534,27.0101726984093,4,5.755974380131237,51.482427786310645,45.72645340617941,80.2309515867141,negative_cross,toward_S1,3.9610875941642707
3,miata,2024-03-29 20:43:35+00:00,40.288141,-88.126497,70.12035952384032,1994.0,-8.009322147744385,rs2,12.312291174941452,33.83559319980825,21.5233020248668,4,12.312291174941452,43.55628421987825,31.2439930449368,80.2309515867141,negative_cross,toward_S1,3.8127668136504855
3,miata,2024-03-29 20:43:36+00:00,40.288223,-88.126494,60.999269040566816,1995.0,-9.121090483273505,rs2,21.036053543626515,34.571753770643106,13.53570022701659,4,21.036053543626515,34.571753770643106,13.53570022701659,80.2309515867141,negative_cross,toward_S1,3.643857730626902
3,miata,2024-03-29 20:43:37+00:00,40.288315,-88.126494,50.771000350423265,1996.0,-10.228268690143551,rs5,24.544910420769043,31.04867483992232,6.503764419153278,3,24.544910420769043,31.04867483992232,6.503764419153278,26.33125891160298,negative_cross,toward_S1,3.4525878044225977
3,miata,2024-03-29 20:43:38+00:00,40.288401,-88.126493,41.2082626180803,1997.0,-9.562737732342967,rs5,15.45089517393009,35.6271621845009,20.176267010570804,3,15.45089517393009,40.51906699397835,25.068171820048256,26.33125891160298,negative_cross,toward_S1,3.2755000686384688
3,miata,2024-03-29 20:43:39+00:00,40.288486,-88.126489,31.75211159122548,1998.0,-9.456151026854819,rs5,7.88603226800641,32.44904834461852,24.563016076612108,3,7.88603226800641,49.94360100228056,42.05756873427415,26.33125891160298,negative_cross,toward_S1,3.10038616073375
3,miata,2024-03-29 20:43:40+00:00,40.288574,-88.126477,21.950189720599358,1999.0,-9.80192187062612,rs5,8.788079700116677,31.238047762672984,22.44996806255631,3,8.788079700116677,49.24796371599631,40.45988401587964,26.33125891160298,negative_cross,toward_S1,2.9188690890554887
3,miata,2024-03-29 20:43:41+00:00,40.288664,-88.126461,11.919794011090096,2000.0,-10.030395709509262,rs5,17.271134019589258,32.83981765626753,15.56868363667827,3,17.271134019589258,39.44116839958556,22.1700343799963,26.33125891160298,negative_cross,toward_S1,2.7331210203608727
3,miata,2024-03-29 20:43:42+00:00,40.288761,-88.126442,1.1065703373556581,2001.0,-10.813223673734438,rs5,27.71462530401485,29.13399003388943,1.4193647298745802,3,27.71462530401485,29.13399003388943,1.4193647298745802,26.33125891160298,negative_cross,toward_S1,2.5328761375139384
3,miata,2024-03-29 20:43:43+00:00,40.288863,-88.12643,-10.251827203590992,2002.0,-11.35839754094665,rs7,18.73410082005519,31.764814097032446,13.030713276977256,2,18.73410082005519,38.770669251340024,20.036568431284834,-27.632700444717127,negative_cross,toward_S1,2.3218680229838173
3,miata,2024-03-29 20:43:44+00:00,40.288968,-88.126425,-21.933044945144097,2003.0,-11.681217741553105,rs7,9.932606445270375,26.72391305349002,16.791306608219642,2,9.932606445270375,50.159342615604565,40.22673617033419,-27.632700444717127,negative_cross,toward_S1,2.105549175918019
3,miata,2024-03-29 20:43:45+00:00,40.289073,-88.126427,-33.60355238734067,2004.0,-11.670507442196573,rs7,10.45636950704417,26.89434964938246,16.43798014233829,2,10.45636950704417,45.05187631331871,34.595506806274535,-27.632700444717127,negative_cross,toward_S1,1.8894286677291936
3,miata,2024-03-29 20:43:46+00:00,40.289172,-88.126425,-44.61311899881581,2005.0,-11.009566611475137,rs7,19.358568268244966,31.0567381600206,11.698169891775635,2,19.358568268244966,34.132803094752965,14.774234826508,-27.632700444717127,negative_cross,toward_S1,1.6855478045537282
3,miata,2024-03-29 20:43:47+00:00,40.289264,-88.126426,-54.839857646877455,2006.0,-10.226738648061648,rs10,24.015829376863984,28.891894565344796,4.876065188480812,1,24.015829376863984,28.891894565344796,4.876065188480812,-78.92951005359993,negative_cross,toward_S1,1.4461046741985644
3,miata,2024-03-29 20:43:48+00:00,40.289352,-88.126427,-64.62188896008246,2007.0,-9.782031313205003,rs10,14.49109772290923,29.513318196818958,15.022220473909728,1,14.49109772290923,38.348969527003455,23.857871804094223,-78.92951005359993,negative_cross,toward_S1,1.2649559461762494
3,miata,2024-03-29 20:43:49+00:00,40.289425,-88.126426,-72.73932785541862,2008.0,-8.117438895336164,rs10,7.247325794756154,26.42262699399371,19.175301199237555,1,7.247325794756154,46.32632967172016,39.07900387696401,-78.92951005359993,negative_cross,toward_S1,1.1146330036700243
3,miata,2024-03-29 20:43:50+00:00,40.289493,-88.126424,-80.30241262545624,2009.0,-7.563084770037619,rs10,5.030687948733682,25.516965358216872,20.48627740948319,1,5.030687948733682,53.80995882731049,48.77927087857681,-78.92951005359993,negative_cross,toward_S1,0.9745758782989571
3,miata,2024-03-29 20:43:51+00:00,40.289558,-88.12642,-87.53502698052813,2010.0,-7.232614355071888,rs10,10.394163995680543,26.537008156055247,16.142844160374704,1,10.394163995680543,61.007715984799034,50.61355198911849,-78.92951005359993,negative_cross,toward_S1,0.8406385754272555
3,miata,2024-03-29 20:43:52+00:00,40.289605,-88.126397,-92.79552914584333,2011.0,-5.260502165315202,rs10,15.935875521312488,26.94102845784056,11.005152936528072,1,15.935875521312488,66.47345286084287,50.53757733953038,-78.92951005359993,negative_cross,toward_S1,0.7432218686621592
3,miata,2024-03-29 20:43:53+00:00,40.289638,-88.126365,-96.51332602589471,2012.0,-3.717796880051381,rs10,20.440617565254186,26.85712474903829,6.4165071837841055,1,20.440617565254186,70.56700220963756,50.12638464438338,-78.92951005359993,negative_cross,toward_S1,0.6743737782908372
3,miata,2024-03-29 20:43:54+00:00,40.289662,-88.126327,-99.23971166181713,2013.0,-2.726385635922412,rs10,24.368902525202056,26.448439337056023,2.0795368118539663,1,24.368902525202056,73.54101864665074,49.17211612144868,-78.92951005359993,negative_cross,toward_S1,0.6238851554033853
3,miata,2024-03-29 20:43:55+00:00,40.289676,-88.126283,-100.86350921869506,2014.0,-1.623797556877932,rs8,25.48450174494247,27.76474866642486,2.280246921482391,1,25.48450174494247,74.25797710396519,48.77347535902272,-78.92951005359993,positive_cross,toward_S1,0.5938148302760161
3,miata,2024-03-29 20:43:56+00:00,40.289676,-88.126231,-100.94307144822733,2015.0,-0.07956222953227154,rs8,23.443455838646972,30.61163328955396,7.168177450906988,1,23.443455838646972,73.55195850625783,50.108502667610864,-78.92951005359993,positive_cross,ambiguous,0.5923414556550481
3,miata,2024-03-29 20:43:57+00:00,40.289663,-88.126183,-99.5712146692437,2016.0,1.3718567789836271,rs8,20.77474356833943,32.60095695171874,11.826213383379311,1,20.77474356833943,71.68910196716644,50.914358398827005,-78.92951005359993,positive_cross,toward_S4,0.6177462108214116
3,miata,2024-03-29 20:43:58+00:00,40.289627,-88.12615,-95.619340075371,2017.0,3.9518745938727022,rs8,16.304644171613546,32.570534673190465,16.26589050157692,1,16.304644171613546,67.52587436759099,51.22123019597744,-78.92951005359993,positive_cross,toward_S4,0.6909290736709061
3,miata,2024-03-29 20:43:59+00:00,40.289582,-88.126138,-90.63474307811875,2018.0,4.984596997252254,rs8,11.211643475515697,31.237008462551906,20.02536498703621,1,11.211643475515697,62.48868776817289,51.277044292657195,-78.92951005359993,positive_cross,toward_S4,0.7832364254718738
3,miata,2024-03-29 20:44:00+00:00,40.28953,-88.126148,-84.83824730203253,2019.0,5.796495776086218,rs8,5.746911796818234,28.715486048476052,22.968574251657817,1,5.746911796818234,56.739595799555204,50.99268400273697,-78.92951005359993,positive_cross,toward_S4,0.8905789398438407
3,miata,2024-03-29 20:44:01+00:00,40.28947,-88.126157,-78.15386690072829,2020.0,6.684380401304239,rs8,3.122910290048825,27.32755591549718,24.204645625448354,1,3.122910290048825,50.11896488908046,46.99605459903164,-78.92951005359993,positive_cross,toward_S4,1.0143637620902155
3,miata,2024-03-29 20:44:02+00:00,40.289399,-88.126164,-70.24960141557843,2021.0,7.904265485149864,rs8,9.826709706978484,28.067403963630685,18.2406942566522,1,9.826709706978484,42.29390373082706,32.46719402384858,-78.92951005359993,positive_cross,toward_S4,1.16073904885225
3,miata,2024-03-29 20:44:03+00:00,40.289317,-88.12617,-61.123920802899384,2022.0,9.12568061267904,rs8,18.74806699912527,31.629769179133245,12.881702180007974,1,18.74806699912527,33.287942563708604,14.539875564583333,-78.92951005359993,positive_cross,toward_S4,1.3297331342722323
3,miata,2024-03-29 20:44:04+00:00,40.289136,-88.126172,-40.997853836809796,2023.0,20.12606696608959,rs6,13.661052261807503,32.76651514870058,19.105462886893072,2,13.661052261807503,38.680654040442725,25.01960177863522,-27.632700444717127,positive_cross,toward_S4,1.7524971594056913
3,miata,2024-03-29 20:44:05+00:00,40.289037,-88.126166,-30.00052756835302,2024.0,10.997326268456774,rs6,4.502377173721105,30.4947653704567,25.992388196735597,2,4.502377173721105,49.60408860469208,45.10171143097097,-27.632700444717127,positive_cross,toward_S4,1.9561513495622982
3,miata,2024-03-29 20:44:06+00:00,40.288937,-88.12616,-18.89202446579254,2025.0,11.10850310256048,rs6,9.94937608170751,32.1117186948665,22.162342613158987,2,9.94937608170751,44.785760227747815,34.8363841460403,-27.632700444717127,positive_cross,toward_S4,2.161864369980085
3,miata,2024-03-29 20:44:07+00:00,40.288839,-88.126158,-7.999754859930298,2026.0,10.892269605862243,rs6,20.46553766829627,33.92486012402608,13.459322455729811,2,20.46553766829627,33.92486012402608,13.459322455729811,-27.632700444717127,positive_cross,toward_S4,2.3635730663849412
3,miata,2024-03-29 20:44:08+00:00,40.288743,-88.126158,2.6732211658381253,2027.0,10.672976025768424,rs3,23.34946130020172,31.043995415811082,7.694534115609361,3,23.34946130020172,31.043995415811082,7.694534115609361,26.33125891160298,positive_cross,toward_S4,2.5618881898932435
3,miata,2024-03-29 20:44:09+00:00,40.288647,-88.12616,13.349257276560305,2028.0,10.67603611072218,rs3,12.99514803376792,36.56871662013921,23.573568586371294,3,12.99514803376792,41.687418946214535,28.692270912446617,26.33125891160298,positive_cross,toward_S4,2.7595925623140247
3,miata,2024-03-29 20:44:10+00:00,40.288551,-88.126162,24.02529338728248,2029.0,10.676036110722176,rs3,4.542662319843447,34.06452650862969,29.521864188786243,3,4.542662319843447,52.345367738566445,47.802705418723,26.33125891160298,positive_cross,toward_S4,2.9572969347348055
3,miata,2024-03-29 20:44:11+00:00,40.288457,-88.126164,34.478975830608945,2030.0,10.453682443326464,rs3,9.82467569528588,34.755805161575076,24.931129466289196,3,9.82467569528588,44.83466665576408,35.009990960478206,26.33125891160298,positive_cross,toward_S4,3.150883646648259
3,miata,2024-03-29 20:44:12+00:00,40.288362,-88.126165,45.04230506514552,2031.0,10.563329234536575,rs3,19.865080146397737,34.340181155696186,14.475101009298449,3,19.865080146397737,34.340181155696186,14.475101009298449,26.33125891160298,positive_cross,toward_S4,3.346500854695232
3,miata,2024-03-29 20:44:13+00:00,40.288271,-88.126165,55.15939692197532,2032.0,10.117091856829802,rs1,24.331808885614503,29.813461242119978,5.481652356505474,4,24.331808885614503,29.813461242119978,5.481652356505474,80.2309515867141,positive_cross,toward_S4,3.5357119506529857
3,miata,2024-03-29 20:44:14+00:00,40.288184,-88.126164,64.8302514018883,2033.0,9.670854479912983,rs1,14.882710070671449,36.92690258295444,22.04419251228299,4,14.882710070671449,39.397569949395525,24.514859878724074,80.2309515867141,positive_cross,toward_S4,3.714801848429152
3,miata,2024-03-29 20:44:15+00:00,40.288109,-88.126164,73.16851392174834,2034.0,8.338262519860038,rs1,7.279971334887682,34.143524816641474,26.86355348175379,4,7.279971334887682,47.696558575137686,40.41658724025,80.2309515867141,positive_cross,toward_S4,3.869214117315449
3,miata,2024-03-29 20:44:16+00:00,40.288044,-88.126167,80.39959823392662,2035.0,7.231084312178282,rs1,4.6649433370517155,33.01588050488513,28.350937167833415,4,4.6649433370517155,54.92051835309583,50.25557501604411,80.2309515867141,positive_cross,toward_S4,4.0031230860594915
3,miata,2024-03-29 20:44:17+00:00,40.287992,-88.12617,86.18538370909813,2036.0,5.785785475171508,rs1,8.521288993010712,33.1886319554357,24.66734296242499,4,8.521288993010712,60.70553200677836,52.18424301376765,80.2309515867141,positive_cross,toward_S4,4.11026726152563
3,miata,2024-03-29 20:44:18+00:00,40.287951,-88.126171,90.74516392968307,2037.0,4.5597802205849405,rs1,12.60314752617574,34.13682197611215,21.533674449936413,4,12.60314752617574,65.25837908172775,52.655231555552014,80.2309515867141,positive_cross,toward_S4,4.194707635980907
3,miata,2024-03-29 20:44:19+00:00,40.287916,-88.12618,94.65012349103398,2038.0,3.904959561350907,rs1,16.510791715976985,34.75844077462576,18.247649058648776,4,16.510791715976985,69.19983740649246,52.68904569051548,80.2309515867141,positive_cross,toward_S4,4.267021701931849
3,miata,2024-03-29 20:44:20+00:00,40.287887,-88.126212,97.9232130378304,2039.0,3.273089546796413,rs1,20.51671851836007,33.78693886821943,13.270220349859361,4,20.51671851836007,72.68081148771296,52.16409296935289,80.2309515867141,positive_cross,toward_S4,4.327634471316968
3,miata,2024-03-29 20:44:21+00:00,40.287866,-88.126256,100.3252484294845,2040.0,2.4020353916541097,rs1,24.28860806887345,31.975293762290914,7.686685693417463,4,24.28860806887345,75.51376537163745,51.225157302763996,80.2309515867141,positive_cross,toward_S4,4.372116608199452
3,miata,2024-03-29 20:44:22+00:00,40.287854,-88.126304,101.73281249045415,2041.0,1.4075640609696478,rs1,27.615557083682816,29.74951156031004,2.133954476627224,4,27.615557083682816,77.58220801234805,49.96665092866523,80.2309515867141,positive_cross,toward_S4,4.3981826093285195
3,miata,2024-03-29 20:44:23+00:00,40.287848,-88.126355,102.47790567936697,2042.0,0.7450931889128185,rs2,27.32574769709101,30.839765014999163,3.514017317908152,4,27.32574769709101,77.8074928375806,50.481745140489586,80.2309515867141,negative_cross,toward_S4,4.411980631345424
3,miata,2024-03-29 20:44:24+00:00,40.287854,-88.126404,101.88581677800956,2043.0,-0.592088901357414,rs2,24.37355738016403,33.284511381342725,8.910954001178695,4,24.37355738016403,76.3164253581771,51.94286797801307,80.2309515867141,negative_cross,toward_S1,4.401016022061027
3,miata,2024-03-29 20:44:25+00:00,40.287879,-88.12645,99.17677791114733,2044.0,-2.7090388668622296,rs2,20.032801810415098,34.611865697459244,14.579063887044146,4,20.032801810415098,72.96858400265225,52.935782192237156,80.2309515867141,negative_cross,toward_S1,4.350848635637652
3,miata,2024-03-29 20:44:26+00:00,40.287915,-88.12648,95.22031318784734,2045.0,-3.9564647232999874,rs2,15.319280235906382,34.75823839019143,19.438958154285046,4,15.319280235906382,68.69500315398498,53.3757229180786,80.2309515867141,negative_cross,toward_S1,4.277580770391356
3,miata,2024-03-29 20:44:28+00:00,40.287999,-88.126497,85.9074698946805,2047.0,-4.656421646583418,rs2,6.770358337395056,33.084849442922135,26.31449110552708,4,6.770358337395056,59.25561938534179,52.485261047946736,80.2309515867141,negative_cross,toward_S1,4.105120709406785
3,miata,2024-03-29 20:44:29+00:00,40.288051,-88.126498,80.12780459022821,2048.0,-5.779665304452294,rs2,5.081683405746307,32.56724911778423,27.48556571203792,4,5.081683405746307,53.491344542668664,48.40966113692236,80.2309515867141,negative_cross,toward_S1,3.9980898704354466
3,miata,2024-03-29 20:44:30+00:00,40.288111,-88.126498,73.45719457481417,2049.0,-6.6706100154140415,rs2,9.31873020973052,33.138859944635655,23.820129734905137,4,9.31873020973052,46.857753282368954,37.539023072638436,80.2309515867141,negative_cross,toward_S1,3.8745600553351864
3,miata,2024-03-29 20:44:31+00:00,40.288177,-88.126497,66.11799351506586,2050.0,-7.339201059748305,rs2,16.05237883206666,35.169014499572285,19.116635667505626,4,16.05237883206666,39.588156970981,23.53577813891434,80.2309515867141,negative_cross,toward_S1,3.7386489245991066
3,miata,2024-03-29 20:44:33+00:00,40.288247,-88.126494,58.33102503471717,2052.0,-3.8934842401743452,rs2,23.629859972671706,31.943463218640293,8.313603245968586,4,23.629859972671706,31.943463218640293,8.313603245968586,80.2309515867141,negative_cross,toward_S1,3.5944458045926497
3,miata,2024-03-29 20:44:34+00:00,40.288321,-88.126493,50.102409305299034,2053.0,-8.228615729418138,rs5,23.917827883501054,31.720765314076104,7.802937430575049,3,23.917827883501054,31.720765314076104,7.802937430575049,26.33125891160298,negative_cross,toward_S1,3.4402064887721493
3,miata,2024-03-29 20:44:35+00:00,40.288395,-88.12649,41.87073349092713,2054.0,-8.231675814371904,rs5,16.164892244243845,35.684724571235776,19.51983232699193,3,16.164892244243845,39.89264292302916,23.727750678785313,26.33125891160298,negative_cross,toward_S1,3.287768047765262
3,miata,2024-03-29 20:44:36+00:00,40.28847,-88.126484,33.52329071460417,2055.0,-8.347442776322957,rs5,9.38128953675738,32.38763021764607,23.00634068088869,3,9.38128953675738,48.2279760739692,38.84668653721182,26.33125891160298,negative_cross,toward_S1,3.1331857741296516
3,miata,2024-03-29 20:44:37+00:00,40.288546,-88.126477,25.063141061283904,2056.0,-8.460149653320268,rs5,7.485379627599481,30.970776526341474,23.485396898741993,3,7.485379627599481,52.35255944439296,44.86717981679348,26.33125891160298,negative_cross,toward_S1,2.9765163361052025
3,miata,2024-03-29 20:44:38+00:00,40.288625,-88.126464,16.26028064921133,2057.0,-8.802860412072572,rs5,13.524276188887518,31.44654726401626,17.92227107512874,3,13.524276188887518,43.71206143567632,30.1877852467888,26.33125891160298,negative_cross,toward_S1,2.8135004025483026
3,miata,2024-03-29 20:44:39+00:00,40.288706,-88.126452,7.236596614173069,2058.0,-9.023684035038261,rs5,21.76520867940916,34.47725630945673,12.712047630047568,3,21.76520867940916,34.94490490562564,13.179696226216482,26.33125891160298,negative_cross,toward_S1,2.646395142640187
3,miata,2024-03-29 20:44:40+00:00,40.288792,-88.126445,-2.335321375422778,2059.0,-9.571917989595848,rs7,25.73198618540208,30.862462161691433,5.130475976289354,2,25.73198618540208,30.862462161691433,5.130475976289354,-27.632700444717127,negative_cross,toward_S1,2.4684699827647103
3,miata,2024-03-29 20:44:41+00:00,40.288881,-88.126436,-12.243829951515288,2060.0,-9.90850857609251,rs7,16.71104488227435,31.147308875092854,14.436263992818503,2,16.71104488227435,40.55318986565308,23.84214498337873,-27.632700444717127,negative_cross,toward_S1,2.2849790832074417
3,miata,2024-03-29 20:44:42+00:00,40.288969,-88.126432,-22.03351147912306,2061.0,-9.789681527607772,rs7,9.372534033186458,27.28029641947148,17.90776238628502,2,9.372534033186458,50.133023746957285,40.76048971377082,-27.632700444717127,negative_cross,toward_S1,2.1036886845480383
3,miata,2024-03-29 20:44:43+00:00,40.28906,-88.126429,-32.15519346456844,2062.0,-10.121681985445381,rs7,9.491798157996154,26.78460934238381,17.292811184387656,2,9.491798157996154,46.475289310881124,36.983491152884966,-27.632700444717127,negative_cross,toward_S1,1.9162501292620127
3,miata,2024-03-29 20:44:44+00:00,40.289149,-88.126428,-42.0514616976426,2063.0,-9.89626823307416,rs7,16.967612467053502,29.96889022673551,13.001277759682008,2,16.967612467053502,36.63853701522915,19.670924548175645,-27.632700444717127,negative_cross,toward_S1,1.7329859027236023
3,miata,2024-03-29 20:44:45+00:00,40.289234,-88.126427,-51.503022595881845,2064.0,-9.451560898239244,rs7,25.68780386638092,27.28691230691615,1.599108440535229,2,25.68780386638092,27.28691230691615,1.599108440535229,-27.632700444717127,negative_cross,toward_S1,1.5579569972006535
3,miata,2024-03-29 20:44:46+00:00,40.289317,-88.126427,-60.73069978383179,2065.0,-9.227677187949944,rs10,18.237769649588117,31.600581656475843,13.362812006887726,1,18.237769649588117,34.5574765845831,16.319706934994983,-78.92951005359993,negative_cross,toward_S1,1.3370150049957061
3,miata,2024-03-29 20:44:47+00:00,40.289397,-88.126427,-69.62484647184046,2066.0,-8.894146688008668,rs10,9.842191809872627,27.41470176118404,17.572509951311414,1,9.842191809872627,43.25023446859335,33.40804265872072,-78.92951005359993,negative_cross,toward_S1,1.1723085848473975
3,miata,2024-03-29 20:44:48+00:00,40.28947,-88.126426,-77.74228536717666,2067.0,-8.117438895336207,rs10,4.547526070422925,25.689775750604117,21.14224968018119,1,4.547526070422925,51.25765868631075,46.71013261588782,-78.92951005359993,negative_cross,toward_S1,1.0219856423411715
3,miata,2024-03-29 20:44:49+00:00,40.289536,-88.126426,-85.07995638405312,2068.0,-7.337671016876456,rs10,8.037909124920576,26.354957393886,18.317048268965422,1,8.037909124920576,58.51296623071723,50.47505710579666,-78.92951005359993,negative_cross,toward_S1,0.8861028457323483
3,miata,2024-03-29 20:44:50+00:00,40.289586,-88.126426,-90.6387980639598,2069.0,-5.558841679906678,rs10,13.024603604112368,28.15251289998602,15.127909295873653,1,13.024603604112368,64.0224098849986,50.99780628088622,-78.92951005359993,negative_cross,toward_S1,0.783161333141484
3,miata,2024-03-29 20:44:51+00:00,40.28963,-88.126417,-95.54434912827253,2070.0,-4.905551064312732,rs10,17.90772231188816,29.855591220112824,11.947868908224663,1,17.90772231188816,68.97423977998059,51.06651746809243,-78.92951005359993,negative_cross,toward_S1,0.6923177949134703
3,miata,2024-03-29 20:44:52+00:00,40.289667,-88.126383,-99.7099134289243,2071.0,-4.165564300651766,rs10,22.74165876192218,30.144240534383346,7.402581772461165,1,22.74165876192218,73.47085984877582,50.729201086853635,-78.92951005359993,negative_cross,toward_S1,0.615177715271771
3,miata,2024-03-29 20:44:53+00:00,40.289693,-88.12634,-102.66630294585522,2072.0,-2.956389516930926,rs10,26.853131839872304,29.81457504610304,2.9614432062307365,1,26.853131839872304,76.98281763198322,50.12968579211092,-78.92951005359993,negative_cross,toward_S1,0.5604297612545316
3,miata,2024-03-29 20:44:54+00:00,40.289705,-88.126297,-104.06621679244388,2073.0,-1.3999138465886602,rs8,28.857355570259745,29.776301847030503,0.9189462767707575,1,28.857355570259745,77.65188110096426,48.79452553070452,-78.92951005359993,positive_cross,toward_S1,0.534505430762149
3,miata,2024-03-29 20:44:55+00:00,40.289697,-88.126247,-103.25330426733085,2074.0,0.8129125251130347,rs8,26.125426542530484,31.48194559919077,5.356519056660286,1,26.125426542530484,76.05232446564594,49.926897923115455,-78.92951005359993,positive_cross,toward_S4,0.5495593664123903
3,miata,2024-03-29 20:44:56+00:00,40.289672,-88.126205,-100.5381452289594,2075.0,2.7151590383714534,rs8,22.25397160903487,31.86187593959367,9.6079043305588,1,22.25397160903487,72.85343652202204,50.599464912987166,-78.92951005359993,positive_cross,toward_S4,0.5998400893451951
3,miata,2024-03-29 20:44:57+00:00,40.289634,-88.126178,-96.35473670962641,2076.0,4.1834085193329855,rs8,17.546540656308174,30.99364534823841,13.447104691930235,1,17.546540656308174,68.44059999411195,50.894059337803775,-78.92951005359993,positive_cross,toward_S4,0.6773106174809911
3,miata,2024-03-29 20:44:58+00:00,40.289589,-88.126167,-91.3686096695023,2077.0,4.986127040124103,rs8,12.479068495723185,29.29824231365655,16.81917381793337,1,12.479068495723185,63.38202428500507,50.90295578928189,-78.92951005359993,positive_cross,toward_S4,0.7696463034092152
3,miata,2024-03-29 20:44:59+00:00,40.289538,-88.126165,-85.70165124202559,2078.0,5.666958427476715,rs8,7.1701720448224915,27.51566774294965,20.34549569812716,1,7.1701720448224915,57.71104290263173,50.54087085780924,-78.92951005359993,positive_cross,toward_S4,0.8745899779921174
3,miata,2024-03-29 20:45:00+00:00,40.289482,-88.12616,-79.48339877503753,2079.0,6.218252466988062,rs8,3.088329423677352,27.07255827930805,23.9842288556307,1,3.088329423677352,51.46794941253012,48.37961998885277,-78.92951005359993,positive_cross,toward_S4,0.9897428014548593
3,miata,2024-03-29 20:45:01+00:00,40.289419,-88.126158,-72.48231834463597,2080.0,7.001080430401558,rs8,7.5702348826217705,27.965024960756764,20.394790078134996,1,7.5702348826217705,44.46712189480966,36.89688701218789,-78.92951005359993,positive_cross,toward_S4,1.1193924390548882
3,miata,2024-03-29 20:45:02+00:00,40.289349,-88.126158,-64.6999399929246,2081.0,7.7823783517113725,rs8,15.05643698755139,30.684832119360934,15.628395131809544,1,15.05643698755139,36.70934926042614,21.652912272874747,-78.92951005359993,positive_cross,toward_S4,1.2635105566791727
3,miata,2024-03-29 20:45:03+00:00,40.289274,-88.126158,-56.361677473064574,2082.0,8.338262519860024,rs8,23.296376206819698,28.41449547330744,5.118119266487742,1,23.296376206819698,28.41449547330744,5.118119266487742,-78.92951005359993,positive_cross,toward_S4,1.4179228255654694
3,miata,2024-03-29 20:45:04+00:00,40.289196,-88.126158,-47.68988445247335,2083.0,8.671793020591224,rs6,19.82982999717822,31.92218779466273,12.09235779748451,2,19.82982999717822,31.92218779466273,12.09235779748451,-27.632700444717127,positive_cross,toward_S4,1.6285706665230328
3,miata,2024-03-29 20:45:05+00:00,40.289114,-88.126157,-38.57491414070902,2084.0,9.114970311764331,rs6,10.934292035206418,33.0398092581613,22.10551722295488,2,10.934292035206418,41.007076277007044,30.072784241800626,-27.632700444717127,positive_cross,toward_S4,1.7973664130371871
3,miata,2024-03-29 20:45:06+00:00,40.289029,-88.126156,-29.126413328235227,2085.0,9.448500812473792,rs6,3.3954755932005787,31.284658664892593,27.889183071692013,2,3.3954755932005787,50.43825104501994,47.04277545181936,-27.632700444717127,positive_cross,toward_S4,1.9723386503052203
3,miata,2024-03-29 20:45:07+00:00,40.288939,-88.126156,-19.120498304719167,2086.0,10.00591502351606,rs6,9.622163038014213,32.3794852976152,22.757322259600983,2,9.622163038014213,44.97799352292578,35.355830484911564,-27.632700444717127,positive_cross,toward_S4,2.157633372962925
3,miata,2024-03-29 20:45:08+00:00,40.288842,-88.126155,-8.337875489298817,2087.0,10.78262281542035,rs6,20.094889187377564,34.22842648702717,14.133537299649607,2,20.094889187377564,34.22842648702717,14.133537299649607,-27.632700444717127,positive_cross,toward_S4,2.357311573248487
3,miata,2024-03-29 20:45:09+00:00,40.288742,-88.126154,2.7782778276427,2088.0,11.116153316941517,rs3,23.18546302960485,31.119034422080055,7.933571392475205,3,23.18546302960485,31.119034422080055,7.933571392475205,26.33125891160298,positive_cross,toward_S4,2.563833683630365
3,miata,2024-03-29 20:45:10+00:00,40.288643,-88.126155,13.786314396224226,2089.0,11.008036568581526,rs3,12.442879269636652,36.81010020452577,24.367220934889115,3,12.442879269636652,42.09658253486544,29.65370326522879,26.33125891160298,positive_cross,toward_S4,2.7676862126781714
3,miata,2024-03-29 20:45:11+00:00,40.288547,-88.126157,24.46235050696815,2090.0,10.676036110743924,rs3,3.9930363134878997,34.45956527869016,30.466528965202258,3,3.9930363134878997,52.7605541472643,48.7675178337764,26.33125891160298,positive_cross,toward_S4,2.965390585099355
3,miata,2024-03-29 20:45:12+00:00,40.288453,-88.12616,34.91756299393469,2091.0,10.455212486966538,rs3,10.08330411847503,35.19080933537846,25.10750521690343,3,10.08330411847503,44.36074590838173,34.2774417899067,26.33125891160298,positive_cross,toward_S4,3.159005631154291
3,miata,2024-03-29 20:45:13+00:00,40.288362,-88.126164,45.040775022273664,2092.0,10.123212028338976,rs3,19.846119467264906,34.329635577669045,14.483516110404139,3,19.846119467264906,34.329635577669045,14.483516110404139,26.33125891160298,positive_cross,toward_S4,3.3464725205679757
3,miata,2024-03-29 20:45:14+00:00,40.288265,-88.126163,55.82339783769401,2093.0,10.782622815420346,rs1,23.644996769883537,30.448925490185214,6.803928720301677,4,23.644996769883537,30.448925490185214,6.803928720301677,80.2309515867141,positive_cross,toward_S4,3.548008263907035
3,miata,2024-03-29 20:45:15+00:00,40.28818,-88.126163,65.27342869385137,2094.0,9.450030856157362,rs1,14.432093796552362,36.81283386620209,22.38074006964973,4,14.432093796552362,39.83045922575666,25.3983654292043,80.2309515867141,positive_cross,toward_S4,3.7230088353173567
3,miata,2024-03-29 20:45:16+00:00,40.288104,-88.126169,73.73204830427802,2095.0,8.458619610426652,rs1,7.104798492871547,33.60797306394067,26.503174571069124,4,7.104798492871547,48.290839411010815,41.18604091813927,80.2309515867141,positive_cross,toward_S4,3.8796499392141466
3,miata,2024-03-29 20:45:17+00:00,40.288044,-88.126172,80.40724844830766,2096.0,6.675200144029631,rs1,5.073701957534317,32.59170239268247,27.518000435148153,4,5.073701957534317,54.95805702101978,49.884355063485465,80.2309515867141,positive_cross,toward_S4,4.0032647566961765
3,miata,2024-03-29 20:45:18+00:00,40.287991,-88.126173,86.30115067181742,2097.0,5.8939022235097696,rs1,8.756464926025377,32.95560099649992,24.19913607047454,4,8.756464926025377,60.837448679483316,52.08098375345794,80.2309515867141,positive_cross,toward_S4,4.11241109416858
3,miata,2024-03-29 20:45:19+00:00,40.287951,-88.126182,90.76199440131698,2098.0,4.460843729499558,rs1,12.98867073102762,33.244648223133716,20.255977492106098,4,12.98867073102762,65.33635237007258,52.34768163904496,80.2309515867141,positive_cross,toward_S4,4.195019311381535
3,miata,2024-03-29 20:45:20+00:00,40.28792,-88.126211,94.2528474861253,2099.0,3.4908530848083217,rs1,17.18320995342115,32.17369476261406,14.99048480919291,4,17.18320995342115,69.02630531824792,51.843095364826766,80.2309515867141,positive_cross,toward_S4,4.259664738877985
3,miata,2024-03-29 20:45:21+00:00,40.287899,-88.12625,96.64723266339841,2100.0,2.394385177273108,rs1,20.89324803889925,30.332877132744613,9.439629093845362,4,20.89324803889925,71.80932878125219,50.91608074235294,80.2309515867141,positive_cross,toward_S4,4.304005205123784
3,miata,2024-03-29 20:45:22+00:00,40.287891,-88.126298,97.61008939032313,2101.0,0.9628567269247128,rs1,24.057586928492068,27.45575530333348,3.3981683748414113,4,24.057586928492068,73.45251290249035,49.39492597399828,80.2309515867141,positive_cross,toward_S4,4.321835885252019
3,miata,2024-03-29 20:45:23+00:00,40.287885,-88.126347,98.35212249268052,2102.0,0.7420331023573965,rs2,24.730049170318754,27.397247204915224,2.6671980345964705,4,24.730049170318754,73.96956232957355,49.2395131592548,80.2309515867141,negative_cross,toward_S4,4.335577238999378
3,miata,2024-03-29 20:45:24+00:00,40.287887,-88.126401,98.21239114135075,2103.0,-0.13973135132977177,rs2,21.503215402799103,30.727668167092112,9.224452764293009,4,21.503215402799103,72.75377345487101,51.25055805207191,80.2309515867141,negative_cross,ambiguous,4.33298962138216
3,miata,2024-03-29 20:45:25+00:00,40.287902,-88.126449,96.61818069492786,2104.0,-1.594210446422892,rs2,17.82771217800953,33.15330583143676,15.32559365342723,4,17.82771217800953,70.44470174494049,52.616989566930954,80.2309515867141,negative_cross,toward_S1,4.303467205707662
3,miata,2024-03-29 20:45:26+00:00,40.287934,-88.126487,93.11866364948115,2105.0,-3.4995170454467086,rs2,13.157247914727451,34.4045653636515,21.24731744892405,4,13.157247914727451,66.53324595560962,53.375998040882166,80.2309515867141,negative_cross,toward_S1,4.238661334495686
3,miata,2024-03-29 20:45:27+00:00,40.287976,-88.126503,88.47371732446928,2106.0,-4.6449463250118725,rs2,8.414958274395051,34.15764838037543,25.742690105980376,4,8.414958274395051,61.75932272205076,53.34436444765571,80.2309515867141,negative_cross,toward_S1,4.1526438099584295
3,miata,2024-03-29 20:45:28+00:00,40.288018,-88.126502,83.80276027057062,2107.0,-4.670957053898661,rs2,5.1963422488330195,33.16856235089945,27.97222010206643,4,5.1963422488330195,57.11228799692266,51.91594574808964,80.2309515867141,negative_cross,toward_S1,4.066144605256603
3,miata,2024-03-29 20:45:29+00:00,40.28807,-88.126491,78.00473445240252,2108.0,-5.7980258181680995,rs2,6.458770324448106,32.008683981614716,25.54991365716661,4,6.458770324448106,51.45621967053637,44.99744934608827,80.2309515867141,negative_cross,toward_S1,3.9587737567720076
3,miata,2024-03-29 20:45:30+00:00,40.28813,-88.126493,71.33718452194222,2109.0,-6.6675499304602965,rs2,11.361857729093714,33.18431990437426,21.82246217528055,4,11.361857729093714,44.813438255509745,33.45158052641603,80.2309515867141,negative_cross,toward_S1,3.835300609911632
3,miata,2024-03-29 20:45:31+00:00,40.288196,-88.126495,64.0025735908312,2110.0,-7.3346109311110155,rs2,18.119806908682992,35.87974509474323,17.759938186060236,4,18.119806908682992,37.5224790715794,19.402672162896405,80.2309515867141,negative_cross,toward_S1,3.6994744815577243
3,miata,2024-03-29 20:45:32+00:00,40.288269,-88.126501,55.89584499564151,2111.0,-8.106728595189693,rs2,25.907230675441486,29.429597036848474,3.522366361406988,4,25.907230675441486,29.429597036848474,3.522366361406988,80.2309515867141,negative_cross,toward_S1,3.5493498779431003
3,miata,2024-03-29 20:45:33+00:00,40.288344,-88.126504,47.56217260439706,2112.0,-8.333672391244448,rs5,21.210264959702716,34.11154960334591,12.90128464364319,3,21.210264959702716,34.11154960334591,12.90128464364319,26.33125891160298,negative_cross,toward_S1,3.3931650683850756
3,miata,2024-03-29 20:45:34+00:00,40.288419,-88.126499,39.21625987094596,2113.0,-8.345912733451101,rs5,13.409289719350035,35.30341426209699,21.894124542746958,3,13.409289719350035,42.44329764329376,29.034007923943726,26.33125891160298,negative_cross,toward_S1,3.238611128876722
3,miata,2024-03-29 20:45:35+00:00,40.288493,-88.126491,30.976933841403074,2114.0,-8.239326029542887,rs5,7.293241024479486,32.49253912242246,25.19929809794297,3,7.293241024479486,50.698421277878786,43.4051802533993,26.33125891160298,negative_cross,toward_S1,3.08603101721852
3,miata,2024-03-29 20:45:36+00:00,40.288567,-88.126483,22.7376078126284,2115.0,-8.239326028774673,rs5,7.936341859844782,31.64824000916847,23.71189814932369,3,7.936341859844782,49.98573659278946,42.04939473294468,26.33125891160298,negative_cross,toward_S1,2.933450905574545
3,miata,2024-03-29 20:45:37+00:00,40.288644,-88.126476,14.16628132601613,2116.0,-8.571326486612271,rs5,14.708302658046623,33.12105963619286,18.412756978146238,3,14.708302658046623,41.50115451173713,26.792851853690504,26.33125891160298,negative_cross,toward_S1,2.774722637303947
3,miata,2024-03-29 20:45:38+00:00,40.288724,-88.126466,5.256834209245375,2117.0,-8.909447116770753,rs5,23.141381591069933,32.77562141220808,9.634239821138149,3,23.141381591069933,32.77562141220808,9.634239821138149,26.33125891160298,negative_cross,toward_S1,2.6097328758822664
3,miata,2024-03-29 20:45:39+00:00,40.288889,-88.126448,-13.114884105099415,2118.0,-18.37171831434479,rs7,15.467685240885851,31.613233097094454,16.1455478562086,2,15.467685240885851,41.15982705370204,25.69214181281619,-27.632700444717127,negative_cross,toward_S1,2.2688484507336613
3,miata,2024-03-29 20:45:40+00:00,40.288975,-88.126443,-22.683742008951548,2119.0,-9.568857903852132,rs7,8.226204674073095,28.06580208738165,19.839597413308553,2,8.226204674073095,50.58884379272985,42.36263911865675,-27.632700444717127,negative_cross,toward_S1,2.0916473784401033
3,miata,2024-03-29 20:45:41+00:00,40.289064,-88.126441,-32.581540284897564,2120.0,-9.897798275946016,rs7,8.904427646862686,27.863343259150778,18.95891561228809,2,8.904427646862686,45.949619833207805,37.04519218634512,-27.632700444717127,negative_cross,toward_S1,1.9083548177744363
3,miata,2024-03-29 20:45:42+00:00,40.289151,-88.126438,-42.258514935529774,2121.0,-9.67697465063221,rs7,16.775622738933677,30.821327262377892,14.045704523444215,2,16.775622738933677,36.326614546326134,19.550991807392457,-27.632700444717127,negative_cross,toward_S1,1.7291515835034694
3,miata,2024-03-29 20:45:43+00:00,40.289235,-88.126437,-51.59889900045528,2122.0,-9.340384064925509,rs7,25.53426887375417,27.05238378744724,1.518114913693072,2,25.53426887375417,27.05238378744724,1.518114913693072,-27.632700444717127,negative_cross,toward_S1,1.5561815082270711
3,miata,2024-03-29 20:45:44+00:00,40.289319,-88.126437,-60.93775302250893,2123.0,-9.338854022053646,rs10,17.833292948159702,32.16969799679829,14.33640504863859,1,17.833292948159702,34.581937690567656,16.748644742407954,-78.92951005359993,negative_cross,toward_S1,1.3331806857609445
3,miata,2024-03-29 20:45:45+00:00,40.289402,-88.126435,-70.16849029699253,2124.0,-9.230737274483602,rs10,9.047879498483722,27.87091229885927,18.82303280037555,1,9.047879498483722,43.67342209332983,34.62554259484611,-78.92951005359993,negative_cross,toward_S1,1.1622411066038407
3,miata,2024-03-29 20:45:46+00:00,40.28948,-88.126438,-78.83569318817825,2125.0,-8.667202891185724,rs10,3.5054654638080573,26.67508089687606,23.169615433068003,1,3.5054654638080573,52.20290986597892,48.69744440217086,-78.92951005359993,negative_cross,toward_S1,1.0017373493596606
3,miata,2024-03-29 20:45:47+00:00,40.289546,-88.12644,-86.17030412007918,2126.0,-7.334610931900926,rs10,8.449538156574702,27.77751616574855,19.327978009173847,1,8.449538156574702,59.45954543192194,51.010007275347235,-78.92951005359993,negative_cross,toward_S1,0.8659112209911249
3,miata,2024-03-29 20:45:48+00:00,40.289601,-88.12644,-92.28502996734458,2127.0,-6.1147258472654045,rs10,14.280783824500938,29.939591075660243,15.658807251159304,1,14.280783824500938,65.53670742250331,51.255923598002376,-78.92951005359993,negative_cross,toward_S1,0.7526755571528767
3,miata,2024-03-29 20:45:49+00:00,40.289643,-88.126425,-96.97740762151449,2128.0,-4.692377654169903,rs10,19.120666715919985,31.230877759785756,12.110211043865771,1,19.120666715919985,70.32325277925884,51.202586063338856,-78.92951005359993,negative_cross,toward_S1,0.6657796746682489
3,miata,2024-03-29 20:45:50+00:00,40.289674,-88.126391,-100.47591092070387,2129.0,-3.4985032991893803,rs10,23.243431145051776,31.171999548068367,7.928568403016591,1,23.243431145051776,74.13254135559735,50.88911021054558,-78.92951005359993,negative_cross,toward_S1,0.6009925765351123
3,miata,2024-03-29 20:45:51+00:00,40.289695,-88.126349,-102.87488622738248,2130.0,-2.398975306678608,rs10,26.72913766487432,30.463599537429168,3.7344618725548493,1,26.72913766487432,77.0496175884655,50.32047992359118,-78.92951005359993,negative_cross,toward_S1,0.5565671078929157
3,miata,2024-03-29 20:45:52+00:00,40.289703,-88.126297,-103.84386312581637,2131.0,-0.968976898433894,rs8,28.666205994847505,29.58632255526965,0.9201165604221444,1,28.666205994847505,77.43375597698433,48.76754998213683,-78.92951005359993,positive_cross,toward_S1,0.538623091255251
3,miata,2024-03-29 20:45:53+00:00,40.289696,-88.126248,-103.14059739114523,2132.0,0.7032657346711346,rs8,26.057808387572056,31.342094610001965,5.284286222429909,1,26.057808387572056,75.95457641430336,49.89676802673131,-78.92951005359993,positive_cross,toward_S4,0.551646530786198
3,miata,2024-03-29 20:45:54+00:00,40.289674,-88.126201,-100.76661906709609,2133.0,2.3739783240491477,rs8,22.3635542285117,32.26168419883934,9.898129970327641,1,22.3635542285117,73.04108051967674,50.67752629116504,-78.92951005359993,positive_cross,toward_S4,0.5956090923426637
3,miata,2024-03-29 20:45:55+00:00,40.289635,-88.126176,-96.46897362868388,2134.0,4.297645438412204,rs8,17.610274229084464,31.19648437051785,13.586210141433387,1,17.610274229084464,68.53903898180256,50.928764752718095,-78.92951005359993,positive_cross,toward_S4,0.6751951189799268
3,miata,2024-03-29 20:45:56+00:00,40.289588,-88.126168,-91.25590279329496,2135.0,5.213070835388919,rs8,12.398351243962262,29.173986586093363,16.775635342131103,1,12.398351243962262,63.27671857327378,50.87836732931152,-78.92951005359993,positive_cross,toward_S4,0.7717334677834252
3,miata,2024-03-29 20:45:57+00:00,40.289532,-88.126167,-85.03153015481948,2136.0,6.2243726384754865,rs8,6.6883734239895185,27.19109965512067,20.502726231131152,1,6.6883734239895185,57.05753938530041,50.36916596131089,-78.92951005359993,positive_cross,toward_S4,0.8869996277551935
3,miata,2024-03-29 20:45:58+00:00,40.289467,-88.12617,-77.80044584261942,2137.0,7.231084312200053,rs8,4.266987128630201,26.23571786832862,21.96873073969842,1,4.266987128630201,49.87223195565075,45.60524482702055,-78.92951005359993,positive_cross,toward_S4,1.020908596499639
3,miata,2024-03-29 20:45:59+00:00,40.289395,-88.126171,-69.79418378061875,2138.0,8.006262062000673,rs8,10.45853302961878,27.644466263287512,17.185933233668734,1,10.45853302961878,41.91098571601492,31.452452686396143,-78.92951005359993,positive_cross,toward_S4,1.1691727087589106
3,miata,2024-03-29 20:46:00+00:00,40.289315,-88.126172,-60.89850705052817,2139.0,8.895676730090585,rs8,19.001564099266783,31.61481826489247,12.613254165625687,1,19.001564099266783,33.09073645762288,14.089172358356098,-78.92951005359993,positive_cross,toward_S4,1.3339074630198473
3,miata,2024-03-29 20:46:01+00:00,40.28923,-88.126172,-51.448476195160765,2140.0,9.450030855367402,rs6,23.76552319601859,28.30623004128192,4.54070684526333,2,23.76552319601859,28.30623004128192,4.54070684526333,-27.632700444717127,positive_cross,toward_S4,1.5589671157325253
3,miata,2024-03-29 20:46:02+00:00,40.289142,-88.126171,-41.66644488114408,2141.0,9.782031314016685,rs6,14.263772590284036,33.122310906497134,18.8585383162131,2,14.263772590284036,38.00806270892213,23.744290118638098,-27.632700444717127,positive_cross,toward_S4,1.7401158437698712
3,miata,2024-03-29 20:46:03+00:00,40.289051,-88.126172,-31.547822981442412,2142.0,10.118621899701669,rs6,5.734652519148594,30.15263812569403,24.417985606545436,2,5.734652519148594,48.09194168538793,42.35728916623933,-27.632700444717127,positive_cross,toward_S4,1.9274977308013836
3,miata,2024-03-29 20:46:04+00:00,40.288958,-88.126169,-21.212967585810727,2143.0,10.334855395631685,rs6,8.196854134587255,30.81095218872118,22.614098054133926,2,8.196854134587255,47.184255654628394,38.98740152004114,-27.632700444717127,positive_cross,toward_S4,2.1188839418316
3,miata,2024-03-29 20:46:05+00:00,40.288866,-88.126165,-10.990819066386392,2144.0,10.222148519424335,rs6,17.637932686946215,34.713618976720255,17.07568628977404,2,17.637932686946215,36.97705091385023,19.339118226904013,-27.632700444717127,positive_cross,toward_S4,2.3081829884876064
3,miata,2024-03-29 20:46:06+00:00,40.288772,-88.126162,-0.5447868374627003,2145.0,10.446032228923691,rs3,26.587291419832955,27.884247547037468,1.2969561272045134,3,26.587291419832955,27.884247547037468,1.2969561272045134,26.33125891160298,positive_cross,toward_S4,2.5022954490913762
3,miata,2024-03-29 20:46:07+00:00,40.288679,-88.126163,9.79618872967816,2146.0,10.34097556714086,rs3,16.478988385248204,37.75885061894814,21.279862233699934,3,16.478988385248204,38.16753559936259,21.688547214114383,26.33125891160298,positive_cross,toward_S4,2.6937949966310217
3,miata,2024-03-29 20:46:08+00:00,40.288586,-88.126159,20.129514082416243,2147.0,10.333325352738083,rs3,6.8333294845459,34.808247138496895,27.974917653950996,3,6.8333294845459,48.444229384300186,41.61089989975429,26.33125891160298,positive_cross,toward_S4,2.885152873533579
3,miata,2024-03-29 20:46:09+00:00,40.288494,-88.126159,30.35778277334975,2148.0,10.228268690933508,rs3,6.130998045353842,34.45992864210373,28.328930596749892,3,6.130998045353842,48.89845964893233,42.76746160357849,26.33125891160298,positive_cross,toward_S4,3.0745652566990143
3,miata,2024-03-29 20:46:10+00:00,40.288402,-88.126159,40.58605146428326,2149.0,10.228268690933508,rs3,15.424177011148219,37.05105463320079,21.626877622052575,3,15.424177011148219,38.70477238498397,23.28059537383575,26.33125891160298,positive_cross,toward_S4,3.2639776398644496
3,miata,2024-03-29 20:46:11+00:00,40.288313,-88.126157,50.4777295679519,2150.0,9.891678103668639,rs3,25.09302300997002,28.84800012415274,3.7549771141827186,3,25.09302300997002,28.84800012415274,3.7549771141827186,26.33125891160298,positive_cross,toward_S4,3.4471568640064616
3,miata,2024-03-29 20:46:12+00:00,40.288231,-88.126157,59.59422992258808,2151.0,9.11650035463618,rs1,19.8332436449932,34.136309041816176,14.303065396822976,4,19.8332436449932,34.136309041816176,14.303065396822976,80.2309515867141,positive_cross,toward_S4,3.61783848770137
3,miata,2024-03-29 20:46:13+00:00,40.288157,-88.126158,67.82284565200621,2152.0,8.22861572941813,rs1,11.864242594722178,36.2005327788851,24.33629018416292,4,11.864242594722178,42.333502940018796,30.469260345296618,80.2309515867141,positive_cross,toward_S4,3.7702202604683723
3,miata,2024-03-29 20:46:14+00:00,40.288089,-88.12616,75.38593042204386,2153.0,7.563084770037648,rs1,5.368258895088872,34.04746975564242,28.679210860553546,4,5.368258895088872,49.883305503562056,44.515046608473185,80.2309515867141,positive_cross,toward_S4,3.9102773858394397
3,miata,2024-03-29 20:46:15+00:00,40.288029,-88.126163,82.06113056609522,2154.0,6.6752001440513595,rs1,5.095302676786513,33.374137748162774,28.27883507137626,4,5.095302676786513,56.556225536124344,51.46092285933783,80.2309515867141,positive_cross,toward_S4,4.033892203321873
3,miata,2024-03-29 20:46:16+00:00,40.28798,-88.126166,87.51338554130373,2155.0,5.452254975208518,rs1,9.497834178853738,33.761499340920565,24.26366516206683,4,9.497834178853738,62.01007492990908,52.512240751055344,80.2309515867141,positive_cross,toward_S4,4.134859888047957
3,miata,2024-03-29 20:46:17+00:00,40.287942,-88.126179,91.75799577487327,2156.0,4.2446102335695315,rs1,13.789816568663792,33.79686233360552,20.007045764941726,4,13.789816568663792,66.31109171839518,52.52127514973138,80.2309515867141,positive_cross,toward_S4,4.213463781262207
3,miata,2024-03-29 20:46:18+00:00,40.287912,-88.126213,95.14532224077062,2157.0,3.3873264658973596,rs1,18.048021729420736,32.40005556755005,14.352033838129312,4,18.048021729420736,69.93016329502207,51.88214156560133,80.2309515867141,positive_cross,toward_S4,4.276192049149195
3,miata,2024-03-29 20:46:19+00:00,40.287888,-88.126254,97.87629800451865,2158.0,2.7309757637480203,rs1,22.104506188395035,30.6988035199778,8.594297331582766,4,22.104506188395035,73.07187400419461,50.96736781579958,80.2309515867141,positive_cross,toward_S4,4.326765674403788
3,miata,2024-03-29 20:46:20+00:00,40.287877,-88.126301,99.17115518928097,2159.0,1.2948571847623214,rs1,25.421390185129347,28.226565434640357,2.8051752495110094,4,25.421390185129347,75.02807306983985,49.6066828847105,80.2309515867141,positive_cross,toward_S4,4.350744511158646
3,miata,2024-03-29 20:46:21+00:00,40.287877,-88.126358,99.25836763319428,2160.0,0.08721244391331595,rs2,24.714058264756417,28.68672621234524,3.972667947588821,4,24.714058264756417,74.60954501057948,49.895486745823064,80.2309515867141,negative_cross,ambiguous,4.3523595564163
3,miata,2024-03-29 20:46:22+00:00,40.287888,-88.126411,98.1165147360091,2161.0,-1.1418528971851885,rs2,20.90472743420087,31.337489669707416,10.432762235506548,4,20.90472743420087,72.4892968821345,51.58456944793363,80.2309515867141,negative_cross,toward_S1,4.331214132394352
3,miata,2024-03-29 20:46:23+00:00,40.287907,-88.126457,96.07453687058751,2162.0,-2.041977865421586,rs2,17.00593864864286,33.458299141973065,16.452360493330204,4,17.00593864864286,69.80355354266965,52.797614894026786,80.2309515867141,negative_cross,toward_S1,4.293399727479137
3,miata,2024-03-29 20:46:24+00:00,40.287939,-88.12649,92.56736960996982,2163.0,-3.507167260617692,rs2,12.545977087153803,34.425191495201084,21.879214408047282,4,12.545977087153803,65.955494665638,53.4095175784842,80.2309515867141,negative_cross,toward_S1,4.228452185615847
3,miata,2024-03-29 20:46:25+00:00,40.287979,-88.126507,88.14630699524726,2164.0,-4.421062614722558,rs2,7.952167527576981,34.40124425961851,26.449076732041526,4,7.952167527576981,61.39980736332556,53.447639835748575,80.2309515867141,negative_cross,toward_S1,4.146580655713577
3,miata,2024-03-29 20:46:26+00:00,40.288027,-88.126514,82.82052928288277,2165.0,-5.325777712364484,rs2,3.849332215165577,34.0704346156108,30.221102400445222,4,3.849332215165577,56.031416987440814,52.18208477227524,80.2309515867141,negative_cross,toward_S1,4.0479551425216425
3,miata,2024-03-29 20:46:27+00:00,40.288078,-88.126517,77.15510089829966,2166.0,-5.665428384583109,rs2,5.381765073945682,34.26496939561422,28.88320432166854,4,5.381765073945682,50.35576148652546,44.97399641257978,80.2309515867141,negative_cross,toward_S1,3.9430398020663993
3,miata,2024-03-29 20:46:28+00:00,40.288137,-88.126519,70.59872780194306,2167.0,-6.556373096356609,rs2,11.249431980347362,35.51524171993021,24.26580973958285,4,11.249431980347362,43.80098340033742,32.55155141999006,80.2309515867141,negative_cross,toward_S1,3.821625485467203
3,miata,2024-03-29 20:46:29+00:00,40.288204,-88.126514,63.14222973658186,2168.0,-7.456498065361195,rs2,18.598467275154942,36.42621928944706,17.82775201429212,4,18.598467275154942,36.42621928944706,17.82775201429212,80.2309515867141,negative_cross,toward_S1,3.683542187960514
3,miata,2024-03-29 20:46:30+00:00,40.288276,-88.126507,55.126787417328295,2169.0,-8.015442319253566,rs2,26.58890797844611,28.575396569026562,1.9864885905804535,4,26.58890797844611,28.575396569026562,1.9864885905804535,80.2309515867141,negative_cross,toward_S1,3.5351080709372997
3,miata,2024-03-29 20:46:31+00:00,40.288351,-88.126498,46.77475451236802,2170.0,-8.352032904960275,rs5,20.583561344268798,34.95186957712427,14.368308232855473,3,20.583561344268798,34.95186957712427,14.368308232855473,26.33125891160298,negative_cross,toward_S1,3.3785832518660195
3,miata,2024-03-29 20:46:32+00:00,40.288427,-88.12649,38.31307481619764,2171.0,-8.461679696170378,rs5,12.944456957450706,34.26993853264548,21.32548157519478,3,12.944456957450706,43.41942250801558,30.474965550564875,26.33125891160298,negative_cross,toward_S1,3.221885479714716
3,miata,2024-03-29 20:46:33+00:00,40.288504,-88.126481,29.738688243029937,2172.0,-8.574386573167704,rs5,7.469595703222077,31.491960528222876,24.0223648250008,3,7.469595703222077,52.01190844173361,44.542312738511534,26.33125891160298,negative_cross,toward_S1,3.0631005431745733
3,miata,2024-03-29 20:46:34+00:00,40.288585,-88.12647,20.71653425086354,2173.0,-9.022153992166398,rs5,9.991753811183496,30.842244452082756,20.85049064089926,3,9.991753811183496,48.08191238320693,38.09015857202343,26.33125891160298,negative_cross,toward_S1,2.896023617393714
3,miata,2024-03-29 20:46:35+00:00,40.288668,-88.126456,11.467436461874152,2174.0,-9.249097788989387,rs5,17.868903477124878,32.65565526259295,14.786751785468073,3,17.868903477124878,39.06113014373266,21.192226666607784,26.33125891160298,negative_cross,toward_S1,2.7247440287087255
3,miata,2024-03-29 20:46:36+00:00,40.288754,-88.126446,1.8909283444309484,2175.0,-9.576508117443204,rs5,26.865776131129465,29.813012080582958,2.9472359494534928,3,26.865776131129465,29.813012080582958,2.9472359494534928,26.33125891160298,negative_cross,toward_S1,2.5474012857931103
3,miata,2024-03-29 20:46:37+00:00,40.28884,-88.126439,-7.680989645164899,2176.0,-9.571917989595846,rs7,20.7977525863463,33.85530508985346,13.05755250350716,2,20.7977525863463,36.100959481837045,15.303206895490746,-27.632700444717127,negative_cross,toward_S1,2.369476125917634
3,miata,2024-03-29 20:46:38+00:00,40.288925,-88.126433,-17.14020075778518,2177.0,-9.459211112620281,rs7,12.6838199209119,28.786406625607167,16.10258670469527,2,12.6838199209119,45.35215740652727,32.66833748561537,-27.632700444717127,negative_cross,toward_S1,2.194305549757999
3,miata,2024-03-29 20:46:39+00:00,40.289007,-88.12643,-26.261291241058686,2178.0,-9.121090483273505,rs7,8.053743318179944,26.546701071560253,18.49295775338031,2,8.053743318179944,52.341635775065384,44.287892456885444,-27.632700444717127,negative_cross,toward_S1,2.0253964667344158
3,miata,2024-03-29 20:46:40+00:00,40.289089,-88.126426,-35.38391176720405,2179.0,-9.122620526145361,rs7,11.694145808310612,27.255260399680132,15.56111459136952,2,11.694145808310612,43.28988976362858,31.595743955317968,-27.632700444717127,negative_cross,toward_S1,1.8564590495835755
3,miata,2024-03-29 20:46:41+00:00,40.289171,-88.126423,-44.50500225124576,2180.0,-9.121090484041716,rs7,19.333321248708252,30.853852496866985,11.520531248158733,2,19.333321248708252,34.266141410247236,14.932820161538984,-27.632700444717127,negative_cross,toward_S1,1.687549966545766
3,miata,2024-03-29 20:46:42+00:00,40.289253,-88.126422,-53.62303264875382,2181.0,-9.118030397508058,rs10,25.28143889274315,27.8267147198011,2.5452758270579494,1,25.28143889274315,27.8267147198011,2.5452758270579494,-78.92951005359993,negative_cross,toward_S1,1.468638470460113
3,miata,2024-03-29 20:46:43+00:00,40.289334,-88.126423,-62.626826126414436,2182.0,-9.003793477660615,rs10,16.503934422168808,30.257177274889013,13.753242852720206,1,16.503934422168808,36.474855258538675,19.970920836369867,-78.92951005359993,negative_cross,toward_S1,1.3019015542071388
3,miata,2024-03-29 20:46:44+00:00,40.289414,-88.126422,-71.522502857295,2183.0,-8.89567673088056,rs10,8.431825033845094,26.41614608752828,17.984321053683185,1,8.431825033845094,45.18732284123654,36.75549780739145,-78.92951005359993,negative_cross,toward_S1,1.1371667999315729
3,miata,2024-03-29 20:46:45+00:00,40.289487,-88.126421,-79.63994175263117,2184.0,-8.117438895336178,rs10,5.067984728139916,25.23864201093217,20.170657282792256,1,5.067984728139916,53.19244755452894,48.12446282638902,-78.92951005359993,negative_cross,toward_S1,0.9868438574253473
3,miata,2024-03-29 20:46:46+00:00,40.289554,-88.126423,-87.08572951784589,2185.0,-7.4457877652147175,rs10,9.881677330332478,26.640856342278052,16.759179011945577,1,9.881677330332478,60.53088688143368,50.6492095511012,-78.92951005359993,negative_cross,toward_S1,0.8489588988102599
3,miata,2024-03-29 20:46:47+00:00,40.289607,-88.126423,-92.9781016976938,2186.0,-5.892372179847911,rs10,15.315132239469401,28.968357357472,13.6532251180026,1,15.315132239469401,66.37143658359408,51.056304344124676,-78.92951005359993,negative_cross,toward_S1,0.7398408954797431
3,miata,2024-03-29 20:46:48+00:00,40.289645,-88.126408,-97.22577201781878,2187.0,-4.247670320124982,rs10,19.728267273398195,30.194547670899414,10.466280397501219,1,19.728267273398195,70.73085652082501,51.00258924742682,-78.92951005359993,negative_cross,toward_S1,0.6611803339959471
3,miata,2024-03-29 20:46:49+00:00,40.289676,-88.126376,-100.72121523126441,2188.0,-3.4954432134456255,rs10,23.889796721584638,30.415951919120666,6.526155197536028,1,23.889796721584638,74.55658421634381,50.66678749475917,-78.92951005359993,negative_cross,toward_S1,0.5964499041173243
3,miata,2024-03-29 20:46:50+00:00,40.289693,-88.126336,-102.67242311736439,2189.0,-1.9512078860999793,rs10,27.003892269370727,29.606800352580045,2.602908083209318,1,27.003892269370727,77.05246524093872,50.04857297156799,-78.92951005359993,negative_cross,toward_S1,0.5603164247451026
3,miata,2024-03-29 20:46:51+00:00,40.289701,-88.126287,-103.63680988713925,2190.0,-0.9643867697748618,rs8,28.046593075822493,29.851178270844372,1.804585195021879,1,28.046593075822493,77.0529049648142,49.00631188899171,-78.92951005359993,positive_cross,toward_S1,0.5424574104900125
3,miata,2024-03-29 20:46:52+00:00,40.289696,-88.126238,-103.1558978199073,2191.0,0.4809120672319551,rs8,25.725866531852688,31.879494030027406,6.153627498174718,1,25.725866531852688,75.83564207243755,50.10977554058486,-78.92951005359993,positive_cross,ambiguous,0.5513631895128266
3,miata,2024-03-29 20:46:53+00:00,40.289676,-88.126193,-101.00121307751013,2192.0,2.1546847423971656,rs8,22.388291429153877,32.911045213691686,10.522753784537809,1,22.388291429153877,73.20005371672981,50.81176228757593,-78.92951005359993,positive_cross,toward_S4,0.5912647588164777
3,miata,2024-03-29 20:46:54+00:00,40.289642,-88.126164,-97.26557197875577,2193.0,3.735641098754357,rs8,18.14513853902614,32.47659837006543,14.331459831039293,1,18.14513853902614,69.25027947721446,51.10514093818833,-78.92951005359993,positive_cross,toward_S4,0.6604432976822991
3,miata,2024-03-29 20:46:55+00:00,40.289596,-88.126153,-92.16826810531792,2194.0,5.097303873437852,rs8,12.944644799913798,30.70571814661526,17.761073346701465,1,12.944644799913798,64.09229264893646,51.14764784902267,-78.92951005359993,positive_cross,toward_S4,0.7548378138570742
3,miata,2024-03-29 20:46:56+00:00,40.289545,-88.126154,-86.49671954843568,2195.0,5.671548556882243,rs8,7.487736010022315,28.61878639423874,21.131050384216422,1,7.487736010022315,58.43100836214767,50.943272352125355,-78.92951005359993,positive_cross,toward_S4,0.859866490836375
3,miata,2024-03-29 20:46:57+00:00,40.289487,-88.126155,-80.04693315756722,2196.0,6.449786390868454,rs8,2.7261005964030245,27.515534792746994,24.78943419634397,1,2.7261005964030245,51.99512407525139,49.26902347884837,-78.92951005359993,positive_cross,toward_S4,0.9793069795561612
3,miata,2024-03-29 20:46:58+00:00,40.289422,-88.126157,-72.81737888823906,2197.0,7.229554269328162,rs8,7.2298171310580095,27.97398700168049,20.744169870622482,1,7.2298171310580095,44.793404112160474,37.56358698110246,-78.92951005359993,positive_cross,toward_S4,1.1131876141733494
3,miata,2024-03-29 20:46:59+00:00,40.289351,-88.12616,-64.91923357459837,2198.0,7.898145313640697,rs8,14.872572339256498,30.431975685019996,15.559403345763497,1,14.872572339256498,36.946971062867036,22.074398723610535,-78.92951005359993,positive_cross,toward_S4,1.259449564425955
3,miata,2024-03-29 20:47:00+00:00,40.289278,-88.12616,-56.803324722155786,2199.0,8.11590885244258,rs8,22.877331581165286,28.876849089649532,5.999517508484246,1,22.877331581165286,28.876849089649532,5.999517508484246,-78.92951005359993,positive_cross,toward_S4,1.4097441728045212
3,miata,2024-03-29 20:47:01+00:00,40.2892,-88.126157,-48.13612183018012,2200.0,8.667202891975663,rs6,20.25400896094586,31.471419373709438,11.217410412763577,2,20.25400896094586,31.471419373709438,11.217410412763577,-27.632700444717127,positive_cross,toward_S4,1.6203070113803149
3,miata,2024-03-29 20:47:02+00:00,40.289116,-88.126154,-38.80185793676379,2201.0,9.334263893416335,rs6,11.072631048744052,33.354024376730486,22.281393327986436,2,11.072631048744052,40.768264588231645,29.695633539487595,-27.632700444717127,positive_cross,toward_S4,1.7931637501472841
3,miata,2024-03-29 20:47:03+00:00,40.289029,-88.126152,-29.13253349972266,2202.0,9.66932443704113,rs6,3.071338442035741,31.623630542900607,28.552292100864864,2,3.071338442035741,50.42089410609677,47.34955566406103,-27.632700444717127,positive_cross,toward_S4,1.9722253137961938
3,miata,2024-03-29 20:47:04+00:00,40.288944,-88.12615,-19.685562730120722,2203.0,9.446970769601936,rs6,8.931250691521926,32.73184394484197,23.800593253320045,2,8.931250691521926,45.49352941723971,36.56227872571779,-27.632700444717127,positive_cross,toward_S4,2.1471692169369705
3,miata,2024-03-29 20:47:05+00:00,40.288859,-88.126148,-10.238591960497041,2204.0,9.44697076962368,rs6,18.13626798626371,36.054277916638895,17.918009930375185,2,18.13626798626371,36.054277916638895,17.918009930375185,-27.632700444717127,positive_cross,toward_S4,2.3221131200781495
3,miata,2024-03-29 20:47:06+00:00,40.288773,-88.126146,-0.6804443567696568,2205.0,9.558147603727384,rs3,26.516168369062378,27.6226899558892,1.1065215868268226,3,26.516168369062378,27.6226899558892,1.1065215868268226,26.33125891160298,positive_cross,toward_S4,2.499783272807914
3,miata,2024-03-29 20:47:07+00:00,40.288688,-88.126145,8.768056455704135,2206.0,9.448500812473792,rs3,17.133907151797832,37.04464988344934,19.910742731651506,3,17.133907151797832,37.04464988344934,19.910742731651506,26.33125891160298,positive_cross,toward_S4,2.6747555100759475
3,miata,2024-03-29 20:47:08+00:00,40.288603,-88.126144,18.216557268199676,2207.0,9.44850081249554,rs3,7.925530501856111,36.43833442971701,28.5128039278609,3,7.925530501856111,46.47987564318804,38.55434514133193,26.33125891160298,positive_cross,toward_S4,2.8497277473443834
3,miata,2024-03-29 20:47:09+00:00,40.288518,-88.126146,27.66964820933252,2208.0,9.453090941132846,rs3,3.4974287157802357,35.35994148599667,31.862512770216437,3,3.4974287157802357,51.49067268581481,47.99324397003457,26.33125891160298,positive_cross,toward_S4,3.0247849869949914
3,miata,2024-03-29 20:47:10+00:00,40.288434,-88.126146,37.008502231386174,2209.0,9.338854022053653,rs3,11.701910724295605,36.895967448175035,25.19405672387943,3,11.701910724295605,42.16333705799364,30.461426333698032,26.33125891160298,positive_cross,toward_S4,3.1977267281441333
3,miata,2024-03-29 20:47:11+00:00,40.288355,-88.126146,45.791472085291154,2210.0,8.78296985390498,rs3,20.335187784917416,33.39919761467589,13.064009829758476,3,20.335187784917416,33.39919761467589,13.064009829758476,26.33125891160298,positive_cross,toward_S4,3.3603743180312624
3,miata,2024-03-29 20:47:12+00:00,40.288273,-88.126147,54.90950248358915,2211.0,9.118030398297996,rs1,24.32916658463756,29.401155530534872,5.0719889458973135,4,24.32916658463756,29.401155530534872,5.0719889458973135,80.2309515867141,positive_cross,toward_S4,3.5310842758680563
3,miata,2024-03-29 20:47:13+00:00,40.288198,-88.126149,63.25082508840295,2212.0,8.341322604813797,rs1,16.100547970035247,37.723932494678,21.623384524642756,4,16.100547970035247,37.723932494678,21.623384524642756,80.2309515867141,positive_cross,toward_S4,3.685553212994238
3,miata,2024-03-29 20:47:15+00:00,40.288134,-88.126152,70.37073256728921,2214.0,3.559953739443131,rs1,9.280761100391727,35.84734003281112,26.56657893241939,4,9.280761100391727,44.840316915571066,35.55955581517934,80.2309515867141,positive_cross,toward_S4,3.8174033514921315
3,miata,2024-03-29 20:47:16+00:00,40.288077,-88.126156,76.71393225345948,2215.0,6.343199686170266,rs1,4.264995600454903,34.19589469902991,29.930899098575004,4,4.264995600454903,51.187961830948986,46.92296623049408,80.2309515867141,positive_cross,toward_S4,3.9348700123471367
3,miata,2024-03-29 20:47:17+00:00,40.288027,-88.126161,82.28042414774723,2216.0,5.566491894287751,rs1,5.094752356050117,33.55249103394083,28.457738677890717,4,5.094752356050117,56.76540497289865,51.670652616848535,80.2309515867141,positive_cross,toward_S4,4.037953195574688
3,miata,2024-03-29 20:47:18+00:00,40.287987,-88.126166,86.73514770573763,2217.0,4.454723557990405,rs1,8.814983991352387,33.61651895091148,24.801534959559092,4,8.814983991352387,61.233629572815474,52.41864558146309,80.2309515867141,positive_cross,toward_S4,4.120448076278214
3,miata,2024-03-29 20:47:19+00:00,40.287953,-88.12619,90.55188107689612,2218.0,3.8167333711584917,rs1,13.108911762882297,32.530452126967965,19.42154036408567,4,13.108911762882297,65.1800544034414,52.0711426405591,80.2309515867141,positive_cross,toward_S4,4.19112832389226
3,miata,2024-03-29 20:47:20+00:00,40.287927,-88.126225,93.49603025083044,2219.0,2.9441491739343206,rs1,17.125640802313313,30.770759569769094,13.64511876745578,4,17.125640802313313,68.40958680714316,51.28394600482984,80.2309515867141,positive_cross,toward_S4,4.245649604891043
3,miata,2024-03-29 20:47:21+00:00,40.287911,-88.126268,95.34065143223224,2220.0,1.8446211814017914,rs1,20.71973806210255,28.33792240775955,7.618184345656999,4,20.71973806210255,70.76207325043183,50.042335188329275,80.2309515867141,positive_cross,toward_S4,4.279809256398484
3,miata,2024-03-29 20:47:22+00:00,40.287901,-88.126316,96.52586182657443,2221.0,1.1852103943421923,rs1,24.2737880358765,25.566788156051285,1.293000120174785,4,24.2737880358765,72.7145114761657,48.4407234402892,80.2309515867141,positive_cross,toward_S4,4.301757597034451
3,miata,2024-03-29 20:47:23+00:00,40.287896,-88.126364,97.15518805195623,2222.0,0.6293262253818028,rs2,22.843307868885507,27.653294144768036,4.80998627588253,4,22.843307868885507,72.43579905013075,49.59249118124525,80.2309515867141,negative_cross,toward_S4,4.313411786393373
3,miata,2024-03-29 20:47:24+00:00,40.287897,-88.126414,97.12051336243105,2223.0,-0.034674689525175495,rs2,19.94948267397794,30.960944743611282,11.011462069633343,4,19.94948267397794,71.45902670390628,51.509544029928335,80.2309515867141,negative_cross,ambiguous,4.312769662513277
3,miata,2024-03-29 20:47:25+00:00,40.287915,-88.126459,95.18818228745135,2224.0,-1.9323310749797002,rs2,16.151244122740508,33.17702529323281,17.0257811704923,4,16.151244122740508,68.8993508530837,52.748106730343196,80.2309515867141,negative_cross,toward_S1,4.276985753717357
3,miata,2024-03-29 20:47:26+00:00,40.287945,-88.126493,91.90489873712298,2225.0,-3.2832835503283775,rs2,11.83543844842948,34.416714602869135,22.581276154439657,4,11.83543844842948,65.26758710607368,53.4321486576442,80.2309515867141,negative_cross,toward_S1,4.216184206489054
3,miata,2024-03-29 20:47:27+00:00,40.287985,-88.126511,87.48536616527227,2226.0,-4.419532571850709,rs2,7.206177955462567,34.57224328595094,27.36606533048837,4,7.206177955462567,60.70906706840632,53.502889112943755,80.2309515867141,negative_cross,toward_S1,4.13434101071404
3,miata,2024-03-29 20:47:28+00:00,40.288029,-88.12651,82.59205544395614,2227.0,-4.893310721316126,rs2,4.0948878479845625,33.71224284056518,29.61735499258062,4,4.0948878479845625,55.83561564409196,51.74072779610739,80.2309515867141,negative_cross,toward_S1,4.043724145504482
3,miata,2024-03-29 20:47:29+00:00,40.288077,-88.126508,77.25250734572317,2228.0,-5.339548098232967,rs2,5.803656902712818,33.49537361696154,27.69171671424872,4,5.803656902712818,50.53080715693066,44.72715025421785,80.2309515867141,negative_cross,toward_S1,3.944843625166835
3,miata,2024-03-29 20:47:30+00:00,40.288132,-88.126507,71.13625145558596,2229.0,-6.116255890137211,rs2,11.058596807177594,34.39020164098602,23.331604833808427,4,11.058596807177594,44.45145805052431,33.392861243346715,80.2309515867141,negative_cross,toward_S1,3.831579627201331
3,miata,2024-03-29 20:47:31+00:00,40.288193,-88.126505,64.35140452030274,2230.0,-6.784846935283227,rs2,17.571998074385494,36.504748000509736,18.93274992612424,4,17.571998074385494,37.733238906353705,20.16124083196821,80.2309515867141,negative_cross,toward_S1,3.705934313584975
3,miata,2024-03-29 20:47:32+00:00,40.288262,-88.126501,56.67408283041767,2231.0,-7.677321689885069,rs2,25.141819582157844,30.19616179044575,5.054342208287906,4,25.141819582157844,30.19616179044575,5.054342208287906,80.2309515867141,negative_cross,toward_S1,3.563761689698214
3,miata,2024-03-29 20:47:33+00:00,40.288336,-88.126497,48.44087697315218,2232.0,-8.233205857265489,rs5,22.21741504196089,33.31364669320882,11.096231651247926,3,22.21741504196089,33.31364669320882,11.096231651247926,26.33125891160298,negative_cross,toward_S1,3.4094373715101702
3,miata,2024-03-29 20:47:34+00:00,40.288411,-88.126491,40.09343419603927,2233.0,-8.34744277711291,rs5,14.499232181245889,35.01704400217299,20.5178118209271,3,14.499232181245889,41.644004585415075,27.14477240416919,26.33125891160298,negative_cross,toward_S1,3.2548550978599313
3,miata,2024-03-29 20:47:35+00:00,40.288484,-88.126483,31.965285001368297,2234.0,-8.128149194670971,rs5,8.425838661358915,31.987114370221427,23.56127570886251,3,8.425838661358915,49.7834584749706,41.357619813611684,26.33125891160298,negative_cross,toward_S1,3.1043338164771357
3,miata,2024-03-29 20:47:36+00:00,40.288559,-88.126474,23.613252095639805,2235.0,-8.352032905728493,rs5,8.198697945008114,30.80268012423477,22.603982179226655,3,8.198697945008114,50.93168732693807,42.732989381929954,26.33125891160298,negative_cross,toward_S1,2.9496665404451266
3,miata,2024-03-29 20:47:37+00:00,40.288638,-88.126462,14.811921727229047,2236.0,-8.801330368410758,rs5,14.78552774832643,31.772666928304265,16.987139179977834,3,14.78552774832643,42.29726484700029,27.511737098673862,26.33125891160298,negative_cross,toward_S1,2.7866789410301123
3,miata,2024-03-29 20:47:38+00:00,40.288718,-88.126452,5.902474610458291,2237.0,-8.909447116770757,rs5,22.97695095630771,33.63172922124207,10.654778264934357,3,22.97695095630771,33.63172922124207,10.654778264934357,26.33125891160298,negative_cross,toward_S1,2.6216891796084316
3,miata,2024-03-29 20:47:39+00:00,40.2888,-88.126444,-3.2262660871745013,2238.0,-9.128740697632793,rs7,24.897299849296694,31.732654816554636,6.835354967257942,2,24.897299849296694,31.732654816554636,6.835354967257942,-27.632700444717127,negative_cross,toward_S1,2.45197100662116
3,miata,2024-03-29 20:47:40+00:00,40.288882,-88.126437,-12.353476741957179,2239.0,-9.127210654782678,rs7,16.57360680186641,31.16583314525714,14.592226343390728,2,16.57360680186641,40.638148280670215,24.064541478803804,-27.632700444717127,negative_cross,toward_S1,2.282948587088147
3,miata,2024-03-29 20:47:41+00:00,40.288964,-88.126433,-21.4760972680808,2240.0,-9.12262052612362,rs7,9.620810257167706,27.4848363141331,17.864026056965393,2,9.620810257167706,49.57190298608113,39.95109272891342,-27.632700444717127,negative_cross,toward_S1,2.1140111699377098
3,miata,2024-03-29 20:47:42+00:00,40.289048,-88.126429,-30.821071461643616,2241.0,-9.344974193562816,rs7,8.865877345705483,26.597729335717457,17.731851990011975,2,8.865877345705483,47.804589005134545,38.93871165942906,-27.632700444717127,negative_cross,toward_S1,1.9409560922791391
3,miata,2024-03-29 20:47:43+00:00,40.289132,-88.126429,-40.15992548369726,2242.0,-9.338854022053642,rs7,15.292434643443718,29.190640050257386,13.898205406813668,2,15.292434643443718,38.507361035564564,23.214926392120844,-27.632700444717127,negative_cross,toward_S1,1.7680143511299975
3,miata,2024-03-29 20:47:44+00:00,40.289215,-88.126428,-49.38913271451905,2243.0,-9.229207230821793,rs7,23.666914153372726,29.36177264195712,5.694858488584394,2,23.666914153372726,29.36177264195712,5.694858488584394,-27.632700444717127,negative_cross,toward_S1,1.5971031061147791
3,miata,2024-03-29 20:47:45+00:00,40.289379,-88.126427,-67.6236634666633,2244.0,-18.234530752144252,rs10,11.666428657419264,28.166317695918384,16.49988903849912,1,11.666428657419264,41.28673640501133,29.62030774759207,-78.92951005359993,negative_cross,toward_S1,1.2093675293877153
3,miata,2024-03-29 20:47:46+00:00,40.289453,-88.126428,-75.8492191103377,2245.0,-8.225555643674397,rs10,5.032284951328971,26.023818207553983,20.99153325622501,1,5.032284951328971,49.36459801399614,44.33231306266717,-78.92951005359993,negative_cross,toward_S1,1.0570424248752264
3,miata,2024-03-29 20:47:47+00:00,40.289521,-88.126429,-83.40771375175977,2246.0,-7.558494641422072,rs10,6.552562285749855,26.27502361151158,19.722461325761724,1,6.552562285749855,56.82532874351315,50.27276645776329,-78.92951005359993,negative_cross,toward_S1,0.9170703018859288
3,miata,2024-03-29 20:47:48+00:00,40.289582,-88.126429,-90.18950060127753,2247.0,-6.781786849517758,rs10,12.519471398748223,28.20592785503297,15.686456456284748,1,12.519471398748223,63.54843656745314,51.028965168704914,-78.92951005359993,negative_cross,toward_S1,0.7914816565244889
3,miata,2024-03-29 20:47:49+00:00,40.289631,-88.126429,-95.63716544708052,2248.0,-5.44766484580299,rs10,17.743518783737805,30.76944229943954,13.025923515701734,1,17.743518783737805,68.95771988684426,51.214201103106454,-78.92951005359993,negative_cross,toward_S1,0.6905989741948038
3,miata,2024-03-29 20:47:50+00:00,40.289669,-88.126423,-99.87106538131528,2249.0,-4.233899934234756,rs10,21.97531594062554,32.844822386971124,10.869506446345586,1,21.97531594062554,73.21485454667916,51.23953860605363,-78.92951005359993,negative_cross,toward_S1,0.6121934198571232
3,miata,2024-03-29 20:47:51+00:00,40.289698,-88.126396,-103.13650471296245,2250.0,-3.2654393316471726,rs10,25.666047070512285,33.35235661296784,7.686309542455554,1,25.666047070512285,76.71046255415118,51.04441548363889,-78.92951005359993,negative_cross,toward_S1,0.5517223211229163
3,miata,2024-03-29 20:47:52+00:00,40.289716,-88.126358,-105.19582934663248,2251.0,-2.0593246336700304,rs10,28.58987848465021,32.77272404396806,4.182845559317851,1,28.58987848465021,79.2031410495298,50.61326256487959,-78.92951005359993,negative_cross,toward_S1,0.5135866797586565
3,miata,2024-03-29 20:47:53+00:00,40.289725,-88.126317,-106.25915260672443,2252.0,-1.0633232600919484,rs10,30.908332205611384,31.63782470088495,0.7294924952735649,1,30.908332205611384,80.17525953232227,49.266927326710885,-78.92951005359993,negative_cross,toward_S1,0.49389550827547224
3,miata,2024-03-29 20:47:54+00:00,40.289724,-88.126274,-106.21376761707452,2253.0,0.04538498964990367,rs8,29.808286118602577,32.600196662887534,2.7919105442849563,1,29.808286118602577,79.37583374706055,49.56754762845797,-78.92951005359993,positive_cross,ambiguous,0.4947359710467667
3,miata,2024-03-29 20:47:55+00:00,40.289713,-88.12623,-105.05814433397737,2254.0,1.1556232830971567,rs8,27.253960991485133,33.772611950776394,6.518650959291261,1,27.253960991485133,77.6233706320921,50.369409640606975,-78.92951005359993,positive_cross,toward_S4,0.5161364022152326
3,miata,2024-03-29 20:47:56+00:00,40.289691,-88.126191,-102.67192566690989,2255.0,2.3862186670674816,rs8,23.960903674114427,34.18149297078445,10.22058929667002,1,23.960903674114427,74.84789862803757,50.88699495392314,-78.92951005359993,positive_cross,toward_S4,0.5603256367905562
3,miata,2024-03-29 20:47:57+00:00,40.289651,-88.126169,-98.25851326656836,2256.0,4.413412400341528,rs8,19.209633284972547,32.713611497142466,13.503978212169919,1,19.209633284972547,70.27476925101594,51.06513596604339,-78.92951005359993,positive_cross,toward_S4,0.6420554960561402
3,miata,2024-03-29 20:47:58+00:00,40.289602,-88.126162,-92.82155872091185,2257.0,5.436954545656505,rs8,13.760637254488632,30.322112844365808,16.561475589877176,1,13.760637254488632,64.79882816253009,51.03819090804146,-78.92951005359993,positive_cross,toward_S4,0.7427398394942236
3,miata,2024-03-29 20:47:59+00:00,40.289546,-88.126163,-86.59412599664915,2258.0,6.227432724262698,rs8,7.884426322019156,27.914617466117967,20.03019114409881,1,7.884426322019156,58.58732284878945,50.70289652677029,-78.92951005359993,positive_cross,toward_S4,0.8580626677213106
3,miata,2024-03-29 20:48:00+00:00,40.289479,-88.126164,-79.14374810279716,2259.0,7.450377893851993,rs8,3.44173681287806,26.727182554414846,23.285445741536787,1,3.44173681287806,51.16008615236706,47.718349339488995,-78.92951005359993,positive_cross,toward_S4,0.9960326287185697
3,miata,2024-03-29 20:48:01+00:00,40.289403,-88.126168,-70.6881885781142,2260.0,8.455559524682968,rs8,9.539865634991022,27.610183135889077,18.070317500898057,1,9.539865634991022,42.76949352723912,33.2296278922481,-78.92951005359993,positive_cross,toward_S4,1.1526170643608469
3,miata,2024-03-29 20:48:02+00:00,40.289321,-88.12617,-61.56862813773429,2261.0,9.119560440379907,rs8,18.313318516466865,31.38302102563479,13.069702509167925,1,18.313318516466865,33.72891457947765,15.415596063010788,-78.92951005359993,positive_cross,toward_S4,1.3214978132567712
3,miata,2024-03-29 20:48:03+00:00,40.289237,-88.126169,-52.2313041585525,2262.0,9.33732397918179,rs6,24.48313506582615,27.499308632032808,3.016173566206657,2,24.48313506582615,27.499308632032808,3.016173566206657,-27.632700444717127,positive_cross,toward_S4,1.5444703015956414
3,miata,2024-03-29 20:48:05+00:00,40.289153,-88.126167,-42.89551022226432,2264.0,4.667896968144088,rs6,15.332576795790771,33.963632491644155,18.631055695853384,2,15.332576795790771,36.75612171393532,21.42354491814455,-27.632700444717127,positive_cross,toward_S4,1.7173553744898669
3,miata,2024-03-29 20:48:06+00:00,40.289068,-88.126163,-33.45159953838435,2265.0,9.44391068387997,rs6,6.547301871496201,31.209022122266635,24.661720250770436,2,6.547301871496201,46.14669256653785,39.59939069504165,-27.632700444717127,positive_cross,toward_S4,1.892242609376533
3,miata,2024-03-29 20:48:07+00:00,40.288984,-88.126159,-24.118865687839882,2266.0,9.332733850544468,rs6,5.3599461465892375,31.187924492648246,25.82797834605901,2,5.3599461465892375,49.98735141838633,44.627405271797095,-27.632700444717127,positive_cross,toward_S4,2.065071014016245
3,miata,2024-03-29 20:48:08+00:00,40.288901,-88.126156,-14.89577862852726,2267.0,9.223087059312622,rs6,13.67420891773613,33.734766392280214,20.060557474544083,2,13.67420891773613,40.767338776375176,27.093129858639045,-27.632700444717127,positive_cross,toward_S4,2.2358689225220347
3,miata,2024-03-29 20:48:09+00:00,40.288819,-88.126154,-5.782338358844828,2268.0,9.113440269682432,rs6,22.612863354009527,31.676208949356646,9.06334559534712,2,22.612863354009527,31.676208949356646,9.06334559534712,-27.632700444717127,positive_cross,toward_S4,2.404636334923561
3,miata,2024-03-29 20:48:10+00:00,40.288737,-88.126151,3.3295718671540446,2269.0,9.111910225998873,rs3,22.597556115125293,31.64866443652629,9.051108321400996,3,22.597556115125293,31.64866443652629,9.051108321400996,26.33125891160298,positive_cross,toward_S4,2.5740428325102047
3,miata,2024-03-29 20:48:11+00:00,40.288654,-88.12615,12.555719012232124,2270.0,9.22614714507808,rs3,13.510857505394377,37.64188922439659,24.131031719002216,3,13.510857505394377,40.84593681976382,27.335079314369445,26.33125891160298,positive_cross,toward_S4,2.74489740927091
3,miata,2024-03-29 20:48:12+00:00,40.288568,-88.12615,22.11692670170322,2271.0,9.561207689471097,rs3,4.790983498216677,35.26017191124625,30.469188413029578,3,4.790983498216677,50.39382771323257,45.60284421501589,26.33125891160298,positive_cross,toward_S4,2.921956810927782
3,miata,2024-03-29 20:48:13+00:00,40.28848,-88.126149,31.898958014929963,2272.0,9.782031313226742,rs3,6.967404222604158,35.51034861745335,28.542944394849194,3,6.967404222604158,47.28560725364302,40.31820303103886,26.33125891160298,positive_cross,toward_S4,3.1031055389504996
3,miata,2024-03-29 20:48:14+00:00,40.288393,-88.126147,41.5682824519711,2273.0,9.669324437041137,rs3,16.17708966489485,37.61971614406952,21.44262647917467,3,16.17708966489485,37.61971614406952,21.44262647917467,26.33125891160298,positive_cross,toward_S4,3.2821671025994097
3,miata,2024-03-29 20:48:15+00:00,40.288308,-88.126143,51.01219313582932,2274.0,9.44391068385822,rs3,25.493887610259694,28.168587487578986,2.6746998773192914,3,25.493887610259694,28.168587487578986,2.6746998773192914,26.33125891160298,positive_cross,toward_S4,3.457054337485673
3,miata,2024-03-29 20:48:16+00:00,40.288228,-88.126142,59.904809780966154,2275.0,8.892616645136833,rs1,19.308899545757765,34.35088650475546,15.041986958997693,4,19.308899545757765,34.35088650475546,15.041986958997693,80.2309515867141,positive_cross,toward_S4,3.6235899665602234
3,miata,2024-03-29 20:48:17+00:00,40.288154,-88.126144,68.1349555524662,2276.0,8.230145771500041,rs1,11.222077574987667,37.19608325436267,25.974005679375004,4,11.222077574987667,42.57403899117328,31.351961416185617,80.2309515867141,positive_cross,toward_S4,3.7760000734398536
3,miata,2024-03-29 20:48:18+00:00,40.288085,-88.126149,75.81380728445488,2277.0,7.678851731988686,rs1,4.397529920048681,34.90227324006582,30.504743320017134,4,4.397529920048681,50.26015349369004,45.86262357364136,80.2309515867141,positive_cross,toward_S4,3.918201031439644
3,miata,2024-03-29 20:48:19+00:00,40.288023,-88.126156,82.71748126741113,2278.0,6.903673982956249,rs1,5.079957613702526,33.99802231976652,28.918064706063994,4,5.079957613702526,57.179998287182215,52.10004067347969,80.2309515867141,positive_cross,toward_S4,4.046046845938834
3,miata,2024-03-29 20:48:20+00:00,40.287973,-88.126165,88.29009333320805,2279.0,5.572612065796918,rs1,10.158129192349755,34.00651658508325,23.848387392733493,4,10.158129192349755,62.78046216532766,52.62233297297791,80.2309515867141,positive_cross,toward_S4,4.149243365675814
3,miata,2024-03-29 20:48:21+00:00,40.287932,-88.126193,92.89118471144182,2280.0,4.601091378233775,rs1,15.297069745351845,33.06193760980683,17.764867864454988,4,15.297069745351845,67.52957794417928,52.23250819882743,80.2309515867141,positive_cross,toward_S4,4.234448761569032
3,miata,2024-03-29 20:48:22+00:00,40.287905,-88.126235,95.9572210187929,2281.0,3.0660363073510695,rs1,19.64696415064395,31.102005278162583,11.455041127518633,4,19.64696415064395,70.95294325526194,51.30597910461799,80.2309515867141,positive_cross,toward_S4,4.291227211705163
3,miata,2024-03-29 20:48:23+00:00,40.28789,-88.126282,97.69678553841186,2282.0,1.7395645196189662,rs1,23.288605611701087,28.61488487578671,5.326279264085624,4,23.288605611701087,73.2822404965189,49.99363488481781,80.2309515867141,positive_cross,toward_S4,4.323441369475884
3,miata,2024-03-29 20:48:24+00:00,40.287879,-88.126328,98.99011268030235,2283.0,1.2933271418904866,rs2,26.35930439047103,26.745352097656383,0.38604770718535164,4,26.35930439047103,75.02768148106877,48.66837709059774,80.2309515867141,negative_cross,toward_S4,4.347391872103486
3,miata,2024-03-29 20:48:25+00:00,40.287881,-88.126381,98.84885128528902,2284.0,-0.14126139501333057,rs2,23.088338007881333,29.83249554393185,6.7441575360505155,4,23.088338007881333,73.74487169057717,50.65653368269584,80.2309515867141,negative_cross,ambiguous,4.34477592034398
3,miata,2024-03-29 20:48:26+00:00,40.287896,-88.126434,97.26229105326892,2285.0,-1.5865602320200907,rs2,19.06549578663351,32.43027590870668,13.364780122073174,4,19.06549578663351,71.28935927396137,52.22386348732786,80.2309515867141,negative_cross,toward_S1,4.315395175306571
3,miata,2024-03-29 20:48:27+00:00,40.28792,-88.126474,94.6552487624458,2286.0,-2.6070422908231308,rs2,15.045619881963665,34.05434777474075,19.00872789277708,4,15.045619881963665,68.19596079534709,53.150340913383424,80.2309515867141,negative_cross,toward_S1,4.267116614365402
3,miata,2024-03-29 20:48:28+00:00,40.287959,-88.126499,90.35760332403359,2287.0,-4.297645438412204,rs2,10.2194818620437,34.373962354493635,24.154480492449935,4,10.2194818620437,63.67184858152146,53.45236671947776,80.2309515867141,negative_cross,toward_S1,4.187530587728139
3,miata,2024-03-29 20:48:29+00:00,40.288001,-88.126502,85.6927664416441,2288.0,-4.664836882389494,rs2,6.307848524142407,33.46022470969349,27.152376185551084,4,6.307848524142407,58.995728283924144,52.68787975978174,80.2309515867141,negative_cross,toward_S1,4.101144719535741
3,miata,2024-03-29 20:48:30+00:00,40.28804,-88.126501,81.3553398884766,2289.0,-4.337426553167489,rs2,4.674907933182379,32.86401431127979,28.18910637809741,4,4.674907933182379,54.68368422215437,50.00877628897199,80.2309515867141,negative_cross,toward_S1,4.020822005588195
3,miata,2024-03-29 20:48:31+00:00,40.288084,-88.1265,76.4620291679287,2290.0,-4.893310720547902,rs2,6.834831574029107,32.88373225990734,26.048900685878234,4,6.834831574029107,49.82320263909737,42.98837106506826,80.2309515867141,negative_cross,toward_S1,3.930205140392863
3,miata,2024-03-29 20:48:32+00:00,40.288134,-88.126501,70.90471753091559,2291.0,-5.557311637013115,rs2,11.462988906277658,33.95349190161473,22.490502995337074,4,11.462988906277658,44.28735119027882,32.82436228400116,80.2309515867141,negative_cross,toward_S1,3.8272919619296575
3,miata,2024-03-29 20:48:33+00:00,40.288188,-88.1265,64.89963847407037,2292.0,-6.005079056845219,rs2,17.146495702076976,35.888279254379334,18.74178355230236,4,17.146495702076976,38.34113583803029,21.194640135953314,80.2309515867141,negative_cross,toward_S1,3.7160867942103013
3,miata,2024-03-29 20:48:34+00:00,40.28825,-88.126497,58.00208466262328,2293.0,-6.897553811447089,rs2,23.900561543267038,31.569613496211637,7.669051952944599,4,23.900561543267038,31.569613496211637,7.669051952944599,80.2309515867141,negative_cross,toward_S1,3.5883543162205402
3,miata,2024-03-29 20:48:35+00:00,40.288317,-88.126495,50.550176725899405,2294.0,-7.451907936723877,rs5,24.308712513195097,31.253739344341252,6.945026831146155,3,24.308712513195097,31.253739344341252,6.945026831146155,26.33125891160298,negative_cross,toward_S1,3.4484984780425263
3,miata,2024-03-29 20:48:36+00:00,40.288387,-88.126491,42.76167820267886,2295.0,-7.788498523220547,rs5,16.960606810722254,36.160024910208165,19.19941809948591,3,16.960606810722254,38.99976304098527,22.039156230263018,26.33125891160298,negative_cross,toward_S1,3.3042670239088126
3,miata,2024-03-29 20:48:37+00:00,40.288459,-88.126486,34.749295969169,2296.0,-8.012382233509861,rs5,10.170587230413085,32.850464632769906,22.679877402356823,3,10.170587230413085,46.99284698820145,36.822259757788366,26.33125891160298,negative_cross,toward_S1,3.1558895751401113
3,miata,2024-03-29 20:48:38+00:00,40.28853,-88.126475,26.838910312509963,2297.0,-7.9103856566590345,rs5,7.424080760044559,30.78834836546008,23.36426760541552,3,7.424080760044559,54.13996191313758,46.71588115309302,26.33125891160298,negative_cross,toward_S1,3.0094009518686478
3,miata,2024-03-29 20:48:39+00:00,40.288608,-88.126463,18.148756777412945,2298.0,-8.690153535097018,rs5,12.152982101028527,30.82154675304229,18.668564652013764,3,12.152982101028527,45.60004996995603,33.447067868927505,26.33125891160298,negative_cross,toward_S1,2.8484721827001844
3,miata,2024-03-29 20:48:40+00:00,40.288688,-88.126453,9.239309661432152,2299.0,-8.909447115980793,rs5,19.93733239943617,33.494425986045826,13.557093586609657,3,19.93733239943617,36.90356293056498,16.96623053112881,26.33125891160298,negative_cross,toward_S1,2.683482421293133
3,miata,2024-03-29 20:48:41+00:00,40.288769,-88.126443,0.21868571134765075,2300.0,-9.020623950084502,rs7,28.250082290679995,28.513289715966593,0.26320742528659835,2,28.250082290679995,28.513289715966593,0.26320742528659835,-27.632700444717127,negative_cross,toward_S1,2.5157664102974957
3,miata,2024-03-29 20:48:42+00:00,40.288852,-88.126433,-9.024291905342606,2301.0,-9.242977616690256,rs7,19.74605636438223,32.66338988244947,12.917333518067242,2,19.74605636438223,37.5261030522729,17.78004668789067,-27.632700444717127,negative_cross,toward_S1,2.3446001581365654
3,miata,2024-03-29 20:48:43+00:00,40.288937,-88.126427,-18.48350301796289,2302.0,-9.459211112620283,rs7,11.99980135152469,27.841126558876745,15.841325207352055,2,11.99980135152469,46.77074973297638,34.77094838145169,-27.632700444717127,negative_cross,toward_S1,2.1694295819769303
3,miata,2024-03-29 20:48:44+00:00,40.289024,-88.126425,-28.158947626513193,2303.0,-9.675444608550304,rs7,8.480260105189739,26.083686062871873,17.603425957682134,2,8.480260105189739,50.49370671281109,42.01344660762135,-27.632700444717127,negative_cross,toward_S1,1.9902546818185913
3,miata,2024-03-29 20:48:45+00:00,40.289113,-88.126425,-38.0536858167155,2304.0,-9.894738190202307,rs7,13.750126314324955,28.04065571849198,14.290529404167025,2,13.750126314324955,40.645319378719954,26.895193064395,-27.632700444717127,negative_cross,toward_S1,1.8070187894074374
3,miata,2024-03-29 20:48:46+00:00,40.289199,-88.126425,-47.6148935061866,2305.0,-9.561207689471097,rs7,22.10104690940877,31.15947467225122,9.058427762842452,2,22.10104690940877,31.15947467225122,9.058427762842452,-27.632700444717127,negative_cross,toward_S1,1.6299593877505654
3,miata,2024-03-29 20:48:47+00:00,40.289283,-88.126425,-56.95374752745028,2306.0,-9.338854021263685,rs10,21.961013235385764,30.944242822924814,8.98322958753905,1,21.961013235385764,30.944242822924814,8.98322958753905,-78.92951005359993,negative_cross,toward_S1,1.4069585652990675
3,miata,2024-03-29 20:48:48+00:00,40.289365,-88.126425,-66.07024788208648,2307.0,-9.116500354636194,rs10,13.179204795784585,28.682206923554773,15.503002127770188,1,13.179204795784585,39.79780612329497,26.618601327510383,-78.92951005359993,negative_cross,toward_S1,1.2381344846576565
3,miata,2024-03-29 20:48:49+00:00,40.289444,-88.126425,-74.85321773678143,2308.0,-8.782969854694954,rs10,5.808388759788057,25.91471788434399,20.106329124555934,1,5.808388759788057,48.421286835779426,42.61289807599137,-78.92951005359993,negative_cross,toward_S1,1.075486894755898
3,miata,2024-03-29 20:48:50+00:00,40.289514,-88.126425,-82.63559608770284,2309.0,-7.782378350921405,rs10,6.225761459482864,25.820967767708048,19.595206308225183,1,6.225761459482864,56.104731993090155,49.878970533607294,-78.92951005359993,negative_cross,toward_S1,0.9313687771462424
3,miata,2024-03-29 20:48:51+00:00,40.289571,-88.126426,-88.97114556030377,2310.0,-6.335549472600931,rs10,11.473259002761722,27.507725995831443,16.03446699306972,1,11.473259002761722,62.36860997560221,50.89535097284049,-78.92951005359993,negative_cross,toward_S1,0.8140437869128918
3,miata,2024-03-29 20:48:52+00:00,40.289613,-88.126423,-93.64516269994618,2311.0,-4.674017139642416,rs10,15.950908350764857,29.295011137441623,13.344102786676766,1,15.950908350764857,67.03323151912866,51.08232316836381,-78.92951005359993,negative_cross,toward_S1,0.7274879139565509
3,miata,2024-03-29 20:48:53+00:00,40.28965,-88.126392,-97.8061368719824,2312.0,-4.160974172036219,rs10,20.7027982940236,29.47106575602862,8.768267462005017,1,20.7027982940236,71.4821443988347,50.779346104811104,-78.92951005359993,negative_cross,toward_S1,0.6504328366966208
3,miata,2024-03-29 20:48:54+00:00,40.289673,-88.126351,-100.42593580241663,2313.0,-2.6197989304342286,rs10,24.44514058956203,28.71384130083961,4.268700711277582,1,24.44514058956203,74.6165316488402,50.171391059278164,-78.92951005359993,negative_cross,toward_S1,0.6019180416885795
3,miata,2024-03-29 20:48:55+00:00,40.289685,-88.126303,-101.83349986338628,2314.0,-1.4075640609696478,rs8,27.248516089987696,27.6196217834915,0.37110569350380374,1,27.248516089987696,75.57607409848859,48.327558008500894,-78.92951005359993,positive_cross,toward_S1,0.575852040559512
3,miata,2024-03-29 20:48:56+00:00,40.28968,-88.126251,-101.35717792476993,2315.0,0.4763219386163513,rs8,24.552313593532972,29.808183962036612,5.25587036850364,1,24.552313593532972,74.23276781992442,49.68045422639145,-78.92951005359993,positive_cross,ambiguous,0.5846728172005555
3,miata,2024-03-29 20:48:57+00:00,40.289663,-88.126201,-99.54367389748504,2316.0,1.8135040272848926,rs8,21.197044371258038,31.439642527954366,10.242598156696328,1,21.197044371258038,71.82344319371981,50.62639882246177,-78.92951005359993,positive_cross,toward_S4,0.6182562251132387
3,miata,2024-03-29 20:48:58+00:00,40.289629,-88.126167,-95.81568301311167,2317.0,3.7279908843733693,rs8,16.781462510292513,31.462966197170232,14.681503686877718,1,16.781462510292513,67.82197824175898,51.04051573146647,-78.92951005359993,positive_cross,toward_S4,0.6872930933423752
3,miata,2024-03-29 20:48:59+00:00,40.289584,-88.126152,-90.83567614447502,2318.0,4.98000686863665,rs8,11.619896155663858,30.22785926173996,18.607963106076106,1,11.619896155663858,62.75507098293565,51.13517482727179,-78.92951005359993,positive_cross,toward_S4,0.7795154427615725
3,miata,2024-03-29 20:49:00+00:00,40.289537,-88.126154,-85.60730488034575,2319.0,5.228371264129265,rs8,6.659436663246264,28.39346170354496,21.734025040298697,1,6.659436663246264,57.542460539378204,50.88302387613194,-78.92951005359993,positive_cross,toward_S4,0.8763371328380403
3,miata,2024-03-29 20:49:01+00:00,40.289487,-88.126154,-80.04846320043909,2320.0,5.558841679906664,rs8,2.6432513605660177,27.60029466438405,24.957043303818033,1,2.6432513605660177,51.99001538051669,49.34676401995067,-78.92951005359993,positive_cross,toward_S4,0.9792786454289044
3,miata,2024-03-29 20:49:02+00:00,40.289428,-88.126154,-73.48903001833877,2321.0,6.559433182100321,rs8,6.516152784993285,28.087888082653155,21.57173529765987,1,6.516152784993285,45.440921067815864,38.924768282822576,-78.92951005359993,positive_cross,toward_S4,1.100749630282614
3,miata,2024-03-29 20:49:03+00:00,40.289362,-88.126154,-66.15135900067237,2322.0,7.337671017666395,rs8,13.572238292542902,30.354034863434613,16.78179657089171,1,13.572238292542902,38.12022044694374,24.547982154400838,-78.92951005359993,positive_cross,toward_S4,1.2366324269060658
3,miata,2024-03-29 20:49:04+00:00,40.289291,-88.126153,-58.2593338585191,2323.0,7.8920251421532726,rs8,21.36807249542547,30.247330703951945,8.879258208526476,1,21.36807249542547,30.247330703951945,8.879258208526476,-78.92951005359993,positive_cross,toward_S4,1.382781040649645
3,miata,2024-03-29 20:49:05+00:00,40.289216,-88.126152,-49.922601382320885,2324.0,8.336732476198215,rs6,21.950765541874347,29.66198943490773,7.7112238930333845,2,21.950765541874347,29.66198943490773,7.7112238930333845,-27.632700444717127,positive_cross,toward_S4,1.5872240567110416
3,miata,2024-03-29 20:49:06+00:00,40.28914,-88.126151,-41.474692072040696,2325.0,8.447909310280188,rs6,13.601144339283149,34.57560174491439,20.974457405631238,2,13.601144339283149,38.08817235956899,24.487028020285845,-27.632700444717127,positive_cross,toward_S4,1.7436668217162303
3,miata,2024-03-29 20:49:07+00:00,40.289061,-88.126152,-32.69019217445216,2326.0,8.784499897588539,rs6,5.3768475317646,31.993263384556062,26.616415852791462,2,5.3768475317646,46.86602622430744,41.489178692542836,-27.632700444717127,positive_cross,toward_S4,1.9063427457456477
3,miata,2024-03-29 20:49:08+00:00,40.288979,-88.126151,-23.57522186270957,2327.0,9.114970311742589,rs6,5.406848826764572,31.928065171923357,26.521216345158784,2,5.406848826764572,49.383112032547245,43.97626320578267,-27.632700444717127,positive_cross,toward_S4,2.0751384922593994
3,miata,2024-03-29 20:49:09+00:00,40.288896,-88.12615,-14.349074717631487,2328.0,9.226147145078082,rs6,14.10697612085428,34.41739192785775,20.31041580700347,2,14.10697612085428,40.169710596703275,26.062734475848995,-27.632700444717127,positive_cross,toward_S4,2.2459930690201046
3,miata,2024-03-29 20:49:10+00:00,40.288811,-88.126148,-4.90210394800781,2329.0,9.446970769623675,rs6,23.43317209264458,30.737683518115492,7.304511425470913,2,23.43317209264458,30.737683518115492,7.304511425470913,-27.632700444717127,positive_cross,toward_S4,2.4209369721612837
3,miata,2024-03-29 20:49:11+00:00,40.288723,-88.126145,4.87686728024343,2330.0,9.77897122825124,rs3,20.984666693554352,33.1603005436635,12.17563385010915,3,20.984666693554352,33.1603005436635,12.17563385010915,26.33125891160298,positive_cross,toward_S4,2.6026964512711195
3,miata,2024-03-29 20:49:12+00:00,40.288639,-88.126143,14.2126612157634,2331.0,9.33579393551997,rs3,11.75056442339472,37.62146942856479,25.870905005170066,3,11.75056442339472,42.476428588988746,30.725864165594025,26.33125891160298,positive_cross,toward_S4,2.775581524151119
3,miata,2024-03-29 20:49:13+00:00,40.288555,-88.126142,23.54998519494519,2332.0,9.33732397918179,rs3,3.2952202784232147,35.79000968593101,32.494789407507795,3,3.2952202784232147,51.806118160143825,48.51089788172061,26.33125891160298,positive_cross,toward_S4,2.9484949311730038
3,miata,2024-03-29 20:49:14+00:00,40.288469,-88.126142,33.11119288441629,2333.0,9.5612076894711,rs3,7.869384235987516,36.303598132385375,28.434213896397857,3,7.869384235987516,46.030317193608845,38.16093295762133,26.33125891160298,positive_cross,toward_S4,3.1255543328298763
3,miata,2024-03-29 20:49:15+00:00,40.288383,-88.126143,42.67393061596929,2334.0,9.562737731553,rs3,17.217096762290076,36.48629460793314,19.269197845643063,3,17.217096762290076,36.48629460793314,19.269197845643063,26.33125891160298,positive_cross,toward_S4,3.302642068599376
3,miata,2024-03-29 20:49:16+00:00,40.288297,-88.126145,52.23819839118409,2335.0,9.564267775214802,rs3,26.72836146788397,26.965833384568025,0.2374719166840542,3,26.72836146788397,26.965833384568025,0.2374719166840542,26.33125891160298,positive_cross,toward_S4,3.4797581385107614
3,miata,2024-03-29 20:49:17+00:00,40.288214,-88.126147,61.4689356648995,2336.0,9.230737273715405,rs1,17.82569529901586,35.93637918323038,18.11068388421452,4,17.82569529901586,35.93637918323038,18.11068388421452,80.2309515867141,positive_cross,toward_S4,3.652555260707137
3,miata,2024-03-29 20:49:18+00:00,40.288137,-88.12615,70.03414198079255,2337.0,8.565206315893057,rs1,9.539197584851793,36.10806424973569,26.5688666648839,4,9.539197584851793,44.49504011655558,34.95584253170379,80.2309515867141,positive_cross,toward_S4,3.811170192482934
3,miata,2024-03-29 20:49:19+00:00,40.288071,-88.126153,77.37640312630634,2338.0,7.342261145513788,rs1,3.7057875478328115,34.375026065113175,30.669238517280363,4,3.7057875478328115,51.83596205600574,48.13017450817293,80.2309515867141,positive_cross,toward_S4,3.9471379914739306
3,miata,2024-03-29 20:49:20+00:00,40.288013,-88.126155,83.82771956083661,2339.0,6.45131643453027,rs1,5.877017678313913,34.16213900308888,28.28512132477497,4,5.877017678313913,58.28460760101164,52.40758992269773,80.2309515867141,positive_cross,toward_S4,4.066606814335602
3,miata,2024-03-29 20:49:21+00:00,40.287966,-88.126157,89.05609082577755,2340.0,5.228371264940932,rs1,10.617299669590997,34.84454566866472,24.227245999073723,4,10.617299669590997,63.512854389202126,52.89555471961113,80.2309515867141,positive_cross,toward_S4,4.163428504427101
3,miata,2024-03-29 20:49:22+00:00,40.287931,-88.126169,92.96564051574403,2341.0,3.9095496899664823,rs1,14.62847065925615,35.00544432439235,20.376973665136198,4,14.62847065925615,67.4642771611179,52.835806501861754,80.2309515867141,positive_cross,toward_S4,4.235827572759813
3,miata,2024-03-29 20:49:23+00:00,40.287905,-88.126205,95.91131973252845,2342.0,2.945679216784427,rs1,18.447417267153565,33.3541520412374,14.906734774083834,4,18.447417267153565,70.62407997612472,52.17666270897115,80.2309515867141,positive_cross,toward_S4,4.290377187885451
3,miata,2024-03-29 20:49:24+00:00,40.287886,-88.12625,98.09253150042693,2343.0,2.181211767898475,rs1,22.113835856112132,31.104586997005743,8.990751140893611,4,22.113835856112132,73.23635664497613,51.122520788863994,80.2309515867141,positive_cross,toward_S4,4.330769998402089
3,miata,2024-03-29 20:49:25+00:00,40.287879,-88.126298,98.94421139403791,2344.0,0.851679893610978,rs1,25.088847540631367,28.280914529834778,3.1920669892034113,4,25.088847540631367,74.75667780120166,49.6678302605703,80.2309515867141,positive_cross,toward_S4,4.346541848283774
3,miata,2024-03-29 20:49:26+00:00,40.28788,-88.126351,98.91412683233833,2345.0,-0.030084561699581513,rs2,24.882148612598,28.027806138441548,3.1456575258435464,4,24.882148612598,74.42601142456903,49.543862811971024,80.2309515867141,negative_cross,ambiguous,4.345984726770819
3,miata,2024-03-29 20:49:27+00:00,40.287894,-88.126405,97.44027347729381,2346.0,-1.4738533550445112,rs2,20.680805945366888,30.5320909231394,9.851284977772512,4,20.680805945366888,71.92544752807326,51.24464158270638,80.2309515867141,negative_cross,toward_S1,4.3186911461218465
3,miata,2024-03-29 20:49:28+00:00,40.287911,-88.126451,95.6206492784997,2347.0,-1.8196241987941164,rs2,16.88390678330154,32.79613126437137,15.912224481069828,4,16.88390678330154,69.42987263096559,52.54596584766405,80.2309515867141,negative_cross,toward_S1,4.284994401699733
3,miata,2024-03-29 20:49:29+00:00,40.287945,-88.126482,91.88806826548905,2348.0,-3.7325810130106447,rs2,12.28582745306984,33.54686249643885,21.261035043369006,4,12.28582745306984,65.3585139075189,53.072686454449055,80.2309515867141,negative_cross,toward_S1,4.215872531088425
3,miata,2024-03-29 20:49:30+00:00,40.287988,-88.126496,87.12888502141972,2349.0,-4.759183244069334,rs2,7.702235859250332,33.257064869857025,25.554829010606692,4,7.702235859250332,60.48168128057349,52.77944542132316,80.2309515867141,negative_cross,toward_S1,4.127739508050104
3,miata,2024-03-29 20:49:31+00:00,40.288037,-88.126499,81.68581030344235,2350.0,-5.4430747179773675,rs2,4.855308622283694,32.71408746691449,27.8587788446308,4,4.855308622283694,55.032202862393646,50.17689424010995,80.2309515867141,negative_cross,toward_S1,4.02694182808756
3,miata,2024-03-29 20:49:32+00:00,40.288088,-88.126497,76.01273170447821,2351.0,-5.673078598964139,rs2,7.33247894562047,32.676296610248286,25.343817664627817,4,7.33247894562047,49.40882754025081,42.07634859463034,80.2309515867141,negative_cross,toward_S1,3.921884816995632
3,miata,2024-03-29 20:49:33+00:00,40.288147,-88.126496,69.45176847950603,2352.0,-6.560963224972184,rs2,12.957808286948037,33.94778282444522,20.989974537497183,4,12.957808286948037,42.90553924184963,29.947730954901594,80.2309515867141,negative_cross,toward_S1,3.8003854980146654
3,miata,2024-03-29 20:49:34+00:00,40.288209,-88.126496,62.558804796674536,2353.0,-6.892963682831493,rs2,19.487325346784832,36.08078743670457,16.593462089919736,4,19.487325346784832,36.08078743670457,16.593462089919736,80.2309515867141,negative_cross,toward_S1,3.6727380224066746
3,miata,2024-03-29 20:49:35+00:00,40.288281,-88.126494,54.55101269257021,2354.0,-8.007792104104325,rs2,27.329361936430995,28.233269612513816,0.9039076760828202,4,27.329361936430995,28.233269612513816,0.9039076760828202,80.2309515867141,negative_cross,toward_S1,3.5244455760343723
3,miata,2024-03-29 20:49:36+00:00,40.288354,-88.126491,46.43051371151206,2355.0,-8.120498981058148,rs5,20.43049107222811,35.37011069145378,14.93961961922567,3,20.43049107222811,35.37011069145378,14.93961961922567,26.33125891160298,negative_cross,toward_S1,3.3722084222205386
3,miata,2024-03-29 20:49:37+00:00,40.288427,-88.126484,38.30389455894475,2356.0,-8.126619152567315,rs5,13.193964499585839,33.79427838074882,20.600313881162982,3,13.193964499585839,43.48810402605824,30.2941395264724,26.33125891160298,negative_cross,toward_S1,3.2217154749507735
3,miata,2024-03-29 20:49:38+00:00,40.288503,-88.126475,29.840684819880764,2357.0,-8.463209739063984,rs5,7.983410563755376,30.999189533180132,23.01577896942476,3,7.983410563755376,51.96647299618051,43.98306243242513,26.33125891160298,negative_cross,toward_S1,3.0649893686718106
3,miata,2024-03-29 20:49:39+00:00,40.288579,-88.126467,21.379005123710378,2358.0,-8.461679696170386,rs5,9.802360093204312,30.479936096394443,20.677576003190133,3,9.802360093204312,48.7709555298356,38.96859543663128,26.33125891160298,negative_cross,toward_S1,2.9082915965205074
3,miata,2024-03-29 20:49:40+00:00,40.288657,-88.126455,12.688851588613366,2359.0,-8.690153535097012,rs5,16.870463375895742,32.04715653591301,15.176693160017269,3,16.870463375895742,40.28378652547434,23.4133231495786,26.33125891160298,negative_cross,toward_S1,2.747362827352044
3,miata,2024-03-29 20:49:41+00:00,40.288738,-88.126447,3.6712877242725765,2360.0,-9.01756386434079,rs5,25.186345188811924,31.53262680986537,6.346281621053446,3,25.186345188811924,31.53262680986537,6.346281621053446,26.33125891160298,negative_cross,toward_S1,2.580370903938326
3,miata,2024-03-29 20:49:42+00:00,40.28882,-88.126442,-5.452862844744643,2361.0,-9.12415056901722,rs7,22.817171153817448,33.90070236901213,11.083531215194682,2,22.817171153817448,33.90070236901213,11.083531215194682,-27.632700444717127,negative_cross,toward_S1,2.410737733332824
3,miata,2024-03-29 20:49:43+00:00,40.288905,-88.126436,-14.912073957364925,2362.0,-9.459211112620281,rs7,14.374787853569053,29.90821996834351,15.533432114774456,2,14.374787853569053,43.1332236152966,28.758435761727547,-27.632700444717127,negative_cross,toward_S1,2.2355671571731888
3,miata,2024-03-29 20:49:44+00:00,40.288992,-88.126431,-24.592108694530804,2363.0,-9.68003473716588,rs7,8.329249438196483,26.77664980636649,18.44740036817001,2,8.329249438196483,52.64900636517699,44.3197569269805,-27.632700444717127,negative_cross,toward_S1,2.05630725463308
3,miata,2024-03-29 20:49:45+00:00,40.289081,-88.126428,-34.49143701334868,2364.0,-9.899328318817876,rs7,10.961524473203356,27.18401903979544,16.222494566592083,2,10.961524473203356,44.15803406684215,33.196509593638794,-27.632700444717127,negative_cross,toward_S1,1.8729863598401564
3,miata,2024-03-29 20:49:46+00:00,40.289164,-88.126426,-43.72217428706408,2365.0,-9.230737273715398,rs7,18.523127193302674,30.65514129486335,12.132014101560674,2,18.523127193302674,35.00376549668803,16.48063830338536,-27.632700444717127,negative_cross,toward_S1,1.7020467806972785
3,miata,2024-03-29 20:49:47+00:00,40.289249,-88.126425,-53.17373518530333,2366.0,-9.45156089823925,rs10,25.671626194353824,27.324809934608542,1.6531837402547183,1,25.671626194353824,27.324809934608542,1.6531837402547183,-78.92951005359993,negative_cross,toward_S1,1.4769587938573445
3,miata,2024-03-29 20:49:48+00:00,40.289331,-88.126427,-62.28717545417406,2367.0,-9.113440268870733,rs10,16.7310892764417,30.723529664198576,13.992440387756876,1,16.7310892764417,36.07148092674957,19.340391650307872,-78.92951005359993,negative_cross,toward_S1,1.3081913814708495
3,miata,2024-03-29 20:49:49+00:00,40.289411,-88.126429,-71.17826205643902,2368.0,-8.891086602264963,rs10,8.391968112618233,27.081000623419218,18.689032510800985,1,8.391968112618233,44.74879086901548,36.35682275639725,-78.92951005359993,negative_cross,toward_S1,1.1435416295770537
3,miata,2024-03-29 20:49:50+00:00,40.289489,-88.126431,-79.84699499128655,2369.0,-8.668732934847526,rs10,4.317787062165238,26.092726025060184,21.774938962894947,1,4.317787062165238,53.27923079490964,48.9614437327444,-78.92951005359993,negative_cross,toward_S1,0.9830095381909885
3,miata,2024-03-29 20:49:51+00:00,40.289558,-88.126432,-87.51666646602234,2370.0,-7.669671474735793,rs10,9.943972337886928,27.50371179116243,17.559739453275505,1,9.943972337886928,60.86837762923209,50.92440529134517,-78.92951005359993,negative_cross,toward_S1,0.8409785849551404
3,miata,2024-03-29 20:49:52+00:00,40.289615,-88.126434,-93.85068589493973,2371.0,-6.334019428917387,rs10,15.914092383115905,30.216276627935596,14.30218424481969,1,15.914092383115905,67.14097095547777,51.22687857236186,-78.92951005359993,negative_cross,toward_S1,0.7236819288640777
3,miata,2024-03-29 20:49:53+00:00,40.289656,-88.126423,-98.42576654428674,2372.0,-4.575080649347015,rs10,20.565948803315703,31.94776429492896,11.381815491613256,1,20.565948803315703,71.7791098661887,51.213161062873,-78.92951005359993,negative_cross,toward_S1,0.6389582131354292
3,miata,2024-03-29 20:49:54+00:00,40.289688,-88.126389,-102.03544667678987,2373.0,-3.6096801325031294,rs10,24.77491146408813,32.14071039014232,7.365798926054186,1,24.77491146408813,75.6974015526222,50.92249008853406,-78.92951005359993,negative_cross,toward_S1,0.5721122847557417
3,miata,2024-03-29 20:49:55+00:00,40.289709,-88.126345,-104.43748206923394,2374.0,-2.4020353924440627,rs10,28.289555619339783,31.487184415737882,3.1976287963980994,1,28.289555619339783,78.64301517301531,50.353459553675535,-78.92951005359993,negative_cross,toward_S1,0.5276301478586294
3,miata,2024-03-29 20:49:56+00:00,40.289718,-88.126295,-105.51457571521611,2375.0,-1.077093645982174,rs8,30.027769874296496,31.106501675311414,1.0787318010149178,1,30.027769874296496,79.0377940795278,49.0100242052313,-78.92951005359993,positive_cross,toward_S1,0.5076839692293299
3,miata,2024-03-29 20:49:57+00:00,40.289707,-88.126244,-104.3696627322655,2376.0,1.1449129829506148,rs8,27.05099583748748,32.51293544542759,5.461939607940106,1,27.05099583748748,77.11729830406959,50.066302466582115,-78.92951005359993,positive_cross,toward_S4,0.5288860615061932
3,miata,2024-03-29 20:49:58+00:00,40.289686,-88.126202,-102.09921102791725,2377.0,2.270451704348247,rs8,23.666385816645228,33.12644544127814,9.460059624632915,1,23.666385816645228,74.37775143091639,50.71136561427116,-78.92951005359993,positive_cross,toward_S4,0.570931463438568
3,miata,2024-03-29 20:49:59+00:00,40.289649,-88.126175,-98.02697934189803,2378.0,4.072231686019222,rs8,19.101499586894526,32.17230076847492,13.070801181580393,1,19.101499586894526,70.08627752848648,50.98477794159195,-78.92951005359993,positive_cross,toward_S4,0.646343161327813
3,miata,2024-03-29 20:50:00+00:00,40.289603,-88.126162,-92.93273555422562,2379.0,5.094243787672411,rs8,13.868726298104546,30.373639576028477,16.504913277923933,1,13.868726298104546,64.90986672004996,51.041140421945414,-78.92951005359993,positive_cross,toward_S4,0.7406810092476724
3,miata,2024-03-29 20:50:01+00:00,40.289552,-88.126159,-87.26730716962076,2380.0,5.665428384604851,rs8,8.3658056240856,28.43167841244311,20.06587278835751,1,8.3658056240856,59.23216022307837,50.86635459899277,-78.92951005359993,positive_cross,toward_S4,0.8455963497033179
3,miata,2024-03-29 20:50:02+00:00,40.289491,-88.126158,-80.48705036297486,2381.0,6.780256806645909,rs8,3.092754261776893,27.284663735720812,24.19190947394392,1,3.092754261776893,52.45522392689382,49.36246966511693,-78.92951005359993,positive_cross,toward_S4,0.9711566609375013
3,miata,2024-03-29 20:50:03+00:00,40.289421,-88.12616,-72.70161192551977,2382.0,7.785438437455085,rs8,7.43434813294974,27.749825518567143,20.315477385617402,1,7.43434813294974,44.70225094669973,37.267902813749984,-78.92951005359993,positive_cross,toward_S4,1.1153314468162991
3,miata,2024-03-29 20:50:04+00:00,40.289345,-88.126163,-64.24758244370865,2383.0,8.45402948181112,rs8,15.578627460434992,30.519007727345244,14.940380266910251,1,15.578627460434992,36.308960796844765,20.73033333640977,-78.92951005359993,positive_cross,toward_S4,1.27188754833132
3,miata,2024-03-29 20:50:05+00:00,40.289264,-88.126166,-55.23766879456062,2384.0,9.009913649148032,rs8,24.49073219847075,27.404143559001543,2.9134113605307945,1,24.49073219847075,27.404143559001543,2.9134113605307945,-78.92951005359993,positive_cross,toward_S4,1.4387378010933205
3,miata,2024-03-29 20:50:06+00:00,40.289181,-88.126168,-46.006931520055254,2385.0,9.230737274505366,rs6,18.36762662179286,33.668283576182795,15.300656954389936,2,18.36762662179286,33.668283576182795,15.300656954389936,-27.632700444717127,positive_cross,toward_S4,1.6597364615678125
3,miata,2024-03-29 20:50:07+00:00,40.289094,-88.126165,-36.33913712590773,2386.0,9.66779439414752,rs6,9.120723163543236,31.715830074860367,22.59510691131713,2,9.120723163543236,43.27635370447013,34.15563054092689,-27.632700444717127,positive_cross,toward_S4,1.838769691089063
3,miata,2024-03-29 20:50:08+00:00,40.289005,-88.126159,-26.453579193748272,2387.0,9.885557932159461,rs6,3.9078791564348707,31.014170449109,27.10629129267413,2,3.9078791564348707,52.31605305485873,48.408173898423854,-27.632700444717127,positive_cross,toward_S4,2.0218355787216455
3,miata,2024-03-29 20:50:09+00:00,40.288915,-88.126152,-16.458374470356965,2388.0,9.995204723391307,rs6,12.081096639575339,33.49910605716264,21.418009417587303,2,12.081096639575339,42.28981248885954,30.2087158492842,-27.632700444717127,positive_cross,toward_S4,2.2069319624881514
3,miata,2024-03-29 20:50:10+00:00,40.288825,-88.126149,-6.457049575478228,2389.0,10.001324894878737,rs6,21.89629602826393,32.29568956717051,10.399393538906583,2,21.89629602826393,32.29568956717051,10.399393538906583,-27.632700444717127,positive_cross,toward_S4,2.3921416827636834
3,miata,2024-03-29 20:50:11+00:00,40.288737,-88.126149,3.3265117814103293,2390.0,9.783561356888558,rs3,22.573461237746375,31.633922638227688,9.060461400481312,3,22.573461237746375,31.633922638227688,9.060461400481312,26.33125891160298,positive_cross,toward_S4,2.573986164255692
3,miata,2024-03-29 20:50:12+00:00,40.288649,-88.12615,13.111603180380785,2391.0,9.785091398970454,rs3,12.971292172217865,37.44070723911602,24.469415066898158,3,12.971292172217865,41.4008246090309,28.429532436813034,26.33125891160298,positive_cross,toward_S4,2.7551915605329222
3,miata,2024-03-29 20:50:13+00:00,40.288561,-88.126149,22.893634493607525,2392.0,9.78203131322674,rs3,4.180954128128841,35.25828192926628,31.077327801137443,3,4.180954128128841,51.16678292273783,46.98582879460899,26.33125891160298,positive_cross,toward_S4,2.9363402885556398
3,miata,2024-03-29 20:50:14+00:00,40.28839,-88.126146,41.90028290983045,2393.0,19.006648416222927,rs3,16.490310419239695,37.28072330819862,20.790412888958922,3,16.490310419239695,37.28072330819862,20.790412888958922,26.33125891160298,positive_cross,toward_S4,3.288315259226435
3,miata,2024-03-29 20:50:15+00:00,40.288305,-88.126148,51.35337385094155,2394.0,9.4530909411111,rs3,25.87219839716894,27.87662288195665,2.004424484787709,3,25.87219839716894,27.87662288195665,2.004424484787709,26.33125891160298,positive_cross,toward_S4,3.46337249887664
3,miata,2024-03-29 20:50:16+00:00,40.288224,-88.12615,60.361757458007716,2395.0,9.008383607066165,rs1,18.96421674756187,34.85049672609734,15.88627997853547,4,18.96421674756187,34.85049672609734,15.88627997853547,80.2309515867141,positive_cross,toward_S4,3.6320519605795116
3,miata,2024-03-29 20:50:17+00:00,40.28815,-88.126151,68.59037318663589,2396.0,8.22861572862817,rs1,10.94349574252573,36.48665529079617,25.54315954827044,4,10.94349574252573,43.05938784977522,32.11589210724949,80.2309515867141,positive_cross,toward_S4,3.784433733331885
3,miata,2024-03-29 20:50:18+00:00,40.28808,-88.126153,76.37581162411273,2397.0,7.7854384374768415,rs1,4.259341612279358,34.490140472389555,30.2307988601102,4,4.259341612279358,50.83720351225014,46.577861899970785,80.2309515867141,positive_cross,toward_S4,3.928608519211086
3,miata,2024-03-29 20:50:19+00:00,40.288022,-88.126159,82.83324823015217,2398.0,6.457436606039437,rs1,5.338313174685846,33.750261980583936,28.411948805898092,4,5.338313174685846,57.30806278589749,51.96974961121165,80.2309515867141,positive_cross,toward_S4,4.048190678582187
3,miata,2024-03-29 20:50:20+00:00,40.287978,-88.126165,87.73420916505938,2399.0,4.900960934907218,rs1,9.65742228999126,33.889171899866604,24.231749609875344,4,9.65742228999126,62.22576070817894,52.56833841818768,80.2309515867141,positive_cross,toward_S4,4.138949214413802
3,miata,2024-03-29 20:50:21+00:00,40.287944,-88.126195,91.56012279347077,2400.0,3.825913628411385,rs1,14.189843001346313,32.44086952096675,18.25102651962044,4,14.189843001346313,66.21968233466545,52.02983933331914,80.2309515867141,positive_cross,toward_S4,4.20979946679179
3,miata,2024-03-29 20:50:22+00:00,40.287919,-88.126234,94.39921530557875,2401.0,2.8390925121079817,rs1,18.289178853621813,30.457520395737834,12.168341542116021,4,18.289178853621813,69.40034622368962,51.11116737006781,80.2309515867141,positive_cross,toward_S4,4.262375254053049
3,miata,2024-03-29 20:50:23+00:00,40.287903,-88.126279,96.24689657274602,2402.0,1.8476812671672747,rs1,21.999299525987205,28.010530193425417,6.0112306674382125,4,21.999299525987205,71.81448432005149,49.81518479406429,80.2309515867141,positive_cross,toward_S4,4.296591573815406
3,miata,2024-03-29 20:50:24+00:00,40.287892,-88.126328,97.54481384327381,2403.0,1.2979172705277904,rs2,25.399793543742263,25.701523728098167,0.30173018435590393,4,25.399793543742263,73.63450307056786,48.2347095268256,80.2309515867141,negative_cross,toward_S4,4.32062707882518
3,miata,2024-03-29 20:50:25+00:00,40.287896,-88.126383,97.1842588666085,2404.0,-0.36055497666531267,rs2,21.722519036854063,28.90733920577277,7.184820168918709,4,21.722519036854063,72.07805355754519,50.35553452069112,80.2309515867141,negative_cross,ambiguous,4.31395013481286
3,miata,2024-03-29 20:50:26+00:00,40.287903,-88.126436,96.48711330423647,2405.0,-0.6971455623720288,rs2,18.321821539565992,32.15441277635657,13.83259123679058,4,18.321821539565992,70.49399967916699,52.172178139601,80.2309515867141,negative_cross,toward_S1,4.30104003180597
3,miata,2024-03-29 20:50:27+00:00,40.287927,-88.126477,93.88160105549525,2406.0,-2.6055122487412206,rs2,14.238300994950965,33.947114464769705,19.70881346981874,4,14.238300994950965,67.39429276197852,53.15599176702756,80.2309515867141,negative_cross,toward_S1,4.252789804977429
3,miata,2024-03-29 20:50:28+00:00,40.287967,-88.126498,89.46665861228186,2407.0,-4.414942443213391,rs2,9.489226800156832,34.02480416616671,24.53557736600988,4,9.489226800156832,62.792611307207025,53.3033845070502,80.2309515867141,negative_cross,toward_S1,4.1710316115845885
3,miata,2024-03-29 20:50:29+00:00,40.288013,-88.126503,84.36017448159113,2408.0,-5.106484130690731,rs2,5.408224716298155,33.32742424802022,27.919199531722068,4,5.408224716298155,57.658700455339336,52.25047573904118,80.2309515867141,negative_cross,toward_S1,4.076467090645871
3,miata,2024-03-29 20:50:30+00:00,40.28806,-88.126494,79.12109291652543,2409.0,-5.239081565065703,rs2,5.723494504509385,32.22722495708857,26.503730452579187,4,5.723494504509385,52.53212197724577,46.80862747273639,80.2309515867141,negative_cross,toward_S1,3.9794470616631727
3,miata,2024-03-29 20:50:31+00:00,40.288117,-88.126487,72.77330310171784,2410.0,-6.347789814807584,rs2,10.388040425801412,32.35628167627883,21.96824125047742,4,10.388040425801412,46.314858794263465,35.92681836846205,80.2309515867141,negative_cross,toward_S1,3.8618953984259954
3,miata,2024-03-29 20:50:32+00:00,40.288182,-88.126486,65.54527887528327,2411.0,-7.22802422643457,rs2,16.887262908285773,34.53148785781297,17.644224949527196,4,16.887262908285773,39.18135916402951,22.294096255743735,80.2309515867141,negative_cross,toward_S1,3.728043097936466
3,miata,2024-03-29 20:50:33+00:00,40.288254,-88.126488,57.54360694189817,2412.0,-8.001671933385104,rs2,24.50447405524797,31.277085709996815,6.772611654748843,4,24.50447405524797,31.277085709996815,6.772611654748843,80.2309515867141,negative_cross,toward_S1,3.5798639880589644
3,miata,2024-03-29 20:50:34+00:00,40.288327,-88.12649,49.43075817522105,2413.0,-8.112848766677118,rs5,23.33744253340043,32.42180284810003,9.084360314699598,3,23.33744253340043,32.42180284810003,9.084360314699598,26.33125891160298,negative_cross,toward_S1,3.4277685048818163
3,miata,2024-03-29 20:50:35+00:00,40.288403,-88.126488,40.97825873628181,2414.0,-8.452499438939242,rs5,15.414557495269428,35.14871484447687,19.734157349207443,3,15.414557495269428,40.79749444518357,25.38293694991414,26.33125891160298,negative_cross,toward_S1,3.271240737494052
3,miata,2024-03-29 20:50:36+00:00,40.288479,-88.126482,32.51963912585514,2415.0,-8.458619610426666,rs5,8.835856096200013,32.009167446695905,23.173311350495894,3,8.835856096200013,49.24246837399555,40.40661227779554,26.33125891160298,negative_cross,toward_S1,3.1145996335972623
3,miata,2024-03-29 20:50:37+00:00,40.288555,-88.126473,24.056429386812905,2416.0,-8.463209739042238,rs5,8.109770518348581,30.684283281477033,22.574512763128453,3,8.109770518348581,51.38215892288488,43.272388404536294,26.33125891160298,negative_cross,toward_S1,2.9578735273187022
3,miata,2024-03-29 20:50:38+00:00,40.288631,-88.126463,15.591689604877061,2417.0,-8.464739781935844,rs5,14.105638471817572,31.582995477684694,17.47735700586712,3,14.105638471817572,43.05952596472824,28.953887492910667,26.33125891160298,negative_cross,toward_S1,2.801119086912483
3,miata,2024-03-29 20:50:39+00:00,40.288708,-88.126455,7.018833075392928,2418.0,-8.572856529484133,rs5,21.858754666863156,34.68187212147315,12.823117454609992,3,21.858754666863156,34.68187212147315,12.823117454609992,26.33125891160298,negative_cross,toward_S1,2.6423624845146287
3,miata,2024-03-29 20:50:40+00:00,40.288788,-88.126448,-1.8860239119722937,2419.0,-8.904856987365221,rs7,26.097375028530593,30.359345271394908,4.261970242864315,2,26.097375028530593,30.359345271394908,4.261970242864315,-27.632700444717127,negative_cross,toward_S1,2.4767903061619414
3,miata,2024-03-29 20:50:41+00:00,40.288868,-88.126442,-10.789350857233874,2420.0,-8.90332694526158,rs7,17.80954020764709,32.32408715946597,14.514546951818879,2,17.80954020764709,39.02423066846967,21.21469046082258,-27.632700444717127,negative_cross,toward_S1,2.3119138812496898
3,miata,2024-03-29 20:50:42+00:00,40.288951,-88.126437,-20.024678259564848,2421.0,-9.235327402330974,rs7,10.296074178640326,28.176696800663226,17.880622622022898,2,10.296074178640326,48.086706201072914,37.79063202243259,-27.632700444717127,negative_cross,toward_S1,2.140889299725042
3,miata,2024-03-29 20:50:43+00:00,40.289033,-88.126433,-29.14729878647842,2422.0,-9.122620526913572,rs7,7.992390661735597,26.796024994344876,18.803634332609278,2,7.992390661735597,49.43867674281705,41.44628608108145,-27.632700444717127,negative_cross,toward_S1,1.971951882559976
3,miata,2024-03-29 20:50:44+00:00,40.289111,-88.12643,-37.82368193491701,2423.0,-8.676383148438592,rs7,13.315886935491719,28.355827345914122,15.039940410422403,2,13.315886935491719,40.82098077553602,27.505093840044303,-27.632700444717127,negative_cross,toward_S1,1.811278120551854
3,miata,2024-03-29 20:50:45+00:00,40.289186,-88.126429,-46.163474497648906,2424.0,-8.339792562731894,rs7,20.636281676158006,32.206775894805546,11.57049421864754,2,20.636281676158006,32.544422368719495,11.908140692561489,-27.632700444717127,negative_cross,toward_S1,1.6568375175383003
3,miata,2024-03-29 20:50:46+00:00,40.289258,-88.126427,-54.17126660173148,2425.0,-8.007792104082576,rs10,24.656379499962988,28.228674481471092,3.5722949815081044,1,24.656379499962988,28.228674481471092,3.5722949815081044,-78.92951005359993,negative_cross,toward_S1,1.4584859898494156
3,miata,2024-03-29 20:50:47+00:00,40.289332,-88.126425,-62.401412374043225,2426.0,-8.230145772311744,rs10,16.669660563874444,30.520641049671006,13.850980485796562,1,16.669660563874444,36.21885821176731,19.549197647892868,-78.92951005359993,negative_cross,toward_S1,1.3060758829547536
3,miata,2024-03-29 20:50:48+00:00,40.289402,-88.126425,-70.18379072575459,2427.0,-7.782378351711365,rs10,9.429651973657986,27.068013055684734,17.638361082026748,1,9.429651973657986,43.82857116873439,34.3989191950764,-78.92951005359993,negative_cross,toward_S1,1.1619577653304691
3,miata,2024-03-29 20:50:49+00:00,40.289471,-88.126424,-77.85652228623412,2428.0,-7.672731560479534,rs10,4.700663680032778,25.514836176188293,20.814172496155514,1,4.700663680032778,51.39522872859421,46.69456504856144,-78.92951005359993,negative_cross,toward_S1,1.0198701438401074
3,miata,2024-03-29 20:50:50+00:00,40.289534,-88.126423,-84.8621928460412,2429.0,-7.005670559807072,rs10,8.002943501748694,26.056776949120664,18.05383344737197,1,8.002943501748694,58.32975271086515,50.326809209116455,-78.92951005359993,negative_cross,toward_S1,0.8901355038436802
3,miata,2024-03-29 20:50:51+00:00,40.289587,-88.126422,-90.75609506876097,2430.0,-5.893902222719774,rs10,13.24911584147888,27.890068377702757,14.640952536223878,1,13.24911584147888,64.1777046882845,50.928588846805624,-78.92951005359993,negative_cross,toward_S1,0.7809891663859065
3,miata,2024-03-29 20:50:52+00:00,40.289628,-88.126404,-95.34188601825447,2431.0,-4.5857909494935,rs10,18.05381239439756,28.816284129419394,10.762471735021833,1,18.05381239439756,68.90845179411416,50.854639399716596,-78.92951005359993,negative_cross,toward_S1,0.6960671117656566
3,miata,2024-03-29 20:50:53+00:00,40.28966,-88.126369,-98.95309619362943,2432.0,-3.611210175374964,rs10,22.48299737475171,28.746033157102797,6.263035782351086,1,22.48299737475171,72.90809277866514,50.425095403913424,-78.92951005359993,negative_cross,toward_S1,0.6291928492587129
3,miata,2024-03-29 20:50:54+00:00,40.289677,-88.126325,-100.9104242512386,2433.0,-1.9573280576091605,rs10,25.884878170025395,27.628880615024194,1.7440024449987988,1,25.884878170025395,75.12115047343367,49.23627230340828,-78.92951005359993,negative_cross,toward_S1,0.5929460333770618
3,miata,2024-03-29 20:50:55+00:00,40.289681,-88.126276,-101.43010368696847,2434.0,-0.51967943572987,rs8,25.653137968239637,28.566154477503815,2.913016509264178,1,25.653137968239637,74.69502821615411,49.04189024791448,-78.92951005359993,positive_cross,toward_S1,0.5833223401228049
3,miata,2024-03-29 20:50:56+00:00,40.289675,-88.126228,-100.8364847435509,2435.0,0.5936189434175674,rs8,23.242832854243215,30.706905602959193,7.464072748715978,1,23.242832854243215,73.40877915108999,50.16594629684677,-78.92951005359993,positive_cross,toward_S4,0.5943152835194265
3,miata,2024-03-29 20:50:57+00:00,40.289652,-88.126186,-98.34367937099529,2436.0,2.4928053725556083,rs8,19.65706381807172,31.634348181507807,11.977284363436087,1,19.65706381807172,70.489843932972,50.832780114900274,-78.92951005359993,positive_cross,toward_S4,0.6404783459741599
3,miata,2024-03-29 20:50:58+00:00,40.289612,-88.126161,-93.93485709929108,2437.0,4.40882227170421,rs8,14.825223419461809,30.92554461381541,16.100321194353604,1,14.825223419461809,65.90444757424223,51.07922415478042,-78.92951005359993,positive_cross,toward_S4,0.7221232028575713
3,miata,2024-03-29 20:50:59+00:00,40.289558,-88.126153,-87.94354842833603,2438.0,5.99130867095505,rs8,8.834874527615698,29.119984299338135,20.28510977172244,1,8.834874527615698,59.87066250109966,51.03578797348396,-78.92951005359993,positive_cross,toward_S4,0.833073363430813
3,miata,2024-03-29 20:51:00+00:00,40.289493,-88.126155,-80.71399415902961,2439.0,7.229554269306419,rs8,2.940911369168427,27.553005653984947,24.61209428481652,1,2.940911369168427,52.66125399578785,49.72034262661943,-78.92951005359993,positive_cross,toward_S4,0.9669539980475984
3,miata,2024-03-29 20:51:01+00:00,40.289417,-88.126157,-72.2614947200904,2440.0,8.452499438939213,rs8,7.744519081072516,28.098864022938944,20.35434494186643,1,7.744519081072516,44.23884263102427,36.49432354995175,-78.92951005359993,positive_cross,toward_S4,1.1234817654353617
3,miata,2024-03-29 20:51:02+00:00,40.289337,-88.126159,-63.36428794712794,2441.0,8.897206772962456,rs8,16.383223174570606,31.24842230853035,14.865199133959745,1,16.383223174570606,35.38900384347276,19.00578066890215,-78.92951005359993,positive_cross,toward_S4,1.2882448538235554
3,miata,2024-03-29 20:51:03+00:00,40.289262,-88.12616,-55.02449538439605,2442.0,8.339792562731894,rs8,24.641834764363516,27.111996879084867,2.470162114721351,1,24.641834764363516,27.111996879084867,2.470162114721351,-78.92951005359993,positive_cross,toward_S4,1.4426854568371088
3,miata,2024-03-29 20:51:04+00:00,40.289181,-88.126159,-46.02070190594546,2443.0,9.00379347845059,rs6,18.205013451907597,33.59142110966029,15.386407657752692,2,18.205013451907597,33.59142110966029,15.386407657752692,-27.632700444717127,positive_cross,toward_S4,1.6594814544216976
3,miata,2024-03-29 20:51:05+00:00,40.289092,-88.126157,-36.12902380148687,2444.0,9.891678104458585,rs6,8.63692629567044,32.3093011724287,23.672374876758255,2,8.63692629567044,43.4485353815632,34.811609085892755,-27.632700444717127,positive_cross,toward_S4,1.842660678578338
3,miata,2024-03-29 20:51:07+00:00,40.28889,-88.126151,-13.680483673297225,2446.0,11.224270064094824,rs6,14.778148228869757,34.6024802768247,19.824332047954943,2,14.778148228869757,39.51149701520255,24.733348786332794,-27.632700444717127,positive_cross,toward_S4,2.258374384655924
3,miata,2024-03-29 20:51:08+00:00,40.28878,-88.12615,-1.4525620208483427,2447.0,12.227921652448883,rs6,26.879743035819644,27.328061662091365,0.44831862627172114,2,26.879743035819644,27.328061662091365,0.44831862627172114,-27.632700444717127,positive_cross,toward_S4,2.4848173782197924
3,miata,2024-03-29 20:51:09+00:00,40.288674,-88.126149,10.330652297555584,2448.0,11.783214318403926,rs3,15.66356672640212,38.59357949617737,22.93001276977525,3,15.66356672640212,38.62079825943391,22.95723153303179,26.33125891160298,positive_cross,toward_S4,2.7036924701102336
3,miata,2024-03-29 20:51:10+00:00,40.288572,-88.126148,21.669159281124596,2449.0,11.338506983569012,rs3,5.025824943033587,35.48526377992795,30.45943883689436,3,5.025824943033587,49.94053961830594,44.91471467527235,26.33125891160298,positive_cross,toward_S4,2.913664821657808
3,miata,2024-03-29 20:51:11+00:00,40.288475,-88.126149,32.454842183078625,2450.0,10.78568290195403,rs3,7.468730307396321,35.60064120649206,28.131910899095736,3,7.468730307396321,46.730573649421075,39.261843342024754,26.33125891160298,positive_cross,toward_S4,3.113399690212512
3,miata,2024-03-29 20:51:12+00:00,40.288382,-88.126149,42.794287707325886,2451.0,10.33944552424726,rs3,17.41109057355681,36.41305722364747,19.00196665009066,3,17.41109057355681,36.41305722364747,19.00196665009066,26.33125891160298,positive_cross,toward_S4,3.304870903624498
3,miata,2024-03-29 20:51:13+00:00,40.288293,-88.126149,52.68902589673822,2452.0,9.894738189412337,rs1,26.558641294149943,27.207741642713213,0.6491003485632696,4,26.558641294149943,27.207741642713213,0.6491003485632696,80.2309515867141,positive_cross,toward_S4,3.489964339074521
3,miata,2024-03-29 20:51:15+00:00,40.288211,-88.126147,61.80246616642066,2454.0,4.556720134841218,rs1,17.496185151259322,36.26894044698385,18.772755295724526,4,17.496185151259322,36.26894044698385,18.772755295724526,80.2309515867141,positive_cross,toward_S4,3.6587317514760476
3,miata,2024-03-29 20:51:16+00:00,40.288137,-88.126148,70.03108189504884,2455.0,8.228615728628185,rs1,9.486530693131018,36.27001906308167,26.783488369950653,4,9.486530693131018,44.48313150884047,34.996600815709456,80.2309515867141,positive_cross,toward_S4,3.8111135242284213
3,miata,2024-03-29 20:51:17+00:00,40.288071,-88.12615,77.37181299766902,2456.0,7.3407311026201825,rs1,3.4816438467517146,34.62827494435921,31.146631097607496,4,3.4816438467517146,51.819586791339944,48.33794294458823,80.2309515867141,positive_cross,toward_S4,3.947052989091758
3,miata,2024-03-29 20:51:18+00:00,40.288016,-88.126154,83.49265901723352,2457.0,6.120846019564496,rs1,5.558862650415293,34.219119225735156,28.660256575319863,4,5.558862650415293,57.94632603096672,52.38746338055143,80.2309515867141,positive_cross,toward_S4,4.060401989454063
3,miata,2024-03-29 20:51:19+00:00,40.287971,-88.126163,88.50938691488177,2458.0,5.016727897648252,rs1,10.290556982143482,34.22124116065321,23.930684178509726,4,10.290556982143482,62.99051172210667,52.69995473996319,80.2309515867141,positive_cross,toward_S4,4.153304357929031
3,miata,2024-03-29 20:51:20+00:00,40.287929,-88.126191,93.22165512642931,2459.0,4.7122682115475385,rs1,15.525897603454249,33.3421078651944,17.816210261740153,4,15.525897603454249,67.84460987975028,52.31871227629603,80.2309515867141,positive_cross,toward_S4,4.2405685840688
3,miata,2024-03-29 20:51:21+00:00,40.2879,-88.126234,96.5115751440697,2460.0,3.2899200176403838,rs1,20.08044029591329,31.447782446518197,11.367342150604905,4,20.08044029591329,71.49077988115121,51.41033958523792,80.2309515867141,positive_cross,toward_S4,4.301493028839919
3,miata,2024-03-29 20:51:22+00:00,40.287884,-88.126287,98.37149675425532,2461.0,1.8599216101856229,rs1,24.07618439549737,28.66983506395823,4.59365066846086,4,24.07618439549737,74.02051998270333,49.94433558720596,80.2309515867141,positive_cross,toward_S4,4.335936021621134
3,miata,2024-03-29 20:51:23+00:00,40.287877,-88.126342,99.23388694717934,2462.0,0.8623901929240247,rs2,25.656581401909392,27.723840526316852,2.0672591244074603,4,25.656581401909392,74.93686406986293,49.28028266795354,80.2309515867141,negative_cross,toward_S4,4.351906210378986
3,miata,2024-03-29 20:51:24+00:00,40.287884,-88.126398,98.54133151344463,2463.0,-0.6925554337347108,rs2,21.92288197832377,30.73273196299581,8.809849984672042,4,21.92288197832377,73.12965821883164,51.206776240507864,80.2309515867141,negative_cross,toward_S1,4.339081109754269
3,miata,2024-03-29 20:51:25+00:00,40.287906,-88.126449,96.17347336088291,2464.0,-2.3678581525617233,rs2,17.446410520401553,32.926096504197105,15.479685983795552,4,17.446410520401553,70.0039992709382,52.55758875053664,80.2309515867141,negative_cross,toward_S1,4.29523188470683
3,miata,2024-03-29 20:51:26+00:00,40.287941,-88.12648,92.32971551458024,2465.0,-3.8437578463026654,rs2,12.755164234598622,33.5556908692615,20.800526634662873,4,12.755164234598622,65.81882915491174,53.063664920313116,80.2309515867141,negative_cross,toward_S1,4.224051183849373
3,miata,2024-03-29 20:51:27+00:00,40.287983,-88.126494,87.68170910380293,2466.0,-4.648006410777313,rs2,8.234909508844506,33.222768855666395,24.98785934682189,4,8.234909508844506,61.05132959546281,52.81642008661831,80.2309515867141,negative_cross,toward_S1,4.137976991057201
3,miata,2024-03-29 20:51:28+00:00,40.28803,-88.126492,82.45333783888371,2467.0,-5.228371264919218,rs2,5.54884486223677,32.18120159204885,26.63235672981208,4,5.54884486223677,55.86756177317406,50.31871691093729,80.2309515867141,negative_cross,toward_S1,4.041155300966104
3,miata,2024-03-29 20:51:29+00:00,40.288092,-88.126489,75.55578402743666,2468.0,-6.897553811447054,rs2,8.123499059849202,32.05474242589122,23.93124336604202,4,8.123499059849202,49.04843815398191,40.92493909413271,80.2309515867141,negative_cross,toward_S1,3.9134228229763437
3,miata,2024-03-29 20:51:30+00:00,40.288164,-88.126488,67.54952196541421,2469.0,-8.006262062022444,rs2,14.963678880443814,33.9251638017968,18.961484921352984,4,14.963678880443814,41.13069068090235,26.167011800458532,80.2309515867141,negative_cross,toward_S1,3.7651587107166686
3,miata,2024-03-29 20:51:31+00:00,40.288246,-88.126488,58.43302161077803,2470.0,-9.116500354636187,rs2,23.64068300629872,32.1490396677146,8.508356661415878,4,23.64068300629872,32.1490396677146,8.508356661415878,80.2309515867141,negative_cross,toward_S1,3.596334630075258
3,miata,2024-03-29 20:51:32+00:00,40.288332,-88.126485,48.86722379348132,2471.0,-9.565797817296705,rs5,22.919528515944336,33.04449594755543,10.124967431611097,3,22.919528515944336,33.04449594755543,10.124967431611097,26.33125891160298,negative_cross,toward_S1,3.4173326829977473
3,miata,2024-03-29 20:51:33+00:00,40.288417,-88.126483,39.414132851558506,2472.0,-9.453090941922817,rs5,14.205337061287254,34.130842982573164,19.92550592128591,3,14.205337061287254,42.399515809960654,28.1941787486734,26.33125891160298,negative_cross,toward_S1,3.2422754433325096
3,miata,2024-03-29 20:51:34+00:00,40.2885,-88.126478,30.178805449249282,2473.0,-9.235327402309224,rs5,7.8798122770339445,31.29288826035484,23.413075983320894,3,7.8798122770339445,51.60244954712309,43.72263727008915,26.33125891160298,negative_cross,toward_S1,3.071250861808265
3,miata,2024-03-29 20:51:35+00:00,40.288581,-88.126468,21.15818149916478,2474.0,-9.020623950084502,rs5,9.86014823105333,30.599329792631696,20.739181561578366,3,9.86014823105333,48.54119351552025,38.68104528446692,26.33125891160298,negative_cross,toward_S1,2.904202270140033
3,miata,2024-03-29 20:51:36+00:00,40.288663,-88.126455,12.021790587150956,2475.0,-9.136390912013823,rs5,17.43561950043242,32.33308924728876,14.897469746856341,3,17.43561950043242,39.62369470596281,22.188075205530392,26.33125891160298,negative_cross,toward_S1,2.7350098458434813
3,miata,2024-03-29 20:51:37+00:00,40.288745,-88.126445,2.8899898037527043,2476.0,-9.131800783398251,rs5,25.970016170653487,30.808105927450953,4.838089756797466,3,25.970016170653487,30.808105927450953,4.838089756797466,26.33125891160298,negative_cross,toward_S1,2.5659024239286987
3,miata,2024-03-29 20:51:38+00:00,40.28883,-88.126436,-6.573811437504895,2477.0,-9.463801241257599,rs7,21.92957576442648,34.32547422100548,12.395898456578998,2,21.92957576442648,35.11502049238987,13.185444727963386,-27.632700444717127,negative_cross,toward_S1,2.3899794260594858
3,miata,2024-03-29 20:51:39+00:00,40.288914,-88.126428,-15.924905802555143,2478.0,-9.351094365050248,rs7,13.917795522970339,28.87205784995811,14.954262326987772,2,13.917795522970339,44.27354775696111,30.35575223399077,-27.632700444717127,negative_cross,toward_S1,2.2168110118918887
3,miata,2024-03-29 20:51:40+00:00,40.289001,-88.126424,-25.60341049684917,2479.0,-9.678504694294025,rs7,8.657079951804372,26.085174784901827,17.428094833097454,2,8.657079951804372,53.049263996584784,44.392184044780414,-27.632700444717127,negative_cross,toward_S1,2.037579443479036
3,miata,2024-03-29 20:51:41+00:00,40.289095,-88.126426,-36.05097276945642,2480.0,-10.447562272607254,rs7,12.171260570765842,27.449564277611575,15.278303706845733,2,12.171260570765842,42.626198062269815,30.454937491503973,-27.632700444717127,negative_cross,toward_S1,1.8441060680603834
3,miata,2024-03-29 20:51:42+00:00,40.289193,-88.126427,-46.944772418168775,2481.0,-10.893799648712353,rs7,21.41961727856535,31.795742745988566,10.376125467423215,2,21.41961727856535,31.795742745988566,10.376125467423215,-27.632700444717127,negative_cross,toward_S1,1.6423690375286732
3,miata,2024-03-29 20:51:43+00:00,40.289282,-88.126428,-56.83798056549923,2482.0,-9.893208147330455,rs10,22.018375055668095,30.768669395443226,8.750294339775131,1,22.018375055668095,30.768669395443226,8.750294339775131,-78.92951005359993,negative_cross,toward_S1,1.4091023979277906
3,miata,2024-03-29 20:51:44+00:00,40.289366,-88.126428,-66.17683458755286,2483.0,-9.338854022053631,rs10,12.987974458316051,28.859545940315307,15.871571481999256,1,12.987974458316051,39.853560797431584,26.86558633911553,-78.92951005359993,negative_cross,toward_S1,1.2361606567786494
3,miata,2024-03-29 20:51:45+00:00,40.289437,-88.126427,-74.07191981544983,2484.0,-7.8950852278969705,rs10,6.1949354395030465,26.218937145319877,20.02400170581683,1,6.1949354395030465,47.625064986378334,41.430129546875285,-78.92951005359993,negative_cross,toward_S1,1.0899553747805573
3,miata,2024-03-29 20:51:46+00:00,40.289499,-88.126426,-80.96641354117494,2485.0,-6.894493725725113,rs10,5.167908831814129,25.727449176815522,20.559540345001395,1,5.167908831814129,54.44276934785915,49.27486051604502,-78.92951005359993,negative_cross,toward_S1,0.9622795650449071
3,miata,2024-03-29 20:51:47+00:00,40.289559,-88.126425,-87.63855359946083,2486.0,-6.6721400582858905,rs10,10.296138823139833,26.974540727302127,16.678401904162293,1,10.296138823139833,61.05779075155592,50.761651928416086,-78.92951005359993,negative_cross,toward_S1,0.8387214158173906
3,miata,2024-03-29 20:51:48+00:00,40.289612,-88.126406,-93.55999659472927,2487.0,-5.9214429952684355,rs10,16.335303455969886,27.99588849542889,11.660585039459004,1,16.335303455969886,67.12339518457618,50.7880917286063,-78.92951005359993,negative_cross,toward_S1,0.7290650640531603
3,miata,2024-03-29 20:51:49+00:00,40.289653,-88.126358,-98.19168883048721,2488.0,-4.631692235757939,rs10,22.19303325284391,27.53336797438292,5.3403347215390085,1,22.19303325284391,72.31873670998363,50.125703457139714,-78.92951005359993,negative_cross,toward_S1,0.6432929856131985
3,miata,2024-03-29 20:51:50+00:00,40.289673,-88.126301,-100.5024379462052,2489.0,-2.3107491157179965,rs8,26.053678959682856,26.60256672879341,0.5488877691105536,1,26.053678959682856,74.23535495764732,48.18167599796446,-78.92951005359993,positive_cross,toward_S1,0.6005013353221245
3,miata,2024-03-29 20:51:51+00:00,40.289673,-88.126242,-100.59271047586223,2490.0,-0.09027252965702814,rs8,23.5195809187099,29.731182288200614,6.211601369490715,1,23.5195809187099,73.34962334245577,49.83004242374587,-78.92951005359993,positive_cross,ambiguous,0.5988296218099574
3,miata,2024-03-29 20:51:52+00:00,40.289654,-88.126193,-98.55532273828803,2491.0,2.037387737574207,rs8,20.037790176178493,31.309931293410123,11.27214111723163,1,20.037790176178493,70.76275954683513,50.72496937065664,-78.92951005359993,positive_cross,toward_S4,0.6365590243576278
3,miata,2024-03-29 20:51:53+00:00,40.289623,-88.126162,-95.15627222603031,2492.0,3.399050512257716,rs8,16.039518216577477,31.469080093131442,15.429561876553965,1,16.039518216577477,67.13076844174562,51.09125022516814,-78.92951005359993,positive_cross,toward_S4,0.6995044042142522
3,miata,2024-03-29 20:51:54+00:00,40.289577,-88.126149,-90.06202843833616,2493.0,5.094243787694154,rs8,10.805810629218985,30.163375695146414,19.357565065927428,1,10.805810629218985,61.96587530955552,51.16006468033653,-78.92951005359993,positive_cross,toward_S4,0.7938422521345143
3,miata,2024-03-29 20:51:55+00:00,40.289524,-88.126149,-84.16965625769826,2494.0,5.892372180637892,rs8,5.16481087361341,28.50026023352594,23.33544935991253,1,5.16481087361341,56.076902366352094,50.91209149273868,-78.92951005359993,positive_cross,toward_S4,0.9029602554796604
3,miata,2024-03-29 20:51:56+00:00,40.289466,-88.126152,-77.7168097802744,2495.0,6.452846477423861,rs8,2.982302192270736,27.766077813646014,24.783775621375277,1,2.982302192270736,49.648316700518805,46.66601450824807,-78.92951005359993,positive_cross,toward_S4,1.0224574124689911
3,miata,2024-03-29 20:51:57+00:00,40.289311,-88.126153,-60.48287053032377,2496.0,17.23393924995063,rs8,19.16051366552942,32.46161541232827,13.30110174679885,1,19.16051366552942,32.46161541232827,13.30110174679885,-78.92951005359993,positive_cross,toward_S4,1.341604435616225
3,miata,2024-03-29 20:51:58+00:00,40.289222,-88.126155,-50.58507225516772,2497.0,9.897798275156056,rs6,22.64663086089643,29.01914615380109,6.372515292904659,2,22.64663086089643,29.01914615380109,6.372515292904659,-27.632700444717127,positive_cross,toward_S4,1.5749560775842484
3,miata,2024-03-29 20:51:59+00:00,40.289124,-88.126156,-39.68821251989994,2498.0,10.896859735267775,rs6,11.974761736067997,33.504954311118865,21.53019257505087,2,11.974761736067997,39.89160956967756,27.916847833609566,-27.632700444717127,positive_cross,toward_S4,1.7767497763855034
3,miata,2024-03-29 20:52:00+00:00,40.289024,-88.126156,-28.57052916008656,2499.0,11.11768335981338,rs6,3.282469502188197,31.262507169014015,27.98003766682582,2,3.282469502188197,50.99356522824191,47.71109572605371,-27.632700444717127,positive_cross,toward_S4,1.9826328015672328
3,miata,2024-03-29 20:52:01+00:00,40.288923,-88.126155,-17.3431990098313,2500.0,11.227330150255263,rs6,11.288587498607885,32.97140526272402,21.682817764116134,2,11.288587498607885,43.19749190066037,31.90890440205248,-27.632700444717127,positive_cross,toward_S4,2.190546322868256
3,miata,2024-03-29 20:52:02+00:00,40.288824,-88.126154,-6.338222526993488,2501.0,11.004976482837812,rs6,22.06207320453447,32.22890429308851,10.16683108855404,2,22.06207320453447,32.22890429308851,10.16683108855404,-27.632700444717127,positive_cross,toward_S4,2.394342183661549
3,miata,2024-03-29 20:52:03+00:00,40.288727,-88.126154,4.445930331298723,2502.0,10.784152858292211,rs3,21.538212819946413,32.77961164201692,11.241398822070504,3,21.538212819946413,32.77961164201692,11.241398822070504,26.33125891160298,positive_cross,toward_S4,2.594716137401773
3,miata,2024-03-29 20:52:04+00:00,40.288628,-88.126153,15.45090681413653,2503.0,11.004976482837808,rs3,10.802469785709427,36.433062134312884,25.630592348603457,3,10.802469785709427,43.748435201439406,32.94596541572998,26.33125891160298,positive_cross,toward_S4,2.7985119981950657
3,miata,2024-03-29 20:52:05+00:00,40.28853,-88.126151,26.343176420766994,2504.0,10.892269606630464,rs3,3.358880776785781,34.91304437397514,31.55416359718936,3,3.358880776785781,52.84696715489487,49.48808637810909,26.33125891160298,positive_cross,toward_S4,3.0002206946141485
3,miata,2024-03-29 20:52:06+00:00,40.288435,-88.126152,36.906505655325304,2505.0,10.56332923455831,rs3,11.730394074619193,36.37644787474289,24.646053800123696,3,11.730394074619193,42.309875357152706,30.579481282533514,26.33125891160298,positive_cross,toward_S4,3.1958379026615247
3,miata,2024-03-29 20:52:07+00:00,40.288342,-88.126151,47.244421136678966,2506.0,10.337915481353662,rs3,21.82757346136696,31.99680047503872,10.169227013671762,3,21.82757346136696,31.99680047503872,10.169227013671762,26.33125891160298,positive_cross,toward_S4,3.3872807819458517
3,miata,2024-03-29 20:52:08+00:00,40.288255,-88.12615,56.915275616591956,2507.0,9.67085447991299,rs1,22.374536659122995,31.41871293738827,9.044176278265276,4,22.374536659122995,31.41871293738827,9.044176278265276,80.2309515867141,positive_cross,toward_S4,3.5682282227755158
3,miata,2024-03-29 20:52:10+00:00,40.288174,-88.126148,65.91753905217071,2509.0,4.501131717789377,rs1,13.466951382565854,37.70069852290063,24.233747140334778,4,13.466951382565854,40.37833961314222,26.911388230576364,80.2309515867141,positive_cross,toward_S4,3.734936804915863
3,miata,2024-03-29 20:52:11+00:00,40.288106,-88.12615,73.48062382220832,2510.0,7.563084770037605,rs1,6.3660303365758955,35.230724815540555,28.86469447896466,4,6.3660303365758955,47.93473291813461,41.56870258155871,80.2309515867141,positive_cross,toward_S4,3.87499393028693
3,miata,2024-03-29 20:52:12+00:00,40.288045,-88.126153,80.26700080036339,2511.0,6.786376978155076,rs1,3.500465415475402,34.205248135893086,30.704782720417683,4,3.500465415475402,54.72173226326856,51.22126684779315,80.2309515867141,positive_cross,toward_S4,4.0006675780305425
3,miata,2024-03-29 20:52:13+00:00,40.287993,-88.126156,86.05278627551313,2512.0,5.785785475149737,rs1,7.823850298065269,34.344500286824946,26.52064998875968,4,7.823850298065269,60.51012288475624,52.686272586690976,80.2309515867141,positive_cross,toward_S4,4.107811753496279
3,miata,2024-03-29 20:52:14+00:00,40.28795,-88.126167,90.85022059148763,2513.0,4.797434315974499,rs1,12.581193687320454,34.49386734148444,21.912673654163985,4,12.581193687320454,65.34425655722195,52.7630628699015,80.2309515867141,positive_cross,toward_S4,4.196653129718029
3,miata,2024-03-29 20:52:15+00:00,40.287917,-88.126198,94.5664874294789,2514.0,3.7162668379912702,rs1,16.986646393777555,33.31611653633843,16.329470142560872,4,16.986646393777555,69.23288011611287,52.24623372233531,80.2309515867141,positive_cross,toward_S4,4.265472885977126
3,miata,2024-03-29 20:52:16+00:00,40.287897,-88.126241,96.85581594492565,2515.0,2.289328515446755,rs1,20.67168901059303,31.102262310367742,10.43057329977471,4,20.67168901059303,71.90882651273552,51.23713750214249,80.2309515867141,positive_cross,toward_S4,4.307867858485399
3,miata,2024-03-29 20:52:17+00:00,40.287883,-88.126294,98.49338388769381,2516.0,1.6375679427681575,rs1,24.529383308209564,28.267690444834326,3.738307136624762,4,24.529383308209564,74.2505937289147,49.721210420705134,80.2309515867141,positive_cross,toward_S4,4.338193190758884
3,miata,2024-03-29 20:52:18+00:00,40.287879,-88.126351,99.02530366644204,2517.0,0.5319197787482324,rs2,24.961771509397558,28.105472221491407,3.1437007120938496,4,24.961771509397558,74.53396136134386,49.5721898519463,80.2309515867141,negative_cross,toward_S4,4.348043557031999
3,miata,2024-03-29 20:52:19+00:00,40.287884,-88.126404,98.55051177069753,2518.0,-0.4747918957445165,rs2,21.615154929639182,31.133183824117793,9.518028894478611,4,21.615154929639182,73.03421346546448,51.41905853582529,80.2309515867141,negative_cross,ambiguous,4.339251114518212
3,miata,2024-03-29 20:52:20+00:00,40.287897,-88.126454,97.18171507745755,2519.0,-1.3687966932399718,rs2,18.101574836987236,33.80452953100598,15.702954694018747,4,18.101574836987236,70.93935832309779,52.83778348611055,80.2309515867141,negative_cross,toward_S1,4.313903027606361
3,miata,2024-03-29 20:52:21+00:00,40.287928,-88.126489,93.78878473670902,2520.0,-3.392930340748535,rs2,13.686457610942071,34.82742874960972,21.140971138667652,4,13.686457610942071,67.18157123408332,53.49511362314125,80.2309515867141,negative_cross,toward_S1,4.251070984259165
3,miata,2024-03-29 20:52:22+00:00,40.287969,-88.126503,89.25195516003538,2521.0,-4.5368295766736395,rs2,9.082129864224788,34.367937747055045,25.285807882830255,4,9.082129864224788,62.535334154032256,53.453204289807466,80.2309515867141,negative_cross,toward_S1,4.167055621728172
3,miata,2024-03-29 20:52:23+00:00,40.288013,-88.126499,84.35405431008196,2522.0,-4.897900849953416,rs2,5.694030505627738,32.99154806760097,27.29751756197323,4,5.694030505627738,57.68940425595168,51.99537375032394,80.2309515867141,negative_cross,toward_S1,4.076353754136442
3,miata,2024-03-29 20:52:24+00:00,40.288125,-88.126492,71.89153864721901,2523.0,-12.462515662862955,rs2,10.916510422329567,32.96771471291245,22.051204290582888,4,10.916510422329567,45.37589977663085,34.45938935430129,80.2309515867141,negative_cross,toward_S1,3.8455664270463874
3,miata,2024-03-29 20:52:26+00:00,40.288189,-88.126488,64.77010112546087,2525.0,-3.5607187608790696,rs2,17.56153886727646,35.00912758997645,17.44758872269999,4,17.56153886727646,38.38544157980962,20.82390271253316,80.2309515867141,negative_cross,toward_S1,3.7136879544212364
3,miata,2024-03-29 20:52:27+00:00,40.288331,-88.126486,48.97993066966692,2526.0,-15.790170455793948,rs5,23.002017216151895,32.919710676541946,9.917693460390051,3,23.002017216151895,32.919710676541946,9.917693460390051,26.33125891160298,negative_cross,toward_S1,3.4194198473715547
3,miata,2024-03-29 20:52:28+00:00,40.288405,-88.126485,40.75131494103874,2527.0,-8.228615728628178,rs5,15.319451711447753,34.82432987398295,19.504878162535192,3,15.319451711447753,41.05434421522916,25.734892503781403,26.33125891160298,negative_cross,toward_S1,3.267038074619181
3,miata,2024-03-29 20:52:29+00:00,40.288476,-88.126479,32.848579497970775,2528.0,-7.902735443067968,rs5,9.244802786067547,31.828009691144924,22.583206905077375,3,9.244802786067547,48.94490593388734,39.700103147819796,26.33125891160298,negative_cross,toward_S1,3.120691121969774
3,miata,2024-03-29 20:52:30+00:00,40.28855,-88.126468,24.60466334058053,2529.0,-8.243916157390245,rs5,8.338651603878375,30.22734350441033,21.888691900531956,3,8.338651603878375,51.9735829458198,43.634931341941424,26.33125891160298,negative_cross,toward_S1,2.9680260079440286
3,miata,2024-03-29 20:52:32+00:00,40.288626,-88.126456,16.136863472900977,2531.0,-4.233899933839776,rs5,14.038843235274102,30.838974607513084,16.80013137223898,3,14.038843235274102,43.6864426237481,29.647599388474,26.33125891160298,negative_cross,toward_S1,2.8112148992832964
3,miata,2024-03-29 20:52:33+00:00,40.288706,-88.126446,7.22741635692018,2532.0,-8.909447115980797,rs5,21.98928064922451,34.05272894256127,12.063448293336755,3,21.98928064922451,35.037847571306614,13.048566922082102,26.33125891160298,negative_cross,toward_S1,2.6462251378762445
3,miata,2024-03-29 20:52:34+00:00,40.288786,-88.126439,-1.6774406312132584,2533.0,-8.904856988133439,rs7,26.51112313183922,30.40331086900435,3.8921877371651306,2,26.51112313183922,30.40331086900435,3.8921877371651306,-27.632700444717127,negative_cross,toward_S1,2.4806529595093307
3,miata,2024-03-29 20:52:35+00:00,40.288866,-88.126431,-10.583827661450337,2534.0,-8.90638703023708,rs7,18.396265416955284,31.65337193727108,13.257106520315794,2,18.396265416955284,39.06581834099629,20.669552924041003,-27.632700444717127,negative_cross,toward_S1,2.315719866356792
3,miata,2024-03-29 20:52:36+00:00,40.288947,-88.126426,-19.59680139715381,2535.0,-9.012973735703474,rs7,11.281262342826883,27.409540956531224,16.12827861370434,2,11.281262342826883,47.870125520605,36.588863177778116,-27.632700444717127,negative_cross,toward_S1,2.1488129453252465
3,miata,2024-03-29 20:52:37+00:00,40.289028,-88.126424,-28.605185004219965,2536.0,-9.008383607066154,rs7,8.626155820101028,26.009509369557602,17.383353549456572,2,8.626155820101028,50.05849026319572,41.432334443094696,-27.632700444717127,negative_cross,toward_S1,1.9819910266758733
3,miata,2024-03-29 20:52:38+00:00,40.289112,-88.126421,-37.948629154910925,2537.0,-9.34344415069096,rs7,13.874237317425349,27.684161737404146,13.809924419978797,2,13.874237317425349,40.79538201089203,26.92114469346668,-27.632700444717127,negative_cross,toward_S1,1.8089642831445594
3,miata,2024-03-29 20:52:39+00:00,40.289194,-88.12642,-47.066659552418976,2538.0,-9.11803039750805,rs7,21.75700580454487,31.773731263721523,10.016725459176651,2,21.75700580454487,31.773731263721523,10.016725459176651,-27.632700444717127,negative_cross,toward_S1,1.6401118683758917
3,miata,2024-03-29 20:52:40+00:00,40.289274,-88.126419,-55.962336282509554,2539.0,-8.895676730090578,rs10,23.048034719171245,30.12926259073112,7.081227871559875,1,23.048034719171245,30.12926259073112,7.081227871559875,-78.92951005359993,negative_cross,toward_S1,1.42531803279797
3,miata,2024-03-29 20:52:41+00:00,40.289352,-88.12642,-64.63259926022896,2540.0,-8.670262977719403,rs10,14.682809692429803,28.99678719240787,14.313977499978066,1,14.682809692429803,38.48118510621599,23.798375413786186,-78.92951005359993,negative_cross,toward_S1,1.2647576072846476
3,miata,2024-03-29 20:52:42+00:00,40.289427,-88.126419,-72.97239182296082,2541.0,-8.339792562731859,rs10,7.465807234534727,25.792875921496563,18.327068686961837,1,7.465807234534727,46.65523868226257,39.18943144772784,-78.92951005359993,negative_cross,toward_S1,1.1103170042710946
3,miata,2024-03-29 20:52:43+00:00,40.289494,-88.12642,-80.41970963027917,2542.0,-7.447317807318356,rs10,5.387086979684884,25.183755436421215,19.79666845673633,1,5.387086979684884,53.97438835492236,48.58730137523747,-78.92951005359993,negative_cross,toward_S1,0.9724037115429769
3,miata,2024-03-29 20:52:44+00:00,40.289549,-88.12642,-86.53443547833452,2543.0,-6.114725848055343,rs10,9.529058418828848,26.23445229528346,16.705393876454615,1,9.529058418828848,60.01744097515999,50.488382556331146,-78.92951005359993,negative_cross,toward_S1,0.8591680476901002
3,miata,2024-03-29 20:52:45+00:00,40.289594,-88.126412,-91.54963333308915,2544.0,-5.015197854754632,rs10,14.292608388406702,27.467138822800603,13.174530434393901,1,14.292608388406702,65.06803146143696,50.775423073030254,-78.92951005359993,negative_cross,toward_S1,0.7662940133427922
3,miata,2024-03-29 20:52:46+00:00,40.289629,-88.126387,-95.47907358045501,2545.0,-3.9294402473658607,rs10,18.712201038234845,27.703139333777916,8.99093829554307,1,18.712201038234845,69.24643855016487,50.53423751193002,-78.92951005359993,negative_cross,toward_S1,0.6935266013545356
3,miata,2024-03-29 20:52:47+00:00,40.289655,-88.126348,-98.42934292666672,2546.0,-2.950269346211712,rs10,22.791960757756677,27.08472972185536,4.292768964098684,1,22.791960757756677,72.70671837751487,49.9147576197582,-78.92951005359993,negative_cross,toward_S1,0.6388919838320963
3,miata,2024-03-29 20:52:48+00:00,40.289674,-88.126304,-100.60902465088164,2547.0,-2.179681724214916,rs8,26.291896679171778,26.551043367986633,0.25914668881485525,1,26.291896679171778,74.3978023322217,48.10590565304992,-78.92951005359993,positive_cross,toward_S1,0.5985275074577461
3,miata,2024-03-29 20:52:49+00:00,40.289681,-88.126256,-101.46070454449259,2548.0,-0.8516798936109495,rs8,24.841152293100617,29.620151786418283,4.7789994933176665,1,24.841152293100617,74.40845888118766,49.567306588087035,-78.92951005359993,positive_cross,toward_S1,0.5827556575760618
3,miata,2024-03-29 20:52:50+00:00,40.28967,-88.126206,-100.31426151867011,2549.0,1.146443025822478,rs8,22.06933870793994,31.648018935722728,9.578680227782787,1,22.06933870793994,72.64085343897456,50.57151473103462,-78.92951005359993,positive_cross,toward_S4,0.6039860839801818
3,miata,2024-03-29 20:52:51+00:00,40.289641,-88.126166,-97.1513350596983,2550.0,3.1629264589718105,rs8,18.06894223509322,32.273768742383666,14.204826507290445,1,18.06894223509322,69.14910237016876,51.080160135075545,-78.92951005359993,positive_cross,toward_S4,0.6625587961833634
3,miata,2024-03-29 20:52:52+00:00,40.289598,-88.126149,-92.39674194345461,2551.0,4.754593116243683,rs8,13.10292669351525,31.108066877129524,18.005140183614273,1,13.10292669351525,64.2995472859744,51.19662059245915,-78.92951005359993,positive_cross,toward_S4,0.7506068168545428
3,miata,2024-03-29 20:52:53+00:00,40.289552,-88.126149,-87.28260759838282,2552.0,5.11413434507179,rs8,8.100013736925364,29.24292017663191,21.142906439706543,1,8.100013736925364,59.18790846559813,51.087894728672765,-78.92951005359993,positive_cross,toward_S4,0.8453130084299463
3,miata,2024-03-29 20:52:54+00:00,40.289504,-88.126152,-81.94152945725627,2553.0,5.341078141126559,rs8,3.450046824191547,27.916349890858225,24.46630306666668,1,3.450046824191547,53.868181476320395,50.41813465212885,-78.92951005359993,positive_cross,toward_S4,0.944221862895253
3,miata,2024-03-29 20:52:55+00:00,40.28945,-88.126153,-75.93645040043276,2554.0,6.005079056823504,rs8,4.328066951524319,27.81043527233677,23.482368320812448,1,4.328066951524319,47.87713453108355,43.54906757955923,-78.92951005359993,positive_cross,toward_S4,1.0554270306142068
3,miata,2024-03-29 20:52:56+00:00,40.289389,-88.126153,-69.154663550915,2555.0,6.781786849517758,rs8,10.618920212102585,29.306096572000694,18.68717635989811,1,10.618920212102585,41.10789440890973,30.488974196807142,-78.92951005359993,positive_cross,toward_S4,1.1810156759756467
3,miata,2024-03-29 20:52:57+00:00,40.289319,-88.126155,-61.36922511345993,2556.0,7.7854384374550705,rs8,18.302569735377876,32.57246440900053,14.269894673622655,1,18.302569735377876,33.36342148603782,15.060851750659946,-78.92951005359993,positive_cross,toward_S4,1.3251904618544443
3,miata,2024-03-29 20:52:58+00:00,40.289247,-88.126156,-53.362963052249206,2557.0,8.006262061210727,rs6,25.413584382123386,26.260216486558253,0.8466321044348675,2,25.413584382123386,26.260216486558253,0.8466321044348675,-27.632700444717127,positive_cross,toward_S4,1.5235136554160726
3,miata,2024-03-29 20:52:59+00:00,40.289173,-88.126159,-45.1312872370656,2558.0,8.231675815183607,rs6,17.332772102573113,34.47775986893008,17.144987766356966,2,17.332772102573113,34.47775986893008,17.144987766356966,-27.632700444717127,positive_cross,toward_S4,1.6759520964379913
3,miata,2024-03-29 20:53:00+00:00,40.289098,-88.126158,-36.794554760867385,2559.0,8.336732476198215,rs6,9.286856460050178,32.41052490626333,23.123668446213156,2,9.286856460050178,42.78832366197039,33.50146720192021,-27.632700444717127,positive_cross,toward_S4,1.8303360311824026
3,miata,2024-03-29 20:53:01+00:00,40.289018,-88.126156,-27.903468158624154,2560.0,8.89108660224323,rs6,3.268873448188213,31.248971891928306,27.980098443740093,2,3.268873448188213,51.65996546509946,48.391092016911244,-27.632700444717127,positive_cross,toward_S4,1.9949857830757958
3,miata,2024-03-29 20:53:02+00:00,40.288937,-88.126154,-18.90120472304543,2561.0,9.002263435578723,rs6,9.776847151710271,32.601987587485475,22.825140435775204,2,9.776847151710271,44.742535679892185,34.965688528181914,-27.632700444717127,positive_cross,toward_S4,2.1616943652161424
3,miata,2024-03-29 20:53:03+00:00,40.288856,-88.126153,-9.897411245384806,2562.0,9.003793477660626,rs6,18.53062761573955,35.760364684806994,17.229737069067443,2,18.53062761573955,35.760364684806994,17.229737069067443,-27.632700444717127,positive_cross,toward_S4,2.328431281469117
3,miata,2024-03-29 20:53:04+00:00,40.288772,-88.126151,-0.5616173090966202,2563.0,9.335793936288185,rs3,26.455028998274873,27.773565901791837,1.3185369035169643,3,26.455028998274873,27.773565901791837,1.3185369035169643,26.33125891160298,positive_cross,toward_S4,2.501983773690748
3,miata,2024-03-29 20:53:05+00:00,40.288687,-88.126148,8.8838234176552,2564.0,9.445440726751821,rs3,17.067621150071385,37.17245057199821,20.104829421926826,3,17.067621150071385,37.17245057199821,20.104829421926826,26.33125891160298,positive_cross,toward_S4,2.6768993427046706
3,miata,2024-03-29 20:53:06+00:00,40.288602,-88.126149,18.335384316684408,2565.0,9.451560899029207,rs3,7.97732343098069,35.99997726069502,28.02265382971433,3,7.97732343098069,46.6132929915081,38.63596956052741,26.33125891160298,positive_cross,toward_S4,2.8519282482422486
3,miata,2024-03-29 20:53:07+00:00,40.288517,-88.126147,27.782355086308087,2566.0,9.446970769623679,rs3,3.630916421104562,35.27932641351971,31.64840999241515,3,3.630916421104562,51.38412458858751,47.75320816748295,26.33125891160298,positive_cross,toward_S4,3.026872151383428
3,miata,2024-03-29 20:53:08+00:00,40.288432,-88.126148,37.23391598454734,2567.0,9.45156089823925,rs3,11.959669921429672,36.7983575094133,24.838687587983628,3,11.959669921429672,41.95260017371796,29.99293025228829,26.33125891160298,positive_cross,toward_S4,3.201901056906377
3,miata,2024-03-29 20:53:09+00:00,40.288349,-88.126148,46.461593173287234,2568.0,9.227677188739897,rs3,21.019935954427073,32.74848768246614,11.728551728039069,3,21.019935954427073,32.74848768246614,11.728551728039069,26.33125891160298,positive_cross,toward_S4,3.3727839678089677
3,miata,2024-03-29 20:53:10+00:00,40.288264,-88.126149,55.91315407152649,2569.0,9.451560898239258,rs1,23.35582482522183,30.41424936248858,7.058424537266749,4,23.35582482522183,30.41424936248858,7.058424537266749,80.2309515867141,positive_cross,toward_S4,3.549670416385415
3,miata,2024-03-29 20:53:11+00:00,40.288182,-88.12615,65.03118446903453,2570.0,9.118030397508036,rs1,14.3725071684933,37.90720484210008,23.53469767360678,4,14.3725071684933,39.50452014594973,25.132012977456434,80.2309515867141,positive_cross,toward_S4,3.718522831154082
3,miata,2024-03-29 20:53:12+00:00,40.28811,-88.126148,73.03285640162969,2571.0,8.001671932595158,rs1,6.685840781354104,35.49177043038448,28.805929649030375,4,6.685840781354104,47.479676536131166,40.793835754777064,80.2309515867141,positive_cross,toward_S4,3.8667019410169554
3,miata,2024-03-29 20:53:13+00:00,40.28805,-88.126147,79.70193637496183,2572.0,6.6690799733321455,rs1,2.854180675868901,34.727780419170884,31.873599743301984,4,2.854180675868901,54.13657710296974,51.282396427100835,80.2309515867141,positive_cross,toward_S4,3.9902034220045874
3,miata,2024-03-29 20:53:14+00:00,40.287999,-88.126148,85.37348493105412,2573.0,5.67154855609229,rs1,6.927928592848048,34.92234072800154,27.99441213515349,4,6.927928592848048,59.805727094449175,52.87779850160113,80.2309515867141,positive_cross,toward_S4,4.09523209896926
3,miata,2024-03-29 20:53:15+00:00,40.287962,-88.126149,89.48855781680415,2574.0,4.115072885750024,rs1,10.83207372267555,35.61013364466827,24.778059921992714,4,10.83207372267555,63.92022061851409,53.088146895838534,80.2309515867141,positive_cross,toward_S4,4.171437152409075
3,miata,2024-03-29 20:53:16+00:00,40.28793,-88.126162,93.06610704891129,2575.0,3.5775492321071454,rs1,14.557471480456124,35.60129478677032,21.043823306314195,4,14.557471480456124,67.5354637626412,52.97799228218508,80.2309515867141,positive_cross,toward_S4,4.237688064114763
3,miata,2024-03-29 20:53:17+00:00,40.287904,-88.126198,96.01178626650739,2576.0,2.945679217596094,rs1,18.3098414654225,33.93502317551167,15.625181710089166,4,18.3098414654225,70.67097098261681,52.36112951719431,80.2309515867141,positive_cross,toward_S4,4.2922376792554315
3,miata,2024-03-29 20:53:18+00:00,40.287886,-88.126245,98.0848812860459,2577.0,2.0730950195385134,rs1,21.89580211321641,31.459654719783256,9.563852606566847,4,21.89580211321641,73.16983290924307,51.274030796026665,80.2309515867141,positive_cross,toward_S4,4.330628327765404
3,miata,2024-03-29 20:53:19+00:00,40.287878,-88.126297,99.05385818445805,2578.0,0.9689768984121514,rs1,25.12360834932063,28.417013374018257,3.293405024697627,4,25.12360834932063,74.84758778064473,49.723979431324096,80.2309515867141,positive_cross,toward_S4,4.348572344402665
3,miata,2024-03-29 20:53:20+00:00,40.287878,-88.126348,99.13189037111847,2579.0,0.07803218666042255,rs2,25.219174195934382,28.00248444262062,2.783310246686238,4,25.219174195934382,74.70352042680733,49.484346230872944,80.2309515867141,negative_cross,ambiguous,4.350017384896377
3,miata,2024-03-29 20:53:21+00:00,40.28789,-88.126401,97.87886064061952,2580.0,-1.2530297304989517,rs2,21.240296059778526,30.525049996163354,9.284753936384828,4,21.240296059778526,72.4260930144541,51.18579695467557,80.2309515867141,negative_cross,toward_S1,4.326813130627878
3,miata,2024-03-29 20:53:22+00:00,40.287907,-88.126444,96.05464631320987,2581.0,-1.8242143274096492,rs2,17.577432113584337,32.504086686001756,14.92665457241742,4,17.577432113584337,69.95354125608733,52.376109142503,80.2309515867141,negative_cross,toward_S1,4.293031383823996
3,miata,2024-03-29 20:53:23+00:00,40.287939,-88.126476,92.54594900969859,2582.0,-3.5086973035112834,rs2,13.120038134078754,33.328057083841074,20.20801894976232,4,13.120038134078754,66.07685667964437,52.95681854556561,80.2309515867141,negative_cross,toward_S1,4.228055507833046
3,miata,2024-03-29 20:53:24+00:00,40.287979,-88.12649,88.12029626636044,2583.0,-4.425652743338148,rs2,8.794002132662886,33.00589093789333,24.21188880523044,4,8.794002132662886,61.52723076323951,52.73322863057662,80.2309515867141,negative_cross,toward_S1,4.146098975549006
3,miata,2024-03-29 20:53:25+00:00,40.288023,-88.126489,83.22698554504431,2584.0,-4.893310721316126,rs2,5.99531970532027,32.006788554281385,26.011468848961115,4,5.99531970532027,56.66917637559572,50.67385667027545,80.2309515867141,negative_cross,toward_S1,4.055482110339448
3,miata,2024-03-29 20:53:26+00:00,40.28807,-88.126483,77.99249410938417,2585.0,-5.234491435660146,rs2,7.0480028343642305,31.330790267302753,24.282787432938523,4,7.0480028343642305,51.540646417311265,44.49264358294703,80.2309515867141,negative_cross,toward_S1,3.9585470837531496
3,miata,2024-03-29 20:53:27+00:00,40.288125,-88.12648,71.87317813271322,2586.0,-6.119315976670947,rs2,11.45778765799585,31.97869418558775,20.520906527591897,4,11.45778765799585,45.521297952995496,34.063510294999645,80.2309515867141,negative_cross,toward_S1,3.8452264175185022
3,miata,2024-03-29 20:53:28+00:00,40.288187,-88.12648,64.98021444988171,2587.0,-6.892963682831507,rs2,17.589287443035605,34.30015046134272,16.710863018307112,4,17.589287443035605,38.72179711170113,21.132509668665524,80.2309515867141,negative_cross,toward_S1,3.7175789419105114
3,miata,2024-03-29 20:53:29+00:00,40.288255,-88.12648,57.420189765587814,2588.0,-7.5600246842939,rs2,24.78070103114884,31.312865395540776,6.532164364391935,4,24.78070103114884,31.312865395540776,6.532164364391935,80.2309515867141,negative_cross,toward_S1,3.577578484793958
3,miata,2024-03-29 20:53:30+00:00,40.288325,-88.126482,49.64087149962016,2589.0,-7.779318265967653,rs5,23.73841498545371,32.327841883859776,8.589426898406067,3,23.73841498545371,32.327841883859776,8.589426898406067,26.33125891160298,negative_cross,toward_S1,3.4316594923706885
3,miata,2024-03-29 20:53:31+00:00,40.288396,-88.126482,41.74731631459504,2590.0,-7.8935551850251215,rs5,16.334060404859578,35.026720144052135,18.692659739192557,3,16.334060404859578,40.103555869690084,23.769495464830506,26.33125891160298,negative_cross,toward_S1,3.2854825444998528
3,miata,2024-03-29 20:53:32+00:00,40.288464,-88.126478,34.181171458813694,2591.0,-7.566144855781346,rs5,10.213336334968263,32.05222270494995,21.838886369981687,3,10.213336334968263,47.634226360248135,37.420890025279874,26.33125891160298,negative_cross,toward_S1,3.1453687508742725
3,miata,2024-03-29 20:53:33+00:00,40.288533,-88.12647,26.497729597397722,2592.0,-7.683441861415972,rs5,7.858204878070634,30.358731922869808,22.500527044799174,3,7.858204878070634,53.84192415206277,45.983719273992136,26.33125891160298,negative_cross,toward_S1,3.0030827904776802
3,miata,2024-03-29 20:53:34+00:00,40.288604,-88.12646,18.588873983610547,2593.0,-7.908855613787175,rs5,12.019819195910411,30.462329898888164,18.442510702977753,3,12.019819195910411,46.07152553022835,34.05170633431794,26.33125891160298,negative_cross,toward_S1,2.8566225013334736
3,miata,2024-03-29 20:53:35+00:00,40.288677,-88.126451,10.459194745299508,2594.0,-8.12967923831104,rs5,18.947556562469334,32.7447706995765,13.797214137107165,3,18.947556562469334,38.13833264448248,19.190776082013148,26.33125891160298,negative_cross,toward_S1,2.706072885809195
3,miata,2024-03-29 20:53:36+00:00,40.288753,-88.126445,2.0005751348728396,2595.0,-8.458619610426668,rs5,26.7938337179029,29.940403362202744,3.146569644299845,3,26.7938337179029,29.940403362202744,3.146569644299845,26.33125891160298,negative_cross,toward_S1,2.549431781912405
3,miata,2024-03-29 20:53:37+00:00,40.288829,-88.126439,-6.458044475553828,2596.0,-8.458619610426668,rs7,21.948908883899616,34.59447851246309,12.645569628563475,2,21.948908883899616,34.931943237307294,12.983034353407678,-27.632700444717127,negative_cross,toward_S1,2.3921232586882093
3,miata,2024-03-29 20:53:38+00:00,40.288907,-88.126431,-15.142077839163411,2597.0,-8.684033363609583,rs7,14.413945635173814,29.429596229787183,15.01565059461337,2,14.413945635173814,43.45568946635232,29.041743831178504,-27.632700444717127,negative_cross,toward_S1,2.2313078260287726
3,miata,2024-03-29 20:53:39+00:00,40.288987,-88.126426,-24.04387474076318,2598.0,-8.901796901599768,rs7,8.914266007727173,26.427870510794357,17.513604503067185,2,8.914266007727173,52.198115705636496,43.283849697909325,-27.632700444717127,negative_cross,toward_S1,2.0664597352584066
3,miata,2024-03-29 20:53:40+00:00,40.289069,-88.126422,-33.16649526688679,2599.0,-9.122620526123612,rs7,10.535980296563686,26.38572948696565,15.849749190401965,2,10.535980296563686,45.53775897814944,35.001778681585755,-27.632700444717127,negative_cross,toward_S1,1.8975223181079692
3,miata,2024-03-29 20:53:41+00:00,40.289154,-88.126419,-42.621116251681464,2600.0,-9.454620984794673,rs7,17.82722877653671,29.575633410055417,11.748404633518707,2,17.82722877653671,36.185855806050995,18.358627029514285,-27.632700444717127,negative_cross,toward_S1,1.722436744315475
3,miata,2024-03-29 20:53:42+00:00,40.28924,-88.126421,-52.17926385461889,2601.0,-9.558147602937424,rs7,26.48470636165068,26.717609501593223,0.2329031399425432,2,26.48470636165068,26.717609501593223,0.2329031399425432,-27.632700444717127,negative_cross,toward_S1,1.5454340109277451
3,miata,2024-03-29 20:53:43+00:00,40.289326,-88.126423,-61.73741145832453,2602.0,-9.558147603705642,rs10,17.35796656474979,30.749703489509404,13.391736924759613,1,17.35796656474979,35.61071620704104,18.252749642291246,-78.92951005359993,negative_cross,toward_S1,1.3183721962088035
3,miata,2024-03-29 20:53:44+00:00,40.289408,-88.126423,-70.85391181296073,2603.0,-9.116500354636202,rs10,8.941294123910678,26.695066136128528,17.75377201221785,1,8.941294123910678,44.516117487512304,35.574823363601624,-78.92951005359993,negative_cross,toward_S1,1.1495481155673926
3,miata,2024-03-29 20:53:45+00:00,40.289481,-88.126424,-78.96829062253143,2604.0,-8.114378809570695,rs10,4.698030780250263,25.48669649586241,20.788665715612147,1,4.698030780250263,52.49246304916288,47.794432268912615,-78.92951005359993,negative_cross,toward_S1,0.9992818413160833
3,miata,2024-03-29 20:53:46+00:00,40.289543,-88.126424,-85.86125430536295,2605.0,-6.892963682831521,rs10,8.783140048995664,26.379900377982995,17.59676032898733,1,8.783140048995664,59.30781424345876,50.524674194463095,-78.92951005359993,negative_cross,toward_S1,0.8716343657080922
3,miata,2024-03-29 20:53:47+00:00,40.289591,-88.126422,-91.20080240359589,2606.0,-5.339548098232939,rs10,13.664290201811964,28.079627890243493,14.41533768843153,1,13.664290201811964,64.61855066341084,50.95426046159888,-78.92951005359993,negative_cross,toward_S1,0.7727538453704452
3,miata,2024-03-29 20:53:48+00:00,40.289629,-88.126402,-95.45612293731192,2607.0,-4.255320533716031,rs10,18.21809956254499,28.739577372850917,10.521477810305928,1,18.21809956254499,69.04375030231422,50.82565073976923,-78.92951005359993,negative_cross,toward_S1,0.6939516132645928
3,miata,2024-03-29 20:53:49+00:00,40.289656,-88.126366,-98.51297898820006,2608.0,-3.0568560508881433,rs10,22.187789960764082,28.255302043219643,6.067512082455561,1,22.187789960764082,72.51726550048163,50.32947553971755,-78.92951005359993,negative_cross,toward_S1,0.6373431678777752
3,miata,2024-03-29 20:53:50+00:00,40.289672,-88.12632,-100.36219029823917,2609.0,-1.8492113100391094,rs10,25.627082820204095,26.929509045410047,1.3024262252059522,1,25.627082820204095,74.48165880812516,48.854575987921066,-78.92951005359993,negative_cross,toward_S1,0.6030985139881622
3,miata,2024-03-29 20:53:51+00:00,40.289676,-88.126272,-100.88033969032897,2610.0,-0.5181493920897964,rs8,25.001766821912245,28.333560583821463,3.3317937619092177,1,25.001766821912245,74.08728197454745,49.08551515263521,-78.92951005359993,positive_cross,toward_S1,0.5935031548753882
3,miata,2024-03-29 20:53:52+00:00,40.289669,-88.126226,-100.17248382783224,2611.0,0.7078558624967286,rs8,22.56138025072454,30.34942132564996,7.78804107492542,1,22.56138025072454,72.72527256814546,50.16389231742092,-78.92951005359993,positive_cross,toward_S4,0.6066115967734758
3,miata,2024-03-29 20:53:53+00:00,40.289647,-88.126183,-97.79238533227391,2612.0,2.380098495558329,rs8,19.05317000458313,31.496020849709932,12.442850845126802,1,19.05317000458313,69.91495476254728,50.86178475796415,-78.92951005359993,positive_cross,toward_S4,0.6506874948393707
3,miata,2024-03-29 20:53:54+00:00,40.289608,-88.12616,-93.491679808118,2613.0,4.300705524155916,rs8,14.372474447427853,30.785100964158655,16.412626516730803,1,14.372474447427853,65.4555242942886,51.08304984686074,-78.92951005359993,positive_cross,toward_S4,0.7303301897311469
3,miata,2024-03-29 20:53:55+00:00,40.289562,-88.126153,-88.38825576238101,2614.0,5.103424045736986,rs8,9.262531639645145,29.262212089823077,19.999680450177934,1,9.262531639645145,60.315011833590376,51.05248019394523,-78.92951005359993,positive_cross,toward_S4,0.8248380424299799
3,miata,2024-03-29 20:53:56+00:00,40.289512,-88.126154,-82.82788404039242,2615.0,5.560371721988588,rs8,4.235017728635775,27.861270690408155,23.62625296177238,1,4.235017728635775,54.7660129098744,50.53099518123862,-78.92951005359993,positive_cross,toward_S4,0.9278078891334723
3,miata,2024-03-29 20:53:57+00:00,40.289457,-88.126155,-76.71162814946521,2616.0,6.1162558909272065,rs8,3.834833971399278,27.570787619616038,23.73595364821676,1,3.834833971399278,48.66497926336418,44.830145291964904,-78.92951005359993,positive_cross,toward_S4,1.0410718871136058
3,miata,2024-03-29 20:53:58+00:00,40.289391,-88.126156,-69.37242708971691,2617.0,7.339201059748305,rs8,10.466769664106659,28.992615376611273,18.525845712504612,1,10.466769664106659,41.34903141079793,30.88226174669127,-78.92951005359993,positive_cross,toward_S4,1.1769830178496856
3,miata,2024-03-29 20:53:59+00:00,40.289319,-88.126157,-61.36616502769448,2618.0,8.00626206202243,rs8,18.328037092328444,32.429390716396846,14.101353624068402,1,18.328037092328444,33.37998714762504,15.051950055296594,-78.92951005359993,positive_cross,toward_S4,1.3252471301093602
3,miata,2024-03-29 20:54:00+00:00,40.28924,-88.126157,-52.583195173789484,2619.0,8.782969853904994,rs6,24.65298722877444,27.043404750501338,2.3904175217268993,2,24.65298722877444,27.043404750501338,2.3904175217268993,-27.632700444717127,positive_cross,toward_S4,1.5379538013134748
3,miata,2024-03-29 20:54:01+00:00,40.289156,-88.12616,-43.23975102312027,2620.0,9.343444150669214,rs6,15.505362350193913,34.64420022900672,19.138837878812808,2,15.505362350193913,36.368898933877446,20.863536583683533,-27.632700444717127,positive_cross,toward_S4,1.7109805448443862
3,miata,2024-03-29 20:54:02+00:00,40.289065,-88.126159,-33.124189209162324,2621.0,10.115561813957946,rs6,6.078324184750683,31.482116628494893,25.40379244374421,2,6.078324184750683,46.4563271677594,40.37800298300871,-27.632700444717127,positive_cross,toward_S4,1.8983057636213851
3,miata,2024-03-29 20:54:03+00:00,40.288884,-88.126153,-13.010362586069354,2622.0,20.11382662309297,rs6,15.465708035115483,34.7225993132021,19.25689127808662,2,15.465708035115483,38.86124623833537,23.395538203219886,-27.632700444717127,positive_cross,toward_S4,2.2707840344194032
3,miata,2024-03-29 20:54:04+00:00,40.288794,-88.12615,-3.0090376911906174,2623.0,10.001324894878737,rs6,25.331238995377408,28.875048803951362,3.543809808573954,2,25.331238995377408,28.875048803951362,3.543809808573954,-27.632700444717127,positive_cross,toward_S4,2.4559937546949353
3,miata,2024-03-29 20:54:05+00:00,40.288705,-88.126149,6.884170456139831,2624.0,9.893208147330448,rs3,19.054788725802872,35.18179860579443,16.127009879991554,3,19.054788725802872,35.18179860579443,16.127009879991554,26.33125891160298,positive_cross,toward_S4,2.6398687323062378
3,miata,2024-03-29 20:54:06+00:00,40.288615,-88.126148,16.888555436784024,2625.0,10.004384980644193,rs3,9.29704175716557,36.433517303691545,27.136475546525975,3,9.29704175716557,45.16486504030369,35.86782328313812,26.33125891160298,positive_cross,toward_S4,2.825135120836686
3,miata,2024-03-29 20:54:08+00:00,40.288527,-88.126149,26.673646835754486,2627.0,4.892545699485231,rs3,3.2787795771101957,35.083683355976014,31.804903778865818,3,3.2787795771101957,52.504059102448565,49.22527952533837,26.33125891160298,positive_cross,toward_S4,3.006340517113917
3,miata,2024-03-29 20:54:09+00:00,40.288439,-88.126152,36.461798321280355,2628.0,9.78815148552587,rs3,11.30504645930332,36.25053135850418,24.945484899200864,3,11.30504645930332,42.753514047731855,31.448467588428535,26.33125891160298,positive_cross,toward_S4,3.187602581660692
3,miata,2024-03-29 20:54:10+00:00,40.288355,-88.126153,45.8021823854159,2629.0,9.340384064135542,rs3,20.427404644365787,33.45241202026838,13.025007375902597,3,20.427404644365787,33.45241202026838,13.025007375902597,26.33125891160298,positive_cross,toward_S4,3.3605726569224617
3,miata,2024-03-29 20:54:11+00:00,40.288268,-88.126153,55.47456690820074,2630.0,9.672384522784846,rs1,23.84171239497897,30.008980985211245,6.1672685902322755,4,23.84171239497897,30.008980985211245,6.1672685902322755,80.2309515867141,positive_cross,toward_S4,3.541548431879382
3,miata,2024-03-29 20:54:12+00:00,40.288188,-88.126152,64.3671835533376,2631.0,8.892616645136854,rs1,15.060673369084832,38.03725275726024,22.97657938817541,4,15.060673369084832,38.85378219785325,23.793108828768418,80.2309515867141,positive_cross,toward_S4,3.706226517900435
3,miata,2024-03-29 20:54:13+00:00,40.288119,-88.126151,72.03685502805163,2632.0,7.669671474714036,rs1,7.7018753408902185,35.47839358783607,27.776518246945848,4,7.7018753408902185,46.4980606045688,38.79618526367858,80.2309515867141,positive_cross,toward_S4,3.8482574711358803
3,miata,2024-03-29 20:54:14+00:00,40.28806,-88.126154,78.60087833878924,2633.0,6.5640233107376105,rs1,3.4104854170532413,34.18887072820967,30.77838531115643,4,3.4104854170532413,53.062386608066205,49.65190119101297,80.2309515867141,positive_cross,toward_S4,3.969813458371762
3,miata,2024-03-29 20:54:15+00:00,40.288013,-88.126159,83.83383973234578,2634.0,5.232961393556536,rs1,6.083099116415695,33.82408081199896,27.740981695583265,4,6.083099116415695,58.306735447550444,52.22363633113475,80.2309515867141,positive_cross,toward_S4,4.066720150845031
3,miata,2024-03-29 20:54:16+00:00,40.287976,-88.126165,87.95656283247682,2635.0,4.12272310013104,rs1,9.856991978021698,33.93506480828277,24.07807283026107,4,9.856991978021698,62.44763823818909,52.5906462601674,80.2309515867141,positive_cross,toward_S4,4.143066874921532
3,miata,2024-03-29 20:54:17+00:00,40.287943,-88.126192,91.66670949895892,2636.0,3.7101466664821032,rs1,14.166958968368103,32.71782754351476,18.550868575146655,4,14.166958968368103,66.30380776280508,52.13684879443697,80.2309515867141,positive_cross,toward_S4,4.2117732946712
3,miata,2024-03-29 20:54:18+00:00,40.28792,-88.126233,94.28650842939315,2637.0,2.6197989304342286,rs1,18.149560904980788,30.484848576127423,12.335287671146634,4,18.149560904980788,69.27775907336986,51.128198168389076,80.2309515867141,positive_cross,toward_S4,4.260288089679242
3,miata,2024-03-29 20:54:19+00:00,40.287905,-88.126278,96.02301286245671,2638.0,1.7365044330635584,rs1,21.773765098418213,27.96178370674198,6.188018608323766,4,21.773765098418213,71.57968502166761,49.805919923249405,80.2309515867141,positive_cross,toward_S4,4.292445579180419
3,miata,2024-03-29 20:54:20+00:00,40.287896,-88.126326,97.09704642269519,2639.0,1.074033560238476,rs2,25.244928310536615,25.26731953791274,0.022391227376125755,4,25.244928310536615,73.25254370135916,48.007615390822544,80.2309515867141,negative_cross,toward_S4,4.312335089555205
3,miata,2024-03-29 20:54:21+00:00,40.287897,-88.126381,97.0700219475293,2640.0,-0.027024475165887907,rs2,21.756212210301282,28.70512515532556,6.948912945024279,4,21.756212210301282,72.00544064560584,50.24922843530456,80.2309515867141,negative_cross,ambiguous,4.311834636311392
3,miata,2024-03-29 20:54:22+00:00,40.287904,-88.126432,96.36981629941354,2641.0,-0.7002056481157553,rs2,18.421339163405353,31.80760626987883,13.386267106473476,4,18.421339163405353,70.43662108391793,52.01528192051258,80.2309515867141,negative_cross,toward_S1,4.298867865049989
3,miata,2024-03-29 20:54:23+00:00,40.287927,-88.126474,93.87701092687969,2642.0,-2.4928053725338515,rs2,14.360027969592883,33.716490106898206,19.35646213730532,4,14.360027969592883,67.42216460200248,53.0621366324096,80.2309515867141,negative_cross,toward_S1,4.252704802595659
3,miata,2024-03-29 20:54:24+00:00,40.287962,-88.126499,90.02407282330239,2643.0,-3.8529381035773014,rs2,9.926939181337062,34.27101916327477,24.34407998193771,4,9.926939181337062,63.339372490877125,53.41243330954006,80.2309515867141,negative_cross,toward_S1,4.181354096973857
3,miata,2024-03-29 20:54:25+00:00,40.288007,-88.126506,85.03182561169083,2644.0,-4.992247211611556,rs2,5.608838540812528,33.68024815776713,28.071409616954604,4,5.608838540812528,58.30204561085915,52.693207070046626,80.2309515867141,negative_cross,toward_S1,4.088905074536606
3,miata,2024-03-29 20:54:26+00:00,40.288054,-88.126504,79.8034543467499,2645.0,-5.228371264940932,rs2,4.690324621031572,33.072655826947695,28.382331205916124,4,4.690324621031572,53.10943672560307,48.4191121045715,80.2309515867141,negative_cross,toward_S1,3.9920833844451074
3,miata,2024-03-29 20:54:27+00:00,40.288105,-88.126499,74.12578561914844,2646.0,-5.677668727601457,rs2,8.71204026896299,33.10517551652268,24.393135247559687,4,8.71204026896299,47.51091279229811,38.79887252333512,80.2309515867141,negative_cross,toward_S1,3.8869413709710066
3,miata,2024-03-29 20:54:28+00:00,40.288165,-88.126497,67.45211551799066,2647.0,-6.673670101157782,rs2,14.790328413491727,34.678897167918365,19.888568754426636,4,14.790328413491727,40.91008611245233,26.119757698960605,80.2309515867141,negative_cross,toward_S1,3.7633548876162326
3,miata,2024-03-29 20:54:29+00:00,40.28823,-88.126496,60.22409129155611,2648.0,-7.228024226434556,rs2,21.7502879479782,33.77574358907916,12.025455641100962,4,21.7502879479782,33.77574358907916,12.025455641100962,80.2309515867141,negative_cross,toward_S1,3.6295025871267037
3,miata,2024-03-29 20:54:30+00:00,40.2883,-88.126495,52.44018289697288,2649.0,-7.783908394583229,rs5,26.150131790935255,29.39075664567455,3.240624854739295,3,26.150131790935255,29.39075664567455,3.240624854739295,26.33125891160298,negative_cross,toward_S1,3.4834985923216646
3,miata,2024-03-29 20:54:31+00:00,40.288372,-88.126493,44.43239079207859,2650.0,-8.007792104894286,rs5,18.473385701972248,37.10211138541714,18.62872568344489,3,18.473385701972248,37.324215292185634,18.850829590213387,26.33125891160298,negative_cross,toward_S1,3.3352061459347335
3,miata,2024-03-29 20:54:32+00:00,40.288444,-88.126487,36.418478516486836,2651.0,-8.013912275591757,rs5,11.456807004543741,33.40513732508966,21.94833032054592,3,11.456807004543741,45.32730800161626,33.87050099707252,26.33125891160298,negative_cross,toward_S1,3.186800363053405
3,miata,2024-03-29 20:54:33+00:00,40.288515,-88.126478,28.51115294559326,2652.0,-7.907325570893576,rs5,7.345984378298332,31.123418530466008,23.777434152167675,3,7.345984378298332,53.25746309969055,45.911478721392214,26.33125891160298,negative_cross,toward_S1,3.040368408036857
3,miata,2024-03-29 20:54:34+00:00,40.288586,-88.126467,20.60076728814426,2653.0,-7.910385657448998,rs5,10.260754382018646,30.611764510203653,20.351010128185006,3,10.260754382018646,47.99631156868319,37.73555718666454,26.33125891160298,negative_cross,toward_S1,2.8938797847507645
3,miata,2024-03-29 20:54:35+00:00,40.288658,-88.126456,12.579204798171473,2654.0,-8.021562489972789,rs5,16.918676421749367,32.17093169818525,15.252255276435882,3,16.918676421749367,40.16142512214213,23.24274870039276,26.33125891160298,negative_cross,toward_S1,2.74533233123275
3,miata,2024-03-29 20:54:36+00:00,40.288728,-88.126447,4.783056060569898,2655.0,-7.796148737601575,rs5,24.165596774895366,32.621387396331116,8.45579062143575,3,24.165596774895366,32.621387396331116,8.45579062143575,26.33125891160298,negative_cross,toward_S1,2.6009592064623503
3,miata,2024-03-29 20:54:37+00:00,40.288799,-88.126439,-3.122739467451825,2656.0,-7.905795528021723,rs7,25.123199978933446,31.764577763874847,6.641377784941401,2,25.123199978933446,31.764577763874847,6.641377784941401,-27.632700444717127,negative_cross,toward_S1,2.4538881662456538
3,miata,2024-03-29 20:54:38+00:00,40.288869,-88.126434,-10.912768033544227,2657.0,-7.790028566092402,rs7,17.985741475164012,31.688908583749107,13.703167108585095,2,17.985741475164012,39.31437236276256,21.32863088759855,-27.632700444717127,negative_cross,toward_S1,2.309628377984683
3,miata,2024-03-29 20:54:39+00:00,40.288943,-88.126429,-19.14750393447154,2658.0,-8.234735900927314,rs7,11.403672438582596,27.78722393746594,16.383551498883342,2,11.403672438582596,47.37706391566898,35.97339147708638,-27.632700444717127,negative_cross,toward_S1,2.1571332687082516
3,miata,2024-03-29 20:54:40+00:00,40.289015,-88.126425,-27.158356124319585,2659.0,-8.010852189848045,rs7,8.424936241815042,26.087529286058803,17.662593044243764,2,8.424936241815042,51.490694838155676,43.065758596340636,-27.632700444717127,negative_cross,toward_S1,2.008784154081436
3,miata,2024-03-29 20:54:41+00:00,40.289089,-88.126422,-35.39003193869148,2660.0,-8.231675814371894,rs7,11.938548030805908,26.929627711928926,14.991079681123018,2,11.938548030805908,43.3264557521797,31.38790772137379,-27.632700444717127,negative_cross,toward_S1,1.856345713074549
3,miata,2024-03-29 20:54:42+00:00,40.289164,-88.126421,-43.72982450144511,2661.0,-8.33979256275363,rs7,18.717961371504945,30.29386472592907,11.575903354424124,2,18.717961371504945,35.06078437439236,16.342823002887418,-27.632700444717127,negative_cross,toward_S1,1.7019051100605929
3,miata,2024-03-29 20:54:43+00:00,40.289238,-88.12642,-51.95844023007329,2662.0,-8.228615728628185,rs7,26.303311387910924,26.951916205227562,0.6486048173166381,2,26.303311387910924,26.951916205227562,0.6486048173166381,-27.632700444717127,negative_cross,toward_S1,1.5495233373082191
3,miata,2024-03-29 20:54:44+00:00,40.289314,-88.126419,-60.409409626118915,2663.0,-8.450969396045622,rs10,18.734641740543992,31.248338937659167,12.513697197115174,1,18.734641740543992,34.403530426325226,15.668888685781234,-78.92951005359993,negative_cross,toward_S1,1.3429648227311297
3,miata,2024-03-29 20:54:45+00:00,40.289389,-88.126419,-68.74767214597895,2664.0,-8.338262519860038,rs10,10.943819662325161,27.104629583774294,16.160809921449133,1,10.943819662325161,42.514555625305775,31.570735962980613,-78.92951005359993,negative_cross,toward_S1,1.188552553844833
3,miata,2024-03-29 20:54:46+00:00,40.289463,-88.126419,-76.97475783173527,2665.0,-8.227085685756322,rs10,5.294945751568295,25.149415881127016,19.85447012955872,1,5.294945751568295,50.59110059706296,45.29615484549467,-78.92951005359993,negative_cross,toward_S1,1.0361991152197159
3,miata,2024-03-29 20:54:47+00:00,40.289534,-88.12642,-84.86678297467851,2666.0,-7.89202514294324,rs10,8.156621281106908,25.808712299760014,17.652091018653106,1,8.156621281106908,58.36779855498259,50.211177273875684,-78.92951005359993,negative_cross,toward_S1,0.8900505014615077
3,miata,2024-03-29 20:54:48+00:00,40.289592,-88.126421,-91.31350927980324,2667.0,-6.446726305124727,rs10,13.798402451545625,28.051579186653132,14.253176735107507,1,13.798402451545625,64.74020176835137,50.94179931680574,-78.92951005359993,negative_cross,toward_S1,0.7706666809962349
3,miata,2024-03-29 20:54:49+00:00,40.289635,-88.12642,-96.09564316701568,2668.0,-4.782133887212439,rs10,18.369058205860984,30.376573830124624,12.00751562426364,1,18.369058205860984,69.49267578944229,51.12361758358131,-78.92951005359993,negative_cross,toward_S1,0.6821086460478565
3,miata,2024-03-29 20:54:50+00:00,40.28967,-88.126408,-100.00519285777212,2669.0,-3.9095496907564353,rs10,22.392235276472537,31.943580855718718,9.551345579246181,1,22.392235276472537,73.48534852679504,51.0931132503225,-78.92951005359993,negative_cross,toward_S1,0.609709577700515
3,miata,2024-03-29 20:54:51+00:00,40.289695,-88.126376,-102.83357506975536,2670.0,-2.8283822119832394,rs10,25.86819028428513,31.951389351068794,6.0831990667836635,1,25.86819028428513,76.64040388150684,50.77221359722171,-78.92951005359993,negative_cross,toward_S1,0.557332129330455
3,miata,2024-03-29 20:54:52+00:00,40.289708,-88.12634,-104.33395544951128,2671.0,-1.5003803797559243,rs10,28.36149230018753,31.146057614774925,2.7845653145873968,1,28.36149230018753,78.61716469251272,50.25567239232519,-78.92951005359993,negative_cross,toward_S1,0.5295473074831232
3,miata,2024-03-29 20:54:53+00:00,40.289711,-88.126298,-104.73174775101269,2672.0,-0.3977923015014113,rs8,29.475941379395266,30.305808948408025,0.8298675690127588,1,29.475941379395266,78.32293784140101,48.84699646200575,-78.92951005359993,positive_cross,ambiguous,0.5221807833812451
3,miata,2024-03-29 20:54:54+00:00,40.289708,-88.126254,-104.46553913681717,2673.0,0.26620861419552,rs8,27.48442690006388,32.08901589200812,4.60458899194424,1,27.48442690006388,77.34982343268037,49.86539653261649,-78.92951005359993,positive_cross,ambiguous,0.5271105725330141
3,miata,2024-03-29 20:54:55+00:00,40.289699,-88.126208,-103.53532960690296,2674.0,0.9302095299142081,rs8,25.197250010308164,33.81271446409167,8.615464453783506,1,25.197250010308164,75.86687597101346,50.66962596070529,-78.92951005359993,positive_cross,toward_S4,0.5443366749388328
3,miata,2024-03-29 20:54:56+00:00,40.289677,-88.126168,-101.1506409827073,2675.0,2.384688624195661,rs8,22.035749353820947,34.5764031018805,12.540653748059555,1,22.035749353820947,73.15629266811244,51.120543314291496,-78.92951005359993,positive_cross,toward_S4,0.5884975753869004
3,miata,2024-03-29 20:54:57+00:00,40.289639,-88.126143,-96.96417237842054,2676.0,4.186468604286759,rs8,17.562080298707794,33.77769010745019,16.215609808742396,1,17.562080298707794,68.83835490977496,51.276274611067166,-78.92951005359993,positive_cross,toward_S4,0.6660247717625811
3,miata,2024-03-29 20:54:58+00:00,40.289593,-88.12614,-91.85462816196433,2677.0,5.109544216456214,rs8,12.446388026783561,31.563913721049136,19.117525694265574,1,12.446388026783561,63.71655255057558,51.27016452379202,-78.92951005359993,positive_cross,toward_S4,0.7606459609562148
3,miata,2024-03-29 20:54:59+00:00,40.289541,-88.126147,-86.06272251451544,2678.0,5.7919056474488855,rs8,6.877381433289782,29.077795750482046,22.200414317192266,1,6.877381433289782,57.95813415885314,51.08075272556336,-78.92951005359993,positive_cross,toward_S4,0.867903472946009
3,miata,2024-03-29 20:55:00+00:00,40.289482,-88.126153,-79.49410907516227,2679.0,6.568613439353172,rs8,2.494454401518979,27.666281643539826,25.171827242020846,1,2.494454401518979,51.429851915458734,48.935397513939755,-78.92951005359993,positive_cross,toward_S4,0.9895444625636602
3,miata,2024-03-29 20:55:01+00:00,40.289415,-88.126157,-72.03914105267292,2680.0,7.4549680224893535,rs8,7.951962148358225,28.15173603555531,20.199773887197082,1,7.951962148358225,44.01702913259362,36.06506698423539,-78.92951005359993,positive_cross,toward_S4,1.1275994259430928
3,miata,2024-03-29 20:55:02+00:00,40.289342,-88.126158,-63.921702157358496,2681.0,8.117438895314422,rs8,15.820973704030651,31.051226749226903,15.230253045196251,1,15.820973704030651,35.93423983835359,20.11326613432294,-78.92951005359993,positive_cross,toward_S4,1.2779223684489154
3,miata,2024-03-29 20:55:03+00:00,40.289265,-88.126157,-55.36261601374282,2682.0,8.559086143615673,rs8,24.27980212565441,27.41055824566874,3.130756120014329,1,24.27980212565441,27.41055824566874,3.130756120014329,-78.92951005359993,positive_cross,toward_S4,1.4364239637010574
3,miata,2024-03-29 20:55:04+00:00,40.289184,-88.126155,-46.36035257818585,2683.0,9.002263435556976,rs6,18.471219561260412,33.23016451551569,14.758944954255277,2,18.471219561260412,33.23016451551569,14.758944954255277,-27.632700444717127,positive_cross,toward_S4,1.6531916271579867
3,miata,2024-03-29 20:55:05+00:00,40.289103,-88.126149,-37.364209314116295,2684.0,8.996143264069552,rs6,9.565751365575693,33.302048724731605,23.736297359155913,2,9.565751365575693,42.18761431607295,32.62186295049726,-27.632700444717127,positive_cross,toward_S4,1.8197868727889044
3,miata,2024-03-29 20:55:06+00:00,40.289023,-88.126146,-28.47465275551313,2685.0,8.889556558603164,rs6,2.4268215604031558,32.10737816656288,29.680556606159726,2,2.4268215604031558,51.06602202260734,48.63920046220419,-27.632700444717127,positive_cross,toward_S4,1.9844082905408147
3,miata,2024-03-29 20:55:07+00:00,40.288943,-88.126144,-19.58356615405986,2686.0,8.89108660145327,rs6,8.895526619071216,33.25268483525165,24.357158216180434,2,8.895526619071216,45.34944971428287,36.45392309521165,-27.632700444717127,positive_cross,toward_S4,2.149058042419579
3,miata,2024-03-29 20:55:08+00:00,40.288863,-88.126142,-10.692479551794886,2687.0,8.891086602264973,rs6,17.628997135235785,36.458785901312524,18.82978876607674,2,17.628997135235785,36.458785901312524,18.82978876607674,-27.632700444717127,positive_cross,toward_S4,2.313707794313375
3,miata,2024-03-29 20:55:09+00:00,40.288783,-88.12614,-1.8013929503198665,2688.0,8.891086601475019,rs6,26.47343765992769,27.573968972808302,1.1005313128806122,2,26.47343765992769,27.573968972808302,1.1005313128806122,-27.632700444717127,positive_cross,toward_S4,2.478357546192542
3,miata,2024-03-29 20:55:10+00:00,40.288704,-88.126138,6.978516817819659,2689.0,8.779909768139525,rs3,18.813799755524983,35.23455050309502,16.42075074757004,3,18.813799755524983,35.23455050309502,16.42075074757004,26.33125891160298,positive_cross,toward_S4,2.641615887152161
3,miata,2024-03-29 20:55:11+00:00,40.288621,-88.126136,16.20313392081584,2690.0,9.22461710299618,rs3,9.667475172439886,37.59255368352444,27.925078511084557,3,9.667475172439886,44.45122241621283,34.78374724377294,26.33125891160298,positive_cross,toward_S4,2.812442129800238
3,miata,2024-03-29 20:55:12+00:00,40.288539,-88.126138,25.32269436119574,2691.0,9.1195604403799,rs3,2.214241110383756,36.031764691224716,33.81752358084096,3,2.214241110383756,53.572327558472765,51.35808644808901,26.33125891160298,positive_cross,toward_S4,2.981322878696162
3,miata,2024-03-29 20:55:13+00:00,40.288457,-88.126141,34.44378484446925,2692.0,9.121090483273509,rs3,9.120301575205515,36.656887484757114,27.536585909551597,3,9.120301575205515,44.693010001833535,35.57270842662802,26.33125891160298,positive_cross,toward_S4,3.150231961719746
3,miata,2024-03-29 20:55:14+00:00,40.288371,-88.12614,44.00346249106849,2693.0,9.55967764659924,rs3,18.503292244660734,35.137914396689965,16.63462215202923,3,18.503292244660734,35.137914396689965,16.63462215202923,26.33125891160298,positive_cross,toward_S4,3.3272630292493615
3,miata,2024-03-29 20:55:15+00:00,40.288287,-88.12614,53.342316513122135,2694.0,9.338854022053646,rs1,25.819609802680958,27.795613586308292,1.976003783627334,4,25.819609802680958,27.795613586308292,1.976003783627334,80.2309515867141,positive_cross,toward_S4,3.502062313452001
3,miata,2024-03-29 20:55:16+00:00,40.28821,-88.126142,61.90599278535338,2695.0,8.563676272231241,rs1,17.323544930092858,36.34782899634214,19.02428406624928,4,17.323544930092858,36.34782899634214,19.02428406624928,80.2309515867141,positive_cross,toward_S4,3.6606489110859126
3,miata,2024-03-29 20:55:17+00:00,40.288141,-88.126146,69.58331447447021,2696.0,7.677321689116837,rs1,9.863775126135696,36.566401845894475,26.70262671975878,4,9.863775126135696,44.02789709872568,34.16412197258998,80.2309515867141,positive_cross,toward_S4,3.8028215349584467
3,miata,2024-03-29 20:55:18+00:00,40.288077,-88.126148,76.70169191046288,2697.0,7.11837743599267,rs1,3.719751808648518,34.86978126231264,31.150029453664125,4,3.719751808648518,51.143166542787974,47.423414734139456,80.2309515867141,positive_cross,toward_S4,3.934643339328681
3,miata,2024-03-29 20:55:19+00:00,40.288027,-88.126153,82.26818380475062,2698.0,5.566491894287736,rs1,4.585519213944352,34.2306330931711,29.64511387922675,4,4.585519213944352,56.71993804758309,52.13441883363874,80.2309515867141,positive_cross,toward_S4,4.037726522556232
3,miata,2024-03-29 20:55:20+00:00,40.287987,-88.126164,86.7320876199939,2699.0,4.463903815243285,rs1,8.731621381759977,33.78360029124325,25.051978909483275,4,8.731621381759977,61.22121432006601,52.48959293830603,80.2309515867141,positive_cross,toward_S4,4.1203914080237
3,miata,2024-03-29 20:55:21+00:00,40.287953,-88.126192,90.55494116266159,2700.0,3.822853542667687,rs1,13.192988338637353,32.36846690670398,19.175478568066627,4,13.192988338637353,65.19745729294439,52.00446895430704,80.2309515867141,positive_cross,toward_S4,4.191184992147176
3,miata,2024-03-29 20:55:22+00:00,40.287927,-88.126226,93.49756029370229,2701.0,2.9426191310407006,rs1,17.17236022237497,30.693321834500317,13.520961612125348,4,17.17236022237497,68.4215078187345,51.24914759635953,80.2309515867141,positive_cross,toward_S4,4.2456779390183
3,miata,2024-03-29 20:55:23+00:00,40.287906,-88.126269,95.89806564325276,2702.0,2.400505349550471,rs1,21.207064002527883,28.550888027099973,7.34382402457209,4,21.207064002527883,71.32426766326473,50.11720366073685,80.2309515867141,positive_cross,toward_S4,4.290131741787753
3,miata,2024-03-29 20:55:24+00:00,40.287893,-88.126316,97.4152764954543,2703.0,1.5172108522015293,rs1,24.912447158981518,26.114104319624335,1.2016571606428172,4,24.912447158981518,73.57910286542217,48.66665570644065,80.2309515867141,positive_cross,toward_S4,4.318228239050744
3,miata,2024-03-29 20:55:25+00:00,40.28789,-88.12637,97.83142931146148,2704.0,0.4161528160071839,rs2,22.96279708257669,28.47271987671259,5.5099227941359,4,22.96279708257669,72.96940873671319,50.006611654136506,80.2309515867141,negative_cross,ambiguous,4.325934772680507
3,miata,2024-03-29 20:55:26+00:00,40.287898,-88.126423,97.0231069150075,2705.0,-0.8083223964539741,rs2,19.406939267901155,31.529269075935666,12.122329808034511,4,19.406939267901155,71.21867239159724,51.81173312369609,80.2309515867141,negative_cross,toward_S1,4.310965839412841
3,miata,2024-03-29 20:55:27+00:00,40.287922,-88.126467,94.4221847949036,2706.0,-2.6009221201039026,rs2,15.136497385866633,33.42342642675922,18.286929040892588,4,15.136497385866633,68.04302945430845,52.90653206844182,80.2309515867141,negative_cross,toward_S1,4.262800614966472
3,miata,2024-03-29 20:55:28+00:00,40.287957,-88.126492,90.56924669132631,2707.0,-3.852938103577287,rs2,10.70503811804128,33.88181058703799,23.17677246899671,4,10.70503811804128,63.94632337167371,53.24128525363243,80.2309515867141,negative_cross,toward_S1,4.19144990934467
3,miata,2024-03-29 20:55:29+00:00,40.287999,-88.1265,85.91206002329608,2708.0,-4.657186668030235,rs2,6.584068479076889,33.33474930515975,26.750680826082856,4,6.584068479076889,59.2322904579368,52.64822197885991,80.2309515867141,negative_cross,toward_S1,4.105205711788555
3,miata,2024-03-29 20:55:30+00:00,40.288044,-88.126494,80.89992225428517,2709.0,-5.012137769010906,rs2,5.288499676881162,32.249946295700845,26.961446618819682,4,5.288499676881162,54.30117597550001,49.01267629861885,80.2309515867141,negative_cross,toward_S1,4.0123883456957605
3,miata,2024-03-29 20:55:31+00:00,40.288093,-88.12649,75.44613723620479,2710.0,-5.4537850180803815,rs2,8.144560217796208,32.153074411064374,24.008514193268166,4,8.144560217796208,48.92737755667545,40.78281733887924,80.2309515867141,negative_cross,toward_S1,3.9113923268424204
3,miata,2024-03-29 20:55:32+00:00,40.288152,-88.126485,68.87905384051341,2711.0,-6.567083395691384,rs2,13.851085113259181,33.233461777571385,19.382376664312204,4,13.851085113259181,42.48869274813917,28.63760763487999,80.2309515867141,negative_cross,toward_S1,3.789779671366654
3,miata,2024-03-29 20:55:33+00:00,40.288216,-88.126482,61.759146361627145,2712.0,-7.119907478886262,rs2,20.571201050762408,35.521134933854704,14.949933883092296,4,20.571201050762408,35.521134933854704,14.949933883092296,80.2309515867141,negative_cross,toward_S1,3.65792953286876
3,miata,2024-03-29 20:55:34+00:00,40.288284,-88.12648,54.19606159158952,2713.0,-7.5630847700376265,rs2,27.907512321404536,28.17814895688444,0.270636635479903,4,27.907512321404536,28.17814895688444,0.270636635479903,80.2309515867141,negative_cross,toward_S1,3.517872407497693
3,miata,2024-03-29 20:55:35+00:00,40.288355,-88.12648,46.302506405774444,2714.0,-7.8935551858150745,rs5,20.62211325268485,35.63719082442792,15.015077571743067,3,20.62211325268485,35.63719082442792,15.015077571743067,26.33125891160298,negative_cross,toward_S1,3.3698379165587307
3,miata,2024-03-29 20:55:36+00:00,40.288425,-88.12648,38.52012805485303,2715.0,-7.782378350921412,rs5,13.558511256777047,33.55891778848589,20.000406531708848,3,13.558511256777047,43.31715814340735,29.758646886630302,26.33125891160298,negative_cross,toward_S1,3.225719798949075
3,miata,2024-03-29 20:55:37+00:00,40.288497,-88.126476,30.509275864215027,2716.0,-8.010852190638005,rs5,8.175996972466828,31.169288969971063,22.993291997504237,3,8.175996972466828,51.29375708647924,43.11776011401241,26.33125891160298,negative_cross,toward_S1,3.0773706843076307
3,miata,2024-03-29 20:55:38+00:00,40.288571,-88.126467,22.268419792590244,2717.0,-8.240856071624783,rs5,9.330604011050053,30.353038084243813,21.02243407319376,3,9.330604011050053,49.656413838332654,40.3258098272826,26.33125891160298,negative_cross,toward_S1,2.9247622385368013
3,miata,2024-03-29 20:55:39+00:00,40.288647,-88.126455,13.800619924910688,2718.0,-8.467799867679556,rs5,15.946100494397223,31.596185732601242,15.650085238204019,3,15.946100494397223,41.384457499831406,25.438357005434185,26.33125891160298,negative_cross,toward_S1,2.7679511298760686
3,miata,2024-03-29 20:55:40+00:00,40.288725,-88.126443,5.11046638979193,2719.0,-8.690153535118757,rs5,24.002337837111313,33.017548439959285,9.015210602847972,3,24.002337837111313,33.017548439959285,9.015210602847972,26.33125891160298,negative_cross,toward_S1,2.607022360707203
3,miata,2024-03-29 20:55:41+00:00,40.288801,-88.126435,-3.351213306378454,2720.0,-8.461679696170384,rs7,25.010963557940258,32.08747771770509,7.076514159764834,2,25.010963557940258,32.08747771770509,7.076514159764834,-27.632700444717127,negative_cross,toward_S1,2.449657169228494
3,miata,2024-03-29 20:55:42+00:00,40.288881,-88.126427,-12.25760033738375,2721.0,-8.906387031005295,rs7,17.067015839211976,30.487425700891446,13.42040986167947,2,17.067015839211976,40.76192925914729,23.69491341993531,-27.632700444717127,negative_cross,toward_S1,2.284724076061729
3,miata,2024-03-29 20:55:43+00:00,40.288963,-88.126425,-21.377160777785395,2722.0,-9.119560440401646,rs7,10.238045862535051,26.850687561188757,16.612641698653704,2,10.238045862535051,49.61862982378331,39.380583961248256,-27.632700444717127,negative_cross,toward_S1,2.1158433271654022
3,miata,2024-03-29 20:55:44+00:00,40.289047,-88.126424,-30.717544841920937,2723.0,-9.340384064135542,rs7,9.211241607129171,26.16358648851671,16.95234488138754,2,9.211241607129171,47.95479611568579,38.74355450855661,-27.632700444717127,negative_cross,toward_S1,1.9428732519036331
3,miata,2024-03-29 20:55:45+00:00,40.289128,-88.126423,-39.724398406115235,2724.0,-9.006853564194298,rs7,15.19860908818635,28.541321861734094,13.342712773547744,2,15.19860908818635,39.00831407863223,23.80970499044588,-27.632700444717127,negative_cross,toward_S1,1.7760796673815165
3,miata,2024-03-29 20:55:46+00:00,40.289207,-88.126423,-48.50736826002022,2725.0,-8.782969853904987,rs7,22.989077590717258,30.305755780862697,7.3166781901454385,2,22.989077590717258,30.305755780862697,7.3166781901454385,-27.632700444717127,negative_cross,toward_S1,1.613432077494387
3,miata,2024-03-29 20:55:47+00:00,40.289283,-88.126423,-56.956807613193995,2726.0,-8.449439353173773,rs10,21.99703852632122,30.99087118884467,8.993832662523452,1,21.99703852632122,30.99087118884467,8.993832662523452,-78.92951005359993,negative_cross,toward_S1,1.4069018970445544
3,miata,2024-03-29 20:55:48+00:00,40.289358,-88.126422,-65.29660017592587,2727.0,-8.33979256273188,rs10,13.99774796509891,28.819305993664855,14.821558028565946,1,13.99774796509891,39.09293613778498,25.095188172686072,-78.92951005359993,negative_cross,toward_S1,1.252461294031001
3,miata,2024-03-29 20:55:49+00:00,40.289431,-88.126421,-73.41403907126205,2728.0,-8.117438895336178,rs10,7.026948246158138,25.85693191220614,18.829983666048,1,7.026948246158138,47.060091855551924,40.03314360939379,-78.92951005359993,negative_cross,toward_S1,1.1021383515247754
3,miata,2024-03-29 20:55:50+00:00,40.289501,-88.126421,-81.19641742297345,2729.0,-7.782378351711401,rs10,5.646676844719908,25.32222254292123,19.675545698201326,1,5.646676844719908,54.728935746868004,49.0822589021481,-78.92951005359993,negative_cross,toward_S1,0.9580202339004902
3,miata,2024-03-29 20:55:51+00:00,40.289563,-88.126424,-88.08479097716761,2730.0,-6.88837355419416,rs10,10.733017248933184,27.039460277322398,16.306443028389214,1,10.733017248933184,61.510151307315425,50.777134058382245,-78.92951005359993,negative_cross,toward_S1,0.8304577606746725
3,miata,2024-03-29 20:55:52+00:00,40.28961,-88.126424,-93.31010215634309,2731.0,-5.225311179175478,rs10,15.60711502989311,29.204243076260788,13.597128046367677,1,15.60711502989311,66.69144144187696,51.08432641198385,-78.92951005359993,negative_cross,toward_S1,0.7336927388380896
3,miata,2024-03-29 20:55:53+00:00,40.289649,-88.126411,-97.66588922322642,2732.0,-4.355787066883323,rs10,20.07777226713525,30.666077177492205,10.588304910356957,1,20.07777226713525,71.13659773123517,51.058825464099925,-78.92951005359993,negative_cross,toward_S1,0.6530300153772872
3,miata,2024-03-29 20:55:54+00:00,40.289681,-88.126381,-101.26944918503203,2733.0,-3.6035599618056153,rs10,24.25959096995966,31.109685266925442,6.850094296965782,1,24.25959096995966,75.03489671919,50.77530574923034,-78.92951005359993,negative_cross,toward_S1,0.5862974234919981
3,miata,2024-03-29 20:55:55+00:00,40.289703,-88.126341,-103.77654123928069,2734.0,-2.507092054248659,rs10,27.82086643635507,30.749388419673203,2.928521983318131,1,27.82086643635507,78.05527425431588,50.2344078179608,-78.92951005359993,negative_cross,toward_S1,0.5398697928577636
3,miata,2024-03-29 20:55:56+00:00,40.289715,-88.126295,-105.18104521448493,2735.0,-1.4045039752042356,rs8,29.736269257663082,30.818340241038815,1.0820709833757327,1,29.736269257663082,78.71024669279686,48.973977435133776,-78.92951005359993,positive_cross,toward_S1,0.5138604599836112
3,miata,2024-03-29 20:55:57+00:00,40.289712,-88.126245,-104.92401685754227,2736.0,0.257028356942655,rs8,27.59830298198772,32.9027297521052,5.30442677011748,1,27.59830298198772,77.67982501078149,50.08152202879376,-78.92951005359993,positive_cross,ambiguous,0.518620244371438
3,miata,2024-03-29 20:55:58+00:00,40.289695,-88.126199,-103.10439265874818,2737.0,1.819624198794088,rs8,24.561160613100476,34.01665375870331,9.455493145602837,1,24.561160613100476,75.3504456333965,50.78928502029603,-78.92951005359993,positive_cross,toward_S4,0.5523169887935508
3,miata,2024-03-29 20:55:59+00:00,40.289658,-88.126166,-99.04134123077179,2738.0,4.06305142797639,rs8,19.925494836666815,33.384610279318785,13.45911544265197,1,19.925494836666815,71.03670194493192,51.111207108265106,-78.92951005359993,positive_cross,toward_S4,0.6275586819042247
3,miata,2024-03-29 20:56:00+00:00,40.289611,-88.126154,-93.83439056610207,2739.0,5.206950664669719,rs8,14.60006475570228,31.391687826514968,16.79162307081269,1,14.60006475570228,65.76283102370485,51.16276626800257,-78.92951005359993,positive_cross,toward_S4,0.7239836942129232
3,miata,2024-03-29 20:56:01+00:00,40.289558,-88.12616,-87.93283812821129,2740.0,5.9015524378907855,rs8,9.02055874424501,28.556501780615527,19.53594303637052,1,9.02055874424501,59.90339199575561,50.882833251510604,-78.92951005359993,positive_cross,toward_S4,0.8332717023220119
3,miata,2024-03-29 20:56:02+00:00,40.2895,-88.126159,-81.48611182229662,2741.0,6.446726305914666,rs8,3.621922436507813,27.279274361815833,23.65735192530802,1,3.621922436507813,53.459668973774185,49.83774653726637,-78.92951005359993,positive_cross,toward_S4,0.9526555228019131
3,miata,2024-03-29 20:56:03+00:00,40.289436,-88.126157,-74.37385455858134,2742.0,7.1122572637152786,rs8,5.829281707761727,27.680833164466826,21.8515514567051,1,5.829281707761727,46.34637645454392,40.51709474678219,-78.92951005359993,positive_cross,toward_S4,1.0843639906484923
3,miata,2024-03-29 20:56:04+00:00,40.28937,-88.126153,-67.04230371242409,2743.0,7.331550846157256,rs8,12.682809509394119,30.070917457789715,17.388107948395596,1,12.682809509394119,39.00054755404199,26.317738044647868,-78.92951005359993,positive_cross,toward_S4,1.2201334507625154
3,miata,2024-03-29 20:56:05+00:00,40.289302,-88.126149,-59.48839919963934,2744.0,7.553904512784747,rs8,20.11426956221327,31.434430021620134,11.320160459406864,1,20.11426956221327,31.434430021620134,11.320160459406864,-78.92951005359993,positive_cross,toward_S4,1.3600205713696405
3,miata,2024-03-29 20:56:06+00:00,40.289228,-88.12615,-51.259783471011154,2745.0,8.228615728628185,rs6,23.25363875741475,28.317965478306686,5.064326720891938,2,23.25363875741475,28.317965478306686,5.064326720891938,-27.632700444717127,positive_cross,toward_S4,1.5624614254389995
3,miata,2024-03-29 20:56:07+00:00,40.28915,-88.126154,-42.58187027891074,2746.0,8.677913192100412,rs6,14.742039135877382,34.80668580193188,20.064646666054493,2,14.742039135877382,36.99491815523442,22.25287901935704,-27.632700444717127,positive_cross,toward_S4,1.723163521589007
3,miata,2024-03-29 20:56:08+00:00,40.289067,-88.126159,-33.346542876579775,2747.0,9.235327402330967,rs6,6.261193937367178,31.52193741638483,25.260743479017652,2,6.261193937367178,46.23434209183311,39.97314815446593,-27.632700444717127,positive_cross,toward_S4,1.8941881031136547
3,miata,2024-03-29 20:56:09+00:00,40.28898,-88.126161,-23.671098268051214,2748.0,9.675444608528561,rs6,5.809501969851344,31.07238461122685,25.262882641375505,2,5.809501969851344,49.557752431131576,43.74825046128023,-27.632700444717127,positive_cross,toward_S4,2.073363003271591
3,miata,2024-03-29 20:56:10+00:00,40.288891,-88.126159,-13.779420163592624,2749.0,9.89167810445859,rs6,14.815095403421145,33.93686128019785,19.121765876776706,2,14.815095403421145,39.684494005390896,24.86939860196975,-27.632700444717127,positive_cross,toward_S4,2.2565422274282314
3,miata,2024-03-29 20:56:11+00:00,40.288803,-88.126157,-3.998918893237741,2750.0,9.780501270354883,rs6,24.41057320914341,29.93968790031036,5.529114691166949,2,24.41057320914341,29.93968790031036,5.529114691166949,-27.632700444717127,positive_cross,toward_S4,2.4376626213236925
3,miata,2024-03-29 20:56:12+00:00,40.288715,-88.126154,5.780052334223542,2751.0,9.778971227461282,rs3,20.222908913097545,34.10862279832711,13.885713885229567,3,20.222908913097545,34.10862279832711,13.885713885229567,26.33125891160298,positive_cross,toward_S4,2.619422100418899
3,miata,2024-03-29 20:56:13+00:00,40.288631,-88.126154,15.118906356277185,2752.0,9.338854022053642,rs3,11.145772124970398,36.454216591270445,25.308444466300045,3,11.145772124970398,43.42150130168264,32.27572917671224,26.33125891160298,positive_cross,toward_S4,2.792363841568041
3,miata,2024-03-29 20:56:14+00:00,40.288544,-88.126152,24.78823079331832,2753.0,9.669324437041135,rs3,3.4920289139982517,34.865971495972666,31.373942581974415,3,3.4920289139982517,53.068546954388715,49.57651804039046,26.33125891160298,positive_cross,toward_S4,2.9714254052169506
3,miata,2024-03-29 20:56:15+00:00,40.288462,-88.12615,33.90167106218905,2754.0,9.113440268870733,rs3,8.8334910093018,35.79174131851078,26.958250309208978,3,8.8334910093018,45.29322293013614,36.45973192083434,26.33125891160298,positive_cross,toward_S4,3.1401928176034457
3,miata,2024-03-29 20:56:16+00:00,40.288379,-88.126151,43.130878293800805,2755.0,9.229207231611753,rs3,17.77011236629244,36.094769217342744,18.324656851050303,3,17.77011236629244,36.094769217342744,18.324656851050303,26.33125891160298,positive_cross,toward_S4,3.311104062633293
3,miata,2024-03-29 20:56:17+00:00,40.288298,-88.126154,52.14079194376057,2756.0,9.009913649959763,rs3,26.70837319530841,27.160869325038398,0.45249612972998676,3,26.70837319530841,27.160869325038398,0.45249612972998676,26.33125891160298,positive_cross,toward_S4,3.477954315410326
3,miata,2024-03-29 20:56:18+00:00,40.288215,-88.126157,61.373059260347816,2757.0,9.232267316587247,rs1,18.08664061562525,35.905410901995076,17.818770286369826,4,18.08664061562525,35.905410901995076,17.818770286369826,80.2309515867141,positive_cross,toward_S4,3.6507797717339576
3,miata,2024-03-29 20:56:19+00:00,40.288137,-88.12616,70.04944240955462,2758.0,8.6763831492068,rs1,9.842267824414934,35.29937994535955,25.457112120944615,4,9.842267824414934,44.56422819987806,34.72196037546313,80.2309515867141,positive_cross,toward_S4,3.811453533756306
3,miata,2024-03-29 20:56:20+00:00,40.288065,-88.12616,78.0541744278935,2759.0,8.004732018338885,rs1,4.021168056996322,33.7223929761688,29.701224919172475,4,4.021168056996322,52.54434926359109,48.523181206594764,80.2309515867141,positive_cross,toward_S4,3.9596893118736927
3,miata,2024-03-29 20:56:21+00:00,40.288007,-88.126161,84.50396081955189,2760.0,6.449786391658392,rs1,6.716195167112894,33.7209444890773,27.004749321964404,4,6.716195167112894,58.98422992537343,52.268034758260534,80.2309515867141,positive_cross,toward_S4,4.079129800608107
3,miata,2024-03-29 20:56:22+00:00,40.287963,-88.126168,89.40645179814267,2761.0,4.902490978590777,rs1,11.275891704124465,34.02067148668011,22.744779782555643,4,11.275891704124465,63.908290862704995,52.632399158580526,80.2309515867141,positive_cross,toward_S4,4.169916670582011
3,miata,2024-03-29 20:56:23+00:00,40.287928,-88.126197,93.34201221699595,2762.0,3.935560418853285,rs1,15.845946627207532,32.91160332580602,17.065656698598488,4,15.845946627207532,68.00726579836605,52.16131917115852,80.2309515867141,positive_cross,toward_S4,4.242797419079293
3,miata,2024-03-29 20:56:24+00:00,40.287889,-88.126288,97.8171426289785,2763.0,4.475130411982548,rs1,23.69019622099125,28.268618675379763,4.578422454388512,4,23.69019622099125,73.49292173831974,49.80272551732848,80.2309515867141,positive_cross,toward_S4,4.325670204486378
3,miata,2024-03-29 20:56:25+00:00,40.287883,-88.126346,98.5729461172261,2764.0,0.7558034882475937,rs2,24.946095706921284,27.491114129661987,2.5450184227407036,4,24.946095706921284,74.20608892162383,49.25999321470255,80.2309515867141,negative_cross,toward_S4,4.339666565379852
3,miata,2024-03-29 20:56:26+00:00,40.287883,-88.126403,98.66015856113941,2765.0,0.08721244391331595,rs2,21.755037278927528,31.134719742025705,9.379682463098177,4,21.755037278927528,73.15918730536062,51.404150026433086,80.2309515867141,negative_cross,ambiguous,4.341281610637505
3,miata,2024-03-29 20:56:27+00:00,40.287897,-88.126451,97.17712494884198,2766.0,-1.483033612297433,rs2,18.224752200366318,33.58771688987535,15.362964689509035,4,18.224752200366318,70.97283655085532,52.748084350489,80.2309515867141,negative_cross,toward_S1,4.31381802522459
3,miata,2024-03-29 20:56:28+00:00,40.287922,-88.126483,94.44666548089681,2767.0,-2.730459467945167,rs2,14.506275868354534,34.644426197309855,20.13815032895532,4,14.506275868354534,67.8947585576755,53.388482689320966,80.2309515867141,negative_cross,toward_S1,4.263253961003383
3,miata,2024-03-29 20:56:29+00:00,40.28796,-88.126501,90.24948657648531,2768.0,-4.197178904411501,rs2,10.041571822758659,34.500691740969025,24.459119918210366,4,10.041571822758659,63.54686370506876,53.505291882310104,80.2309515867141,negative_cross,toward_S1,4.1855284257365035
3,miata,2024-03-29 20:56:30+00:00,40.288005,-88.126499,85.24346897896183,2769.0,-5.006017597523481,rs2,6.2079269118734315,33.13134776736035,26.92342085548692,4,6.2079269118734315,58.57538521594728,52.36745830407385,80.2309515867141,negative_cross,toward_S1,4.092824396152736
3,miata,2024-03-29 20:56:31+00:00,40.288053,-88.126494,79.89933075209156,2770.0,-5.344138226870271,rs2,5.466562197931444,32.22507684122503,26.758514643293587,4,5.466562197931444,53.30599653883263,47.839434340901185,80.2309515867141,negative_cross,toward_S1,3.993858873432916
3,miata,2024-03-29 20:56:32+00:00,40.288109,-88.126494,73.67342807072247,2771.0,-6.225902681369092,rs2,9.318306933883209,32.764462924714614,23.446155990831407,4,9.318306933883209,47.119345199520815,37.80103826563761,80.2309515867141,negative_cross,toward_S1,3.878564379333488
3,miata,2024-03-29 20:56:33+00:00,40.288165,-88.126492,67.44446530360963,2772.0,-6.228962767112833,rs2,14.939480133282046,34.28192187432256,19.342441741040517,4,14.939480133282046,40.96986775504434,26.030387621762294,80.2309515867141,negative_cross,toward_S1,3.7632132169795467
3,miata,2024-03-29 20:56:34+00:00,40.288222,-88.126489,61.10279566031123,2773.0,-6.3416696432984025,rs2,21.03919562522103,34.755007249247726,13.715811624026696,4,21.03919562522103,34.755007249247726,13.715811624026696,80.2309515867141,negative_cross,toward_S1,3.645774890251799
3,miata,2024-03-29 20:56:35+00:00,40.288281,-88.126487,54.54030239244546,2774.0,-6.562493267865769,rs2,27.450046980459163,28.361479101983605,0.9114321215244416,4,27.450046980459163,28.361479101983605,0.9114321215244416,80.2309515867141,negative_cross,toward_S1,3.5242472371431735
3,miata,2024-03-29 20:56:36+00:00,40.288341,-88.126487,47.86969237624147,2775.0,-6.6706100162039945,rs5,21.91224426713439,33.99953171710072,12.087287449966333,3,21.91224426713439,33.99953171710072,12.087287449966333,26.33125891160298,negative_cross,toward_S1,3.398859878974787
3,miata,2024-03-29 20:56:37+00:00,40.288404,-88.126485,40.8624917743525,2776.0,-7.007200601888968,rs5,15.41998547119659,34.87101400413654,19.45102853293995,3,15.41998547119659,40.94432839927294,25.52434292807635,26.33125891160298,negative_cross,toward_S1,3.269096904865732
3,miata,2024-03-29 20:56:38+00:00,40.288468,-88.12648,33.739524209722504,2777.0,-7.122967564629995,rs5,9.77922569622287,32.10885318773762,22.329627491514753,3,9.77922569622287,48.05175135115206,38.2725256549292,26.33125891160298,negative_cross,toward_S1,3.1371900981133245
3,miata,2024-03-29 20:56:39+00:00,40.288535,-88.126472,26.278436015745726,2778.0,-7.461088193976778,rs5,7.703532352000418,30.526786686676804,22.823254334676385,3,7.703532352000418,53.605978108701315,45.9024457567009,26.33125891160298,negative_cross,toward_S1,2.9990217982248657
3,miata,2024-03-29 20:56:40+00:00,40.288604,-88.12646,18.588873983610547,2779.0,-7.6895620321351785,rs5,12.019819195910411,30.462329898888164,18.442510702977753,3,12.019819195910411,46.07152553022835,34.05170633431794,26.33125891160298,negative_cross,toward_S1,2.8566225013334736
3,miata,2024-03-29 20:56:41+00:00,40.288675,-88.12645,10.680018369845108,2780.0,-7.908855613765439,rs5,18.798079792366202,32.56411673462933,13.766036942263128,3,18.798079792366202,38.37167203760988,19.57359224524368,26.33125891160298,negative_cross,toward_S1,2.710162212189669
3,miata,2024-03-29 20:56:42+00:00,40.288748,-88.126443,2.5533992172560414,2781.0,-8.126619152589067,rs5,26.34328389544084,30.520469357006192,4.177185461565351,3,26.34328389544084,30.520469357006192,4.177185461565351,26.33125891160298,negative_cross,toward_S1,2.559669264919501
3,miata,2024-03-29 20:56:43+00:00,40.288823,-88.126437,-5.7940435598568785,2782.0,-8.34744277711292,rs7,22.63497510575941,34.34812240130577,11.713147295546364,2,22.63497510575941,34.34812240130577,11.713147295546364,-27.632700444717127,negative_cross,toward_S1,2.4044195719418564
3,miata,2024-03-29 20:56:44+00:00,40.288898,-88.126433,-14.138426251204338,2783.0,-8.344382691347459,rs7,15.17309851284077,30.0234600773023,14.85036156446153,2,15.17309851284077,42.44474364501819,27.271645132177422,-27.632700444717127,negative_cross,toward_S1,2.249893966546533
3,miata,2024-03-29 20:56:45+00:00,40.288976,-88.126431,-22.813279356771073,2784.0,-8.674853105566735,rs7,9.042538603787252,27.044393719020082,18.00185511523283,2,9.042538603787252,50.911198530106596,41.868659926319346,-27.632700444717127,negative_cross,toward_S1,2.0892485386656676
3,miata,2024-03-29 20:56:46+00:00,40.289052,-88.126429,-31.26577879568857,2785.0,-8.452499438917496,rs7,9.057485849711997,26.6527426013413,17.5952567516293,2,9.057485849711997,47.361455255561445,38.30396940584945,-27.632700444717127,negative_cross,toward_S1,1.9327207712783065
3,miata,2024-03-29 20:56:47+00:00,40.289127,-88.126427,-39.60710140129231,2786.0,-8.341322605603743,rs7,14.916544711313248,28.803803189461938,13.88725847814869,2,14.916544711313248,39.07894845752605,24.162403746212803,-27.632700444717127,negative_cross,toward_S1,1.7782518341374967
3,miata,2024-03-29 20:56:48+00:00,40.289199,-88.126425,-47.6148935061866,2787.0,-8.007792104894286,rs7,22.10104690940877,31.15947467225122,9.058427762842452,2,22.10104690940877,31.15947467225122,9.058427762842452,-27.632700444717127,negative_cross,toward_S1,1.6299593877505654
3,miata,2024-03-29 20:56:49+00:00,40.28927,-88.126424,-55.509978734083575,2788.0,-7.895085227896978,rs10,23.39386252539794,29.57984074503436,6.1859782196364215,1,23.39386252539794,29.57984074503436,6.1859782196364215,-78.92951005359993,negative_cross,toward_S1,1.433695024435488
3,miata,2024-03-29 20:56:50+00:00,40.28934,-88.126424,-63.292357085794954,2789.0,-7.78237835171138,rs10,15.84079159346525,29.97195054595921,14.13115895249396,1,15.84079159346525,37.104205419005524,21.263413825540276,-78.92951005359993,negative_cross,toward_S1,1.2895769068112033
3,miata,2024-03-29 20:56:51+00:00,40.289408,-88.126423,-70.85391181296073,2790.0,-7.5615547271657775,rs10,8.941294123910678,26.695066136128528,17.75377201221785,1,8.941294123910678,44.516117487512304,35.574823363601624,-78.92951005359993,negative_cross,toward_S1,1.1495481155673926
3,miata,2024-03-29 20:56:52+00:00,40.289476,-88.126422,-78.41546654012647,2791.0,-7.561554727165742,rs10,4.836008002050905,25.32507597761265,20.489067975561746,1,4.836008002050905,51.971834120194146,47.13582611814324,-78.92951005359993,negative_cross,toward_S1,1.0095193243235825
3,miata,2024-03-29 20:56:53+00:00,40.289539,-88.126421,-85.42113709916535,2792.0,-7.005670559038876,rs10,8.553393986706386,26.02174000004196,17.468346013335573,1,8.553393986706386,58.90487896227408,50.3514849755677,-78.92951005359993,negative_cross,toward_S1,0.879784684341381
3,miata,2024-03-29 20:56:54+00:00,40.289591,-88.126418,-91.20692257510507,2793.0,-5.7857854759397185,rs10,13.78805122223284,27.7740388781526,13.98598765591976,1,13.78805122223284,64.66500809889887,50.87695687666603,-78.92951005359993,negative_cross,toward_S1,0.7726405088610159
3,miata,2024-03-29 20:56:55+00:00,40.289632,-88.12639,-95.80801395254892,2794.0,-4.601091377443851,rs10,18.912922569574707,28.105912576805213,9.192990007230506,1,18.912922569574707,69.53322293368558,50.620300364110875,-78.92951005359993,negative_cross,toward_S1,0.6874351129824261
3,miata,2024-03-29 20:56:56+00:00,40.289659,-88.126345,-98.87864038932724,2795.0,-3.0706264367783263,rs10,23.304500438408404,27.226740017331725,3.922239578923321,1,23.304500438408404,73.19463930989271,49.890138871484304,-78.92951005359993,negative_cross,toward_S1,0.6305716604494941
3,miata,2024-03-29 20:56:57+00:00,40.289674,-88.126294,-100.6243250796437,2796.0,-1.7456846903164518,rs8,25.80722247242519,27.034630289194805,1.2274078167696132,1,25.80722247242519,74.222085235528,48.4148627631028,-78.92951005359993,positive_cross,toward_S1,0.5982441661843747
3,miata,2024-03-29 20:56:58+00:00,40.289674,-88.12624,-100.70694739494144,2797.0,-0.08262231529774056,rs8,23.54853692787023,29.927913720316383,6.379376792446152,1,23.54853692787023,73.43550642804374,49.88696950017351,-78.92951005359993,positive_cross,ambiguous,0.5967141233084905
3,miata,2024-03-29 20:56:59+00:00,40.289656,-88.126193,-98.77767640570546,2798.0,1.9292709892359738,rs8,20.250527654112098,31.450988568721826,11.200460914609728,1,20.250527654112098,70.9843042059394,50.7337765518273,-78.92951005359993,positive_cross,toward_S4,0.6324413638498975
3,miata,2024-03-29 20:57:00+00:00,40.289617,-88.126158,-94.49533139605532,2799.0,4.282345009650143,rs8,15.318403334020195,31.421489371895124,16.10308603787493,1,15.318403334020195,66.44610199341463,51.12769865939443,-78.92951005359993,positive_cross,toward_S4,0.711744049213789
3,miata,2024-03-29 20:57:01+00:00,40.289572,-88.126149,-89.50614427018749,2800.0,4.989187125867829,rs8,10.261449666586179,29.96090674230326,19.699457075717078,1,10.261449666586179,61.41026244905863,51.14881278247245,-78.92951005359993,positive_cross,toward_S4,0.8041364033965266
3,miata,2024-03-29 20:57:02+00:00,40.28952,-88.12615,-83.72341888078145,2801.0,5.782725389406039,rs8,4.803074707449426,28.336876127958973,23.533801420509548,1,4.803074707449426,55.63663070006573,50.833555992616304,-78.92951005359993,positive_cross,toward_S4,0.9112239106077495
3,miata,2024-03-29 20:57:03+00:00,40.28946,-88.12615,-77.05280886457744,2802.0,6.670610016204009,rs8,3.3009351098937314,27.97041138728468,24.66947627739095,1,3.3009351098937314,48.972310800892814,45.671375690999085,-78.92951005359993,positive_cross,toward_S4,1.0347537257226387
3,miata,2024-03-29 20:57:04+00:00,40.289386,-88.126153,-68.8211330501838,2803.0,8.23167581439364,rs8,10.943543661880025,29.418088193168575,18.47454453128855,1,10.943543661880025,40.775114461404364,29.83157079952434,-78.92951005359993,positive_cross,toward_S4,1.1871921667299281
3,miata,2024-03-29 20:57:05+00:00,40.289298,-88.12616,-59.026861393960466,2804.0,9.794271656223337,rs8,20.675347286722143,31.08528264349452,10.409935356772376,1,20.675347286722143,31.08528264349452,10.409935356772376,-78.92951005359993,positive_cross,toward_S4,1.3685675677711011
3,miata,2024-03-29 20:57:06+00:00,40.2892,-88.126165,-48.12388148718352,2805.0,10.902979906776949,rs6,20.377029748112424,31.539778672212513,11.16274892410009,2,20.377029748112424,31.539778672212513,11.16274892410009,-27.632700444717127,positive_cross,toward_S4,1.6205336843987705
3,miata,2024-03-29 20:57:07+00:00,40.289101,-88.126165,-37.11737496147385,2806.0,11.006506525709668,rs6,9.825536616542335,31.939484534243174,22.11394791770084,2,9.825536616542335,42.50038498939624,32.6748483728539,-27.632700444717127,positive_cross,toward_S4,1.82435787931932
3,miata,2024-03-29 20:57:08+00:00,40.288999,-88.126164,-25.77886797711487,2807.0,11.338506984358979,rs6,4.600341627792799,30.622507985887626,26.02216635809483,2,4.600341627792799,51.684986935252326,47.084645307459525,-27.632700444717127,positive_cross,toward_S4,2.0343302308815234
3,miata,2024-03-29 20:57:09+00:00,40.288891,-88.126165,-13.770239906339736,2808.0,12.008628070775135,rs6,14.943971864290848,33.47260539065823,18.528633526367383,2,14.943971864290848,39.73865608030276,24.794684216011913,-27.632700444717127,positive_cross,toward_S4,2.2567122321921738
3,miata,2024-03-29 20:57:10+00:00,40.288782,-88.126164,-1.6534950872046041,2809.0,12.116744819135132,rs6,26.806995056142547,27.712387629736643,0.9053925735940958,2,26.806995056142547,27.712387629736643,0.9053925735940958,-27.632700444717127,positive_cross,toward_S4,2.4810963955094913
3,miata,2024-03-29 20:57:11+00:00,40.288673,-88.126162,10.461719688246966,2810.0,12.11521477545157,rs3,15.812941618091491,37.546318013376194,21.7333763952847,3,15.812941618091491,38.82322079793677,23.010279179845277,26.33125891160298,positive_cross,toward_S4,2.7061196440119257
3,miata,2024-03-29 20:57:12+00:00,40.288565,-88.12616,22.465757631196492,2811.0,12.004037942949527,rs3,5.181831396941601,34.37817970750019,29.196348310558587,3,5.181831396941601,50.78005718147945,45.598225784537846,26.33125891160298,positive_cross,toward_S4,2.9284166429554355
3,miata,2024-03-29 20:57:13+00:00,40.288458,-88.12616,34.36167882578602,2812.0,11.89592119458953,rs3,9.576749177232893,35.06067006255769,25.4839208853248,3,9.576749177232893,44.914766290994734,35.33801711376184,26.33125891160298,positive_cross,toward_S4,3.1487114798922784
3,miata,2024-03-29 20:57:14+00:00,40.288353,-88.126161,46.03677639582995,2813.0,11.675097570043931,rs3,20.771253488267188,33.3051336479534,12.533880159686209,3,20.771253488267188,33.3051336479534,12.533880159686209,26.33125891160298,positive_cross,toward_S4,3.3649169904486476
3,miata,2024-03-29 20:57:15+00:00,40.28825,-88.126162,57.489520299246394,2814.0,11.45274390341644,rs1,21.98851199736799,32.09010928910317,10.101597291735178,4,21.98851199736799,32.09010928910317,10.101597291735178,80.2309515867141,positive_cross,toward_S4,3.5788623835654128
3,miata,2024-03-29 20:57:16+00:00,40.288159,-88.126161,67.60508211320435,2815.0,10.115561813957953,rs1,12.156443931613586,36.044323850768315,23.887879919154727,4,12.156443931613586,42.136243005874796,29.97979907426121,80.2309515867141,positive_cross,toward_S4,3.766187602342412
3,miata,2024-03-29 20:57:17+00:00,40.28808,-88.126163,76.39111205287479,2816.0,8.786029939670442,rs1,4.94447665593627,33.64900548283221,28.704528826895938,4,4.94447665593627,50.902013823254414,45.957537167318144,80.2309515867141,positive_cross,toward_S4,3.928891860484457
3,miata,2024-03-29 20:57:18+00:00,40.288013,-88.126168,83.84761011823599,2817.0,7.4564980653612025,rs1,6.58726211461467,33.063548554951595,26.476286440336924,4,6.58726211461467,58.36370810484146,51.77644599022679,80.2309515867141,positive_cross,toward_S4,4.066975157991146
3,miata,2024-03-29 20:57:19+00:00,40.287962,-88.126187,89.54669944608695,2818.0,5.699089327850956,rs1,12.114741872179296,32.49243065075621,20.377688778576918,4,12.114741872179296,64.15856689184137,52.04382501966208,80.2309515867141,positive_cross,toward_S4,4.172513849247645
3,miata,2024-03-29 20:57:20+00:00,40.287925,-88.126225,93.71838391824788,2819.0,4.171684472160933,rs1,17.312013331174114,30.86221041679014,13.550197085616027,4,17.312013331174114,68.62985895448632,51.31784562331221,80.2309515867141,positive_cross,toward_S4,4.2497672653987735
3,miata,2024-03-29 20:57:21+00:00,40.287898,-88.126267,96.78442022638892,2820.0,3.0660363081410367,rs1,21.81134047856731,29.167530774649876,7.356190296082566,4,21.81134047856731,72.16757979041321,50.356239311845904,80.2309515867141,positive_cross,toward_S4,4.306545715549534
3,miata,2024-03-29 20:57:22+00:00,40.287882,-88.126319,98.64281179289097,2821.0,1.8583915665020498,rs1,25.98440964504639,26.704300104030853,0.7198904589844624,4,25.98440964504639,74.82815506452921,48.84374541948282,80.2309515867141,positive_cross,toward_S4,4.340960374188461
3,miata,2024-03-29 20:57:23+00:00,40.287877,-88.126372,99.27978823346552,2822.0,0.636976440574557,rs2,23.92210245389258,29.554677091973783,5.632574638081202,4,23.92210245389258,74.34229506241424,50.42019260852166,80.2309515867141,negative_cross,toward_S4,4.3527562341991
3,miata,2024-03-29 20:57:24+00:00,40.28789,-88.126425,97.91558166963108,2823.0,-1.3642065638344434,rs2,20.042584303146732,32.17176219088858,12.129177887741847,4,20.042584303146732,72.06859895976844,52.026014656621705,80.2309515867141,negative_cross,toward_S1,4.327493149683648
3,miata,2024-03-29 20:57:25+00:00,40.287911,-88.126469,95.64819005025838,2824.0,-2.2673916193727024,rs2,16.12955109315863,34.13500761608228,18.005456522923648,4,16.12955109315863,69.23832020232832,53.1087691091697,80.2309515867141,negative_cross,toward_S1,4.285504415991561
3,miata,2024-03-29 20:57:26+00:00,40.287944,-88.126499,92.02525582768962,2825.0,-3.622934222568759,rs2,11.715225154773695,34.93196539054365,23.216740235769958,4,11.715225154773695,65.33441301369282,53.61918785891913,80.2309515867141,negative_cross,toward_S1,4.218413041499547
3,miata,2024-03-29 20:57:27+00:00,40.287983,-88.126509,87.70465974694602,2826.0,-4.320596080743599,rs2,7.484826216405434,34.45854750713088,26.973721290725447,4,7.484826216405434,60.94334845890866,53.45852224250322,80.2309515867141,negative_cross,toward_S1,4.138402002967258
3,miata,2024-03-29 20:57:28+00:00,40.28803,-88.126508,82.47781852489865,2827.0,-5.226841222047369,rs2,4.226934589522123,33.53355356503114,29.306618975509018,4,4.226934589522123,55.73856485122849,51.511630261706365,80.2309515867141,negative_cross,toward_S1,4.041608647003418
3,miata,2024-03-29 20:57:29+00:00,40.288085,-88.126503,76.35544246246229,2828.0,-6.122376062436359,rs2,6.742419709544367,33.147853901745535,26.405434192201167,4,6.742419709544367,49.68610387041998,42.94368416087561,80.2309515867141,negative_cross,toward_S1,3.9282313125138555
3,miata,2024-03-29 20:57:30+00:00,40.288147,-88.1265,69.45788865099345,2829.0,-6.897553811468839,rs2,12.828053241745941,34.2717684762976,21.44371523455166,4,12.828053241745941,42.86223183173992,30.034178589993978,80.2309515867141,negative_cross,toward_S1,3.8004988345236916
3,miata,2024-03-29 20:57:31+00:00,40.288212,-88.1265,62.23139446743077,2830.0,-7.226494183562686,rs2,19.724940241979645,35.69926610077237,15.974325858792724,4,19.724940241979645,35.69926610077237,15.974325858792724,80.2309515867141,negative_cross,toward_S1,3.6666748681614196
3,miata,2024-03-29 20:57:32+00:00,40.288283,-88.1265,54.337839282405646,2831.0,-7.8935551850251215,rs2,27.454858395710357,27.91445744801833,0.45959905230797204,4,27.454858395710357,27.91445744801833,0.45959905230797204,80.2309515867141,negative_cross,toward_S1,3.5204979202905844
3,miata,2024-03-29 20:57:33+00:00,40.288355,-88.126496,46.32698709178939,2832.0,-8.010852190616255,rs5,20.201747353489313,35.41641607221638,15.214668718727065,3,20.201747353489313,35.41641607221638,15.214668718727065,26.33125891160298,negative_cross,toward_S1,3.370291262596045
3,miata,2024-03-29 20:57:34+00:00,40.288427,-88.126488,38.31001473043218,2833.0,-8.016972361357212,rs5,13.025946797918346,34.111278017953936,21.08533122003559,3,13.025946797918346,43.441665603696904,30.41571880577856,26.33125891160298,negative_cross,toward_S1,3.2218288114598
3,miata,2024-03-29 20:57:35+00:00,40.288496,-88.126478,30.623512783294235,2834.0,-7.686501947137945,rs5,8.074596890277567,31.352923111864502,23.278326221586937,3,8.074596890277567,51.16125940873777,43.0866625184602,26.33125891160298,negative_cross,toward_S1,3.0794861828090974
3,miata,2024-03-29 20:57:36+00:00,40.288568,-88.126469,22.60501037906516,2835.0,-8.018502404229075,rs5,9.020125117688265,30.48056829555512,21.460443177866857,3,9.020125117688265,49.97228359059518,40.952158472906916,26.33125891160298,negative_cross,toward_S1,2.930995397545596
3,miata,2024-03-29 20:57:37+00:00,40.288641,-88.126455,14.467680926373097,2836.0,-8.137329452692063,rs5,15.403412530768932,31.34143940656275,15.938026875793817,3,15.403412530768932,42.04515295127429,26.641740420505357,26.33125891160298,negative_cross,toward_S1,2.780304111384632
3,miata,2024-03-29 20:57:38+00:00,40.288711,-88.126443,6.666942060134203,2837.0,-7.800738866238894,rs5,22.60048419154516,34.15518569367259,11.554701502127433,3,22.60048419154516,34.541889910423116,11.941405718877956,26.33125891160298,negative_cross,toward_S1,2.6358459842320596
3,miata,2024-03-29 20:57:39+00:00,40.28878,-88.12643,-1.024150015641054,2838.0,-7.691092075775257,rs7,27.36715562610259,30.054915855222294,2.6877602291197036,2,27.36715562610259,30.054915855222294,2.6877602291197036,-27.632700444717127,negative_cross,toward_S1,2.492750933871779
3,miata,2024-03-29 20:57:40+00:00,40.288845,-88.126427,-8.255234327819338,2839.0,-7.231084312178284,rs7,20.66256966991207,32.706038485318786,12.043468815406715,2,20.66256966991207,36.937599212754826,16.275029542842756,-27.632700444717127,negative_cross,toward_S1,2.358841965127737
3,miata,2024-03-29 20:57:41+00:00,40.288912,-88.126424,-15.708672307436819,2840.0,-7.4534379796174814,rs7,14.297835341364717,28.655730067740574,14.357894726375857,2,14.297835341364717,44.14776425885445,29.849928917489734,-27.632700444717127,negative_cross,toward_S1,2.220815335875561
3,miata,2024-03-29 20:57:42+00:00,40.288979,-88.126422,-23.16058024337074,2841.0,-7.451907935933923,rs7,9.572540230179468,26.233394877433373,16.660854647253906,2,9.572540230179468,51.40849247484499,41.83595224466552,-27.632700444717127,negative_cross,toward_S1,2.082817040765674
3,miata,2024-03-29 20:57:43+00:00,40.289046,-88.126417,-30.61707830873194,2842.0,-7.456498065361199,rs7,9.722937846869854,25.56095719020209,15.838019343332235,2,9.722937846869854,48.126782862547664,38.40384501567781,-27.632700444717127,negative_cross,toward_S1,1.9447337432589848
3,miata,2024-03-29 20:57:44+00:00,40.289109,-88.12642,-37.61662869705158,2843.0,-6.999550388319641,rs7,13.671954377311664,27.483890054611628,13.811935677299964,2,13.671954377311664,41.1368820753759,27.464927698064237,-27.632700444717127,negative_cross,toward_S1,1.815112439771584
3,miata,2024-03-29 20:57:45+00:00,40.289177,-88.126421,-45.17512333847364,2844.0,-7.558494641422058,rs7,20.00706700149466,31.080513914201,11.073446912706338,2,20.00706700149466,33.62976658700305,13.622699585508386,-27.632700444717127,negative_cross,toward_S1,1.675140316782287
3,miata,2024-03-29 20:57:46+00:00,40.289259,-88.12643,-54.27785330721962,2845.0,-9.102729968745983,rs10,24.502489836995803,28.261951687620098,3.7594618506242945,1,24.502489836995803,28.261951687620098,3.7594618506242945,-78.92951005359993,negative_cross,toward_S1,1.4565121619700057
3,miata,2024-03-29 20:57:47+00:00,40.28932,-88.126425,-61.06729037032845,2846.0,-6.789437063108828,rs10,17.956724522983237,31.269288582836175,13.312564059852939,1,17.956724522983237,34.922133357557534,16.965408834574298,-78.92951005359993,negative_cross,toward_S1,1.3307818459865088
3,miata,2024-03-29 20:57:48+00:00,40.289382,-88.126423,-67.96331413969364,2847.0,-6.896023769365186,rs10,11.49430261569583,27.721217517743323,16.226914902047493,1,11.49430261569583,41.68238072681636,30.188078111120532,-78.92951005359993,negative_cross,toward_S1,1.2030777021093757
3,miata,2024-03-29 20:57:49+00:00,40.289439,-88.126423,-74.30039365437648,2848.0,-6.337079514682841,rs10,6.292968221664734,25.843934717337866,19.550966495673133,1,6.292968221664734,47.90388786958626,41.61091964792153,-78.92951005359993,negative_cross,toward_S1,1.0857243777633971
3,miata,2024-03-29 20:57:50+00:00,40.289489,-88.126421,-79.86229542004861,2849.0,-5.561901765672133,rs10,5.125752855390435,25.244719050504475,20.11896619511404,1,5.125752855390435,53.41187253106057,48.28611967567013,-78.92951005359993,negative_cross,toward_S1,0.982726196917617
3,miata,2024-03-29 20:57:51+00:00,40.289539,-88.126424,-85.41654697052803,2850.0,-5.554251550479421,rs10,8.409540523445298,26.26861501963716,17.859074496191862,1,8.409540523445298,58.867547072303594,50.45800654885829,-78.92951005359993,negative_cross,toward_S1,0.8798696867235536
3,miata,2024-03-29 20:57:52+00:00,40.289589,-88.126421,-90.97997877907203,2851.0,-5.563431808543996,rs10,13.48718841954029,27.907392600069706,14.420204180529415,1,13.48718841954029,64.40961031043516,50.92242189089487,-78.92951005359993,negative_cross,toward_S1,0.7768431717505166
3,miata,2024-03-29 20:57:53+00:00,40.289636,-88.126408,-96.22518051562517,2852.0,-5.245201736553142,rs10,18.777523415349226,29.60356284396096,10.826039428611736,1,18.777523415349226,69.73974780252352,50.9622243871743,-78.92951005359993,negative_cross,toward_S1,0.6797098062587918
3,miata,2024-03-29 20:57:54+00:00,40.289674,-88.126379,-100.49427143520965,2853.0,-4.269090919584485,rs10,23.59016981950659,30.439041732538,6.848871913031413,1,23.59016981950659,74.29467476590779,50.7045049464012,-78.92951005359993,negative_cross,toward_S1,0.6006525670072272
3,miata,2024-03-29 20:57:55+00:00,40.289699,-88.12634,-103.33336394731766,2854.0,-2.83909251210801,rs10,27.454253983712118,30.34317127335201,2.888917289639892,1,27.454253983712118,77.63638264300042,50.182128659288296,-78.92951005359993,negative_cross,toward_S1,0.5480767797459678
3,miata,2024-03-29 20:57:56+00:00,40.289713,-88.126291,-104.96481171857663,2855.0,-1.6314477712589621,rs8,29.376867256583775,30.801110553030266,1.424243296446491,1,29.376867256583775,78.42754302890413,49.050675772320346,-78.92951005359993,positive_cross,toward_S1,0.517864783981913
3,miata,2024-03-29 20:57:57+00:00,40.28971,-88.126241,-104.707783361634,2856.0,0.2570283569426266,rs8,27.266254916872448,32.93259265847101,5.666337741598561,1,27.266254916872448,77.41291567682983,50.14666075995738,-78.92951005359993,positive_cross,ambiguous,0.5226245683697394
3,miata,2024-03-29 20:57:58+00:00,40.289697,-88.126189,-103.34204675413775,2857.0,1.3657366074962454,rs8,24.570619676660492,34.77130911773018,10.200689441069692,1,24.570619676660492,75.49915903546356,50.92853935880307,-78.92951005359993,positive_cross,toward_S4,0.5479159870270773
3,miata,2024-03-29 20:57:59+00:00,40.28967,-88.126149,-100.40147396258342,2858.0,2.940572791554331,rs8,21.043430687547957,35.34125980085309,14.29782911330513,1,21.043430687547957,72.30172877686674,51.258298089318785,-78.92951005359993,positive_cross,toward_S4,0.6023710387225278
3,miata,2024-03-29 20:58:00+00:00,40.289633,-88.126128,-96.32006202010123,2859.0,4.081411942482191,rs8,16.82156569636807,34.51624728890949,17.69468159254142,1,16.82156569636807,68.14297037442896,51.32140467806089,-78.92951005359993,positive_cross,toward_S4,0.6779527413610869
3,miata,2024-03-29 20:58:01+00:00,40.289591,-88.126129,-91.64910496618081,2860.0,4.670957053920418,rs8,12.154554228751524,32.3280090058836,20.17345477713208,1,12.154554228751524,63.47312059260715,51.31856636385563,-78.92951005359993,positive_cross,toward_S4,0.7644519460633169
3,miata,2024-03-29 20:58:02+00:00,40.289546,-88.126136,-86.63543715429803,2861.0,5.013667811882783,rs8,7.21781345965771,30.121466581323002,22.903653121665293,1,7.21781345965771,58.48140527248996,51.263591812832246,-78.92951005359993,positive_cross,toward_S4,0.8572976462833685
3,miata,2024-03-29 20:58:03+00:00,40.289496,-88.126143,-81.06588517426661,2862.0,5.56955198003142,rs8,2.281151130630054,28.59271509781868,26.311563967188626,1,2.281151130630054,52.943125097509586,50.66197396687953,-78.92951005359993,positive_cross,toward_S4,0.9604374977654317
3,miata,2024-03-29 20:58:04+00:00,40.289437,-88.126148,-74.49880177778526,2863.0,6.567083396481351,rs8,5.395849910778685,28.417465894411198,23.021615983632515,1,5.395849910778685,46.408620782567496,41.01277087178881,-78.92951005359993,positive_cross,toward_S4,1.082050153255827
3,miata,2024-03-29 20:58:05+00:00,40.289383,-88.12615,-68.49219267808994,2864.0,6.006609099695325,rs8,11.215103106847932,29.77192693992881,18.556823833080877,1,11.215103106847932,40.42424396271947,29.20914085587154,-78.92951005359993,positive_cross,toward_S4,1.193283655102037
3,miata,2024-03-29 20:58:06+00:00,40.289335,-88.126153,-63.15111453696337,2865.0,5.341078141126566,rs8,16.51745410348103,31.80089549506955,15.283441391588521,1,16.51745410348103,35.12046582561274,18.60301172213171,-78.92951005359993,positive_cross,toward_S4,1.2921925095673437
3,miata,2024-03-29 20:58:07+00:00,40.289278,-88.126151,-56.81709510804599,2866.0,6.3340194289173795,rs8,22.786818560727035,28.791696289895967,6.004877729168932,1,22.786818560727035,28.791696289895967,6.004877729168932,-78.92951005359993,positive_cross,toward_S4,1.4094891656584063
3,miata,2024-03-29 20:58:08+00:00,40.289217,-88.126151,-50.035308258528225,2867.0,6.781786849517765,rs6,22.049945358637544,29.54433526841045,7.494389909772906,2,22.049945358637544,29.54433526841045,7.494389909772906,-27.632700444717127,positive_cross,toward_S4,1.5851368923368314
3,miata,2024-03-29 20:58:09+00:00,40.289153,-88.126153,-42.91693082251381,2868.0,7.118377436014413,rs6,15.051317119017668,35.02789434406018,19.97657722504251,2,15.051317119017668,36.65618741228209,21.60487029326442,-27.632700444717127,positive_cross,toward_S4,1.7169586967074688
3,miata,2024-03-29 20:58:10+00:00,40.289087,-88.126154,-35.57772976276549,2869.0,7.339201059748319,rs6,8.025649187126152,32.41357459084648,24.387925403720327,2,8.025649187126152,43.98784033280626,35.96219114568011,-27.632700444717127,positive_cross,toward_S4,1.852869827443549
3,miata,2024-03-29 20:58:11+00:00,40.289017,-88.126155,-27.79382136818226,2870.0,7.783908394583232,rs6,3.1955686117505033,31.332942192097736,28.137373580347234,2,3.1955686117505033,51.766599021157724,48.57103040940722,-27.632700444717127,positive_cross,toward_S4,1.99701627919509
3,miata,2024-03-29 20:58:12+00:00,40.288946,-88.126154,-19.901796226029003,2871.0,7.892025142153258,rs6,8.832724364951448,32.34896334107107,23.516238976119624,2,8.832724364951448,45.74049202737239,36.907767662420945,-27.632700444717127,positive_cross,toward_S4,2.143164892938669
3,miata,2024-03-29 20:58:13+00:00,40.288873,-88.126154,-11.785887373586428,2872.0,8.115908852442574,rs6,16.683095791616534,35.178878337401855,18.49578254578532,2,16.683095791616534,37.65067467323989,20.967578881623357,-27.632700444717127,positive_cross,toward_S4,2.293459501317235
3,miata,2024-03-29 20:58:14+00:00,40.288798,-88.126154,-3.4476248537263965,2873.0,8.33826251986003,rs6,24.928772159112373,29.356305916360267,4.427533757247893,2,24.928772159112373,29.356305916360267,4.427533757247893,-27.632700444717127,positive_cross,toward_S4,2.447871770203532
3,miata,2024-03-29 20:58:15+00:00,40.288724,-88.126157,4.784050960667243,2874.0,8.23167581439364,rs3,21.25320154172366,33.13652983575647,11.883328294032811,3,21.25320154172366,33.13652983575647,11.883328294032811,26.33125891160298,positive_cross,toward_S4,2.6009776305382273
3,miata,2024-03-29 20:58:16+00:00,40.288648,-88.126164,13.244200613965768,2875.0,8.460149653298526,rs3,13.20986363716759,36.29227991153317,23.08241627436558,3,13.20986363716759,41.60734576009847,28.397482122930878,26.33125891160298,positive_cross,toward_S4,2.757647068562274
3,miata,2024-03-29 20:58:17+00:00,40.28857,-88.126165,21.91752367742886,2876.0,8.673323063463092,rs3,5.862517579901139,34.02615398765284,28.163636407751703,3,5.862517579901139,50.25750326804783,44.39498568814669,26.33125891160298,positive_cross,toward_S4,2.918264162330109
3,miata,2024-03-29 20:58:18+00:00,40.288489,-88.126167,30.92590728449502,2877.0,9.008383607066158,rs3,6.99608494888857,33.855036276398586,26.858951327510017,3,6.99608494888857,48.40212562511343,41.406040676224855,26.33125891160298,positive_cross,toward_S4,3.0850860809794822
3,miata,2024-03-29 20:58:19+00:00,40.288409,-88.126169,39.82311405747921,2878.0,8.897206772984191,rs3,14.925159802815108,35.971518726484554,21.046358923669445,3,14.925159802815108,39.57036480127339,24.645204998458283,26.33125891160298,positive_cross,toward_S4,3.2498491693680784
3,miata,2024-03-29 20:58:20+00:00,40.288329,-88.12617,48.71879078835976,2879.0,8.895676730880552,rs3,23.540315950407653,30.76461365518645,7.224297704778799,3,23.540315950407653,30.76461365518645,7.224297704778799,26.33125891160298,positive_cross,toward_S4,3.414583923643644
3,miata,2024-03-29 20:58:21+00:00,40.288251,-88.126171,57.39211385103289,2880.0,8.673323062673127,rs1,22.25064356297229,32.08966838944679,9.839024826474503,4,22.25064356297229,32.08966838944679,9.839024826474503,80.2309515867141,positive_cross,toward_S4,3.577058560450348
3,miata,2024-03-29 20:58:22+00:00,40.288179,-88.126173,65.39990595590541,2881.0,8.007792104872522,rs1,14.593414223263894,35.99800332113105,21.40458909786716,4,14.593414223263894,40.041474008685086,25.448059785421194,80.2309515867141,positive_cross,toward_S4,3.7253510068368763
3,miata,2024-03-29 20:58:23+00:00,40.288117,-88.126175,72.29592972450239,2882.0,6.896023768596976,rs1,8.549715768478034,33.451834512401845,24.90211874392381,4,8.549715768478034,46.90743079778509,38.35771502930706,80.2309515867141,positive_cross,toward_S4,3.853055150699783
3,miata,2024-03-29 20:58:24+00:00,40.288054,-88.126181,79.30925049790054,2883.0,7.013320773398149,rs1,5.670719496381363,31.863533357126723,26.19281386074536,4,5.670719496381363,53.927942888198515,48.25722339181715,80.2309515867141,positive_cross,toward_S4,3.9829314613182674
3,miata,2024-03-29 20:58:25+00:00,40.288008,-88.126194,84.4432754011399,2884.0,5.134024903239364,rs1,8.601655531670517,30.926165856802513,22.324510325131996,4,8.601655531670517,59.136170729700076,50.53451519802956,80.2309515867141,positive_cross,toward_S4,4.078005996563441
3,miata,2024-03-29 20:58:26+00:00,40.287969,-88.126221,88.82048306908437,2885.0,4.377207667944475,rs1,13.232584416814865,29.50457908764303,16.271994670828164,4,13.232584416814865,63.73733292612098,50.50474850930611,80.2309515867141,positive_cross,toward_S4,4.159065397821672
3,miata,2024-03-29 20:58:27+00:00,40.287939,-88.126259,92.21392970567925,2886.0,3.3934466365948737,rs1,17.872164291541203,27.59254777514326,9.720383483602056,4,17.872164291541203,67.56012397363509,49.68795968209388,80.2309515867141,positive_cross,toward_S4,4.221907002203058
3,miata,2024-03-29 20:58:28+00:00,40.287916,-88.12631,94.84902906487557,2887.0,2.6350993591963174,rs1,22.746699864517574,25.0178402541127,2.271140389595125,4,22.746699864517574,70.97298820837108,48.226288343853504,80.2309515867141,positive_cross,toward_S4,4.270705138484471
3,miata,2024-03-29 20:58:29+00:00,40.287906,-88.126366,96.04647980221432,2888.0,1.1974507373387553,rs2,21.95328405685764,27.085961915465596,5.132677858607956,4,21.95328405685764,71.31462464185735,49.36134058499971,80.2309515867141,negative_cross,toward_S4,4.292880152138893
3,miata,2024-03-29 20:58:30+00:00,40.287906,-88.126424,96.1352222889995,2889.0,0.08874248678517915,rs2,18.639318729644824,31.11469447223379,12.475375742588966,4,18.639318729644824,70.32716448529456,51.68784575564973,80.2309515867141,negative_cross,ambiguous,4.2945235315238035
3,miata,2024-03-29 20:58:31+00:00,40.28792,-88.12647,94.64912859093661,2890.0,-1.4860936980628878,rs2,15.205716683506129,33.75046158582198,18.544744902315852,4,15.205716683506129,68.23416106196525,53.02844437845913,80.2309515867141,negative_cross,toward_S1,4.267003277855973
3,miata,2024-03-29 20:58:32+00:00,40.287947,-88.126507,91.70396566997677,2891.0,-2.945162920959845,rs2,11.141075493092318,35.45197564061491,24.310900147522595,4,11.141075493092318,64.94914168145726,53.80806618836495,80.2309515867141,negative_cross,toward_S1,4.212463223764123
3,miata,2024-03-29 20:58:33+00:00,40.287987,-88.12652,87.27678288374504,2892.0,-4.427182786231725,rs2,6.6333324124035125,35.267383560055286,28.634051147651775,4,6.6333324124035125,60.43683229230636,53.80349987990285,80.2309515867141,negative_cross,toward_S1,4.130478357352425
3,miata,2024-03-29 20:58:34+00:00,40.288032,-88.126524,82.27994554349617,2893.0,-4.996837340248874,rs2,2.8617256582531954,34.86878248463441,32.007056826381216,4,2.8617256582531954,55.420329618857124,52.55860396060393,80.2309515867141,negative_cross,toward_S1,4.037944332533002
3,miata,2024-03-29 20:58:35+00:00,40.288085,-88.126519,76.37992314847725,2894.0,-5.900022395018922,rs2,5.922110443150007,34.499036008272974,28.576925565122966,4,5.922110443150007,49.56658073448587,43.644470291335864,80.2309515867141,negative_cross,toward_S1,3.928684658551169
3,miata,2024-03-29 20:58:36+00:00,40.288145,-88.126517,69.70625304731949,2895.0,-6.673670101157754,rs2,12.151484610134856,35.5891788177097,23.437694207574843,4,12.151484610134856,42.929328670954206,30.777844060819348,80.2309515867141,negative_cross,toward_S1,3.805098175196396
3,miata,2024-03-29 20:58:37+00:00,40.28821,-88.126517,62.47975886375677,2896.0,-7.226494183562721,rs2,19.20823701421138,35.73482079944231,16.52658378523093,4,19.20823701421138,35.73482079944231,16.52658378523093,80.2309515867141,negative_cross,toward_S1,3.6712742088341237
3,miata,2024-03-29 20:58:38+00:00,40.28828,-88.126517,54.697380512045406,2897.0,-7.782378351711365,rs2,26.910701317038264,28.007173186933965,1.0964718698957014,4,26.910701317038264,28.007173186933965,1.0964718698957014,80.2309515867141,negative_cross,toward_S1,3.527156091209839
3,miata,2024-03-29 20:58:40+00:00,40.288353,-88.126513,46.57535148809365,2899.0,-4.061014511975877,rs5,20.06477205332734,35.016428752969745,14.951656699642406,3,20.06477205332734,35.016428752969745,14.951656699642406,26.33125891160298,negative_cross,toward_S1,3.3748906032683457
3,miata,2024-03-29 20:58:41+00:00,40.288427,-88.126508,38.34061558795631,2900.0,-8.234735900137345,rs5,12.292415006282628,35.702446619767784,23.410031613485156,3,12.292415006282628,43.2486895933106,30.956274587027973,26.33125891160298,negative_cross,toward_S1,3.222395494006543
3,miata,2024-03-29 20:58:42+00:00,40.2885,-88.1265,30.21246639249538,2901.0,-8.128149195460928,rs5,6.229919914180713,33.14495610653681,26.915036192356098,3,6.229919914180713,51.39611043547004,45.16619052128933,26.33125891160298,negative_cross,toward_S1,3.0718742126091185
3,miata,2024-03-29 20:58:43+00:00,40.288576,-88.126492,21.750786696324994,2902.0,-8.461679696170386,rs5,7.914713738150662,32.52912627200772,24.61441253385706,3,7.914713738150662,48.93852072810679,41.02380698995613,26.33125891160298,negative_cross,toward_S1,2.915176440457815
3,miata,2024-03-29 20:58:44+00:00,40.288651,-88.126483,13.398753790574762,2903.0,-8.352032905750232,rs5,15.113714851398269,33.96073438582431,18.84701953442604,3,15.113714851398269,40.67098170141738,25.55726685001911,26.33125891160298,negative_cross,toward_S1,2.7605091644254034
3,miata,2024-03-29 20:58:45+00:00,40.288724,-88.126474,5.269074552263723,2904.0,-8.12967923831104,rs5,22.910041132435204,32.68007769077707,9.770036558341864,3,22.910041132435204,32.68007769077707,9.770036558341864,26.33125891160298,negative_cross,toward_S1,2.609959548901125
3,miata,2024-03-29 20:58:46+00:00,40.2888,-88.126469,-3.1880150152910884,2905.0,-8.45708956755481,rs7,24.40232238746829,31.12571561153706,6.723393224068772,2,24.40232238746829,31.12571561153706,6.723393224068772,-27.632700444717127,negative_cross,toward_S1,2.452679359804186
3,miata,2024-03-29 20:58:47+00:00,40.288878,-88.126458,-11.876638506726284,2906.0,-8.688623491435195,rs7,16.274408245569617,32.938466592945964,16.664058347376347,2,16.274408245569617,39.77426471119259,23.499856465622976,-27.632700444717127,negative_cross,toward_S1,2.291778924777608
3,miata,2024-03-29 20:58:48+00:00,40.288956,-88.126452,-20.557611784570412,2907.0,-8.680973277844128,rs7,9.007275439189264,29.261634392807544,20.25435895361828,2,9.007275439189264,48.36647511887046,39.3591996796812,-27.632700444717127,negative_cross,toward_S1,2.131020160373087
3,miata,2024-03-29 20:58:49+00:00,40.289033,-88.126445,-29.128938271972643,2908.0,-8.571326487402231,rs7,7.010136998432415,27.812793582776052,20.802656584343637,2,7.010136998432415,49.368739815403124,42.35860281697071,-27.632700444717127,negative_cross,toward_S1,1.9722918920878607
3,miata,2024-03-29 20:58:50+00:00,40.289112,-88.126442,-37.91649825451494,2909.0,-8.787559982542298,rs7,12.823359034713542,29.348137536697568,16.524778501984024,2,12.823359034713542,40.61899518416752,27.795636149453976,-27.632700444717127,negative_cross,toward_S1,1.809559299818559
3,miata,2024-03-29 20:58:51+00:00,40.289193,-88.12644,-46.924881860791146,2910.0,-9.008383606276205,rs7,21.01919077866643,31.661550620547366,10.642359841880936,2,21.01919077866643,31.661550620547366,10.642359841880936,-27.632700444717127,negative_cross,toward_S1,1.6427373811838144
3,miata,2024-03-29 20:58:52+00:00,40.289275,-88.12644,-56.0413822162173,2911.0,-9.116500355426155,rs10,22.611031802482685,29.757776059945726,7.146744257463041,1,22.611031802482685,29.757776059945726,7.146744257463041,-78.92951005359993,negative_cross,toward_S1,1.4238542192107895
3,miata,2024-03-29 20:58:53+00:00,40.289357,-88.126439,-65.15941261372532,2912.0,-9.118030397508022,rs10,13.67485355504068,30.14528235243845,16.47042879739777,1,13.67485355504068,38.68894084415713,25.01408728911645,-78.92951005359993,negative_cross,toward_S1,1.2550018044421223
3,miata,2024-03-29 20:58:54+00:00,40.28944,-88.126437,-74.39014988744074,2913.0,-9.23073727371542,rs10,5.368424076494958,26.992904542902927,21.62448046640797,1,5.368424076494958,47.814977760359454,42.446553683864494,-78.92951005359993,negative_cross,toward_S1,1.0840622252992442
3,miata,2024-03-29 20:58:55+00:00,40.289518,-88.126437,-83.06194290803197,2914.0,-8.671793020591224,rs10,5.86657806588002,26.892606720106052,21.02602865422603,1,5.86657806588002,56.40192536902048,50.53534730314046,-78.92951005359993,negative_cross,toward_S1,0.923473465658666
3,miata,2024-03-29 20:58:56+00:00,40.289583,-88.126437,-90.28843709159467,2915.0,-7.226494183562707,rs10,12.412571556350493,28.873858248286403,16.46128669193591,1,12.412571556350493,63.57611698890077,51.16354543255028,-78.92951005359993,negative_cross,toward_S1,0.7896494992963936
3,miata,2024-03-29 20:58:57+00:00,40.289634,-88.126427,-95.97375603355542,2916.0,-5.685318941960745,rs10,18.108288384765878,30.808768388664877,12.700480003899,1,18.108288384765878,69.3091139139136,51.20082552914773,-78.92951005359993,negative_cross,toward_S1,0.6843658151860095
3,miata,2024-03-29 20:58:58+00:00,40.289662,-88.126397,-99.13260866052617,2917.0,-3.1588526269707558,rs10,21.81599719459887,30.655592248573104,8.839595053974232,1,21.81599719459887,72.73640546146845,50.92040826686958,-78.92951005359993,negative_cross,toward_S1,0.6258685443161807
3,miata,2024-03-29 20:58:59+00:00,40.289679,-88.126353,-101.08993671813533,2918.0,-1.9573280576091605,rs10,24.971673993634766,29.323897277297778,4.352223283663012,1,24.971673993634766,75.23795842944668,50.26628443581191,-78.92951005359993,negative_cross,toward_S1,0.5896217284345295
3,miata,2024-03-29 20:59:00+00:00,40.289679,-88.126318,-101.1434882187808,2919.0,-0.053551500645468764,rs10,26.379724944598692,27.44304733149304,1.0633223868943489,1,26.379724944598692,75.20093573977427,48.821210795175574,-78.92951005359993,negative_cross,ambiguous,0.5886300339781319
3,miata,2024-03-29 20:59:01+00:00,40.289672,-88.12627,-100.43869244202774,2920.0,0.704795776753059,rs8,24.532065064417544,28.092584278964292,3.5605192145467477,1,24.532065064417544,73.61943695588035,49.0873718914628,-78.92951005359993,positive_cross,ambiguous,0.6016818076217071
3,miata,2024-03-29 20:59:02+00:00,40.289668,-88.126256,-100.01540570746407,2921.0,0.4232867345636748,rs8,23.560564251406163,28.522576154252484,4.962011902846321,1,23.560564251406163,72.98099095781511,49.420426706408946,-78.92951005359993,positive_cross,ambiguous,0.6095204508543677
3,miata,2024-03-29 20:59:03+00:00,40.289668,-88.126229,-100.05671686511295,2922.0,-0.041311157648877384,rs8,22.55845211690186,30.090943822780023,7.5324917058781615,1,22.55845211690186,72.64761581787953,50.089163700977664,-78.92951005359993,positive_cross,ambiguous,0.6087554294164256
3,miata,2024-03-29 20:59:04+00:00,40.289671,-88.126212,-100.41625809473096,2923.0,-0.35954122961801716,rs8,22.340575190974498,31.35418723060345,9.013612039628953,1,22.340575190974498,72.80572595980955,50.46515076883505,-78.92951005359993,positive_cross,ambiguous,0.6020972584975735
3,miata,2024-03-29 20:59:05+00:00,40.289678,-88.126198,-101.21591653054658,2924.0,-0.7996584358156156,rs8,22.71718666294096,32.751667268035824,10.034480605094863,1,22.71718666294096,73.45983418001032,50.74264751706936,-78.92951005359993,positive_cross,toward_S1,0.5872887689454324
3,miata,2024-03-29 20:59:06+00:00,40.28969,-88.126192,-102.55921879072426,2925.0,-1.3433022601776798,rs8,23.873387551176325,34.04307159489384,10.169684043717513,1,23.873387551176325,74.7441757427821,50.87078819160578,-78.92951005359993,positive_cross,toward_S1,0.5624128011643642
3,miata,2024-03-29 20:59:07+00:00,40.289701,-88.12619,-103.78522404610082,2926.0,-1.2260052553765632,rs8,25.023197927200755,35.0276558895605,10.004457962359744,1,25.023197927200755,75.94945307683983,50.926255149639076,-78.92951005359993,positive_cross,toward_S1,0.5397090001388722
3,miata,2024-03-29 20:59:08+00:00,40.289721,-88.126194,-106.00264054639631,2927.0,-2.217416500295485,rs8,27.26755068134344,36.42321089790517,9.155660216561731,1,27.26755068134344,78.19429995943499,50.92674927809155,-78.92951005359993,positive_cross,toward_S1,0.4986457316148818
3,miata,2024-03-29 20:59:09+00:00,40.289731,-88.126197,-107.10981875405632,2928.0,-1.107178207660013,rs8,28.408555375862793,37.09768080172579,8.689125425862994,1,28.408555375862793,79.3239985719172,50.91544319605441,-78.92951005359993,positive_cross,toward_S1,0.4781424314730297
3,miata,2024-03-29 20:59:10+00:00,40.289741,-88.1262,-108.2169969609481,2929.0,-1.1071782068917742,rs8,29.54956078050868,37.79456812345773,8.245007342949048,1,29.54956078050868,80.45401654888421,50.90445576837553,-78.92951005359993,positive_cross,toward_S1,0.45763913134540435
3,miata,2024-03-29 20:59:11+00:00,40.289756,-88.126203,-109.8800593359668,2930.0,-1.6630623750187112,rs8,31.233374910649626,38.9556492944523,7.722274383802674,1,31.233374910649626,82.13828964408681,50.90491473343718,-78.92951005359993,positive_cross,toward_S1,0.42684167995616895
3,miata,2024-03-29 20:59:12+00:00,40.289766,-88.126206,-110.98723754364858,2931.0,-1.1071782076817698,rs8,32.3743573300634,39.70111914562349,7.32676181556009,1,32.3743573300634,83.26881431359558,50.89445698353219,-78.92951005359993,positive_cross,toward_S1,0.40633837981391396
3,miata,2024-03-29 20:59:13+00:00,40.289768,-88.12621,-111.20347103955686,2932.0,-0.2162334959082841,rs8,32.66607370559082,39.68587314581008,7.019799440219259,1,32.66607370559082,83.52153501860626,50.85546131301544,-78.92951005359993,positive_cross,ambiguous,0.4023340558156123
3,miata,2024-03-29 20:59:14+00:00,40.289768,-88.126209,-111.20500108242872,2933.0,-0.001530042871863202,rs8,32.64713971282888,39.734724403629684,7.087584690800803,1,32.64713971282888,83.51361437083162,50.86647465800274,-78.92951005359993,positive_cross,ambiguous,0.40230572168835566
3,miata,2024-03-29 20:59:15+00:00,40.289768,-88.126208,-111.20653112530059,2934.0,-0.001530042871863202,rs8,32.62841534295681,39.783696607961765,7.155281265004959,1,32.62841534295681,83.50577917166937,50.87736382871257,-78.92951005359993,positive_cross,ambiguous,0.4022773875610989
3,miata,2024-03-29 20:59:16+00:00,40.289768,-88.126209,-111.20500108242872,2935.0,0.001530042871863202,rs8,32.64713971282888,39.734724403629684,7.087584690800803,1,32.64713971282888,83.51361437083162,50.86647465800274,-78.92951005359993,positive_cross,ambiguous,0.40230572168835566
3,miata,2024-03-29 20:59:17+00:00,40.289768,-88.126209,-111.20500108242872,2936.0,0.0,rs8,32.64713971282888,39.734724403629684,7.087584690800803,1,32.64713971282888,83.51361437083162,50.86647465800274,-78.92951005359993,positive_cross,ambiguous,0.40230572168835566
3,miata,2024-03-29 20:59:18+00:00,40.289768,-88.12621,-111.20347103955686,2937.0,0.001530042871863202,rs8,32.66607370559082,39.68587314581008,7.019799440219259,1,32.66607370559082,83.52153501860626,50.85546131301544,-78.92951005359993,positive_cross,ambiguous,0.4023340558156123
3,miata,2024-03-29 20:59:19+00:00,40.289769,-88.126208,-111.3177079586143,2938.0,-0.11423691905744704,rs8,32.73693922809776,39.874518727807256,7.137579499709496,1,32.73693922809776,83.61653599698994,50.87959676889218,-78.92951005359993,positive_cross,ambiguous,0.4002185573145485
3,miata,2024-03-29 20:59:20+00:00,40.289769,-88.126211,-111.31311782999873,2939.0,0.004590128615575395,rs8,32.79355286789836,39.72830043791509,6.934747570016725,1,32.79355286789836,83.64026645001846,50.846713582120096,-78.92951005359993,positive_cross,ambiguous,0.4003035596963185
3,miata,2024-03-29 20:59:41+00:00,40.28977,-88.126254,-111.35850281964865,2960.0,-0.002161189983329423,rs8,33.91089770963859,37.85503948861397,3.9441417789753785,1,33.91089770963859,84.17456269281313,50.263664983174536,-78.92951005359993,positive_cross,ambiguous,0.3994630969250237
3,miata,2024-03-29 20:59:42+00:00,40.289758,-88.12625,-110.030500988233,2961.0,1.3280018314156479,rs8,32.53869607336646,36.88624634573267,4.347550272366213,1,32.53869607336646,82.80600450506122,50.267308431694765,-78.92951005359993,positive_cross,ambiguous,0.4240557234327208
3,miata,2024-03-29 20:59:43+00:00,40.289765,-88.126257,-110.79802852367439,2962.0,-0.7675275354413884,rs8,33.470894763539356,37.2464947723081,3.775600008768741,1,33.470894763539356,83.65934984776761,50.18845508422826,-78.92951005359993,positive_cross,ambiguous,0.40984225055417667
3,miata,2024-03-29 20:59:44+00:00,40.289772,-88.126259,-111.5732062726851,2963.0,-0.7751777490107088,rs8,34.26115033393791,37.83624365100862,3.57509331707071,1,34.26115033393791,84.45412286760704,50.19297253366913,-78.92951005359993,positive_cross,ambiguous,0.39548710705397827
3,miata,2024-03-29 20:59:45+00:00,40.289776,-88.126262,-112.01332347890444,2964.0,-0.44011720621934103,rs8,34.765760635010594,38.10023407269424,3.3344734376836485,1,34.765760635010594,84.93088174474548,50.16512110973488,-78.92951005359993,positive_cross,ambiguous,0.38733678842028685
3,miata,2024-03-29 20:59:46+00:00,40.289775,-88.126254,-111.91438698779733,2965.0,0.09893649110711067,rs8,34.43707800383231,38.33630810091011,3.8992300970777976,1,34.43707800383231,84.72544798669544,50.28836998286313,-78.92951005359993,positive_cross,ambiguous,0.3891689456630111
3,miata,2024-03-29 20:59:47+00:00,40.289773,-88.12625,-111.69815349188906,2966.0,0.2162334959082699,rs8,34.118306593402465,38.31452343493467,4.196216841532205,1,34.118306593402465,84.45928017032023,50.34097357691776,-78.92951005359993,positive_cross,ambiguous,0.3931732696613124
3,miata,2024-03-29 20:59:48+00:00,40.289772,-88.126252,-111.5839165728316,2967.0,0.11423691905746125,rs8,34.0666162604704,38.13271960491569,4.066103344445295,1,34.0666162604704,84.37180839734258,50.30519213687218,-78.92951005359993,positive_cross,ambiguous,0.39528876816237646
3,miata,2024-03-29 20:59:49+00:00,40.289774,-88.126257,-111.798620025868,2968.0,-0.2147034530364067,rs8,34.41463045952532,38.113470470944876,3.6988400114195557,1,34.41463045952532,84.65045140785942,50.2358209483341,-78.92951005359993,positive_cross,ambiguous,0.39131277829133193
3,miata,2024-03-29 20:59:50+00:00,40.289778,-88.126252,-112.25097757429398,2969.0,-0.4523575484259794,rs8,34.69958951182458,38.71017499050049,4.010585478675914,1,34.69958951182458,85.03309138172916,50.33350186990459,-78.92951005359993,positive_cross,ambiguous,0.3829357866538138
3,miata,2024-03-29 20:59:51+00:00,40.289779,-88.126256,-112.35603423688852,2970.0,-0.10505666259453506,rs8,34.91291644538583,38.63939904804762,3.7264826026617897,1,34.91291644538583,85.18942804928392,50.276511603898086,-78.92951005359993,positive_cross,ambiguous,0.3809902929020631
3,miata,2024-03-29 21:00:22+00:00,40.289736,-88.126262,-107.5662501345051,3001.0,0.15450916459301361,rs8,30.615051413430034,34.272582386606906,3.657530973176872,1,30.615051413430034,80.53091668753413,49.91586527410409,-78.92951005359993,positive_cross,ambiguous,0.4696899985017561
3,miata,2024-03-29 21:00:23+00:00,40.289756,-88.126251,-109.80661727794369,3002.0,-2.24036714343859,rs8,32.35699780187498,36.65249294879274,4.295495146917759,1,32.35699780187498,82.59719648849992,50.240198686624936,-78.92951005359993,positive_cross,ambiguous,0.4282017180677081
3,miata,2024-03-29 21:00:24+00:00,40.289762,-88.126255,-110.46755810868692,3003.0,-0.660940830743229,rs8,33.099527161317624,37.04576978914451,3.9462426278268836,1,33.099527161317624,83.3051212835986,50.20559412228097,-78.92951005359993,positive_cross,ambiguous,0.4159620730539446
3,miata,2024-03-29 21:00:25+00:00,40.289762,-88.126256,-110.46602806581505,3004.0,0.001530042871863202,rs8,33.128198969628166,37.002317380715375,3.87411841108721,1,33.128198969628166,83.31703602473098,50.188837055102816,-78.92951005359993,positive_cross,ambiguous,0.4159904071812014
3,miata,2024-03-29 21:00:26+00:00,40.289762,-88.126256,-110.46602806581505,3005.0,0.0,rs8,33.128198969628166,37.002317380715375,3.87411841108721,1,33.128198969628166,83.31703602473098,50.188837055102816,-78.92951005359993,positive_cross,ambiguous,0.4159904071812014
3,miata,2024-03-29 21:00:27+00:00,40.289762,-88.126256,-110.46602806581505,3006.0,0.0,rs8,33.128198969628166,37.002317380715375,3.87411841108721,1,33.128198969628166,83.31703602473098,50.188837055102816,-78.92951005359993,positive_cross,ambiguous,0.4159904071812014
3,miata,2024-03-29 21:00:28+00:00,40.289762,-88.126256,-110.46602806581505,3007.0,0.0,rs8,33.128198969628166,37.002317380715375,3.87411841108721,1,33.128198969628166,83.31703602473098,50.188837055102816,-78.92951005359993,positive_cross,ambiguous,0.4159904071812014
3,miata,2024-03-29 21:00:29+00:00,40.289762,-88.126256,-110.46602806581505,3008.0,0.0,rs8,33.128198969628166,37.002317380715375,3.87411841108721,1,33.128198969628166,83.31703602473098,50.188837055102816,-78.92951005359993,positive_cross,ambiguous,0.4159904071812014
3,miata,2024-03-29 21:00:30+00:00,40.289762,-88.126256,-110.46602806581505,3009.0,0.0,rs8,33.128198969628166,37.002317380715375,3.87411841108721,1,33.128198969628166,83.31703602473098,50.188837055102816,-78.92951005359993,positive_cross,ambiguous,0.4159904071812014
3,miata,2024-03-29 21:00:31+00:00,40.289762,-88.126256,-110.46602806581505,3010.0,0.0,rs8,33.128198969628166,37.002317380715375,3.87411841108721,1,33.128198969628166,83.31703602473098,50.188837055102816,-78.92951005359993,positive_cross,ambiguous,0.4159904071812014
