run_id,label,timestamp,latitude,longitude,axis_m,elapsed_s,axis_velocity_mps,nearest_sensor,nearest_sensor_distance_m,second_sensor_distance_m,sensor_margin_m,nearest_station,nearest_station_distance_m,second_station_distance_m,station_margin_m,nearest_station_axis_m,side_label,direction,lap_progress_stationized
4,gle350,2024-03-29 21:20:41+00:00,40.289701,-88.126147,-103.8510158897429,0.0,0.0,rs8,24.461511017720554,37.67159052274521,13.210079505024659,1,24.461511017720554,75.7417325655197,51.280221547799144,-78.92951005359993,positive_cross,toward_S4,0.5384906326640191
4,gle350,2024-03-29 21:20:42+00:00,40.289688,-88.126151,-102.39959688122694,1.0,1.4514190085159555,rs8,23.05238438564687,36.46774731046226,13.415362924815387,1,23.05238438564687,74.30875739538703,51.25637300974016,-78.92951005359993,positive_cross,toward_S4,0.5653687624513516
4,gle350,2024-03-29 21:20:43+00:00,40.289678,-88.126153,-101.28476845995411,2.0,1.1148284212728328,rs8,21.964699583938106,35.62708373808876,13.66238415415065,1,21.964699583938106,73.20408076422086,51.239381180282756,-78.92951005359993,positive_cross,toward_S4,0.5860137332156633
4,gle350,2024-03-29 21:20:44+00:00,40.289667,-88.126154,-100.06029324747117,3.0,1.2244752124829432,rs8,20.75995975528424,34.8015705933456,14.041610838061363,1,20.75995975528424,71.98522861505491,51.225268859770665,-78.92951005359993,positive_cross,toward_S4,0.6086892001134956
4,gle350,2024-03-29 21:20:45+00:00,40.289657,-88.126155,-98.946994868302,4.0,1.1132983791691657,rs8,19.668111576527398,34.06583829345017,14.397726716922772,1,19.668111576527398,70.87775289000764,51.20964131348025,-78.92951005359993,positive_cross,toward_S4,0.6293058367647764
4,gle350,2024-03-29 21:20:46+00:00,40.289646,-88.126156,-97.7225196558191,5.0,1.2244752124829006,rs8,18.469078140506532,33.28792406580078,14.818845925294248,1,18.469078140506532,69.65942783543868,51.190349694932145,-78.92951005359993,positive_cross,toward_S4,0.6519813036626079
4,gle350,2024-03-29 21:20:47+00:00,40.289635,-88.126157,-96.49804444331441,6.0,1.2244752125046858,rs8,17.273891646597285,32.53765031057716,15.263758663979878,1,17.273891646597285,68.44139221989032,51.16750057329303,-78.92951005359993,positive_cross,toward_S4,0.6746567705608428
4,gle350,2024-03-29 21:20:48+00:00,40.289593,-88.126168,-91.8117869614436,7.0,4.686257481870811,rs8,12.92929676521801,29.41554364961904,16.486246884401027,1,12.92929676521801,63.83159005756282,50.90229329234481,-78.92951005359993,positive_cross,toward_S4,0.7614393165214134
4,gle350,2024-03-29 21:20:49+00:00,40.289551,-88.126173,-87.1347097360575,8.0,4.6770772253861,rs8,8.764005949100007,27.265547436537872,18.501541487437866,1,8.764005949100007,59.20357272833741,50.43956677923741,-78.92951005359993,positive_cross,toward_S4,0.8480518577322671
4,gle350,2024-03-29 21:20:50+00:00,40.289484,-88.126176,-79.68127175644001,9.0,7.45343797961749,rs8,4.4524506079837325,25.722143628201714,21.269693020217982,1,4.4524506079837325,51.802036173635585,47.34958556565185,-78.92951005359993,positive_cross,toward_S4,0.9860784869844429
4,gle350,2024-03-29 21:20:51+00:00,40.289395,-88.126175,-69.78806360910959,10.0,9.893208147330427,rs8,10.593660015451176,27.323897547490112,16.730237532038934,1,10.593660015451176,41.94902832408798,31.355368308636805,-78.92951005359993,positive_cross,toward_S4,1.1692860452683396
4,gle350,2024-03-29 21:20:52+00:00,40.28931,-88.126172,-60.3426228823795,11.0,9.445440726730084,rs8,19.54492387184324,31.93330909478165,12.38838522293841,1,19.54492387184324,32.540133307501534,12.995209435658296,-78.92951005359993,positive_cross,toward_S4,1.3442016142818598
4,gle350,2024-03-29 21:20:53+00:00,40.289229,-88.126164,-51.34953970405367,12.0,8.993083178325833,rs6,23.533417776232326,28.32616493350822,4.792747157275894,2,23.533417776232326,28.32616493350822,4.792747157275894,-27.632700444717127,positive_cross,toward_S4,1.5607992729752493
4,gle350,2024-03-29 21:20:54+00:00,40.289134,-88.126172,-40.775500169392345,13.0,10.574039534661324,rs6,13.451890050607325,32.67600286640843,19.224112815801107,2,13.451890050607325,38.90185681785161,25.449966767244284,-27.632700444717127,positive_cross,toward_S4,1.756614819913422
4,gle350,2024-03-29 21:20:55+00:00,40.289044,-88.126173,-30.76805510300444,14.0,10.007445066387906,rs6,5.38358059839537,29.975656764374747,24.59207616597938,2,5.38358059839537,48.87493034341423,43.49134974501886,-27.632700444717127,positive_cross,toward_S4,1.941937876698383
4,gle350,2024-03-29 21:20:56+00:00,40.288955,-88.126174,-20.871786870698493,15.0,9.896268232305946,rs6,8.706976721014268,30.467751834795617,21.76077511378135,2,8.706976721014268,46.897865632366006,38.190888911351735,-27.632700444717127,positive_cross,toward_S4,2.125202103222567
4,gle350,2024-03-29 21:20:57+00:00,40.288865,-88.126182,-10.853631504185833,16.0,10.01815536651266,rs6,18.127613006753354,33.50949775512616,15.381884748372809,2,18.127613006753354,37.0695613086563,18.941948301902944,-27.632700444717127,positive_cross,toward_S4,2.3107234988987275
4,gle350,2024-03-29 21:20:58+00:00,40.288783,-88.126183,-1.7356011066777872,17.0,9.118030397508045,rs6,26.981833314916162,28.121936232195072,1.1401029172789094,2,26.981833314916162,28.121936232195072,1.1401029172789094,-27.632700444717127,positive_cross,toward_S4,2.479575913667395
4,gle350,2024-03-29 21:20:59+00:00,40.28871,-88.126182,6.378777702892931,18.0,8.114378809570718,rs3,20.239172600251162,34.95433962491924,14.71516702466808,3,20.239172600251162,34.95433962491924,14.71516702466808,26.33125891160298,positive_cross,toward_S4,2.6305096072461103
4,gle350,2024-03-29 21:21:00+00:00,40.288618,-88.12618,16.603986308082725,19.0,10.225208605189794,rs3,10.783057354110547,33.91576883903442,23.132711484923874,3,10.783057354110547,45.069507696629664,34.28645034251912,26.33125891160298,positive_cross,toward_S4,2.8198653221570322
4,gle350,2024-03-29 21:21:01+00:00,40.288517,-88.126178,27.82978641544439,20.0,11.225800107361664,rs3,5.969287505852223,32.651359208937805,26.682071703085583,3,5.969287505852223,51.5934555365583,45.62416803070608,26.33125891160298,positive_cross,toward_S4,3.0277505093303962
4,gle350,2024-03-29 21:21:02+00:00,40.288413,-88.126174,39.38605693781529,21.0,11.556270522370902,rs3,14.651202509205747,35.41308123899064,20.761878729784897,3,14.651202509205747,40.06373238258897,25.41252987338322,26.33125891160298,positive_cross,toward_S4,3.2417555190039318
4,gle350,2024-03-29 21:21:03+00:00,40.288314,-88.126174,50.39256346352495,22.0,11.00650652570966,rs3,25.2428109013468,29.174325668247324,3.9315147669005235,3,25.2428109013468,29.174325668247324,3.9315147669005235,26.33125891160298,positive_cross,toward_S4,3.445579713924481
4,gle350,2024-03-29 21:21:04+00:00,40.288232,-88.126151,59.47387283199971,23.0,9.081309368474756,rs1,19.85621618685913,33.97267660191953,14.116460415060402,4,19.85621618685913,33.97267660191953,14.116460415060402,80.2309515867141,positive_cross,toward_S4,3.615609652690474
4,gle350,2024-03-29 21:21:05+00:00,40.288134,-88.126167,70.39368321041056,24.0,10.919810378410851,rs1,9.793632498052911,34.632130419061774,24.838497921008862,4,9.793632498052911,44.95407175300842,35.160439254955506,80.2309515867141,positive_cross,toward_S4,3.8178283634017864
4,gle350,2024-03-29 21:21:06+00:00,40.28805,-88.126172,79.74018744684524,25.0,9.346504236434683,rs1,4.944783693337336,32.6078672297872,27.663083536449868,4,4.944783693337336,54.293583829641776,49.34880013630444,80.2309515867141,positive_cross,toward_S4,3.9909117751876138
4,gle350,2024-03-29 21:21:07+00:00,40.287984,-88.126178,87.08703872097459,26.0,7.3468512741293495,rs1,9.638488709425403,32.67644281539815,23.037954105972744,4,9.638488709425403,61.65023095165725,52.01174224223185,80.2309515867141,positive_cross,toward_S4,4.126964576560379
4,gle350,2024-03-29 21:21:08+00:00,40.287929,-88.126195,93.22777529791674,27.0,6.140736576942146,rs1,15.671356708284716,33.027049428752285,17.35569272046757,4,15.671356708284716,67.87889331087507,52.20753660259035,80.2309515867141,positive_cross,toward_S4,4.240681920577827
4,gle350,2024-03-29 21:21:09+00:00,40.287888,-88.126221,97.82580658961687,28.0,4.5980312917001385,rs1,20.737148556426238,33.072398154904775,12.335249598478537,4,20.737148556426238,72.66339607659609,51.92624752016985,80.2309515867141,positive_cross,toward_S4,4.3258306482019035
4,gle350,2024-03-29 21:21:10+00:00,40.287858,-88.126267,101.23149356999828,29.0,3.405686980381404,rs1,25.526556045042256,31.795884573916236,6.269328528873981,4,25.526556045042256,76.54661892636412,51.02006288132186,80.2309515867141,positive_cross,toward_S4,4.388898925616374
4,gle350,2024-03-29 21:21:11+00:00,40.287843,-88.126314,102.97105808880556,30.0,1.7395645188072848,rs1,29.10425566098929,30.025849114978698,0.9215934539894093,4,29.10425566098929,78.95852085058596,49.85426518959667,80.2309515867141,positive_cross,toward_S4,4.421113083372064
4,gle350,2024-03-29 21:21:12+00:00,40.287843,-88.126359,103.0399100182131,31.0,0.06885192940754337,rs2,27.555045835449537,31.481390731316317,3.92634489586678,4,27.555045835449537,78.27374425380228,50.718698418352744,80.2309515867141,negative_cross,ambiguous,4.422388119101834
4,gle350,2024-03-29 21:21:13+00:00,40.287854,-88.126408,101.89193694951872,32.0,-1.1479730686943839,rs2,24.195585287923386,33.535993485019645,9.34040819709626,4,24.195585287923386,76.25735590665754,52.06177061873415,80.2309515867141,negative_cross,toward_S1,4.401129358570456
4,gle350,2024-03-29 21:21:14+00:00,40.28787,-88.126451,100.17889945621279,33.0,-1.713037493305933,rs2,20.895565791681435,35.258662621221575,14.36309682954014,4,20.895565791681435,73.95023436744347,53.05466857576204,80.2309515867141,negative_cross,toward_S1,4.369406442027754
4,gle350,2024-03-29 21:21:15+00:00,40.287902,-88.126501,96.69774292448189,34.0,-3.4811565317309032,rs2,16.034724333821014,37.003404885958055,20.96868055213704,4,16.034724333821014,69.97821251585613,53.94348818203511,80.2309515867141,negative_cross,toward_S1,4.304940580329033
4,gle350,2024-03-29 21:21:16+00:00,40.287938,-88.126532,92.74280824484373,35.0,-3.954934679638157,rs2,11.516930980646007,37.78793134413983,26.27100036349382,4,11.516930980646007,65.83013942481125,54.31320844416524,80.2309515867141,negative_cross,toward_S1,4.231701049224623
4,gle350,2024-03-29 21:21:17+00:00,40.287995,-88.126532,86.40572872937095,36.0,-6.33707951547278,rs2,5.396444366926339,36.08497509275024,30.688530725823902,4,5.396444366926339,59.49565995328714,54.0992155863608,80.2309515867141,negative_cross,toward_S1,4.1143477248640155
4,gle350,2024-03-29 21:21:18+00:00,40.288046,-88.126524,80.72346987315389,37.0,-5.682258856217061,rs2,2.8067268240543397,34.78572871188935,31.979001887835008,4,2.8067268240543397,53.86594608983413,51.059219265779795,80.2309515867141,negative_cross,toward_S1,4.009120709008144
4,gle350,2024-03-29 21:21:19+00:00,40.288107,-88.126523,73.94015298155425,38.0,-6.78331689159964,rs2,7.974169197148733,35.15034247451167,27.176173277362935,4,7.974169197148733,47.101383405412456,39.12721420826372,80.2309515867141,negative_cross,toward_S1,3.883503729534077
4,gle350,2024-03-29 21:21:20+00:00,40.288175,-88.12652,66.37553816783306,39.0,-7.564614813721192,rs2,15.335650732355196,36.898112984225754,21.562462251870556,4,15.335650732355196,39.58319588569309,24.24754515333789,80.2309515867141,negative_cross,toward_S1,3.7434182700207215
4,gle350,2024-03-29 21:21:21+00:00,40.288245,-88.126518,58.59009973037797,40.0,-7.785438437455085,rs2,23.040411132181383,31.85728937082459,8.816878238643206,4,23.040411132181383,31.85728937082459,8.816878238643206,80.2309515867141,negative_cross,toward_S1,3.5992434841419234
4,gle350,2024-03-29 21:21:22+00:00,40.288326,-88.126513,49.577125995464456,41.0,-9.012973734913516,rs5,23.009950243916737,32.031273150369984,9.021322906453246,3,23.009950243916737,32.031273150369984,9.021322906453246,26.33125891160298,negative_cross,toward_S1,3.430479020071509
4,gle350,2024-03-29 21:21:23+00:00,40.288418,-88.126507,39.33967704727806,42.0,-10.237448948186398,rs5,13.255193157213844,35.975663564781236,22.72047040756739,3,13.255193157213844,42.260503755633664,29.00531059841982,26.33125891160298,negative_cross,toward_S1,3.240896632142131
4,gle350,2024-03-29 21:21:24+00:00,40.288514,-88.126505,28.663640936534136,43.0,-10.676036110743922,rs5,5.170453973105992,33.416128421159726,28.245674448053734,3,5.170453973105992,52.91033506784146,47.739881094735466,26.33125891160298,negative_cross,toward_S1,3.0431922597209473
4,gle350,2024-03-29 21:21:25+00:00,40.288617,-88.1265,17.204776861608526,44.0,-11.45886407492561,rs5,11.09292471759309,34.11335709142469,23.020432373831596,3,11.09292471759309,44.349399101659685,33.25647438406659,26.33125891160298,negative_cross,toward_S1,2.830991073148251
4,gle350,2024-03-29 21:21:26+00:00,40.288735,-88.126467,4.035419082527906,45.0,-13.16935777908062,rs5,24.261129030661433,31.55350139862665,7.292372367965218,3,24.261129030661433,31.55350139862665,7.292372367965218,26.33125891160298,negative_cross,toward_S1,2.5871140772393506
4,gle350,2024-03-29 21:21:27+00:00,40.288836,-88.126452,-7.21639175374231,46.0,-11.251810836270216,rs7,20.86494952474466,35.008601626155674,14.143652101411014,2,20.86494952474466,35.3672118708065,14.50226234606184,-27.632700444717127,negative_cross,toward_S1,2.3780797905736075
4,gle350,2024-03-29 21:21:28+00:00,40.288942,-88.126439,-19.021026671605775,47.0,-11.804634917863464,rs7,10.901601875449048,28.628795829641074,17.727193954192025,2,10.901601875449048,47.0729786728473,36.17137679739825,-27.632700444717127,negative_cross,toward_S1,2.1594754402428027
4,gle350,2024-03-29 21:21:29+00:00,40.289052,-88.126434,-31.25812858130754,48.0,-12.237101909701764,rs7,8.680902143968403,27.07330850522679,18.392406361258388,2,8.680902143968403,47.32534513770378,38.644442993735375,-27.632700444717127,negative_cross,toward_S1,1.9328624419149925
4,gle350,2024-03-29 21:21:30+00:00,40.28916,-88.126436,-43.262166524257054,49.0,-12.004037942949516,rs7,17.752615339019158,31.15834007583835,13.405724736819192,2,17.752615339019158,35.3474175409795,17.59480220196034,-27.632700444717127,negative_cross,toward_S1,1.710565442971483
4,gle350,2024-03-29 21:21:31+00:00,40.28927,-88.126433,-55.49620834819337,50.0,-12.234041823936316,rs10,23.25359431742827,29.369275342621613,6.115681025193343,1,23.25359431742827,29.369275342621613,6.115681025193343,-78.92951005359993,negative_cross,toward_S1,1.433950031581603
4,gle350,2024-03-29 21:21:32+00:00,40.28938,-88.126435,-67.72259995777038,51.0,-12.226391609577014,rs10,11.321979552553046,28.743934916255267,17.42195536370222,1,11.321979552553046,41.26572841776534,29.943748865212292,-78.92951005359993,negative_cross,toward_S1,1.2075353721449915
4,gle350,2024-03-29 21:21:33+00:00,40.289473,-88.126436,-78.0605154391458,52.0,-10.337915481375418,rs10,3.664464826722613,26.522713685028375,22.85824885830576,1,3.664464826722613,51.45656825492144,47.79210342819883,-78.92951005359993,negative_cross,toward_S1,1.0160924928602615
4,gle350,2024-03-29 21:21:34+00:00,40.289556,-88.126425,-87.30502309872965,53.0,-9.244507659583846,rs10,9.998416526087206,26.870184821490597,16.871768295403392,1,9.998416526087206,60.727320900848795,50.72890437476159,-78.92951005359993,negative_cross,toward_S1,0.8448979065716719
4,gle350,2024-03-29 21:21:35+00:00,40.289627,-88.126395,-95.24447957080919,54.0,-7.9394564720795415,rs10,18.23443635979684,28.12518054986092,9.89074419006408,1,18.23443635979684,68.91587154916398,50.681435189367136,-78.92951005359993,negative_cross,toward_S1,0.6978709348664951
4,gle350,2024-03-29 21:21:36+00:00,40.289674,-88.126345,-100.54629289298327,55.0,-5.301813322174084,rs10,24.774272410775335,28.45776981726298,3.6834974064876462,1,24.774272410775335,74.82740724544037,50.05313483466503,-78.92951005359993,negative_cross,toward_S1,0.5996892066780861
4,gle350,2024-03-29 21:21:37+00:00,40.289702,-88.126281,-103.7571669777059,56.0,-3.2108740847226187,rs8,27.896099043486196,30.224385519996744,2.3282864765105487,1,27.896099043486196,77.06898852619935,49.17288948271315,-78.92951005359993,positive_cross,toward_S1,0.5402285754795191
4,gle350,2024-03-29 21:21:38+00:00,40.28971,-88.12621,-104.7552146907703,57.0,-0.998047713064409,rs8,26.419164049955096,34.607641972607176,8.18847792265208,1,26.419164049955096,77.10126488938698,50.68210083943188,-78.92951005359993,positive_cross,toward_S1,0.5217462104227708
4,gle350,2024-03-29 21:21:39+00:00,40.289689,-88.12616,-102.49700332944042,58.0,2.2582113613298844,rs8,23.252094442239628,35.961606010937885,12.709511568698257,1,23.252094442239628,74.45288821757289,51.20079377533327,-78.92951005359993,positive_cross,toward_S4,0.5635649393362872
4,gle350,2024-03-29 21:21:40+00:00,40.289647,-88.126141,-97.85664713304413,59.0,4.640356196396283,rs8,18.433798723811957,34.40452989169515,15.97073116788319,1,18.433798723811957,69.72269714280473,51.28889841899277,-78.92951005359993,positive_cross,toward_S4,0.6494974614917739
4,gle350,2024-03-29 21:21:41+00:00,40.289611,-88.12615,-93.84051073761124,60.0,4.016136395432895,rs8,14.543949614001564,31.690194634674963,17.146245020673398,1,14.543949614001564,65.74776801428611,51.20381840028455,-78.92951005359993,positive_cross,toward_S4,0.7238703577034942
4,gle350,2024-03-29 21:21:42+00:00,40.289569,-88.126166,-89.14660304056947,61.0,4.693907697041766,rs8,10.34456093637741,28.495013446809878,18.150452510432466,1,10.34456093637741,61.15678794589686,50.81222700951945,-78.92951005359993,positive_cross,toward_S4,0.8107945743153788
4,gle350,2024-03-29 21:21:43+00:00,40.289512,-88.126185,-82.78045271123437,62.0,6.366150329335099,rs8,6.198379679089414,25.26113262175846,19.062752942669047,1,6.198379679089414,54.97707322793629,48.778693548846874,-78.92951005359993,positive_cross,toward_S4,0.9286862470808436
4,gle350,2024-03-29 21:21:44+00:00,40.289442,-88.126194,-74.98430397365453,63.0,7.796148737579841,rs8,7.43450892713424,24.475641090171468,17.04113216303723,1,7.43450892713424,47.33890172499932,39.90439279786508,-78.92951005359993,positive_cross,toward_S4,1.0730593718508405
4,gle350,2024-03-29 21:21:45+00:00,40.289358,-88.126193,-65.64697999447274,64.0,9.33732397918179,rs8,14.975880773299798,27.592254020281654,12.616373246981857,1,14.975880773299798,38.091030212343874,23.115149439044075,-78.92951005359993,positive_cross,toward_S4,1.2459727788727255
4,gle350,2024-03-29 21:21:46+00:00,40.28926,-88.126199,-54.742470044823946,65.0,10.904509949648798,rs8,25.485915809163256,27.530143109072917,2.044227299909661,1,25.485915809163256,27.530143109072917,2.044227299909661,-78.92951005359993,positive_cross,toward_S4,1.4479081483106664
4,gle350,2024-03-29 21:21:47+00:00,40.289154,-88.126194,-42.96537589871915,66.0,11.777094146104794,rs6,16.212055129518543,31.989228790545624,15.777173661027081,2,16.212055129518543,36.945996865157696,20.733941735639153,-27.632700444717127,positive_cross,toward_S4,1.7160615656666292
4,gle350,2024-03-29 21:21:48+00:00,40.289046,-88.126187,-30.96898817015066,67.0,11.996387728568493,rs6,6.540418962258826,28.820401516737796,22.27998255447897,2,6.540418962258826,48.76998155219268,42.229562589933856,-27.632700444717127,positive_cross,toward_S4,1.9382168939734532
4,gle350,2024-03-29 21:21:49+00:00,40.288937,-88.126186,-18.852243351015527,68.0,12.116744819135132,rs6,10.941977592112858,29.994453956742177,19.05247636462932,2,10.941977592112858,45.03912240464744,34.09714481253459,-27.632700444717127,positive_cross,toward_S4,2.1626010572907703
4,gle350,2024-03-29 21:21:50+00:00,40.288825,-88.126183,-6.40502811770461,69.0,12.447215233310917,rs6,22.43075522757279,32.70085571451509,10.270100486942304,2,22.43075522757279,32.70085571451509,10.270100486942304,-27.632700444717127,positive_cross,toward_S4,2.3931050430928242
4,gle350,2024-03-29 21:21:51+00:00,40.288713,-88.126184,6.048307287905441,70.0,12.453335405610051,rs3,20.60799982604738,34.651983580335425,14.043983754288046,3,20.60799982604738,34.651983580335425,14.043983754288046,26.33125891160298,positive_cross,toward_S4,2.624389784746342
4,gle350,2024-03-29 21:21:52+00:00,40.288598,-88.126186,18.8367032371403,71.0,12.788395949234857,rs3,9.31454359013053,32.84209155902713,23.527547968896602,3,9.31454359013053,47.33906124357342,38.024517653442885,26.33125891160298,positive_cross,toward_S4,2.861211931954395
4,gle350,2024-03-29 21:21:53+00:00,40.28848,-88.126188,31.958629687084613,72.0,13.121926449944315,rs3,8.952969595402744,32.24537771281549,23.292408117412748,3,8.952969595402744,47.60689935824622,38.653929762843475,26.33125891160298,positive_cross,toward_S4,3.1042105699163267
4,gle350,2024-03-29 21:21:54+00:00,40.288368,-88.126187,44.40890500695095,73.0,12.45027531986634,rs3,19.734305472100388,35.28086374757027,15.546558275469884,3,19.734305472100388,35.28086374757027,15.546558275469884,26.33125891160298,positive_cross,toward_S4,3.3347712239879255
4,gle350,2024-03-29 21:21:55+00:00,40.288257,-88.126182,56.74188332120441,74.0,12.33297831425346,rs1,23.117008366048477,31.592169803970776,8.4751614379223,4,23.117008366048477,31.592169803970776,8.4751614379223,80.2309515867141,positive_cross,toward_S4,3.565017254342413
4,gle350,2024-03-29 21:21:56+00:00,40.288156,-88.126181,67.96921347145965,75.0,11.227330150255241,rs1,12.513098827535503,34.34500010937595,21.83190128184045,4,12.513098827535503,42.66718709623749,30.15408826870199,80.2309515867141,positive_cross,toward_S4,3.7729307756434363
4,gle350,2024-03-29 21:21:57+00:00,40.288065,-88.126185,78.09242549979865,76.0,10.123212028338997,rs1,6.095353390881651,31.60906671743473,25.513713326553077,4,6.095353390881651,52.75046798597538,46.65511459509373,80.2309515867141,positive_cross,toward_S4,3.9603976650571213
4,gle350,2024-03-29 21:21:58+00:00,40.287985,-88.126197,87.00493270231311,77.0,8.912507202514462,rs1,10.544640040247208,31.073324340945906,20.5286843006987,4,10.544640040247208,61.70658808661068,51.16194804636347,80.2309515867141,positive_cross,toward_S4,4.125444094733315
4,gle350,2024-03-29 21:21:59+00:00,40.287932,-88.126232,92.95085638359647,78.0,5.945923681283361,rs1,17.00570496124665,30.002775466411364,12.997070505164714,4,17.00570496124665,67.9452729710694,50.93956800982275,80.2309515867141,positive_cross,toward_S4,4.2355537925348585
4,gle350,2024-03-29 21:22:00+00:00,40.287911,-88.126286,95.3681922039909,79.0,2.4173358203944275,rs1,21.71396866489615,27.031653968627232,5.317685303731082,4,21.71396866489615,71.06319643856143,49.349227773665284,80.2309515867141,positive_cross,toward_S4,4.2803192706903115
4,gle350,2024-03-29 21:22:01+00:00,40.287892,-88.126349,97.5769447436698,80.0,2.2087525396788976,rs2,24.06992044293871,26.98856059852719,2.9186401555884807,4,24.06992044293871,73.1731995802396,49.10327913730089,80.2309515867141,negative_cross,toward_S4,4.32122209549918
4,gle350,2024-03-29 21:22:02+00:00,40.287901,-88.126418,96.68192619989527,81.0,-0.8950185437745262,rs2,19.38991632347715,30.991150814617214,11.601234491140065,4,19.38991632347715,70.96171491196718,51.571798588490026,80.2309515867141,negative_cross,toward_S1,4.304647678021873
4,gle350,2024-03-29 21:22:03+00:00,40.287915,-88.126472,95.20807284485073,82.0,-1.4738533550445396,rs2,15.617487918370113,34.15354358905802,18.536055670687904,4,15.617487918370113,68.76747845643555,53.14999053806544,80.2309515867141,negative_cross,toward_S1,4.277354097372901
4,gle350,2024-03-29 21:22:04+00:00,40.287953,-88.12651,91.04149479712993,83.0,-4.1665780477208045,rs2,10.426961062062347,35.470845648461264,25.043884586398917,4,10.426961062062347,64.26541481795543,53.838453755893084,80.2309515867141,negative_cross,toward_S1,4.20019524463733
4,gle350,2024-03-29 21:22:05+00:00,40.287999,-88.126517,85.93807075220462,84.0,-5.103424044925305,rs2,5.630269938416984,34.75211843504763,29.121848496630644,4,5.630269938416984,59.12062179523891,53.490351856821924,80.2309515867141,negative_cross,toward_S1,4.105687391953528
4,gle350,2024-03-29 21:22:06+00:00,40.288056,-88.126514,79.59640110888446,85.0,-6.341669643320159,rs2,3.9956738605464968,33.92056926302543,29.92489540247893,4,3.9956738605464968,52.81509425386525,48.81942039331875,80.2309515867141,negative_cross,toward_S1,3.9882490652253773
4,gle350,2024-03-29 21:22:07+00:00,40.288126,-88.126509,71.80637254279206,86.0,-7.790028566092403,rs2,10.376906425936761,34.396850037954934,24.019943612018174,4,10.376906425936761,45.097721555499746,34.720815129562986,80.2309515867141,negative_cross,toward_S1,3.8439892769644066
4,gle350,2024-03-29 21:22:08+00:00,40.288203,-88.126508,63.24422631264272,87.0,-8.562146230149338,rs2,18.594378210790847,36.59756384104913,18.003185630258283,4,18.594378210790847,36.59756384104913,18.003185630258283,80.2309515867141,negative_cross,toward_S1,3.6854310134431225
4,gle350,2024-03-29 21:22:09+00:00,40.288291,-88.126507,53.45913491367228,88.0,-9.785091398970444,rs5,26.931212549184448,28.237908541039427,1.3066959918549799,3,26.931212549184448,28.237908541039427,1.3066959918549799,26.33125891160298,negative_cross,toward_S1,3.5023680741123946
4,gle350,2024-03-29 21:22:10+00:00,40.288383,-88.126506,43.229336179866905,89.0,-10.229798733805374,rs5,16.97446935059927,37.495520760961575,20.521051410362304,3,16.97446935059927,38.3977595084097,21.423290157810428,26.33125891160298,negative_cross,toward_S1,3.3129273568197024
4,gle350,2024-03-29 21:22:11+00:00,40.288483,-88.126503,32.10706269220617,90.0,-11.122273487660735,rs5,7.219346241302105,33.67670005340739,26.457353812105282,3,7.219346241302105,49.489878673529,42.270532432226894,26.33125891160298,negative_cross,toward_S1,3.1069593292704294
4,gle350,2024-03-29 21:22:12+00:00,40.28858,-88.126496,21.312199532999255,91.0,-10.794863159206916,rs5,7.969187454009919,32.92852007798866,24.95933262397874,3,7.969187454009919,48.47632603723293,40.50713858322301,26.33125891160298,negative_cross,toward_S1,2.907054455951783
4,gle350,2024-03-29 21:22:13+00:00,40.288677,-88.12648,10.503565988692094,92.0,-10.808633544307162,rs5,17.84690329748817,34.92455232383939,17.077649026351224,3,17.84690329748817,37.81512032544785,19.968217027959682,26.33125891160298,negative_cross,toward_S1,2.70689457550165
4,gle350,2024-03-29 21:22:14+00:00,40.288772,-88.126464,-0.08271388898757132,93.0,-10.586279877679665,rs7,27.54072148619187,28.248008546486098,0.7072870602942274,2,27.54072148619187,28.248008546486098,0.7072870602942274,-27.632700444717127,negative_cross,toward_S1,2.510184936217214
4,gle350,2024-03-29 21:22:15+00:00,40.288873,-88.12645,-11.332994682364188,94.0,-11.250280793376616,rs7,17.036668392057802,32.62092313929985,15.584254747242046,2,17.036668392057802,39.391260192047866,22.354591799990065,-27.632700444717127,negative_cross,toward_S1,2.301846403006536
4,gle350,2024-03-29 21:22:16+00:00,40.28898,-88.126443,-23.23962617710021,95.0,-11.906631494736022,rs7,7.936881546919832,27.971090486951645,20.034208940031814,2,7.936881546919832,51.13381367333925,43.19693212641941,-27.632700444717127,negative_cross,toward_S1,2.081353227178091
4,gle350,2024-03-29 21:22:17+00:00,40.289093,-88.126439,-35.808728544639585,96.0,-12.569102367539376,rs7,11.272280056371793,28.43890830375373,17.166628247381936,2,11.272280056371793,42.74574154882778,31.47346149245599,-27.632700444717127,negative_cross,toward_S1,1.8485920722236582
4,gle350,2024-03-29 21:22:18+00:00,40.289211,-88.126437,-48.93065499460563,97.0,-13.121926449966047,rs7,22.992651023742273,29.700638272332416,6.707987248590143,2,22.992651023742273,29.700638272332416,6.707987248590143,-27.632700444717127,negative_cross,toward_S1,1.605593434261324
4,gle350,2024-03-29 21:22:19+00:00,40.289326,-88.12644,-61.71140072943773,98.0,-12.780745734832095,rs10,17.019810081832954,31.951512844806746,14.931702762973792,1,17.019810081832954,35.290384555195686,18.270574473362732,-78.92951005359993,negative_cross,toward_S1,1.3188538763733741
4,gle350,2024-03-29 21:22:20+00:00,40.289428,-88.126443,-73.046847627263,99.0,-11.335446897825278,rs10,6.160454108983221,27.751385537512224,21.590931428529004,1,6.160454108983221,46.418462637397894,40.25800852841467,-78.92951005359993,negative_cross,toward_S1,1.1089381930803133
4,gle350,2024-03-29 21:22:21+00:00,40.289517,-88.126445,-82.9385257309099,100.0,-9.891678103646896,rs10,5.3866419005875645,27.547852002212164,22.161210101624597,1,5.3866419005875645,56.206384641062414,50.81974274047485,-78.92951005359993,negative_cross,toward_S1,0.9257589689387041
4,gle350,2024-03-29 21:22:22+00:00,40.289589,-88.126436,-90.95702813592894,101.0,-8.018502405019035,rs10,13.076660288784387,29.063105374838617,15.98644508605423,1,13.076660288784387,64.24881522180733,51.172154933022945,-78.92951005359993,negative_cross,toward_S1,0.7772681836605739
4,gle350,2024-03-29 21:22:23+00:00,40.289639,-88.126409,-96.55718097348449,102.0,-5.600152837555555,rs10,19.06727067274506,29.8668659421068,10.799595269361738,1,19.06727067274506,70.05818903259625,50.990918359851186,-78.92951005359993,negative_cross,toward_S1,0.6735616496317673
4,gle350,2024-03-29 21:22:24+00:00,40.289678,-88.126357,-100.9726397133124,103.0,-4.415458739827912,rs10,24.727232758863963,29.467767080818735,4.740534321954772,1,24.727232758863963,75.0639185200036,50.336685761139634,-78.92951005359993,negative_cross,toward_S1,0.5917938951905097
4,gle350,2024-03-29 21:22:25+00:00,40.289698,-88.126289,-103.30021930066434,104.0,-2.3275795873519343,rs8,27.842153297912564,29.478992243152078,1.6368389452395142,1,27.842153297912564,76.75707371499847,48.91492041708591,-78.92951005359993,positive_cross,toward_S1,0.5486905694988071
4,gle350,2024-03-29 21:22:26+00:00,40.289692,-88.126221,-102.73720121474916,105.0,0.563018085915175,rs8,24.797198551618898,32.493051323200014,7.695852771581116,1,24.797198551618898,75.21297699151835,50.41577843989945,-78.92951005359993,positive_cross,toward_S4,0.5591168303490882
4,gle350,2024-03-29 21:22:27+00:00,40.289661,-88.126166,-99.37487173150299,106.0,3.362329483246171,rs8,20.25378046696868,33.58787802060854,13.334097553639861,1,20.25378046696868,71.36982560356506,51.116045136596384,-78.92951005359993,positive_cross,toward_S4,0.6213821911499433
4,gle350,2024-03-29 21:22:28+00:00,40.289621,-88.126138,-94.9706395876244,107.0,4.404232143878588,rs8,15.53083453711214,33.11731219788593,17.586477660773788,1,15.53083453711214,66.82495891624538,51.29412437913324,-78.92951005359993,positive_cross,toward_S4,0.7029420456662134
4,gle350,2024-03-29 21:22:29+00:00,40.28957,-88.126148,-89.2853206456419,108.0,5.685318941982501,rs8,10.026205740153431,29.961939082791464,19.93573334263803,1,10.026205740153431,61.18438473588645,51.15817899573302,-78.92951005359993,positive_cross,toward_S4,0.8082257297770005
4,gle350,2024-03-29 21:22:30+00:00,40.289526,-88.126169,-84.36140906759161,109.0,4.923911578050294,rs8,6.2454487460845085,26.880255704868986,20.634806958784477,1,6.2454487460845085,56.404870782590265,50.15942203650576,-78.92951005359993,positive_cross,toward_S4,0.8994092775186726
4,gle350,2024-03-29 21:22:31+00:00,40.289473,-88.126182,-78.44914632957608,110.0,5.912262738015528,rs8,5.050526530342033,25.20043983320564,20.149913302863606,1,5.050526530342033,50.63668802259359,45.586161492251556,-78.92951005359993,positive_cross,toward_S4,1.0088956245189602
4,gle350,2024-03-29 21:22:32+00:00,40.289407,-88.126183,-71.1099452690378,111.0,7.3392010605382865,rs8,9.727058557188608,26.263015532605255,16.535956975416646,1,9.727058557188608,43.35662469522464,33.62956613803603,-78.92951005359993,positive_cross,toward_S4,1.144806755269669
4,gle350,2024-03-29 21:22:33+00:00,40.289328,-88.126183,-62.32697541513281,112.0,8.782969853904987,rs8,17.8335061081361,30.03370393692692,12.20019782879082,1,17.8335061081361,34.660245527210805,16.826739419074705,-78.92951005359993,positive_cross,toward_S4,1.3074543451567986
4,gle350,2024-03-29 21:22:34+00:00,40.289236,-88.12618,-52.10329685360483,113.0,10.223678561527976,rs6,24.55784574358304,27.755033272920038,3.197187529336997,2,24.55784574358304,27.755033272920038,3.197187529336997,-27.632700444717127,positive_cross,toward_S4,1.5468408072428204
4,gle350,2024-03-29 21:22:35+00:00,40.28914,-88.126179,-41.43185087151997,114.0,10.671445982084862,rs6,14.286293074275129,32.413540663725236,18.127247589450107,2,14.286293074275129,38.30662069746965,24.020327623194518,-27.632700444717127,positive_cross,toward_S4,1.7444601772814288
4,gle350,2024-03-29 21:22:36+00:00,40.289037,-88.126178,-29.982167053847245,115.0,11.449683817672724,rs6,5.4469673678653905,29.479958443584117,24.032991075718726,2,5.4469673678653905,49.68829894972139,44.241331581856,-27.632700444717127,positive_cross,toward_S4,1.956491359090183
4,gle350,2024-03-29 21:22:37+00:00,40.288929,-88.12618,-17.97200894017851,116.0,12.010158113668734,rs6,11.462010993355449,30.747994265429757,19.285983272074308,2,11.462010993355449,44.08882352779093,32.62681253443548,-27.632700444717127,positive_cross,toward_S4,2.1789016945284927
4,gle350,2024-03-29 21:22:38+00:00,40.288818,-88.12618,-5.631380410754066,117.0,12.340628529424446,rs6,23.126350338224757,31.888945038820726,8.762594700595969,2,23.126350338224757,31.888945038820726,8.762594700595969,-27.632700444717127,positive_cross,toward_S4,2.4074318524807974
4,gle350,2024-03-29 21:22:39+00:00,40.288701,-88.126176,7.370188947833656,118.0,13.001569358587723,rs3,19.133977102540907,35.86955748248813,16.735580379947226,3,19.133977102540907,35.86955748248813,16.735580379947226,26.33125891160298,positive_cross,toward_S4,2.6488690747450123
4,gle350,2024-03-29 21:22:40+00:00,40.288583,-88.126176,20.489055312034257,119.0,13.118866364200601,rs3,7.525204852696463,33.32941844731384,25.80421359461738,3,7.525204852696463,48.902064514908105,41.37685966221164,26.33125891160298,positive_cross,toward_S4,2.891811044452431
4,gle350,2024-03-29 21:22:41+00:00,40.288467,-88.126177,33.387098052479224,120.0,12.898042740444968,rs3,9.440658097006397,33.43536234215335,23.99470424514695,3,9.440658097006397,46.05663434628157,36.61597624927517,26.33125891160298,positive_cross,toward_S4,3.1306636877940046
4,gle350,2024-03-29 21:22:42+00:00,40.288348,-88.126175,46.61408116424985,121.0,13.226983111770629,rs3,21.57870467919462,32.91815711998788,11.339452440793263,3,21.57870467919462,32.91815711998788,11.339452440793263,26.33125891160298,positive_cross,toward_S4,3.3756078194934607
4,gle350,2024-03-29 21:22:43+00:00,40.288233,-88.126177,59.40247711346297,122.0,12.788395949213118,rs1,20.427553070032566,34.14707878927409,13.719525719241524,4,20.427553070032566,34.14707878927409,13.719525719241524,80.2309515867141,positive_cross,toward_S4,3.6142875097546088
4,gle350,2024-03-29 21:22:44+00:00,40.288131,-88.126176,70.740984097032,123.0,11.338506983569026,rs1,9.881246810466564,33.803512833198354,23.92226602273179,4,9.881246810466564,45.37072920509278,35.489482394626215,80.2309515867141,positive_cross,toward_S4,3.8242598613021834
4,gle350,2024-03-29 21:22:45+00:00,40.288049,-88.126181,79.8651346660492,124.0,9.124150569017203,rs1,5.716349932672464,31.841007556425375,26.12465762375291,4,5.716349932672464,54.48084040938012,48.76449047670766,80.2309515867141,positive_cross,toward_S4,3.9932256125802796
4,gle350,2024-03-29 21:22:46+00:00,40.287983,-88.126194,87.22269624109326,125.0,7.357561575044059,rs1,10.546378794752025,31.367058646260027,20.820679851508004,4,10.546378794752025,61.89847388660092,51.352095091848895,80.2309515867141,positive_cross,toward_S4,4.129476752858873
4,gle350,2024-03-29 21:22:47+00:00,40.28793,-88.12623,93.17014996448027,126.0,5.947453723387014,rs1,17.08805653959225,30.247585150325428,13.159528610733176,4,17.08805653959225,68.14013480202235,51.05207826243009,80.2309515867141,positive_cross,toward_S4,4.2396147847734476
4,gle350,2024-03-29 21:22:48+00:00,40.287893,-88.126291,97.37702542354913,127.0,4.206875459068854,rs1,23.505240486396442,27.800420405539608,4.295179919143166,4,23.505240486396442,73.10972114425678,49.604480657860336,80.2309515867141,positive_cross,toward_S4,4.317519885867315
4,gle350,2024-03-29 21:22:49+00:00,40.287877,-88.126366,99.27060797621263,128.0,1.8935825526635028,rs2,24.257556341609764,29.17993890574457,4.922382564134807,4,24.257556341609764,74.45462787575939,50.19707153414962,80.2309515867141,negative_cross,toward_S4,4.352586229435158
4,gle350,2024-03-29 21:22:50+00:00,40.287883,-88.126436,98.71064997604117,129.0,-0.5599580001714628,rs2,20.208486579374288,33.38291325354015,13.174426674165865,4,20.208486579374288,72.6933822253211,52.484895645946814,80.2309515867141,negative_cross,toward_S1,4.342216636839391
4,gle350,2024-03-29 21:22:51+00:00,40.287919,-88.126489,94.78937623890263,130.0,-3.9212737371385344,rs2,14.602721407420814,35.2475342644565,20.64481285703568,4,14.602721407420814,68.17834981036022,53.5756284029394,80.2309515867141,negative_cross,toward_S1,4.26960045652201
4,gle350,2024-03-29 21:22:52+00:00,40.287972,-88.126514,88.93525513014815,131.0,-5.854121108754484,rs2,8.354365498860686,35.174917531364784,26.820552032504096,4,8.354365498860686,62.13397112033082,53.77960562147013,80.2309515867141,negative_cross,toward_S1,4.1611908063598895
4,gle350,2024-03-29 21:22:53+00:00,40.288022,-88.126514,83.37641345103144,132.0,-5.558841679116711,rs2,4.089320180277747,34.12703393779096,30.037713757513217,4,4.089320180277747,56.58606171988616,52.496741539608415,80.2309515867141,negative_cross,toward_S1,4.058249293783654
4,gle350,2024-03-29 21:22:54+00:00,40.288081,-88.126516,76.82004035467483,133.0,-6.556373096356609,rs2,5.698502818298024,34.20618086869087,28.507678050392848,4,5.698502818298024,50.029690019139615,44.33118720084159,80.2309515867141,negative_cross,toward_S1,3.936834977184458
4,gle350,2024-03-29 21:22:55+00:00,40.288153,-88.126513,68.81071820693046,134.0,-8.00932214774437,rs2,13.100411115974246,35.52430494285229,22.423893826878043,4,13.100411115974246,42.075717205212584,28.975306089238337,80.2309515867141,negative_cross,toward_S1,3.7885141966706732
4,gle350,2024-03-29 21:22:56+00:00,40.28823,-88.126513,60.25010202044292,135.0,-8.560616186487543,rs2,21.45800684390709,33.56494609042499,12.1069392465179,4,21.45800684390709,33.56494609042499,12.1069392465179,80.2309515867141,negative_cross,toward_S1,3.6299842672912743
4,gle350,2024-03-29 21:22:57+00:00,40.288323,-88.12651,49.906066367558346,136.0,-10.344035652884571,rs5,23.385247365854642,31.73016755839606,8.34492019254142,3,23.385247365854642,31.73016755839606,8.34492019254142,26.33125891160298,negative_cross,toward_S1,3.436570508443618
4,gle350,2024-03-29 21:22:58+00:00,40.288422,-88.126507,38.89496971323311,137.0,-11.011096654325236,rs5,12.840279716550041,35.815747050703884,22.97546733415384,3,12.840279716550041,42.703264787137805,29.86298507058776,26.33125891160298,negative_cross,toward_S1,3.2326613111412987
4,gle350,2024-03-29 21:22:59+00:00,40.288525,-88.126501,27.434575595435636,138.0,-11.460394117797474,rs5,5.240758138533834,33.00972118052209,27.768963041988258,3,5.240758138533834,54.158041849065725,48.91728371053189,26.33125891160298,negative_cross,toward_S1,3.0204317904413456
4,gle350,2024-03-29 21:23:00+00:00,40.288629,-88.126491,15.856884472815247,139.0,-11.577691122620388,rs5,12.630323914175978,33.76222527285168,21.1319013586757,3,12.630323914175978,43.05952328734044,30.42919937316446,26.33125891160298,negative_cross,toward_S1,2.8060301029854124
4,gle350,2024-03-29 21:23:01+00:00,40.288732,-88.12647,4.373539711874684,140.0,-11.483344760940565,rs5,23.861949271545953,31.84542125005258,7.983471978506628,3,23.861949271545953,31.84542125005258,7.983471978506628,26.33125891160298,negative_cross,toward_S1,2.593375570375402
4,gle350,2024-03-29 21:23:02+00:00,40.288831,-88.126453,-6.658977542721792,141.0,-11.032517254596476,rs7,21.372961180871055,34.80854674519694,13.435585564325887,2,21.372961180871055,34.80854674519694,13.435585564325887,-27.632700444717127,negative_cross,toward_S1,2.3884022759628767
4,gle350,2024-03-29 21:23:03+00:00,40.288927,-88.126442,-17.348784039334173,142.0,-10.68980649661238,rs7,12.050463530806988,29.41827481320106,17.367811282394072,2,12.050463530806988,45.38995229528164,33.33948876447465,-27.632700444717127,negative_cross,toward_S1,2.1904428963959806
4,gle350,2024-03-29 21:23:04+00:00,40.289024,-88.12644,-28.1359969833701,143.0,-10.787212944035925,rs7,7.217394784054588,27.356181941257947,20.13878715720336,2,7.217394784054588,50.39417531109546,43.17678052704087,-27.632700444717127,negative_cross,toward_S1,1.9906796937286486
4,gle350,2024-03-29 21:23:05+00:00,40.289121,-88.12644,-38.920149842452275,144.0,-10.784152859082177,rs7,13.76126985131028,29.553363378217732,15.792093526907452,2,13.76126985131028,39.634832532103644,25.873562680793363,-27.632700444717127,negative_cross,toward_S1,1.790973159301201
4,gle350,2024-03-29 21:23:06+00:00,40.289222,-88.126439,-50.15054007845126,145.0,-11.230390235998982,rs7,24.102644610773506,28.465636180627605,4.362991569854099,2,24.102644610773506,28.465636180627605,4.362991569854099,-27.632700444717127,negative_cross,toward_S1,1.5830029697456642
4,gle350,2024-03-29 21:23:07+00:00,40.289328,-88.126436,-61.939874567574385,146.0,-11.789334489123128,rs10,16.871772179837034,31.545744111161525,14.673971931324491,1,16.871772179837034,35.57815954762543,18.7063873677884,-78.92951005359993,negative_cross,toward_S1,1.3146228793708434
4,gle350,2024-03-29 21:23:08+00:00,40.289432,-88.126435,-73.50379530430456,147.0,-11.563920736730175,rs10,6.164048181681251,26.994218472540393,20.830170290859144,1,6.164048181681251,46.96318587045457,40.79913768877332,-78.92951005359993,negative_cross,toward_S1,1.1004761990610252
4,gle350,2024-03-29 21:23:09+00:00,40.289523,-88.126439,-83.61476699041518,148.0,-10.110971686110616,rs10,6.223270467888337,27.148708007919677,20.92543754003134,1,6.223270467888337,56.93146899782262,50.70819852993428,-78.92951005359993,negative_cross,toward_S1,0.9132359826515695
4,gle350,2024-03-29 21:23:10+00:00,40.289599,-88.126439,-92.06420634358895,149.0,-8.449439353173773,rs10,14.084680519569606,29.765452971270445,15.68077245170084,1,14.084680519569606,65.32493277530105,51.24025225573145,-78.92951005359993,negative_cross,toward_S1,0.7567648835187217
4,gle350,2024-03-29 21:23:11+00:00,40.289656,-88.126416,-98.43647684441149,150.0,-6.3722705008225375,rs10,20.711212147705446,31.47762049887878,10.766408351173336,1,20.711212147705446,71.85263954776418,51.14142740005874,-78.92951005359993,negative_cross,toward_S1,0.6387598742442304
4,gle350,2024-03-29 21:23:12+00:00,40.289694,-88.126362,-102.74381883590112,151.0,-4.307341991489636,rs10,26.190261049448722,31.083253455224664,4.892992405775942,1,26.190261049448722,76.73491359923278,50.54465254978406,-78.92951005359993,negative_cross,toward_S1,0.558994281809237
4,gle350,2024-03-29 21:23:13+00:00,40.289703,-88.126293,-103.8499832973038,152.0,-1.1061644614026704,rs8,28.493530342934317,29.7648475700034,1.2713172270690833,1,28.493530342934317,77.36776388992159,48.87423354698727,-78.92951005359993,positive_cross,toward_S1,0.5385097547462248
4,gle350,2024-03-29 21:23:14+00:00,40.289686,-88.126232,-102.05330974165281,153.0,1.7966735556509832,rs8,24.503800226593473,31.37206606617373,6.868265839580257,1,24.503800226593473,74.66578829243372,50.16198806584025,-78.92951005359993,positive_cross,toward_S4,0.5717814872582799
4,gle350,2024-03-29 21:23:15+00:00,40.28964,-88.126193,-96.99884706794575,154.0,5.054462673707064,rs8,18.555009037108093,30.349839838750793,11.7948308016427,1,18.555009037108093,69.2121100351585,50.65710099805041,-78.92951005359993,positive_cross,toward_S4,0.6653826478824848
4,gle350,2024-03-29 21:23:16+00:00,40.289583,-88.126176,-90.6877782821497,155.0,6.311068785796053,rs8,12.102244820720193,28.32366493587568,16.22142011515549,1,12.102244820720193,62.77179478662438,50.66954996590419,-78.92951005359993,positive_cross,toward_S4,0.7822542920638932
4,gle350,2024-03-29 21:23:17+00:00,40.289519,-88.12618,-83.56634076039155,156.0,7.121437521758139,rs8,6.325896663690337,25.81261942949994,19.486722765809603,1,6.325896663690337,55.7095805153163,49.38368385162596,-78.92951005359993,positive_cross,toward_S4,0.9141327646890439
4,gle350,2024-03-29 21:23:18+00:00,40.28945,-88.12618,-75.8951392427839,157.0,7.671201517607656,rs8,5.950415603832401,25.53333446055505,19.58291885672265,1,5.950415603832401,48.075228863802586,42.12481325997018,-78.92951005359993,positive_cross,toward_S4,1.0561920520521486
4,gle350,2024-03-29 21:23:19+00:00,40.289367,-88.126179,-66.66899209693759,158.0,9.226147145846312,rs8,13.606403378273326,28.19733038726383,14.590927008990503,1,13.606403378273326,38.90142049150199,25.29501711322866,-78.92951005359993,positive_cross,toward_S4,1.2270466288270803
4,gle350,2024-03-29 21:23:20+00:00,40.28927,-88.12618,-55.88330919575179,159.0,10.785682901185794,rs8,24.038806911422355,28.262380295106816,4.22357338368446,1,24.038806911422355,28.262380295106816,4.22357338368446,-78.92951005359993,positive_cross,toward_S4,1.426781497367558
4,gle350,2024-03-29 21:23:21+00:00,40.289161,-88.126179,-43.76656437663841,160.0,12.116744819113386,rs6,16.483246491475736,33.47964362888372,16.996397137407985,2,16.483246491475736,35.989658256767,19.506411765291265,-27.632700444717127,positive_cross,toward_S4,1.701224742001458
4,gle350,2024-03-29 21:23:22+00:00,40.289047,-88.126179,-31.092405346482753,161.0,12.674159030155653,rs6,5.990876339470478,29.507554575292176,23.516678235821697,2,5.990876339470478,48.58908791882174,42.598211579351265,-27.632700444717127,positive_cross,toward_S4,1.935931390708044
4,gle350,2024-03-29 21:23:23+00:00,40.288931,-88.126178,-18.197422692571468,162.0,12.894982653911285,rs6,11.186435401369298,30.840886777503183,19.654451376133885,2,11.186435401369298,44.28767473903788,33.10123933766859,-27.632700444717127,positive_cross,toward_S4,2.174727365780475
4,gle350,2024-03-29 21:23:24+00:00,40.288814,-88.12618,-5.186673076709113,163.0,13.010749615862355,rs6,23.559661079804062,31.45144046425983,7.891779384455766,2,23.559661079804062,31.45144046425983,7.891779384455766,-27.632700444717127,positive_cross,toward_S4,2.41566717348163
4,gle350,2024-03-29 21:23:25+00:00,40.288694,-88.126182,8.15760704065266,164.0,13.344280117361773,rs3,18.54475057937253,36.71313879008432,18.168388210711793,3,18.54475057937253,36.71313879008432,18.168388210711793,26.33125891160298,positive_cross,toward_S4,2.6634508912786976
4,gle350,2024-03-29 21:23:26+00:00,40.288573,-88.126184,21.613063991328183,165.0,13.455456950675522,rs3,7.3515717511388825,32.47724423305221,25.125672481913327,3,7.3515717511388825,50.080534836411324,42.72896308527244,26.33125891160298,positive_cross,toward_S4,2.912626019994911
4,gle350,2024-03-29 21:23:27+00:00,40.288453,-88.126182,34.95122393720253,166.0,13.338159945874345,rs3,10.967983615827022,33.38253729439558,22.41455367856856,3,10.967983615827022,44.563057466987075,33.59507385116005,26.33125891160298,positive_cross,toward_S4,3.159628981955547
4,gle350,2024-03-29 21:23:28+00:00,40.288336,-88.126182,47.95891346729942,167.0,13.00768953009689,rs3,23.02005247202711,31.702987841994524,8.682935369967414,3,23.02005247202711,31.702987841994524,8.682935369967414,26.33125891160298,positive_cross,toward_S4,3.400512121401786
4,gle350,2024-03-29 21:23:29+00:00,40.288224,-88.126182,60.41071883003762,168.0,12.451805362738199,rs1,19.583304850406233,35.20429888454287,15.62099403413664,4,19.583304850406233,35.20429888454287,15.62099403413664,80.2309515867141,positive_cross,toward_S4,3.632958652654139
4,gle350,2024-03-29 21:23:30+00:00,40.288123,-88.126184,71.64263910890845,169.0,11.231920278870838,rs1,9.544862827607458,32.8955844079597,23.350721580352243,4,9.544862827607458,46.33864146448143,36.79377863687397,80.2309515867141,positive_cross,toward_S4,3.8409571763369326
4,gle350,2024-03-29 21:23:31+00:00,40.288043,-88.126191,80.54749609627369,170.0,8.904856987365235,rs1,6.667359680268039,30.978398398549064,24.311038718281026,4,6.667359680268039,55.2406560819606,48.57329640169256,80.2309515867141,positive_cross,toward_S4,4.005861935362215
4,gle350,2024-03-29 21:23:32+00:00,40.287976,-88.126206,88.01929459037518,171.0,7.471798494101492,rs1,11.800293288373,30.54230731441657,18.74201402604357,4,11.800293288373,62.79310786671671,50.99281457834371,80.2309515867141,positive_cross,toward_S4,4.144228574141872
4,gle350,2024-03-29 21:23:33+00:00,40.287924,-88.126242,93.8555714812384,172.0,5.836276890863218,rs1,18.224997428260437,29.60363924421422,11.378641815953785,4,18.224997428260437,68.95560471789327,50.73060728963283,80.2309515867141,positive_cross,toward_S4,4.252307775824524
4,gle350,2024-03-29 21:23:34+00:00,40.287891,-88.126294,97.60396921881394,173.0,3.7483977375755444,rs1,23.83900180190023,27.72719095016866,3.8881891482684274,4,23.83900180190023,73.38042701685968,49.54142521495945,80.2309515867141,positive_cross,toward_S4,4.321722548742589
4,gle350,2024-03-29 21:23:35+00:00,40.287875,-88.126356,99.47766121486802,174.0,1.8736919960540774,rs2,24.99256263647724,28.719846614431752,3.7272839779545137,4,24.99256263647724,74.86544570774807,49.87288307127083,80.2309515867141,negative_cross,toward_S4,4.356420548669517
4,gle350,2024-03-29 21:23:36+00:00,40.287875,-88.126425,99.58323417328712,175.0,0.10557295841910275,rs2,21.45046592049323,33.155749242671604,11.705283322178374,4,21.45046592049323,73.71548542437829,52.26501950388506,80.2309515867141,negative_cross,ambiguous,4.358375603455056
4,gle350,2024-03-29 21:23:37+00:00,40.287897,-88.126482,97.22455627797828,176.0,-2.358677895308844,rs2,17.092470353846988,35.852035091176425,18.759564737329438,4,17.092470353846988,70.67035041438032,53.57788006053333,80.2309515867141,negative_cross,toward_S1,4.314696383171559
4,gle350,2024-03-29 21:23:38+00:00,40.287938,-88.126517,92.71985760172238,177.0,-4.504698676255899,rs2,11.809481923594575,36.59674329886012,24.787261375265544,4,11.809481923594575,65.89243864460107,54.0829567210065,80.2309515867141,negative_cross,toward_S1,4.231276037314968
4,gle350,2024-03-29 21:23:39+00:00,40.287987,-88.12653,87.2920833125071,178.0,-5.427774289215279,rs2,6.286783299997533,36.096136108719655,29.80935280872212,4,6.286783299997533,60.39215078584877,54.10536748585124,80.2309515867141,negative_cross,toward_S1,4.130761698625796
4,gle350,2024-03-29 21:23:40+00:00,40.288044,-88.126522,80.9427634548059,179.0,-6.349319857701204,rs2,2.928893843508095,34.623770842313135,31.69487699880504,4,2.928893843508095,54.09850394094826,51.16961009744017,80.2309515867141,negative_cross,toward_S1,4.013181701260959
4,gle350,2024-03-29 21:23:41+00:00,40.288104,-88.12652,74.26909335364813,180.0,-6.673670101157768,rs2,7.759667082202591,34.84621176067543,27.08654467847284,4,7.759667082202591,47.45288497038575,39.69321788818316,80.2309515867141,negative_cross,toward_S1,3.889595217906186
4,gle350,2024-03-29 21:23:42+00:00,40.288174,-88.12652,66.48671500193679,181.0,-7.782378351711344,rs2,15.226681507856675,36.85826011374052,21.631578605883846,4,15.226681507856675,39.69396106447377,24.467279556617093,80.2309515867141,negative_cross,toward_S1,3.7454771002819016
4,gle350,2024-03-29 21:23:43+00:00,40.288254,-88.126518,57.58950822818436,182.0,-8.89720677375243,rs2,24.031957508113127,30.863535185183295,6.831577677070168,4,24.031957508113127,30.863535185183295,6.831577677070168,80.2309515867141,negative_cross,toward_S1,3.580714011879079
4,gle350,2024-03-29 21:23:44+00:00,40.288346,-88.126515,47.35664940940348,183.0,-10.232858818780876,rs5,20.793194707861474,34.22449279029502,13.431298082433543,3,20.793194707861474,34.22449279029502,13.431298082433543,26.33125891160298,negative_cross,toward_S1,3.389359083292602
4,gle350,2024-03-29 21:23:45+00:00,40.288443,-88.126511,36.56637637881214,184.0,-10.790273030591344,rs5,10.55666406117076,35.38134937408975,24.82468531291899,3,10.55666406117076,44.99832527150595,34.441661210335184,26.33125891160298,negative_cross,toward_S1,3.189539212355725
4,gle350,2024-03-29 21:23:46+00:00,40.288541,-88.126504,25.66033638629148,185.0,-10.906039992520657,rs5,5.128284340110412,33.246216760330135,28.117932420219724,3,5.128284340110412,52.78276141800727,47.65447707789686,26.33125891160298,negative_cross,toward_S1,2.9875755087905276
4,gle350,2024-03-29 21:23:47+00:00,40.288641,-88.126483,14.510522126872083,186.0,-11.149814259419397,rs5,14.127084391582102,33.55763352846111,19.43054913687901,3,14.127084391582102,41.77921936678874,27.652134975206636,26.33125891160298,negative_cross,toward_S1,2.781097466949428
4,gle350,2024-03-29 21:23:48+00:00,40.288744,-88.126463,3.0287074088251194,187.0,-11.481814718046962,rs5,25.318034356198698,30.620617901354194,5.302583545155496,3,25.318034356198698,30.620617901354194,5.302583545155496,26.33125891160298,negative_cross,toward_S1,2.5684712684670767
4,gle350,2024-03-29 21:23:49+00:00,40.288851,-88.126449,-8.88863438603565,188.0,-11.917341794860768,rs7,19.35902461610986,33.84626526025915,14.487240644149292,2,19.35902461610986,37.04391570689034,17.68489109078048,-27.632700444717127,negative_cross,toward_S1,2.3471123344200273
4,gle350,2024-03-29 21:23:50+00:00,40.288959,-88.126442,-20.906442714063676,189.0,-12.017808328028027,rs7,9.37918824787748,28.357575111697887,18.978386863820408,2,9.37918824787748,48.86431172502247,39.48512347714499,-27.632700444717127,negative_cross,toward_S1,2.124560328345434
4,gle350,2024-03-29 21:23:51+00:00,40.289069,-88.12644,-33.138954495128125,190.0,-12.23251178106445,rs7,9.318227395146916,27.882259131174482,18.564031736027566,2,9.318227395146916,45.400979973579744,36.08275257843283,-27.632700444717127,negative_cross,toward_S1,1.8980323323997963
4,gle350,2024-03-29 21:23:52+00:00,40.289185,-88.126442,-46.032407106957514,191.0,-12.893452611829389,rs7,20.125248213789234,32.52980883744772,12.404560623658483,2,20.125248213789234,32.52980883744772,12.404560623658483,-27.632700444717127,negative_cross,toward_S1,1.659264691439993
4,gle350,2024-03-29 21:23:53+00:00,40.289299,-88.126445,-58.701976007685886,192.0,-12.669568900728372,rs10,19.90827987477713,32.26419992962572,12.355920054848589,1,19.90827987477713,32.26419992962572,12.355920054848589,-78.92951005359993,negative_cross,toward_S1,1.374583963813223
4,gle350,2024-03-29 21:23:54+00:00,40.289404,-88.126446,-70.37401349198612,193.0,-11.672037484300233,rs10,8.494109713861675,28.689240824068616,20.19513111020694,1,8.494109713861675,43.741085472691836,35.24697575883016,-78.92951005359993,negative_cross,toward_S1,1.1584351215113668
4,gle350,2024-03-29 21:23:55+00:00,40.289496,-88.126445,-80.60381222579149,194.0,-10.229798733805367,rs10,3.6359646081949024,27.313923099706315,23.67795849151141,1,3.6359646081949024,53.88815116353503,50.252186555340124,-78.92951005359993,negative_cross,toward_S1,0.9689944042186748
4,gle350,2024-03-29 21:23:56+00:00,40.289573,-88.126441,-89.17054858378818,195.0,-8.566736357996689,rs10,11.249702926634093,28.776028327062484,17.52632540042839,1,11.249702926634093,62.43223526885622,51.182532342222125,-78.92951005359993,negative_cross,toward_S1,0.8103511383298473
4,gle350,2024-03-29 21:23:57+00:00,40.289628,-88.126419,-95.31893537511138,196.0,-6.148386791323205,rs10,17.64550603959234,29.87555301450375,12.23004697491141,1,17.64550603959234,68.73147761337893,51.08597157378659,-78.92951005359993,negative_cross,toward_S1,0.6964921236757138
4,gle350,2024-03-29 21:23:58+00:00,40.289668,-88.126373,-99.83639069100012,197.0,-4.517455315888739,rs10,23.161585326249785,29.608204204327816,6.446618878078031,1,23.161585326249785,73.72358030197842,50.56199497572863,-78.92951005359993,negative_cross,toward_S1,0.6128355437518482
4,gle350,2024-03-29 21:23:59+00:00,40.289688,-88.126312,-102.15325997822731,198.0,-2.316869287227192,rs10,27.499824528282186,27.95538140437397,0.45555687609178364,1,27.499824528282186,76.06438699154174,48.56456246325955,-78.92951005359993,negative_cross,toward_S1,0.5699305569513448
4,gle350,2024-03-29 21:24:00+00:00,40.289683,-88.126248,-101.6952985541167,199.0,0.45796142411060714,rs8,24.742714260858477,30.22724022261329,5.484525961754812,1,24.742714260858477,74.52435277605615,49.78163851519767,-78.92951005359993,positive_cross,ambiguous,0.5784113240645041
4,gle350,2024-03-29 21:24:01+00:00,40.289654,-88.126196,-98.55073260967245,200.0,3.1445659444442526,rs8,20.114052990970954,31.113093003434916,10.999040012463961,1,20.114052990970954,70.78622314616895,50.672170155197996,-78.92951005359993,positive_cross,toward_S4,0.6366440267393977
4,gle350,2024-03-29 21:24:02+00:00,40.289604,-88.126167,-93.03626217315833,201.0,5.514470436514117,rs8,14.081789244767663,30.051156053541288,15.969366808773625,1,14.081789244767663,65.04686129260402,50.96507204783636,-78.92951005359993,positive_cross,toward_S4,0.7387638496378073
4,gle350,2024-03-29 21:24:03+00:00,40.289544,-88.126169,-86.36259207197884,202.0,6.673670101179496,rs8,7.9182787568285695,27.363845956320183,19.445567199491613,1,7.9182787568285695,58.40115739328286,50.48287863645429,-78.92951005359993,positive_cross,toward_S4,0.8623503329929831
4,gle350,2024-03-29 21:24:04+00:00,40.289482,-88.126173,-79.46350821765989,203.0,6.899083854318945,rs8,4.191254520914221,25.969949891458096,21.778695370543875,1,4.191254520914221,51.55678063203881,47.36552611112459,-78.92951005359993,positive_cross,toward_S4,0.9901111451100006
4,gle350,2024-03-29 21:24:05+00:00,40.289412,-88.126172,-71.68265990882038,204.0,7.780848308839509,rs8,8.782688726078645,27.00466904491815,18.221980318839506,1,8.782688726078645,43.80008914058898,35.017400414510334,-78.92951005359993,positive_cross,toward_S4,1.1342009286070285
4,gle350,2024-03-29 21:24:06+00:00,40.28933,-88.126171,-62.567689597056045,205.0,9.114970311764338,rs8,17.356480324090942,30.772008701012012,13.41552837692107,1,17.356480324090942,34.73243369641563,17.37595337232469,-78.92951005359993,positive_cross,toward_S4,1.302996675121183
4,gle350,2024-03-29 21:24:07+00:00,40.289234,-88.126172,-51.89318352920572,206.0,10.674506067850324,rs6,24.202112034460672,27.866105822061705,3.663993787601033,2,24.202112034460672,27.866105822061705,3.663993787601033,-27.632700444717127,positive_cross,toward_S4,1.5507317947316928
4,gle350,2024-03-29 21:24:08+00:00,40.289135,-88.12617,-40.88973708923978,207.0,11.003446439965941,rs6,13.499589964164107,32.876177398632,19.376587434467893,2,13.499589964164107,38.773658320805254,25.274068356641145,-27.632700444717127,positive_cross,toward_S4,1.7544993213977287
4,gle350,2024-03-29 21:24:09+00:00,40.28903,-88.126171,-29.21463951840588,208.0,11.675097570833902,rs6,4.654720438015075,30.019446634596754,25.364726196581678,2,4.654720438015075,50.412720170397144,45.75799973238207,-27.632700444717127,positive_cross,toward_S4,1.9707048319687268
4,gle350,2024-03-29 21:24:10+00:00,40.288916,-88.12617,-16.54201053191205,209.0,12.672628986493827,rs6,12.433985076907605,32.02461477589219,19.590629698984586,2,12.433985076907605,42.54954852318045,30.115563446272844,-27.632700444717127,positive_cross,toward_S4,2.2053831465334275
4,gle350,2024-03-29 21:24:11+00:00,40.288797,-88.12617,-3.3119673343976967,210.0,13.230043197514355,rs6,25.24254615360614,29.441361788640176,4.1988156350340375,2,25.24254615360614,29.441361788640176,4.1988156350340375,-27.632700444717127,positive_cross,toward_S4,2.450383946487397
4,gle350,2024-03-29 21:24:12+00:00,40.288676,-88.126174,10.146549702043284,211.0,13.45851703644098,rs3,16.4307549149776,36.77420803828366,20.34345312330606,3,16.4307549149776,38.604069014152216,22.173314099174615,26.33125891160298,positive_cross,toward_S4,2.7002831627859316
4,gle350,2024-03-29 21:24:13+00:00,40.288557,-88.126178,23.382713071835024,212.0,13.23616336979174,rs3,6.051617868198756,32.76632994908094,26.714712080882187,3,6.051617868198756,51.796408844401086,45.74479097620233,26.33125891160298,positive_cross,toward_S4,2.9453972992635564
4,gle350,2024-03-29 21:24:14+00:00,40.288437,-88.126178,36.72393310266312,213.0,13.341220030828094,rs3,12.345748071010958,34.20282869886472,21.85708062785376,3,12.345748071010958,42.754650588367504,30.408902517356545,26.33125891160298,positive_cross,toward_S4,3.1924569294640768
4,gle350,2024-03-29 21:24:15+00:00,40.28832,-88.126177,49.730092590678126,214.0,13.006159488015008,rs3,24.64592612292574,29.876082561963507,5.230156439037767,3,24.64592612292574,29.876082561963507,5.230156439037767,26.33125891160298,positive_cross,toward_S4,3.433311734797688
4,gle350,2024-03-29 21:24:16+00:00,40.288212,-88.126176,61.735660575709545,215.0,12.00556798503142,rs1,18.158183598347048,36.44159961069156,18.283416012344514,4,18.158183598347048,36.44159961069156,18.283416012344514,80.2309515867141,positive_cross,toward_S4,3.657494610907323
4,gle350,2024-03-29 21:24:17+00:00,40.288119,-88.126178,72.07816618570051,216.0,10.342505609990965,rs1,8.880954492285213,33.264016127971956,24.383061635686744,4,8.880954492285213,46.71615778937477,37.835203297089556,80.2309515867141,positive_cross,toward_S4,3.8490224925738223
4,gle350,2024-03-29 21:24:18+00:00,40.288043,-88.126185,80.5383158390208,217.0,8.460149653320286,rs1,6.1707955637996745,31.487430307144542,25.316634743344867,4,6.1707955637996745,55.181359174442946,49.010563610643274,80.2309515867141,positive_cross,toward_S4,4.005691930598272
4,gle350,2024-03-29 21:24:19+00:00,40.287982,-88.126209,87.35682371755011,218.0,6.818507878529317,rs1,11.484340685546249,30.14523461671907,18.660893931172822,4,11.484340685546249,62.16430395800726,50.67996327246101,80.2309515867141,positive_cross,toward_S4,4.131960595015482
4,gle350,2024-03-29 21:24:20+00:00,40.287931,-88.126254,93.09569416017808,219.0,5.73887044262797,rs1,18.249994087860017,28.349240218101784,10.099246130241767,4,18.249994087860017,68.35894560649974,50.10895151863973,80.2309515867141,positive_cross,toward_S4,4.2382359735826665
4,gle350,2024-03-29 21:24:21+00:00,40.2879,-88.126313,96.63244853125086,220.0,3.5367543710727745,rs1,24.174484455771108,25.83688663935394,1.6624021835828309,4,24.174484455771108,72.76253598310582,48.58805152733471,80.2309515867141,positive_cross,toward_S4,4.303731424898829
4,gle350,2024-03-29 21:24:22+00:00,40.287894,-88.126374,97.39284214813577,221.0,0.7603936168849117,rs2,22.406480706832347,28.44890961187415,6.0424289050418025,4,22.406480706832347,72.46019905360475,50.053718346772406,80.2309515867141,negative_cross,toward_S4,4.317812788174475
4,gle350,2024-03-29 21:24:23+00:00,40.287906,-88.126435,96.15205276063342,222.0,-1.2407893875023461,rs2,18.09350634520431,31.907009220973887,13.813502875769576,4,18.09350634520431,70.17725727774902,52.08375093254471,80.2309515867141,negative_cross,toward_S1,4.294835206924432
4,gle350,2024-03-29 21:24:24+00:00,40.287935,-88.126483,93.00136664465825,223.0,-3.1506861159751764,rs2,13.213621795040922,34.04881374224673,20.835191947205807,4,13.213621795040922,66.4561244259765,53.242502630935576,80.2309515867141,negative_cross,toward_S1,4.236489167739706
4,gle350,2024-03-29 21:24:25+00:00,40.287979,-88.126516,88.16007738111571,224.0,-4.841289263542535,rs2,7.5801073786908475,35.14149699863466,27.56138961994381,4,7.5801073786908475,61.345971233576584,53.76586385488574,80.2309515867141,negative_cross,toward_S1,4.1468356628592895
4,gle350,2024-03-29 21:24:26+00:00,40.288035,-88.126525,81.94794508563683,225.0,-6.212132295478881,rs2,2.6943407176101846,34.929803154757984,32.2354624371478,4,2.6943407176101846,55.08226838625415,52.38792766864397,80.2309515867141,negative_cross,toward_S1,4.031796175905977
4,gle350,2024-03-29 21:24:27+00:00,40.2881,-88.126521,74.71533073056494,226.0,-7.232614355071888,rs2,7.318049014423777,34.8643899810558,27.546340966632023,4,7.318049014423777,47.890203302104624,40.572154287680846,80.2309515867141,negative_cross,toward_S1,3.897858873034275
4,gle350,2024-03-29 21:24:28+00:00,40.288169,-88.126517,67.03800904067988,227.0,-7.677321689885062,rs2,14.737542988419579,36.42448956180275,21.686946573383175,4,14.737542988419579,40.27142666823845,25.53388367981887,80.2309515867141,negative_cross,toward_S1,3.7556862491475145
4,gle350,2024-03-29 21:24:29+00:00,40.288248,-88.126513,58.24891901526573,228.0,-8.789090025414154,rs2,23.433279303265167,31.57959927094764,8.146319967682473,4,23.433279303265167,31.57959927094764,8.146319967682473,80.2309515867141,negative_cross,toward_S1,3.592925322750956
4,gle350,2024-03-29 21:24:30+00:00,40.288337,-88.126509,48.34806065434421,229.0,-9.900858360921518,rs5,21.876045838166792,33.28609341439816,11.410047576231367,3,21.876045838166792,33.28609341439816,11.410047576231367,26.33125891160298,negative_cross,toward_S1,3.4077185507915044
4,gle350,2024-03-29 21:24:31+00:00,40.288428,-88.126505,38.22484862521527,230.0,-10.123212029128936,rs5,12.288240378145911,35.42527597382839,23.13703559568248,3,12.288240378145911,43.38411732706307,31.095876948917162,26.33125891160298,negative_cross,toward_S1,3.2202516613631906
4,gle350,2024-03-29 21:24:32+00:00,40.288519,-88.126503,28.10469668264176,231.0,-10.120151942573514,rs5,5.179007028805091,33.210598710830354,28.03159168202526,3,5.179007028805091,53.478643582651536,48.29963655384645,26.33125891160298,negative_cross,toward_S1,3.0328414402044217
4,gle350,2024-03-29 21:24:33+00:00,40.288608,-88.12649,18.19006793506182,232.0,-9.91462874757994,rs5,10.689517367428033,33.03899732542624,22.349479957998206,3,10.689517367428033,45.395861917712736,34.706344550284705,26.33125891160298,negative_cross,toward_S1,2.8492372041381264
4,gle350,2024-03-29 21:24:34+00:00,40.288695,-88.12647,8.487082555542806,233.0,-9.702985379519014,rs5,20.02132608229906,35.132575632684926,15.111249550385867,3,20.02132608229906,35.922438215950464,15.901112133651406,26.33125891160298,negative_cross,toward_S1,2.6695522897025894
4,gle350,2024-03-29 21:24:35+00:00,40.288783,-88.126447,-1.3316697874854495,234.0,-9.818752343028255,rs7,26.6572295965456,29.860719579352885,3.203489982807284,2,26.6572295965456,29.860719579352885,3.203489982807284,-27.632700444717127,negative_cross,toward_S1,2.487056123282068
4,gle350,2024-03-29 21:24:36+00:00,40.288876,-88.126433,-11.692535911982201,235.0,-10.360866124496752,rs7,17.322280355685344,31.209341011333485,13.887060655648142,2,17.322280355685344,40.08617381285879,22.763893457173445,-27.632700444717127,negative_cross,toward_S1,2.2951882320876837
4,gle350,2024-03-29 21:24:37+00:00,40.288972,-88.12643,-22.370102065597983,236.0,-10.677566153615782,rs7,9.338382145022521,27.046013050324323,17.7076309053018,2,9.338382145022521,50.496022251000824,41.1576401059783,-27.632700444717127,negative_cross,toward_S1,2.0974555255392433
4,gle350,2024-03-29 21:24:38+00:00,40.289068,-88.126428,-33.046138176320156,237.0,-10.676036110722173,rs7,10.055502362308061,26.86204673847628,16.80654437616822,2,10.055502362308061,45.59723823716421,35.54173587485615,-27.632700444717127,negative_cross,toward_S1,1.8997511531184625
4,gle350,2024-03-29 21:24:39+00:00,40.289165,-88.12643,-43.82723094886866,238.0,-10.781092772548504,rs7,18.47301554396496,31.002867304541095,12.529851760576136,2,18.47301554396496,34.85135490423491,16.37833936026995,-27.632700444717127,negative_cross,toward_S1,1.7001012869601568
4,gle350,2024-03-29 21:24:40+00:00,40.289263,-88.126433,-54.71797051262726,239.0,-10.8907395637586,rs10,24.021490188757536,28.618996401498276,4.59750621274074,1,24.021490188757536,28.618996401498276,4.59750621274074,-78.92951005359993,negative_cross,toward_S1,1.4483618433513457
4,gle350,2024-03-29 21:24:41+00:00,40.289359,-88.126437,-65.38482636611828,240.0,-10.666855853491015,rs10,13.503255879215438,29.892462725367366,16.38920684615193,1,13.503255879215438,38.93940867745568,25.436152798240244,-78.92951005359993,negative_cross,toward_S1,1.2508274756941047
4,gle350,2024-03-29 21:24:42+00:00,40.289449,-88.126441,-75.38462121812519,241.0,-9.999794852006914,rs10,4.413588730025529,27.17486220494854,22.76127347492301,1,4.413588730025529,48.75382790041986,44.34023917039433,-78.92951005359993,negative_cross,toward_S1,1.0656460895458284
4,gle350,2024-03-29 21:24:43+00:00,40.289529,-88.126443,-84.27570782039014,242.0,-8.891086602264949,rs10,6.6293881149669565,27.602383842386274,20.972995727419317,1,6.6293881149669565,57.55181612808217,50.922428013115216,-78.92951005359993,negative_cross,toward_S1,0.9009963376520331
4,gle350,2024-03-29 21:24:44+00:00,40.289598,-88.126434,-91.96067972386629,243.0,-7.684971903476153,rs10,14.085771102490003,29.3355026036147,15.249731501124696,1,14.085771102490003,65.26283002606971,51.17705892357971,-78.92951005359993,negative_cross,toward_S1,0.7586820431432155
4,gle350,2024-03-29 21:24:45+00:00,40.289651,-88.126394,-97.91425361953065,244.0,-5.953573895664363,rs10,20.74716370946691,29.67279075582533,8.925627046358418,1,20.74716370946691,71.56558509802603,50.81842138855912,-78.92951005359993,negative_cross,toward_S1,0.6484306747049865
4,gle350,2024-03-29 21:24:46+00:00,40.289687,-88.126343,-101.99465181575552,245.0,-4.080398196224863,rs10,26.14187408012466,29.45184741945677,3.3099733393321102,1,26.14187408012466,76.27775733653449,50.135883256409834,-78.92951005359993,negative_cross,toward_S1,0.5728677451452668
4,gle350,2024-03-29 21:24:47+00:00,40.289702,-88.126279,-103.76022706347135,246.0,-1.7655752477158302,rs8,27.81526888246364,30.31902378227048,2.5037548998068395,1,27.81526888246364,77.03864644602254,49.2233775635589,-78.92951005359993,positive_cross,toward_S1,0.5401719072246034
4,gle350,2024-03-29 21:24:48+00:00,40.289692,-88.126216,-102.7448514291302,247.0,1.0153756343411544,rs8,24.65907574182084,32.78032265698168,8.121246915160842,1,24.65907574182084,75.16467873994188,50.505602998121034,-78.92951005359993,positive_cross,toward_S4,0.5589751597124024
4,gle350,2024-03-29 21:24:49+00:00,40.289659,-88.126173,-99.14180776396078,248.0,3.603043665169409,rs8,20.150009718503973,32.98265700464331,12.832647286139334,1,20.150009718503973,71.18448907908301,51.034479360579034,-78.92951005359993,positive_cross,toward_S4,0.625698190548873
4,gle350,2024-03-29 21:24:50+00:00,40.289612,-88.126157,-93.94097727077852,249.0,5.200830493182266,rs8,14.756311611540765,31.22205284848844,16.46574123694767,1,14.756311611540765,65.88635796099636,51.1300463494556,-78.92951005359993,positive_cross,toward_S4,0.7220098663485446
4,gle350,2024-03-29 21:24:51+00:00,40.289557,-88.126164,-87.8155411233884,250.0,6.125436147390118,rs8,9.039288691224987,28.199383390973825,19.16009469974884,1,9.039288691224987,59.813743627926435,50.774454936701446,-78.92951005359993,positive_cross,toward_S4,0.8354438690779913
4,gle350,2024-03-29 21:24:52+00:00,40.289501,-88.126173,-81.57586805615084,251.0,6.239673067237561,rs8,4.70389949276419,26.108959998923243,21.405060506159053,1,4.70389949276419,53.66162640502989,48.9577269122657,-78.92951005359993,positive_cross,toward_S4,0.9509933703231312
4,gle350,2024-03-29 21:24:53+00:00,40.289435,-88.126179,-74.22901678123152,252.0,7.346851274919317,rs8,7.013448304584319,25.85987793509311,18.84642963050879,1,7.013448304584319,46.40774433048955,39.394296025905234,-78.92951005359993,positive_cross,toward_S4,1.087046171710526
4,gle350,2024-03-29 21:24:54+00:00,40.289356,-88.126185,-65.43686667005191,253.0,8.792150111179609,rs8,14.930525183156966,28.295330847483083,13.364805664326116,1,14.930525183156966,37.76303230230073,22.832507119143763,-78.92951005359993,positive_cross,toward_S4,1.2498637663620003
4,gle350,2024-03-29 21:24:55+00:00,40.289265,-88.126186,-55.31824477035023,254.0,10.11862189970168,rs8,24.688191588879167,27.818012867606225,3.129821278727057,1,24.688191588879167,27.818012867606225,3.129821278727057,-78.92951005359993,positive_cross,toward_S4,1.437245653393513
4,gle350,2024-03-29 21:24:56+00:00,40.289165,-88.126185,-44.20209145340873,255.0,11.116153316941507,rs6,17.069663127608955,33.25562928310871,16.185966155499756,2,17.069663127608955,35.619492385476086,18.54982925786713,-27.632700444717127,positive_cross,toward_S4,1.6931594257649705
4,gle350,2024-03-29 21:24:57+00:00,40.289057,-88.126178,-32.20570372565194,256.0,11.99638772775679,rs6,6.54465493146115,29.74482311053171,23.20016817907056,2,6.54465493146115,47.47383920765978,40.929184276198626,-27.632700444717127,positive_cross,toward_S4,1.9153147540567628
4,gle350,2024-03-29 21:24:58+00:00,40.288944,-88.126175,-19.647311658215564,257.0,12.558392067436372,rs6,9.79425155482799,30.678279380949004,20.884027826121013,2,9.79425155482799,45.69206722298795,35.897815668159964,-27.632700444717127,positive_cross,toward_S4,2.147877570120399
4,gle350,2024-03-29 21:24:59+00:00,40.288827,-88.126169,-6.648802384581599,258.0,12.998509273633964,rs6,21.948763501443178,32.72365443921096,10.774890937767783,2,21.948763501443178,32.72365443921096,10.774890937767783,-27.632700444717127,positive_cross,toward_S4,2.3885907048173247
4,gle350,2024-03-29 21:25:00+00:00,40.288709,-88.126168,6.468533936747144,259.0,13.117336321328743,rs3,19.815995758059028,34.8988427769613,15.082847018902275,3,19.815995758059028,34.8988427769613,15.082847018902275,26.33125891160298,positive_cross,toward_S4,2.632171759724892
4,gle350,2024-03-29 21:25:01+00:00,40.288592,-88.126168,19.47622346684404,260.0,13.007689530096897,rs3,7.8236503655122505,34.18717992227967,26.363529556767418,3,7.8236503655122505,47.84084930468527,40.01719893917302,26.33125891160298,positive_cross,toward_S4,2.8730548991711307
4,gle350,2024-03-29 21:25:02+00:00,40.288475,-88.126168,32.4839129977309,261.0,13.007689530886857,rs3,8.273255340116531,34.01317664967178,25.739921309555246,3,8.273255340116531,46.8600506263896,38.58679528627307,26.33125891160298,positive_cross,toward_S4,3.1139380386319986
4,gle350,2024-03-29 21:25:03+00:00,40.288357,-88.126173,45.610429576290784,262.0,13.126516578559887,rs3,20.56693095334932,33.88178902127589,13.314858067926572,3,20.56693095334932,33.88178902127589,13.314858067926572,26.33125891160298,positive_cross,toward_S4,3.3570216789757
4,gle350,2024-03-29 21:25:04+00:00,40.288244,-88.126179,58.18259202959561,263.0,12.572162453304827,rs1,21.653507376587736,32.968886089278676,11.31537871269094,4,21.653507376587736,32.968886089278676,11.31537871269094,80.2309515867141,positive_cross,toward_S4,3.5916970452385466
4,gle350,2024-03-29 21:25:05+00:00,40.288147,-88.126183,68.97286505939698,264.0,10.79027302980137,rs1,11.713103806879342,33.82241743679604,22.109313629916695,4,11.713103806879342,43.6820377007653,31.968933893885957,80.2309515867141,positive_cross,toward_S4,3.791516916160794
4,gle350,2024-03-29 21:25:06+00:00,40.288066,-88.126188,77.98583879510048,265.0,9.012973735703497,rs1,6.365414847186039,31.365636671368087,25.00022182418205,4,6.365414847186039,52.67048067658005,46.30506582939401,80.2309515867141,positive_cross,toward_S4,3.95842383719234
4,gle350,2024-03-29 21:25:07+00:00,40.287999,-88.1262,85.4530471605864,266.0,7.4672083654859165,rs1,9.631456986918552,30.55345889707736,20.922001910158805,4,9.631456986918552,60.19128439300411,50.55982740608556,80.2309515867141,positive_cross,toward_S4,4.0967054735902275
4,gle350,2024-03-29 21:25:08+00:00,40.28794,-88.126232,92.06144171471662,267.0,6.6083945541302285,rs1,16.29418537446333,29.65805789766797,13.363872523204641,4,16.29418537446333,67.06560693651532,50.771421562052,80.2309515867141,positive_cross,toward_S4,4.219083150518565
4,gle350,2024-03-29 21:25:09+00:00,40.287897,-88.126285,96.92313783146133,268.0,4.86169611674471,rs1,22.838095542978756,27.958567840640125,5.120472297661369,4,22.838095542978756,72.5700039064793,49.731908363500544,80.2309515867141,positive_cross,toward_S4,4.309114560087911
4,gle350,2024-03-29 21:25:10+00:00,40.287877,-88.126345,99.23847707581665,269.0,2.3153392443553145,rs2,25.47700478932285,27.901881948957115,2.4248771596342635,4,25.47700478932285,74.87372601149082,49.39672122216797,80.2309515867141,negative_cross,toward_S4,4.351991212761158
4,gle350,2024-03-29 21:25:11+00:00,40.287875,-88.126412,99.56334361590949,270.0,0.32486654009284166,rs2,22.042590894165006,32.28545635171294,10.242865457547932,4,22.042590894165006,73.89806323823092,51.855472344065916,80.2309515867141,negative_cross,ambiguous,4.358007259799915
4,gle350,2024-03-29 21:25:12+00:00,40.287894,-88.126473,97.54431639284105,271.0,-2.0190272230684343,rs2,17.693373389952896,35.35796885697884,17.664595467025947,4,17.693373389952896,71.07999042907315,53.38661703912025,80.2309515867141,negative_cross,toward_S1,4.320617866780129
4,gle350,2024-03-29 21:25:13+00:00,40.287932,-88.126516,93.38538856029119,272.0,-4.158927832549864,rs2,12.474252519098288,36.762051263672085,24.2877987445738,4,12.474252519098288,66.56363670413435,54.08938418503607,80.2309515867141,negative_cross,toward_S1,4.243600684695872
4,gle350,2024-03-29 21:25:14+00:00,40.287984,-88.126531,87.62714385611015,273.0,-5.758244704181038,rs2,6.572143818148858,36.251004701497905,29.678860883349046,4,6.572143818148858,60.721690321810264,54.149546503661405,80.2309515867141,negative_cross,toward_S1,4.1369665235073345
4,gle350,2024-03-29 21:25:15+00:00,40.288042,-88.126528,81.17429737947624,274.0,-6.452846476633908,rs2,2.395525973656427,35.14142278222832,32.74589680857189,4,2.395525973656427,54.29068464248626,51.895158668829836,80.2309515867141,negative_cross,toward_S1,4.017469366532632
4,gle350,2024-03-29 21:25:16+00:00,40.288108,-88.126525,73.83203623319427,275.0,-7.34226114628197,rs2,8.020953231942663,35.335930008681856,27.314976776739194,4,8.020953231942663,46.97864259675879,38.957689364816126,80.2309515867141,negative_cross,toward_S1,3.8815015675274105
4,gle350,2024-03-29 21:25:17+00:00,40.288185,-88.126522,65.2668299180694,276.0,-8.565206315124868,rs2,16.39621599411375,37.46917327851952,21.07295728440577,4,16.39621599411375,38.46015886229413,22.06394286818038,80.2309515867141,negative_cross,toward_S1,3.722886635765839
4,gle350,2024-03-29 21:25:18+00:00,40.288272,-88.126521,55.592915352412696,277.0,-9.673914565656709,rs2,25.986833716729908,28.845361934528654,2.858528217798746,4,25.986833716729908,28.845361934528654,2.858528217798746,80.2309515867141,negative_cross,toward_S1,3.543740069735159
4,gle350,2024-03-29 21:25:19+00:00,40.288363,-88.126518,45.471233366967326,278.0,-10.12168198544537,rs5,18.889230230205754,36.08232143257505,17.193091202369295,3,18.889230230205754,36.08232143257505,17.193091202369295,26.33125891160298,negative_cross,toward_S1,3.354443971395636
4,gle350,2024-03-29 21:25:20+00:00,40.288457,-88.126515,35.01602087997904,279.0,-10.455212486988287,rs5,9.004927646606657,35.286405802640594,26.281478156033938,3,9.004927646606657,46.52337488741512,37.51844724080847,26.33125891160298,negative_cross,toward_S1,3.1608289253402972
4,gle350,2024-03-29 21:25:21+00:00,40.28855,-88.126509,24.66739509847889,280.0,-10.348625781500147,rs5,5.084625200673182,33.70177200457344,28.617146803900262,3,5.084625200673182,51.76989421457971,46.68526901390653,26.33125891160298,negative_cross,toward_S1,2.9691877071643686
4,gle350,2024-03-29 21:25:22+00:00,40.288642,-88.126492,14.413115678658576,281.0,-10.254279419820316,rs5,13.879134498941688,34.312576148632466,20.433441649690778,3,13.879134498941688,41.611131072362234,27.731996573420545,26.33125891160298,negative_cross,toward_S1,2.7792936438343627
4,gle350,2024-03-29 21:25:23+00:00,40.288733,-88.126469,4.260832835689078,282.0,-10.152282842969498,rs5,23.994931479486706,31.747796470750302,7.752864991263596,3,23.994931479486706,31.747796470750302,7.752864991263596,26.33125891160298,negative_cross,toward_S1,2.5912884060015946
4,gle350,2024-03-29 21:25:24+00:00,40.288825,-88.126452,-5.993446584131242,283.0,-10.25427941982032,rs7,22.0373065313526,34.18902936779504,12.151722836442438,2,22.0373065313526,34.18902936779504,12.151722836442438,-27.632700444717127,negative_cross,toward_S1,2.400726923344183
4,gle350,2024-03-29 21:25:25+00:00,40.288915,-88.126443,-16.0131319935375,284.0,-10.019685409406257,rs7,13.116202434970022,29.993756672475698,16.877554237505677,2,13.116202434970022,44.07096288695448,30.954760451984463,-27.632700444717127,negative_cross,toward_S1,2.2151771935403635
4,gle350,2024-03-29 21:25:26+00:00,40.289011,-88.126441,-26.68916810425968,285.0,-10.67603611072218,rs7,7.083553445518847,27.458009229676172,20.374455784157327,2,7.083553445518847,51.83173804403861,44.748184598519764,-27.632700444717127,negative_cross,toward_S1,2.0174728211195823
4,gle350,2024-03-29 21:25:27+00:00,40.289109,-88.126445,-37.57837762514642,286.0,-10.889209520886745,rs7,12.40493200611663,29.473729935183876,17.068797929067244,2,12.40493200611663,40.93296024079464,28.52802823467801,-27.632700444717127,negative_cross,toward_S1,1.815820792955013
4,gle350,2024-03-29 21:25:28+00:00,40.289214,-88.12645,-49.24429493793746,287.0,-11.665917312791038,rs7,22.982115779612634,29.25606827528689,6.273952495674255,2,22.982115779612634,29.25606827528689,6.273952495674255,-27.632700444717127,negative_cross,toward_S1,1.5997852871625864
4,gle350,2024-03-29 21:25:29+00:00,40.289322,-88.126452,-61.24833288009704,288.0,-12.004037942159577,rs10,17.292378967458458,33.04865224604424,15.756273278585784,1,17.292378967458458,34.66023893342351,17.36785996596505,-78.92951005359993,negative_cross,toward_S1,1.3274292069167202
4,gle350,2024-03-29 21:25:30+00:00,40.289422,-88.126451,-72.36754628278229,289.0,-11.119213402685247,rs10,6.4692975753673645,28.562527411559948,22.093229836192585,1,6.4692975753673645,45.66123804011549,39.19194046474813,-78.92951005359993,negative_cross,toward_S1,1.121517847607734
4,gle350,2024-03-29 21:25:31+00:00,40.289509,-88.126447,-82.04605097707629,290.0,-9.678504694294006,rs10,4.556505138271224,27.60418877998166,23.047683641710435,1,4.556505138271224,55.30269495016089,50.746189811889664,-78.92951005359993,negative_cross,toward_S1,0.9422862791948822
4,gle350,2024-03-29 21:25:32+00:00,40.28958,-88.126434,-89.95949671947903,291.0,-7.913445742402743,rs10,12.170745360985807,28.510148711140694,16.33940335015489,1,12.170745360985807,63.27503520630687,51.10428984532106,-78.92951005359993,negative_cross,toward_S1,0.7957409876689054
4,gle350,2024-03-29 21:25:33+00:00,40.289639,-88.126397,-96.57554148799028,292.0,-6.6160447685112445,rs10,19.408509440808025,29.047577567311528,9.639068126503503,1,19.408509440808025,70.20758684927904,50.799077408471014,-78.92951005359993,negative_cross,toward_S1,0.6732216401038824
4,gle350,2024-03-29 21:25:34+00:00,40.289678,-88.12634,-100.99865044219922,293.0,-4.423108954208942,rs10,25.364822459472677,28.518554488114763,3.153732028642086,1,25.364822459472677,75.34996298276288,49.9851405232902,-78.92951005359993,negative_cross,toward_S1,0.591312215025939
4,gle350,2024-03-29 21:25:35+00:00,40.289692,-88.126276,-102.65304885657956,294.0,-1.6543984143803385,rs8,26.71696782191956,29.55147041135503,2.83450258943547,1,26.71696782191956,75.89887156449325,49.18190374257369,-78.92951005359993,positive_cross,toward_S1,0.560675207352229
4,gle350,2024-03-29 21:25:36+00:00,40.289679,-88.126217,-101.2980225492298,295.0,1.3550263073497604,rs8,23.32137578656417,31.676747312524242,8.35537152596007,1,23.32137578656417,73.73751295333263,50.41613716676845,-78.92951005359993,positive_cross,toward_S4,0.5857682871179652
4,gle350,2024-03-29 21:25:37+00:00,40.289644,-88.126176,-97.46956513166745,296.0,3.8284574175623476,rs8,18.580606178368186,31.774313754159824,13.193707575791638,1,18.580606178368186,69.53749453570654,50.95688835733836,-78.92951005359993,positive_cross,toward_S4,0.6566656467024532
4,gle350,2024-03-29 21:25:38+00:00,40.289593,-88.126164,-91.81790713295278,297.0,5.6516579987146685,rs8,12.834527669296973,29.720336322431567,16.885808653134596,1,12.834527669296973,63.80975430477663,50.97522663547966,-78.92951005359993,positive_cross,toward_S4,0.7613259800119841
4,gle350,2024-03-29 21:25:39+00:00,40.289534,-88.126177,-85.23858339347487,298.0,6.579323739477914,rs8,7.364496002020329,26.419214036979536,19.05471803495921,1,7.364496002020329,57.3477163080523,49.98322030603197,-78.92951005359993,positive_cross,toward_S4,0.8831653085208344
4,gle350,2024-03-29 21:25:40+00:00,40.289471,-88.126187,-78.21914244777759,299.0,7.0194409456972835,rs8,5.511484238175602,24.780364562905763,19.268880324730162,1,5.511484238175602,50.46327642291493,44.951792184739325,-78.92951005359993,positive_cross,toward_S4,1.0131549556633768
4,gle350,2024-03-29 21:25:41+00:00,40.289395,-88.126192,-69.76205288022277,300.0,8.457089567554817,rs8,11.264343698882202,25.966811334651993,14.702467635769791,1,11.264343698882202,42.14082725703803,30.876483558155833,-78.92951005359993,positive_cross,toward_S4,1.1697677254329104
4,gle350,2024-03-29 21:25:42+00:00,40.289306,-88.126194,-59.86425460506671,301.0,9.897798275156056,rs8,20.445495439623492,30.70218249381503,10.256687054191538,1,20.445495439623492,32.42082715174294,11.975331712119448,-78.92951005359993,positive_cross,toward_S4,1.3530602860839485
4,gle350,2024-03-29 21:25:43+00:00,40.289204,-88.126191,-48.52880770645145,302.0,11.33544689861526,rs6,21.349581149350712,31.4233668017534,10.073785652402687,2,21.349581149350712,31.4233668017534,10.073785652402687,-27.632700444717127,positive_cross,toward_S4,1.6130350507086235
4,gle350,2024-03-29 21:25:44+00:00,40.289094,-88.126184,-36.31006631127721,303.0,12.218741395174241,rs6,9.937387182282174,30.169715748068754,20.23232856578658,2,9.937387182282174,43.43691477436858,33.49952759208641,-27.632700444717127,positive_cross,toward_S4,1.8393080395081465
4,gle350,2024-03-29 21:25:45+00:00,40.28898,-88.126179,-23.643557496292548,304.0,12.666508814984663,rs6,6.879616960950327,29.558088321378413,22.678471360428087,2,6.879616960950327,49.7086420398056,42.829025078855274,-27.632700444717127,positive_cross,toward_S4,2.073873017563418
4,gle350,2024-03-29 21:25:46+00:00,40.288864,-88.126173,-10.756225055972333,305.0,12.887332440320215,rs6,18.01961533814978,34.22794467842944,16.208329340279658,2,18.01961533814978,36.845128725902185,18.825513387752405,-27.632700444717127,positive_cross,toward_S4,2.3125273220137923
4,gle350,2024-03-29 21:25:47+00:00,40.288744,-88.126171,2.581934889112053,306.0,13.338159945084385,rs3,23.66684904651847,31.075006462240047,7.4081574157215755,3,23.66684904651847,31.075006462240047,7.4081574157215755,26.33125891160298,positive_cross,toward_S4,2.560197703287205
4,gle350,2024-03-29 21:25:48+00:00,40.288627,-88.12617,15.588094377127048,307.0,13.006159488014994,rs3,11.247012733199618,35.02568125886577,23.77866852566615,3,11.247012733199618,43.98171374037738,32.73470100717776,26.33125891160298,positive_cross,toward_S4,2.801052508620816
4,gle350,2024-03-29 21:25:49+00:00,40.288509,-88.12617,28.706960741327645,308.0,13.118866364200597,rs3,5.750416092592229,33.37817693951064,27.62776084691841,3,5.750416092592229,50.64068408019481,44.89026798760258,26.33125891160298,positive_cross,toward_S4,3.0439944783282344
4,gle350,2024-03-29 21:25:50+00:00,40.288388,-88.126171,42.160887649131304,309.0,13.453926907803659,rs3,17.200840741935234,36.751380520453566,19.55053977851833,3,17.200840741935234,37.273361124283,20.072520382347765,26.33125891160298,positive_cross,toward_S4,3.2931412729171914
4,gle350,2024-03-29 21:25:51+00:00,40.288271,-88.126173,55.17163726497193,310.0,13.010749615840624,rs1,24.4611635661199,29.922974024189596,5.461810458069696,4,24.4611635661199,29.922974024189596,5.461810458069696,80.2309515867141,positive_cross,toward_S4,3.5359386236714414
4,gle350,2024-03-29 21:25:52+00:00,40.288164,-88.126176,67.07214858819877,311.0,11.900511323226844,rs1,13.137513204514272,35.07895367699621,21.941440472481936,4,13.137513204514272,41.72877387839615,28.591260673881877,80.2309515867141,positive_cross,toward_S4,3.756318462990457
4,gle350,2024-03-29 21:25:53+00:00,40.288071,-88.126186,77.4268945412081,312.0,10.354745953009328,rs1,6.325016622623894,31.590649028570976,25.26563240594708,4,6.325016622623894,52.09788806393681,45.772871441312915,80.2309515867141,positive_cross,toward_S4,3.948073017675815
4,gle350,2024-03-29 21:25:54+00:00,40.287988,-88.126203,86.68058245883479,313.0,9.253687917626692,rs1,10.651967950033528,30.5094597681585,19.85749181812497,4,10.651967950033528,61.436952236698396,50.784984286664866,80.2309515867141,positive_cross,toward_S4,4.119437608742976
4,gle350,2024-03-29 21:25:55+00:00,40.287924,-88.126238,93.84945130972923,314.0,7.168868850894441,rs1,18.025148426771292,29.909513369482266,11.884364942710974,4,18.025148426771292,68.90221870951544,50.87707028274414,80.2309515867141,positive_cross,toward_S4,4.252194439315095
4,gle350,2024-03-29 21:25:56+00:00,40.287884,-88.126292,98.37914696863635,315.0,4.529695658907116,rs1,24.336836420736656,28.333165466642143,3.9963290459054868,4,24.336836420736656,74.10668127454424,49.769844853807584,80.2309515867141,positive_cross,toward_S4,4.3360776922578195
4,gle350,2024-03-29 21:25:57+00:00,40.287866,-88.126357,100.4797827599335,316.0,2.100635791297151,rs2,25.680287243002486,29.48828577184172,3.807998528839235,4,25.680287243002486,75.81949174178133,50.13920449877885,80.2309515867141,negative_cross,toward_S4,4.374978355059619
4,gle350,2024-03-29 21:25:58+00:00,40.287871,-88.126422,100.0233513787165,317.0,-0.45643138121700133,rs2,21.962872647036388,33.226896948786035,11.264024301749647,4,21.962872647036388,74.19528600504063,52.23241335800424,80.2309515867141,negative_cross,ambiguous,4.366525922074119
4,gle350,2024-03-29 21:25:59+00:00,40.287897,-88.126479,97.21996614936272,318.0,-2.803385229353779,rs2,17.187721713957764,35.630711237035776,18.442989523078012,4,17.187721713957764,70.69540337932085,53.50768166536309,80.2309515867141,negative_cross,toward_S1,4.314611380789789
4,gle350,2024-03-29 21:26:00+00:00,40.28794,-88.126515,92.49444384853949,319.0,-4.725522300823229,rs2,11.645833744351918,36.35900521713875,24.713171472786833,4,11.645833744351918,65.68056271241277,54.03472896806085,80.2309515867141,negative_cross,toward_S1,4.227101708552322
4,gle350,2024-03-29 21:26:01+00:00,40.287993,-88.126525,86.61737209666364,320.0,-5.877071751875846,rs2,5.845893853590025,35.544705518883326,29.698811665293302,4,5.845893853590025,59.746584667726395,53.90069081413637,80.2309515867141,negative_cross,toward_S1,4.118267046480547
4,gle350,2024-03-29 21:26:02+00:00,40.288052,-88.126518,80.0472286144386,321.0,-6.570143482225049,rs2,3.501522182589022,34.26240072924917,30.76087854666015,4,3.501522182589022,53.233512891821405,49.731990709232385,80.2309515867141,negative_cross,toward_S1,3.996597722735639
4,gle350,2024-03-29 21:26:03+00:00,40.288121,-88.126516,72.37296701106547,322.0,-7.674261603373125,rs2,9.640738478099724,34.85535411448196,25.214615636382238,4,9.640738478099724,45.595840876420965,35.955102398321245,80.2309515867141,negative_cross,toward_S1,3.854481767117618
4,gle350,2024-03-29 21:26:04+00:00,40.288202,-88.126513,63.36305336112747,323.0,-9.009913649938,rs2,18.39688175360579,36.656880176567554,18.259998422961765,4,18.39688175360579,36.656880176567554,18.259998422961765,80.2309515867141,negative_cross,toward_S1,3.687631514340988
4,gle350,2024-03-29 21:26:05+00:00,40.288295,-88.126511,53.02054775111475,324.0,-10.342505610012722,rs5,26.435065608849563,28.630691741063206,2.1956261322136434,3,26.435065608849563,28.630691741063206,2.1956261322136434,26.33125891160298,negative_cross,toward_S1,3.4942460896205882
4,gle350,2024-03-29 21:26:06+00:00,40.288391,-88.12651,42.346041683264424,325.0,-10.674506067850324,rs5,16.025209606114128,37.406065435601626,21.380855829487498,3,16.025209606114128,39.24695175657117,23.221742150457043,26.33125891160298,negative_cross,toward_S1,3.296570051327064
4,gle350,2024-03-29 21:26:07+00:00,40.288487,-88.126509,31.671535614624148,326.0,-10.674506068640277,rs5,6.54554620090339,34.10409370742688,27.55854750652349,3,6.54554620090339,49.88959929903313,43.34405309812974,26.33125891160298,negative_cross,toward_S1,3.0988940130189104
4,gle350,2024-03-29 21:26:08+00:00,40.288584,-88.126506,20.88279262771637,327.0,-10.788742986907778,rs5,7.736911613453561,33.83510730024803,26.098195686794472,3,7.736911613453561,47.99704053620708,40.26012892275352,26.33125891160298,negative_cross,toward_S1,2.899102476224322
4,gle350,2024-03-29 21:26:09+00:00,40.288681,-88.12649,10.074159083409203,328.0,-10.808633544307167,rs5,17.94882939277538,35.882418904825144,17.933589512049764,3,17.94882939277538,37.29667163710612,19.347842244330742,26.33125891160298,negative_cross,toward_S1,2.6989425957741893
4,gle350,2024-03-29 21:26:10+00:00,40.288778,-88.126468,-0.7436547189408069,329.0,-10.81781380235001,rs7,26.822754811299077,28.789816819653748,1.9670620083546702,2,26.822754811299077,28.789816819653748,1.9670620083546702,-27.632700444717127,negative_cross,toward_S1,2.49794529121808
4,gle350,2024-03-29 21:26:11+00:00,40.288878,-88.126447,-11.893468978360204,330.0,-11.149814259419397,rs7,16.620071267682967,32.12331066787942,15.503239400196456,2,16.620071267682967,39.992650567154016,23.37257929947105,-27.632700444717127,negative_cross,toward_S1,2.29146724937698
4,gle350,2024-03-29 21:26:12+00:00,40.28898,-88.126439,-23.24574634858764,331.0,-11.352277370227437,rs7,8.233529991493397,27.636181702874847,19.402651711381452,2,8.233529991493397,51.20218423039142,42.96865423889802,-27.632700444717127,negative_cross,toward_S1,2.0812398906690643
4,gle350,2024-03-29 21:26:13+00:00,40.289089,-88.126439,-35.36402120980467,332.0,-12.118274861217028,rs7,10.934909323658008,28.315794879786605,17.380885556128597,2,10.934909323658008,43.18925699878883,32.254347675130816,-27.632700444717127,negative_cross,toward_S1,1.8568273932391195
4,gle350,2024-03-29 21:26:14+00:00,40.289202,-88.126438,-47.92853344954017,333.0,-12.5645122397355,rs7,22.018976569247993,30.684945921536887,8.665969352288894,2,22.018976569247993,30.684945921536887,8.665969352288894,-27.632700444717127,negative_cross,toward_S1,1.6241512406514251
4,gle350,2024-03-29 21:26:15+00:00,40.289318,-88.126436,-60.82810623206703,334.0,-12.89957278252686,rs10,17.95933230506924,32.16248314372687,14.203150838657628,1,17.95933230506924,34.49162897503014,16.5322966699609,-78.92951005359993,negative_cross,toward_S1,1.3352111818802388
4,gle350,2024-03-29 21:26:16+00:00,40.289423,-88.126438,-72.49861367349538,335.0,-11.670507441428356,rs10,6.854368682237813,27.464403924078386,20.610035241840574,1,6.854368682237813,45.93428696072837,39.07991827849056,-78.92951005359993,negative_cross,toward_S1,1.1190906737056396
4,gle350,2024-03-29 21:26:17+00:00,40.289513,-88.126438,-82.50452869701145,336.0,-10.005915023516067,rs10,5.380055721010928,26.89911203010688,21.51905630909595,1,5.380055721010928,55.839469378461146,50.45941365745022,-78.92951005359993,negative_cross,toward_S1,0.9337959510479348
4,gle350,2024-03-29 21:26:18+00:00,40.289587,-88.126433,-90.73926459712706,337.0,-8.23473590011561,rs10,12.937679814598186,28.739891204474336,15.80221138987615,1,12.937679814598186,64.05816481863816,51.12048500403998,-78.92951005359993,negative_cross,toward_S1,0.7813008417865346
4,gle350,2024-03-29 21:26:19+00:00,40.289645,-88.126398,-97.24107244658084,338.0,-6.501807849453783,rs10,20.003642630356325,29.520966228084383,9.517323597728058,1,20.003642630356325,70.85419462897677,50.850551998620446,-78.92951005359993,negative_cross,toward_S1,0.6608969927225756
4,gle350,2024-03-29 21:26:20+00:00,40.289683,-88.126338,-101.55759469530163,339.0,-4.316522248720787,rs10,25.93630863979372,28.838997456463037,2.9026888166693183,1,25.93630863979372,75.9292176221534,49.99290898235968,-78.92951005359993,negative_cross,toward_S1,0.5809613955240425
4,gle350,2024-03-29 21:26:21+00:00,40.289697,-88.126266,-103.22423345270032,340.0,-1.6666387573986867,rs8,26.81212376889774,30.500042335637204,3.6879185667394623,1,26.81212376889774,76.30170091092174,49.489577142024,-78.92951005359993,positive_cross,toward_S1,0.5500977148314743
4,gle350,2024-03-29 21:26:22+00:00,40.289684,-88.126197,-101.88450757488081,341.0,1.3397258778195038,rs8,23.336217221149102,33.27375490487969,9.937537683730586,1,23.336217221149102,74.11657524282239,50.780358021673294,-78.92951005359993,positive_cross,toward_S4,0.5749074533096132
4,gle350,2024-03-29 21:26:23+00:00,40.289644,-88.126158,-97.49710590342612,342.0,4.387401671454697,rs8,18.27546268324459,33.02206297227217,14.746600289027576,1,18.27546268324459,69.44538767137843,51.169924988133836,-78.92951005359993,positive_cross,toward_S4,0.6561556324106261
4,gle350,2024-03-29 21:26:24+00:00,40.289595,-88.126151,-92.06015135697967,343.0,5.436954546446444,rs8,12.803627812999798,30.810745850947455,18.007118037947656,1,12.803627812999798,63.97344789596145,51.16982008296165,-78.92951005359993,positive_cross,toward_S4,0.756839975863338
4,gle350,2024-03-29 21:26:25+00:00,40.289543,-88.126168,-86.25294528153694,344.0,5.8072060754427355,rs8,7.77985382394944,27.415004702839745,19.635150878890304,1,7.77985382394944,58.28395623246138,50.50410240851194,-78.92951005359993,positive_cross,toward_S4,0.8643808291122775
4,gle350,2024-03-29 21:26:26+00:00,40.289483,-88.126182,-79.56091466508344,345.0,6.6920306164534935,rs8,4.95657097767297,25.20976364849422,20.25319267082125,1,4.95657097767297,51.74259657634642,46.786025598673454,-78.92951005359993,positive_cross,toward_S4,0.9883073220095645
4,gle350,2024-03-29 21:26:27+00:00,40.289406,-88.126191,-70.98652809270571,346.0,8.574386572377733,rs8,10.187277132283231,25.648356684740207,15.461079552456976,1,10.187277132283231,43.33862822812421,33.15135109584098,-78.92951005359993,positive_cross,toward_S4,1.147092258535078
4,gle350,2024-03-29 21:26:28+00:00,40.289311,-88.126194,-60.4201387724254,347.0,10.566389320280308,rs8,19.91428681879531,30.362636068963443,10.448349250168132,1,19.91428681879531,32.965917904504785,13.051631085709474,-78.92951005359993,positive_cross,toward_S4,1.3427661348365652
4,gle350,2024-03-29 21:26:29+00:00,40.289207,-88.12619,-48.86386825007626,348.0,11.556270522349145,rs6,21.644737796248585,31.07982820161717,9.435090405368584,2,21.644737796248585,31.07982820161717,9.435090405368584,-27.632700444717127,positive_cross,toward_S4,1.6068302258266827
4,gle350,2024-03-29 21:26:30+00:00,40.2891,-88.126184,-36.97712731273962,349.0,11.88674093733664,rs6,10.493967766824234,30.37005920526315,19.876091438438916,2,10.493967766824234,42.77428960520801,32.28032183838378,-27.632700444717127,positive_cross,toward_S4,1.8269550579995835
4,gle350,2024-03-29 21:26:31+00:00,40.288987,-88.126181,-24.41873524530325,350.0,12.558392067436369,rs6,6.537186054405255,29.296063503007076,22.758877448601822,2,6.537186054405255,50.50155903216859,43.96437297776334,-27.632700444717127,positive_cross,toward_S4,2.05951787406322
4,gle350,2024-03-29 21:26:32+00:00,40.288871,-88.126177,-11.528342720029274,351.0,12.890392525273976,rs6,17.364618690779196,33.553517445204015,16.18889875442482,2,17.364618690779196,37.66424233455595,20.299623643776755,-27.632700444717127,positive_cross,toward_S4,2.298228846753479
4,gle350,2024-03-29 21:26:33+00:00,40.288752,-88.126175,1.6986403917413615,352.0,13.226983111770636,rs3,24.608625792942018,30.247764171927432,5.639138378985415,3,24.608625792942018,30.247764171927432,5.639138378985415,26.33125891160298,positive_cross,toward_S4,2.5438403977803405
4,gle350,2024-03-29 21:26:34+00:00,40.288634,-88.126175,14.817506755941963,353.0,13.118866364200601,rs3,12.132729783003214,34.874560490616005,22.74183070761279,3,12.132729783003214,43.25289629172611,31.120166508722896,26.33125891160298,positive_cross,toward_S4,2.786782367487759
4,gle350,2024-03-29 21:26:35+00:00,40.288516,-88.126175,27.93637312014257,354.0,13.118866364200606,rs3,5.773884564012195,32.910513246293604,27.13662868228141,3,5.773884564012195,51.45670505460405,45.68282049059186,26.33125891160298,positive_cross,toward_S4,3.0297243371951774
4,gle350,2024-03-29 21:26:36+00:00,40.288396,-88.126176,41.27912319463248,355.0,13.342750074489913,rs3,16.48569243176807,35.99256950838836,19.506877076620288,3,16.48569243176807,38.2117731310136,21.726080699245532,26.33125891160298,positive_cross,toward_S4,3.2768123015375834
4,gle350,2024-03-29 21:26:37+00:00,40.288277,-88.126181,54.51681660652786,356.0,13.237693411895378,rs1,25.258451585413805,29.39306558597654,4.134614000562735,4,25.258451585413805,29.39306558597654,4.134614000562735,80.2309515867141,positive_cross,toward_S4,3.523812315181736
4,gle350,2024-03-29 21:26:38+00:00,40.288166,-88.126185,66.86356530746149,357.0,12.346748700933624,rs1,13.659927738883063,34.468191176041984,20.80826343715892,4,13.659927738883063,41.61467629940133,27.95474856051827,80.2309515867141,positive_cross,toward_S4,3.75245580964347
4,gle350,2024-03-29 21:26:39+00:00,40.288071,-88.126188,77.42995462695181,358.0,10.566389319490327,rs1,6.488607676927176,31.42198725799382,24.933379581066646,4,6.488607676927176,52.11855434950171,45.62994667257453,80.2309515867141,positive_cross,toward_S4,3.948129685930328
4,gle350,2024-03-29 21:26:40+00:00,40.287992,-88.126201,86.23281503823443,359.0,8.802860411282623,rs1,10.21929339488047,30.59549617308316,20.37620277820269,4,10.21929339488047,60.974384674263916,50.75509127938345,80.2309515867141,positive_cross,toward_S4,4.111145619472599
4,gle350,2024-03-29 21:26:41+00:00,40.28793,-88.126239,93.18392035034873,360.0,6.951105312114294,rs1,17.538223245964193,29.550732827487604,12.01250958152341,4,17.538223245964193,68.25631547334122,50.71809222737703,80.2309515867141,positive_cross,toward_S4,4.23986979191916
4,gle350,2024-03-29 21:26:42+00:00,40.287886,-88.126293,98.15832334409076,361.0,4.974402993742032,rs1,24.2157274992007,28.130196392542565,3.9144688933418657,4,24.2157274992007,73.90657004642252,49.69084254722182,80.2309515867141,positive_cross,toward_S4,4.331988365877345
4,gle350,2024-03-29 21:26:43+00:00,40.287869,-88.126358,100.14778230207415,362.0,1.9894589579833877,rs2,25.373628572924797,29.310272832068414,3.936644259143616,4,25.373628572924797,75.47524478868625,50.10161621576145,80.2309515867141,negative_cross,toward_S4,4.368830198432594
4,gle350,2024-03-29 21:26:44+00:00,40.287876,-88.126426,99.47358738284521,363.0,-0.6741949192289383,rs2,21.311371544159872,33.156098403236925,11.844726859077053,4,21.311371544159872,73.59226339553186,52.28089185137199,80.2309515867141,negative_cross,toward_S1,4.356345107335761
4,gle350,2024-03-29 21:26:45+00:00,40.287907,-88.126485,96.11737807110823,364.0,-3.3562093117369756,rs2,15.965488776955937,35.54278139860978,19.577292621653847,4,15.965488776955937,69.53884740599081,53.57335862903487,80.2309515867141,negative_cross,toward_S1,4.294193083044336
4,gle350,2024-03-29 21:26:46+00:00,40.287958,-88.126521,90.50244110061517,365.0,-5.614936970493062,rs2,9.583864255276458,36.18476585051497,26.60090159523851,4,9.583864255276458,63.65219144639583,54.06832719111937,80.2309515867141,negative_cross,toward_S1,4.190212768775946
4,gle350,2024-03-29 21:26:47+00:00,40.28802,-88.126528,83.62018771790842,366.0,-6.88225338270675,rs2,3.2531749627944992,35.33221086231991,32.079035899525415,4,3.2531749627944992,56.73425848988246,53.48108352708796,80.2309515867141,negative_cross,toward_S1,4.062763632059154
4,gle350,2024-03-29 21:26:48+00:00,40.288089,-88.126519,75.9352158144323,367.0,-7.684971903476125,rs2,6.303403610776159,34.543902342241665,28.240498731465507,4,6.303403610776159,49.12292155925726,42.8195179484811,80.2309515867141,negative_cross,toward_S1,3.920449337550337
4,gle350,2024-03-29 21:26:49+00:00,40.288167,-88.126515,67.25730262233189,368.0,-8.677913192100405,rs2,14.560589034897713,36.18862974717622,21.62804071227851,4,14.560589034897713,40.509389783619106,25.948800748721393,80.2309515867141,negative_cross,toward_S1,3.7597472414003295
4,gle350,2024-03-29 21:26:50+00:00,40.288256,-88.126512,57.35797430430397,369.0,-9.89932831802792,rs2,24.32549122831963,30.70964267564786,6.384151447328229,4,24.32549122831963,30.70964267564786,6.384151447328229,80.2309515867141,negative_cross,toward_S1,3.5764263466220347
4,gle350,2024-03-29 21:26:51+00:00,40.288352,-88.126508,46.67887810702638,370.0,-10.679096197277595,rs5,20.266109785175736,34.95280011279117,14.68669032761543,3,20.266109785175736,34.95280011279117,14.68669032761543,26.33125891160298,negative_cross,toward_S1,3.376807762878211
4,gle350,2024-03-29 21:26:52+00:00,40.288451,-88.126505,35.667781452679385,371.0,-11.011096654346993,rs5,9.992025442611377,34.64150115635232,24.64947571374094,3,9.992025442611377,45.93022865954419,35.93820321693281,26.33125891160298,negative_cross,toward_S1,3.172898565575489
4,gle350,2024-03-29 21:26:53+00:00,40.288554,-88.1265,24.208917378543738,372.0,-11.458864074135647,rs5,5.967012560200466,32.963045179224146,26.99603261902368,3,5.967012560200466,51.35011629036325,45.38310373016279,26.33125891160298,negative_cross,toward_S1,2.9606973790174216
4,gle350,2024-03-29 21:26:54+00:00,40.288654,-88.126489,13.074403547118186,373.0,-11.134513831425553,rs5,15.197161726760683,34.558181681228525,19.361019954467842,3,15.197161726760683,40.29752556504797,25.100363838287286,26.33125891160298,negative_cross,toward_S1,2.754502678435467
4,gle350,2024-03-29 21:26:55+00:00,40.288752,-88.126474,2.1561232115791746,374.0,-10.918280335539011,rs5,25.87250531017792,29.59520295657971,3.7226976464017874,3,25.87250531017792,29.59520295657971,3.7226976464017874,26.33125891160298,negative_cross,toward_S1,2.552312301851411
4,gle350,2024-03-29 21:26:56+00:00,40.288854,-88.126458,-9.208394500876649,375.0,-11.364517712455823,rs7,18.80196942185415,34.30202692109127,15.50005749923712,2,18.80196942185415,37.17676092704735,18.374791505193198,-27.632700444717127,negative_cross,toward_S1,2.3411908508118606
4,gle350,2024-03-29 21:26:57+00:00,40.288962,-88.126446,-21.233853043285706,376.0,-12.025458542409057,rs7,8.9037810301807,28.609472471473754,19.705691441293055,2,8.9037810301807,49.12124333876098,40.21746230858028,-27.632700444717127,negative_cross,toward_S1,2.118497174100582
4,gle350,2024-03-29 21:26:58+00:00,40.289075,-88.126442,-33.80295541084682,377.0,-12.569102367561115,rs7,9.635783773592603,28.184965588410467,18.549181814817864,2,9.635783773592603,44.72319251808331,35.0874087444907,-27.632700444717127,negative_cross,toward_S1,1.8857360191457464
4,gle350,2024-03-29 21:26:59+00:00,40.289193,-88.12644,-46.924881860791146,378.0,-13.121926449944326,rs7,21.01919077866643,31.661550620547366,10.642359841880936,2,21.01919077866643,31.661550620547366,10.642359841880936,-27.632700444717127,negative_cross,toward_S1,1.6427373811838144
4,gle350,2024-03-29 21:27:00+00:00,40.28931,-88.12644,-59.932571391677996,379.0,-13.00768953088685,rs10,18.768665779658853,32.95064105576363,14.18197527610478,1,18.768665779658853,33.54963339269934,14.780967613040488,-78.92951005359993,negative_cross,toward_S1,1.3517951604059617
4,gle350,2024-03-29 21:27:01+00:00,40.289422,-88.12644,-72.3843767544162,380.0,-12.451805362738199,rs10,6.867085669620373,27.65577598844442,20.78869031882405,1,6.867085669620373,45.79768006612807,38.9305943965077,-78.92951005359993,negative_cross,toward_S1,1.121206172207106
4,gle350,2024-03-29 21:27:02+00:00,40.289519,-88.126437,-83.1731197413457,381.0,-10.788742986929506,rs10,5.95531898319377,26.909484185070912,20.954165201877142,1,5.95531898319377,56.51219036709246,50.55687138389869,-78.92951005359993,negative_cross,toward_S1,0.9214146354121153
4,gle350,2024-03-29 21:27:03+00:00,40.289597,-88.126426,-91.86174323357088,382.0,-8.688623492225176,rs10,14.179159014953484,28.67787943939227,14.498720424438787,1,14.179159014953484,65.23566888126393,51.05650986631045,-78.92951005359993,negative_cross,toward_S1,0.7605142003709083
4,gle350,2024-03-29 21:27:04+00:00,40.289654,-88.126392,-98.25084420602735,383.0,-6.389100972456475,rs10,21.11906120817417,29.75547759986857,8.6364163916944,1,21.11906120817417,71.92156429314667,50.8025030849725,-78.92951005359993,negative_cross,toward_S1,0.6421975156957884
4,gle350,2024-03-29 21:27:05+00:00,40.289697,-88.126338,-103.11407036564391,384.0,-4.863226159616559,rs10,27.327390323123733,30.063390228773024,2.7359999056492903,1,27.327390323123733,77.45295136063501,50.125561037511275,-78.92951005359993,negative_cross,toward_S1,0.5521377719991855
4,gle350,2024-03-29 21:27:06+00:00,40.289713,-88.126269,-104.99847266184446,385.0,-1.8844022962005482,rs8,28.521318182311116,31.807787635933547,3.2864694536224306,1,28.521318182311116,78.09893792990297,49.577619747591854,-78.92951005359993,positive_cross,toward_S1,0.5172414331806567
4,gle350,2024-03-29 21:27:07+00:00,40.2897,-88.126203,-103.65415665538768,386.0,1.3443160064567792,rs8,25.187151308358732,34.18353512949885,8.996383821140117,1,25.187151308358732,75.93588318855608,50.74873188019734,-78.92951005359993,positive_cross,toward_S4,0.5421361740409676
4,gle350,2024-03-29 21:27:08+00:00,40.289659,-88.126159,-99.16322836421028,387.0,4.490928291177397,rs8,19.936831488314432,33.925510189120985,13.988678700806553,1,19.936831488314432,71.11593694840627,51.17910546009184,-78.92951005359993,positive_cross,toward_S4,0.6253015127664749
4,gle350,2024-03-29 21:27:09+00:00,40.289602,-88.126149,-92.84144927828949,388.0,6.321779085920795,rs8,13.541971358480591,31.304539771402794,17.762568412922203,1,13.541971358480591,64.74407325253758,51.20210189405698,-78.92951005359993,positive_cross,toward_S4,0.7423714958390821
4,gle350,2024-03-29 21:27:10+00:00,40.289538,-88.126168,-85.69706111338827,389.0,7.1443881649012155,rs8,7.298230874029933,27.269312745697185,19.971081871667252,1,7.298230874029933,57.72933767050382,50.431106796473884,-78.92951005359993,positive_cross,toward_S4,0.8746749803742899
4,gle350,2024-03-29 21:27:11+00:00,40.289466,-88.126181,-77.67243853688181,390.0,8.02462257650646,rs8,5.177316925017251,25.307869379423675,20.130552454406423,1,5.177316925017251,49.8534947377326,44.67617781271535,-78.92951005359993,positive_cross,toward_S4,1.0232791021614465
4,gle350,2024-03-29 21:27:12+00:00,40.289379,-88.12619,-67.98628362822852,391.0,9.686154908653293,rs8,12.746544299075184,26.79255086589622,14.046006566821037,1,12.746544299075184,40.35598772922805,27.609443430152865,-78.92951005359993,positive_cross,toward_S4,1.2026523412105816
4,gle350,2024-03-29 21:27:13+00:00,40.289277,-88.126192,-56.64318651602217,392.0,11.343097112206351,rs8,23.50674499983251,29.230381914795206,5.723636914962697,1,23.50674499983251,29.230381914795206,5.723636914962697,-78.92951005359993,positive_cross,toward_S4,1.4127096951403288
4,gle350,2024-03-29 21:27:14+00:00,40.289166,-88.126187,-44.31020820176872,393.0,12.332978314253452,rs6,17.23174370463487,33.164929252191904,15.933185547557034,2,17.23174370463487,35.534755161616644,18.303011456981775,-27.632700444717127,positive_cross,toward_S4,1.6911572637583039
4,gle350,2024-03-29 21:27:15+00:00,40.28905,-88.126183,-31.419815676494746,394.0,12.89039252527397,rs6,6.451926681573081,29.212853201425887,22.760926519852806,2,6.451926681573081,48.29122052117393,41.839293839600856,-27.632700444717127,positive_cross,toward_S4,1.9298682364485626
4,gle350,2024-03-29 21:27:16+00:00,40.28893,-88.126177,-18.087775902129575,395.0,13.332039774365171,rs6,11.247148243419892,30.955632870754467,19.708484627334578,2,11.247148243419892,44.16669647664056,32.91954823322067,-27.632700444717127,positive_cross,toward_S4,2.1767578618997696
4,gle350,2024-03-29 21:27:17+00:00,40.288808,-88.126171,-4.533382461136909,396.0,13.554393440992666,rs6,24.05498238402629,30.662127032750664,6.6071446487243755,2,24.05498238402629,30.662127032750664,6.6071446487243755,-27.632700444717127,positive_cross,toward_S4,2.4277651478440783
4,gle350,2024-03-29 21:27:18+00:00,40.288684,-88.126168,9.247954775910529,397.0,13.781337237047438,rs3,17.12874833322093,37.629376780648826,20.500628447427896,3,17.12874833322093,37.660090623240436,20.531342290019506,26.33125891160298,positive_cross,toward_S4,2.6836425160056954
4,gle350,2024-03-29 21:27:19+00:00,40.288555,-88.126168,23.589766309722204,398.0,14.341811533811676,rs3,5.184511722857855,33.59153742005737,28.407025697199515,3,5.184511722857855,51.94105468909329,46.756542966235436,26.33125891160298,positive_cross,toward_S4,2.9492316184836893
4,gle350,2024-03-29 21:27:20+00:00,40.288425,-88.12617,38.045814763381294,399.0,14.45604845365909,rs3,13.284405007711307,35.267476216398315,21.983071208687008,3,13.284405007711307,41.34781645592827,28.06341144821696,26.33125891160298,positive_cross,toward_S4,3.2169362194773763
4,gle350,2024-03-29 21:27:21+00:00,40.288301,-88.126174,51.83786230055349,400.0,13.792047537172195,rs3,26.658908389839663,27.751556010328827,1.0926476204891635,3,26.658908389839663,27.751556010328827,1.0926476204891635,26.33125891160298,positive_cross,toward_S4,3.472344507202787
4,gle350,2024-03-29 21:27:22+00:00,40.288188,-88.126178,64.40696466809287,401.0,12.56910236753938,rs1,15.679264217332653,36.0615599074775,20.38229569014485,4,15.679264217332653,39.10729259654242,23.42802837920977,80.2309515867141,positive_cross,toward_S4,3.7069632052107178
4,gle350,2024-03-29 21:27:23+00:00,40.288091,-88.126184,75.20029778363796,402.0,10.793333115545096,rs1,7.10541858052492,32.07791510978328,24.972496529258358,4,7.10541858052492,49.869189921184635,42.763771340659716,80.2309515867141,positive_cross,toward_S4,3.906839744387479
4,gle350,2024-03-29 21:27:24+00:00,40.28801,-88.126193,84.2193916908506,403.0,9.019093907212635,rs1,8.398561753840054,30.985786258700898,22.587224504860842,4,8.398561753840054,58.90532679104695,50.5067650372069,80.2309515867141,positive_cross,toward_S4,4.073860001928454
4,gle350,2024-03-29 21:27:25+00:00,40.287941,-88.126225,91.93955458127812,404.0,7.720162890427517,rs1,15.847116935673741,30.168793552769642,14.321676617095902,4,15.847116935673741,66.86808601689044,51.020969081216705,80.2309515867141,positive_cross,toward_S4,4.216825981380815
4,gle350,2024-03-29 21:27:26+00:00,40.287892,-88.126282,97.47443187099442,405.0,5.534877289716306,rs1,23.11296028994284,28.485843406705403,5.372883116762562,4,23.11296028994284,73.06414177877177,49.95118148882893,80.2309515867141,positive_cross,toward_S4,4.319323708968154
4,gle350,2024-03-29 21:27:27+00:00,40.287866,-88.126354,100.47519263131792,406.0,3.0007607603235016,rs2,25.848428560295286,29.31103925244272,3.4626106921474324,4,25.848428560295286,75.8784277085167,50.02999914822141,80.2309515867141,negative_cross,toward_S4,4.374893352677849
4,gle350,2024-03-29 21:27:28+00:00,40.287868,-88.126428,100.36606213670056,407.0,-0.1091304946173608,rs2,21.99298815958755,33.833347736978595,11.840359577391045,4,21.99298815958755,74.44491901377656,52.451930854189,80.2309515867141,negative_cross,ambiguous,4.372872417592342
4,gle350,2024-03-29 21:27:29+00:00,40.287897,-88.126492,97.23985670674035,408.0,-3.1262054299602084,rs2,16.798935383807148,36.592900224551364,19.793964840744216,4,16.798935383807148,70.59340469875812,53.79446931495097,80.2309515867141,negative_cross,toward_S1,4.314979724444931
4,gle350,2024-03-29 21:27:30+00:00,40.28795,-88.126529,91.40409611251339,409.0,-5.835760594226969,rs2,10.26019508483705,37.10501561552586,26.844820530688807,4,10.26019508483705,64.5071898935428,54.24699480870575,80.2309515867141,negative_cross,toward_S1,4.206910083811098
4,gle350,2024-03-29 21:27:31+00:00,40.28801,-88.126529,84.73348609709934,410.0,-6.6706100154140415,rs2,4.043105149751136,35.55840549955817,31.515300349807035,4,4.043105149751136,57.84083783775557,53.79773268800444,80.2309515867141,negative_cross,toward_S1,4.083380268710838
4,gle350,2024-03-29 21:27:32+00:00,40.288077,-88.126516,77.26474768871978,411.0,-7.468738408379565,rs2,5.348195269704061,34.17245774324781,28.82426247354375,4,5.348195269704061,50.47322210708501,45.12502683738094,80.2309515867141,negative_cross,toward_S1,3.9450702981852905
4,gle350,2024-03-29 21:27:33+00:00,40.288153,-88.12651,68.80612807829314,412.0,-8.458619610426638,rs2,13.173726881915913,35.28195786653024,22.10823098461433,4,13.173726881915913,42.10188465959987,28.928157777683957,80.2309515867141,negative_cross,toward_S1,3.7884291942885007
4,gle350,2024-03-29 21:27:34+00:00,40.288243,-88.126508,58.79715296903336,413.0,-10.00897510925978,rs2,22.955733119696802,32.18907234550245,9.23333922580565,4,22.955733119696802,32.18907234550245,9.23333922580565,80.2309515867141,negative_cross,toward_S1,3.6030778033762827
4,gle350,2024-03-29 21:27:35+00:00,40.288342,-88.126512,47.79676661483287,414.0,-11.000386354200494,rs5,21.27962370219104,33.80915456575776,12.52953086356672,3,21.27962370219104,33.80915456575776,12.52953086356672,26.33125891160298,negative_cross,toward_S1,3.3975094019116647
4,gle350,2024-03-29 21:27:36+00:00,40.288443,-88.126516,36.574026593193175,415.0,-11.222740021639694,rs5,10.388260209731081,35.787246014641255,25.398985804910176,3,10.388260209731081,44.964238516838726,34.57597830710765,26.33125891160298,negative_cross,toward_S1,3.189680882992411
4,gle350,2024-03-29 21:27:37+00:00,40.288539,-88.126519,25.905640696852025,416.0,-10.66838589634115,rs5,3.8420376163119156,34.515826470310955,30.67378885399904,3,3.8420376163119156,52.97901531095649,49.13697769464458,26.33125891160298,negative_cross,toward_S1,2.9921181812083155
4,gle350,2024-03-29 21:27:38+00:00,40.288634,-88.126509,15.328541076425251,417.0,-10.577099620426774,rs5,12.488389332179777,35.386398676615556,22.898009344435778,3,12.488389332179777,42.4304656967002,29.942076364520425,26.33125891160298,negative_cross,toward_S1,2.7962459660152272
4,gle350,2024-03-29 21:27:39+00:00,40.288728,-88.126485,4.841197689852689,418.0,-10.487343386572562,rs5,23.047415808739494,32.12881416937908,9.08139836063959,3,23.047415808739494,32.12881416937908,9.08139836063959,26.33125891160298,negative_cross,toward_S1,2.6020359033009206
4,gle350,2024-03-29 21:27:40+00:00,40.288824,-88.126459,-5.8715594499027866,419.0,-10.712757139755475,rs7,21.987050221025317,33.9235180659261,11.936467844900786,2,21.987050221025317,33.9235180659261,11.936467844900786,-27.632700444717127,negative_cross,toward_S1,2.402984092496562
4,gle350,2024-03-29 21:27:41+00:00,40.288925,-88.126444,-17.12337028615126,420.0,-11.251810836248474,rs7,12.136384197314602,29.655953766859643,17.51956956954504,2,12.136384197314602,45.135143097390205,32.9987589000756,-27.632700444717127,negative_cross,toward_S1,2.1946172251586273
4,gle350,2024-03-29 21:27:42+00:00,40.289032,-88.126437,-29.030001780887286,421.0,-11.906631494736025,rs7,7.6361178765193145,27.129419705272728,19.493301828753413,2,7.6361178765193145,49.52398210062996,41.88786422411064,-27.632700444717127,negative_cross,toward_S1,1.9741240493301822
4,gle350,2024-03-29 21:27:43+00:00,40.289145,-88.126437,-41.59298397693922,422.0,-12.562982196051937,rs7,16.216383159206963,30.436916803629444,14.220533644422481,2,16.216383159206963,36.99903587814925,20.782652718942288,-27.632700444717127,negative_cross,toward_S1,1.741476230884776
4,gle350,2024-03-29 21:27:44+00:00,40.289263,-88.126441,-54.705730169630655,423.0,-13.112746192691432,rs10,23.920593771235968,28.442792636108933,4.522198864872966,1,23.920593771235968,28.442792636108933,4.522198864872966,-78.92951005359993,negative_cross,toward_S1,1.4485885163698013
4,gle350,2024-03-29 21:27:45+00:00,40.289379,-88.126442,-67.60071282354195,424.0,-12.894982653911299,rs10,11.24704355782364,29.33391998102121,18.086876423197573,1,11.24704355782364,41.05121894435407,29.80417538653043,-78.92951005359993,negative_cross,toward_S1,1.2097925412973698
4,gle350,2024-03-29 21:27:46+00:00,40.289485,-88.126442,-79.38545718481771,425.0,-11.784744361275756,rs10,3.2915379504200972,27.016041302386014,23.724503351965918,1,3.2915379504200972,52.70757087394248,49.41603292352238,-78.92951005359993,negative_cross,toward_S1,0.991556534607078
4,gle350,2024-03-29 21:27:47+00:00,40.289571,-88.126438,-88.952785045798,426.0,-9.567327860980285,rs10,11.113781957999882,28.459671019872786,17.345889061872903,1,11.113781957999882,62.24064621267992,51.12686425468004,-78.92951005359993,negative_cross,toward_S1,0.8143837964407765
4,gle350,2024-03-29 21:27:48+00:00,40.289635,-88.126414,-96.10482342426856,427.0,-7.152038378470564,rs10,18.5142573220549,29.95651828097822,11.44226095892332,1,18.5142573220549,69.55933001124376,51.045072689188856,-78.92951005359993,negative_cross,toward_S1,0.6819386412839141
4,gle350,2024-03-29 21:27:49+00:00,40.289683,-88.126371,-101.50710328039987,428.0,-5.402279856131315,rs10,24.769839237865952,30.681968632839123,5.912129394973171,1,24.769839237865952,75.3961361758943,50.62629693802835,-78.92951005359993,negative_cross,toward_S1,0.5818964217259268
4,gle350,2024-03-29 21:27:50+00:00,40.28971,-88.126308,-104.60527048895862,429.0,-3.098167208558749,rs10,29.787664037380367,29.816093445769305,0.028429408388937816,1,29.787664037380367,78.38430088307793,48.59663684569756,-78.92951005359993,negative_cross,toward_S1,0.5245229549007648
4,gle350,2024-03-29 21:27:51+00:00,40.289706,-88.126237,-104.26919619907649,430.0,0.3360742898821343,rs8,26.72856587749674,32.79367142479965,6.065105547302906,1,26.72856587749674,76.92669622695338,50.19813034945664,-78.92951005359993,positive_cross,ambiguous,0.5307465528615452
4,gle350,2024-03-29 21:27:52+00:00,40.289677,-88.126181,-101.13075042532967,431.0,3.138445773746824,rs8,22.25084889917818,33.74225719176382,11.49140829258564,1,22.25084889917818,73.22903910098059,50.978190201802406,-78.92951005359993,positive_cross,toward_S4,0.5888659190420419
4,gle350,2024-03-29 21:27:53+00:00,40.289626,-88.126157,-95.4974529411208,432.0,5.6332974842088674,rs8,16.287243905438753,32.00494449551064,15.717700590071889,1,16.287243905438753,67.44156756818445,51.154323662745696,-78.92951005359993,positive_cross,toward_S4,0.6931862428236876
4,gle350,2024-03-29 21:27:54+00:00,40.289568,-88.126165,-89.03695625012759,433.0,6.46049669099321,rs8,10.210854627066272,28.53406440038009,18.323209773313817,1,10.210854627066272,61.040164691883916,50.82931006481765,-78.92951005359993,positive_cross,toward_S4,0.8128250704346729
4,gle350,2024-03-29 21:27:55+00:00,40.289508,-88.126178,-82.34645567654594,434.0,6.6905005735816445,rs8,5.4583985686052605,25.78274849069898,20.32434992209372,1,5.4583985686052605,54.475528043208456,49.017129474603195,-78.92951005359993,positive_cross,toward_S4,0.9367232292047034
4,gle350,2024-03-29 21:27:56+00:00,40.28944,-88.126185,-74.77572069210557,435.0,7.570734984440378,rs8,6.98229537544306,25.264671596138093,18.282376220695035,1,6.98229537544306,47.019593855222766,40.03729847977971,-78.92951005359993,positive_cross,toward_S4,1.0769220252128586
4,gle350,2024-03-29 21:27:57+00:00,40.289359,-88.126189,-65.76427699929566,436.0,9.011443692809905,rs8,14.742624703201338,27.838953872896766,13.096329169695428,1,14.742624703201338,38.145317591819264,23.402692888617928,-78.92951005359993,positive_cross,toward_S4,1.2438006121167458
4,gle350,2024-03-29 21:27:58+00:00,40.289266,-88.126189,-55.42483147504842,437.0,10.339445524247239,rs8,24.635640150479468,27.98080041604533,3.3451602655658625,1,24.635640150479468,27.98080041604533,3.3451602655658625,-78.92951005359993,positive_cross,toward_S4,1.4352718255287316
4,gle350,2024-03-29 21:27:59+00:00,40.289166,-88.126187,-44.31020820176872,438.0,11.114623273279705,rs6,17.23174370463487,33.164929252191904,15.933185547557034,2,17.23174370463487,35.534755161616644,18.303011456981775,-27.632700444717127,positive_cross,toward_S4,1.6911572637583039
4,gle350,2024-03-29 21:28:00+00:00,40.289059,-88.126184,-32.4188771358165,439.0,11.891331065952215,rs6,7.083049355242749,29.278209198608153,22.195159843365403,2,7.083049355242749,47.3048804099889,40.22183105474615,-27.632700444717127,positive_cross,toward_S4,1.9113670983129745
4,gle350,2024-03-29 21:28:01+00:00,40.288945,-88.126177,-19.755428405785597,440.0,12.663448730030904,rs6,9.784217733894533,30.485675344600526,20.701457610705994,2,9.784217733894533,45.82258581503618,36.03836808114164,-27.632700444717127,positive_cross,toward_S4,2.1458754081283615
4,gle350,2024-03-29 21:28:02+00:00,40.288827,-88.126169,-6.648802384581599,441.0,13.106626021203997,rs6,21.948763501443178,32.72365443921096,10.774890937767783,2,21.948763501443178,32.72365443921096,10.774890937767783,-27.632700444717127,positive_cross,toward_S4,2.3885907048173247
4,gle350,2024-03-29 21:28:03+00:00,40.288707,-88.126166,6.6878275176091835,442.0,13.336629902190783,rs3,19.55976370522865,35.099373489644115,15.539609784415465,3,19.55976370522865,35.099373489644115,15.539609784415465,26.33125891160298,positive_cross,toward_S4,2.6362327519630777
4,gle350,2024-03-29 21:28:04+00:00,40.288587,-88.126166,20.02904754922724,443.0,13.341220031618057,rs3,7.281001326919515,34.244941452250785,26.96394012533127,3,7.281001326919515,48.38008273817427,41.09908141125476,26.33125891160298,positive_cross,toward_S4,2.8832923821782273
4,gle350,2024-03-29 21:28:05+00:00,40.288469,-88.126168,33.150973999193305,444.0,13.121926449966065,rs3,8.828811571191654,34.138213722993626,25.309402151801972,3,8.828811571191654,46.1959119822905,37.367100411098846,26.33125891160298,positive_cross,toward_S4,3.1262910201405614
4,gle350,2024-03-29 21:28:06+00:00,40.28835,-88.126171,46.38560732532322,445.0,13.234633326129916,rs3,21.281105861591488,33.086748550585604,11.805642688994116,3,21.281105861591488,33.086748550585604,11.805642688994116,26.33125891160298,positive_cross,toward_S4,3.371376822476301
4,gle350,2024-03-29 21:28:07+00:00,40.288236,-88.126177,59.06894661273177,446.0,12.68333928740855,rs1,20.74986392813344,33.817795730974176,13.067931802840736,4,20.74986392813344,33.817795730974176,13.067931802840736,80.2309515867141,positive_cross,toward_S4,3.608111019000327
4,gle350,2024-03-29 21:28:08+00:00,40.288132,-88.12618,70.63592743522742,447.0,11.566980822495644,rs1,10.158180083153047,33.513728090757,23.35554800760395,4,10.158180083153047,45.302140468953006,35.14396038579996,80.2309515867141,positive_cross,toward_S4,3.8223143675650615
4,gle350,2024-03-29 21:28:09+00:00,40.288043,-88.126188,80.54290596763637,448.0,9.906978532408957,rs1,6.418832856400471,31.23291422703918,24.81408137063871,4,6.418832856400471,55.210428874920105,48.791596018519634,80.2309515867141,positive_cross,toward_S4,4.005776932980042
4,gle350,2024-03-29 21:28:10+00:00,40.287968,-88.126206,88.90870925925505,449.0,8.365803291618676,rs1,12.482570763767662,30.761547751413268,18.278976987645606,4,12.482570763767662,63.6758432044032,51.19327244063554,80.2309515867141,positive_cross,toward_S4,4.160699216158165
4,gle350,2024-03-29 21:28:11+00:00,40.287912,-88.126252,95.20499391290353,450.0,6.296284653648485,rs1,19.802888726174466,29.4629937781369,9.660105051962436,4,19.802888726174466,70.41145883956408,50.60857011338961,80.2309515867141,positive_cross,toward_S4,4.277297080114619
4,gle350,2024-03-29 21:28:12+00:00,40.287874,-88.12631,99.51845607590238,451.0,4.313462162998846,rs1,26.16123508093777,27.86523117136435,1.7039960904265783,4,26.16123508093777,75.52009976666817,49.358864685730396,80.2309515867141,positive_cross,toward_S4,4.357176009059042
4,gle350,2024-03-29 21:28:13+00:00,40.287863,-88.126385,100.85615446118541,452.0,1.3376983852830335,rs2,24.45158519503493,31.42087585775607,6.969290662721139,4,24.45158519503493,75.63566169164189,51.184076496606956,80.2309515867141,negative_cross,toward_S4,4.381948201379099
4,gle350,2024-03-29 21:28:14+00:00,40.287878,-88.126458,99.30019508745768,453.0,-1.555959373727731,rs2,19.838022807310608,35.2349598856253,15.396937078314693,4,19.838022807310608,72.99330598723918,53.155283179928574,80.2309515867141,negative_cross,toward_S1,4.353134138902659
4,gle350,2024-03-29 21:28:15+00:00,40.287917,-88.12651,95.04386080669435,454.0,-4.256334280763326,rs2,14.218279584998323,36.955284208626956,22.737004623628636,4,14.218279584998323,68.26049789896645,54.04221831396813,80.2309515867141,negative_cross,toward_S1,4.274313133703338
4,gle350,2024-03-29 21:28:16+00:00,40.287969,-88.12653,89.29326631768426,455.0,-5.750594489010098,rs2,8.19096141451154,36.572344357143145,28.381382942631603,4,8.19096141451154,62.392203983251044,54.2012425687395,80.2309515867141,negative_cross,toward_S1,4.167820643166114
4,gle350,2024-03-29 21:28:17+00:00,40.288022,-88.126522,83.38865379402804,456.0,-5.904612523656212,rs2,3.512029090794005,34.80175786823245,31.289728777438444,4,3.512029090794005,56.54075612247907,53.028727031685065,80.2309515867141,negative_cross,toward_S1,4.05847596680211
4,gle350,2024-03-29 21:28:18+00:00,40.288077,-88.126515,77.26321764584793,457.0,-6.125436148180114,rs2,5.402564987892334,34.087818603324955,28.68525361543262,4,5.402564987892334,50.479924734479376,45.07735974658704,80.2309515867141,negative_cross,toward_S1,3.945041964058034
4,gle350,2024-03-29 21:28:19+00:00,40.288143,-88.126512,69.9209565003559,458.0,-7.3422611454920315,rs2,12.062409806760378,35.1198618719835,23.057452065223124,4,12.062409806760378,43.19090289666309,31.12849308990271,80.2309515867141,negative_cross,toward_S1,3.809074165067441
4,gle350,2024-03-29 21:28:20+00:00,40.28822,-88.126509,61.355750184441106,459.0,-8.565206315914793,rs2,20.426568787810343,34.71149407282871,14.284925285018364,4,20.426568787810343,34.71149407282871,14.284925285018364,80.2309515867141,negative_cross,toward_S1,3.650459233291241
4,gle350,2024-03-29 21:28:21+00:00,40.288307,-88.126509,51.683365661656254,460.0,-9.672384522784853,rs5,25.1497482869553,29.976113995483686,4.826365708528385,3,25.1497482869553,29.976113995483686,4.826365708528385,26.33125891160298,negative_cross,toward_S1,3.4694834583343197
4,gle350,2024-03-29 21:28:22+00:00,40.288397,-88.12651,41.678980681012064,461.0,-10.00438498064419,rs5,15.385267435594418,37.123212903160656,21.737945467566238,3,15.385267435594418,39.91104290527199,24.525775469677573,26.33125891160298,negative_cross,toward_S1,3.284217069803872
4,gle350,2024-03-29 21:28:23+00:00,40.288488,-88.126512,31.564948909947717,462.0,-10.114031771064347,rs5,6.289798645331046,34.337906879132774,28.048108233801727,3,6.289798645331046,49.98077045730893,43.69097181197788,26.33125891160298,negative_cross,toward_S1,3.096920185154532
4,gle350,2024-03-29 21:28:24+00:00,40.288575,-88.126511,21.89103434426927,463.0,-9.673914565678448,rs5,6.6944939615088686,34.11238816590744,27.41789420439857,3,6.6944939615088686,48.98595703953601,42.29146307802714,26.33125891160298,negative_cross,toward_S1,2.91777361912345
4,gle350,2024-03-29 21:28:25+00:00,40.288661,-88.1265,12.312996183954207,464.0,-9.578038160315062,rs5,15.568290457958403,35.71909690879816,20.150806450839752,3,15.568290457958403,39.46138675990493,23.893096301946528,26.33125891160298,negative_cross,toward_S1,2.740402542080578
4,gle350,2024-03-29 21:28:26+00:00,40.288744,-88.126483,3.0593082663275006,465.0,-9.253687917626706,rs5,24.80388639163448,30.378468330035417,5.574581938400936,3,24.80388639163448,30.378468330035417,5.574581938400936,26.33125891160298,negative_cross,toward_S1,2.569037951013417
4,gle350,2024-03-29 21:28:27+00:00,40.28883,-88.126461,-6.535560365599738,466.0,-9.59486863192724,rs7,21.29846913655357,34.52584736739117,13.227378230837601,2,21.29846913655357,34.52584736739117,13.227378230837601,-27.632700444717127,negative_cross,toward_S1,2.3906877792429144
4,gle350,2024-03-29 21:28:28+00:00,40.288919,-88.126446,-16.453249198945134,467.0,-9.917688833345395,rs7,12.60394536367796,30.05845230338828,17.45450693971032,2,12.60394536367796,44.44675771908265,31.84281235540469,-27.632700444717127,negative_cross,toward_S1,2.2070268749217035
4,gle350,2024-03-29 21:28:29+00:00,40.289012,-88.12644,-26.80187498044528,468.0,-10.348625781500147,rs7,7.161643411895147,27.36920550698478,20.207562095089635,2,7.161643411895147,51.7260854891625,44.56444207726735,-27.632700444717127,negative_cross,toward_S1,2.015385656745775
4,gle350,2024-03-29 21:28:30+00:00,40.289114,-88.126441,-38.140381964014296,469.0,-11.338506983569015,rs7,13.05623492670646,29.34676223531222,16.29052730860576,2,13.05623492670646,40.40389288152015,27.34765795481369,-27.632700444717127,negative_cross,toward_S1,1.8054133051982006
4,gle350,2024-03-29 21:28:31+00:00,40.289221,-88.126443,-50.03324307286012,470.0,-11.892861108845821,rs7,23.89641487409439,28.537758452009854,4.641343577915464,2,23.89641487409439,28.537758452009854,4.641343577915464,-27.632700444717127,negative_cross,toward_S1,1.5851751365158706
4,gle350,2024-03-29 21:28:32+00:00,40.289331,-88.126445,-62.259634682415395,471.0,-12.226391609555279,rs10,16.394711327928974,32.013886438137014,15.61917511020804,1,16.394711327928974,35.752901880928306,19.358190552999332,-78.92951005359993,negative_cross,toward_S1,1.3087013957626765
4,gle350,2024-03-29 21:28:33+00:00,40.289435,-88.126446,-73.82049533340188,472.0,-11.560860650986484,rs10,5.360646676765174,27.843972692136333,22.48332601537116,1,5.360646676765174,47.152012116160826,41.791365439395655,-78.92951005359993,negative_cross,toward_S1,1.0946113837073712
4,gle350,2024-03-29 21:28:34+00:00,40.289528,-88.126444,-84.16300094339283,473.0,-10.342505609990951,rs10,6.4916257721009405,27.664806336979055,21.173180564878116,1,6.4916257721009405,57.431266811844964,50.939641039744025,-78.92951005359993,negative_cross,toward_S1,0.9030835020408722
4,gle350,2024-03-29 21:28:35+00:00,40.289605,-88.126424,-92.75421798819445,474.0,-8.591217044801624,rs10,15.077339085718085,28.936778302175885,13.8594392164578,1,15.077339085718085,66.13989365415406,51.06255456843598,-78.92951005359993,negative_cross,toward_S1,0.7439868901001013
4,gle350,2024-03-29 21:28:36+00:00,40.289662,-88.126383,-99.15402926077566,475.0,-6.3998112725812035,rs10,22.223310291163763,29.76697682721307,7.543666536049308,1,22.223310291163763,72.92223791538706,50.698927624223295,-78.92951005359993,negative_cross,toward_S1,0.6254718665337827
4,gle350,2024-03-29 21:28:37+00:00,40.289697,-88.126326,-103.13243088014968,476.0,-3.9784016193740257,rs10,27.78815066793188,29.458533447757944,1.6703827798260633,1,27.78815066793188,77.30490598779693,49.51675531986505,-78.92951005359993,negative_cross,toward_S1,0.5517977624713009
4,gle350,2024-03-29 21:28:38+00:00,40.289707,-88.12626,-104.34518204625054,477.0,-1.2127511661008583,rs8,27.592247230778916,31.698638038395128,4.1063908076162114,1,27.592247230778916,77.31775788286075,49.72551065208183,-78.92951005359993,positive_cross,toward_S1,0.5293394075435072
4,gle350,2024-03-29 21:28:39+00:00,40.28969,-88.126198,-102.55003853347138,478.0,1.7951435127791626,rs8,24.002208314041933,33.680846824366895,9.678638510324962,1,24.002208314041933,74.78888614188523,50.78667782784329,-78.92951005359993,positive_cross,toward_S4,0.5625828059283065
4,gle350,2024-03-29 21:28:40+00:00,40.289651,-88.126159,-98.27381369533042,479.0,4.276224838140962,rs8,19.057646924169823,33.399531759766425,14.341884835596602,1,19.057646924169823,70.22722595336582,51.169579029195994,-78.92951005359993,positive_cross,toward_S4,0.6417721547827686
4,gle350,2024-03-29 21:28:41+00:00,40.289596,-88.126151,-92.17132819108339,480.0,6.102485504247028,rs8,12.913021279449113,30.858650565368908,17.945629285919793,1,12.913021279449113,64.08456525621115,51.17154397676204,-78.92951005359993,positive_cross,toward_S4,0.754781145602158
4,gle350,2024-03-29 21:28:42+00:00,40.289536,-88.126167,-85.47623748886443,481.0,6.6950907022189625,rs8,7.064035166442774,27.296267964823862,20.232232798381087,1,7.064035166442774,57.501252109118425,50.437216942675654,-78.92951005359993,positive_cross,toward_S4,0.8787643067543611
4,gle350,2024-03-29 21:28:43+00:00,40.289474,-88.126177,-78.56797337727086,482.0,6.908264111593567,rs8,4.6128817772931185,25.623355423302737,21.01047364600962,1,4.6128817772931185,50.70334651989164,46.09046474259852,-78.92951005359993,positive_cross,toward_S4,1.0066951236357236
4,gle350,2024-03-29 21:28:44+00:00,40.289397,-88.126184,-69.99664689065855,483.0,8.571326486612307,rs8,10.734179386705872,26.529723351785343,15.795543965079471,1,10.734179386705872,42.26497225312405,31.530792866418178,-78.92951005359993,positive_cross,toward_S4,1.1654233919063217
4,gle350,2024-03-29 21:28:45+00:00,40.289306,-88.126184,-59.87955503382878,484.0,10.117091856829774,rs8,20.213932234755227,31.374726972789908,11.160794738034681,1,20.213932234755227,32.261911805120995,12.047979570365769,-78.92951005359993,positive_cross,toward_S4,1.3527769448105769
4,gle350,2024-03-29 21:28:46+00:00,40.289203,-88.126183,-48.42987121615605,485.0,11.449683817672728,rs6,21.054246922534595,31.416747058225273,10.362500135690677,2,21.054246922534595,31.416747058225273,10.362500135690677,-27.632700444717127,positive_cross,toward_S4,1.6148672079363162
4,gle350,2024-03-29 21:28:47+00:00,40.289096,-88.126181,-36.53701010731023,486.0,11.892861108845821,rs6,9.981996658401231,30.478154169487997,20.496157511086764,2,9.981996658401231,43.18658174961471,33.20458509121348,-27.632700444717127,positive_cross,toward_S4,1.8351053766186463
4,gle350,2024-03-29 21:28:48+00:00,40.288983,-88.126179,-23.97708799702375,487.0,12.559922110286479,rs6,6.666458360570631,29.51561701243126,22.84915865186063,2,6.666458360570631,50.04015962195593,43.3737012613853,-27.632700444717127,positive_cross,toward_S4,2.0676965268091365
4,gle350,2024-03-29 21:28:49+00:00,40.288863,-88.126177,-10.63892805114941,488.0,13.338159945874342,rs6,18.217960979304884,33.98813402726185,15.770173047956966,2,18.217960979304884,36.784191620977026,18.566230641672142,-27.632700444717127,positive_cross,toward_S4,2.3146994887697727
4,gle350,2024-03-29 21:28:50+00:00,40.28874,-88.126172,3.0281722668188222,489.0,13.667100317968233,rs3,23.250496080474274,31.52753339358266,8.277037313108387,3,23.250496080474274,31.52753339358266,8.277037313108387,26.33125891160298,positive_cross,toward_S4,2.568461358429923
4,gle350,2024-03-29 21:28:51+00:00,40.288615,-88.126167,16.91762625141455,490.0,13.889453984595727,rs3,9.941138919337659,34.88005742357486,24.9389185042372,3,9.941138919337659,45.2855287030267,35.34438978368904,26.33125891160298,positive_cross,toward_S4,2.82567346925577
4,gle350,2024-03-29 21:28:52+00:00,40.288488,-88.126162,31.029433903427734,491.0,14.111807652013184,rs3,6.808504152866129,34.290304770028754,27.481800617162627,3,6.808504152866129,48.2538740505134,41.445369897647275,26.33125891160298,positive_cross,toward_S4,3.0870032405893473
4,gle350,2024-03-29 21:28:53+00:00,40.288361,-88.126162,45.14889176982195,492.0,14.119457866394217,rs3,19.917914782863868,34.19872011226906,14.28080532940519,3,19.917914782863868,34.19872011226906,14.28080532940519,26.33125891160298,positive_cross,toward_S4,3.3484746825596106
4,gle350,2024-03-29 21:28:54+00:00,40.288242,-88.126168,58.38811522540089,493.0,13.239223455578937,rs1,21.21826349286936,33.041471687891836,11.823208195022474,4,21.21826349286936,33.041471687891836,11.823208195022474,80.2309515867141,positive_cross,toward_S4,3.595503030346052
4,gle350,2024-03-29 21:28:55+00:00,40.288134,-88.126174,70.40439351055706,494.0,12.016278285156169,rs1,10.079140135678127,34.066468363689246,23.98732822801112,4,10.079140135678127,45.01937261612831,34.94023248045018,80.2309515867141,positive_cross,toward_S4,3.818026702293388
4,gle350,2024-03-29 21:28:56+00:00,40.288045,-88.126182,80.31137204375597,495.0,9.90697853319891,rs1,5.874233162526636,31.745141922644432,25.870908760117796,4,5.874233162526636,54.93228738848419,49.058054225957555,80.2309515867141,positive_cross,toward_S4,4.001489267722998
4,gle350,2024-03-29 21:28:57+00:00,40.287972,-88.126191,88.44105128129878,496.0,8.129679237542817,rs1,11.363443602446972,31.88385248100892,20.520408878561945,4,11.363443602446972,63.08691646047776,51.72347285803079,80.2309515867141,positive_cross,toward_S4,4.1520388832330495
4,gle350,2024-03-29 21:28:58+00:00,40.287917,-88.126218,94.59708828698129,497.0,6.1560370056825064,rs1,17.763864296376042,31.776278576821472,14.01241428044543,4,17.763864296376042,69.43180892831235,51.66794463193631,80.2309515867141,positive_cross,toward_S4,4.266039568523467
4,gle350,2024-03-29 21:28:59+00:00,40.287876,-88.126263,99.22419039410187,498.0,4.627102107120578,rs1,23.64064402345187,30.834040416588678,7.193396393136808,4,23.64064402345187,74.51600552431702,50.875361500865154,80.2309515867141,positive_cross,toward_S4,4.351726644581255
4,gle350,2024-03-29 21:29:00+00:00,40.287854,-88.126325,101.76494339082839,499.0,2.5407529967265248,rs2,28.495418525944004,28.691061880361552,0.1956433544175482,4,28.495418525944004,77.77784288299156,49.28242435704756,80.2309515867141,negative_cross,toward_S4,4.398777626002117
4,gle350,2024-03-29 21:29:01+00:00,40.287854,-88.126394,101.87051634926924,500.0,0.10557295844084535,rs2,24.833202942087638,32.662762958983144,7.829560016895506,4,24.833202942087638,76.47048898261242,51.637286040524785,80.2309515867141,negative_cross,ambiguous,4.4007326807880585
4,gle350,2024-03-29 21:29:02+00:00,40.287876,-88.126456,99.5194886691314,501.0,-2.3510276801378325,rs2,20.111234963813445,35.22037561191966,15.109140648106212,4,20.111234963813445,73.23485922360138,53.12362425978793,80.2309515867141,negative_cross,toward_S1,4.357195131155876
4,gle350,2024-03-29 21:29:03+00:00,40.287917,-88.126502,95.03162046369775,502.0,-4.4878682054336565,rs2,14.419770524818999,36.339608730028154,21.919838205209153,4,14.419770524818999,68.30814709128336,53.88837656646436,80.2309515867141,negative_cross,toward_S1,4.274086460684883
4,gle350,2024-03-29 21:29:04+00:00,40.28797,-88.126523,89.17137918345583,503.0,-5.860241280241922,rs2,8.266378940157912,35.97016087993904,27.703781939781123,4,8.266378940157912,62.3102057883688,54.043826848210884,80.2309515867141,negative_cross,toward_S1,4.1655634740137355
4,gle350,2024-03-29 21:29:05+00:00,40.288033,-88.126517,82.15805841005768,504.0,-7.013320773398149,rs2,3.4050107854873866,34.26823001945336,30.863219233965975,4,3.4050107854873866,55.34754746580417,51.942536680316785,80.2309515867141,negative_cross,toward_S1,4.035687163395251
4,gle350,2024-03-29 21:29:06+00:00,40.288102,-88.126513,74.48073672015089,505.0,-7.67732168990679,rs2,7.815417337316714,34.22535110282849,26.409933765511777,4,7.815417337316714,47.723291589423305,39.90787425210659,80.2309515867141,negative_cross,toward_S1,3.8935145395080886
4,gle350,2024-03-29 21:29:07+00:00,40.288182,-88.12651,65.58199990429483,506.0,-8.898736815856054,rs2,16.28203258540492,36.40105108510436,20.119018499699443,4,16.28203258540492,38.895920572883306,22.613887987478385,80.2309515867141,negative_cross,toward_S1,3.728723116992236
4,gle350,2024-03-29 21:29:08+00:00,40.288274,-88.126507,55.34914108474575,507.0,-10.23285881954908,rs2,26.369225588614217,28.794831548304888,2.425605959690671,4,26.369225588614217,28.794831548304888,2.425605959690671,80.2309515867141,negative_cross,toward_S1,3.539225731445031
4,gle350,2024-03-29 21:29:09+00:00,40.288375,-88.126504,44.115690762981316,508.0,-11.233450321764437,rs5,17.87620026707959,37.53315303710972,19.65695277003013,3,17.87620026707959,37.53315303710972,19.65695277003013,26.33125891160298,negative_cross,toward_S1,3.32934133058108
4,gle350,2024-03-29 21:29:10+00:00,40.28848,-88.126505,32.44365327868109,509.0,-11.672037484300226,rs5,7.347792378604983,33.90349367045018,26.5557012918452,3,7.347792378604983,49.14233353372686,41.79454115512188,26.33125891160298,negative_cross,toward_S1,3.1131924882792243
4,gle350,2024-03-29 21:29:11+00:00,40.288584,-88.126499,20.87208232756988,510.0,-11.571570951111209,rs5,8.11827736768163,33.24877722646188,25.130499858780254,3,8.11827736768163,48.01992112923314,39.90164376155151,26.33125891160298,negative_cross,toward_S1,2.8989041373327202
4,gle350,2024-03-29 21:29:12+00:00,40.288686,-88.126485,9.510624700879513,511.0,-11.361457626690369,rs5,18.61782509112276,35.760035776162994,17.142210685040233,3,18.61782509112276,36.77829140412246,18.160466312999702,26.33125891160298,negative_cross,toward_S1,2.688506773875491
4,gle350,2024-03-29 21:29:13+00:00,40.288789,-88.126468,-1.9665998885518765,512.0,-11.477224589431389,rs7,25.61974812780782,29.966841329973132,4.347093202165311,2,25.61974812780782,29.966841329973132,4.347093202165311,-27.632700444717127,negative_cross,toward_S1,2.4752981584475044
4,gle350,2024-03-29 21:29:14+00:00,40.288895,-88.126454,-13.772764849308938,513.0,-11.806164960757062,rs7,14.649679242414063,31.76686345408776,17.117184211673695,2,14.649679242414063,41.693284649839136,27.043605407425073,-27.632700444717127,negative_cross,toward_S1,2.2566654739890404
4,gle350,2024-03-29 21:29:15+00:00,40.289004,-88.126446,-25.90328005431253,514.0,-12.13051520500359,rs7,6.761026548741373,27.921958363599085,21.16093181485771,2,6.761026548741373,52.58454500995199,45.82351846121061,-27.632700444717127,negative_cross,toward_S1,2.032026303526011
4,gle350,2024-03-29 21:29:16+00:00,40.289119,-88.126442,-38.6947360892911,515.0,-12.79145603497857,rs7,13.483063098090934,29.627423888575418,16.144360790484484,2,13.483063098090934,39.842784810899744,26.35972171280881,-27.632700444717127,negative_cross,toward_S1,1.795147488063445
4,gle350,2024-03-29 21:29:17+00:00,40.289238,-88.126441,-51.92630932967731,516.0,-13.231573240386211,rs7,25.758610052970518,26.67851319167395,0.9199031387034324,2,25.758610052970518,26.67851319167395,0.9199031387034324,-27.632700444717127,negative_cross,toward_S1,1.550118353982219
4,gle350,2024-03-29 21:29:18+00:00,40.289356,-88.126439,-65.04823577962163,517.0,-13.121926449944326,rs10,13.782628004992306,30.19666051597504,16.414032510982736,1,13.782628004992306,38.57968338062341,24.797055375631103,-78.92951005359993,negative_cross,toward_S1,1.2570606347033018
4,gle350,2024-03-29 21:29:19+00:00,40.289467,-88.126439,-77.38886430904606,518.0,-12.340628529424421,rs10,3.5414034701617725,26.809759621022426,23.268356150860654,1,3.5414034701617725,50.759499917825,47.21809644766323,-78.92951005359993,negative_cross,toward_S1,1.0285304767509975
4,gle350,2024-03-29 21:29:20+00:00,40.289559,-88.126437,-87.62019308495506,519.0,-10.231328775909006,rs10,9.885251370409168,27.941563774914727,18.056312404505558,1,9.885251370409168,60.92565619098362,51.04040482057445,-78.92951005359993,negative_cross,toward_S1,0.8390614253452753
4,gle350,2024-03-29 21:29:21+00:00,40.289634,-88.126427,-95.97375603355542,520.0,-8.353562948600356,rs10,18.108288384765878,30.808768388664877,12.700480003899,1,18.108288384765878,69.3091139139136,51.20082552914773,-78.92951005359993,negative_cross,toward_S1,0.6843658151860095
4,gle350,2024-03-29 21:29:22+00:00,40.289684,-88.126384,-101.59838955712593,521.0,-5.624633523570509,rs10,24.48837767603608,31.526046605264376,7.037668929228296,1,24.48837767603608,75.32354399279978,50.835166316763704,-78.92951005359993,negative_cross,toward_S1,0.5802059351198889
4,gle350,2024-03-29 21:29:23+00:00,40.289717,-88.126326,-105.35596755274432,522.0,-3.757577995618391,rs10,29.773185719404566,31.292902863091264,1.519717143686698,1,29.773185719404566,79.47209422717852,49.69890850777395,-78.92951005359993,negative_cross,toward_S1,0.510621157423252
4,gle350,2024-03-29 21:29:24+00:00,40.289722,-88.126256,-106.01895472141571,523.0,-0.6629871686713926,rs8,28.982006068647415,33.25671999822486,4.274713929577445,1,28.982006068647415,78.91487951273774,49.932873444090326,-78.92951005359993,positive_cross,toward_S1,0.4983436172626706
4,gle350,2024-03-29 21:29:25+00:00,40.289699,-88.126195,-103.55522016430234,524.0,2.4637345571133693,rs8,24.90627002950142,34.57216039451935,9.66589036501793,1,24.90627002950142,75.76332048299109,50.85705045348967,-78.92951005359993,positive_cross,toward_S4,0.5439683312832886
4,gle350,2024-03-29 21:29:26+00:00,40.289656,-88.126158,-98.83122790635093,525.0,4.723992257951409,rs8,19.59420821845947,33.7948127073894,14.200604488929926,1,19.59420821845947,70.77850766567985,51.18429944722038,-78.92951005359993,positive_cross,toward_S4,0.6314496693934999
4,gle350,2024-03-29 21:29:27+00:00,40.289602,-88.126154,-92.83379906390846,526.0,5.997428842442474,rs8,13.615919851120834,30.92572153035739,17.309801679236557,1,13.615919851120834,64.76291540982041,51.14699555869957,-78.92951005359993,positive_cross,toward_S4,0.7425131664757679
4,gle350,2024-03-29 21:29:28+00:00,40.289545,-88.126171,-86.47070881954886,527.0,6.363090244359597,rs8,8.098547881198305,27.231884286189175,19.13333640499087,1,8.098547881198305,58.52496497417888,50.42641709298057,-78.92951005359993,positive_cross,toward_S4,0.8603481710009456
4,gle350,2024-03-29 21:29:29+00:00,40.289483,-88.126181,-79.5624447079553,528.0,6.908264111593567,rs8,4.871760266577169,25.294566473015383,20.422806206438214,1,4.871760266577169,51.7337063085013,46.86194604192413,-78.92951005359993,positive_cross,toward_S4,0.9882789878823081
4,gle350,2024-03-29 21:29:30+00:00,40.28941,-88.126189,-71.43429551251612,529.0,8.128149195439178,rs8,9.724441529337902,25.679162223081594,15.954720693743692,1,9.724441529337902,43.75514842239691,34.030706893059005,-78.92951005359993,positive_cross,toward_S4,1.1388002692793298
4,gle350,2024-03-29 21:29:31+00:00,40.289326,-88.12619,-62.09391144838057,530.0,9.340384064135549,rs8,18.221771871283146,29.66353094299718,11.441759071714035,1,18.221771871283146,34.541335746336436,16.31956387505329,-78.92951005359993,positive_cross,toward_S4,1.3117703445410993
4,gle350,2024-03-29 21:29:32+00:00,40.289231,-88.126188,-51.535172342459575,531.0,10.558739105920992,rs6,24.173786720912023,28.42562478700875,4.251838066096727,2,24.173786720912023,28.42562478700875,4.251838066096727,-27.632700444717127,positive_cross,toward_S4,1.557361631523288
4,gle350,2024-03-29 21:29:33+00:00,40.289128,-88.126183,-40.09160869629602,532.0,11.443563646163554,rs6,13.191664745669312,31.553527957699902,18.361863212030592,2,13.191664745669312,39.673269569599334,26.48160482393002,-27.632700444717127,positive_cross,toward_S4,1.769279476822613
4,gle350,2024-03-29 21:29:34+00:00,40.289017,-88.126178,-27.758630382042565,533.0,12.332978314253456,rs6,5.138427606371874,29.381600317522636,24.243172711150763,2,5.138427606371874,51.90361967477487,46.765192068402996,-27.632700444717127,positive_cross,toward_S4,1.997667964123603
4,gle350,2024-03-29 21:29:35+00:00,40.288901,-88.126172,-14.87129794251231,534.0,12.887332439530255,rs6,14.059587234716151,32.48139755734715,18.421810322631,2,14.059587234716151,40.91341910189966,26.853831867183512,-27.632700444717127,positive_cross,toward_S4,2.2363222685593485
4,gle350,2024-03-29 21:29:36+00:00,40.288782,-88.126169,-1.6458448728235728,535.0,13.225453069688736,rs6,26.8725686946532,27.78282073833737,0.9102520436841708,2,26.8725686946532,27.78282073833737,0.9102520436841708,-27.632700444717127,positive_cross,toward_S4,2.481238066146177
4,gle350,2024-03-29 21:29:37+00:00,40.288661,-88.126168,11.805021949236377,536.0,13.45086682205995,rs3,14.687227065719924,36.531288828295786,21.844061762575862,3,14.687227065719924,40.20280192906633,25.51557486334641,26.33125891160298,positive_cross,toward_S4,2.7309956118080256
4,gle350,2024-03-29 21:29:38+00:00,40.288538,-88.126169,25.481302523667537,537.0,13.67628057443116,rs3,4.824225315985943,33.399501188276254,28.575275872290312,3,4.824225315985943,53.83251575289377,49.00829043690783,26.33125891160298,positive_cross,toward_S4,2.9842600668900845
4,gle350,2024-03-29 21:29:39+00:00,40.288414,-88.126172,39.27182001794612,538.0,13.790517494278582,rs3,14.487101841255907,35.53074330168386,21.043641460427956,3,14.487101841255907,40.15298846176829,25.66588662051238,26.33125891160298,positive_cross,toward_S4,3.239640020487836
4,gle350,2024-03-29 21:29:40+00:00,40.288291,-88.126174,52.949630636060846,539.0,13.677810618114727,rs1,26.65881468630665,27.75030877548702,1.0914940891803724,4,26.65881468630665,27.75030877548702,1.0914940891803724,80.2309515867141,positive_cross,toward_S4,3.4947903527656807
4,gle350,2024-03-29 21:29:41+00:00,40.288173,-88.126177,66.073087128877,540.0,13.12345649281616,rs1,14.092901175329548,35.40769499857788,21.314793823248333,4,14.092901175329548,40.74776234291909,26.65486116758954,80.2309515867141,positive_cross,toward_S4,3.7378173248548685
4,gle350,2024-03-29 21:29:42+00:00,40.288069,-88.12618,77.64006795137264,541.0,11.566980822495637,rs1,5.775391023410384,32.073487912089654,26.298096888679268,4,5.775391023410384,52.260255140712275,46.48486411730189,80.2309515867141,positive_cross,toward_S4,3.952020673419603
4,gle350,2024-03-29 21:29:43+00:00,40.287986,-88.126189,86.88151552598102,542.0,9.241447574608372,rs1,10.01881533337655,31.717909219173634,21.699093885797083,4,10.01881533337655,61.52053384942019,51.50171851604364,80.2309515867141,positive_cross,toward_S4,4.123158591467906
4,gle350,2024-03-29 21:29:44+00:00,40.287919,-88.126216,94.37167453382008,543.0,7.490159007839068,rs1,17.486587531377463,31.83494367093858,14.348356139561115,4,17.486587531377463,69.189425876173,51.70283834479554,80.2309515867141,positive_cross,toward_S4,4.261865239761222
4,gle350,2024-03-29 21:29:45+00:00,40.287875,-88.126266,99.33995735605295,544.0,4.968282822232865,rs1,23.87111784294487,30.695459909408036,6.824342066463167,4,23.87111784294487,74.66964243782618,50.798524594881314,80.2309515867141,positive_cross,toward_S4,4.353870477209979
4,gle350,2024-03-29 21:29:46+00:00,40.287854,-88.126337,101.78330390535592,545.0,2.443346549302973,rs2,27.80467103631736,29.336534023898942,1.531862987581583,4,27.80467103631736,77.5203089450164,49.71563790869904,80.2309515867141,negative_cross,toward_S4,4.399117635530404
4,gle350,2024-03-29 21:29:47+00:00,40.287862,-88.12641,101.00558236719428,546.0,-0.7777215381616429,rs2,23.349203536369753,33.07594825740257,9.72674472103282,4,23.349203536369753,75.35162255225411,52.00241901588436,80.2309515867141,negative_cross,toward_S1,4.384715384823707
4,gle350,2024-03-29 21:29:48+00:00,40.287896,-88.126467,97.31278246817068,547.0,-3.6927998990235977,rs2,17.70091904506595,34.80659417694953,17.10567513188358,4,17.70091904506595,70.91517393630338,53.214254891237424,80.2309515867141,negative_cross,toward_S1,4.316330201508455
4,gle350,2024-03-29 21:29:49+00:00,40.287945,-88.126499,91.91407899437587,548.0,-5.398703473794811,rs2,11.614045642359944,34.89256100263882,23.278515360278877,4,11.614045642359944,65.22356612108166,53.60952047872172,80.2309515867141,negative_cross,toward_S1,4.2163542112529955
4,gle350,2024-03-29 21:29:50+00:00,40.288,-88.126508,85.81312353300066,549.0,-6.100955461375207,rs2,6.029071615686799,33.98103034103749,27.95195872535069,4,6.029071615686799,59.06450204843833,53.035430432751525,80.2309515867141,negative_cross,toward_S1,4.1033735545608625
4,gle350,2024-03-29 21:29:51+00:00,40.288061,-88.126507,79.02980664061106,550.0,-6.783316892389607,rs2,4.781419767575232,33.33185827561964,28.550438508044405,4,4.781419767575232,52.31078456002562,47.52936479245039,80.2309515867141,negative_cross,toward_S1,3.9777565750721657
4,gle350,2024-03-29 21:29:52+00:00,40.288129,-88.12651,71.47437208493272,551.0,-7.555434555678332,rs2,10.654184353089585,34.55667668539088,23.9024923323013,4,10.654184353089585,44.75722629630044,34.103041943210854,80.2309515867141,negative_cross,toward_S1,3.837841120337382
4,gle350,2024-03-29 21:29:53+00:00,40.288206,-88.126512,62.91681598342069,552.0,-8.557556101512034,rs2,18.849774656714448,36.224877327270164,17.375102670555716,4,18.849774656714448,36.224877327270164,17.375102670555716,80.2309515867141,negative_cross,toward_S1,3.6793678591982704
4,gle350,2024-03-29 21:29:54+00:00,40.288292,-88.126514,53.35866838048327,553.0,-9.558147602937417,rs5,26.72383791558054,28.266751269526207,1.5429133539456679,3,26.72383791558054,28.266751269526207,1.5429133539456679,26.33125891160298,negative_cross,toward_S1,3.5005075827570424
4,gle350,2024-03-29 21:29:55+00:00,40.288484,-88.12651,32.00659615901717,554.0,-21.352072221466102,rs5,6.733479670086721,34.242628255480625,27.509148585393902,3,6.733479670086721,49.55023026871244,42.81675059862572,26.33125891160298,negative_cross,toward_S1,3.1050988379150777
4,gle350,2024-03-29 21:29:56+00:00,40.288581,-88.126498,21.20408278542922,555.0,-10.80251337358795,rs5,7.930089749691366,33.11296100223138,25.182871252540014,3,7.930089749691366,48.35710959497574,40.42701984528438,26.33125891160298,negative_cross,toward_S1,2.9050522939597454
4,gle350,2024-03-29 21:29:57+00:00,40.288677,-88.126478,10.500505902948378,556.0,-10.703576882480844,rs5,17.91413429961567,34.773020150193,16.858885850577327,3,17.91413429961567,37.83236257071177,19.9182282710961,26.33125891160298,negative_cross,toward_S1,2.706837907247137
4,gle350,2024-03-29 21:29:58+00:00,40.288774,-88.126458,-0.31424781286795733,557.0,-10.814753715816336,rs7,27.42205132530149,28.614195112817672,1.1921437875161836,2,27.42205132530149,28.614195112817672,1.1921437875161836,-27.632700444717127,negative_cross,toward_S1,2.50589727096017
4,gle350,2024-03-29 21:29:59+00:00,40.288872,-88.126442,-11.234058191278827,558.0,-10.919810378410869,rs7,17.401129884223643,32.093011989786,14.691882105562357,2,17.401129884223643,39.45376901308064,22.052639128856995,-27.632700444717127,negative_cross,toward_S1,2.3036785602488576
4,gle350,2024-03-29 21:30:00+00:00,40.288975,-88.126439,-22.68986218043898,559.0,-11.455803989160152,rs7,8.51277693385632,27.732037096387728,19.219260162531405,2,8.51277693385632,50.657949879421665,42.14517294556534,-27.632700444717127,negative_cross,toward_S1,2.0915340419310766
4,gle350,2024-03-29 21:30:01+00:00,40.289081,-88.126438,-34.47613658460836,560.0,-11.786274404169383,rs7,10.344611957420689,28.006740438107894,17.662128480687205,2,10.344611957420689,44.08298559384478,33.73837363642409,-27.632700444717127,negative_cross,toward_S1,1.8732697011131252
4,gle350,2024-03-29 21:30:02+00:00,40.289186,-88.12644,-46.14664402601499,561.0,-11.670507441406627,rs7,20.288796455563226,32.43597370274835,12.147177247185123,2,20.288796455563226,32.43597370274835,12.147177247185123,-27.632700444717127,negative_cross,toward_S1,1.6571491929389284
4,gle350,2024-03-29 21:30:03+00:00,40.289289,-88.126444,-57.59173771426044,562.0,-11.44509368824545,rs10,21.021240586777708,31.19566989649755,10.17442930971984,1,21.021240586777708,31.19566989649755,10.17442930971984,-78.92951005359993,negative_cross,toward_S1,1.3951439322099906
4,gle350,2024-03-29 21:30:04+00:00,40.289389,-88.126446,-68.70636098833009,563.0,-11.11462327406965,rs10,10.084273114713714,29.235780474798,19.151507360084285,1,10.084273114713714,42.09280686247189,32.00853374775818,-78.92951005359993,negative_cross,toward_S1,1.1893175752827747
4,gle350,2024-03-29 21:30:05+00:00,40.289481,-88.126447,-78.93309963639173,564.0,-10.226738648061641,rs10,2.7691079734076305,27.438051783235018,24.668943809827386,1,2.7691079734076305,52.2116404616847,49.442532488277074,-78.92951005359993,negative_cross,toward_S1,0.9999335262445962
4,gle350,2024-03-29 21:30:06+00:00,40.289563,-88.126444,-88.0541901196435,565.0,-9.121090483251763,rs10,10.111427817772189,28.644454096787346,18.533026279015157,1,10.111427817772189,61.298440315958885,51.1870124981867,-78.92951005359993,negative_cross,toward_S1,0.8310244432214154
4,gle350,2024-03-29 21:30:07+00:00,40.289634,-88.126418,-95.98752641944563,566.0,-7.933336299802136,rs10,18.30930442568903,30.173709033899872,11.86440460821084,1,18.30930442568903,69.4042019961391,51.09489757045006,-78.92951005359993,negative_cross,toward_S1,0.6841108080398943
4,gle350,2024-03-29 21:30:08+00:00,40.289681,-88.126373,-101.28168952802864,567.0,-5.294163108583007,rs10,24.500512841491307,30.637042183617172,6.136529342125865,1,24.500512841491307,75.14785714536633,50.64734430387502,-78.92951005359993,negative_cross,toward_S1,0.5860707504735424
4,gle350,2024-03-29 21:30:09+00:00,40.289711,-88.126311,-104.71185719363505,568.0,-3.430167665606419,rs10,29.762124903638277,30.044747721848573,0.2826228182102959,1,29.762124903638277,78.54591960545798,48.7837947018197,-78.92951005359993,negative_cross,toward_S1,0.5225491270363865
4,gle350,2024-03-29 21:30:10+00:00,40.289717,-88.12624,-105.48755124007197,569.0,-0.7756940464369109,rs8,27.96239871476941,33.60217822476986,5.639779510000448,1,27.96239871476941,78.17310184646841,50.210703131699006,-78.92951005359993,positive_cross,toward_S1,0.5081844224727401
4,gle350,2024-03-29 21:30:11+00:00,40.289698,-88.126174,-103.47617423136282,570.0,2.0113770087091467,rs8,24.42435572741466,35.75982918831493,11.335473460900271,1,24.42435572741466,75.51872146183,51.094365734415334,-78.92951005359993,positive_cross,toward_S4,0.5454321448562427
4,gle350,2024-03-29 21:30:12+00:00,40.289656,-88.12614,-98.8587686781096,571.0,4.617405553253221,rs8,19.425524663499093,35.03717141520913,15.611646751710037,1,19.425524663499093,70.72100327651845,51.295478613019355,-78.92951005359993,positive_cross,toward_S4,0.6309396551016728
4,gle350,2024-03-29 21:30:13+00:00,40.289603,-88.12614,-92.9663964974717,572.0,5.892372180637892,rs8,13.552249781764976,32.03812969933488,18.485879917569903,1,13.552249781764976,64.82832959164678,51.2760798098818,-78.92951005359993,positive_cross,toward_S4,0.7400576584468189
4,gle350,2024-03-29 21:30:14+00:00,40.289555,-88.126159,-87.60083767035195,573.0,5.365558827119756,rs8,8.678066391194525,28.532534693153682,19.85446830195916,1,8.678066391194525,59.56525532574621,50.88718893455168,-78.92951005359993,positive_cross,toward_S4,0.8394198589490366
4,gle350,2024-03-29 21:30:15+00:00,40.289504,-88.126175,-81.90633847111657,574.0,5.694499199235381,rs8,5.0114204668866575,25.97798325612933,20.966562789242673,1,5.0114204668866575,54.00906669127496,48.997646224388305,-78.92951005359993,positive_cross,toward_S4,0.9448735478237659
4,gle350,2024-03-29 21:30:16+00:00,40.289447,-88.126184,-75.55548857056526,575.0,6.35084990055131,rs8,6.42201043110933,25.236818907732964,18.814808476623632,1,6.42201043110933,47.78241554436525,41.36040511325592,-78.92951005359993,positive_cross,toward_S4,1.062481879315457
4,gle350,2024-03-29 21:30:17+00:00,40.289377,-88.126185,-67.7715801759603,576.0,7.783908394604964,rs8,12.76758864867484,27.270460017806403,14.502871369131563,1,12.76758864867484,40.073411124549466,27.305822475874628,-78.92951005359993,positive_cross,toward_S4,1.2066283310674006
4,gle350,2024-03-29 21:30:18+00:00,40.289294,-88.126184,-58.545433030114005,577.0,9.22614714584629,rs8,21.507708248494367,30.94857980940545,9.440871560911084,1,21.507708248494367,30.94857980940545,9.440871560911084,-78.92951005359993,positive_cross,toward_S4,1.3774829078423318
4,gle350,2024-03-29 21:30:19+00:00,40.289199,-88.126182,-47.98669392498295,578.0,10.558739105131053,rs6,20.60274082982517,31.842659063741785,11.239918233916615,2,20.60274082982517,31.842659063741785,11.239918233916615,-27.632700444717127,positive_cross,toward_S4,1.6230741948098921
4,gle350,2024-03-29 21:30:20+00:00,40.289093,-88.12618,-36.20500964945089,579.0,11.781684275532058,rs6,9.655798158190084,30.46290531624845,20.807107158058365,2,9.655798158190084,43.508736058185164,33.852937899995084,-27.632700444717127,positive_cross,toward_S4,1.841253533245671
4,gle350,2024-03-29 21:30:21+00:00,40.288979,-88.126177,-23.535440747932554,580.0,12.669568901518339,rs6,6.826565767685708,29.74117393996316,22.914608172277454,2,6.826565767685708,49.57903945374811,42.7524736860624,-27.632700444717127,positive_cross,toward_S4,2.0758751795700845
4,gle350,2024-03-29 21:30:22+00:00,40.288862,-88.126173,-10.533871389344835,581.0,13.00156935858772,rs6,18.234459344787517,34.33786275673995,16.103403411952435,2,18.234459344787517,36.62488023456345,18.390420889775932,-27.632700444717127,positive_cross,toward_S4,2.316644982506894
4,gle350,2024-03-29 21:30:23+00:00,40.288745,-88.12617,2.4692280129264463,582.0,13.003099402271282,rs3,23.75793021297142,30.952672966862554,7.194742753891134,3,23.75793021297142,30.952672966862554,7.194742753891134,26.33125891160298,positive_cross,toward_S4,2.5581105389133976
4,gle350,2024-03-29 21:30:24+00:00,40.288626,-88.126168,15.696211124697083,583.0,13.226983111770636,rs3,11.073419679612554,35.1528957019779,24.07947602236534,3,11.073419679612554,44.075586001061666,33.00216632144911,26.33125891160298,positive_cross,toward_S4,2.8030546706128536
4,gle350,2024-03-29 21:30:25+00:00,40.288505,-88.126166,29.14554790386343,584.0,13.449336779166348,rs3,5.720496025649076,33.749633522203894,28.029137496554817,3,5.720496025649076,50.16687497909633,44.44637895344725,26.33125891160298,positive_cross,toward_S4,3.052116462819638
4,gle350,2024-03-29 21:30:26+00:00,40.288385,-88.126168,42.48982802124695,585.0,13.34428011738352,rs3,17.449675471744385,36.91016736142981,19.46049188968542,3,17.449675471744385,36.91016736142981,19.46049188968542,26.33125891160298,positive_cross,toward_S4,3.299232761289703
4,gle350,2024-03-29 21:30:27+00:00,40.288269,-88.126174,55.39552097528297,586.0,12.90569295403602,rs1,24.261030109613287,30.156756476808038,5.895726367194751,4,24.261030109613287,30.156756476808038,5.895726367194751,80.2309515867141,positive_cross,toward_S4,3.540084618306831
4,gle350,2024-03-29 21:30:28+00:00,40.288162,-88.126179,67.29909238423181,587.0,11.903571408948842,rs1,13.039112982765689,34.7575800226001,21.718467039834415,4,13.039112982765689,41.98295946341343,28.943846480647743,80.2309515867141,positive_cross,toward_S4,3.760521125879958
4,gle350,2024-03-29 21:30:29+00:00,40.288071,-88.126184,77.42383445544264,588.0,10.124742071210832,rs1,6.161755326947464,31.75932172916098,25.597566402213516,4,6.161755326947464,52.07776647759276,45.916011150645296,80.2309515867141,positive_cross,toward_S4,3.948016349420899
4,gle350,2024-03-29 21:30:30+00:00,40.287995,-88.126191,85.88398410876292,589.0,8.460149653320272,rs1,9.382978039331045,31.376482015272448,21.9935039759414,4,9.382978039331045,60.54372339106255,51.16074535173151,80.2309515867141,positive_cross,toward_S4,4.104685787445349
4,gle350,2024-03-29 21:30:31+00:00,40.287936,-88.126204,92.46330784824085,590.0,6.579323739477928,rs1,15.339685502893756,32.03090339188827,16.691217888994515,4,15.339685502893756,67.18876886413986,51.8490833612461,80.2309515867141,positive_cross,toward_S4,4.226525115954199
4,gle350,2024-03-29 21:30:32+00:00,40.287891,-88.126249,97.53511728940641,591.0,5.07180944116557,rs1,21.59604137382307,30.873601174869442,9.277559801046372,4,21.59604137382307,72.6738128262903,51.07777145246723,80.2309515867141,positive_cross,toward_S4,4.32044751301282
4,gle350,2024-03-29 21:30:33+00:00,40.287866,-88.126303,100.39716044463576,592.0,2.862043155229344,rs1,26.491283088979674,28.900790885175518,2.409507796195843,4,26.491283088979674,76.25964116294996,49.76835807397029,80.2309515867141,positive_cross,toward_S4,4.373448312183735
4,gle350,2024-03-29 21:30:34+00:00,40.287863,-88.126367,100.82861368942675,593.0,0.4314532447909869,rs2,25.388032019696293,30.32205625772357,4.934024238027277,4,25.388032019696293,75.95448409181263,50.566452072116334,80.2309515867141,negative_cross,ambiguous,4.381438187087271
4,gle350,2024-03-29 21:30:35+00:00,40.287879,-88.126429,99.14464701075134,594.0,-1.6839666786754037,rs2,20.894152328422003,33.16068694220304,12.26653461378104,4,20.894152328422003,73.22295671254122,52.328804384119216,80.2309515867141,negative_cross,toward_S1,4.350253618963652
4,gle350,2024-03-29 21:30:36+00:00,40.287912,-88.126478,95.55078360283483,595.0,-3.5938634079165155,rs2,15.6933984813813,34.75897495515044,19.06557647376914,4,15.6933984813813,69.0443671668212,53.3509686854399,80.2309515867141,negative_cross,toward_S1,4.283700592891124
4,gle350,2024-03-29 21:30:37+00:00,40.28796,-88.126507,90.2586668337382,596.0,-5.292116769096623,rs2,9.814920942503855,34.985273284049434,25.17035234154558,4,9.814920942503855,63.507090850474206,53.69216990797035,80.2309515867141,negative_cross,toward_S1,4.185698430500446
4,gle350,2024-03-29 21:30:38+00:00,40.288019,-88.126512,83.70688386601893,597.0,-6.5517829677192765,rs2,4.404949116664919,33.9968279041154,29.59187878745048,4,4.404949116664919,56.93138146050333,52.526432343838415,80.2309515867141,negative_cross,toward_S1,4.064369116283423
4,gle350,2024-03-29 21:30:39+00:00,40.288084,-88.126511,76.47885963956261,598.0,-7.228024226456313,rs2,6.221059884064721,33.81284637279931,27.591786488734584,4,6.221059884064721,49.73253166169446,43.51147177762974,80.2309515867141,negative_cross,toward_S1,3.930516815793491
4,gle350,2024-03-29 21:30:40+00:00,40.288159,-88.126512,68.14212716259618,599.0,-8.336732476966432,rs2,13.765324923299,35.652937362079676,21.88761243878068,4,13.765324923299,41.42043577654122,27.65511085324222,80.2309515867141,negative_cross,toward_S1,3.7761328810348536
4,gle350,2024-03-29 21:30:41+00:00,40.288245,-88.126511,58.57938943023149,600.0,-9.562737732364695,rs2,23.13121103534925,31.93312091234369,8.80190987699444,4,23.13121103534925,31.93312091234369,8.80190987699444,80.2309515867141,negative_cross,toward_S1,3.599045145250322
4,gle350,2024-03-29 21:30:42+00:00,40.28834,-88.126508,48.013000110741146,601.0,-10.56638931949034,rs5,21.56777041243279,33.627573888087085,12.059803475654295,3,21.56777041243279,33.627573888087085,12.059803475654295,26.33125891160298,negative_cross,toward_S1,3.401513725909966
4,gle350,2024-03-29 21:30:43+00:00,40.288439,-88.126508,37.006493585031485,602.0,-11.00650652570966,rs5,11.067123604427408,35.27155571565565,24.204432111228243,3,11.067123604427408,44.57762818394515,33.51050457951774,26.33125891160298,negative_cross,toward_S1,3.197689530989417
4,gle350,2024-03-29 21:30:44+00:00,40.288537,-88.126508,26.111163892635567,603.0,-10.895329692395919,rs5,4.700587513389764,33.581123028670106,28.880535515280343,3,4.700587513389764,53.21753158698799,48.516944073598225,26.33125891160298,negative_cross,toward_S1,2.9959241663154184
4,gle350,2024-03-29 21:30:45+00:00,40.288633,-88.126496,15.419827353151325,604.0,-10.691336539484242,rs5,12.830183327288847,34.30360509587317,21.473421768584327,3,12.830183327288847,42.589566141111455,29.759382813822608,26.33125891160298,negative_cross,toward_S1,2.797936452621266
4,gle350,2024-03-29 21:30:46+00:00,40.288729,-88.126472,4.710130299161306,605.0,-10.70969705399002,rs5,23.49107958982838,32.15176907767115,8.660689487842767,3,23.49107958982838,32.15176907767115,8.660689487842767,26.33125891160298,negative_cross,toward_S1,2.599608729399228
4,gle350,2024-03-29 21:30:47+00:00,40.288829,-88.126449,-6.442744046813509,606.0,-11.152874345974816,rs7,21.683960731364262,34.6868937290441,13.002932997679839,2,21.683960731364262,34.6868937290441,13.002932997679839,-27.632700444717127,negative_cross,toward_S1,2.392406599961178
4,gle350,2024-03-29 21:30:48+00:00,40.288933,-88.126436,-18.025025298049474,607.0,-11.582281251235965,rs7,11.828717589609301,28.70979159647752,16.881074006868218,2,11.828717589609301,46.15611542296904,34.32739783335974,-27.632700444717127,negative_cross,toward_S1,2.177919910123475
4,gle350,2024-03-29 21:30:49+00:00,40.289044,-88.126432,-30.371773998193135,608.0,-12.34674870014366,rs7,8.45660754061808,26.80335098762835,18.34674344701027,2,8.45660754061808,48.226042935222026,39.769435394603946,-27.632700444717127,negative_cross,toward_S1,1.9492764156763702
4,gle350,2024-03-29 21:30:50+00:00,40.289158,-88.126435,-43.041342899711466,609.0,-12.669568901518332,rs7,17.587573444550284,30.974293883647157,13.386720439096873,2,17.587573444550284,35.57749185715458,17.989918412604293,-27.632700444717127,negative_cross,toward_S1,1.7146547693519567
4,gle350,2024-03-29 21:30:51+00:00,40.289274,-88.126437,-55.93479551075089,610.0,-12.893452611039422,rs10,22.759526080799066,29.712246780442868,6.952720699643802,1,22.759526080799066,29.712246780442868,6.952720699643802,-78.92951005359993,negative_cross,toward_S1,1.425828047089797
4,gle350,2024-03-29 21:30:52+00:00,40.289388,-88.126441,-68.60283436939737,611.0,-12.668038858646483,rs10,10.315782528117145,28.87927260471682,18.563490076599678,1,10.315782528117145,42.05218924012357,31.73640671200642,-78.92951005359993,negative_cross,toward_S1,1.19123473489264
4,gle350,2024-03-29 21:30:53+00:00,40.289492,-88.126444,-80.1606349346184,612.0,-11.55780056522103,rs10,3.456203492449678,27.20704352185941,23.750840029409733,1,3.456203492449678,53.4575022430972,50.00129875064752,-78.92951005359993,negative_cross,toward_S1,0.9772013910922505
4,gle350,2024-03-29 21:30:54+00:00,40.28958,-88.126443,-89.94572633361057,613.0,-9.785091398992165,rs10,11.953224913529635,29.216932973150975,17.26370805962134,1,11.953224913529635,63.187128199834476,51.23390328630484,-78.92951005359993,negative_cross,toward_S1,0.7959959948146178
4,gle350,2024-03-29 21:30:55+00:00,40.289648,-88.126431,-97.52411153241027,614.0,-7.578385198799708,rs10,19.548698349104818,31.967372353995653,12.418674004890836,1,19.548698349104818,70.81670399813761,51.268005649032794,-78.92951005359993,negative_cross,toward_S1,0.6556555281701788
4,gle350,2024-03-29 21:30:56+00:00,40.289697,-88.126389,-103.03603817898349,615.0,-5.511926646573215,rs10,25.72906751600279,32.86251035017004,7.133442834167251,1,25.72906751600279,76.6870117684332,50.95794425243041,-78.92951005359993,negative_cross,toward_S1,0.553582812492897
4,gle350,2024-03-29 21:30:57+00:00,40.289725,-88.126337,-106.22855174920029,616.0,-3.1925135702168035,rs10,30.19205683703315,32.55020784278484,2.3581510057516937,1,30.19205683703315,80.52095837822594,50.32890154119279,-78.92951005359993,negative_cross,toward_S1,0.49446219082221543
4,gle350,2024-03-29 21:30:58+00:00,40.289733,-88.126274,-107.21435911926811,617.0,-0.9858073700678176,rs8,30.7159549945709,33.45112956334695,2.7351745687760527,1,30.7159549945709,80.36295829519284,49.64700330062194,-78.92951005359993,positive_cross,toward_S1,0.4762064987839225
4,gle350,2024-03-29 21:30:59+00:00,40.289717,-88.126217,-105.52274222621166,618.0,1.6916168930564481,rs8,27.33426102995048,34.81451683011843,7.480255800167949,1,27.33426102995048,77.93787909937626,50.60361806942578,-78.92951005359993,positive_cross,toward_S4,0.5075327375442271
4,gle350,2024-03-29 21:31:00+00:00,40.289683,-88.126178,-101.8024015554294,619.0,3.7203406707822637,rs8,22.84972460862268,34.376518556369604,11.526793947746924,1,22.84972460862268,73.87651902664024,51.02679441801756,-78.92951005359993,positive_cross,toward_S4,0.5764279351513061
4,gle350,2024-03-29 21:31:02+00:00,40.289634,-88.126165,-96.37462726700404,621.0,2.713887144212677,rs8,17.289202167327247,31.908545487615452,14.619343320288205,1,17.289202167327247,68.36686455945605,51.0776623921288,-78.92951005359993,positive_cross,toward_S4,0.6769422738258497
4,gle350,2024-03-29 21:31:03+00:00,40.289575,-88.126172,-89.80448378477902,622.0,6.570143482225021,rs8,11.149986112978073,28.27411310874891,17.124126995770837,1,11.149986112978073,61.85855372024712,50.708567607269046,-78.92951005359993,positive_cross,toward_S4,0.7986115975707575
4,gle350,2024-03-29 21:31:04+00:00,40.28951,-88.126176,-82.57186942970714,623.0,7.232614355071888,rs8,5.440825651239437,25.982177481102674,20.54135182986324,1,5.440825651239437,54.68136178471903,49.240536133479594,-78.92951005359993,positive_cross,toward_S4,0.9325489004424591
4,gle350,2024-03-29 21:31:05+00:00,40.289433,-88.126176,-74.01125324321958,624.0,8.56061618648755,rs8,7.01612152097291,26.150298812400123,19.134177291427214,1,7.01612152097291,46.15868949938509,39.14256797841218,-78.92951005359993,positive_cross,toward_S4,1.091078829821858
4,gle350,2024-03-29 21:31:06+00:00,40.289345,-88.126178,-64.2246318005873,625.0,9.786621442632281,rs8,15.900360860663664,29.40732312640865,13.506962265744985,1,15.900360860663664,36.4659324140379,20.565571553374237,-78.92951005359993,positive_cross,toward_S4,1.2723125602409744
4,gle350,2024-03-29 21:31:07+00:00,40.289244,-88.126179,-52.994241564588336,626.0,11.230390235998968,rs6,25.409927961827208,26.864009914671662,1.4540819528444544,2,25.409927961827208,26.864009914671662,1.4540819528444544,-27.632700444717127,positive_cross,toward_S4,1.5303418311134962
4,gle350,2024-03-29 21:31:08+00:00,40.289135,-88.126177,-40.87902678911503,627.0,12.115214775473305,rs6,13.706651025158605,32.334052877610524,18.627401852451918,2,13.706651025158605,38.83845060100445,25.131799575845847,-27.632700444717127,positive_cross,toward_S4,1.7546976602889277
4,gle350,2024-03-29 21:31:09+00:00,40.28902,-88.126174,-28.098281054261204,628.0,12.780745734853827,rs6,4.785329098021975,29.72495881867795,24.939629720655976,2,4.785329098021975,51.54200718151295,46.756678083490975,-27.632700444717127,positive_cross,toward_S4,1.991378136860295
4,gle350,2024-03-29 21:31:10+00:00,40.2889,-88.126171,-14.761651151280459,629.0,13.336629902980745,rs6,14.1372789705857,32.60307894156636,18.46579997098066,2,14.1372789705857,40.79259079575842,26.655311825172724,-27.632700444717127,positive_cross,toward_S4,2.2383527646932717
4,gle350,2024-03-29 21:31:11+00:00,40.288774,-88.126168,-0.7579602468155653,630.0,14.003690904464893,rs3,26.89187473254436,27.737754262567893,0.8458795300235344,3,26.89187473254436,27.737754262567893,0.8458795300235344,26.33125891160298,positive_cross,toward_S4,2.4983477933626195
4,gle350,2024-03-29 21:31:12+00:00,40.288649,-88.126167,13.137613909267593,631.0,13.895574156083159,rs3,13.400972869474737,36.09612057108244,22.695147701607702,3,13.400972869474737,41.521539488471554,28.12056661899682,26.33125891160298,positive_cross,toward_S4,2.755673240697493
4,gle350,2024-03-29 21:31:13+00:00,40.288525,-88.126166,26.922011232058747,632.0,13.784397322791154,rs3,4.725693305507753,33.643893348188385,28.91820004268063,3,4.725693305507753,52.38321152667137,47.65751822116361,26.33125891160298,positive_cross,toward_S4,3.010939857786218
4,gle350,2024-03-29 21:31:14+00:00,40.288401,-88.126166,40.70793859772176,633.0,13.78592736566301,rs3,15.694018530638708,36.54633080578857,20.852312275149863,3,15.694018530638708,38.65709503212293,22.963076501484224,26.33125891160298,positive_cross,toward_S4,3.2662348090021998
4,gle350,2024-03-29 21:31:15+00:00,40.288279,-88.126168,54.274572381732774,634.0,13.566633784011017,rs1,25.252805965896243,28.974560575326166,3.7217546094299223,4,25.252805965896243,28.974560575326166,3.7217546094299223,80.2309515867141,positive_cross,toward_S4,3.5193263110188644
4,gle350,2024-03-29 21:31:16+00:00,40.288165,-88.126175,66.95944171201315,635.0,12.684869330280371,rs1,13.20619992199599,35.200786526399725,21.994586604403736,4,13.20619992199599,41.60753988313361,28.401339961137623,80.2309515867141,positive_cross,toward_S4,3.754231298616649
4,gle350,2024-03-29 21:31:17+00:00,40.288065,-88.126185,78.09242549979865,636.0,11.132983787785506,rs1,6.095353390881651,31.60906671743473,25.513713326553077,4,6.095353390881651,52.75046798597538,46.65511459509373,80.2309515867141,positive_cross,toward_S4,3.9603976650571213
4,gle350,2024-03-29 21:31:18+00:00,40.287983,-88.126197,87.22728636973058,637.0,9.134860869931927,rs1,10.711560282074547,31.11780415755095,20.406243875476402,4,10.711560282074547,61.92752896462656,51.21596868255202,80.2309515867141,positive_cross,toward_S4,4.1295617552410455
4,gle350,2024-03-29 21:31:19+00:00,40.287924,-88.126233,93.8418010953482,638.0,6.614514725617624,rs1,17.78128829216271,30.292859534261584,12.511571242098874,4,17.78128829216271,68.83778086185383,51.056492569691116,80.2309515867141,positive_cross,toward_S4,4.252052768678409
4,gle350,2024-03-29 21:31:20+00:00,40.287886,-88.126286,98.14761304394426,639.0,4.305811948596059,rs1,23.84816399902341,28.603768920365372,4.755604921341963,4,23.84816399902341,73.78558892568711,49.937424926663695,80.2309515867141,positive_cross,toward_S4,4.331790026985744
4,gle350,2024-03-29 21:31:21+00:00,40.287872,-88.126352,99.80507154409004,640.0,1.6574585001457791,rs2,25.467984364583295,28.71487990707723,3.2468955424939345,4,25.467984364583295,75.2697016344782,49.8017172698949,80.2309515867141,negative_cross,toward_S4,4.3624837029143695
4,gle350,2024-03-29 21:31:22+00:00,40.287875,-88.126424,99.58170413041526,641.0,-0.2233674136747794,rs2,21.49458376677639,33.08831099855805,11.59372723178166,4,21.49458376677639,73.72896012261116,52.23437635583477,80.2309515867141,negative_cross,ambiguous,4.358347269327799
4,gle350,2024-03-29 21:31:23+00:00,40.287902,-88.126484,96.67173219559508,642.0,-2.9099719348201774,rs2,16.512976637609665,35.73042943266404,19.217452795054374,4,16.512976637609665,70.1005171668008,53.58754052919113,80.2309515867141,negative_cross,toward_S1,4.304458900164462
4,gle350,2024-03-29 21:31:24+00:00,40.287946,-88.126523,91.83962319009541,643.0,-4.8321090054996745,rs2,10.815131775746472,36.76777591876575,25.952644143019278,4,10.815131775746472,64.97593284505976,54.16080106931329,80.2309515867141,negative_cross,toward_S1,4.214975400062617
4,gle350,2024-03-29 21:31:25+00:00,40.288,-88.126534,85.85290464777768,644.0,-5.986718542317732,rs2,4.817783844107506,36.152235437377165,31.33445159326966,4,4.817783844107506,58.932853296207135,54.11506945209963,80.2309515867141,negative_cross,toward_S1,4.104110241871548
4,gle350,2024-03-29 21:31:26+00:00,40.288061,-88.126524,79.05581736949786,645.0,-6.797087278279818,rs2,3.5951639635145507,34.77398665639598,31.178822692881425,4,3.5951639635145507,52.200719400853146,48.605555437338595,80.2309515867141,negative_cross,toward_S1,3.9782382552367364
4,gle350,2024-03-29 21:31:27+00:00,40.288126,-88.12652,71.82320301442599,646.0,-7.232614355071874,rs2,10.054459285323981,35.30633487512687,25.251875589802893,4,10.054459285323981,45.01336429530104,34.95890500997706,80.2309515867141,negative_cross,toward_S1,3.844300952365035
4,gle350,2024-03-29 21:31:28+00:00,40.288203,-88.126518,63.259526741404784,647.0,-8.563676273021201,rs2,18.426769413438965,36.50007202966784,18.073302616228876,4,18.426769413438965,36.50007202966784,18.073302616228876,80.2309515867141,negative_cross,toward_S1,3.6857143547164943
4,gle350,2024-03-29 21:31:29+00:00,40.288292,-88.126517,53.36325850912059,648.0,-9.896268232284193,rs5,26.68583079844937,28.23571648615829,1.5498856877089189,3,26.68583079844937,28.23571648615829,1.5498856877089189,26.33125891160298,negative_cross,toward_S1,3.500592585139215
4,gle350,2024-03-29 21:31:30+00:00,40.288387,-88.126519,42.804519403199585,649.0,-10.558739105921006,rs5,16.26294507353243,38.28692765892947,22.023982585397043,3,16.26294507353243,38.73477079404109,22.47182572050866,26.33125891160298,negative_cross,toward_S1,3.3050603794740114
4,gle350,2024-03-29 21:31:31+00:00,40.288484,-88.126518,32.01883650203552,650.0,-10.785682901164066,rs5,6.305062206155129,34.91181030659715,28.60674810044202,3,6.305062206155129,49.50127734844517,43.19621514229004,26.33125891160298,negative_cross,toward_S1,3.1053255109339357
4,gle350,2024-03-29 21:31:32+00:00,40.288581,-88.126509,21.220913257063142,651.0,-10.797923244972377,rs5,7.31729772750284,34.03580501173265,26.71850728422981,3,7.31729772750284,48.323039022458964,41.005741294956124,26.33125891160298,negative_cross,toward_S1,2.905363969360373
4,gle350,2024-03-29 21:31:33+00:00,40.288677,-88.126483,10.508156117307667,652.0,-10.712757139755475,rs5,17.74862127137176,35.1521616306765,17.403540359304742,3,17.74862127137176,37.790670820827756,20.042049549455996,26.33125891160298,negative_cross,toward_S1,2.7069795778834203
4,gle350,2024-03-29 21:31:34+00:00,40.288777,-88.126461,-0.6431881857518047,653.0,-11.151344303059473,rs7,27.043860228618037,28.854653741121776,1.8107935125037393,2,27.043860228618037,28.854653741121776,1.8107935125037393,-27.632700444717127,negative_cross,toward_S1,2.499805782573432
4,gle350,2024-03-29 21:31:35+00:00,40.288879,-88.126448,-12.003115769592055,654.0,-11.35992758384025,rs7,16.484426735961392,32.14258122089317,15.658154484931778,2,16.484426735961392,40.079846838311006,23.595420102349614,-27.632700444717127,negative_cross,toward_S1,2.289436753243057
4,gle350,2024-03-29 21:31:36+00:00,40.288985,-88.126443,-23.79551034445891,655.0,-11.792394574866856,rs7,7.6769980467457195,27.887149804544332,20.210151757798613,2,7.6769980467457195,51.67902137384873,44.002023327103004,-27.632700444717127,negative_cross,toward_S1,2.0710590759307075
4,gle350,2024-03-29 21:31:37+00:00,40.289098,-88.126442,-36.36002258417267,656.0,-12.564512239713757,rs7,11.54845408511454,28.844552346043805,17.296098260929263,2,11.54845408511454,42.17167851047258,30.62322442535804,-27.632700444717127,negative_cross,toward_S1,1.838382923343416
4,gle350,2024-03-29 21:31:38+00:00,40.289214,-88.126441,-49.258065323827665,657.0,-12.898042739654997,rs7,23.203181618112843,29.330155870792076,6.126974252679233,2,23.203181618112843,29.330155870792076,6.126974252679233,-27.632700444717127,negative_cross,toward_S1,1.5995302800164715
4,gle350,2024-03-29 21:31:39+00:00,40.289332,-88.126441,-62.37693168802827,658.0,-13.118866364200606,rs10,16.348757035371754,31.666659174992347,15.317902139620593,1,16.348757035371754,35.92736189419211,19.578604858820356,-78.92951005359993,negative_cross,toward_S1,1.3065292289920678
4,gle350,2024-03-29 21:31:40+00:00,40.28944,-88.126443,-74.38096963018785,659.0,-12.004037942159577,rs10,5.044921444355227,27.49448879934267,22.449567354987444,1,5.044921444355227,47.73877226504831,42.693850820693086,-78.92951005359993,negative_cross,toward_S1,1.0842322300631866
4,gle350,2024-03-29 21:31:41+00:00,40.28953,-88.126444,-84.3853546108103,660.0,-10.004384980622447,rs10,6.6902146329249845,27.7069880915057,21.016773458580715,1,6.6902146329249845,57.65215479086501,50.96194015794003,-78.92951005359993,negative_cross,toward_S1,0.8989658415331413
4,gle350,2024-03-29 21:31:42+00:00,40.289607,-88.126436,-92.95821114031617,661.0,-8.57285652950587,rs10,15.009638587304204,29.940199165710382,14.930560578406178,1,15.009638587304204,66.23764384176904,51.22800525446484,-78.92951005359993,negative_cross,toward_S1,0.7402092391348845
4,gle350,2024-03-29 21:31:43+00:00,40.289662,-88.126396,-99.13413870339802,662.0,-6.175927563081856,rs10,21.843200959046374,30.591446302171246,8.748245343124871,1,21.843200959046374,72.74905180700077,50.9058508479544,-78.92951005359993,negative_cross,toward_S1,0.6258402101889242
4,gle350,2024-03-29 21:31:44+00:00,40.289698,-88.126343,-103.2175969853666,663.0,-4.083458281968575,rs10,27.245088371594782,30.409820465107053,3.1647320935122707,1,27.245088371594782,77.47650476765405,50.23141639605927,-78.92951005359993,negative_cross,toward_S1,0.5502206123746913
4,gle350,2024-03-29 21:31:45+00:00,40.289711,-88.126276,-104.76540869428054,664.0,-1.5478117089139403,rs8,28.584599905438523,31.293001975853766,2.708402070415243,1,28.584599905438523,77.9796777862759,49.39507788083738,-78.92951005359993,positive_cross,toward_S1,0.5215574325799888
4,gle350,2024-03-29 21:31:46+00:00,40.289696,-88.126212,-103.19567893468431,665.0,1.5697297595962283,rs8,24.977306346322578,33.33729504071461,8.35998869439203,1,24.977306346322578,75.57012727597817,50.59282092965559,-78.92951005359993,positive_cross,toward_S4,0.550626502202141
4,gle350,2024-03-29 21:31:47+00:00,40.289661,-88.126167,-99.37334168863114,666.0,3.8223372460531664,rs8,20.269021296630278,33.52083988948858,13.2518185928583,1,20.269021296630278,71.37475737532998,51.1057360786997,-78.92951005359993,positive_cross,toward_S4,0.6214105252771998
4,gle350,2024-03-29 21:31:48+00:00,40.289608,-88.126152,-93.5039201511146,667.0,5.869421537516544,rs8,14.242067924300983,31.38347501252512,17.14140708822414,1,14.242067924300983,65.42173251062992,51.17966458632894,-78.92951005359993,positive_cross,toward_S4,0.7301035167126912
4,gle350,2024-03-29 21:31:49+00:00,40.289548,-88.126164,-86.81494962119478,668.0,6.688970529919814,rs8,8.121885627308115,27.896098436375475,19.774212809067357,1,8.121885627308115,58.81491391312115,50.693028285813035,-78.92951005359993,positive_cross,toward_S4,0.8539733413408359
4,gle350,2024-03-29 21:31:50+00:00,40.289485,-88.126174,-79.79550867549747,669.0,7.019440945697312,rs8,4.29082486331308,25.89574236574032,21.604917502427238,1,4.29082486331308,51.89683305282633,47.60600818951325,-78.92951005359993,positive_cross,toward_S4,0.9839629884833788
4,gle350,2024-03-29 21:31:51+00:00,40.289406,-88.126182,-71.00029847859592,670.0,8.79521019690155,rs8,9.77910226737267,26.376819319724483,16.59771705235181,1,9.77910226737267,43.23551154538911,33.45640927801644,-78.92951005359993,positive_cross,toward_S4,1.146837251388963
4,gle350,2024-03-29 21:31:52+00:00,40.289315,-88.126189,-60.872496321641364,671.0,10.127802156954559,rs8,19.36453064578886,30.437515455071836,11.072984809282975,1,19.36453064578886,33.322529662011846,13.957999016222985,-78.92951005359993,positive_cross,toward_S4,1.334389143184418
4,gle350,2024-03-29 21:31:53+00:00,40.289218,-88.126187,-50.09140354830289,672.0,10.781092773338472,rs6,22.753376011432646,29.83048338278217,7.077107371349523,2,22.753376011432646,29.83048338278217,7.077107371349523,-27.632700444717127,positive_cross,toward_S4,1.5840980906743376
4,gle350,2024-03-29 21:31:54+00:00,40.289113,-88.126179,-38.43007636414917,673.0,11.66132718415372,rs6,11.542012759056025,31.24661234899344,19.704599589937416,2,11.542012759056025,41.28868392655682,29.746671167500796,-27.632700444717127,positive_cross,toward_S4,1.8000485940845918
4,gle350,2024-03-29 21:31:55+00:00,40.289004,-88.126172,-26.32251180226693,674.0,12.107564561882242,rs6,4.962826733472743,29.91646371490787,24.953636981435128,2,4.962826733472743,52.30060162569253,47.337774892219784,-27.632700444717127,positive_cross,toward_S4,2.0242627526379664
4,gle350,2024-03-29 21:31:56+00:00,40.288891,-88.126169,-13.764119734830562,675.0,12.558392067436369,rs6,15.038851522173086,33.16383192883505,18.124980406661965,2,15.038851522173086,39.77834254191718,24.739491019744097,-27.632700444717127,positive_cross,toward_S4,2.2568255687016032
4,gle350,2024-03-29 21:31:57+00:00,40.288774,-88.126168,-0.7579602468155653,676.0,13.006159488014996,rs3,26.89187473254436,27.737754262567893,0.8458795300235344,3,26.89187473254436,27.737754262567893,0.8458795300235344,26.33125891160298,positive_cross,toward_S4,2.4983477933626195
4,gle350,2024-03-29 21:31:58+00:00,40.288655,-88.126167,12.470552907805185,677.0,13.228513154620751,rs3,14.028788990025431,36.34735858114683,22.318569591121395,3,14.028788990025431,40.85764555229776,26.82885656227233,26.33125891160298,positive_cross,toward_S4,2.7433202591889296
4,gle350,2024-03-29 21:31:59+00:00,40.288535,-88.126167,25.811772938633283,678.0,13.341220030828097,rs3,4.650737692356669,33.561268436358944,28.910530744002273,3,4.650737692356669,53.49867238307187,48.8479346907152,26.33125891160298,positive_cross,toward_S4,2.99037988938945
4,gle350,2024-03-29 21:32:00+00:00,40.288415,-88.12617,39.15758309888866,679.0,13.345810160255375,rs3,14.323995053401012,35.64917173746672,21.32517668406571,3,14.323995053401012,40.243069495983214,25.9190744425822,26.33125891160298,positive_cross,toward_S4,3.2375245219867717
4,gle350,2024-03-29 21:32:01+00:00,40.288296,-88.126172,52.390686382146725,680.0,13.233103283258068,rs3,27.17220242849154,27.173852761093507,0.001650332601965232,3,27.17220242849154,27.173852761093507,0.001650332601965232,26.33125891160298,positive_cross,toward_S4,3.4825819901952544
4,gle350,2024-03-29 21:32:02+00:00,40.28818,-88.126178,65.29637933697272,681.0,12.905692954825994,rs1,14.8473407281109,35.66388869905361,20.816547970942707,4,14.8473407281109,39.98819195069512,25.140851222584217,80.2309515867141,positive_cross,toward_S4,3.7234338472270117
4,gle350,2024-03-29 21:32:03+00:00,40.288079,-88.126185,76.53594982945637,682.0,11.23957049248365,rs1,6.542139289154424,31.784465029373266,25.242325740218842,4,6.542139289154424,51.20433521263223,44.66219592347781,80.2309515867141,positive_cross,toward_S4,3.931574041532264
4,gle350,2024-03-29 21:32:04+00:00,40.287993,-88.126196,86.11398799053964,683.0,9.57803816108327,rs1,9.838796048456018,30.994408142258226,21.15561209380221,4,9.838796048456018,60.81295701648718,50.974160968031164,80.2309515867141,positive_cross,toward_S4,4.108945118589362
4,gle350,2024-03-29 21:32:05+00:00,40.287928,-88.126227,93.38791350326039,684.0,7.273925512720751,rs1,17.127017627444555,30.570470773908006,13.443453146463451,4,17.127017627444555,68.32343976652575,51.19642213908119,80.2309515867141,positive_cross,toward_S4,4.243647442899006
4,gle350,2024-03-29 21:32:06+00:00,40.287883,-88.126274,98.46278303016969,685.0,5.074869526909296,rs1,23.51166741712935,29.621119175732442,6.109451758603093,4,23.51166741712935,73.91673018142147,50.405062764292126,80.2309515867141,positive_cross,toward_S4,4.337626508212141
4,gle350,2024-03-29 21:32:07+00:00,40.287862,-88.126337,100.89388923726602,686.0,2.4311062070963345,rs2,27.149479942235367,28.66180895167394,1.5123290094385737,4,27.149479942235367,76.65833816552778,49.508858223292414,80.2309515867141,negative_cross,toward_S4,4.3826469935287395
4,gle350,2024-03-29 21:32:08+00:00,40.287858,-88.126406,101.44416952973006,687.0,0.5502802924640378,rs2,23.906460723295364,33.11295155266463,9.206490829369269,4,23.906460723295364,75.84863272995185,51.94217200665648,80.2309515867141,negative_cross,toward_S4,4.39283736931511
4,gle350,2024-03-29 21:32:09+00:00,40.287885,-88.126467,98.53572763778178,688.0,-2.9084418919482857,rs2,18.814476628958047,35.446599189883386,16.63212256092534,4,18.814476628958047,72.13078686355033,53.31631023459228,80.2309515867141,negative_cross,toward_S1,4.338977334279031
4,gle350,2024-03-29 21:32:10+00:00,40.287926,-88.126506,94.0371491330133,689.0,-4.498578504768474,rs2,13.36277429785281,36.23714480172158,22.874370503868768,4,13.36277429785281,67.28495268050051,53.9221783826477,80.2309515867141,negative_cross,toward_S1,4.255670324931467
4,gle350,2024-03-29 21:32:11+00:00,40.287976,-88.126522,88.5027881390998,690.0,-5.534360993913495,rs2,7.673661379573734,35.716898115884966,28.043236736311233,4,7.673661379573734,61.648494934582786,53.97483355500905,80.2309515867141,negative_cross,toward_S1,4.153182158377513
4,gle350,2024-03-29 21:32:12+00:00,40.288031,-88.126523,82.38959233472801,691.0,-6.113195804371799,rs2,2.9776924418822595,34.79278819154614,31.81509574966388,4,2.9776924418822595,55.53641825070683,52.55872580882457,80.2309515867141,negative_cross,toward_S1,4.039974828666924
4,gle350,2024-03-29 21:32:13+00:00,40.288092,-88.12652,75.60321535657296,692.0,-6.786376978155047,rs2,6.554532414851558,34.665535355749086,28.111002940897528,4,6.554532414851558,48.78384751683303,42.22931510198147,80.2309515867141,negative_cross,toward_S1,3.9143011809233124
4,gle350,2024-03-29 21:32:14+00:00,40.288161,-88.12652,67.93201383817534,693.0,-7.671201518397623,rs2,13.81335618389513,36.36716477634332,22.553808592448192,4,13.81335618389513,41.13413486280555,27.320778678910422,80.2309515867141,negative_cross,toward_S1,3.7722418935455786
4,gle350,2024-03-29 21:32:15+00:00,40.288241,-88.12652,59.03786715095659,694.0,-8.894146687218743,rs2,22.576346210868337,32.279707032205394,9.703360821337057,4,22.576346210868337,32.279707032205394,9.703360821337057,80.2309515867141,negative_cross,toward_S1,3.607535473411898
4,gle350,2024-03-29 21:32:16+00:00,40.288331,-88.12652,49.03195212744054,695.0,-10.005915023516053,rs5,22.35996656156054,32.52253390068119,10.162567339120649,3,22.35996656156054,32.52253390068119,10.162567339120649,26.33125891160298,negative_cross,toward_S1,3.4203832077006955
4,gle350,2024-03-29 21:32:17+00:00,40.288426,-88.126519,38.468622892903966,696.0,-10.563329234536575,rs5,12.078477777702085,36.61865164291867,24.540173865216588,3,12.078477777702085,43.0596945119226,30.981216734220517,26.33125891160298,negative_cross,toward_S1,3.224765999653722
4,gle350,2024-03-29 21:32:18+00:00,40.28852,-88.126518,28.016470492471107,697.0,-10.452152400432858,rs5,3.9176144020802717,34.47533795136309,30.557723549282816,3,3.9176144020802717,53.49751794465336,49.57990354257309,26.33125891160298,negative_cross,toward_S1,3.0312076218679285
4,gle350,2024-03-29 21:32:19+00:00,40.288613,-88.12651,17.6647846252055,698.0,-10.351685867265608,rs5,10.310334581738225,34.82029373661542,24.509959154877194,3,10.310334581738225,44.7628026635852,34.45246808184697,26.33125891160298,negative_cross,toward_S1,2.8395097354370837
4,gle350,2024-03-29 21:32:20+00:00,40.288707,-88.126492,7.186621495095868,699.0,-10.478163130109632,rs5,20.639529025215758,34.4004095691655,13.760880543949739,3,20.639529025215758,34.4004095691655,13.760880543949739,26.33125891160298,negative_cross,toward_S1,2.6454696774720903
4,gle350,2024-03-29 21:32:21+00:00,40.288803,-88.126465,-3.5276656875314667,700.0,-10.714287182627334,rs7,24.143386880017786,31.535806400468143,7.392419520450357,2,24.143386880017786,31.535806400468143,7.392419520450357,-27.632700444717127,negative_cross,toward_S1,2.446389532540475
4,gle350,2024-03-29 21:32:22+00:00,40.288905,-88.126445,-14.89830357147472,701.0,-11.370637883943253,rs7,13.992020676030075,30.599664256539008,16.607643580508935,2,13.992020676030075,42.949591922325375,28.957571246295302,-27.632700444717127,negative_cross,toward_S1,2.2358221643193037
4,gle350,2024-03-29 21:32:23+00:00,40.289009,-88.126439,-26.469874522585936,702.0,-11.571570951111216,rs7,7.27091866234487,27.29787636961064,20.026957707265773,2,7.27091866234487,52.06454687626855,44.79362821392368,-27.632700444717127,negative_cross,toward_S1,2.0215338133728
4,gle350,2024-03-29 21:32:24+00:00,40.289118,-88.126438,-38.58967942748652,703.0,-12.119804904900587,rs7,13.568126575300223,29.270997056040205,15.702870480739982,2,13.568126575300223,39.98176203408413,26.413635458783904,-27.632700444717127,negative_cross,toward_S1,1.7970929818005668
4,gle350,2024-03-29 21:32:25+00:00,40.289229,-88.12644,-50.92724787035556,704.0,-12.337568442869035,rs7,24.821823243777082,27.68249118490645,2.8606679411293676,2,24.821823243777082,27.68249118490645,2.8606679411293676,-27.632700444717127,negative_cross,toward_S1,1.568619492117807
4,gle350,2024-03-29 21:32:26+00:00,40.28934,-88.126443,-63.26328627116443,705.0,-12.336038400808874,rs10,15.442960202241027,31.354187210704495,15.911227008463468,1,15.442960202241027,36.76799259730655,21.325032395065527,-78.92951005359993,negative_cross,toward_S1,1.2901152552302868
4,gle350,2024-03-29 21:32:27+00:00,40.289448,-88.126445,-75.26732421330225,706.0,-12.004037942137813,rs10,4.253185622687302,27.526166488190242,23.27298086550294,1,4.253185622687302,48.59563271849026,44.34244709580295,-78.92951005359993,negative_cross,toward_S1,1.0678182563018088
4,gle350,2024-03-29 21:32:28+00:00,40.289539,-88.126445,-85.38441607013205,707.0,-10.117091856829802,rs10,7.567496765478842,28.00057651337232,20.433079747893476,1,7.567496765478842,58.636501651573475,51.06900488609463,-78.92951005359993,negative_cross,toward_S1,0.8804647033975533
4,gle350,2024-03-29 21:32:29+00:00,40.289611,-88.12643,-93.41209873240395,708.0,-8.0276826622719,rs10,15.569707648417404,29.70318525077504,14.133477602357635,1,15.569707648417404,66.73882328162695,51.16911563320954,-78.92951005359993,negative_cross,toward_S1,0.7318039133554811
4,gle350,2024-03-29 21:32:30+00:00,40.289663,-88.126392,-99.25143570822097,709.0,-5.8393369758170195,rs10,22.05974135963753,30.40948096620901,8.349739606571479,1,22.05974135963753,72.91050231713206,50.85076095749453,-78.92951005359993,negative_cross,toward_S1,0.6236680434329437
4,gle350,2024-03-29 21:32:31+00:00,40.289699,-88.126332,-103.34560429031427,710.0,-4.094168582093303,rs10,27.75257496409291,29.93736577672868,2.184790812635768,1,27.75257496409291,77.63916554829079,49.886590584197876,-78.92951005359993,negative_cross,toward_S1,0.5478501067275121
4,gle350,2024-03-29 21:32:32+00:00,40.289702,-88.126255,-103.7969480924829,711.0,-0.4513438021686369,rs8,26.909903733874675,31.503833441892358,4.593929708017683,1,26.909903733874675,76.70289019561237,49.7929864617377,-78.92951005359993,positive_cross,ambiguous,0.5394918881688338
4,gle350,2024-03-29 21:32:33+00:00,40.289669,-88.126195,-100.21991515699028,712.0,3.5770329354926247,rs8,21.684872612157324,32.26321349206036,10.578340879903035,1,21.684872612157324,72.43966522301639,50.75479261085907,-78.92951005359993,positive_cross,toward_S4,0.6057332388261045
4,gle350,2024-03-29 21:32:34+00:00,40.289616,-88.126168,-94.3688541339795,713.0,5.851061023010786,rs8,15.394570387626247,30.632398099890654,15.237827712264407,1,15.394570387626247,66.38427053843948,50.989700150813235,-78.92951005359993,positive_cross,toward_S4,0.7140862207337118
4,gle350,2024-03-29 21:32:35+00:00,40.28956,-88.126171,-88.13836132399483,714.0,6.230492809984668,rs8,9.582588375818371,27.747619504876997,18.165031129058626,1,9.582588375818371,60.188492016088894,50.605903640270526,-78.92951005359993,positive_cross,toward_S4,0.8294657172149092
4,gle350,2024-03-29 21:32:36+00:00,40.2895,-88.126181,-81.45245087902877,715.0,6.685910444966055,rs8,5.273907150541546,25.422284409041293,20.148377258499746,1,5.273907150541546,53.61466599959385,48.34075884905231,-78.92951005359993,positive_cross,toward_S4,0.9532788736031695
4,gle350,2024-03-29 21:32:37+00:00,40.289431,-88.126184,-73.77665923280551,716.0,7.67579164622326,rs8,7.627971925151044,25.52615097085553,17.898179045704484,1,7.627971925151044,46.015684441332645,38.3877125161816,-78.92951005359993,positive_cross,toward_S4,1.0954231633480447
4,gle350,2024-03-29 21:32:38+00:00,40.289348,-88.126188,-64.54286187255647,717.0,9.233797360249042,rs8,15.853387446735784,28.505393586809515,12.65200614007373,1,15.853387446735784,36.924046306383374,21.07065885964759,-78.92951005359993,positive_cross,toward_S4,1.266419410760064
4,gle350,2024-03-29 21:32:39+00:00,40.289254,-88.126188,-54.09223951499546,718.0,10.45062235756101,rs8,25.919786768952235,26.660168201341914,0.7403814323896789,1,25.919786768952235,26.660168201341914,0.7403814323896789,-78.92951005359993,positive_cross,toward_S4,1.4599494544186011
4,gle350,2024-03-29 21:32:40+00:00,40.289152,-88.126185,-42.756792617170156,719.0,11.335446897825307,rs6,15.714738890399632,32.55574015349519,16.841001263095556,2,15.714738890399632,37.050491366313885,21.335752475914255,-27.632700444717127,positive_cross,toward_S4,1.7199242190286477
4,gle350,2024-03-29 21:32:41+00:00,40.289045,-88.12618,-30.868521636961656,720.0,11.8882709802085,rs6,5.959439910362371,29.39749452353363,23.43805461317126,2,5.959439910362371,48.818745115065795,42.859305204703425,-27.632700444717127,positive_cross,toward_S4,1.940077385328805
4,gle350,2024-03-29 21:32:42+00:00,40.288937,-88.126176,-18.86754377977759,721.0,12.000977857184065,rs6,10.51662785998045,30.807314467324638,20.29068660734419,2,10.51662785998045,44.92902903762343,34.41240117764298,-27.632700444717127,positive_cross,toward_S4,2.162317716017399
4,gle350,2024-03-29 21:32:43+00:00,40.288828,-88.126172,-6.755389090069734,722.0,12.112154689707857,rs6,21.892010133478635,32.871994243609144,10.97998411013051,2,21.892010133478635,32.871994243609144,10.97998411013051,-27.632700444717127,positive_cross,toward_S4,2.386616876937915
4,gle350,2024-03-29 21:32:44+00:00,40.288715,-88.126171,5.80606306311035,723.0,12.561452153180085,rs3,20.52502527743793,34.269331349743624,13.744306072305694,3,20.52502527743793,34.269331349743624,13.744306072305694,26.33125891160298,positive_cross,toward_S4,2.6199037805834697
4,gle350,2024-03-29 21:32:45+00:00,40.2886,-88.126171,18.591398926579746,724.0,12.785335863469395,rs3,8.692568466682445,34.131689904894195,25.43912143821175,3,8.692568466682445,46.97853066272752,38.28596219604508,26.33125891160298,positive_cross,toward_S4,2.8566692595366066
4,gle350,2024-03-29 21:32:46+00:00,40.288484,-88.126171,31.48791162415285,725.0,12.896512697573105,rs3,7.638058697349171,33.597773248985625,25.959714551636452,3,7.638058697349171,47.88137423814397,40.2433155407948,26.33125891160298,positive_cross,toward_S4,3.0954935687509235
4,gle350,2024-03-29 21:32:47+00:00,40.288369,-88.126171,44.27324748683229,726.0,12.785335862679439,rs3,19.23307451777516,35.17885942669426,15.945784908919098,3,19.23307451777516,35.17885942669426,15.945784908919098,26.33125891160298,positive_cross,toward_S4,3.3322590476894316
4,gle350,2024-03-29 21:32:48+00:00,40.288256,-88.126172,56.837759726546054,727.0,12.564512239713764,rs1,22.811981710131022,31.553947853577327,8.741966143446305,4,22.811981710131022,31.553947853577327,8.741966143446305,80.2309515867141,positive_cross,toward_S4,3.5667927433302213
4,gle350,2024-03-29 21:32:49+00:00,40.288148,-88.126177,68.85250796883034,728.0,12.014748242284284,rs1,11.566514851090957,34.33811749497504,22.77160264388408,4,11.566514851090957,43.504612297525334,31.938097446434377,80.2309515867141,positive_cross,toward_S4,3.7892880811503007
4,gle350,2024-03-29 21:32:50+00:00,40.288056,-88.126185,79.0930170027822,729.0,10.240509033951867,rs1,6.00703400240316,31.53642264072657,25.52938863832341,4,6.00703400240316,53.74474698460286,47.7377129821997,80.2309515867141,positive_cross,toward_S4,3.9789271373345945
4,gle350,2024-03-29 21:32:51+00:00,40.28798,-88.126198,87.56234691333363,730.0,8.469329910551423,rs1,11.02018579400758,31.104500150267047,20.08431435625947,4,11.02018579400758,62.26882213824324,51.248636344235656,80.2309515867141,positive_cross,toward_S4,4.135766580122584
4,gle350,2024-03-29 21:32:52+00:00,40.287924,-88.126238,93.84945130972923,731.0,6.2871043963956055,rs1,18.025148426771292,29.909513369482266,11.884364942710974,4,18.025148426771292,68.90221870951544,50.87707028274414,80.2309515867141,positive_cross,toward_S4,4.252194439315095
4,gle350,2024-03-29 21:32:53+00:00,40.287888,-88.126294,97.93749971954514,732.0,4.0880484098159116,rs1,24.0963623163708,27.927781874080118,3.8314195577093173,4,24.0963623163708,73.70668456553335,49.61032224916255,80.2309515867141,positive_cross,toward_S4,4.327899039496871
4,gle350,2024-03-29 21:32:54+00:00,40.287876,-88.12636,99.37260455306344,733.0,1.4351048335182952,rs2,24.681011519975346,28.88617147499934,4.205159955023994,4,24.681011519975346,74.67850509878919,49.997493578813845,80.2309515867141,negative_cross,toward_S4,4.354475054932395
4,gle350,2024-03-29 21:32:55+00:00,40.287887,-88.126423,98.24605208461858,734.0,-1.1265524684448565,rs2,20.414381249902988,32.225965200772414,11.811583950869426,4,20.414381249902988,72.42543400841262,52.011052758509635,80.2309515867141,negative_cross,toward_S1,4.333612972183416
4,gle350,2024-03-29 21:32:56+00:00,40.287917,-88.126473,94.98724922030516,735.0,-3.2588028643134237,rs2,15.380868776666178,34.12784589375284,18.746977117086665,4,15.380868776666178,68.53696924425266,53.156100467586484,80.2309515867141,negative_cross,toward_S1,4.273264770992427
4,gle350,2024-03-29 21:32:57+00:00,40.28796,-88.126505,90.25560674797275,736.0,-4.73164247233241,rs2,9.88813678633884,34.82366848573635,24.935531699397508,4,9.88813678633884,63.519897934989345,53.631761148650504,80.2309515867141,negative_cross,toward_S1,4.18564176224553
4,gle350,2024-03-29 21:32:58+00:00,40.288011,-88.126515,84.60088866351435,737.0,-5.654718084458395,rs2,4.7426124819015705,34.36694255999099,29.624330078089418,4,4.7426124819015705,57.80040312772949,53.05779064582792,80.2309515867141,negative_cross,toward_S1,4.080924760681486
4,gle350,2024-03-29 21:32:59+00:00,40.288067,-88.126512,78.37039585352969,738.0,-6.230492809984668,rs2,4.804712836486053,33.77425662372027,28.969543787234215,4,4.804712836486053,51.609221896707325,46.80450906022127,80.2309515867141,negative_cross,toward_S1,3.965545264200289
4,gle350,2024-03-29 21:33:00+00:00,40.288128,-88.12651,71.58554891824647,739.0,-6.784846935283213,rs2,10.55080329779775,34.530604672555675,23.979801374757926,4,10.55080329779775,44.8679018204653,34.31709852266755,80.2309515867141,negative_cross,toward_S1,3.839899950583933
4,gle350,2024-03-29 21:33:01+00:00,40.288194,-88.126511,64.24940794424188,740.0,-7.336140974004593,rs2,17.56190847206355,37.0138239834057,19.45191551134215,4,17.56190847206355,37.560331756974065,19.998423284910515,80.2309515867141,negative_cross,toward_S1,3.7040454881023663
4,gle350,2024-03-29 21:33:02+00:00,40.288268,-88.126511,56.02232225769559,741.0,-8.227085686546289,rs2,25.657661555515098,29.401060122230952,3.743398566715854,4,25.657661555515098,29.401060122230952,3.743398566715854,80.2309515867141,negative_cross,toward_S1,3.5516920494626203
4,gle350,2024-03-29 21:33:03+00:00,40.28835,-88.12651,46.90429186018754,742.0,-9.11803039750805,rs5,20.445119474417435,34.71234945965242,14.267229985234987,3,20.445119474417435,34.71234945965242,14.267229985234987,26.33125891160298,negative_cross,toward_S1,3.3809820916404547
4,gle350,2024-03-29 21:33:04+00:00,40.288438,-88.12651,37.12073050408895,743.0,-9.783561356098595,rs5,11.09909339048654,35.46717257055394,24.3680791800674,3,11.09909339048654,44.451618085164746,33.35252469467821,26.33125891160298,negative_cross,toward_S1,3.1998050294904807
4,gle350,2024-03-29 21:33:05+00:00,40.288529,-88.126509,27.002108604387285,744.0,-10.118621899701662,rs5,4.5393297608900225,33.67478592957238,29.135456168682357,3,4.5393297608900225,54.104944726761765,49.565614965871745,26.33125891160298,negative_cross,toward_S1,3.0124231424589687
4,gle350,2024-03-29 21:33:06+00:00,40.288618,-88.126504,17.09972019980395,745.0,-9.902388404583334,rs5,11.033983627040465,34.47005952832334,23.436075901282877,3,11.033983627040465,44.223776598111165,33.1897929710707,26.33125891160298,negative_cross,toward_S1,2.829045579411129
4,gle350,2024-03-29 21:33:07+00:00,40.288706,-88.126486,7.288618071946687,746.0,-9.811102127857264,rs5,20.68712620508168,34.55543217559602,13.868305970514339,3,20.68712620508168,34.55543217559602,13.868305970514339,26.33125891160298,negative_cross,toward_S1,2.647358502969328
4,gle350,2024-03-29 21:33:08+00:00,40.288795,-88.126461,-2.6443711901390317,747.0,-9.93298926208572,rs7,25.084811482015027,30.77128754207713,5.686476060062102,2,25.084811482015027,30.77128754207713,5.686476060062102,-27.632700444717127,negative_cross,toward_S1,2.4627468380477424
4,gle350,2024-03-29 21:33:09+00:00,40.288887,-88.126439,-12.90630082434038,748.0,-10.26192963420135,rs7,16.000560380840177,31.043869299137107,15.04330891829693,2,16.000560380840177,41.131554816731104,25.130994435890926,-27.632700444717127,negative_cross,toward_S1,2.272711104081051
4,gle350,2024-03-29 21:33:10+00:00,40.288979,-88.126427,-23.15293002898971,749.0,-10.24662920464933,rs7,9.18964919996343,26.651125633708233,17.461476433744803,2,9.18964919996343,51.31178630411065,42.122137104147214,-27.632700444717127,negative_cross,toward_S1,2.0829587114023593
4,gle350,2024-03-29 21:33:11+00:00,40.289075,-88.126425,-33.82896613973363,750.0,-10.676036110743919,rs7,10.72710577460587,26.778324366681304,16.051218592075436,2,10.72710577460587,44.847514779059246,34.12040900445338,-27.632700444717127,negative_cross,toward_S1,1.8852543389811758
4,gle350,2024-03-29 21:33:12+00:00,40.289173,-88.126429,-44.718175660620375,751.0,-10.889209520886745,rs7,19.314258543592672,31.402252008064277,12.087993464471605,2,19.314258543592672,33.97855121008863,14.66429266649596,-27.632700444717127,negative_cross,toward_S1,1.6836023108166065
4,gle350,2024-03-29 21:33:13+00:00,40.289275,-88.126437,-56.04597234485461,752.0,-11.327796684234237,rs10,22.649678128870658,29.81997467314883,7.170296544278173,1,22.649678128870658,29.81997467314883,7.170296544278173,-78.92951005359993,negative_cross,toward_S1,1.423769216828617
4,gle350,2024-03-29 21:33:14+00:00,40.289377,-88.126441,-67.3798891997863,753.0,-11.333916854931694,rs10,11.484352412803503,29.34346340521022,17.859110992406716,1,11.484352412803503,40.8466194916177,29.3622670788142,-78.92951005359993,negative_cross,toward_S1,1.2138818676632153
4,gle350,2024-03-29 21:33:15+00:00,40.289475,-88.126444,-78.27062876354489,754.0,-10.890739563758586,rs10,2.9719902253237267,27.193902661536438,24.221912436212712,1,2.9719902253237267,51.582635825852314,48.610645600528585,-78.92951005359993,negative_cross,toward_S1,1.0122015053713895
4,gle350,2024-03-29 21:33:16+00:00,40.289565,-88.126445,-88.2750137441891,755.0,-10.004384980644204,rs10,10.300196508272021,28.795697420764657,18.495500912492638,1,10.300196508272021,61.51018190077547,51.20998539250345,-78.92951005359993,negative_cross,toward_S1,0.8269351168409413
4,gle350,2024-03-29 21:33:17+00:00,40.289639,-88.126439,-96.51127968719831,756.0,-8.236265943009215,rs10,18.433852334923895,31.965123927682658,13.531271592758763,1,18.433852334923895,69.74834106405551,51.31448872913161,-78.92951005359993,negative_cross,toward_S1,0.6744116734518818
4,gle350,2024-03-29 21:33:18+00:00,40.289691,-88.126404,-102.34602653439971,757.0,-5.8347468472014015,rs10,24.735016404592113,33.27722297078568,8.542206566193567,1,24.735016404592113,75.8455212729636,51.11050486837148,-78.92951005359993,negative_cross,toward_S1,0.5663608059111152
4,gle350,2024-03-29 21:33:19+00:00,40.289727,-88.126357,-106.42030455911538,758.0,-4.074278024715667,rs10,29.764415896202706,33.70345525418626,3.939039357983553,1,29.764415896202706,80.42228727390103,50.65787137769833,-78.92951005359993,negative_cross,toward_S1,0.49091121286082495
4,gle350,2024-03-29 21:33:20+00:00,40.289738,-88.126293,-107.7411724727645,759.0,-1.3208679136491241,rs8,31.915407002226594,33.129959402283475,1.2145524000568813,1,31.915407002226594,81.19144683089432,49.27603982866773,-78.92951005359993,positive_cross,toward_S1,0.46645069594139676
4,gle350,2024-03-29 21:33:21+00:00,40.28972,-88.126234,-105.83026199805606,760.0,1.9109104747084444,rs8,28.101071602219047,34.176052828403414,6.0749812261843665,1,28.101071602219047,78.43812021871241,50.33704861649336,-78.92951005359993,positive_cross,toward_S4,0.5018379269545161
4,gle350,2024-03-29 21:33:22+00:00,40.289684,-88.126193,-101.89062774639,761.0,3.939634251666064,rs8,23.24795589511991,33.518606088961555,10.270650193841643,1,23.24795589511991,74.08650081767036,50.83854492255044,-78.92951005359993,positive_cross,toward_S4,0.574794116800184
4,gle350,2024-03-29 21:33:23+00:00,40.289637,-88.126172,-96.6974474676105,762.0,5.193180278779494,rs8,17.74401535255262,31.602164325293927,13.858148972741308,1,17.74401535255262,68.73729063166215,50.993275279109525,-78.92951005359993,positive_cross,toward_S4,0.6709641219627671
4,gle350,2024-03-29 21:33:24+00:00,40.289582,-88.12617,-90.58578170608884,763.0,6.111665761521664,rs8,11.81971586157185,28.740720697785,16.92100483621315,1,11.81971586157185,62.622719832782266,50.803003971210416,-78.92951005359993,positive_cross,toward_S4,0.7841431175465017
4,gle350,2024-03-29 21:33:25+00:00,40.28952,-88.126172,-83.68975793751362,764.0,6.896023768575219,rs8,5.908876723490238,26.500223388091868,20.59134666460163,1,5.908876723490238,55.760024946977275,49.85114822348704,-78.92951005359993,positive_cross,toward_S4,0.9118472614090057
4,gle350,2024-03-29 21:33:26+00:00,40.289449,-88.126175,-75.79161262306124,765.0,7.898145314452378,rs8,5.685667775266644,25.967514671925176,20.281846896658532,1,5.685667775266644,47.9197125185466,42.23404474327996,-78.92951005359993,positive_cross,toward_S4,1.0581092116766424
4,gle350,2024-03-29 21:33:27+00:00,40.289364,-88.126177,-66.33852168195011,766.0,9.453090941111128,rs8,13.863642471224015,28.495011374368055,14.63136890314404,1,13.863642471224015,38.54822191804344,24.684579446819424,-78.92951005359993,positive_cross,toward_S4,1.2331664513268483
4,gle350,2024-03-29 21:33:28+00:00,40.28927,-88.126179,-55.88483923864539,767.0,10.453682443304722,rs8,24.022062361173617,28.246610379676532,4.224548018502915,1,24.022062361173617,28.246610379676532,4.224548018502915,-78.92951005359993,positive_cross,toward_S4,1.4267531632398989
4,gle350,2024-03-29 21:33:29+00:00,40.289169,-88.126179,-44.655979045518265,768.0,11.228860193127126,rs6,17.329733111312436,33.9192890841054,16.589555972792965,2,17.329733111312436,35.107660944820395,17.77792783350796,-27.632700444717127,positive_cross,toward_S4,1.684754099985164
4,gle350,2024-03-29 21:33:30+00:00,40.289067,-88.126177,-33.31900210482111,769.0,11.336976940697156,rs6,7.229320415335506,30.021690186378287,22.79236977104278,2,7.229320415335506,46.35860232967831,39.129281914342805,-27.632700444717127,positive_cross,toward_S4,1.8946981174054818
4,gle350,2024-03-29 21:33:31+00:00,40.288963,-88.126176,-21.75814145383464,770.0,11.56086065098647,rs6,8.081497366338068,30.11780710660738,22.03630974026931,2,8.081497366338068,47.80111891979568,39.71962155345761,-27.632700444717127,positive_cross,toward_S4,2.1087881294607866
4,gle350,2024-03-29 21:33:32+00:00,40.288861,-88.126175,-10.41963446947567,771.0,11.33850698435897,rs6,18.386164347575516,34.24628460329131,15.860120255715792,2,18.386164347575516,36.53912375716645,18.152959409590935,-27.632700444717127,positive_cross,toward_S4,2.31876048102299
4,gle350,2024-03-29 21:33:33+00:00,40.288758,-88.126175,1.0315793902789523,772.0,11.451213859754622,rs3,25.260566806870848,29.58930755102794,4.328740744157091,3,25.260566806870848,29.58930755102794,4.328740744157091,26.33125891160298,positive_cross,toward_S4,2.5314874162717773
4,gle350,2024-03-29 21:33:34+00:00,40.288653,-88.126175,12.705146918240985,773.0,11.673567527962032,rs3,14.062001335436564,35.63529353004376,21.5732921946072,3,14.062001335436564,41.15372168386351,27.091720348426946,26.33125891160298,positive_cross,toward_S4,2.7476645927155188
4,gle350,2024-03-29 21:33:35+00:00,40.288546,-88.126175,24.601068112830518,774.0,11.895921194589533,rs3,5.443008411941754,32.92854456394439,27.485536152002638,3,5.443008411941754,52.99003621122666,47.547027799284905,26.33125891160298,positive_cross,toward_S4,2.9679594296523617
4,gle350,2024-03-29 21:33:36+00:00,40.288437,-88.126177,36.72240305979126,775.0,12.121334946960744,rs3,12.307615004213336,34.28376064015831,21.976145635944977,3,12.307615004213336,42.7439916904576,30.436376686244262,26.33125891160298,positive_cross,toward_S4,3.19242859533682
4,gle350,2024-03-29 21:33:37+00:00,40.288325,-88.126178,49.17573846540132,776.0,12.453335405610055,rs3,24.123620336599835,30.438433869907097,6.314813533307262,3,24.123620336599835,30.438433869907097,6.314813533307262,26.33125891160298,positive_cross,toward_S4,3.423045917662932
4,gle350,2024-03-29 21:33:38+00:00,40.288215,-88.126178,61.40519016072206,777.0,12.22945169532074,rs1,18.52676518463159,36.137481135667244,17.610715951035655,4,18.52676518463159,36.137481135667244,17.610715951035655,80.2309515867141,positive_cross,toward_S4,3.651374788407555
4,gle350,2024-03-29 21:33:39+00:00,40.28811,-88.126183,73.08640790227516,778.0,11.681217741553098,rs1,8.399414024391955,32.60130799839845,24.20189397400649,4,8.399414024391955,47.761668388702184,39.36225436431023,80.2309515867141,positive_cross,toward_S4,3.867693635473353
4,gle350,2024-03-29 21:33:40+00:00,40.288019,-88.126192,83.21727014578514,779.0,10.13086224350998,rs1,7.761056426100888,30.978983164594823,23.217926738493937,4,7.761056426100888,57.901226799539394,50.14017037343851,80.2309515867141,positive_cross,toward_S4,4.055302195538353
4,gle350,2024-03-29 21:33:41+00:00,40.287943,-88.126211,91.69578031358944,780.0,8.478510167804302,rs1,14.986092696116273,31.200290002068925,16.214197305952652,4,14.986092696116273,66.48775889490418,51.5016661987879,80.2309515867141,positive_cross,toward_S4,4.212311643090284
4,gle350,2024-03-29 21:33:42+00:00,40.287892,-88.126256,97.43465075621741,781.0,5.73887044262797,rs1,21.82347314089882,30.313544414634887,8.490071273736067,4,21.82347314089882,72.66137649885783,50.837903357959014,80.2309515867141,positive_cross,toward_S4,4.318587021657469
4,gle350,2024-03-29 21:33:43+00:00,40.287861,-88.126313,100.96834504154648,782.0,3.5336942853290765,rs1,27.449355007516942,28.65937534067646,1.210020333159516,4,27.449355007516942,76.98648563976194,49.537130632244995,80.2309515867141,positive_cross,toward_S4,4.384025804719118
4,gle350,2024-03-29 21:33:44+00:00,40.287854,-88.126377,101.84450562038242,783.0,0.8761605788359361,rs2,25.660126939963035,31.62998180070592,5.969854860742885,4,25.660126939963035,76.75321433053402,51.093087390570986,80.2309515867141,negative_cross,toward_S4,4.400251000623488
4,gle350,2024-03-29 21:33:45+00:00,40.287867,-88.126438,100.4925393995446,784.0,-1.3519662208378236,rs2,21.68489023401393,34.57238155756041,12.887491323546481,4,21.68489023401393,74.42969255215374,52.744802318139804,80.2309515867141,negative_cross,toward_S1,4.37521458912649
4,gle350,2024-03-29 21:33:46+00:00,40.287898,-88.12649,97.12561978768288,785.0,-3.366919611861718,rs2,16.749787170298934,36.39060993731191,19.640822767012974,4,16.749787170298934,70.49718215325117,53.747394982952244,80.2309515867141,negative_cross,toward_S1,4.3128642259438665
4,gle350,2024-03-29 21:33:47+00:00,40.287944,-88.126519,92.05585668521374,786.0,-5.069763102469139,rs2,11.12135581930156,36.52287844329802,25.40152262399646,4,11.12135581930156,65.21641571075924,54.09505989145768,80.2309515867141,negative_cross,toward_S1,4.21897972404629
4,gle350,2024-03-29 21:33:48+00:00,40.288005,-88.126524,85.28172005086698,787.0,-6.77413663434676,rs2,4.7419141871789225,35.2233436924225,30.481429505243582,4,4.7419141871789225,58.41848822699104,53.67657403981212,80.2309515867141,negative_cross,toward_S1,4.093532749336164
4,gle350,2024-03-29 21:33:49+00:00,40.28807,-88.126518,78.0460456100514,788.0,-7.235674440815586,rs2,4.6538042228215275,34.2968254369028,29.643021214081273,4,4.6538042228215275,51.23667723448196,46.58287301166043,80.2309515867141,negative_cross,toward_S1,3.95953877820995
4,gle350,2024-03-29 21:33:50+00:00,40.288146,-88.126517,69.59507621400574,789.0,-8.45096939604565,rs2,12.258523421243353,35.62038064064397,23.36185721940062,4,12.258523421243353,42.818554113301346,30.560030692057992,80.2309515867141,negative_cross,toward_S1,3.803039344949845
4,gle350,2024-03-29 21:33:51+00:00,40.288233,-88.126515,59.91963160545543,790.0,-9.675444608550315,rs2,21.75904141122495,33.21289892489367,11.453857513668723,4,21.75904141122495,33.21289892489367,11.453857513668723,80.2309515867141,negative_cross,toward_S1,3.623864444791506
4,gle350,2024-03-29 21:33:52+00:00,40.28833,-88.126511,49.129358574864085,791.0,-10.790273030591344,rs5,22.60485007338146,32.49285513632181,9.888005062940348,3,22.60485007338146,32.49285513632181,9.888005062940348,26.33125891160298,negative_cross,toward_S1,3.4221870308011315
4,gle350,2024-03-29 21:33:53+00:00,40.288427,-88.126508,38.34061558795631,792.0,-10.788742986907778,rs5,12.292415006282628,35.702446619767784,23.410031613485156,3,12.292415006282628,43.2486895933106,30.956274587027973,26.33125891160298,negative_cross,toward_S1,3.222395494006543
4,gle350,2024-03-29 21:33:54+00:00,40.288523,-88.126505,27.66304943434052,793.0,-10.677566153615786,rs5,4.930146265527795,33.35776568495993,28.427619419432133,3,4.930146265527795,53.908068259987324,48.97792199445953,26.33125891160298,negative_cross,toward_S1,3.0246627874581025
4,gle350,2024-03-29 21:33:55+00:00,40.288614,-88.126496,17.532187190852298,794.0,-10.130862243488224,rs5,10.971614338925148,33.69870992411338,22.72709558518823,3,10.971614338925148,44.69966440460799,33.72805006568284,26.33125891160298,negative_cross,toward_S1,2.837054227393506
4,gle350,2024-03-29 21:33:56+00:00,40.288702,-88.126476,7.718024977229577,795.0,-9.814162213622721,rs5,20.552622114549422,35.087335393953516,14.534713279404095,3,20.552622114549422,35.087335393953516,14.534713279404095,26.33125891160298,negative_cross,toward_S1,2.655310482696789
4,gle350,2024-03-29 21:33:57+00:00,40.288793,-88.126456,-2.4296677371026076,796.0,-10.147692714332184,rs7,25.395576724193166,30.680036372947608,5.284459648754442,2,25.395576724193166,30.680036372947608,5.284459648754442,-27.632700444717127,negative_cross,toward_S1,2.4667228279187876
4,gle350,2024-03-29 21:33:58+00:00,40.288887,-88.12644,-12.904770781468523,797.0,-10.475103044365916,rs7,15.962365243033373,31.11842016567805,15.156054922644676,2,15.962365243033373,41.11002325398041,25.147658010947033,-27.632700444717127,negative_cross,toward_S1,2.2727394382083075
4,gle350,2024-03-29 21:33:59+00:00,40.288983,-88.126432,-23.589987149465333,798.0,-10.68521636799681,rs7,8.615741626257478,26.99693364221108,18.3811920159536,2,8.615741626257478,51.65288634607278,43.0371447198153,-27.632700444717127,negative_cross,toward_S1,2.0748650610231816
4,gle350,2024-03-29 21:34:00+00:00,40.289082,-88.126428,-34.60261384666243,799.0,-11.012626697197096,rs7,11.035985583974835,27.211810922153504,16.17582533817867,2,11.035985583974835,44.04734433541799,33.011358751443154,-27.632700444717127,negative_cross,toward_S1,1.8709275295936054
4,gle350,2024-03-29 21:34:01+00:00,40.289183,-88.126428,-45.831474039789555,800.0,-11.228860193127126,rs7,20.363594126957317,31.947140599161415,11.583546472204098,2,20.363594126957317,32.88633867592894,12.522744548971623,-27.632700444717127,negative_cross,toward_S1,1.6629856741653253
4,gle350,2024-03-29 21:34:02+00:00,40.289283,-88.12643,-56.94609731306925,801.0,-11.114623273279697,rs10,21.8764493216724,30.83144935454824,8.95500003287584,1,21.8764493216724,30.83144935454824,8.95500003287584,-78.92951005359993,negative_cross,toward_S1,1.4071002359357532
4,gle350,2024-03-29 21:34:03+00:00,40.289381,-88.126431,-67.83989696259331,802.0,-10.893799649524063,rs10,11.334494171584069,28.388209322006546,17.053715150422477,1,11.334494171584069,41.43855600207196,30.104061830487893,-78.92951005359993,negative_cross,toward_S1,1.2053632053890113
4,gle350,2024-03-29 21:34:04+00:00,40.289478,-88.126434,-78.61945969303818,803.0,-10.779562730444866,rs10,3.8237352567468146,26.33835339701737,22.514618140270557,1,3.8237352567468146,52.03155134141981,48.20781608467299,-78.92951005359993,negative_cross,toward_S1,1.005741673343736
4,gle350,2024-03-29 21:34:05+00:00,40.289564,-88.126435,-88.17913733884744,804.0,-9.55967764580926,rs10,10.465245658145701,27.957039193418378,17.491793535272677,1,10.465245658145701,61.498374141902055,51.03312848375636,-78.92951005359993,negative_cross,toward_S1,0.8287106058287498
4,gle350,2024-03-29 21:34:06+00:00,40.289636,-88.126418,-96.20988008686311,805.0,-8.030742748015669,rs10,18.522792057123972,30.29907309817515,11.776281041051178,1,18.522792057123972,69.62477453467943,51.10198247755546,-78.92951005359993,negative_cross,toward_S1,0.6799931475321632
4,gle350,2024-03-29 21:34:07+00:00,40.289688,-88.12638,-102.04921706268007,806.0,-5.839336975816963,rs10,25.020797037519582,31.610462413703043,6.589665376183461,1,25.020797037519582,75.81695153393781,50.796154496418225,-78.92951005359993,negative_cross,toward_S1,0.5718572776096269
4,gle350,2024-03-29 21:34:08+00:00,40.289717,-88.126319,-105.36667785289082,807.0,-3.3174607902107454,rs10,30.03687265689324,30.97098355770536,0.9341109008121187,1,30.03687265689324,79.34207603074123,49.30520337384799,-78.92951005359993,negative_cross,toward_S1,0.5104228185316502
4,gle350,2024-03-29 21:34:09+00:00,40.289718,-88.126249,-105.5849576874955,808.0,-0.21827983460468658,rs8,28.34417343916072,33.23696553359273,4.892792094432011,1,28.34417343916072,78.38829009975478,50.044116660594064,-78.92951005359993,positive_cross,ambiguous,0.5063805993723041
4,gle350,2024-03-29 21:34:10+00:00,40.289694,-88.12619,-103.00698621053468,809.0,2.577971476960826,rs8,24.26523414682223,34.475943208440114,10.210709061617884,1,24.26523414682223,75.17344565806783,50.908211511245604,-78.92951005359993,positive_cross,toward_S4,0.5541208119086157
4,gle350,2024-03-29 21:34:11+00:00,40.289651,-88.126159,-98.27381369533042,810.0,4.733172515204259,rs8,19.057646924169823,33.399531759766425,14.341884835596602,1,19.057646924169823,70.22722595336582,51.169579029195994,-78.92951005359993,positive_cross,toward_S4,0.6417721547827686
4,gle350,2024-03-29 21:34:12+00:00,40.289598,-88.126156,-92.38603164332987,811.0,5.887782052000546,rs8,13.213593812228224,30.57464727035569,17.361053458127465,1,13.213593812228224,64.32689036248648,51.113296550258255,-78.92951005359993,positive_cross,toward_S4,0.7508051557457418
4,gle350,2024-03-29 21:34:13+00:00,40.289543,-88.126168,-86.25294528153694,812.0,6.133086361792934,rs8,7.77985382394944,27.415004702839745,19.635150878890304,1,7.77985382394944,58.28395623246138,50.50410240851194,-78.92951005359993,positive_cross,toward_S4,0.8643808291122775
4,gle350,2024-03-29 21:34:14+00:00,40.289482,-88.126176,-79.45891808902257,813.0,6.794027192514363,rs8,4.445777183420526,25.715505916185677,21.269728732765152,1,4.445777183420526,51.580607792527445,47.13483060910692,-78.92951005359993,positive_cross,toward_S4,0.9901961474921732
4,gle350,2024-03-29 21:34:15+00:00,40.289409,-88.126182,-71.33382897932712,814.0,8.125089109695452,rs8,9.492929729395524,26.280116865377444,16.78718713598192,1,9.492929729395524,43.5665357467599,34.07360601736437,-78.92951005359993,positive_cross,toward_S4,1.1406607606346815
4,gle350,2024-03-29 21:34:16+00:00,40.289324,-88.126187,-61.87614790957869,815.0,9.457681069748432,rs8,18.357267691135508,29.99914557272009,11.64187788158458,1,18.357267691135508,34.27781435217847,15.920546661042959,-78.92951005359993,positive_cross,toward_S4,1.31580300266706
4,gle350,2024-03-29 21:34:17+00:00,40.289226,-88.126186,-50.98234826005463,816.0,10.893799649524063,rs6,23.592987534420512,28.940061950303114,5.347074415882602,2,23.592987534420512,28.940061950303114,5.347074415882602,-27.632700444717127,positive_cross,toward_S4,1.567599114530787
4,gle350,2024-03-29 21:34:18+00:00,40.28912,-88.126177,-39.21137428466904,817.0,11.770973975385587,rs6,12.170591742269345,31.683582101627362,19.512990359358017,2,12.170591742269345,40.49592312503542,28.325331382766073,-27.632700444717127,positive_cross,toward_S4,1.7855801140749645
4,gle350,2024-03-29 21:34:19+00:00,40.28901,-88.126171,-26.991102846601194,818.0,12.220271438067847,rs6,4.675935117081302,29.980687748324225,25.304752631242923,2,4.675935117081302,52.63045696256337,47.95452184548207,-27.632700444717127,positive_cross,toward_S4,2.0118814370021467
4,gle350,2024-03-29 21:34:20+00:00,40.288895,-88.126167,-14.211887154640973,819.0,12.779215691960221,rs6,14.56389551982684,33.13600161822695,18.57210609840011,2,14.56389551982684,40.200028573849394,25.636133054022554,-27.632700444717127,positive_cross,toward_S4,2.2485335794458545
4,gle350,2024-03-29 21:34:21+00:00,40.288778,-88.126165,-1.2072577102877933,820.0,13.00462944435318,rs6,27.259542684236084,27.28700422882008,0.0274615445839963,2,27.259542684236084,27.28700422882008,0.0274615445839963,-27.632700444717127,positive_cross,toward_S4,2.4893600506375804
4,gle350,2024-03-29 21:34:22+00:00,40.28866,-88.126165,11.911608653912808,821.0,13.118866364200601,rs3,14.501343435623733,36.72049318819171,22.21914975256798,3,14.501343435623733,40.287196005892916,25.785852570269185,26.33125891160298,positive_cross,toward_S4,2.732969439672404
4,gle350,2024-03-29 21:34:23+00:00,40.288542,-88.126167,25.033535103857126,822.0,13.121926449944318,rs3,4.697058049359962,33.584739480457266,28.887681431097306,3,4.697058049359962,53.375492439579105,48.678434390219145,26.33125891160298,positive_cross,toward_S4,2.9759680776343362
4,gle350,2024-03-29 21:34:24+00:00,40.288427,-88.126169,37.82193105309199,823.0,12.788395949234861,rs3,13.046344684003797,35.27514711544513,22.22880243144133,3,13.046344684003797,41.559236602650785,28.512891918646986,26.33125891160298,positive_cross,toward_S4,3.212790224842389
4,gle350,2024-03-29 21:34:25+00:00,40.288312,-88.126171,50.61032700230509,824.0,12.788395949213104,rs3,25.40925665015489,28.91177479976002,3.5025181496051303,3,25.40925665015489,28.91177479976002,3.5025181496051303,26.33125891160298,positive_cross,toward_S4,3.449612372050039
4,gle350,2024-03-29 21:34:26+00:00,40.288203,-88.126173,62.731661949265835,825.0,12.121334946960744,rs1,17.1263509225102,37.2234123557665,20.0970614332563,4,17.1263509225102,37.3958676220439,20.269516699533703,80.2309515867141,positive_cross,toward_S4,3.675939080787995
4,gle350,2024-03-29 21:34:27+00:00,40.288107,-88.126176,73.40922810367158,826.0,10.677566154405746,rs1,7.749199478034107,33.10145767239895,25.352258194364843,4,7.749199478034107,48.0221511957296,40.27295171769549,80.2309515867141,positive_cross,toward_S4,3.8736717873510647
4,gle350,2024-03-29 21:34:28+00:00,40.28802,-88.126183,83.09232292579121,827.0,9.683094822119628,rs1,7.059790812912263,31.73252412510772,24.672733312195454,4,7.059790812912263,57.70628881172126,50.646497998809,80.2309515867141,positive_cross,toward_S4,4.052988358131057
4,gle350,2024-03-29 21:34:29+00:00,40.287951,-88.126208,90.801775516094,828.0,7.709452590302789,rs1,14.104988849695468,31.145453322550832,17.040464472855362,4,14.104988849695468,65.57310810103203,51.46811925133657,80.2309515867141,positive_cross,toward_S4,4.195755998692221
4,gle350,2024-03-29 21:34:30+00:00,40.2879,-88.126252,96.53911591582836,829.0,5.737340399734364,rs1,20.895024054126793,30.130126583288277,9.235102529161484,4,20.895024054126793,71.72745364227332,50.832429588146525,80.2309515867141,positive_cross,toward_S4,4.302003043131745
4,gle350,2024-03-29 21:34:31+00:00,40.287876,-88.126319,99.30987279514332,830.0,2.770756879314959,rs1,26.484366604243053,27.147857827961477,0.6634912237184238,4,26.484366604243053,75.477070301695,48.992703697451944,80.2309515867141,positive_cross,toward_S4,4.353313355711652
4,gle350,2024-03-29 21:34:32+00:00,40.287871,-88.126395,99.98204022106762,831.0,0.6721674259243002,rs2,23.23236189634447,31.458334755275423,8.225972858930952,4,23.23236189634447,74.5976051572683,51.36524326092383,80.2309515867141,negative_cross,toward_S4,4.365760900636176
4,gle350,2024-03-29 21:34:33+00:00,40.287894,-88.126461,97.52595587833528,832.0,-2.456084342732339,rs2,18.123154056864884,34.48528557608432,16.36213151921944,4,18.123154056864884,71.195953951241,53.07279989437611,80.2309515867141,negative_cross,toward_S1,4.320277857252244
4,gle350,2024-03-29 21:34:34+00:00,40.287937,-88.126505,92.81267392050862,833.0,-4.713281957826666,rs2,12.238837616390088,35.68884436247993,23.45000674608984,4,12.238837616390088,66.07083984922103,53.832002232830945,80.2309515867141,negative_cross,toward_S1,4.232994858033232
4,gle350,2024-03-29 21:34:35+00:00,40.287991,-88.126521,86.83360559257194,834.0,-5.979068327936673,rs2,6.200884898288873,35.25672178378561,29.055836885496735,4,6.200884898288873,59.987685634892905,53.786800736604036,80.2309515867141,negative_cross,toward_S1,4.122271370478849
4,gle350,2024-03-29 21:34:36+00:00,40.288049,-88.12652,80.38381920091352,835.0,-6.449786391658421,rs2,3.225769669169173,34.43768148294248,31.211911813773305,4,3.225769669169173,53.55466423637172,50.328894567202546,80.2309515867141,negative_cross,toward_S1,4.002830881744433
4,gle350,2024-03-29 21:34:37+00:00,40.288111,-88.126516,73.48473534657283,836.0,-6.899083854340688,rs2,8.608990801300731,34.64067111735141,26.03168031605068,4,8.608990801300731,46.70403205241176,38.09504125111103,80.2309515867141,negative_cross,toward_S1,3.8750700696270135
4,gle350,2024-03-29 21:34:38+00:00,40.288182,-88.126515,65.58965011867586,837.0,-7.8950852278969705,rs2,16.185365514443156,36.792770716273395,20.60740520183024,4,16.185365514443156,38.849625913309566,22.66426039886641,80.2309515867141,negative_cross,toward_S1,3.7288647876289214
4,gle350,2024-03-29 21:34:39+00:00,40.288352,-88.126512,46.68499827853555,838.0,-18.90465184014031,rs5,20.191381389014925,34.914802743145074,14.72342135413015,3,20.191381389014925,34.914802743145074,14.72342135413015,26.33125891160298,negative_cross,toward_S1,3.37692109938764
4,gle350,2024-03-29 21:34:40+00:00,40.288451,-88.12651,35.675431667060415,839.0,-11.009566611475137,rs5,9.791908099757611,35.04980442250376,25.25789632274615,3,9.791908099757611,45.89212859955449,36.100220499796876,26.33125891160298,negative_cross,toward_S1,3.1730402362121746
4,gle350,2024-03-29 21:34:41+00:00,40.288551,-88.126505,24.550098093655972,840.0,-11.125333573404443,rs5,5.437973640233583,33.3681414546652,27.930167814431616,3,5.437973640233583,51.66834460420246,46.23037096396888,26.33125891160298,negative_cross,toward_S1,2.9670155404083887
4,gle350,2024-03-29 21:34:42+00:00,40.288653,-88.126491,13.188640466965607,841.0,-11.361457626690365,rs5,15.026498098021484,34.67331592122527,19.646817823203783,3,15.026498098021484,40.39622298576087,25.369724887739387,26.33125891160298,negative_cross,toward_S1,2.75661817695116
4,gle350,2024-03-29 21:34:43+00:00,40.288754,-88.126471,1.9291794163143612,842.0,-11.259461050651247,rs5,26.159864801128588,29.413148425105533,3.2532836239769445,3,26.159864801128588,29.413148425105533,3.2532836239769445,26.33125891160298,negative_cross,toward_S1,2.5481096389761366
4,gle350,2024-03-29 21:34:44+00:00,40.28886,-88.126453,-9.883105716720088,843.0,-11.81228513303445,rs7,18.302075021674113,33.5864308305937,15.284355808919585,2,18.302075021674113,37.926874590894975,19.624799569220862,-27.632700444717127,negative_cross,toward_S1,2.328696198666612
4,gle350,2024-03-29 21:34:45+00:00,40.288969,-88.126442,-22.018211050360996,844.0,-12.135105333640908,rs7,8.676186484140716,28.11044518577572,19.434258701635002,2,8.676186484140716,49.95250022057139,41.27631373643067,-27.632700444717127,negative_cross,toward_S1,2.1039720258214096
4,gle350,2024-03-29 21:34:46+00:00,40.289081,-88.12644,-34.47307649884291,845.0,-12.454865448481911,rs7,10.225211505059967,28.171467693437588,17.94625618837762,2,10.225211505059967,44.06992063935952,33.844709134299556,-27.632700444717127,negative_cross,toward_S1,1.873326369368041
4,gle350,2024-03-29 21:34:47+00:00,40.289197,-88.126439,-47.37111923849791,846.0,-12.898042739655004,rs7,21.46653629669403,31.22822228143895,9.761685984744918,2,21.46653629669403,31.22822228143895,9.761685984744918,-27.632700444717127,negative_cross,toward_S1,1.6344737260410966
4,gle350,2024-03-29 21:34:48+00:00,40.289312,-88.126441,-60.1533950162236,847.0,-12.782275777725687,rs10,18.53479291621618,32.89156218390829,14.356769267692112,1,18.53479291621618,33.74913699451053,15.21434407829435,-78.92951005359993,negative_cross,toward_S1,1.3477058340254875
4,gle350,2024-03-29 21:34:49+00:00,40.289425,-88.126444,-72.71178708363821,848.0,-12.558392067414616,rs10,6.412630002467313,27.90787738864333,21.495247386176015,1,6.412630002467313,46.07589362438082,39.66326362191351,-78.92951005359993,negative_cross,toward_S1,1.115143017962254
4,gle350,2024-03-29 21:34:50+00:00,40.289525,-88.126446,-83.82641035691792,849.0,-11.114623273279705,rs10,6.11728489128995,27.77188358747837,21.654598696188422,1,6.11728489128995,57.079960472538716,50.96267558124877,-78.92951005359993,negative_cross,toward_S1,0.9093166610496668
4,gle350,2024-03-29 21:34:51+00:00,40.289606,-88.126443,-92.83632400687767,850.0,-9.009913649959756,rs10,14.767607670592238,30.416520031516335,15.648912360924097,1,14.767607670592238,66.06248504829851,51.29487737770627,-78.92951005359993,negative_cross,toward_S1,0.7424664082726342
4,gle350,2024-03-29 21:34:52+00:00,40.289669,-88.126417,-99.88024563856816,851.0,-7.0439216316904805,rs10,22.090966467858998,32.45273466035396,10.361768192494964,1,22.090966467858998,73.27635491595866,51.185388448099665,-78.92951005359993,negative_cross,toward_S1,0.6120234150931809
4,gle350,2024-03-29 21:34:53+00:00,40.289712,-88.126369,-104.73429154095358,852.0,-4.8540459023854226,rs10,27.848619692152468,33.00092267437436,5.15230298222189,1,27.848619692152468,78.60357894935949,50.75495925720702,-78.92951005359993,negative_cross,toward_S1,0.5221336761601176
4,gle350,2024-03-29 21:34:54+00:00,40.289729,-88.126303,-106.72528054183057,853.0,-1.9909890008769935,rs8,31.426914244765264,31.846793664079733,0.41987941931446926,1,31.426914244765264,80.36931388750932,48.94239964274406,-78.92951005359993,positive_cross,toward_S1,0.4852635094772103
4,gle350,2024-03-29 21:34:55+00:00,40.289719,-88.126234,-105.71908516395237,854.0,1.0061953778781998,rs8,27.99623029598045,34.08783133032706,6.091601034346613,1,27.99623029598045,78.32778021974826,50.33154992376781,-78.92951005359993,positive_cross,toward_S4,0.5038967572156955
4,gle350,2024-03-29 21:34:56+00:00,40.289681,-88.126186,-101.56780754578354,855.0,4.151277618168834,rs8,22.7800115590613,33.724626787611605,10.944615228550305,1,22.7800115590613,73.70493659415355,50.92492503509225,-78.92951005359993,positive_cross,toward_S4,0.5807722686632665
4,gle350,2024-03-29 21:34:57+00:00,40.289627,-88.126169,-95.59026926071874,856.0,5.977538285064796,rs8,16.60304611701218,31.20011153022615,14.597065413213969,1,16.60304611701218,67.61068469391128,51.0076385768991,-78.92951005359993,positive_cross,toward_S4,0.6914674220903922
4,gle350,2024-03-29 21:34:58+00:00,40.28957,-88.126173,-89.2470695737585,857.0,6.343199686960247,rs8,10.667961518521269,27.98369379798344,17.315732279462175,1,10.667961518521269,61.310432144269654,50.64247062574839,-78.92951005359993,positive_cross,toward_S4,0.8089340829600266
4,gle350,2024-03-29 21:34:59+00:00,40.289507,-88.126175,-82.23986897184777,858.0,7.007200601910725,rs8,5.183968847286334,26.019951608729784,20.83598276144345,1,5.183968847286334,54.34139478789494,49.157425940608604,-78.92951005359993,positive_cross,toward_S4,0.9386970570694844
4,gle350,2024-03-29 21:35:00+00:00,40.289432,-88.126175,-73.90160645198773,859.0,8.338262519860038,rs8,7.049723489970803,26.254260724951223,19.20453723498042,1,7.049723489970803,46.03905556880941,38.98933207883861,-78.92951005359993,positive_cross,toward_S4,1.0931093259557814
4,gle350,2024-03-29 21:35:01+00:00,40.289343,-88.126175,-64.0068682625754,860.0,9.894738189412337,rs8,16.042313837933825,29.738735159975242,13.696421322041417,1,16.042313837933825,36.21059186106184,20.168278023128018,-78.92951005359993,positive_cross,toward_S4,1.276345218352306
4,gle350,2024-03-29 21:35:02+00:00,40.289242,-88.126177,-52.77494798370456,861.0,11.231920278870838,rs6,25.15770139950598,27.054126628402397,1.8964252288964154,2,25.15770139950598,27.054126628402397,1.8964252288964154,-27.632700444717127,positive_cross,toward_S4,1.5344028233520846
4,gle350,2024-03-29 21:35:03+00:00,40.289137,-88.126178,-41.099850412870666,862.0,11.675097570833891,rs6,13.944716600905059,32.349205620665025,18.404489019759964,2,13.944716600905059,38.627570849751415,24.682854248846354,-27.632700444717127,positive_cross,toward_S4,1.7506083339230827
4,gle350,2024-03-29 21:35:04+00:00,40.289027,-88.126177,-28.871928760421785,863.0,12.227921652448881,rs6,5.092834556701067,29.4945550994314,24.40172054273033,2,5.092834556701067,50.78822005527221,45.69538549857114,-27.632700444717127,positive_cross,toward_S4,1.9770513274869508
4,gle350,2024-03-29 21:35:05+00:00,40.288913,-88.126173,-16.20388990256527,864.0,12.668038857856516,rs6,12.837158257544333,31.903304522464822,19.06614626492049,2,12.837158257544333,42.2484322224958,29.41127396495147,-27.632700444717127,positive_cross,toward_S4,2.211644639669479
4,gle350,2024-03-29 21:35:06+00:00,40.288799,-88.12617,-3.534321001025194,865.0,12.669568901540075,rs6,25.0236014178395,29.66073001246729,4.637128594627789,2,25.0236014178395,29.66073001246729,4.637128594627789,-27.632700444717127,positive_cross,toward_S4,2.446266285994295
4,gle350,2024-03-29 21:35:07+00:00,40.288685,-88.126166,9.133717856831323,866.0,12.668038857856518,rs3,17.189834671604423,37.53064084572496,20.340806174120537,3,17.189834671604423,37.53064084572496,20.340806174120537,26.33125891160298,positive_cross,toward_S4,2.6815270175042287
4,gle350,2024-03-29 21:35:08+00:00,40.28857,-88.126165,21.91752367742886,867.0,12.783805820597538,rs3,5.862517579901139,34.02615398765284,28.163636407751703,3,5.862517579901139,50.25750326804783,44.39498568814669,26.33125891160298,positive_cross,toward_S4,2.918264162330109
4,gle350,2024-03-29 21:35:09+00:00,40.288456,-88.126165,34.59168270758451,868.0,12.67415903015565,rs3,9.962140315456322,34.699277166650184,24.73713685119386,3,9.962140315456322,44.73203173064392,34.769891415187594,26.33125891160298,positive_cross,toward_S4,3.152970811036695
4,gle350,2024-03-29 21:35:10+00:00,40.288341,-88.126167,47.38007865600767,869.0,12.788395948423158,rs3,22.18187789637842,32.0475192606276,9.865641364249182,3,22.18187789637842,32.0475192606276,9.865641364249182,26.33125891160298,positive_cross,toward_S4,3.3897929582297164
4,gle350,2024-03-29 21:35:11+00:00,40.288228,-88.126171,59.94918102435874,870.0,12.569102368351068,rs1,19.760928259476675,34.61905511075206,14.858126851275383,4,19.760928259476675,34.61905511075206,14.858126851275383,80.2309515867141,positive_cross,toward_S4,3.6244116562526782
4,gle350,2024-03-29 21:35:12+00:00,40.288127,-88.126176,71.18569143107695,871.0,11.23651040671821,rs1,9.507076851639276,33.672827016621135,24.16575016498186,4,9.507076851639276,45.812487607278364,36.30541075563909,80.2309515867141,positive_cross,toward_S4,3.8324951823030156
4,gle350,2024-03-29 21:35:14+00:00,40.288037,-88.126186,81.20690688335505,873.0,5.01060772613905,rs1,6.437078230053596,31.40235660409322,24.965278374039624,4,6.437078230053596,55.85402103424987,49.416942804196275,80.2309515867141,positive_cross,toward_S4,4.018073246234092
4,gle350,2024-03-29 21:35:15+00:00,40.287961,-88.126217,89.70377756566513,874.0,8.496870682310089,rs1,13.675500829106877,30.07921070309406,16.403709873987182,4,13.675500829106877,64.57028318147721,50.89478235237033,80.2309515867141,positive_cross,toward_S4,4.175422703313908
4,gle350,2024-03-29 21:35:16+00:00,40.287905,-88.126269,96.00924247656651,875.0,6.305464910901378,rs1,21.294504090358625,28.609065366648757,7.3145612762901315,4,21.294504090358625,71.43354512184318,50.13904103148455,80.2309515867141,positive_cross,toward_S4,4.292190572034304
4,gle350,2024-03-29 21:35:17+00:00,40.287875,-88.126337,99.4485904002375,876.0,3.4393479236709936,rs2,26.11441625880201,27.591405106965585,1.4769888481635753,4,26.11441625880201,75.25901777045434,49.144601511652326,80.2309515867141,negative_cross,toward_S4,4.355882200250433
4,gle350,2024-03-29 21:35:18+00:00,40.287869,-88.126411,100.22887457450004,877.0,0.7802841742625333,rs2,22.6469274839605,32.639574413664704,9.992646929704204,4,22.6469274839605,74.57005028584936,51.923122801888866,80.2309515867141,negative_cross,toward_S4,4.370331907181221
4,gle350,2024-03-29 21:35:19+00:00,40.28789,-88.12648,97.99973402780067,878.0,-2.2291405466993695,rs2,17.879350895270615,36.09570119515487,18.21635029988425,4,17.879350895270615,71.46175097525615,53.58240007998553,80.2309515867141,negative_cross,toward_S1,4.329051526686788
4,gle350,2024-03-29 21:35:20+00:00,40.287937,-88.126523,92.84021469228902,879.0,-5.159519335511646,rs2,11.784698624142221,37.11199198370881,25.32729335956659,4,11.784698624142221,65.97565773693114,54.19095911278892,80.2309515867141,negative_cross,toward_S1,4.233504872325462
4,gle350,2024-03-29 21:35:21+00:00,40.287991,-88.12653,86.84737597846215,880.0,-5.99283871382687,rs2,5.8724825165358245,36.004578084381656,30.13209556784583,4,5.8724825165358245,59.94771284274087,54.075230326205045,80.2309515867141,negative_cross,toward_S1,4.122526377624964
4,gle350,2024-03-29 21:35:22+00:00,40.288045,-88.126524,80.8346467072576,881.0,-6.012729271204549,rs2,2.781934043443263,34.789356337957614,32.00742229451435,4,2.781934043443263,53.97696816060122,51.19503411715795,80.2309515867141,negative_cross,toward_S1,4.011179539269325
4,gle350,2024-03-29 21:35:23+00:00,40.288106,-88.126521,74.04826972910253,882.0,-6.786376978155076,rs2,7.932300322395157,34.9649471967779,27.032646874382742,4,7.932300322395157,47.22467688678384,39.29237656438868,80.2309515867141,negative_cross,toward_S1,3.8855058915257117
4,gle350,2024-03-29 21:35:24+00:00,40.288174,-88.126519,66.48518495906492,883.0,-7.563084770037605,rs2,15.243974449823245,36.77901940175603,21.535044951932786,4,15.243974449823245,39.70175824922628,24.457783799403035,80.2309515867141,negative_cross,toward_S1,3.7454487661546447
4,gle350,2024-03-29 21:35:25+00:00,40.288255,-88.126516,57.475271309105146,884.0,-9.009913649959778,rs2,24.16548325580048,30.774440243358114,6.608956987557633,4,24.16548325580048,30.774440243358114,6.608956987557633,80.2309515867141,negative_cross,toward_S1,3.578598513377612
4,gle350,2024-03-29 21:35:26+00:00,40.288348,-88.126515,47.13429574198603,885.0,-10.340975567119116,rs5,20.575005363621038,34.44579525060075,13.870789886979715,3,20.575005363621038,34.44579525060075,13.870789886979715,26.33125891160298,negative_cross,toward_S1,3.3852414227848713
4,gle350,2024-03-29 21:35:27+00:00,40.288448,-88.126512,36.012022253557085,886.0,-11.122273488428945,rs5,10.016456455887491,35.3042829960828,25.287826540195304,3,10.016456455887491,45.545418715889554,35.52896226000206,26.33125891160298,negative_cross,toward_S1,3.1792733952213723
4,gle350,2024-03-29 21:35:28+00:00,40.288553,-88.126502,24.323154297622946,887.0,-11.688867955934139,rs5,5.765253179464225,33.125885172106,27.36063199264178,3,5.765253179464225,51.45473439864333,45.68948121917911,26.33125891160298,negative_cross,toward_S1,2.962812877518888
4,gle350,2024-03-29 21:35:29+00:00,40.288663,-88.126481,12.061571701906226,888.0,-12.26158259571672,rs5,16.389878159017464,34.33088624411576,17.941008085098296,3,16.389878159017464,39.3568726740712,22.966994515053734,26.33125891160298,negative_cross,toward_S1,2.7357465331537636
4,gle350,2024-03-29 21:35:30+00:00,40.288779,-88.126461,-0.8655418523793018,889.0,-12.927113554285528,rs7,26.825874411896706,29.067044230541192,2.2411698186444866,2,26.825874411896706,29.067044230541192,2.2411698186444866,-27.632700444717127,negative_cross,toward_S1,2.49568812208033
4,gle350,2024-03-29 21:35:31+00:00,40.288901,-88.126448,-14.449006108814194,890.0,-13.583464256434892,rs7,14.266424358198648,31.018763756814163,16.752339398615515,2,14.266424358198648,42.45800366008471,28.19157930188606,-27.632700444717127,negative_cross,toward_S1,2.244142487701906
4,gle350,2024-03-29 21:35:32+00:00,40.289027,-88.126441,-28.46799744122945,891.0,-14.018991332415256,rs7,7.186200625129287,27.44791173161991,20.261711106490623,2,7.186200625129287,50.055684965901406,42.86948434077212,-27.632700444717127,negative_cross,toward_S1,1.9845315371016237
4,gle350,2024-03-29 21:35:33+00:00,40.289158,-88.12644,-43.033692685330436,892.0,-14.565695244100986,rs7,17.409039529807615,31.343804594486922,13.934765064679308,2,17.409039529807615,35.53548469956389,18.126445169756273,-27.632700444717127,negative_cross,toward_S1,1.7147964399886424
4,gle350,2024-03-29 21:35:34+00:00,40.289287,-88.126441,-57.373974176270245,893.0,-14.340281490939809,rs10,21.278560218045392,31.03559413883821,9.757033920792818,1,21.278560218045392,31.03559413883821,9.757033920792818,-78.92951005359993,negative_cross,toward_S1,1.39917659032092
4,gle350,2024-03-29 21:35:35+00:00,40.289409,-88.126444,-70.9329577458785,894.0,-13.558983569608252,rs10,8.032336325222031,28.363760707366495,20.331424382144462,1,8.032336325222031,44.31661488386392,36.28427855864189,-78.92951005359993,negative_cross,toward_S1,1.1480843019948412
4,gle350,2024-03-29 21:35:36+00:00,40.289519,-88.126446,-83.1593493554555,895.0,-12.226391609577007,rs10,5.532365090476153,27.664230870294247,22.131865779818092,1,5.532365090476153,56.41719102653114,50.88482593605499,-78.92951005359993,negative_cross,toward_S1,0.92166964255823
4,gle350,2024-03-29 21:35:37+00:00,40.289607,-88.126443,-92.94750084019141,896.0,-9.788151484735906,rs10,14.876446854640525,30.46719681880133,15.590749964160805,1,14.876446854640525,66.17310446311542,51.296657608474895,-78.92951005359993,negative_cross,toward_S1,0.7404075780260837
4,gle350,2024-03-29 21:35:38+00:00,40.289672,-88.12642,-100.20918601068378,897.0,-7.26168517049237,rs10,22.356827908470777,32.862184131635146,10.50535622316437,1,22.356827908470777,73.57641485231757,51.21958694384679,-78.92951005359993,negative_cross,toward_S1,0.6059319267206693
4,gle350,2024-03-29 21:35:39+00:00,40.289713,-88.12638,-104.8286379026334,898.0,-4.619451891949623,rs10,27.65585356195717,33.682359130815506,6.026505568858337,1,27.65585356195717,78.56240066253898,50.906547100581804,-78.92951005359993,negative_cross,toward_S1,0.5203865213141949
4,gle350,2024-03-29 21:35:40+00:00,40.289734,-88.126267,-107.33624625349657,899.0,-2.5076083508631655,rs8,30.576034818015252,33.857911679923305,3.281876861908053,1,30.576034818015252,80.37686586177365,49.8008310437584,-78.92951005359993,positive_cross,toward_S1,0.4739493296315437
