run_id,label,timestamp,latitude,longitude,axis_m,elapsed_s,axis_velocity_mps,nearest_sensor,nearest_sensor_distance_m,second_sensor_distance_m,sensor_margin_m,nearest_station,nearest_station_distance_m,second_station_distance_m,station_margin_m,nearest_station_axis_m,side_label,direction,lap_progress_stationized
5,gle350,2024-03-29 21:35:41+00:00,40.289712,-88.126217,-104.966858058063,0.0,0.0,rs8,26.80249647440635,34.388332922254875,7.585836447848525,1,26.80249647440635,77.38503612086885,50.58253964646249,-78.92951005359993,positive_cross,toward_S4,0.5178268888062394
5,gle350,2024-03-29 21:35:42+00:00,40.289666,-88.126177,-99.91392542722778,1.0,5.052932630835215,rs8,20.982842540811337,33.20593078200292,12.223088241191586,1,20.982842540811337,71.98435561200219,51.00151307119086,-78.92951005359993,positive_cross,toward_S4,0.6113997153031878
5,gle350,2024-03-29 21:35:43+00:00,40.289595,-88.126172,-92.02802045658369,2.0,7.885904970644091,rs8,13.243523276064975,29.21154995881485,15.968026682749874,1,13.243523276064975,64.07709485475748,50.8335715786925,-78.92951005359993,positive_cross,toward_S4,0.7574349925373377
5,gle350,2024-03-29 21:35:44+00:00,40.289518,-88.126176,-83.46128409858699,3.0,8.566736357996703,rs8,5.998022575749643,26.126144459538654,20.12812188378901,1,5.998022575749643,55.567570551059745,49.5695479753101,-78.92951005359993,positive_cross,toward_S4,0.9160782584261655
5,gle350,2024-03-29 21:35:45+00:00,40.289434,-88.126174,-74.12549016227705,4.0,9.33579393630994,rs8,6.822825598523243,26.29709227086123,19.47426667233799,1,6.822825598523243,46.25141156449467,39.42858596597142,-78.92951005359993,positive_cross,toward_S4,1.088963331320794
5,gle350,2024-03-29 21:35:46+00:00,40.28934,-88.126172,-63.67792789048151,5.0,10.447562271795533,rs8,16.29769486837488,30.126030759292295,13.828335890917415,1,16.29769486837488,35.84631266822667,19.548617799851794,-78.92951005359993,positive_cross,toward_S4,1.2824367067244151
5,gle350,2024-03-29 21:35:47+00:00,40.289238,-88.126171,-52.33942090612254,6.0,11.338506984358972,rs6,24.623246579579977,27.41356129512748,2.7903147155475025,2,24.623246579579977,27.41356129512748,2.7903147155475025,-27.632700444717127,positive_cross,toward_S4,1.5424681396036035
5,gle350,2024-03-29 21:35:48+00:00,40.289127,-88.126171,-39.99879237748805,7.0,12.34062852863449,rs6,12.692842692937704,32.44761798609477,19.754775293157067,2,12.692842692937704,39.66748544677609,26.97464275383839,-27.632700444717127,positive_cross,toward_S4,1.7709982975412792
5,gle350,2024-03-29 21:35:49+00:00,40.289018,-88.126174,-27.875927386843745,8.0,12.122864990644306,rs6,4.792562417947438,29.7218792757255,24.929316857778062,2,4.792562417947438,51.76369629473909,46.971133876791654,-27.632700444717127,positive_cross,toward_S4,1.9954957973680256
5,gle350,2024-03-29 21:35:50+00:00,40.288908,-88.126176,-15.643415605779293,9.0,12.232511781064453,rs6,13.447906292638372,31.869707884253522,18.42180159161515,2,13.447906292638372,41.72877001373493,28.28086372109656,-27.632700444717127,positive_cross,toward_S4,2.2220237933136637
5,gle350,2024-03-29 21:35:51+00:00,40.288795,-88.126177,-3.0789033668554944,10.0,12.564512238923799,rs6,25.571937678090332,29.327551037378814,3.755613359288482,2,25.571937678090332,29.327551037378814,3.755613359288482,-27.632700444717127,positive_cross,toward_S4,2.4546999458863263
5,gle350,2024-03-29 21:35:52+00:00,40.28868,-88.126179,9.709492582357619,11.0,12.788395949213113,rs3,16.98976287924811,36.59595149846005,19.60618861921194,3,16.98976287924811,38.21814333434179,21.228380455093678,26.33125891160298,positive_cross,toward_S4,2.692189512421382
5,gle350,2024-03-29 21:35:53+00:00,40.288565,-88.126179,22.494828445827014,12.0,12.785335863469395,rs3,6.521127060446873,32.777413502093296,26.256286441646424,3,6.521127060446873,50.91964966958496,44.39852260913809,26.33125891160298,positive_cross,toward_S4,2.928954991374519
5,gle350,2024-03-29 21:35:54+00:00,40.288448,-88.126176,35.49792784730834,13.0,13.003099401481325,rs3,11.184985834472915,34.01884430789834,22.833858473425426,3,11.184985834472915,43.94800001246257,32.76301417798966,26.33125891160298,positive_cross,toward_S4,3.1697531284389884
5,gle350,2024-03-29 21:35:55+00:00,40.288332,-88.126176,48.39444054488145,14.0,12.896512697573108,rs3,23.326907375362424,31.175927749851816,7.849020374489392,3,23.326907375362424,31.175927749851816,7.849020374489392,26.33125891160298,positive_cross,toward_S4,3.408577437653305
5,gle350,2024-03-29 21:35:56+00:00,40.288219,-88.126177,60.958952783805245,15.0,12.564512238923797,rs1,18.92864566773415,35.68481293028717,16.756167262553024,4,18.92864566773415,35.68481293028717,16.756167262553024,80.2309515867141,positive_cross,toward_S4,3.643111133279466
5,gle350,2024-03-29 21:35:57+00:00,40.28812,-88.126181,71.97157948102408,16.0,11.012626697218835,rs1,9.125255522471132,33.04842826645404,23.923172743982906,4,9.125255522471132,46.63690411129878,37.511648588827654,80.2309515867141,positive_cross,toward_S4,3.847048664709444
5,gle350,2024-03-29 21:35:58+00:00,40.288035,-88.126188,81.43232063651622,17.0,9.460741155492144,rs1,6.671359010531156,31.23576785146094,24.564408840929783,4,6.671359010531156,56.094278080300136,49.42291906976898,80.2309515867141,positive_cross,toward_S4,4.022247574996336
5,gle350,2024-03-29 21:35:59+00:00,40.287962,-88.126217,89.59260073235139,18.0,8.160280095835162,rs1,13.59001725615591,30.046948007277365,16.456930751121455,4,13.59001725615591,64.46011826026718,50.87010100411127,80.2309515867141,positive_cross,toward_S4,4.173363873067357
5,gle350,2024-03-29 21:36:00+00:00,40.28791,-88.126268,95.45182826633595,19.0,5.859227533984566,rs1,20.806253223714542,28.39435767008888,7.588104446374338,4,20.806253223714542,70.87134476470074,50.065091540986195,80.2309515867141,positive_cross,toward_S4,4.281868086659664
5,gle350,2024-03-29 21:36:01+00:00,40.287879,-88.126341,99.01000323767998,20.0,3.5581749713440303,rs2,25.5604792339279,27.505369829408956,1.9448905954810556,4,25.5604792339279,74.74276312249211,49.18228388856421,80.2309515867141,negative_cross,toward_S4,4.347760215758628
5,gle350,2024-03-29 21:36:02+00:00,40.287876,-88.126424,99.4705272971015,21.0,0.4605240594215161,rs2,21.399753415747977,33.02086761830534,11.621114202557361,4,21.399753415747977,73.61915765314583,52.21940423739785,80.2309515867141,negative_cross,ambiguous,4.356288439081248
5,gle350,2024-03-29 21:36:03+00:00,40.287904,-88.126495,96.46620900060148,22.0,-3.004318296500017,rs2,15.979882566608824,36.44917281275925,20.46929024615043,4,15.979882566608824,69.79630569596384,53.816423129355016,80.2309515867141,negative_cross,toward_S1,4.300652915071988
5,gle350,2024-03-29 21:36:04+00:00,40.287961,-88.126526,90.176560814265,23.0,-6.289648186336478,rs2,9.139793951541538,36.49191549369339,27.352121542151853,4,9.139793951541538,63.296853528649706,54.15705957710817,80.2309515867141,negative_cross,toward_S1,4.18417794865835
5,gle350,2024-03-29 21:36:05+00:00,40.28802,-88.126525,83.61559758929285,24.0,-6.560963224972156,rs2,3.4440668953348474,35.07930354520411,31.635236649869263,4,3.4440668953348474,56.747959840666105,53.303892945331256,80.2309515867141,negative_cross,toward_S1,4.062678629677384
5,gle350,2024-03-29 21:36:06+00:00,40.288082,-88.126515,76.70733347769927,25.0,-6.9082641115935814,rs2,5.838385227621516,34.130978023194494,28.29259279557298,4,5.838385227621516,49.92558787346473,44.08720264584321,80.2309515867141,negative_cross,toward_S1,3.934747812796022
5,gle350,2024-03-29 21:36:07+00:00,40.288153,-88.126509,68.80459803542128,26.0,-7.9027354422779865,rs2,13.199165756083108,35.20121372680149,22.002047970718383,4,13.199165756083108,42.11094541066898,28.911779654585875,80.2309515867141,negative_cross,toward_S1,3.788400860161244
5,gle350,2024-03-29 21:36:08+00:00,40.288232,-88.126505,60.01550801000712,27.0,-8.789090025414161,rs2,21.80200526222058,33.4365227665178,11.634517504297218,4,21.80200526222058,33.4365227665178,11.634517504297218,80.2309515867141,negative_cross,toward_S1,3.6256399337646856
5,gle350,2024-03-29 21:36:09+00:00,40.288323,-88.126505,49.898416153177315,28.0,-10.117091856829802,rs5,23.469744567670897,31.785247792477925,8.315503224807028,3,23.469744567670897,31.785247792477925,8.315503224807028,26.33125891160298,negative_cross,toward_S1,3.436428837806932
5,gle350,2024-03-29 21:36:10+00:00,40.288421,-88.126509,39.009206632290564,29.0,-10.889209520886752,rs5,12.883061075932,36.01384813910887,23.130787063176875,3,12.883061075932,42.57630878166895,29.69324770573695,26.33125891160298,negative_cross,toward_S1,3.2347768096423626
5,gle350,2024-03-29 21:36:11+00:00,40.28852,-88.12651,28.004230149452763,30.0,-11.004976482837801,rs5,4.575329351216094,33.79751532980889,29.222185978592794,3,4.575329351216094,53.54281729803329,48.9674879468172,26.33125891160298,negative_cross,toward_S1,3.03098094884907
5,gle350,2024-03-29 21:36:12+00:00,40.288619,-88.126493,16.971712894856285,31.0,-11.032517254596478,rs5,11.57966543859557,33.60134327506606,22.021677836470488,3,11.57966543859557,44.15892111017254,32.57925567157697,26.33125891160298,negative_cross,toward_S1,2.8266750737639503
5,gle350,2024-03-29 21:36:13+00:00,40.28872,-88.126472,5.71072180135492,32.0,-11.260991093501366,rs5,22.54740116590865,33.14351499761596,10.59611383170731,3,22.54740116590865,33.14351499761596,10.59611383170731,26.33125891160298,negative_cross,toward_S1,2.618138201662073
5,gle350,2024-03-29 21:36:14+00:00,40.288826,-88.126456,-6.098503245935816,33.0,-11.809225047290735,rs7,21.838003957834882,34.20479284099169,12.366788883156811,2,21.838003957834882,34.20479284099169,12.366788883156811,-27.632700444717127,negative_cross,toward_S1,2.3987814296070615
5,gle350,2024-03-29 21:36:15+00:00,40.288935,-88.12645,-18.225958365195694,34.0,-12.127455119259878,rs7,10.932028988291274,29.75838556721545,18.826356578924177,2,10.932028988291274,46.11207104545537,35.1800420571641,-27.632700444717127,negative_cross,toward_S1,2.174198927398545
5,gle350,2024-03-29 21:36:16+00:00,40.289047,-88.126455,-30.670113512762892,35.0,-12.444155147567198,rs7,6.855755437362966,28.7783729068242,21.922617469461233,2,6.855755437362966,47.77063997655941,40.91488453919644,-27.632700444717127,negative_cross,toward_S1,1.9437516098510044
5,gle350,2024-03-29 21:36:17+00:00,40.289163,-88.12646,-43.558975995976716,36.0,-12.888862483213824,rs7,17.310244891860524,33.097947960730934,15.78770306887041,2,17.310244891860524,34.86225662903276,17.552011737172233,-27.632700444717127,negative_cross,toward_S1,1.7050689712729705
5,gle350,2024-03-29 21:36:18+00:00,40.289277,-88.126464,-56.227014853833225,37.0,-12.668038857856509,rs10,22.181702301550253,29.554107283218315,7.372404981668062,1,22.181702301550253,29.554107283218315,7.372404981668062,-78.92951005359993,negative_cross,toward_S1,1.4204165777734574
5,gle350,2024-03-29 21:36:19+00:00,40.28939,-88.12646,-68.79611722139434,38.0,-12.569102367561115,rs10,9.7113120493755,30.31232973990402,20.60101769052852,1,9.7113120493755,42.032041697709964,32.32072964833446,-78.92951005359993,negative_cross,toward_S1,1.187655422818622
5,gle350,2024-03-29 21:36:20+00:00,40.289491,-88.126451,-80.03874780038994,39.0,-11.242630578995602,rs10,2.8965350090918993,27.79611537808326,24.899580368991362,1,2.8965350090918993,53.274596191577835,50.378061182485936,-78.92951005359993,negative_cross,toward_S1,0.9794585602446294
5,gle350,2024-03-29 21:36:21+00:00,40.289574,-88.126433,-89.2939657608885,40.0,-9.255217960498555,rs10,11.56732065590184,28.18216192521492,16.614841269313082,1,11.56732065590184,62.62307701103884,51.055756355137,-78.92951005359993,negative_cross,toward_S1,0.8080656350502117
5,gle350,2024-03-29 21:36:22+00:00,40.289637,-88.126387,-96.36848824933487,41.0,-7.074522488446377,rs10,19.524430086543106,28.23813940506553,8.713709318522426,1,19.524430086543106,70.12372823016028,50.599298143617176,-78.92951005359993,negative_cross,toward_S1,0.6770559593382417
5,gle350,2024-03-29 21:36:23+00:00,40.289677,-88.126325,-100.9104242512386,42.0,-4.541936001903721,rs10,25.884878170025395,27.628880615024194,1.7440024449987988,1,25.884878170025395,75.12115047343367,49.23627230340828,-78.92951005359993,negative_cross,toward_S1,0.5929460333770618
5,gle350,2024-03-29 21:36:24+00:00,40.289685,-88.126253,-101.91000200715311,43.0,-0.9995777559145154,rs8,25.126525017773492,30.125176319434168,4.998651301660676,1,25.126525017773492,74.80831458378606,49.68178956601257,-78.92951005359993,positive_cross,toward_S1,0.5744353341934596
5,gle350,2024-03-29 21:36:25+00:00,40.289667,-88.126191,-100.00368166106023,44.0,1.9063203460928833,rs8,21.37809968232865,32.371100008806245,10.993000326477596,1,21.37809968232865,72.18806364580405,50.8099639634754,-78.92951005359993,positive_cross,toward_S4,0.6097375628248092
5,gle350,2024-03-29 21:36:26+00:00,40.289619,-88.126157,-94.71921510634465,45.0,5.2844665547155785,rs8,15.521125266980862,31.606333771334587,16.085208504353723,1,15.521125266980862,66.66395133126349,51.14282606428263,-78.92951005359993,positive_cross,toward_S4,0.7075980545788014
5,gle350,2024-03-29 21:36:27+00:00,40.289564,-88.126159,-88.60142917254556,46.0,6.117785933799084,rs8,9.623478282927818,28.85614721927245,19.23266893634463,1,9.623478282927818,60.564579205423996,50.941100922496176,-78.92951005359993,positive_cross,toward_S4,0.8208903866861919
5,gle350,2024-03-29 21:36:28+00:00,40.289506,-88.126176,-82.12716209566216,47.0,6.474267076883407,rs8,5.197072311310781,25.92135085594985,20.72427854463907,1,5.197072311310781,54.23830163161335,49.04122932030257,-78.92951005359993,positive_cross,toward_S4,0.940784221443292
5,gle350,2024-03-29 21:36:29+00:00,40.289438,-88.126183,-74.55642711045354,48.0,7.570734985208617,rs8,7.009374978301165,25.4682821135432,18.458907135242036,1,7.009374978301165,46.778369533285705,39.76899455498454,-78.92951005359993,positive_cross,toward_S4,1.0809830174656738
5,gle350,2024-03-29 21:36:30+00:00,40.289355,-88.126184,-65.32721987963176,49.0,9.229207230821785,rs8,15.005626757960968,28.422692400287456,13.417065642326488,1,15.005626757960968,37.64030075871731,22.63467400075634,-78.92951005359993,positive_cross,toward_S4,1.2518942624808922
5,gle350,2024-03-29 21:36:31+00:00,40.28926,-88.126181,-54.77001081658261,50.0,10.557209063049143,rs8,25.146080190449382,27.187263315561484,2.041183125112102,1,25.146080190449382,27.187263315561484,2.041183125112102,-78.92951005359993,positive_cross,toward_S4,1.447398134018839
5,gle350,2024-03-29 21:36:32+00:00,40.289156,-88.126176,-43.215270337105316,51.0,11.554740479477296,rs6,15.875314205504015,33.43873536173293,17.563421156228916,2,15.875314205504015,36.50923191644094,20.633917710936924,-27.632700444717127,positive_cross,toward_S4,1.7114338908817002
5,gle350,2024-03-29 21:36:33+00:00,40.289052,-88.126173,-31.6574697718843,52.0,11.557800565221015,rs6,5.869080269329933,30.083426618146895,24.21434634881696,2,5.869080269329933,47.988457986558416,42.11937771722848,-27.632700444717127,positive_cross,toward_S4,1.9254672346820894
5,gle350,2024-03-29 21:36:34+00:00,40.288945,-88.12617,-19.766138705910347,53.0,11.891331065973954,rs6,9.491972803527027,31.06007993312376,21.568107129596733,2,9.491972803527027,45.75512832515569,36.26315552162866,-27.632700444717127,positive_cross,toward_S4,2.1456770692371627
5,gle350,2024-03-29 21:36:35+00:00,40.288833,-88.126167,-7.318923471809467,54.0,12.44721523410088,rs6,21.261022989937842,33.35980864436661,12.098785654428767,2,21.261022989937842,33.35980864436661,12.098785654428767,-27.632700444717127,positive_cross,toward_S4,2.376181055053846
5,gle350,2024-03-29 21:36:36+00:00,40.288715,-88.126164,5.795352762985604,55.0,13.11427623479507,rs3,20.388813115782114,34.19588191685152,13.807068801069406,3,20.388813115782114,34.19588191685152,13.807068801069406,26.33125891160298,positive_cross,toward_S4,2.619705441692271
5,gle350,2024-03-29 21:36:37+00:00,40.288594,-88.126163,19.24621958504555,56.0,13.450866822059947,rs3,7.758442713187651,34.64805909239392,26.88961637920627,3,7.758442713187651,47.5830736437793,39.82463093059165,26.33125891160298,positive_cross,toward_S4,2.868795568026714
5,gle350,2024-03-29 21:36:38+00:00,40.288472,-88.126163,32.80979328408107,57.0,13.563573699035516,rs3,8.321613902257502,34.490913634332436,26.169299732074933,3,8.321613902257502,46.48826926935685,38.166655367099345,26.33125891160298,positive_cross,toward_S4,3.1199728587495943
5,gle350,2024-03-29 21:36:39+00:00,40.28835,-88.126165,46.376427068070335,58.0,13.566633783989268,rs3,21.16755596838297,33.01644464407056,11.84888867568759,3,21.16755596838297,33.01644464407056,11.84888867568759,26.33125891160298,positive_cross,toward_S4,3.371206817712358
5,gle350,2024-03-29 21:36:40+00:00,40.28823,-88.12617,59.72529731406942,59.0,13.348870245999088,rs1,19.956440662217254,34.38673707827183,14.430296416054574,4,19.956440662217254,34.38673707827183,14.430296416054574,80.2309515867141,positive_cross,toward_S4,3.620265661617691
5,gle350,2024-03-29 21:36:41+00:00,40.288125,-88.126177,71.40957514136623,60.0,11.68427782729681,rs1,9.37030577375877,33.52810104461951,24.157795270860742,4,9.37030577375877,46.04344327189754,36.67313749813877,80.2309515867141,positive_cross,toward_S4,3.8366411769380027
5,gle350,2024-03-29 21:36:42+00:00,40.288037,-88.126183,81.20231675471773,61.0,9.792741613351495,rs1,6.196745934535771,31.65687476228158,25.460128827745805,4,6.196745934535771,55.826060135427134,49.629314200891365,80.2309515867141,positive_cross,toward_S4,4.017988243851919
5,gle350,2024-03-29 21:36:43+00:00,40.287968,-88.126194,88.89034874474928,62.0,7.688031990031547,rs1,11.873982563735288,31.74577023465671,19.87178767092142,4,11.873982563735288,63.55662418324777,51.68264161951248,80.2309515867141,positive_cross,toward_S4,4.1603592066302815
5,gle350,2024-03-29 21:36:44+00:00,40.287914,-88.126229,94.94744925934639,63.0,6.05710051459711,rs1,18.5275766107342,31.085255008064056,12.557678397329855,4,18.5275766107342,69.88891564420315,51.36133903346895,80.2309515867141,positive_cross,toward_S4,4.272527734678375
5,gle350,2024-03-29 21:36:45+00:00,40.287872,-88.126285,99.70255867141466,64.0,4.755109412068279,rs1,25.049491163691506,29.627802935896185,4.578311772204678,4,25.049491163691506,75.29542230843848,50.24593114474697,80.2309515867141,positive_cross,toward_S4,4.360585316383344
5,gle350,2024-03-29 21:36:46+00:00,40.287857,-88.126358,101.48190430499896,65.0,1.779345633584299,rs2,26.388343360915346,30.270562504909083,3.882219143993737,4,26.388343360915346,76.77482817643482,50.38648481551948,80.2309515867141,negative_cross,toward_S4,4.3935361614497195
5,gle350,2024-03-29 21:36:47+00:00,40.287869,-88.12643,100.25794538913057,66.0,-1.2239589158683941,rs2,21.812632380967212,33.898789565509475,12.086157184542262,4,21.812632380967212,74.3091489283045,52.49651654733728,80.2309515867141,negative_cross,toward_S1,4.370870255600305
5,gle350,2024-03-29 21:36:48+00:00,40.287906,-88.126486,96.23008494729385,67.0,-4.027860441836722,rs2,16.036865917566548,35.669686238662486,19.632820321095938,4,16.036865917566548,69.64161761881302,53.60475170124647,80.2309515867141,negative_cross,toward_S1,4.296280247418143
5,gle350,2024-03-29 21:36:49+00:00,40.287958,-88.126517,90.49632092912775,68.0,-5.733764018166099,rs2,9.694687404585322,35.86120072115077,26.16651331656545,4,9.694687404585322,63.67186607862621,53.977178674040886,80.2309515867141,negative_cross,toward_S1,4.190099432266919
5,gle350,2024-03-29 21:36:50+00:00,40.288022,-88.12652,83.38559370828433,69.0,-7.110727220843415,rs2,3.653082864758683,34.633062133047645,30.97997926828896,4,3.653082864758683,56.551322189006804,52.898239324248124,80.2309515867141,negative_cross,toward_S1,4.058419298547597
5,gle350,2024-03-29 21:36:51+00:00,40.288089,-88.126516,75.93062568579498,70.0,-7.4549680224893535,rs2,6.434288038515479,34.29084917542545,27.85656113690997,4,6.434288038515479,49.1427003240885,42.70841228557302,80.2309515867141,negative_cross,toward_S1,3.9203643351681645
5,gle350,2024-03-29 21:36:52+00:00,40.288166,-88.126516,67.37000949930746,71.0,-8.560616186487522,rs2,14.432388062784858,36.230552626571935,21.798164563787076,4,14.432388062784858,40.61173598240779,26.179347919622927,80.2309515867141,negative_cross,toward_S1,3.761834405788766
5,gle350,2024-03-29 21:36:53+00:00,40.288256,-88.126518,57.36715456155686,72.0,-10.002854937750598,rs2,24.252407040077653,30.64276530680253,6.390358266724878,4,24.252407040077653,30.64276530680253,6.390358266724878,80.2309515867141,negative_cross,toward_S1,3.576596351385977
5,gle350,2024-03-29 21:36:54+00:00,40.288357,-88.126518,46.13829436842973,73.0,-11.228860193127126,rs5,19.543576876605023,35.41769735736981,15.874120480764788,3,19.543576876605023,35.41769735736981,15.874120480764788,26.33125891160298,negative_cross,toward_S1,3.366796952904199
5,gle350,2024-03-29 21:36:55+00:00,40.28846,-88.126515,34.68249037924784,74.0,-11.455803989181895,rs5,8.707810889427986,35.20479695245862,26.496986063030636,3,8.707810889427986,46.856121965506226,38.148311076078244,26.33125891160298,negative_cross,toward_S1,3.154652434586016
5,gle350,2024-03-29 21:36:56+00:00,40.288566,-88.126506,22.883975632103592,75.0,-11.798514747144246,rs5,6.288965140339001,33.577454923274196,27.288489782935194,3,6.288965140339001,49.99810887924841,43.70914373890941,26.33125891160298,negative_cross,toward_S1,2.9361614207500115
5,gle350,2024-03-29 21:36:57+00:00,40.288672,-88.126488,11.07169049983736,76.0,-11.812285132266233,rs5,17.073958877909163,35.290391719445,18.216432841535834,3,17.073958877909163,38.30800501579464,21.23404613788548,26.33125891160298,negative_cross,toward_S1,2.717415399782118
5,gle350,2024-03-29 21:36:58+00:00,40.288779,-88.126465,-0.8594216808918714,77.0,-11.931112180729231,rs7,26.7599980499605,28.96831335761501,2.208315307654509,2,26.7599980499605,28.96831335761501,2.208315307654509,-27.632700444717127,negative_cross,toward_S1,2.4958014585893564
5,gle350,2024-03-29 21:36:59+00:00,40.28889,-88.126447,-13.227590982074984,78.0,-12.368169301183112,rs7,15.402672592496549,31.486636280272805,16.083963687776254,2,15.402672592496549,41.28797388816317,25.885301295666622,-27.632700444717127,negative_cross,toward_S1,2.2667612863452247
5,gle350,2024-03-29 21:37:00+00:00,40.289005,-88.126439,-26.025167188540983,79.0,-12.797576206466,rs7,7.327190154892268,27.32215770356744,19.994967548675174,2,7.327190154892268,52.508514109833406,45.181323954941135,-27.632700444717127,negative_cross,toward_S1,2.029769134373632
5,gle350,2024-03-29 21:37:01+00:00,40.289119,-88.12644,-38.69779617503482,80.0,-12.672628986493834,rs7,13.571715046002938,29.469858897970923,15.898143851967985,2,13.571715046002938,39.85651300461409,26.28479795861115,-27.632700444717127,negative_cross,toward_S1,1.7950908198089317
5,gle350,2024-03-29 21:37:02+00:00,40.289235,-88.126444,-51.5881887003088,81.0,-12.890392525273981,rs7,25.368364311635755,26.980578976054844,1.6122146644190885,2,25.368364311635755,26.980578976054844,1.6122146644190885,-27.632700444717127,negative_cross,toward_S1,1.5563798471186727
5,gle350,2024-03-29 21:37:03+00:00,40.289352,-88.126446,-64.59281814545194,82.0,-13.004629445143145,rs10,14.084276681788095,30.929335018806643,16.84505833701855,1,14.084276681788095,38.034553847409896,23.9502771656218,-78.92951005359993,negative_cross,toward_S1,1.265494294595333
5,gle350,2024-03-29 21:37:04+00:00,40.289459,-88.126445,-76.49026938291331,83.0,-11.897451237461368,rs10,3.4552245344056347,27.385896910368803,23.93067237596317,1,3.4552245344056347,49.80762778476113,46.35240325035549,-78.92951005359993,negative_cross,toward_S1,1.0451711235312335
5,gle350,2024-03-29 21:37:05+00:00,40.289549,-88.12644,-86.50383462081038,84.0,-10.013565237897069,rs10,8.757542987897208,27.86515994084426,19.107616952947055,1,8.757542987897208,59.790815127077444,51.033272139180234,-78.92951005359993,negative_cross,toward_S1,0.8597347302368434
5,gle350,2024-03-29 21:37:06+00:00,40.289618,-88.126418,-94.20869708168591,85.0,-7.704862460875532,rs10,16.609876173280952,29.212441547085845,12.602565373804893,1,16.609876173280952,67.64006501224488,51.03018883896392,-78.92951005359993,negative_cross,toward_S1,0.7170520920724818
5,gle350,2024-03-29 21:37:07+00:00,40.289667,-88.126376,-99.7206237290708,86.0,-5.5119266473848825,rs10,22.961055370801567,29.71341706517364,6.752361694372073,1,22.961055370801567,73.57009876652923,50.60904339572766,-78.92951005359993,negative_cross,toward_S1,0.6149793763801692
5,gle350,2024-03-29 21:37:08+00:00,40.289701,-88.126317,-103.59090860087481,87.0,-3.8702848718040173,rs10,28.542048778000076,29.388098212073636,0.84604943407356,1,28.542048778000076,77.5679764619989,49.025927683998816,-78.92951005359993,negative_cross,toward_S1,0.5433074343097244
5,gle350,2024-03-29 21:37:09+00:00,40.289708,-88.126248,-104.47471939407006,88.0,-0.8838107931952521,rs8,27.283496854681406,32.394429498275414,5.110932643594008,1,27.283496854681406,77.27530212611828,49.991805271436874,-78.92951005359993,positive_cross,toward_S1,0.5269405677690715
5,gle350,2024-03-29 21:37:10+00:00,40.289687,-88.126188,-102.23180846150225,89.0,2.24291093256781,rs8,23.46853413419268,34.05593751354104,10.587403379348359,1,23.46853413419268,74.38367444949543,50.91514031530275,-78.92951005359993,positive_cross,toward_S4,0.5684759554092161
5,gle350,2024-03-29 21:37:11+00:00,40.289643,-88.126152,-97.3951093265753,90.0,4.83669913492696,rs8,18.090864966052514,33.3811496678012,15.29028470174869,1,18.090864966052514,69.31099626980388,51.220131303751366,-78.92951005359993,positive_cross,toward_S4,0.6580444579078635
5,gle350,2024-03-29 21:37:12+00:00,40.289588,-88.126153,-91.27885343643806,91.0,6.116255890137239,rs8,12.072727729669683,30.329851302940288,18.257123573270604,1,12.072727729669683,63.203473190457615,51.130745460787935,-78.92951005359993,positive_cross,toward_S4,0.771308455873368
5,gle350,2024-03-29 21:37:13+00:00,40.28953,-88.126169,-84.80611640163656,92.0,6.472737034801497,rs8,6.601368144054139,26.97563102648181,20.374262882427672,1,6.601368144054139,56.84845485113138,50.24708670707724,-78.92951005359993,positive_cross,toward_S4,0.8911739565178401
5,gle350,2024-03-29 21:37:14+00:00,40.289463,-88.126181,-77.3389080361506,93.0,7.467208365485959,rs8,5.299882306240634,25.324875583702983,20.02499327746235,1,5.299882306240634,49.521776773339866,44.22189446709923,-78.92951005359993,positive_cross,toward_S4,1.0294555929157283
5,gle350,2024-03-29 21:37:15+00:00,40.289383,-88.126188,-68.43405104880715,94.0,8.90485698734345,rs8,12.272535622832907,26.772720235849008,14.500184613016101,1,12.272535622832907,40.7705611188376,28.498025496004693,-78.92951005359993,positive_cross,toward_S4,1.194360351940607
5,gle350,2024-03-29 21:37:16+00:00,40.28929,-88.126186,-58.09766561030359,95.0,10.336385438503562,rs8,21.980308719321965,30.543000502877582,8.562691783555618,1,21.980308719321965,30.543000502877582,8.562691783555618,-78.92951005359993,positive_cross,toward_S4,1.3857748970980803
5,gle350,2024-03-29 21:37:17+00:00,40.28919,-88.126179,-46.9906925506367,96.0,11.106973059666885,rs6,19.570057162043856,32.79442653435512,13.224369372311262,2,19.570057162043856,32.79442653435512,13.224369372311262,-27.632700444717127,positive_cross,toward_S4,1.6415186647051931
5,gle350,2024-03-29 21:37:18+00:00,40.289084,-88.126174,-35.213598404510165,97.0,11.777094146126537,rs6,8.540420612344834,30.686931352908267,22.146510740563436,2,8.540420612344834,44.45198398009696,35.91156336775213,-27.632700444717127,positive_cross,toward_S4,1.8596130007445733
5,gle350,2024-03-29 21:37:19+00:00,40.288974,-88.126171,-22.98873683782674,98.0,12.224861566683426,rs6,6.867402195728887,30.32484473357267,23.457442537843786,2,6.867402195728887,48.97190323444575,42.10450103871686,-27.632700444717127,positive_cross,toward_S4,2.0859993260535257
5,gle350,2024-03-29 21:37:20+00:00,40.288857,-88.126168,-9.98563743555546,99.0,13.003099402271278,rs6,18.670646428776017,34.9832945264265,16.31264809765048,2,18.670646428776017,36.016164036474976,17.34551760769896,-27.632700444717127,positive_cross,toward_S4,2.3267974631326234
5,gle350,2024-03-29 21:37:21+00:00,40.288735,-88.126168,3.5779362626900935,100.0,13.563573698245554,rs3,22.63468325245483,32.03070781926803,9.3960245668132,3,22.63468325245483,32.03070781926803,9.3960245668132,26.33125891160298,positive_cross,toward_S4,2.57864217316828
5,gle350,2024-03-29 21:37:22+00:00,40.288614,-88.126167,17.0288030847283,101.0,13.450866822038206,rs3,9.842964459503813,34.84986122495654,25.00689676545273,3,9.842964459503813,45.39627882221237,35.55331436270856,26.33125891160298,positive_cross,toward_S4,2.827732299502321
5,gle350,2024-03-29 21:37:24+00:00,40.288489,-88.126168,30.92743732738862,103.0,6.949317121330161,rs3,7.05275440981664,33.77094557962738,26.71819116981074,3,7.05275440981664,48.41005181922048,41.357297409403834,26.33125891160298,positive_cross,toward_S4,3.0851144151071415
5,gle350,2024-03-29 21:37:25+00:00,40.288361,-88.126166,45.155011941331125,104.0,14.227574613942505,rs3,19.992657178523274,34.24062375684165,14.247966578318376,3,19.992657178523274,34.24062375684165,14.247966578318376,26.33125891160298,positive_cross,toward_S4,3.3485880190690396
5,gle350,2024-03-29 21:37:26+00:00,40.288242,-88.126169,58.389645268272744,105.0,13.23463332694162,rs1,21.23667717556368,33.053734904747216,11.817057729183535,4,21.23667717556368,33.053734904747216,11.817057729183535,80.2309515867141,positive_cross,toward_S4,3.5955313644733082
5,gle350,2024-03-29 21:37:27+00:00,40.288135,-88.126172,70.29015659147784,106.0,11.900511323205095,rs1,10.091863248590407,34.2621632105346,24.170299961944195,4,10.091863248590407,44.88940970157819,34.79754645298778,80.2309515867141,positive_cross,toward_S4,3.815911203791921
5,gle350,2024-03-29 21:37:28+00:00,40.288046,-88.126184,80.20325529539598,107.0,9.913098703918138,rs1,6.019573056402352,31.577675294727587,25.558102238325233,4,6.019573056402352,54.84030037647042,48.820727320068066,80.2309515867141,positive_cross,toward_S4,3.999487105716331
5,gle350,2024-03-29 21:37:29+00:00,40.287972,-88.126203,88.45941179580456,108.0,8.25615650040858,rs1,11.976337921779935,30.895641347294386,18.91930342551445,4,11.976337921779935,63.20292137976813,51.22658345798819,80.2309515867141,positive_cross,toward_S4,4.152378892760934
5,gle350,2024-03-29 21:37:30+00:00,40.287916,-88.12625,94.75722649232493,109.0,6.297814696520376,rs1,19.344024333279737,29.400554835955678,10.05653050267594,4,19.344024333279737,69.9443877040026,50.60036337072286,80.2309515867141,positive_cross,toward_S4,4.2690050908446455
5,gle350,2024-03-29 21:37:31+00:00,40.287877,-88.126314,99.1910457466586,110.0,4.43381925433367,rs1,26.12327029121893,27.389976715297543,1.2667064240786132,4,26.12327029121893,75.27126930029934,49.14799900908041,80.2309515867141,positive_cross,toward_S4,4.351112854813787
5,gle350,2024-03-29 21:37:32+00:00,40.287861,-88.126388,101.08309825724021,111.0,1.8920525105816068,rs2,24.481794344540067,31.75874106436131,7.276946719821243,4,24.481794344540067,75.80355000067632,51.32175565613626,80.2309515867141,negative_cross,toward_S4,4.386150864269002
5,gle350,2024-03-29 21:37:33+00:00,40.287874,-88.126455,99.74031229288705,112.0,-1.3427859643531548,rs2,20.34871542644178,35.27751647506236,14.928801048620581,4,20.34871542644178,73.4661022989122,53.11738687247042,80.2309515867141,negative_cross,toward_S1,4.361284457521721
5,gle350,2024-03-29 21:37:34+00:00,40.287912,-88.126504,95.5905647175901,113.0,-4.149747575296956,rs2,14.89679274147605,36.73187448765909,21.835081746183043,4,14.89679274147605,68.85027852191403,53.95348578043799,80.2309515867141,negative_cross,toward_S1,4.2844372802014075
5,gle350,2024-03-29 21:37:35+00:00,40.287966,-88.126524,89.61761656116259,114.0,-5.972948156427506,rs2,8.659079140149029,36.1721567613451,27.51307762119607,4,8.659079140149029,62.74999799115166,54.09091885100263,80.2309515867141,negative_cross,toward_S1,4.173827129156454
5,gle350,2024-03-29 21:37:36+00:00,40.288026,-88.126517,82.93629624483384,115.0,-6.681320316328751,rs2,3.6599673172999445,34.33437784785994,30.674410530559996,4,3.6599673172999445,56.12426201860868,52.46429470130874,80.2309515867141,negative_cross,toward_S1,4.050098975150366
5,gle350,2024-03-29 21:37:37+00:00,40.288092,-88.126514,75.59403509932007,116.0,-7.342261145513774,rs2,6.807306133808779,34.15998873266449,27.352682598855708,4,6.807306133808779,48.824114063820964,42.016807930012185,80.2309515867141,negative_cross,toward_S1,3.9141311761593696
5,gle350,2024-03-29 21:37:38+00:00,40.288169,-88.126514,67.03341891204256,117.0,-8.560616187277503,rs2,14.796915839903914,36.18578436492912,21.388868525025206,4,14.796915839903914,40.29662215526525,25.499706315361333,80.2309515867141,negative_cross,toward_S1,3.755601246765342
5,gle350,2024-03-29 21:37:39+00:00,40.28826,-88.126512,56.91326696946906,118.0,-10.1201519425735,rs2,24.765196661430036,30.269152402258477,5.503955740828442,4,24.765196661430036,30.269152402258477,5.503955740828442,80.2309515867141,negative_cross,toward_S1,3.5681910256065734
5,gle350,2024-03-29 21:37:40+00:00,40.288358,-88.126512,46.01793727707314,119.0,-10.895329692395926,rs5,19.539734533365525,35.578389595188554,16.03865506182303,3,19.539734533365525,35.578389595188554,16.03865506182303,26.33125891160298,negative_cross,toward_S1,3.364568117879077
5,gle350,2024-03-29 21:37:41+00:00,40.28846,-88.126509,34.67331012199495,120.0,-11.344627155078186,rs5,8.954785721298075,34.71084550174156,25.756059780443486,3,8.954785721298075,46.896754415026734,37.94196869372866,26.33125891160298,negative_cross,toward_S1,3.1544824298220737
5,gle350,2024-03-29 21:37:42+00:00,40.288565,-88.126501,22.98750225182627,121.0,-11.68580787016868,rs5,6.550184062631446,33.144356743080934,26.59417268044949,3,6.550184062631446,50.124219314354406,43.57403525172296,26.33125891160298,negative_cross,toward_S1,2.9380785803745053
5,gle350,2024-03-29 21:37:43+00:00,40.288672,-88.126487,11.070160456965501,122.0,-11.91734179486077,rs5,17.10554953855104,35.213756729021526,18.108207190470488,3,17.10554953855104,38.31491933189948,21.209369793348444,26.33125891160298,negative_cross,toward_S1,2.7173870656548615
5,gle350,2024-03-29 21:37:44+00:00,40.288781,-88.126468,-1.0771852196720113,123.0,-12.147345676637514,rs7,26.494476036205786,29.110443510106478,2.6159674739006924,2,26.494476036205786,29.110443510106478,2.6159674739006924,-27.632700444717127,negative_cross,toward_S1,2.4917688004637983
5,gle350,2024-03-29 21:37:45+00:00,40.288891,-88.126451,-13.332647643879557,124.0,-12.255462424207547,rs7,15.15975600776695,31.737647479487443,16.57789147172049,2,15.15975600776695,41.31700925158472,26.15725324381777,-27.632700444717127,negative_cross,toward_S1,2.264815792608103
5,gle350,2024-03-29 21:37:46+00:00,40.289005,-88.126441,-26.022107102797268,125.0,-12.68945945891771,rs7,7.159641029167331,27.491511181141448,20.331870151974115,2,7.159641029167331,52.497820258587794,45.33817922942046,-27.632700444717127,negative_cross,toward_S1,2.0298258026281455
5,gle350,2024-03-29 21:37:47+00:00,40.289122,-88.126436,-39.03744684727519,126.0,-13.015339744477924,rs7,14.034596061971971,29.282284505571795,15.247688443599824,2,14.034596061971971,39.553852352424066,25.519256290452095,-27.632700444717127,negative_cross,toward_S1,1.788800992545221
5,gle350,2024-03-29 21:37:48+00:00,40.289239,-88.126435,-52.046666421033905,127.0,-13.009219573758713,rs7,26.009287561957134,26.634671686991698,0.6253841250345644,2,26.009287561957134,26.634671686991698,0.6253841250345644,-27.632700444717127,negative_cross,toward_S1,1.5478895189570967
5,gle350,2024-03-29 21:37:49+00:00,40.289356,-88.126439,-65.04823577962163,128.0,-13.00156935858773,rs10,13.782628004992306,30.19666051597504,16.414032510982736,1,13.782628004992306,38.57968338062341,24.797055375631103,-78.92951005359993,negative_cross,toward_S1,1.2570606347033018
5,gle350,2024-03-29 21:37:50+00:00,40.289462,-88.126442,-76.82839001228182,129.0,-11.78015423266018,rs10,3.5091071268450738,27.103322638598268,23.594215511753195,1,3.5091071268450738,50.173057459336825,46.66395033249175,-78.92951005359993,negative_cross,toward_S1,1.0389096303947798
5,gle350,2024-03-29 21:37:51+00:00,40.289552,-88.126442,-86.8343050357979,130.0,-10.005915023516081,rs10,9.00682998105643,28.11948327854818,19.11265329749175,1,9.00682998105643,60.10216172584843,51.095331744792006,-78.92951005359993,negative_cross,toward_S1,0.8536149077370746
5,gle350,2024-03-29 21:37:52+00:00,40.289624,-88.12643,-94.85739756943248,131.0,-8.023092533634582,rs10,16.96754659996165,30.42905687324656,13.461510273284908,1,16.96754659996165,68.17455850871568,51.207011908754026,-78.92951005359993,negative_cross,toward_S1,0.705039120077175
5,gle350,2024-03-29 21:37:53+00:00,40.289675,-88.12639,-100.58861779767942,132.0,-5.73122022824694,rs10,23.376058141393475,31.18684139567634,7.810783254282864,1,23.376058141393475,74.25543915674083,50.87938101534736,-78.92951005359993,negative_cross,toward_S1,0.5989054121466761
5,gle350,2024-03-29 21:37:54+00:00,40.289711,-88.126337,-104.67207607885804,133.0,-4.083458281178622,rs10,28.770940926945144,31.268151105876143,2.497210178930999,1,28.770940926945144,78.99501284452948,50.22407191758434,-78.92951005359993,negative_cross,toward_S1,0.523285814347072
5,gle350,2024-03-29 21:37:55+00:00,40.289721,-88.126268,-105.88941737359619,134.0,-1.217341294738148,rs8,29.29053131643758,32.59523999989755,3.304708683459971,1,29.29053131643758,78.9630117555131,49.672480439075514,-78.92951005359993,positive_cross,toward_S1,0.5007424570371062
5,gle350,2024-03-29 21:37:56+00:00,40.289702,-88.126206,-103.87192019339962,135.0,2.017497180196571,rs8,25.47025174408849,34.17291229273838,8.702660548649892,1,25.47025174408849,76.18196057460423,50.71170883051575,-78.92951005359993,positive_cross,toward_S4,0.5381035159296353
5,gle350,2024-03-29 21:37:57+00:00,40.289661,-88.126164,-99.37793181724672,136.0,4.493988376152899,rs8,20.224332123838444,33.72219484080719,13.497862716968747,1,20.224332123838444,71.36026365183649,51.135931527998046,-78.92951005359993,positive_cross,toward_S4,0.6213255228954297
5,gle350,2024-03-29 21:37:58+00:00,40.289601,-88.126155,-92.7210921869329,137.0,6.6568396303138115,rs8,13.523181222816119,30.79977173289611,17.27659051007999,1,13.523181222816119,64.65592405857262,51.1327428357565,-78.92951005359993,positive_cross,toward_S4,0.7446003308642041
5,gle350,2024-03-29 21:37:59+00:00,40.289538,-88.126169,-85.69553107051642,138.0,7.025561116416483,rs8,7.342381683024315,27.187227866270693,19.84484618324638,1,7.342381683024315,57.73568398921264,50.393302306188325,-78.92951005359993,positive_cross,toward_S4,0.8747033145015464
5,gle350,2024-03-29 21:38:00+00:00,40.289468,-88.126176,-77.9024424186803,139.0,7.793088651836129,rs8,4.703236570829954,25.722916192300676,21.019679621470722,1,4.703236570829954,50.030863584711405,45.327627013881454,-78.92951005359993,positive_cross,toward_S4,1.0190197710170301
5,gle350,2024-03-29 21:38:01+00:00,40.289383,-88.126181,-68.44476134893189,140.0,9.457681069748404,rs8,12.019898675381572,27.32135865334904,15.301459977967468,1,12.019898675381572,40.687796629110835,28.667897953729263,-78.92951005359993,positive_cross,toward_S4,1.1941620130494082
5,gle350,2024-03-29 21:38:02+00:00,40.289288,-88.126183,-57.879902071523446,141.0,10.564859277408445,rs8,22.136948758715164,30.276951371700257,8.140002612985093,1,22.136948758715164,30.276951371700257,8.140002612985093,-78.92951005359993,positive_cross,toward_S4,1.3898075552236384
5,gle350,2024-03-29 21:38:03+00:00,40.289186,-88.12618,-46.544455173698154,142.0,11.335446897825292,rs6,19.164833523373492,33.246904720218474,14.082071196844982,2,19.164833523373492,33.246904720218474,14.082071196844982,-27.632700444717127,positive_cross,toward_S4,1.6497823198336847
5,gle350,2024-03-29 21:38:04+00:00,40.289078,-88.126175,-34.545007360175894,143.0,11.99944781352226,rs6,8.047455458696435,30.445006145708415,22.39755068701198,2,8.047455458696435,45.12441312878562,37.076957670089186,-27.632700444717127,positive_cross,toward_S4,1.8719943163803932
5,gle350,2024-03-29 21:38:05+00:00,40.288965,-88.12617,-21.989675377715027,144.0,12.555331982460867,rs6,7.598303951159786,30.575950094787707,22.977646143627922,2,7.598303951159786,47.96743412866723,40.369130177507444,-27.632700444717127,positive_cross,toward_S4,2.1045004642037424
5,gle350,2024-03-29 21:38:06+00:00,40.28885,-88.126168,-9.207399599989346,145.0,12.782275777725681,rs6,19.42935454097414,35.244483949804085,15.815129408829947,2,19.42935454097414,35.244483949804085,15.815129408829947,-27.632700444717127,positive_cross,toward_S4,2.3412092749023663
5,gle350,2024-03-29 21:38:07+00:00,40.28873,-88.126167,4.132290387945154,146.0,13.339689987934499,rs3,22.073131793794257,32.57091993472639,10.497788140932133,3,22.073131793794257,32.57091993472639,10.497788140932133,26.33125891160298,positive_cross,toward_S4,2.5889079903026326
5,gle350,2024-03-29 21:38:08+00:00,40.288612,-88.126167,17.251156752145757,147.0,13.118866364200603,rs3,9.647465460315473,34.790456999487965,25.142991539172492,3,9.647465460315473,45.617786013285965,35.97032055297049,26.33125891160298,positive_cross,toward_S4,2.8318499600100515
5,gle350,2024-03-29 21:38:09+00:00,40.28849,-88.126168,30.81626049328491,148.0,13.565103741139154,rs3,6.9707111254955425,33.75632561579851,26.78561449030297,3,6.9707111254955425,48.52078375435976,41.55007262886422,26.33125891160298,positive_cross,toward_S4,3.0830555848459618
5,gle350,2024-03-29 21:38:10+00:00,40.288369,-88.126169,44.27018740108858,149.0,13.453926907803666,rs3,19.189759988855563,35.15601597539364,15.96625598653808,3,19.189759988855563,35.15601597539364,15.96625598653808,26.33125891160298,positive_cross,toward_S4,3.3322023794349187
5,gle350,2024-03-29 21:38:11+00:00,40.28825,-88.126173,57.50635077088032,150.0,13.23616336979174,rs1,22.179620439058255,32.22627323684172,10.046652797783466,4,22.179620439058255,32.22627323684172,10.046652797783466,80.2309515867141,positive_cross,toward_S4,3.579174058966041
5,gle350,2024-03-29 21:38:12+00:00,40.288136,-88.126178,70.18816001462704,151.0,12.681809243746727,rs1,10.44376182850982,33.813328554085736,23.369566725575915,4,10.44376182850982,44.83942924527474,34.395667416764915,80.2309515867141,positive_cross,toward_S4,3.814022378294684
5,gle350,2024-03-29 21:38:13+00:00,40.28804,-88.126185,80.87184633975198,152.0,10.683686325124938,rs1,6.255617810444846,31.485545046502583,25.229927236057737,4,6.255617810444846,55.51295386660036,49.257336056155516,80.2309515867141,positive_cross,toward_S4,4.0118684213525535
5,gle350,2024-03-29 21:38:14+00:00,40.287963,-88.126202,89.45847325591629,153.0,8.586626916164306,rs1,12.720145462539183,31.23705840719747,18.516912944658287,4,12.720145462539183,64.18648415394973,51.466338691410556,80.2309515867141,positive_cross,toward_S4,4.170880030911151
5,gle350,2024-03-29 21:38:15+00:00,40.287906,-88.126245,95.8613446142412,154.0,6.402871358324916,rs1,20.00995387124837,30.30677267989626,10.296818808647888,4,20.00995387124837,70.97266479991062,50.96271092866225,80.2309515867141,positive_cross,toward_S4,4.289451722731983
5,gle350,2024-03-29 21:38:16+00:00,40.287868,-88.126304,100.17633682011187,155.0,4.3149922058706665,rs1,26.366182206843064,28.689075114976998,2.322892908133934,4,26.366182206843064,76.06037988856764,49.694197681724575,80.2309515867141,positive_cross,toward_S4,4.369358985803663
5,gle350,2024-03-29 21:38:17+00:00,40.287858,-88.12638,101.40438841495305,156.0,1.228051594841176,rs2,25.150958836401003,31.497725321479646,6.346766485078643,4,25.150958836401003,76.26573380182616,51.114774965425156,80.2309515867141,negative_cross,toward_S4,4.392100682004425
5,gle350,2024-03-29 21:38:18+00:00,40.287874,-88.126451,99.73419212137787,157.0,-1.6701962935751737,rs2,20.494085386675646,34.99989114368372,14.505805757008073,4,20.494085386675646,73.50900639006079,53.01492100338514,80.2309515867141,negative_cross,toward_S1,4.361171121012292
5,gle350,2024-03-29 21:38:19+00:00,40.287912,-88.126502,95.58750463184639,158.0,-4.146687489531487,rs2,14.948023041574665,36.57916780528507,21.631144763710402,4,14.948023041574665,68.8627190887884,53.91469604721373,80.2309515867141,negative_cross,toward_S1,4.284380611946895
5,gle350,2024-03-29 21:38:20+00:00,40.287963,-88.126524,89.95114706189379,159.0,-5.636357569952594,rs2,8.97643736005785,36.26561116802619,27.28917380796834,4,8.97643736005785,63.08322701116686,54.10678965110901,80.2309515867141,negative_cross,toward_S1,4.180003619910735
5,gle350,2024-03-29 21:38:21+00:00,40.288023,-88.126521,83.27594691705247,160.0,-6.675200144841327,rs2,3.521641882862124,34.705575940182776,31.183934057320652,4,3.521641882862124,56.43496567055127,52.913323787689144,80.2309515867141,negative_cross,toward_S1,4.056388802413673
5,gle350,2024-03-29 21:38:22+00:00,40.28809,-88.126517,75.82097889537484,161.0,-7.4549680216776295,rs2,6.485150461941976,34.38735969500643,27.902209233064454,4,6.485150461941976,49.02508002501799,42.539929563076015,80.2309515867141,negative_cross,toward_S1,3.918333839049273
5,gle350,2024-03-29 21:38:23+00:00,40.288171,-88.126516,66.81412533115879,162.0,-9.006853564216044,rs2,14.973420291284823,36.4226259795967,21.449205688311878,4,14.973420291284823,40.058271046450486,25.08485075516566,80.2309515867141,negative_cross,toward_S1,3.7515402545267538
5,gle350,2024-03-29 21:38:24+00:00,40.288265,-88.126513,56.35891284419225,163.0,-10.455212486966545,rs2,25.302683098263618,29.706611186135277,4.403928087871659,4,25.302683098263618,29.706611186135277,4.403928087871659,80.2309515867141,negative_cross,toward_S1,3.5579252084718176
5,gle350,2024-03-29 21:38:25+00:00,40.288366,-88.12651,45.12546252242781,164.0,-11.233450321764437,rs5,18.712263447181552,36.48118872863593,17.768925281454376,3,18.712263447181552,36.48118872863593,17.768925281454376,26.33125891160298,negative_cross,toward_S1,3.3480408076078674
5,gle350,2024-03-29 21:38:26+00:00,40.288471,-88.126507,33.44730486664017,165.0,-11.678157655787643,rs5,8.022833507447459,34.2674518657739,26.24461835832644,3,8.022833507447459,48.1302971023308,40.10746359488334,26.33125891160298,negative_cross,toward_S1,3.131778628796985
5,gle350,2024-03-29 21:38:27+00:00,40.288579,-88.126494,21.420316281337506,166.0,-12.02698858530266,rs5,8.013233023869534,32.74429739383861,24.731064369969076,3,8.013233023869534,48.59609709601664,40.58286407214711,26.33125891160298,negative_cross,toward_S1,2.9090566179580466
5,gle350,2024-03-29 21:38:28+00:00,40.28869,-88.126472,9.046026808666964,167.0,-12.374289472670542,rs5,19.44328460662147,35.003827373954415,15.560542767332944,3,19.44328460662147,36.45300323882773,17.009718632206262,26.33125891160298,negative_cross,toward_S1,2.6799031092048886
5,gle350,2024-03-29 21:38:29+00:00,40.288806,-88.126453,-3.8795567027684488,168.0,-12.925583511435413,rs7,24.052797511139875,32.137327631809704,8.084530120669829,2,24.052797511139875,32.137327631809704,8.084530120669829,-27.632700444717127,negative_cross,toward_S1,2.439873032258309
5,gle350,2024-03-29 21:38:30+00:00,40.288929,-88.126443,-17.569607663879776,169.0,-13.690050961111327,rs7,11.820151192596501,29.420059103748308,17.599907911151806,2,11.820151192596501,45.58777212408267,33.767620931486164,-27.632700444717127,negative_cross,toward_S1,2.1863535700155063
5,gle350,2024-03-29 21:38:31+00:00,40.289194,-88.126445,-47.02840848051382,170.0,-29.458800816634042,rs7,20.983978286123637,31.50927143965735,10.525293153533713,2,20.983978286123637,31.50927143965735,10.525293153533713,-27.632700444717127,negative_cross,toward_S1,1.6408202215593206
5,gle350,2024-03-29 21:38:32+00:00,40.289331,-88.126447,-62.25657459667168,171.0,-15.228166116157865,rs10,16.365708027418986,32.158540112558526,15.79283208513954,1,16.365708027418986,35.721359244984335,19.35565121756535,-78.92951005359993,negative_cross,toward_S1,1.3087580640171896
5,gle350,2024-03-29 21:38:33+00:00,40.28946,-88.126445,-76.60144621622706,172.0,-14.344871619555377,rs10,3.395268667553481,27.375821058686245,23.980552391132765,1,3.395268667553481,49.917836963650906,46.522568296097425,-78.92951005359993,negative_cross,toward_S1,1.0431122932846828
5,gle350,2024-03-29 21:38:34+00:00,40.289569,-88.126436,-88.73349146412426,173.0,-12.132045247897196,rs10,10.958046377251188,28.223477643701433,17.265431266450243,1,10.958046377251188,62.04000497921665,51.08195860196546,-78.92951005359993,negative_cross,toward_S1,0.8184447886939938
5,gle350,2024-03-29 21:38:35+00:00,40.289645,-88.126416,-97.21353167480044,174.0,-8.48004021067618,rs10,19.531720666404624,30.739646261432743,11.207925595028119,1,19.531720666404624,70.63936819528818,51.10764752888356,-78.92951005359993,negative_cross,toward_S1,0.6614070070148054
5,gle350,2024-03-29 21:38:36+00:00,40.289696,-88.126377,-102.94322186017551,175.0,-5.729690185375077,rs10,25.944482530864306,32.09080225742786,6.146319726563554,1,25.944482530864306,76.73626022972041,50.79177769885611,-78.92951005359993,negative_cross,toward_S1,0.5553016332115632
5,gle350,2024-03-29 21:38:37+00:00,40.289722,-88.126319,-105.92256202024952,176.0,-2.9793401600740026,rs10,30.534004778152706,31.44214338368216,0.9081386055294551,1,30.534004778152706,79.88524745189953,49.351242673746825,-78.92951005359993,negative_cross,toward_S1,0.5001286672842669
5,gle350,2024-03-29 21:38:38+00:00,40.289721,-88.126251,-105.91542810248299,177.0,0.007133917766523723,rs8,28.717163691388265,33.40912162800837,4.691957936620106,1,28.717163691388265,78.74280178629137,50.0256380949031,-78.92951005359993,positive_cross,ambiguous,0.5002607768725358
5,gle350,2024-03-29 21:38:40+00:00,40.28963,-88.126155,-95.94522036172116,179.0,4.985103870380918,rs8,16.697631711366274,32.38286651203915,15.685234800672877,1,16.697631711366274,67.87778578718105,51.180154075814784,-78.92951005359993,positive_cross,toward_S4,0.6848942535533106
5,gle350,2024-03-29 21:38:41+00:00,40.289563,-88.126159,-88.49025233923182,180.0,7.454968022489339,rs8,9.517870775433536,28.818652642644203,19.300781867210667,1,9.517870775433536,60.45354041962042,50.93566964418688,-78.92951005359993,positive_cross,toward_S4,0.8229492169327428
5,gle350,2024-03-29 21:38:42+00:00,40.289486,-88.126165,-79.92045589470145,181.0,8.569796444530368,rs8,3.5433881887521332,26.66313999489468,23.11975180614255,1,3.5433881887521332,51.94289643164872,48.39950824289659,-78.92951005359993,positive_cross,toward_S4,0.9816491510907126
5,gle350,2024-03-29 21:38:43+00:00,40.289393,-88.126166,-69.57948032758232,182.0,10.34097556711913,rs8,10.511599903770312,28.11813668688849,17.60653678311818,1,10.511599903770312,41.64587803881045,31.13427813504014,-78.92951005359993,positive_cross,toward_S4,1.1731486986299557
5,gle350,2024-03-29 21:38:44+00:00,40.289285,-88.126167,-57.5708522568072,183.0,12.008628070775117,rs8,22.196882885753492,29.727429198619276,7.530546312865784,1,22.196882885753492,29.727429198619276,7.530546312865784,-78.92951005359993,positive_cross,toward_S4,1.395530699940606
5,gle350,2024-03-29 21:38:45+00:00,40.28917,-88.126164,-44.79010652195337,184.0,12.78074573485383,rs6,17.098807005082246,34.849346177363955,17.75053917228171,2,17.098807005082246,34.849346177363955,17.75053917228171,-27.632700444717127,positive_cross,toward_S4,1.6822702578289586
5,gle350,2024-03-29 21:38:46+00:00,40.289047,-88.12616,-31.121476161113275,185.0,13.668630360840094,rs6,4.657701733459811,31.10861042546642,26.450908692006607,2,4.657701733459811,48.459718741794575,43.802017008334765,-27.632700444717127,positive_cross,toward_S4,1.9353930422889603
5,gle350,2024-03-29 21:38:47+00:00,40.288912,-88.126157,-16.117193755244728,186.0,15.004282405868548,rs6,12.511754953969788,33.21336040687927,20.70160545290948,2,12.511754953969788,41.99347736313565,29.481722409165865,-27.632700444717127,positive_cross,toward_S4,2.2132501238791185
5,gle350,2024-03-29 21:38:48+00:00,40.288772,-88.126152,-0.5600872662030194,187.0,15.557106489041708,rs3,26.465720264502657,27.782350640470217,1.3166303759675593,3,26.465720264502657,27.782350640470217,1.3166303759675593,26.33125891160298,positive_cross,toward_S4,2.502012107818407
5,gle350,2024-03-29 21:38:49+00:00,40.288632,-88.12615,15.001609351454261,188.0,15.561696617657281,rs3,11.14895496704267,36.811350433495676,25.662395466453006,3,11.14895496704267,43.287681902680596,32.138726935637926,26.33125891160298,positive_cross,toward_S4,2.7901916748120605
5,gle350,2024-03-29 21:38:50+00:00,40.288488,-88.126153,31.015663517559272,189.0,16.014054166105012,rs3,6.36287472065024,35.047127588012074,28.684252867361835,3,6.36287472065024,48.19570425242308,41.83282953177284,26.33125891160298,positive_cross,toward_S4,3.086748233443635
5,gle350,2024-03-29 21:38:51+00:00,40.288348,-88.126158,46.58807043536305,190.0,15.572406917803779,rs3,21.26854085667294,32.7231539158127,11.454613059139763,3,21.26854085667294,32.7231539158127,11.454613059139763,26.33125891160298,positive_cross,toward_S4,3.37512613932889
5,gle350,2024-03-29 21:38:52+00:00,40.288221,-88.126162,60.71364847324469,191.0,14.125578037881638,rs1,18.827687311422665,35.29014730789507,16.462459996472404,4,18.827687311422665,35.29014730789507,16.462459996472404,80.2309515867141,positive_cross,toward_S4,3.6385684608616775
5,gle350,2024-03-29 21:38:53+00:00,40.288109,-88.126171,73.1792242218731,192.0,12.46557574862841,rs1,7.639991985823396,33.56512693857025,25.925134952746856,4,7.639991985823396,47.7549443748837,40.114952389060306,80.2309515867141,positive_cross,toward_S4,3.869412456206648
5,gle350,2024-03-29 21:38:54+00:00,40.288015,-88.126187,83.65432726544906,193.0,10.475103043575956,rs1,7.6579175803805155,31.438089852722097,23.78017227234158,4,7.6579175803805155,58.29539707559505,50.637479495214535,80.2309515867141,positive_cross,toward_S4,4.063395845902499
5,gle350,2024-03-29 21:38:55+00:00,40.287943,-88.12622,91.70955069947965,194.0,8.055223434030594,rs1,15.417804267153896,30.484842554526203,15.067038287372307,4,15.417804267153896,66.58833867329331,51.17053440613941,80.2309515867141,positive_cross,toward_S4,4.212566650236399
5,gle350,2024-03-29 21:38:56+00:00,40.287895,-88.126275,97.13019107013848,195.0,5.42064037065883,rs1,22.48580025909763,28.784588106809075,6.298787847711445,4,22.48580025909763,72.62174636250732,50.135946103409694,80.2309515867141,positive_cross,toward_S4,4.312948879322674
5,gle350,2024-03-29 21:38:57+00:00,40.287874,-88.12634,99.56435736216682,196.0,2.434166292028337,rs2,26.012628012512167,27.847023689367845,1.834395676855678,4,26.012628012512167,75.30238366473897,49.2897556522268,80.2309515867141,negative_cross,toward_S4,4.358026032878754
5,gle350,2024-03-29 21:38:58+00:00,40.287878,-88.126409,99.22522298654097,197.0,-0.3391343756258465,rs2,21.909714449572522,31.878700834511324,9.968986384938802,4,21.909714449572522,73.61402986011484,51.70431541054232,80.2309515867141,negative_cross,ambiguous,4.351745766663461
5,gle350,2024-03-29 21:38:59+00:00,40.287904,-88.126468,96.42489784295262,198.0,-2.8003251435883527,rs2,16.862830122639046,34.43495262802743,17.572122505388386,4,16.862830122639046,70.02149849481458,53.15866837217553,80.2309515867141,negative_cross,toward_S1,4.299887893634047
5,gle350,2024-03-29 21:39:00+00:00,40.287952,-88.126507,91.14808150261807,199.0,-5.276816340334548,rs2,10.627318914970203,35.266190251249974,24.63887133627977,4,10.627318914970203,64.39448609207065,53.76716717710045,80.2309515867141,negative_cross,toward_S1,4.20216907251674
5,gle350,2024-03-29 21:39:01+00:00,40.288015,-88.126523,84.1684216716978,200.0,-6.979659830920269,rs2,3.9442429940069452,34.97833218555258,31.034089191545636,4,3.9442429940069452,57.312897198771594,53.36865420476465,80.2309515867141,negative_cross,toward_S1,4.072916112684883
5,gle350,2024-03-29 21:39:02+00:00,40.28809,-88.12652,75.82556902399041,201.0,-8.342852647707389,rs2,6.35871070888624,34.640331250104026,28.281620541217787,4,6.35871070888624,49.0056944586372,42.64698374975096,80.2309515867141,negative_cross,toward_S1,3.918418841431043
5,gle350,2024-03-29 21:39:03+00:00,40.288176,-88.126529,66.2781317204095,202.0,-9.547437303580907,rs2,15.311524926044589,37.65100770942528,22.33948278338069,4,15.311524926044589,39.410014967636656,24.098490041592065,80.2309515867141,negative_cross,toward_S1,3.7416144469202854
5,gle350,2024-03-29 21:39:04+00:00,40.288279,-88.126531,54.82997794560865,203.0,-11.448153774800858,rs2,26.67934693664314,27.979010948813613,1.2996640121704743,4,26.67934693664314,27.979010948813613,1.2996640121704743,80.2309515867141,negative_cross,toward_S1,3.529611599238788
5,gle350,2024-03-29 21:39:05+00:00,40.288393,-88.126516,42.13286827309987,204.0,-12.69710967250878,rs5,15.675848803317876,37.77180399626451,22.095955192946633,3,15.675848803317876,39.421110183570406,23.74526138025253,26.33125891160298,negative_cross,toward_S1,3.2926223955832756
5,gle350,2024-03-29 21:39:06+00:00,40.288514,-88.126499,28.65446067928125,205.0,-13.478407593818616,rs5,5.653283316238993,32.90845693391548,27.255173617676487,3,5.653283316238993,52.95447831716578,47.30119500092679,26.33125891160298,negative_cross,toward_S1,3.043022254957005
5,gle350,2024-03-29 21:39:07+00:00,40.28864,-88.126479,14.615578788698398,206.0,-14.038881890582852,rs5,14.195736721780861,33.200770270196664,19.005033548415803,3,14.195736721780861,41.91980666018482,27.724069938403957,26.33125891160298,negative_cross,toward_S1,2.7830429606869522
5,gle350,2024-03-29 21:39:08+00:00,40.288768,-88.126459,0.3543432314663094,207.0,-14.261235557232089,rs5,27.953676723219964,28.058676150216193,0.10499942699622977,3,27.953676723219964,28.058676150216193,0.10499942699622977,26.33125891160298,negative_cross,toward_S1,2.518946005923395
5,gle350,2024-03-29 21:39:09+00:00,40.288902,-88.126447,-14.5617129849998,208.0,-14.91605621646611,rs7,14.20636516694517,30.89453632026749,16.688171153322322,2,14.20636516694517,42.585730125519085,28.379364958573916,-27.632700444717127,negative_cross,toward_S1,2.2420553233280986
5,gle350,2024-03-29 21:39:10+00:00,40.28904,-88.126445,-29.9071761067488,209.0,-15.345463121748999,rs7,7.267311584995308,27.862876696817484,20.595565111822175,2,7.267311584995308,48.59150693112175,41.324195346126444,-27.632700444717127,negative_cross,toward_S1,1.9578800803327467
5,gle350,2024-03-29 21:39:11+00:00,40.289182,-88.126447,-45.691226391055324,210.0,-15.784050284306524,rs7,19.667137562362658,32.82413955528724,13.157001992924581,2,19.667137562362658,32.82413955528724,13.157001992924581,-27.632700444717127,negative_cross,toward_S1,1.665582852845589
5,gle350,2024-03-29 21:39:12+00:00,40.289323,-88.126446,-61.36868997145363,211.0,-15.677463580398303,rs10,17.25738258459418,32.56016642982628,15.302783845232103,1,17.25738258459418,34.863123968854055,17.605741384259876,-78.92951005359993,negative_cross,toward_S1,1.3252003718915981
5,gle350,2024-03-29 21:39:13+00:00,40.289442,-88.126444,-74.6017932547117,212.0,-13.233103283258068,rs10,4.816973266590058,27.541483017361404,22.724509750771347,1,4.816973266590058,47.946772486103825,43.129799219513764,-78.92951005359993,negative_cross,toward_S1,1.0801429036831154
5,gle350,2024-03-29 21:39:14+00:00,40.289538,-88.12644,-85.28088945119933,213.0,-10.679096196487635,rs10,7.638743246832029,27.56219247744663,19.9234492306146,1,7.638743246832029,58.576293290924816,50.93755004409279,-78.92951005359993,negative_cross,toward_S1,0.8823818630074185
5,gle350,2024-03-29 21:39:15+00:00,40.289615,-88.12642,-93.87210649521097,214.0,-8.591217044011643,rs10,16.240038431850728,29.186874147597035,12.946835715746307,1,16.240038431850728,67.28685432296253,51.0468158911118,-78.92951005359993,negative_cross,toward_S1,0.723285251081277
5,gle350,2024-03-29 21:39:16+00:00,40.289666,-88.126374,-99.61250698071082,215.0,-5.740400485499848,rs10,22.923645080629576,29.514043185609417,6.59039810497984,1,22.923645080629576,73.48976675758416,50.56612167695459,-78.92951005359993,negative_cross,toward_S1,0.6169815383868353
5,gle350,2024-03-29 21:39:17+00:00,40.2897,-88.12631,-103.49044206768579,216.0,-3.877935086974972,rs10,28.736290878080887,28.967432200703946,0.23114132262305986,1,28.736290878080887,77.33189361844322,48.59560274036233,-78.92951005359993,negative_cross,toward_S1,0.5451679256650765
5,gle350,2024-03-29 21:39:18+00:00,40.2897,-88.126235,-103.60519528337952,217.0,-0.11475321569372454,rs8,26.044991450779076,32.38420828051496,6.339216829735886,1,26.044991450779076,76.24284720880681,50.19785575802773,-78.92951005359993,positive_cross,ambiguous,0.5430428661151928
5,gle350,2024-03-29 21:39:19+00:00,40.28967,-88.126174,-100.36322289067826,218.0,3.241972392701257,rs8,21.365075807092015,33.68581372372411,12.320737916632094,1,21.365075807092015,72.41091095490489,51.04583514781288,-78.92951005359993,positive_cross,toward_S4,0.6030793919059568
5,gle350,2024-03-29 21:39:20+00:00,40.28962,-88.126145,-94.84875245418588,219.0,5.514470436492374,rs8,15.478335830315794,32.544927014216206,17.066591183900414,1,15.478335830315794,66.73181864112014,51.25348281080435,-78.92951005359993,positive_cross,toward_S4,0.7051992148039637
5,gle350,2024-03-29 21:39:21+00:00,40.289561,-88.126154,-88.27554888619541,220.0,6.5732035679904754,rs8,9.178940966620473,29.14580669603683,19.966865729416355,1,9.178940966620473,60.208215916994924,51.02927495037445,-78.92951005359993,positive_cross,toward_S4,0.8269252068037873
5,gle350,2024-03-29 21:39:22+00:00,40.289494,-88.126173,-80.7976302205847,221.0,7.477918665610716,rs8,4.405389957023477,26.03788433738728,21.632494380363802,1,4.405389957023477,52.88607845412121,48.48068849709773,-78.92951005359993,positive_cross,toward_S4,0.9654051820928747
5,gle350,2024-03-29 21:39:23+00:00,40.28941,-88.126184,-71.44194572689715,222.0,9.355684493687548,rs8,9.488788699628097,26.08589726489659,16.597108565268492,1,9.488788699628097,43.69843746676867,34.20964876714057,-78.92951005359993,positive_cross,toward_S4,1.138658598642644
5,gle350,2024-03-29 21:39:24+00:00,40.289309,-88.126185,-60.211555491666374,223.0,11.230390235230772,rs8,19.91335957275362,31.10657368864245,11.193214115888829,1,19.91335957275362,32.605289078491296,12.691929505737676,-78.92951005359993,positive_cross,toward_S4,1.3466287881839547
5,gle350,2024-03-29 21:39:26+00:00,40.289195,-88.126178,-47.54810676165721,225.0,6.3317243650045825,rs6,20.084854863868074,32.23187675459265,12.147021890724574,2,20.084854863868074,32.23187675459265,12.147021890724574,-27.632700444717127,positive_cross,toward_S4,1.6311961793159244
5,gle350,2024-03-29 21:39:27+00:00,40.289079,-88.126164,-34.67301466512357,226.0,12.875092096533642,rs6,7.614467244278736,31.37911496755808,23.764647723279346,2,7.614467244278736,44.93289682687135,37.318429582592614,-27.632700444717127,positive_cross,toward_S4,1.8696238107332142
5,gle350,2024-03-29 21:39:28+00:00,40.288957,-88.12616,-21.115561138387186,227.0,13.557453526736381,rs6,7.916308854773494,31.581067195357686,23.664758340584193,2,7.916308854773494,47.001579490126694,39.0852706353532,-27.632700444717127,positive_cross,toward_S4,2.120687764932036
5,gle350,2024-03-29 21:39:29+00:00,40.288831,-88.126167,-7.09656980518197,228.0,14.018991333205216,rs6,21.479155249069038,33.139541564660895,11.660386315591857,2,21.479155249069038,33.139541564660895,11.660386315591857,-27.632700444717127,positive_cross,toward_S4,2.3802987155469473
5,gle350,2024-03-29 21:39:30+00:00,40.288703,-88.126169,7.137124981081411,229.0,14.233694786263381,rs3,19.189756998613344,35.57156805086798,16.381811052254637,3,19.189756998613344,35.57156805086798,16.381811052254637,26.33125891160298,positive_cross,toward_S4,2.6445530753607116
5,gle350,2024-03-29 21:39:31+00:00,40.288577,-88.126168,21.143875971290022,230.0,14.006750990208612,rs3,6.573375811251036,33.8867785714005,27.31340276014946,3,6.573375811251036,49.50279130523941,42.92941549398838,26.33125891160298,positive_cross,toward_S4,2.9039373529571675
5,gle350,2024-03-29 21:39:32+00:00,40.288452,-88.126163,35.033329955885755,231.0,13.889453984595733,rs3,10.289232688031888,34.971080711825444,24.681848023793556,3,10.289232688031888,44.273025973097255,33.98379328506537,26.33125891160298,positive_cross,toward_S4,3.161149463783014
5,gle350,2024-03-29 21:39:33+00:00,40.288328,-88.126162,48.81772727865515,232.0,13.784397322769394,rs3,23.51774201841408,30.55725125047064,7.0395092320565595,3,23.51774201841408,30.55725125047064,7.0395092320565595,26.33125891160298,positive_cross,toward_S4,3.4164160808713366
5,gle350,2024-03-29 21:39:34+00:00,40.288211,-88.126164,61.82847689530747,233.0,13.010749616652319,rs1,17.782704090213603,36.41474331455568,18.632039224342076,4,17.782704090213603,36.41474331455568,18.632039224342076,80.2309515867141,positive_cross,toward_S4,3.6592134316406177
5,gle350,2024-03-29 21:39:35+00:00,40.288109,-88.12617,73.17769417900124,234.0,11.349217283693768,rs1,7.586760200326389,33.64772212545082,26.06096192512443,4,7.586760200326389,47.7461556268642,40.15939542653781,80.2309515867141,positive_cross,toward_S4,3.869384122079391
5,gle350,2024-03-29 21:39:36+00:00,40.288025,-88.126178,82.52878854405147,235.0,9.35109436505023,rs1,6.400061243990162,32.12223347254945,25.72217222855929,4,6.400061243990162,57.11017966127205,50.71011841728189,80.2309515867141,positive_cross,toward_S4,4.042552536246988
5,gle350,2024-03-29 21:39:37+00:00,40.287959,-88.126195,89.89247028981474,236.0,7.363681745763273,rs1,12.75456594419152,31.931193546092683,19.176627601901163,4,12.75456594419152,64.56094473193994,51.80637878774842,80.2309515867141,positive_cross,toward_S4,4.178917013020382
5,gle350,2024-03-29 21:39:38+00:00,40.287906,-88.126241,95.85522444273204,237.0,5.962754152917299,rs1,19.82374669072624,30.60279799114596,10.77905130041972,4,19.82374669072624,70.91957914047858,51.095832449752336,80.2309515867141,positive_cross,toward_S4,4.289338386222554
5,gle350,2024-03-29 21:39:39+00:00,40.28787,-88.126308,99.96010332497184,238.0,4.104878882239802,rs1,26.400417318805786,28.287864064661555,1.8874467458557689,4,26.400417318805786,75.91663332563722,49.516216006831435,80.2309515867141,positive_cross,toward_S4,4.3653546618195875
5,gle350,2024-03-29 21:39:40+00:00,40.287862,-88.126386,100.96886133816099,239.0,1.0087580131891514,rs2,24.491084760015216,31.558796224718314,7.067711464703098,4,24.491084760015216,75.72784107403413,51.23675631401892,80.2309515867141,negative_cross,toward_S4,4.384035365767535
5,gle350,2024-03-29 21:39:41+00:00,40.28788,-88.126457,99.07631137716835,240.0,-1.892549960992639,rs2,19.672430484046636,35.04020341722957,15.367772933182934,4,19.672430484046636,72.78289096100379,53.11046047695715,80.2309515867141,negative_cross,toward_S1,4.348988144267671
5,gle350,2024-03-29 21:39:42+00:00,40.287918,-88.12651,94.93268397338059,241.0,-4.143627403787761,rs2,14.111377681653229,36.908990600435494,22.797612918782264,4,14.111377681653229,68.14950900115436,54.038131319501126,80.2309515867141,negative_cross,toward_S1,4.272254303456787
5,gle350,2024-03-29 21:39:43+00:00,40.287972,-88.126529,88.95820577329124,242.0,-5.974478200089351,rs2,7.894517013093598,36.40375050505517,28.509233491961574,4,7.894517013093598,62.062680402942796,54.1681633898492,80.2309515867141,negative_cross,toward_S1,4.161615818269947
5,gle350,2024-03-29 21:39:44+00:00,40.288028,-88.126524,82.72465287833109,243.0,-6.233552894960155,rs2,3.028082080524071,34.90523746715624,31.877155386632168,4,3.028082080524071,55.86446769312043,52.83638561259636,80.2309515867141,negative_cross,toward_S1,4.046179653548463
5,gle350,2024-03-29 21:39:45+00:00,40.288091,-88.126514,75.70521193263382,244.0,-7.019440945697269,rs2,6.712875606290413,34.14702127877173,27.434145672481318,4,6.712875606290413,48.93494557319086,42.22206996690045,80.2309515867141,negative_cross,toward_S1,3.9161900064059205
5,gle350,2024-03-29 21:39:46+00:00,40.288166,-88.126507,67.356239113439,245.0,-8.348972819194813,rs2,14.631225161290267,35.51301002955583,20.881784868265562,4,14.631225161290267,40.69301216283467,26.061787001544403,80.2309515867141,negative_cross,toward_S1,3.761579398643054
5,gle350,2024-03-29 21:39:47+00:00,40.288253,-88.1265,57.67314429050765,246.0,-9.683094822931352,rs2,24.175517731838312,31.196929417022915,7.021411685184603,4,24.175517731838312,31.196929417022915,7.021411685184603,80.2309515867141,negative_cross,toward_S1,3.582262827848029
5,gle350,2024-03-29 21:39:48+00:00,40.288348,-88.126501,47.11287514173654,247.0,-10.560269148771113,rs5,20.84023963719464,34.58623529205787,13.745995654863233,3,20.84023963719464,34.58623529205787,13.745995654863233,26.33125891160298,negative_cross,toward_S1,3.3848447450024732
5,gle350,2024-03-29 21:39:49+00:00,40.288446,-88.126508,36.22825574946537,248.0,-10.88461939227117,rs5,10.364858896616422,35.04123991873548,24.676381022119056,3,10.364858896616422,45.35299906388413,34.9881401672677,26.33125891160298,negative_cross,toward_S1,3.183277719219674
5,gle350,2024-03-29 21:39:50+00:00,40.288647,-88.126499,13.867941811424624,249.0,-22.360313938040747,rs5,14.146295548343902,35.06285054133192,20.91655499298802,3,14.146295548343902,41.020861691658496,26.874566143314595,26.33125891160298,negative_cross,toward_S1,2.7691978314781784
5,gle350,2024-03-29 21:39:51+00:00,40.288744,-88.126482,3.057778223455643,250.0,-10.81016358796898,rs5,24.82709237312297,30.38837138759362,5.561279014470649,3,24.82709237312297,30.38837138759362,5.561279014470649,26.33125891160298,negative_cross,toward_S1,2.5690096168861603
5,gle350,2024-03-29 21:39:52+00:00,40.288845,-88.12646,-8.20474291293932,251.0,-11.262521136394962,rs7,19.71179271213896,34.99308117087658,15.28128845873762,2,19.71179271213896,36.16421573819184,16.452423026052884,-27.632700444717127,negative_cross,toward_S1,2.359776991329219
5,gle350,2024-03-29 21:39:53+00:00,40.288949,-88.126446,-19.788554207047138,252.0,-11.583811294107818,rs7,9.925332298691155,28.97201054146444,19.046678242773282,2,9.925332298691155,47.70576369540031,37.780431396709155,-27.632700444717127,negative_cross,toward_S1,2.145261967364259
5,gle350,2024-03-29 21:39:54+00:00,40.289059,-88.12644,-32.02718615962077,253.0,-12.23863195257363,rs7,8.647527037330626,27.68813305352776,19.040606016197135,2,8.647527037330626,46.51035618893724,37.86282915160661,-27.632700444717127,negative_cross,toward_S1,1.9186206349091919
5,gle350,2024-03-29 21:39:55+00:00,40.289176,-88.126439,-45.03640573258952,254.0,-13.009219572968753,rs7,19.283609788646707,32.296910433408215,13.013300644761507,2,19.283609788646707,33.55110218591421,14.267492397267503,-27.632700444717127,negative_cross,toward_S1,1.6777091613356965
5,gle350,2024-03-29 21:39:56+00:00,40.289297,-88.12644,-58.48727255464947,255.0,-13.45086682205995,rs10,20.19356976672474,32.138408343098405,11.944838576373666,1,20.19356976672474,32.138408343098405,11.944838576373666,-78.92951005359993,negative_cross,toward_S1,1.3785599536842676
5,gle350,2024-03-29 21:39:57+00:00,40.289412,-88.126441,-71.27107837524701,256.0,-12.783805820597543,rs10,7.8246714606081245,28.025657158751354,20.200985698143228,1,7.8246714606081245,44.685904557597155,36.86123309698903,-78.92951005359993,negative_cross,toward_S1,1.1418228088583873
5,gle350,2024-03-29 21:39:58+00:00,40.289514,-88.126441,-82.6111154016879,257.0,-11.340037026440882,rs10,5.30701493967954,27.1659705839747,21.85895564429516,1,5.30701493967954,55.91699787327799,50.60998293359845,-78.92951005359993,negative_cross,toward_S1,0.9318221231835561
5,gle350,2024-03-29 21:39:59+00:00,40.289595,-88.126432,-91.63020930890052,258.0,-9.019093907212621,rs10,13.812906366524444,29.037034604106367,15.224128237581922,1,13.812906366524444,64.95170956362092,51.13880319709648,-78.92951005359993,negative_cross,toward_S1,0.7648018656425817
5,gle350,2024-03-29 21:40:00+00:00,40.289655,-88.126399,-98.35131073998454,259.0,-6.721101431084023,rs10,21.024133473863113,30.283030891178118,9.258897417315005,1,21.024133473863113,71.94127525891639,50.917141785053275,-78.92951005359993,negative_cross,toward_S1,0.6403370243262109
5,gle350,2024-03-29 21:40:01+00:00,40.289694,-88.12634,-102.77747977916897,260.0,-4.42616903918443,rs10,26.95310239037132,29.9022890143034,2.9491866239320785,1,26.95310239037132,77.09172872134137,50.13862633097005,-78.92951005359993,negative_cross,toward_S1,0.5583709310079807
5,gle350,2024-03-29 21:40:02+00:00,40.289703,-88.126263,-103.89588458358999,261.0,-1.1184048044210186,rs8,27.298308873318025,31.189032884706396,3.8907240113883717,1,27.298308873318025,76.91875896407285,49.62045009075483,-78.92951005359993,positive_cross,toward_S1,0.53765973092611
5,gle350,2024-03-29 21:40:03+00:00,40.289679,-88.126195,-101.33168349249765,262.0,2.564201091092343,rs8,22.754976800632942,33.013337629966784,10.258360829333842,1,22.754976800632942,73.54741814224636,50.79244134161341,-78.92951005359993,positive_cross,toward_S4,0.5851449363167089
5,gle350,2024-03-29 21:40:04+00:00,40.28963,-88.126158,-95.94063023308384,263.0,5.391053259413809,rs8,16.74012604163526,32.167089067236404,15.426963025601143,1,16.74012604163526,67.8901602842269,51.15003424259163,-78.92951005359993,positive_cross,toward_S4,0.6849792559354831
5,gle350,2024-03-29 21:40:05+00:00,40.289569,-88.126153,-89.16649359794711,264.0,6.774136635136728,rs8,10.014548429016124,29.52559729026018,19.511048861244056,1,10.014548429016124,61.09264264164479,51.07809421262866,-78.92951005359993,positive_cross,toward_S4,0.8104262306602373
5,gle350,2024-03-29 21:40:06+00:00,40.289507,-88.126163,-82.25822948635354,265.0,6.908264111593567,rs8,4.362386135468215,27.02946968236289,22.667083546894673,1,4.362386135468215,54.25963021389167,49.897244078423455,-78.92951005359993,positive_cross,toward_S4,0.9383570475415997
5,gle350,2024-03-29 21:40:07+00:00,40.289432,-88.126164,-73.91843692362166,266.0,8.339792562731887,rs8,6.513822728848951,27.171650077216974,20.657827348368023,1,6.513822728848951,45.94970846509546,39.43588573624651,-78.92951005359993,positive_cross,toward_S4,1.092797650555153
5,gle350,2024-03-29 21:40:08+00:00,40.289344,-88.126163,-64.13640561039493,267.0,9.782031313226724,rs8,15.687281233231834,30.572307228267764,14.88502599503593,1,15.687281233231834,36.198364026460446,20.51108279322861,-78.92951005359993,positive_cross,toward_S4,1.2739463785778704
5,gle350,2024-03-29 21:40:09+00:00,40.289245,-88.126163,-53.12989908468525,268.0,11.006506525709682,rs6,25.27664731662734,26.549677798944447,1.2730304823171075,2,25.27664731662734,26.549677798944447,1.2730304823171075,-27.632700444717127,positive_cross,toward_S4,1.5278296548154051
5,gle350,2024-03-29 21:40:10+00:00,40.289137,-88.12616,-41.12739118462933,269.0,12.002507900055917,rs6,13.458657932546357,33.74229583715719,20.283637904610828,2,13.458657932546357,38.47498518552868,25.01632725298232,-27.632700444717127,positive_cross,toward_S4,1.7500983196312554
5,gle350,2024-03-29 21:40:11+00:00,40.289025,-88.126156,-28.681705994190274,270.0,12.445685190439058,rs6,3.2978857667250265,31.266147379454267,27.96826161272924,2,3.2978857667250265,50.88250096251479,47.584615195789766,-27.632700444717127,positive_cross,toward_S4,1.9805739713060528
5,gle350,2024-03-29 21:40:12+00:00,40.288911,-88.126154,-16.01060704977834,271.0,12.671098944411934,rs6,12.553947304833017,33.4906547387008,20.93670743386778,2,12.553947304833017,41.860377083994564,29.306429779161547,-27.632700444717127,positive_cross,toward_S4,2.2152239517581256
5,gle350,2024-03-29 21:40:13+00:00,40.288793,-88.126152,-2.8948007713214516,272.0,13.115806278456889,rs6,25.46070415994488,28.783926191880422,3.3232220319355434,2,25.46070415994488,28.783926191880422,3.3232220319355434,-27.632700444717127,positive_cross,toward_S4,2.458109253211031
5,gle350,2024-03-29 21:40:14+00:00,40.288674,-88.12615,10.332182340427442,273.0,13.226983111748893,rs3,15.68069895788233,38.51647098667339,22.835772028791062,3,15.68069895788233,38.62674345444401,22.946044496561683,26.33125891160298,positive_cross,toward_S4,2.70372080423749
5,gle350,2024-03-29 21:40:15+00:00,40.288555,-88.126151,23.563755580813652,274.0,13.23157324038621,rs3,3.911872739729913,35.02889403946917,31.11702129973926,3,3.911872739729913,51.84224573050893,47.93037299077901,26.33125891160298,positive_cross,toward_S4,2.9487499383187163
5,gle350,2024-03-29 21:40:16+00:00,40.288435,-88.126155,36.91109578394088,275.0,13.347340203127228,rs3,11.806180737124574,36.13282627823089,24.326645541106313,3,11.806180737124574,42.32992963254965,30.523748895425076,26.33125891160298,positive_cross,toward_S4,3.1959229050432945
5,gle350,2024-03-29 21:40:17+00:00,40.288315,-88.126163,50.26455615857729,276.0,13.353460374636413,rs3,24.956023069913783,29.136667649279243,4.18064457936546,3,24.956023069913783,29.136667649279243,4.18064457936546,26.33125891160298,positive_cross,toward_S4,3.443209208277302
5,gle350,2024-03-29 21:40:18+00:00,40.288203,-88.126174,62.73319199215943,277.0,12.468635833582141,rs1,17.1512574683158,37.14934949582803,19.998092027512225,4,17.1512574683158,37.40766551897729,20.256408050661488,80.2309515867141,positive_cross,toward_S4,3.6759674149156543
5,gle350,2024-03-29 21:40:19+00:00,40.288102,-88.126181,73.97276248541131,278.0,11.239570493251875,rs1,7.6577747615517096,32.56583029766202,24.908055536110307,4,7.6577747615517096,48.62388007082258,40.96610530927087,80.2309515867141,positive_cross,toward_S4,3.8841076092351337
5,gle350,2024-03-29 21:40:20+00:00,40.288018,-88.126189,83.32385685046157,279.0,9.351094365050258,rs1,7.606507755643571,31.241278501515584,23.63477074587201,4,7.606507755643571,57.982536514907906,50.37602875926434,80.2309515867141,positive_cross,toward_S4,4.057276023402731
5,gle350,2024-03-29 21:40:21+00:00,40.287947,-88.126203,91.23883263575792,280.0,7.914975785296349,rs1,14.245653391758188,31.69027625852918,17.44462286677099,4,14.245653391758188,65.96371725953242,51.71806386777423,80.2309515867141,positive_cross,toward_S4,4.203849649056367
5,gle350,2024-03-29 21:40:22+00:00,40.287897,-88.126253,96.87417645945317,281.0,5.635343823695251,rs1,21.21937198832391,30.23159679515393,9.01222480683002,4,21.21937198832391,72.07057453220087,50.85120254387695,80.2309515867141,positive_cross,toward_S4,4.308207868013686
5,gle350,2024-03-29 21:40:23+00:00,40.287868,-88.126324,100.20693767761426,282.0,3.332761218161096,rs1,27.435486236817834,27.447273577264536,0.011787340446701933,4,27.435486236817834,76.29736480934672,48.86187857252888,80.2309515867141,positive_cross,toward_S4,4.369925668350003
5,gle350,2024-03-29 21:40:24+00:00,40.287873,-88.1264,99.76733676882114,283.0,-0.43960090879312474,rs2,22.803886959415816,31.63747306420342,8.833586104787603,4,22.803886959415816,74.29935191177476,51.495464952358944,80.2309515867141,negative_cross,ambiguous,4.36178491077976
5,gle350,2024-03-29 21:40:25+00:00,40.287903,-88.126465,96.53148454762906,284.0,-3.2358522211920757,rs2,17.076294642999144,34.26828908285933,17.19199443986019,4,17.076294642999144,70.1615489031664,53.08525426016726,80.2309515867141,negative_cross,toward_S1,4.301861721498425
5,gle350,2024-03-29 21:40:26+00:00,40.287952,-88.126504,91.14349137398075,285.0,-5.3879931736483115,rs2,10.729648970008926,35.02575592886241,24.296106958853485,4,10.729648970008926,64.41359874057396,53.683949770565036,80.2309515867141,negative_cross,toward_S1,4.202084070134568
5,gle350,2024-03-29 21:40:27+00:00,40.288013,-88.12652,84.38618521047795,286.0,-6.757306163502804,rs2,4.281719693781005,34.75565645964387,30.473936765862867,4,4.281719693781005,57.55035767813131,53.268637984350306,80.2309515867141,negative_cross,toward_S1,4.076948770810442
5,gle350,2024-03-29 21:40:28+00:00,40.288082,-88.126521,76.71651373495214,287.0,-7.669671475525803,rs2,5.549378486287107,34.638195086813695,29.088816600526588,4,5.549378486287107,49.887076175822145,44.337697689535034,80.2309515867141,negative_cross,toward_S1,3.9349178175599637
5,gle350,2024-03-29 21:40:29+00:00,40.288156,-88.126519,68.48636796345211,288.0,-8.230145771500034,rs2,13.29147757887611,36.11118931693949,22.819711738063376,4,13.29147757887611,41.69557847279249,28.40410089391638,80.2309515867141,negative_cross,toward_S1,3.7825077106803335
5,gle350,2024-03-29 21:40:30+00:00,40.28824,-88.126514,59.13986372701745,289.0,-9.346504236434662,rs2,22.541196892330287,32.45085437934517,9.90965748701488,4,22.541196892330287,32.45085437934517,9.90965748701488,80.2309515867141,negative_cross,toward_S1,3.6094242988945067
5,gle350,2024-03-29 21:40:31+00:00,40.288337,-88.126513,48.35418082585338,290.0,-10.785682901164066,rs5,21.808155459369274,33.247057262462725,11.43890180309345,3,21.808155459369274,33.247057262462725,11.43890180309345,26.33125891160298,negative_cross,toward_S1,3.4078318873009334
5,gle350,2024-03-29 21:40:32+00:00,40.288443,-88.126513,36.5694364645776,291.0,-11.784744361275784,rs5,10.487568042767926,35.543656688932884,25.05608864616496,3,10.487568042767926,44.984213607766975,34.49664556499905,26.33125891160298,negative_cross,toward_S1,3.189595880610641
5,gle350,2024-03-29 21:40:33+00:00,40.28855,-88.126512,24.67198522711621,292.0,-11.89745123746139,rs5,4.85875731068983,33.956031783751946,29.097274473062114,3,4.85875731068983,51.764137454423576,46.905380143733744,26.33125891160298,negative_cross,toward_S1,2.969272709546541
5,gle350,2024-03-29 21:40:34+00:00,40.288656,-88.1265,12.868880351312905,293.0,-11.803104875803305,rs5,15.04660501603444,35.506325104991404,20.459720088956963,3,15.04660501603444,40.0167694987747,24.97016448274026,26.33125891160298,negative_cross,toward_S1,2.7506966933279617
5,gle350,2024-03-29 21:40:35+00:00,40.288762,-88.126477,1.048945004687385,294.0,-11.81993534662552,rs5,26.86899962188398,28.458008414051903,1.589008792167924,3,26.86899962188398,28.458008414051903,1.589008792167924,26.33125891160298,negative_cross,toward_S1,2.5318090017237855
5,gle350,2024-03-29 21:40:36+00:00,40.288871,-88.126454,-11.104520843459301,295.0,-12.153465848146686,rs7,17.122377565250186,33.0261274747647,15.903749909514513,2,17.122377565250186,39.09417381872862,21.971796253478434,-27.632700444717127,negative_cross,toward_S1,2.306077400023293
5,gle350,2024-03-29 21:40:37+00:00,40.288988,-88.126445,-24.125980760214613,296.0,-13.021459916755312,rs7,7.381493897867708,28.010262909531896,20.62876901166419,2,7.381493897867708,51.97344289861441,44.5919490007467,-27.632700444717127,negative_cross,toward_S1,2.0649392534167132
5,gle350,2024-03-29 21:40:38+00:00,40.289108,-88.126446,-37.46567074817086,297.0,-13.339689987956245,rs7,12.265475256766196,29.516801338096815,17.251326081330618,2,12.265475256766196,41.038035205797385,28.77255994903119,-27.632700444717127,negative_cross,toward_S1,1.8179079573434493
5,gle350,2024-03-29 21:40:39+00:00,40.289234,-88.126447,-51.47242173837947,298.0,-14.006750990208609,rs7,25.193788946138987,27.064416061537017,1.8706271153980296,2,25.193788946138987,27.064416061537017,1.8706271153980296,-27.632700444717127,negative_cross,toward_S1,1.5585236797469937
5,gle350,2024-03-29 21:40:40+00:00,40.289358,-88.126447,-65.25834910404247,299.0,-13.785927365663,rs10,13.413463201830462,30.69931781450073,17.28585461267027,1,13.413463201830462,38.67735257510652,25.263889373276058,-78.92951005359993,negative_cross,toward_S1,1.253169647214027
5,gle350,2024-03-29 21:40:41+00:00,40.289469,-88.126445,-77.60203771842068,300.0,-12.343688614378209,rs10,2.9907726303191353,27.305366817293358,24.314594186974222,1,2.9907726303191353,50.90991866579218,47.91914603547305,-78.92951005359993,negative_cross,toward_S1,1.024582821021838
5,gle350,2024-03-29 21:40:42+00:00,40.289561,-88.126434,-87.84713688098812,301.0,-10.245099162567442,rs10,10.185711656674405,27.769228889813636,17.583517233139233,1,10.185711656674405,61.1778176556694,50.992105998994994,-78.92951005359993,negative_cross,toward_S1,0.8348587624557743
5,gle350,2024-03-29 21:40:43+00:00,40.289635,-88.126401,-96.1247139816462,302.0,-8.277577100658078,rs10,18.872177618782604,29.056162092260127,10.183984473477523,1,18.872177618782604,69.71628136619397,50.84410374741137,-78.92951005359993,negative_cross,toward_S1,0.6815702976287727
5,gle350,2024-03-29 21:40:44+00:00,40.289684,-88.126345,-101.65806122928058,303.0,-5.5333472476343815,rs10,25.767562687614717,29.302508683548748,3.534945995934031,1,25.767562687614717,75.91677988134518,50.149217193730465,-78.92951005359993,negative_cross,toward_S1,0.579100904154062
5,gle350,2024-03-29 21:40:45+00:00,40.289704,-88.126271,-103.99482107388539,304.0,-2.3367598446048135,rs8,27.698348691534793,30.886342107239624,3.187993415704831,1,27.698348691534793,77.14015625790414,49.44180756636935,-78.92951005359993,positive_cross,toward_S1,0.5358275736984173
5,gle350,2024-03-29 21:40:46+00:00,40.28969,-88.126194,-102.55615870498055,305.0,1.4386623689048434,rs8,23.91520098730462,33.921910984869754,10.006709997565135,1,23.91520098730462,74.75869703831701,50.843496051012394,-78.92951005359993,positive_cross,toward_S4,0.5624694694188774
5,gle350,2024-03-29 21:40:47+00:00,40.289641,-88.126147,-97.18040587432883,306.0,5.37575283065172,rs8,17.818180206743055,33.612638832451495,15.79445862570844,1,17.818180206743055,69.0721215835813,51.253941376838256,-78.92951005359993,positive_cross,toward_S4,0.6620204477642797
5,gle350,2024-03-29 21:40:48+00:00,40.289577,-88.126145,-90.06814860984532,307.0,7.112257264483503,rs8,10.743279216532118,30.47864072590129,19.73536150936917,1,10.743279216532118,61.952212912414446,51.20893369588233,-78.92951005359993,positive_cross,toward_S4,0.7937289156250853
5,gle350,2024-03-29 21:40:49+00:00,40.289506,-88.126164,-82.14552261016794,308.0,7.922625999677379,rs8,4.358174425636155,26.93135764513626,22.573183219500105,1,4.358174425636155,54.15478640038713,49.796611974750974,-78.92951005359993,positive_cross,toward_S4,0.9404442119154071
5,gle350,2024-03-29 21:40:50+00:00,40.289421,-88.126168,-72.68937158250142,309.0,9.456151027666522,rs8,7.7409580624615755,27.088263457765212,19.347305395303636,1,7.7409580624615755,44.761983875092945,37.02102581263137,-78.92951005359993,positive_cross,toward_S4,1.1155581198351574
5,gle350,2024-03-29 21:40:51+00:00,40.289319,-88.126165,-61.35392468469787,310.0,11.33544689780355,rs8,18.445171112514906,31.85970833988426,13.414537227369355,1,18.445171112514906,33.45477537721929,15.009604264704386,-78.92951005359993,positive_cross,toward_S4,1.325473803127816
5,gle350,2024-03-29 21:40:52+00:00,40.289207,-88.126159,-48.91129957921256,311.0,12.442625105485313,rs6,21.049957313660958,30.712206892022444,9.662249578361486,2,21.049957313660958,30.712206892022444,9.662249578361486,-27.632700444717127,positive_cross,toward_S4,1.6059518678797142
5,gle350,2024-03-29 21:40:53+00:00,40.289088,-88.126158,-35.68278642457007,312.0,13.228513154642492,rs6,8.263327301056433,32.112571814040855,23.84924451298442,2,8.263327301056433,43.89806221584555,35.634734914789114,-27.632700444717127,positive_cross,toward_S4,1.850924333706427
5,gle350,2024-03-29 21:40:54+00:00,40.288958,-88.126156,-21.232858143210105,313.0,14.449928281359963,rs6,7.6671477516979145,31.890868403844433,24.22372065214652,2,7.6671477516979145,47.08439246422706,39.41724471252914,-27.632700444717127,positive_cross,toward_S4,2.118515598176056
5,gle350,2024-03-29 21:40:55+00:00,40.288819,-88.126156,-5.779278273101113,314.0,15.453579870108992,rs6,22.636661697586128,31.69565536441938,9.058993666833253,2,22.636661697586128,31.69565536441938,9.058993666833253,-27.632700444717127,positive_cross,toward_S4,2.404693003178074
5,gle350,2024-03-29 21:40:56+00:00,40.288675,-88.126157,10.231715807260183,315.0,16.010994080361296,rs3,15.92084350277154,38.02487200603443,22.10402850326289,3,15.92084350277154,38.56273734786711,22.641893845095574,26.33125891160298,positive_cross,toward_S4,2.7018603128825407
5,gle350,2024-03-29 21:40:57+00:00,40.288533,-88.126156,26.017296134416817,316.0,15.785580327156634,rs3,3.7310830815554814,34.49108811146319,30.76000502990771,3,3.7310830815554814,53.206658430991396,49.475575349435914,26.33125891160298,positive_cross,toward_S4,2.9941858744965524
5,gle350,2024-03-29 21:40:58+00:00,40.288393,-88.126163,41.592763137986054,317.0,15.575467003569237,rs3,16.478990770287936,37.135313818974005,20.65632304868607,3,16.478990770287936,37.744421041351906,21.26543027106397,26.33125891160298,positive_cross,toward_S4,3.2826204486367234
5,gle350,2024-03-29 21:40:59+00:00,40.288264,-88.126166,55.9391648004133,318.0,14.346401662427247,rs1,23.581605326591493,30.59597255423076,7.014367227639266,4,23.581605326591493,30.59597255423076,7.014367227639266,80.2309515867141,positive_cross,toward_S4,3.550152096549985
5,gle350,2024-03-29 21:41:00+00:00,40.28815,-88.126171,68.62097404416002,319.0,12.68180924374672,rs1,11.542773418627423,34.89285756299883,23.350084144371404,4,11.542773418627423,43.22224170680372,31.6794682881763,80.2309515867141,positive_cross,toward_S4,3.785000415878628
5,gle350,2024-03-29 21:41:01+00:00,40.288054,-88.126181,79.30925049790054,320.0,10.688276453740514,rs1,5.670719496381363,31.863533357126723,26.19281386074536,4,5.670719496381363,53.927942888198515,48.25722339181715,80.2309515867141,positive_cross,toward_S4,3.9829314613182674
5,gle350,2024-03-29 21:41:02+00:00,40.287973,-88.126195,88.33599461947249,321.0,9.026744121571951,rs1,11.472017582525792,31.527800976002446,20.055783393476652,4,11.472017582525792,63.01324970130687,51.541232118781075,80.2309515867141,positive_cross,toward_S4,4.150093389495526
5,gle350,2024-03-29 21:41:03+00:00,40.287913,-88.126236,95.06933639280665,322.0,6.7333417733341605,rs1,18.939683920944674,30.607327957527637,11.667644036582963,4,18.939683920944674,70.0855648722023,51.145880951257624,80.2309515867141,positive_cross,toward_S4,4.274784903816529
5,gle350,2024-03-29 21:41:04+00:00,40.287872,-88.1263,99.72550931455775,323.0,4.656172921751107,rs1,25.806621906243315,28.65102143370053,2.8443995274572167,4,25.806621906243315,75.55353717736233,49.746915271119015,80.2309515867141,positive_cross,toward_S4,4.361010328293401
5,gle350,2024-03-29 21:41:05+00:00,40.287862,-88.126379,100.95815103803623,324.0,1.23264172347848,rs2,24.845692808571496,31.127458047182003,6.281765238610507,4,24.845692808571496,75.84751799356833,51.00182518499683,80.2309515867141,negative_cross,toward_S4,4.383837026876336
5,gle350,2024-03-29 21:41:06+00:00,40.287883,-88.126449,98.7305405334188,325.0,-2.227610504617431,rs2,19.675402569096338,34.29086998031995,14.615467411223609,4,19.675402569096338,72.53873923294935,52.86333666385302,80.2309515867141,negative_cross,toward_S1,4.342584980494531
5,gle350,2024-03-29 21:41:07+00:00,40.287928,-88.126498,93.80255512257747,326.0,-4.92798541084133,rs2,13.386854278404604,35.52600072908774,22.139146450683135,4,13.386854278404604,67.11499875685266,53.72814447844805,80.2309515867141,negative_cross,toward_S1,4.251325991404878
5,gle350,2024-03-29 21:41:08+00:00,40.287982,-88.126517,87.82807692327813,327.0,-5.974478199299341,rs2,7.244223672791049,35.14448357465347,27.90025990186242,4,7.244223672791049,61.0075593137498,53.76333564095875,80.2309515867141,negative_cross,toward_S1,4.140687506232667
5,gle350,2024-03-29 21:41:09+00:00,40.288046,-88.126517,80.71275957302915,328.0,-7.115317350248986,rs2,3.386064798504659,34.19211272748487,30.80604792898021,4,3.386064798504659,53.9052207129193,50.51915591441464,80.2309515867141,negative_cross,toward_S1,4.008922370116945
5,gle350,2024-03-29 21:41:10+00:00,40.288121,-88.126519,72.37755713970279,329.0,-8.335202433326359,rs2,9.553882651058167,35.10433810880897,25.5504554577508,4,9.553882651058167,45.57452285566855,36.02064020461038,80.2309515867141,negative_cross,toward_S1,3.8545667694997907
5,gle350,2024-03-29 21:41:11+00:00,40.288208,-88.126519,62.70517261691795,330.0,-9.672384522784839,rs2,18.960257854198595,35.93815742629914,16.977899572100547,4,18.960257854198595,35.93815742629914,16.977899572100547,80.2309515867141,negative_cross,toward_S1,3.6754485375963677
5,gle350,2024-03-29 21:41:12+00:00,40.288308,-88.126518,51.585959214232716,331.0,-11.119213402685233,rs5,24.91325897298491,29.994478842831363,5.0812198698464535,3,24.91325897298491,29.994478842831363,5.0812198698464535,26.33125891160298,negative_cross,toward_S1,3.467679635233884
5,gle350,2024-03-29 21:41:13+00:00,40.288418,-88.126516,39.35344743314652,332.0,-12.232511781086195,rs5,13.003539167979648,36.687682063204974,23.684142895225328,3,13.003539167979648,42.1920759705016,29.188536802521952,26.33125891160298,negative_cross,toward_S1,3.2411516392878434
5,gle350,2024-03-29 21:41:14+00:00,40.288525,-88.12651,27.448345981304097,333.0,-11.905101451842423,rs5,4.4810732590903815,33.77279723086338,29.291723971773003,3,4.4810732590903815,54.097478438752155,49.616405179661776,26.33125891160298,negative_cross,toward_S1,3.0206867975870577
5,gle350,2024-03-29 21:41:15+00:00,40.28863,-88.126506,15.76865828264459,334.0,-11.679687698659507,rs5,12.172960424627984,35.008899628073195,22.83593920344521,3,12.172960424627984,42.8836257902074,30.710665365579413,26.33125891160298,negative_cross,toward_S1,2.8043962846489188
5,gle350,2024-03-29 21:41:16+00:00,40.288731,-88.126495,4.522967617883547,335.0,-11.245690664761042,rs5,23.143006498234524,31.7192112716273,8.576204773392778,3,23.143006498234524,31.7192112716273,8.576204773392778,26.33125891160298,negative_cross,toward_S1,2.5961427538200104
5,gle350,2024-03-29 21:41:17+00:00,40.288831,-88.126476,-6.623786556582094,336.0,-11.146754174465642,rs7,20.904602927827575,34.33926059765584,13.434657669828262,2,20.904602927827575,34.33926059765584,13.434657669828262,-27.632700444717127,negative_cross,toward_S1,2.3890539608913897
5,gle350,2024-03-29 21:41:18+00:00,40.288927,-88.126458,-17.324303353319223,337.0,-10.70051679673713,rs7,11.318085085719686,30.692043115834434,19.37395803011475,2,11.318085085719686,45.10358953608768,33.785504450367995,-27.632700444717127,negative_cross,toward_S1,2.1908962424332943
5,gle350,2024-03-29 21:41:19+00:00,40.289025,-88.126447,-28.236463517349065,338.0,-10.912160164029842,rs7,6.646483317250341,27.95183229209587,21.30534897484553,2,6.646483317250341,50.24760326533632,43.60111994808598,-27.632700444717127,negative_cross,toward_S1,1.9888192023586677
5,gle350,2024-03-29 21:41:20+00:00,40.289129,-88.126447,-39.798854211207384,339.0,-11.562390693858319,rs7,14.24584082334802,30.445829908968516,16.199989085620494,2,14.24584082334802,38.70200808164682,24.456167258298798,-27.632700444717127,negative_cross,toward_S1,1.7747008561761064
5,gle350,2024-03-29 21:41:21+00:00,40.289239,-88.126449,-52.02524582078441,340.0,-12.226391609577028,rs7,25.688429468853787,26.494308956596544,0.8058794877427573,2,25.688429468853787,26.494308956596544,0.8058794877427573,-27.632700444717127,negative_cross,toward_S1,1.5482861967394947
5,gle350,2024-03-29 21:41:22+00:00,40.289351,-88.126451,-64.47399109775716,341.0,-12.448745276972751,rs10,14.115747662211499,31.356572314806485,17.240824652594988,1,14.115747662211499,37.85303906345244,23.737291401240945,-78.92951005359993,negative_cross,toward_S1,1.2676947954785698
5,gle350,2024-03-29 21:41:23+00:00,40.289453,-88.126448,-75.81861825283531,342.0,-11.344627155078143,rs10,3.6768045042915043,27.70854209758725,24.031737593295748,1,3.6768045042915043,49.11227220685386,45.435467702562356,-78.92951005359993,negative_cross,toward_S1,1.057609107421567
5,gle350,2024-03-29 21:41:24+00:00,40.289538,-88.12644,-85.28088945119933,343.0,-9.462271198364022,rs10,7.638743246832029,27.56219247744663,19.9234492306146,1,7.638743246832029,58.576293290924816,50.93755004409279,-78.92951005359993,negative_cross,toward_S1,0.8823818630074185
5,gle350,2024-03-29 21:41:25+00:00,40.289612,-88.126411,-93.55234638034824,344.0,-8.271456929148911,rs10,16.179228670325497,28.359783354525266,12.18055468419977,1,16.179228670325497,67.06127542658592,50.88204675626042,-78.92951005359993,negative_cross,toward_S1,0.7292067346898461
5,gle350,2024-03-29 21:41:26+00:00,40.289663,-88.126358,-99.30345716599459,345.0,-5.751110785646347,rs10,23.18485488712996,28.3140027574361,5.1291478703061415,1,23.18485488712996,73.40994708333177,50.225092196201814,-78.92951005359993,negative_cross,toward_S1,0.6227046831038026
5,gle350,2024-03-29 21:41:27+00:00,40.289685,-88.126282,-101.86563076376052,346.0,-2.562173597765934,rs8,26.29485545004675,28.62213457255354,2.3272791225067913,1,26.29485545004675,75.22543769549932,48.93058224545257,-78.92951005359993,positive_cross,toward_S1,0.5752570238859149
5,gle350,2024-03-29 21:41:28+00:00,40.289668,-88.126205,-100.09343789412449,347.0,1.7721928696360294,rs8,21.831468731635713,31.55929040565017,9.727821674014457,1,21.831468731635713,72.41085587222972,50.57938714059401,-78.92951005359993,positive_cross,toward_S4,0.6080754103606563
5,gle350,2024-03-29 21:41:29+00:00,40.289621,-88.126158,-94.94003873010027,348.0,5.153399164024222,rs8,15.755386960692963,31.645739362179064,15.890352401486101,1,15.755386960692963,66.89041895054929,51.13503198985633,-78.92951005359993,positive_cross,toward_S4,0.7035087282129566
5,gle350,2024-03-29 21:41:30+00:00,40.289565,-88.126153,-88.72178626390216,349.0,6.218252466198109,rs8,9.584305035878973,29.372853654197723,19.78854861831875,1,9.584305035878973,60.64827918428131,51.06397414840234,-78.92951005359993,positive_cross,toward_S4,0.8186615516610698
5,gle350,2024-03-29 21:41:31+00:00,40.289502,-88.12617,-81.69163501808016,350.0,7.0301512458219975,rs8,4.53269750779863,26.373980740954835,21.841283233156204,1,4.53269750779863,53.750775898912956,49.218078391114325,-78.92951005359993,positive_cross,toward_S4,0.9488495376948104
5,gle350,2024-03-29 21:41:32+00:00,40.289425,-88.126179,-73.11724844572414,351.0,8.574386572356019,rs8,7.87433339655841,26.079488503517815,18.205155106959406,1,7.87433339655841,45.30268263781713,37.428349241258715,-78.92951005359993,positive_cross,toward_S4,1.107634474219922
5,gle350,2024-03-29 21:41:33+00:00,40.289332,-88.126183,-62.771682749967724,352.0,10.34556569575642,rs8,17.407189110905936,29.79200832823697,12.384819217331035,1,17.407189110905936,35.09948507139456,17.692295960488625,-78.92951005359993,positive_cross,toward_S4,1.299219024141337
5,gle350,2024-03-29 21:41:35+00:00,40.289224,-88.126176,-50.775295021399224,354.0,5.99819386428425,rs6,23.18139377023496,29.016744433452374,5.835350663217415,2,23.18139377023496,29.016744433452374,5.835350663217415,-27.632700444717127,positive_cross,toward_S4,1.5714334337651463
5,gle350,2024-03-29 21:41:36+00:00,40.289113,-88.126168,-38.44690683576135,355.0,12.328388185637877,rs6,11.15193452284306,32.12326331649878,20.97132879365572,2,11.15193452284306,41.19287837921885,30.040943856375787,-27.632700444717127,positive_cross,toward_S4,1.7997369186843664
5,gle350,2024-03-29 21:41:37+00:00,40.288999,-88.126164,-25.77886797711487,356.0,12.668038858646476,rs6,4.600341627792799,30.622507985887626,26.02216635809483,2,4.600341627792799,51.684986935252326,47.084645307459525,-27.632700444717127,positive_cross,toward_S4,2.0343302308815234
5,gle350,2024-03-29 21:41:38+00:00,40.288882,-88.126162,-12.774238532783437,357.0,13.004629444331433,rs6,15.847939813766278,34.12740678957733,18.27946697581105,2,15.847939813766278,38.71556038601452,22.867620572248246,-27.632700444717127,positive_cross,toward_S4,2.275156702072846
5,gle350,2024-03-29 21:41:39+00:00,40.288763,-88.126158,0.44968449324348303,358.0,13.22392302602692,rs3,25.545649655875508,28.834115744054518,3.2884660881790104,3,25.545649655875508,28.834115744054518,3.2884660881790104,26.33125891160298,positive_cross,toward_S4,2.5207115848451944
5,gle350,2024-03-29 21:41:40+00:00,40.288639,-88.12616,14.23867194465021,359.0,13.788987451406728,rs3,12.152950671002642,36.25996552287825,24.107014851875604,3,12.152950671002642,42.573979769989606,30.421029098986963,26.33125891160298,positive_cross,toward_S4,2.7760632043156894
5,gle350,2024-03-29 21:41:41+00:00,40.288514,-88.126162,28.138836230160646,360.0,13.900164285510435,rs3,4.8826178675548935,34.022854411129124,29.140236543574233,3,4.8826178675548935,51.136104781112685,46.25348691355779,26.33125891160298,positive_cross,toward_S4,3.033473654047364
5,gle350,2024-03-29 21:41:42+00:00,40.288386,-88.126161,42.36794088699675,361.0,14.229104656836103,rs3,17.19001906019576,36.95201516548457,19.76199610528881,3,17.19001906019576,36.95201516548457,19.76199610528881,26.33125891160298,positive_cross,toward_S4,3.2969755921369215
5,gle350,2024-03-29 21:41:43+00:00,40.288257,-88.126166,56.71740263518946,362.0,14.34946174819271,rs1,22.81712344921436,31.36605872600691,8.548935276792548,4,22.81712344921436,31.36605872600691,8.548935276792548,80.2309515867141,positive_cross,toward_S4,3.5645639083050993
5,gle350,2024-03-29 21:41:44+00:00,40.288137,-88.126177,70.07545313844142,363.0,13.35805050325196,rs1,10.495715188185482,33.92907285393892,23.433357665753437,4,10.495715188185482,44.71856028503156,34.22284509684607,80.2309515867141,positive_cross,toward_S4,3.811935213920876
5,gle350,2024-03-29 21:41:45+00:00,40.288032,-88.126186,81.76279105150371,364.0,11.687337913062294,rs1,6.637672358102258,31.412992907276575,24.775320549174317,4,6.637672358102258,56.40668164776387,49.76900928966161,80.2309515867141,positive_cross,toward_S4,4.028367397496104
5,gle350,2024-03-29 21:41:46+00:00,40.28795,-88.12621,90.91601243515146,365.0,9.153221383647747,rs1,14.292770804074296,31.02026577324511,16.727494969170813,4,14.292770804074296,65.70469184913843,51.41192104506413,80.2309515867141,positive_cross,toward_S4,4.197871497193284
5,gle350,2024-03-29 21:41:47+00:00,40.287892,-88.126264,97.44689109923576,366.0,6.530878664084298,rs1,22.20487815852934,29.745712424185257,7.540834265655917,4,22.20487815852934,72.7784205618617,50.573542403332354,80.2309515867141,positive_cross,toward_S4,4.318813694676327
5,gle350,2024-03-29 21:41:48+00:00,40.28786,-88.126335,101.11318281812804,367.0,3.666291718892282,rs2,27.427809371733893,28.718418631931506,1.2906092601976127,4,27.427809371733893,76.91617849869137,49.48836912695747,80.2309515867141,negative_cross,toward_S4,4.3867079857669244
5,gle350,2024-03-29 21:41:49+00:00,40.287859,-88.126418,101.35135321092208,368.0,0.2381703927940464,rs2,23.283798740310083,33.80883573125392,10.525036990943839,4,23.283798740310083,75.56728461416854,52.28348587385846,80.2309515867141,negative_cross,ambiguous,4.391118548596444
5,gle350,2024-03-29 21:41:50+00:00,40.287887,-88.126489,98.34703491442211,369.0,-3.0043182964999744,rs2,17.934097793039143,36.92277595351431,18.988678160475168,4,17.934097793039143,71.72341208441657,53.78931429137742,80.2309515867141,negative_cross,toward_S1,4.335483024587186
5,gle350,2024-03-29 21:41:51+00:00,40.287941,-88.12653,92.40621765836882,370.0,-5.940817256053293,rs2,11.220960575388704,37.51401229222688,26.29305171683818,4,11.220960575388704,65.50364327472353,54.28268269933483,80.2309515867141,negative_cross,toward_S1,4.225467890215828
5,gle350,2024-03-29 21:41:52+00:00,40.288005,-88.126533,85.29549043673545,371.0,-7.110727221633368,rs2,4.348510801812311,35.97729644620342,31.628785644391108,4,4.348510801812311,58.380770207146654,54.032259405334344,80.2309515867141,negative_cross,toward_S1,4.093787756481877
5,gle350,2024-03-29 21:41:53+00:00,40.288072,-88.126518,77.82369194263391,372.0,-7.4717984941015345,rs2,4.81631426167951,34.30786096267922,29.491546700999713,4,4.81631426167951,51.01483195328796,46.19851769160845,80.2309515867141,negative_cross,toward_S1,3.955421117702219
5,gle350,2024-03-29 21:41:54+00:00,40.288151,-88.126514,69.03460191721975,373.0,-8.789090025414168,rs2,12.863132285086374,35.538142072610746,22.675009787524374,4,12.863132285086374,42.288724833473985,29.425592548387613,80.2309515867141,negative_cross,toward_S1,3.79266019130566
5,gle350,2024-03-29 21:41:55+00:00,40.288245,-88.126521,58.59468985899355,374.0,-10.439912058226199,rs2,23.0060810427379,31.8281274776137,8.822046434875801,4,23.0060810427379,31.8281274776137,8.822046434875801,80.2309515867141,negative_cross,toward_S1,3.5993284865236936
5,gle350,2024-03-29 21:41:56+00:00,40.288348,-88.126527,47.15265625649181,375.0,-11.442033602501738,rs5,20.400030630806867,34.35766061865723,13.95762998785036,3,20.400030630806867,34.35766061865723,13.95762998785036,26.33125891160298,negative_cross,toward_S1,3.385581432312756
5,gle350,2024-03-29 21:41:57+00:00,40.288451,-88.126522,35.693792181566195,376.0,-11.458864074925614,rs5,9.372730325638656,36.03123241804407,26.658502092405413,3,9.372730325638656,45.81658758240167,36.44385725676301,26.33125891160298,negative_cross,toward_S1,3.1733802457400597
5,gle350,2024-03-29 21:41:58+00:00,40.288556,-88.126508,23.99880405414463,377.0,-11.694988127421563,rs5,5.489479686939359,33.65453394824267,28.165054261303315,3,5.489479686939359,51.10497425620626,45.6154945692669,26.33125891160298,negative_cross,toward_S1,2.956806391528549
5,gle350,2024-03-29 21:41:59+00:00,40.288669,-88.126492,11.411341172077737,378.0,-12.587462882066895,rs5,16.639455684087988,35.45679711155584,18.81734142746785,3,16.639455684087988,38.61504600738911,21.975590323301123,26.33125891160298,negative_cross,toward_S1,2.723705227045829
5,gle350,2024-03-29 21:42:00+00:00,40.288788,-88.126469,-1.8538930115763113,379.0,-13.265234183654048,rs7,25.7134164704946,29.837015341868764,4.123598871374163,2,25.7134164704946,29.837015341868764,4.123598871374163,-27.632700444717127,negative_cross,toward_S1,2.477385322835941
5,gle350,2024-03-29 21:42:01+00:00,40.288911,-88.126448,-15.560774444321558,380.0,-13.706881432745247,rs7,13.284848420218776,30.559091216734103,17.274242796515328,2,13.284848420218776,43.541505336748564,30.25665691652979,-27.632700444717127,negative_cross,toward_S1,2.2235541851925107
5,gle350,2024-03-29 21:42:02+00:00,40.289037,-88.126435,-29.588946034779653,381.0,-14.028171590458095,rs7,7.951604153160742,26.992258215851937,19.040654062691196,2,7.951604153160742,48.98194807836189,41.030343925201144,-27.632700444717127,negative_cross,toward_S1,1.963773229813657
5,gle350,2024-03-29 21:42:03+00:00,40.289164,-88.126431,-43.71452407268305,382.0,-14.125578037903395,rs7,18.33603874007206,31.018011672253575,12.681972932181516,2,18.33603874007206,34.95180262928952,16.615763889217458,-27.632700444717127,negative_cross,toward_S1,1.7021884513339645
5,gle350,2024-03-29 21:42:04+00:00,40.289295,-88.126433,-58.27562918814671,383.0,-14.561105115463661,rs10,20.51768666284422,32.05986385444436,11.542177191600139,1,20.51768666284422,32.05986385444436,11.542177191600139,-78.92951005359993,negative_cross,toward_S1,1.3824792752861708
5,gle350,2024-03-29 21:42:05+00:00,40.289413,-88.126436,-71.38990542373176,384.0,-13.114276235585052,rs10,7.909937738464634,27.587238613359276,19.67730087489464,1,7.909937738464634,44.86461748511981,36.954679746655174,-78.92951005359993,negative_cross,toward_S1,1.1396223079605217
5,gle350,2024-03-29 21:42:06+00:00,40.28951,-88.126445,-82.16028789613377,385.0,-10.770382472402005,rs10,4.74745189832194,27.448020772516692,22.70056887419475,1,4.74745189832194,55.43347671687629,50.68602481855435,-78.92951005359993,negative_cross,toward_S1,0.9401707806938178
5,gle350,2024-03-29 21:42:07+00:00,40.289585,-88.126445,-90.49855041599378,386.0,-8.33826251986001,rs10,12.451301361862713,29.58567514252099,17.13437378065828,1,12.451301361862713,63.72182602829822,51.270524666435506,-78.92951005359993,negative_cross,toward_S1,0.7857585118075213
5,gle350,2024-03-29 21:42:08+00:00,40.289644,-88.126405,-97.1191853131206,387.0,-6.62063489712682,rs10,19.702006803796106,29.92435391098148,10.222347107185374,1,19.702006803796106,70.65673152790626,50.95472472411015,-78.92951005359993,negative_cross,toward_S1,0.6631541618607284
5,gle350,2024-03-29 21:42:09+00:00,40.289682,-88.126342,-101.44029769050044,388.0,-4.321112377379848,rs10,25.68230707340312,28.968661861300603,3.2863547878974835,1,25.68230707340312,75.75041129238436,50.06810421898123,-78.92951005359993,negative_cross,toward_S1,0.5831335622796201
5,gle350,2024-03-29 21:42:10+00:00,40.289689,-88.126265,-102.33634882748225,389.0,-0.8960511369818107,rs8,25.98157174131762,29.839451610606986,3.8578798692893663,1,25.98157174131762,75.41011457695264,49.428542835635014,-78.92951005359993,positive_cross,toward_S1,0.5665400227058828
5,gle350,2024-03-29 21:42:11+00:00,40.289662,-88.126198,-99.43708719278685,390.0,2.8992616346954065,rs8,21.013463933993695,31.55804819054913,10.544584256555435,1,21.013463933993695,71.68809229086483,50.67462835687114,-78.92951005359993,positive_cross,toward_S4,0.62023005297802
5,gle350,2024-03-29 21:42:12+00:00,40.289611,-88.126166,-93.81603005159629,391.0,5.621057141190562,rs8,14.813851553240497,30.50129499071274,15.687443437472243,1,14.813851553240497,65.81849918787687,51.00464763463637,-78.92951005359993,positive_cross,toward_S4,0.7243237037408081
5,gle350,2024-03-29 21:42:13+00:00,40.28955,-88.126161,-87.04189341645956,392.0,6.774136635136728,rs8,8.222553159897078,28.204061141547896,19.981507981650818,1,8.222553159897078,59.02044370992046,50.79789055002338,-78.92951005359993,positive_cross,toward_S4,0.8497706784655623
5,gle350,2024-03-29 21:42:14+00:00,40.289476,-88.126166,-78.8071575163222,393.0,8.234735900137352,rs8,3.654688624698405,26.555554981686058,22.900866356987652,1,3.654688624698405,50.8408268260852,47.1861382013868,-78.92951005359993,positive_cross,toward_S4,1.0022657877273653
5,gle350,2024-03-29 21:42:15+00:00,40.289386,-88.126166,-68.80124249280617,394.0,10.005915023516039,rs8,11.246329481254692,28.383598204301826,17.137268723047136,1,11.246329481254692,40.87115985010707,29.62483036885238,-78.92951005359993,positive_cross,toward_S4,1.1875605103850697
5,gle350,2024-03-29 21:42:16+00:00,40.289281,-88.126167,-57.12614492276224,395.0,11.675097570043924,rs8,22.635744410309517,29.28703505455348,6.651290644243964,1,22.635744410309517,29.28703505455348,6.651290644243964,-78.92951005359993,positive_cross,toward_S4,1.4037660209414387
5,gle350,2024-03-29 21:42:17+00:00,40.28917,-88.126165,-44.78857647908151,396.0,12.33756844368073,rs6,17.118539564362795,34.85779312856081,17.739253564198012,2,17.118539564362795,34.85779312856081,17.739253564198012,-27.632700444717127,positive_cross,toward_S4,1.682298591956215
5,gle350,2024-03-29 21:42:18+00:00,40.289054,-88.12616,-31.89971399667939,397.0,12.888862482402121,rs6,5.187239113212801,31.20644356459,26.0192044513772,2,5.187239113212801,47.68274279217109,42.495503678958286,-27.632700444717127,positive_cross,toward_S4,1.9209812305192173
5,gle350,2024-03-29 21:42:19+00:00,40.288933,-88.126158,-18.450377217491305,398.0,13.449336779188087,rs6,10.307770007026463,32.397962541369886,22.090192534343423,2,10.307770007026463,44.32750394676822,34.019733939741755,-27.632700444717127,positive_cross,toward_S4,2.170043022726404
5,gle350,2024-03-29 21:42:20+00:00,40.28881,-88.126162,-4.76950651365461,399.0,13.680870703836694,rs6,23.703271358827312,30.767512656420266,7.064241297592954,2,23.703271358827312,30.767512656420266,7.064241297592954,-27.632700444717127,positive_cross,toward_S4,2.4233924802048614
5,gle350,2024-03-29 21:42:21+00:00,40.288686,-88.126164,9.019480937773858,400.0,13.788987451428468,rs3,17.253090798181013,37.40184364294623,20.14875284476522,3,17.253090798181013,37.40184364294623,20.14875284476522,26.33125891160298,positive_cross,toward_S4,2.6794115190031644
5,gle350,2024-03-29 21:42:22+00:00,40.288563,-88.126161,22.689641340695847,401.0,13.670160402921988,rs3,5.114797527199078,34.26893053384548,29.154133006646397,3,5.114797527199078,51.008007871487656,45.893210344288576,26.33125891160298,positive_cross,toward_S4,2.932562637575794
5,gle350,2024-03-29 21:42:23+00:00,40.28844,-88.126159,36.361331787301395,402.0,13.671690446605549,rs3,11.39210568216747,35.64912731748516,24.25702163531769,3,11.39210568216747,42.912950317828674,31.520844635661206,26.33125891160298,positive_cross,toward_S4,3.185742090290711
5,gle350,2024-03-29 21:42:24+00:00,40.288313,-88.126162,50.485379782311185,403.0,14.12404799500979,rs3,25.160775891264244,28.904463429645375,3.743687538381131,3,25.160775891264244,28.904463429645375,3.743687538381131,26.33125891160298,positive_cross,toward_S4,3.4472985346427447
5,gle350,2024-03-29 21:42:25+00:00,40.288187,-88.126172,64.5089612441537,404.0,14.023581461842511,rs1,15.405397042178222,36.46510801419618,21.05971097201796,4,15.405397042178222,39.14815974636353,23.74276270418531,80.2309515867141,positive_cross,toward_S4,3.708852030693326
5,gle350,2024-03-29 21:42:26+00:00,40.288075,-88.126181,76.97453699278212,405.0,12.465575748628424,rs1,6.060485280922891,32.0634756340012,26.00299035307831,4,6.060485280922891,51.606532279628,45.54604699870511,80.2309515867141,positive_cross,toward_S4,3.9396960260382965
5,gle350,2024-03-29 21:42:27+00:00,40.287985,-88.126192,86.99728248793208,406.0,10.022745495149962,rs1,10.26689121523121,31.489382186177423,21.22249097094621,4,10.26689121523121,61.658565564432635,51.39167434920142,80.2309515867141,positive_cross,toward_S4,4.125302424096629
5,gle350,2024-03-29 21:42:28+00:00,40.287919,-88.126221,94.37932474820111,407.0,7.382042260269031,rs1,17.699965086174366,31.45093870157874,13.750973615404373,4,17.699965086174366,69.24470080065058,51.54473571447621,80.2309515867141,positive_cross,toward_S4,4.262006910397908
5,gle350,2024-03-29 21:42:29+00:00,40.287872,-88.126276,99.6887882855462,408.0,5.309463537345081,rs1,24.615626044908613,30.224443546273715,5.6088175013651025,4,24.615626044908613,75.15047350435223,50.534847459443625,80.2309515867141,positive_cross,toward_S4,4.360330309237631
5,gle350,2024-03-29 21:42:30+00:00,40.287853,-88.126351,101.91590133970912,409.0,2.2271130541629276,rs2,27.110170388823345,30.198562361403525,3.0883919725801796,4,27.110170388823345,77.34391868219335,50.23374829337,80.2309515867141,negative_cross,toward_S4,4.401573143573982
5,gle350,2024-03-29 21:42:31+00:00,40.287865,-88.126429,100.7011226810936,410.0,-1.2147786586155291,rs2,22.242427425885545,34.106660951008955,11.86423352512341,4,22.242427425885545,74.76177095577519,52.519343529889646,80.2309515867141,negative_cross,toward_S1,4.379077242488509
5,gle350,2024-03-29 21:42:32+00:00,40.287906,-88.126485,96.22855490442198,411.0,-4.47256777667161,rs2,16.068524981018182,35.59467544295241,19.526150461934225,4,16.068524981018182,69.64957619253487,53.58105121151668,80.2309515867141,negative_cross,toward_S1,4.296251913290886
5,gle350,2024-03-29 21:42:33+00:00,40.287962,-88.126507,90.03631316632074,412.0,-6.192241738101245,rs2,9.613963310553054,34.91823400061595,25.3042706900629,4,9.613963310553054,63.285252638812125,53.67128932825907,80.2309515867141,negative_cross,toward_S1,4.181580769992715
5,gle350,2024-03-29 21:42:34+00:00,40.288029,-88.126506,82.5859352724687,413.0,-7.4503778938520355,rs2,4.420190030658163,33.374200290671325,28.954010260013163,4,4.420190030658163,55.8637135088267,51.44352347816854,80.2309515867141,negative_cross,toward_S1,4.043610808995456
5,gle350,2024-03-29 21:42:35+00:00,40.288106,-88.126508,74.0283791717249,414.0,-8.55755610074381,rs2,8.408760359623157,33.87664889850794,25.46788853888478,4,8.408760359623157,47.319697054841114,38.910936695217956,80.2309515867141,negative_cross,toward_S1,3.88513754787057
5,gle350,2024-03-29 21:42:36+00:00,40.288198,-88.126517,63.8138808666816,415.0,-10.214498305043293,rs2,17.89506205813849,37.062006409125665,19.166944350987176,4,17.89506205813849,37.062006409125665,19.166944350987176,80.2309515867141,negative_cross,toward_S1,3.69598017185125
5,gle350,2024-03-29 21:42:37+00:00,40.288298,-88.126524,52.70690780778293,416.0,-11.106973058898667,rs5,25.944227051335947,28.836417944784632,2.892190893448685,3,25.944227051335947,28.836417944784632,2.892190893448685,26.33125891160298,negative_cross,toward_S1,3.488437942521851
5,gle350,2024-03-29 21:42:38+00:00,40.288502,-88.126518,30.01765349685833,417.0,-22.689254310924603,rs5,4.852056784850545,34.636446294354386,29.78438950950384,3,4.852056784850545,51.49924408917189,46.64718730432134,26.33125891160298,negative_cross,toward_S1,3.0682665663936177
5,gle350,2024-03-29 21:42:39+00:00,40.288603,-88.126504,18.767372703459976,418.0,-11.250280793398353,rs5,9.573370827537493,34.06663169776528,24.493260870227786,3,9.573370827537493,45.890952002684266,36.31758117514677,26.33125891160298,negative_cross,toward_S1,2.8599280331825367
5,gle350,2024-03-29 21:42:40+00:00,40.288705,-88.126478,7.387554562263832,419.0,-11.379818141196145,rs5,20.805564072914816,34.73636364515654,13.930799572241721,3,20.805564072914816,34.73636364515654,13.930799572241721,26.33125891160298,negative_cross,toward_S1,2.6491906601974233
5,gle350,2024-03-29 21:42:41+00:00,40.28881,-88.126448,-4.331914251194433,420.0,-11.719468813458263,rs7,23.73463377019162,32.687048126062265,8.952414355870644,2,23.73463377019162,32.687048126062265,8.952414355870644,-27.632700444717127,negative_cross,toward_S1,2.4314960406207904
5,gle350,2024-03-29 21:42:42+00:00,40.288922,-88.126435,-16.80361017131026,421.0,-12.471695920115828,rs7,12.84886705409097,29.068196535352428,16.219329481261457,2,12.84886705409097,44.98738791838828,32.138520864297305,-27.632700444717127,negative_cross,toward_S1,2.2005387087667936
5,gle350,2024-03-29 21:42:43+00:00,40.289042,-88.126432,-30.14942033156564,422.0,-13.345810160255379,rs7,8.37517002537305,26.78248083671267,18.40731081133962,2,8.37517002537305,48.44773737216319,40.07256734679014,-27.632700444717127,negative_cross,toward_S1,1.953394076169472
5,gle350,2024-03-29 21:42:44+00:00,40.289163,-88.126434,-43.59875711073199,423.0,-13.449336779166348,rs7,18.126739029861387,31.17974931146313,13.053010281601743,2,18.126739029861387,35.033623067523834,16.906884037662447,-27.632700444717127,negative_cross,toward_S1,1.7043322839626878
5,gle350,2024-03-29 21:42:45+00:00,40.289285,-88.126438,-57.15621063749011,424.0,-13.557453526758124,rs10,21.53811115256909,30.878389298179748,9.340278145610657,1,21.53811115256909,30.878389298179748,9.340278145610657,-78.92951005359993,negative_cross,toward_S1,1.403209248446478
5,gle350,2024-03-29 21:42:46+00:00,40.289399,-88.126441,-69.82577953900845,425.0,-12.669568901518339,rs10,9.161563317462972,28.460143748208665,19.298580430745695,1,9.161563317462972,43.258765242524674,34.097201925061704,-78.92951005359993,negative_cross,toward_S1,1.1685876021220643
5,gle350,2024-03-29 21:42:47+00:00,40.289495,-88.12644,-80.50028560685875,426.0,-10.674506067850302,rs10,3.9201483561987382,26.88413065937232,22.963982303173584,1,3.9201483561987382,53.83251416267997,49.91236580648123,-78.92951005359993,negative_cross,toward_S1,0.9709115638285403
5,gle350,2024-03-29 21:42:48+00:00,40.289574,-88.126433,-89.2939657608885,427.0,-8.793680154029744,rs10,11.56732065590184,28.18216192521492,16.614841269313082,1,11.56732065590184,62.62307701103884,51.055756355137,-78.92951005359993,negative_cross,toward_S1,0.8080656350502117
5,gle350,2024-03-29 21:42:49+00:00,40.289635,-88.1264,-96.12624402451806,428.0,-6.832278263629561,rs10,18.90209506586218,28.987483842201502,10.085388776339322,1,18.90209506586218,69.72906253508833,50.82696746922615,-78.92951005359993,negative_cross,toward_S1,0.6815419635015161
5,gle350,2024-03-29 21:42:50+00:00,40.289677,-88.126345,-100.87982339371447,429.0,-4.753579369196416,rs10,25.071210385703633,28.709276746959635,3.6380663612560014,1,25.071210385703633,75.15414862474277,50.08293823903914,-78.92951005359993,negative_cross,toward_S1,0.5935127159238047
5,gle350,2024-03-29 21:42:51+00:00,40.289691,-88.126275,-102.54340206534769,430.0,-1.6635786716332177,rs8,26.578582593195268,29.510836948283277,2.932254355088009,1,26.578582593195268,75.77440702334309,49.19582443014782,-78.92951005359993,positive_cross,toward_S1,0.5627057034861525
5,gle350,2024-03-29 21:42:52+00:00,40.289672,-88.126207,-100.53508514321568,431.0,2.0083169221320105,rs8,22.307213220165902,31.738285415667477,9.431072195501574,1,22.307213220165902,72.8709029397076,50.5636897195417,-78.92951005359993,positive_cross,toward_S4,0.5998967575997083
5,gle350,2024-03-29 21:42:53+00:00,40.289627,-88.12616,-95.60403964660894,432.0,4.9310454966067425,rs8,16.44268411620364,31.84643937333255,15.40375525712891,1,16.44268411620364,67.56573068851593,51.12304657231229,-78.92951005359993,positive_cross,toward_S4,0.6912124149442775
5,gle350,2024-03-29 21:42:54+00:00,40.289565,-88.126149,-88.72790643541134,433.0,6.8761332111975975,rs8,9.501634947701623,29.69263378796221,20.19099884026059,1,9.501634947701623,60.632420427814104,51.13078548011248,-78.92951005359993,positive_cross,toward_S4,0.8185482151516404
5,gle350,2024-03-29 21:42:55+00:00,40.289497,-88.126167,-81.14034097856879,434.0,7.587565456842555,rs8,4.051720871318404,26.5725838195421,22.520862948223694,1,4.051720871318404,53.17590320337321,49.12418233205481,-78.92951005359993,positive_cross,toward_S4,0.9590586865746508
5,gle350,2024-03-29 21:42:56+00:00,40.289422,-88.126171,-72.79595828798956,435.0,8.344382690579224,rs8,7.772569063747989,26.815220515359897,19.04265145161191,1,7.772569063747989,44.8976723570871,37.125103293339116,-78.92951005359993,positive_cross,toward_S4,1.1135842919557475
5,gle350,2024-03-29 21:42:57+00:00,40.289331,-88.126165,-62.68804668762269,436.0,10.107911600366876,rs8,17.13676345550425,31.14767422751164,14.010910772007389,1,17.13676345550425,34.78018313528235,17.6434196797781,-78.92951005359993,positive_cross,toward_S4,1.3007678401106897
5,gle350,2024-03-29 21:42:58+00:00,40.289228,-88.12616,-51.244483042249094,437.0,11.443563645373594,rs6,23.36912496462133,28.397669532899073,5.028544568277741,2,23.36912496462133,28.397669532899073,5.028544568277741,-27.632700444717127,positive_cross,toward_S4,1.562744766712371
5,gle350,2024-03-29 21:42:59+00:00,40.289119,-88.126163,-39.121618051604784,438.0,12.12286499064431,rs6,11.623684110724628,32.75180581852326,21.12812170779863,2,11.623684110724628,40.491136366840344,28.867452256115715,-27.632700444717127,positive_cross,toward_S4,1.7872422665391174
5,gle350,2024-03-29 21:43:00+00:00,40.289006,-88.126158,-26.566286069933877,439.0,12.555331981670907,rs6,3.7833895317428636,31.09505635318098,27.311666821438116,2,3.7833895317428636,52.42060179630745,48.63721226456459,-27.632700444717127,positive_cross,toward_S4,2.019748414347838
5,gle350,2024-03-29 21:43:01+00:00,40.28889,-88.126153,-13.677423587531766,440.0,12.88886248240211,rs6,14.811622069853005,34.447234469494454,19.63561239964145,2,14.811622069853005,39.525996137980435,24.71437406812743,-27.632700444717127,positive_cross,toward_S4,2.25843105291084
5,gle350,2024-03-29 21:43:02+00:00,40.288767,-88.126152,-0.004203098054358867,441.0,13.673220489477407,rs3,25.914230957726133,28.33546536846763,2.421234410741498,3,25.914230957726133,28.33546536846763,2.421234410741498,26.33125891160298,positive_cross,toward_S4,2.5123062590804195
5,gle350,2024-03-29 21:43:03+00:00,40.288642,-88.126158,13.902081358175288,442.0,13.906284456229647,rs3,12.413842330489603,36.53286063528425,24.11901830479465,3,12.413842330489603,42.227391274437096,29.813548943947495,26.33125891160298,positive_cross,toward_S4,2.7698300453068945
5,gle350,2024-03-29 21:43:04+00:00,40.288514,-88.126165,28.14342635879796,443.0,14.241345000622673,rs3,5.104470186580846,33.768649958585236,28.66417977200439,3,5.104470186580846,51.15692040679176,46.052450220210915,26.33125891160298,positive_cross,toward_S4,3.0335586564295367
5,gle350,2024-03-29 21:43:05+00:00,40.288387,-88.126166,42.26441426806403,444.0,14.12098790926607,rs3,17.189837343637446,37.1104446888716,19.920607345234156,3,17.189837343637446,37.1104446888716,19.920607345234156,26.33125891160298,positive_cross,toward_S4,3.2950584325270564
5,gle350,2024-03-29 21:43:06+00:00,40.288259,-88.126168,56.498109054327415,445.0,14.233694786263385,rs1,23.06842625347234,31.171311225819025,8.102884972346686,4,23.06842625347234,31.171311225819025,8.102884972346686,80.2309515867141,positive_cross,toward_S4,3.5605029160669135
5,gle350,2024-03-29 21:43:07+00:00,40.288143,-88.126174,69.40380200836344,446.0,12.905692954036027,rs1,10.955694724344262,34.38721722951866,23.4315225051744,4,10.955694724344262,44.02530250596276,33.0696077816185,80.2309515867141,positive_cross,toward_S4,3.7994972300305436
5,gle350,2024-03-29 21:43:08+00:00,40.288041,-88.126183,80.75760942067278,447.0,11.353807412309337,rs1,6.06191822593355,31.655466937918852,25.593548711985303,4,6.06191822593355,55.38375846944269,49.32184024350914,80.2309515867141,positive_cross,toward_S4,4.009752922851087
5,gle350,2024-03-29 21:43:09+00:00,40.287961,-88.1262,89.67776683677832,448.0,8.920157416105539,rs1,12.803888179191937,31.4616189447207,18.657730765528765,4,12.803888179191937,64.38751719454368,51.58362901535174,80.2309515867141,positive_cross,toward_S4,4.174941023149337
5,gle350,2024-03-29 21:43:10+00:00,40.2879,-88.126246,96.52993565857548,449.0,6.852168821797164,rs1,20.614503547913444,30.56717849234162,9.952674944428175,4,20.614503547913444,71.64503229517804,51.0305287472646,80.2309515867141,positive_cross,toward_S4,4.301833038367803
5,gle350,2024-03-29 21:43:11+00:00,40.287862,-88.12631,100.85257807961715,450.0,4.322642421041664,rs1,27.20552331762664,28.766477329998406,1.5609540123717665,4,27.20552331762664,76.82201630354247,49.616492985915826,80.2309515867141,positive_cross,toward_S4,4.381881972090797
5,gle350,2024-03-29 21:43:12+00:00,40.287853,-88.126391,101.97710305473564,451.0,1.12452497511849,rs2,25.067230274979522,32.55516860291464,7.487938327935119,4,25.067230274979522,76.62768182466766,51.56045154968814,80.2309515867141,negative_cross,toward_S4,4.402706508667065
5,gle350,2024-03-29 21:43:13+00:00,40.287879,-88.126459,99.19054829701578,452.0,-2.7865547577198555,rs2,19.701485906406607,35.24308268659501,15.541596780188403,4,19.701485906406607,72.87263193415335,53.171146027746744,80.2309515867141,negative_cross,toward_S1,4.3511036427833645
5,gle350,2024-03-29 21:43:14+00:00,40.287927,-88.126503,93.92138217027227,453.0,-5.269166126743514,rs2,13.341161021611873,35.9593727905753,22.618211768963427,4,13.341161021611873,67.19265286697302,53.851491845361146,80.2309515867141,negative_cross,toward_S1,4.253526492288114
5,gle350,2024-03-29 21:43:15+00:00,40.287984,-88.126516,87.60419321296705,454.0,-6.31718895730522,rs2,7.087537529588224,35.01064439944307,27.92310686985485,4,7.087537529588224,60.7910012802314,53.703463750643174,80.2309515867141,negative_cross,toward_S1,4.136541511597277
5,gle350,2024-03-29 21:43:16+00:00,40.288051,-88.12651,80.146165104734,455.0,-7.4580281082330515,rs2,4.101528401163083,33.585247605738324,29.48371920457524,4,4.101528401163083,53.39679164208316,49.29526324092008,80.2309515867141,negative_cross,toward_S1,3.9984298799633313
5,gle350,2024-03-29 21:43:17+00:00,40.288125,-88.126513,71.92366954761499,456.0,-8.222495557119004,rs2,10.147167804481908,34.70255147763157,24.555383673149663,4,10.147167804481908,45.17557170707304,35.02840390259113,80.2309515867141,negative_cross,toward_S1,3.846161443720387
5,gle350,2024-03-29 21:43:18+00:00,40.288208,-88.126517,62.70211253117424,457.0,-9.221557016440755,rs2,18.989165928948264,35.955979686071245,16.96681375712298,4,18.989165928948264,35.955979686071245,16.96681375712298,80.2309515867141,negative_cross,toward_S1,3.6753918693418544
5,gle350,2024-03-29 21:43:19+00:00,40.288305,-88.126516,51.91642962919846,458.0,-10.785682901975775,rs5,25.269071147931758,29.681736273118386,4.412665125186628,3,25.269071147931758,29.681736273118386,4.412665125186628,26.33125891160298,negative_cross,toward_S1,3.4737994577332496
5,gle350,2024-03-29 21:43:20+00:00,40.288403,-88.126513,41.01650980818697,459.0,-10.899919821011494,rs5,14.672886334058786,37.083537596501266,22.410651262442478,3,14.672886334058786,40.55149690763431,25.87861057357552,26.33125891160298,negative_cross,toward_S1,3.2719490906774813
5,gle350,2024-03-29 21:43:21+00:00,40.2885,-88.126509,30.226236778385584,460.0,-10.790273029801384,rs5,5.594354329097154,33.903078088975455,28.3087237598783,3,5.594354329097154,51.33102639054106,45.73667206144391,26.33125891160298,negative_cross,toward_S1,3.0721292197552335
5,gle350,2024-03-29 21:43:22+00:00,40.288596,-88.1265,19.539490367516915,461.0,-10.686746410868668,rs5,9.110008023381713,33.572161849104475,24.462153825722762,3,9.110008023381713,46.6827533698121,37.57274534643038,26.33125891160298,negative_cross,toward_S1,2.8742265084428507
5,gle350,2024-03-29 21:43:23+00:00,40.288695,-88.126481,8.503913027176726,462.0,-11.03557734034019,rs5,19.674243346586913,35.81471026842122,16.14046692183431,3,19.674243346586913,35.81471026842122,16.14046692183431,26.33125891160298,negative_cross,toward_S1,2.6698639651032177
5,gle350,2024-03-29 21:43:24+00:00,40.288795,-88.126455,-2.6535514473919206,463.0,-11.157464474568647,rs7,25.198704862566526,30.917614037483663,5.718909174917137,2,25.198704862566526,30.917614037483663,5.718909174917137,-27.632700444717127,negative_cross,toward_S1,2.4625768332838
5,gle350,2024-03-29 21:43:25+00:00,40.288898,-88.126437,-14.132306079716908,464.0,-11.478754632324987,rs7,15.002682021177483,30.3263255958933,15.323643574715819,2,15.002682021177483,42.3581629150085,27.355480893831015,-27.632700444717127,negative_cross,toward_S1,2.2500073030555594
5,gle350,2024-03-29 21:43:26+00:00,40.289005,-88.126429,-26.040467617303044,465.0,-11.908161537586135,rs7,8.166259072236285,26.475454033836613,18.309194961600326,2,8.166259072236285,52.57016692844508,44.4039078562088,-27.632700444717127,negative_cross,toward_S1,2.029485793100261
5,gle350,2024-03-29 21:43:27+00:00,40.289117,-88.126431,-38.48921289350756,466.0,-12.44874527620452,rs7,13.806339604056856,28.678441269310312,14.872101665253457,2,13.806339604056856,40.14845544043771,26.342115836380852,-27.632700444717127,negative_cross,toward_S1,1.7989534731705474
5,gle350,2024-03-29 21:43:28+00:00,40.289233,-88.12644,-51.37195520519047,467.0,-12.882742311682904,rs7,25.248184492754852,27.240827335046255,1.9926428422914029,2,25.248184492754852,27.240827335046255,1.9926428422914029,-27.632700444717127,negative_cross,toward_S1,1.5603841711023456
5,gle350,2024-03-29 21:43:29+00:00,40.289348,-88.126445,-64.14964085348888,468.0,-12.777685648298409,rs10,14.537169430394087,31.064995053317528,16.52782562292344,1,14.537169430394087,37.61165164200643,23.07448221161234,-78.92951005359993,negative_cross,toward_S1,1.273701281483538
5,gle350,2024-03-29 21:43:30+00:00,40.289456,-88.126442,-76.16132901081943,469.0,-12.011688157330553,rs10,3.8538843151870052,27.165694364723546,23.31181004953654,1,3.8538843151870052,49.51228083274972,45.658396517562714,-78.92951005359993,negative_cross,toward_S1,1.0512626119033426
5,gle350,2024-03-29 21:43:31+00:00,40.289546,-88.126436,-86.17642429158836,470.0,-10.015095280768932,rs10,8.588113407943144,27.449692002108108,18.861578594164964,1,8.588113407943144,59.50132088695323,50.91320747901008,-78.92951005359993,negative_cross,toward_S1,0.8657978844816956
5,gle350,2024-03-29 21:43:32+00:00,40.289617,-88.126419,-94.0959902055003,471.0,-7.9195659139119385,rs10,16.477815598018015,29.22763504550052,12.749819447482505,1,16.477815598018015,67.51855495768805,51.04073935967004,-78.92951005359993,negative_cross,toward_S1,0.7191392564462894
5,gle350,2024-03-29 21:43:33+00:00,40.289669,-88.126373,-99.94756752510384,472.0,-5.851577319603535,rs10,23.264124948380907,29.68611110862527,6.421986160244362,1,23.264124948380907,73.83311015770536,50.56898520932445,-78.92951005359993,negative_cross,toward_S1,0.6107767134906683
5,gle350,2024-03-29 21:43:34+00:00,40.2897,-88.126303,-103.50115236783228,473.0,-3.5535848427284407,rs8,28.647522763337467,29.037181904230405,0.3896591408929382,1,28.647522763337467,77.20871342487683,48.56119066153937,-78.92951005359993,positive_cross,toward_S1,0.544969586773475
5,gle350,2024-03-29 21:43:35+00:00,40.289693,-88.126227,-102.83919779080999,474.0,0.6619545770222857,rs8,25.075618545079788,32.235482785553806,7.159864240474018,1,25.075618545079788,75.38442850701017,50.30880996193038,-78.92951005359993,positive_cross,toward_S4,0.5572280048664804
5,gle350,2024-03-29 21:43:36+00:00,40.289655,-88.12617,-98.70169055853141,475.0,4.13750723227858,rs8,19.662515903272052,32.91249830192737,13.24998239865532,1,19.662515903272052,70.7241050603142,51.06158915704215,-78.92951005359993,positive_cross,toward_S4,0.6338485091679356
5,gle350,2024-03-29 21:43:38+00:00,40.2896,-88.12615,-92.61756556800019,477.0,3.0420624952656112,rs8,13.336386966601992,31.129567102606256,17.793180136004263,1,13.336386966601992,64.52536835590946,51.18898138930747,-78.92951005359993,positive_cross,toward_S4,0.7465174904740692
5,gle350,2024-03-29 21:43:39+00:00,40.289534,-88.126159,-85.26612416523353,478.0,7.351441402766653,rs8,6.536838652363467,27.902786535953428,21.36594788358996,1,6.536838652363467,57.23373246474498,50.69689381238152,-78.92951005359993,positive_cross,toward_S4,0.8826552942290072
5,gle350,2024-03-29 21:43:40+00:00,40.289457,-88.126165,-76.69632772070315,479.0,8.569796444530382,rs8,4.466119046778547,26.724969626978968,22.25885058020042,1,4.466119046778547,48.72765433021913,44.26153528344059,-78.92951005359993,positive_cross,toward_S4,1.0413552283869774
5,gle350,2024-03-29 21:43:41+00:00,40.289365,-88.126166,-66.46652898689779,480.0,10.229798733805367,rs8,13.48009026692543,29.289931373679245,15.809841106753815,1,13.48009026692543,38.547940035115964,25.067849768190534,-78.92951005359993,positive_cross,toward_S4,1.2307959456796693
5,gle350,2024-03-29 21:43:42+00:00,40.28926,-88.126166,-54.79296145972571,481.0,11.673567527172075,rs8,24.930897638514903,26.96434382520281,2.0334461866879074,1,24.930897638514903,26.96434382520281,2.0334461866879074,-78.92951005359993,positive_cross,toward_S4,1.4469731221087818
5,gle350,2024-03-29 21:43:43+00:00,40.289147,-88.126165,-42.23150930654562,482.0,12.561452153180092,rs6,14.644264628405024,33.820821710543456,19.17655708213843,2,14.644264628405024,37.40386657338123,22.759601944976204,-27.632700444717127,positive_cross,toward_S4,1.7296516877439168
5,gle350,2024-03-29 21:43:44+00:00,40.289034,-88.126168,-29.663936981856363,483.0,12.567572324689255,rs6,4.535740100162621,30.300884385738026,25.765144285575406,2,4.535740100162621,49.94940522392727,45.41366512376465,-27.632700444717127,positive_cross,toward_S4,1.9623845085714957
5,gle350,2024-03-29 21:43:45+00:00,40.288913,-88.12617,-16.20848003118084,484.0,13.455456950675522,rs6,12.746164494948122,32.141222028051324,19.395057533103202,2,12.746164494948122,42.218110567971586,29.471946073023464,-27.632700444717127,positive_cross,toward_S4,2.211559637287709
5,gle350,2024-03-29 21:43:46+00:00,40.288786,-88.12617,-2.0890221647866274,485.0,14.119457866394214,rs6,26.447788725323203,28.235699293913992,1.7879105685907888,2,26.447788725323203,28.235699293913992,1.7879105685907888,-27.632700444717127,positive_cross,toward_S4,2.4730310792579724
5,gle350,2024-03-29 21:43:47+00:00,40.288655,-88.126169,12.473612993570644,486.0,14.56263515835727,rs3,14.085936022258947,36.190764964096054,22.104828941837106,3,14.085936022258947,40.87540064977632,26.78946462751737,26.33125891160298,positive_cross,toward_S4,2.7433769274438458
5,gle350,2024-03-29 21:43:48+00:00,40.288519,-88.126167,27.590602276393014,487.0,15.11698928282237,rs3,5.019193201454221,33.575424366496236,28.556231165042014,3,5.019193201454221,51.7255156013733,46.70632239991908,26.33125891160298,positive_cross,toward_S4,3.0233211734220378
5,gle350,2024-03-29 21:43:49+00:00,40.288383,-88.126163,42.70453147349342,488.0,15.113929197100404,rs3,17.554947605022928,36.639072958918895,19.084125353895967,3,17.554947605022928,36.639072958918895,19.084125353895967,26.33125891160298,positive_cross,toward_S4,3.3032087511461192
5,gle350,2024-03-29 21:43:50+00:00,40.288251,-88.126167,57.385993679523715,489.0,14.681462206030297,rs1,22.17961537867176,32.038662031403334,9.859046652731575,4,22.17961537867176,32.038662031403334,9.859046652731575,80.2309515867141,positive_cross,toward_S4,3.576945223940919
5,gle350,2024-03-29 21:43:51+00:00,40.288131,-88.126173,70.73639396839468,490.0,13.350400288870965,rs1,9.748570899174654,34.04642543432317,24.297854535148517,4,9.748570899174654,45.3410663991507,35.592495499976046,80.2309515867141,positive_cross,toward_S4,3.824174858920011
5,gle350,2024-03-29 21:43:52+00:00,40.288032,-88.126185,81.76126100863185,491.0,11.024867040237169,rs1,6.559892681686937,31.497803626397086,24.93791094471015,4,6.559892681686937,56.397326583610436,49.8374339019235,80.2309515867141,positive_cross,toward_S4,4.028339063368847
5,gle350,2024-03-29 21:43:53+00:00,40.287951,-88.126218,90.81707594483433,492.0,9.05581493620248,rs1,14.600510655097748,30.342103847154508,15.74159319205676,4,14.600510655097748,65.6836702928151,51.083159637717344,80.2309515867141,positive_cross,toward_S4,4.196039339965189
5,gle350,2024-03-29 21:43:54+00:00,40.287895,-88.126276,97.13172111301033,493.0,6.314645168176,rs1,22.537378853561297,28.71432952291078,6.176950669349484,4,22.537378853561297,72.63793123625892,50.10055238269763,80.2309515867141,positive_cross,toward_S4,4.31297721344993
5,gle350,2024-03-29 21:43:55+00:00,40.287866,-88.126352,100.47213254555247,494.0,3.3404114325421403,rs2,25.961304180975528,29.193509948617404,3.232205767641876,4,25.961304180975528,75.91816702865658,49.95686284768105,80.2309515867141,negative_cross,toward_S4,4.374836684422933
5,gle350,2024-03-29 21:43:56+00:00,40.287868,-88.126434,100.37524239395346,495.0,-0.0968901515990126,rs2,21.745922625101958,34.235379403053884,12.489456777951926,4,21.745922625101958,74.3685876403279,52.62266501522595,80.2309515867141,negative_cross,ambiguous,4.373042422356284
5,gle350,2024-03-29 21:43:57+00:00,40.2879,-88.1265,96.91856654900576,496.0,-3.4566758449476964,rs2,16.272257096810446,37.03168661250489,20.759429515694446,4,16.272257096810446,70.20640520533408,53.93414810852363,80.2309515867141,negative_cross,toward_S1,4.309029906709105
5,gle350,2024-03-29 21:43:58+00:00,40.287953,-88.126533,91.07668578326962,497.0,-5.841880765736136,rs2,9.862272064584966,37.323587863950266,27.461315799365302,4,9.862272064584966,64.15970152456231,54.297429459977344,80.2309515867141,negative_cross,toward_S1,4.200846929565843
5,gle350,2024-03-29 21:43:59+00:00,40.288015,-88.12653,84.17913197182254,498.0,-6.897553811447082,rs2,3.5459841897729008,35.56732717605306,32.02134298628016,4,3.5459841897729008,57.281237583692864,53.73525339391996,80.2309515867141,negative_cross,toward_S1,4.073114451576083
5,gle350,2024-03-29 21:44:00+00:00,40.28808,-88.126517,76.9327472308822,499.0,-7.246384740940343,rs2,5.55862088967052,34.28178960055631,28.723168710885787,4,5.55862088967052,50.13396634655868,44.57534545688816,80.2309515867141,negative_cross,toward_S1,3.9389221415586686
5,gle350,2024-03-29 21:44:01+00:00,40.288159,-88.12651,68.13906707683073,500.0,-8.793680154051472,rs2,13.8124137194713,35.49234490142395,21.679931181952647,4,13.8124137194713,41.43833216136802,27.625918441896715,80.2309515867141,negative_cross,toward_S1,3.7760762127799374
5,gle350,2024-03-29 21:44:02+00:00,40.288251,-88.126504,57.90161812864432,501.0,-10.237448948186405,rs2,23.892349360430366,31.36066922106408,7.468319860633713,4,23.892349360430366,31.36066922106408,7.468319860633713,80.2309515867141,negative_cross,toward_S1,3.58649382485056
5,gle350,2024-03-29 21:44:03+00:00,40.288349,-88.126502,47.00322835129465,502.0,-10.89838977734967,rs5,20.71138450601787,34.68511449361633,13.973729987598464,3,20.71138450601787,34.68511449361633,13.973729987598464,26.33125891160298,negative_cross,toward_S1,3.382814248883179
5,gle350,2024-03-29 21:44:04+00:00,40.288549,-88.126515,24.787752189045534,503.0,-22.215476162249118,rs5,4.581907509116514,34.20541354055045,29.62350603143394,3,4.581907509116514,51.87084516275464,47.28893765363813,26.33125891160298,negative_cross,toward_S1,2.971416542174862
5,gle350,2024-03-29 21:44:05+00:00,40.288649,-88.126504,13.653238358388197,504.0,-11.134513830657337,rs5,14.198437350823074,35.53827515824438,21.339837807421308,3,14.198437350823074,40.77859692485799,26.58015957403492,26.33125891160298,negative_cross,toward_S1,2.7652218416071337
5,gle350,2024-03-29 21:44:06+00:00,40.288753,-88.126481,2.0556566783901724,505.0,-11.597581679998026,rs5,25.813573400545593,29.40505671196455,3.5914833114189584,3,25.813573400545593,29.40505671196455,3.5914833114189584,26.33125891160298,negative_cross,toward_S1,2.550451810496059
5,gle350,2024-03-29 21:44:07+00:00,40.288861,-88.126459,-9.98510229278095,506.0,-12.040758971171122,rs7,18.0343029375452,33.96060612605,15.926303188504804,2,18.0343029375452,37.91359409661454,19.87929115906934,-27.632700444717127,negative_cross,toward_S1,2.3268073731840033
5,gle350,2024-03-29 21:44:08+00:00,40.288976,-88.126444,-22.793388799371694,507.0,-12.808286506590745,rs7,8.094593666425158,28.12952409001834,20.03493042359318,2,8.094593666425158,50.68091935970649,42.58632569328134,-27.632700444717127,negative_cross,toward_S1,2.0896168823212116
5,gle350,2024-03-29 21:44:09+00:00,40.289094,-88.126436,-35.924495506590645,508.0,-13.131106707218951,rs7,11.521632742119715,28.22700555193212,16.705372809812403,2,11.521632742119715,42.6558818489391,31.13424910681939,-27.632700444717127,negative_cross,toward_S1,1.8464482395949349
5,gle350,2024-03-29 21:44:10+00:00,40.289211,-88.126434,-48.93524512322121,509.0,-13.010749616630562,rs7,23.07590142312379,29.732249210957598,6.656347787833809,2,23.07590142312379,29.732249210957598,6.656347787833809,-27.632700444717127,negative_cross,toward_S1,1.605508431879554
5,gle350,2024-03-29 21:44:11+00:00,40.28933,-88.126435,-62.16375827786371,510.0,-13.2285131546425,rs10,16.673441924400237,31.35414463426154,14.680702709861304,1,16.673441924400237,35.813507894402925,19.140065970002688,-78.92951005359993,negative_cross,toward_S1,1.3104768847358559
5,gle350,2024-03-29 21:44:12+00:00,40.289435,-88.126437,-73.83426571929208,511.0,-11.67050744142837,rs10,5.7961452301635665,27.09423247758549,21.298087247421922,1,5.7961452301635665,47.2656373774713,41.46949214730773,-78.92951005359993,negative_cross,toward_S1,1.0943563765612565
5,gle350,2024-03-29 21:44:13+00:00,40.289527,-88.126435,-84.06559449596926,512.0,-10.231328776677188,rs10,6.781395853896416,26.89387647833757,20.112480624441154,1,6.781395853896416,57.416588199576395,50.63519234567998,-78.92951005359993,negative_cross,toward_S1,0.9048873251413085
5,gle350,2024-03-29 21:44:14+00:00,40.289602,-88.126419,-92.42833770184426,513.0,-8.362743205874992,rs10,14.899948755481383,28.405287222902064,13.505338467420682,1,14.899948755481383,65.86519946319937,50.96525070771799,-78.92951005359993,negative_cross,toward_S1,0.7500217102176976
5,gle350,2024-03-29 21:44:15+00:00,40.289655,-88.126375,-98.38803176901784,514.0,-5.9596940671735865,rs10,21.76697536543917,28.74116079350088,6.974185428061713,1,21.76697536543917,72.27022965120942,50.503254285770254,-78.92951005359993,negative_cross,toward_S1,0.6396570052700385
5,gle350,2024-03-29 21:44:16+00:00,40.289687,-88.126308,-102.04820331642273,515.0,-3.660171547404886,rs10,27.581545646829955,27.670922033173888,0.08937638634393252,1,27.581545646829955,75.88284209079274,48.301296443962784,-78.92951005359993,negative_cross,toward_S1,0.5718760506884666
5,gle350,2024-03-29 21:44:17+00:00,40.289688,-88.126232,-102.27566340828032,516.0,-0.2274600918575942,rs8,24.710131231274858,31.537960370205163,6.827829138930305,1,24.710131231274858,74.88635904398396,50.1762278127091,-78.92951005359993,positive_cross,ambiguous,0.5676638267651779
5,gle350,2024-03-29 21:44:18+00:00,40.289646,-88.12617,-97.70109905554786,517.0,4.574564352732466,rs8,18.682822224885307,32.31712631511076,13.634304090225456,1,18.682822224885307,69.72507609842589,51.04225387354058,-78.92951005359993,positive_cross,toward_S4,0.6523779814454087
5,gle350,2024-03-29 21:44:19+00:00,40.289585,-88.126144,-90.95909332159705,518.0,6.742005733950805,rs8,11.608311299368122,30.89542039140666,19.287109092038538,1,11.608311299368122,62.83832450586688,51.230013206498754,-78.92951005359993,positive_cross,toward_S4,0.7772299394815347
5,gle350,2024-03-29 21:44:20+00:00,40.289517,-88.12616,-83.37458795049822,519.0,7.584505371098828,rs8,4.98656329545582,27.444256606388194,22.457693310932374,1,4.98656329545582,55.352019601855055,50.36545630639924,-78.92951005359993,positive_cross,toward_S4,0.9176837426500315
5,gle350,2024-03-29 21:44:21+00:00,40.289443,-88.126171,-75.13067179310798,520.0,8.243916157390245,rs8,5.898882312645918,26.38942052934561,20.490538216699694,1,5.898882312645918,47.222091216954475,41.32320890430856,-78.92951005359993,positive_cross,toward_S4,1.0703488566757768
5,gle350,2024-03-29 21:44:22+00:00,40.289358,-88.126176,-65.67299072335955,521.0,9.457681069748432,rs8,14.469708094139287,28.86880443748203,14.399096343342743,1,14.469708094139287,37.87549985713312,23.405791762993836,-78.92951005359993,positive_cross,toward_S4,1.245491098708155
5,gle350,2024-03-29 21:44:23+00:00,40.289259,-88.126177,-54.66495415477804,522.0,11.00803656858151,rs8,25.191970757656907,27.012877597894548,1.8209068402376403,1,25.191970757656907,27.012877597894548,1.8209068402376403,-78.92951005359993,positive_cross,toward_S4,1.4493436277559608
5,gle350,2024-03-29 21:44:24+00:00,40.289155,-88.126173,-43.10868363242888,523.0,11.556270522349159,rs6,15.691570776469591,33.612316406142966,17.920745629673377,2,15.691570776469591,36.58960500429214,20.89803422782255,-27.632700444717127,positive_cross,toward_S4,1.7134077187460788
5,gle350,2024-03-29 21:44:25+00:00,40.289049,-88.126163,-31.339239699893422,524.0,11.769443932535456,rs6,4.9955979487025015,30.881946199660483,25.88634825095798,2,4.9955979487025015,48.25468407787862,43.25908612917612,-27.632700444717127,positive_cross,toward_S4,1.931360384163402
5,gle350,2024-03-29 21:44:26+00:00,40.288937,-88.126154,-18.90120472304543,525.0,12.438034976847991,rs6,9.776847151710271,32.601987587485475,22.825140435775204,2,9.776847151710271,44.742535679892185,34.965688528181914,-27.632700444717127,positive_cross,toward_S4,2.1616943652161424
5,gle350,2024-03-29 21:44:27+00:00,40.288821,-88.126151,-6.0092821548996,526.0,12.891922568145832,rs6,22.358833466842643,31.869977263678685,9.511143796836041,2,22.358833466842643,31.869977263678685,9.511143796836041,-27.632700444717127,positive_cross,toward_S4,2.400433672033658
5,gle350,2024-03-29 21:44:28+00:00,40.288702,-88.126153,7.223821128380209,527.0,13.233103283279808,rs3,18.78526513611634,35.54159714394612,16.75633200782978,3,18.78526513611634,35.54159714394612,16.75633200782978,26.33125891160298,positive_cross,toward_S4,2.646158559569949
5,gle350,2024-03-29 21:44:29+00:00,40.288581,-88.126161,20.688458336308617,528.0,13.464637207928408,rs3,6.495718054701303,34.54463656597097,28.048918511269665,3,6.495718054701303,49.01137012892159,42.515652074220284,26.33125891160298,positive_cross,toward_S4,2.8955036930501046
5,gle350,2024-03-29 21:44:30+00:00,40.288457,-88.126165,34.4805058734808,529.0,13.792047537172184,rs3,9.862920600566293,34.67327621694039,24.810355616374096,3,9.862920600566293,44.84274184331398,34.97982124274769,26.33125891160298,positive_cross,toward_S4,3.1509119807755153
5,gle350,2024-03-29 21:44:31+00:00,40.288336,-88.126166,47.934432781284464,530.0,13.453926907803663,rs3,22.708748964534774,31.484988501045287,8.776239536510513,3,22.708748964534774,31.484988501045287,8.776239536510513,26.33125891160298,positive_cross,toward_S4,3.4000587753644718
5,gle350,2024-03-29 21:44:32+00:00,40.28822,-88.126168,60.834005563833074,531.0,12.89957278254861,rs1,18.83593392536427,35.464936132958904,16.629002207594635,4,18.83593392536427,35.464936132958904,16.629002207594635,80.2309515867141,positive_cross,toward_S4,3.6407972958725736
5,gle350,2024-03-29 21:44:33+00:00,40.288117,-88.126172,72.29133959586507,532.0,11.457334032031994,rs1,8.398596669484863,33.69792325125286,25.299326581767996,4,8.398596669484863,46.87920101262989,38.48060434314503,80.2309515867141,positive_cross,toward_S4,3.8529701483176106
5,gle350,2024-03-29 21:44:34+00:00,40.288029,-88.12618,82.08714129498202,533.0,9.79580169911695,rs1,6.323462369063235,31.93278759471433,25.609325225651094,4,6.323462369063235,56.6843903288504,50.36092795978716,80.2309515867141,positive_cross,toward_S4,4.034373883486443
5,gle350,2024-03-29 21:44:35+00:00,40.287954,-88.126211,90.47283514397836,534.0,8.38569384899634,rs1,13.978787182394871,30.79905433764334,16.82026715524847,4,13.978787182394871,65.27421411403351,51.295426931638644,80.2309515867141,positive_cross,toward_S4,4.189664510319709
5,gle350,2024-03-29 21:44:36+00:00,40.287895,-88.126271,97.1240708986293,535.0,6.651235754650941,rs1,22.28152270012405,29.06640074807839,6.78487804795434,4,22.28152270012405,72.55796286608464,50.27644016596059,80.2309515867141,positive_cross,toward_S4,4.312835542813245
5,gle350,2024-03-29 21:44:37+00:00,40.287867,-88.126352,100.3609557122387,536.0,3.2368848136094073,rs2,25.87854214905599,29.11322238195215,3.23468023289616,4,25.87854214905599,75.81006669120856,49.93152454215257,80.2309515867141,negative_cross,toward_S4,4.372777854176381
5,gle350,2024-03-29 21:44:38+00:00,40.287876,-88.126438,99.49194789735098,537.0,-0.8690078148877234,rs2,20.802273162191298,33.97397807397423,13.171704911782932,4,20.802273162191298,73.43892508893792,52.63665192674662,80.2309515867141,negative_cross,toward_S1,4.3566851168636465
5,gle350,2024-03-29 21:44:39+00:00,40.28792,-88.126501,94.69655992009466,538.0,-4.7953879772563255,rs2,14.1316878490657,36.122113921087355,21.990426072021656,4,14.1316878490657,67.98187557413051,53.85018772506481,80.2309515867141,negative_cross,toward_S1,4.267881635803343
5,gle350,2024-03-29 21:44:40+00:00,40.287983,-88.126521,87.7230202614518,539.0,-6.9735396586428635,rs2,6.994429375278989,35.44904941053224,28.45462003525325,4,6.994429375278989,60.875984698406405,53.881555323127415,80.2309515867141,negative_cross,toward_S1,4.138742012495142
5,gle350,2024-03-29 21:44:41+00:00,40.288047,-88.126513,80.59546256820623,540.0,-7.1275576932455635,rs2,3.741068559850881,33.84954568096221,30.108477121111328,4,3.741068559850881,53.81969917492127,50.07863061507039,80.2309515867141,negative_cross,toward_S1,4.006750203360966
5,gle350,2024-03-29 21:44:42+00:00,40.288118,-88.126502,72.68507691154718,541.0,-7.910385656659045,rs2,9.824899162402183,33.624177654885614,23.79927849248343,4,9.824899162402183,46.045519907789966,36.220620745387784,80.2309515867141,negative_cross,toward_S1,3.8602615800895017
5,gle350,2024-03-29 21:44:43+00:00,40.288199,-88.126503,63.68128343309661,542.0,-9.003793478450575,rs2,18.260591201133646,36.63606168951021,18.37547048837656,4,18.260591201133646,37.09429402148293,18.833702820349284,80.2309515867141,negative_cross,toward_S1,3.6935246638218984
5,gle350,2024-03-29 21:44:44+00:00,40.288293,-88.126507,53.236781246254814,543.0,-10.444502186841795,rs5,26.712214863302513,28.45794610415806,1.745731240855548,3,26.712214863302513,28.45794610415806,1.745731240855548,26.33125891160298,negative_cross,toward_S1,3.4982504136046635
5,gle350,2024-03-29 21:44:45+00:00,40.288396,-88.126512,41.79321760088123,544.0,-11.443563645373587,rs5,15.443829788134313,37.32381823154977,21.87998844341546,3,15.443829788134313,39.78403621258574,24.340206424451427,26.33125891160298,negative_cross,toward_S1,3.286332568319968
5,gle350,2024-03-29 21:44:46+00:00,40.2885,-88.126512,30.2308269070229,545.0,-11.562390693858326,rs5,5.389889411750401,34.15583954295601,28.765950131205607,3,5.389889411750401,51.31183860564148,45.92194919389108,26.33125891160298,negative_cross,toward_S1,3.072214222137406
5,gle350,2024-03-29 21:44:47+00:00,40.288606,-88.126508,18.439962374237943,546.0,-11.790864532784958,rs5,9.693826680469087,34.471693718405156,24.77786703793607,3,9.693826680469087,45.545942349305754,35.85211566883667,26.33125891160298,negative_cross,toward_S1,2.8538648789376846
5,gle350,2024-03-29 21:44:48+00:00,40.288713,-88.1265,6.531800836630063,547.0,-11.908161537607882,rs5,21.098393064616747,33.686871271667904,12.588478207051157,3,21.098393064616747,33.686871271667904,12.588478207051157,26.33125891160298,negative_cross,toward_S1,2.633343368981983
5,gle350,2024-03-29 21:44:49+00:00,40.288819,-88.126485,-5.275894166977113,548.0,-11.807695003607176,rs7,22.086862490941133,32.87541837569556,10.788555884754427,2,22.086862490941133,32.87541837569556,10.788555884754427,-27.632700444717127,negative_cross,toward_S1,2.4140149310692594
5,gle350,2024-03-29 21:44:50+00:00,40.288923,-88.126461,-16.875005889847,549.0,-11.599111722869885,rs7,11.586085989872016,31.083916725996293,19.49783073612428,2,11.586085989872016,44.61762587576694,33.03153988589492,-27.632700444717127,negative_cross,toward_S1,2.199216565830928
5,gle350,2024-03-29 21:44:51+00:00,40.289029,-88.126443,-28.687291022903192,550.0,-11.812285133056193,rs7,7.064012389199165,27.624344189731406,20.56033180053224,2,7.064012389199165,49.823006174364075,42.75899378516491,-27.632700444717127,negative_cross,toward_S1,1.9804705448484061
5,gle350,2024-03-29 21:44:52+00:00,40.289139,-88.12644,-40.9213328468395,551.0,-12.234041823936305,rs7,15.506647067694216,30.36796480077271,14.861317733078495,2,15.506647067694216,37.64011831044964,22.13347124275542,-27.632700444717127,negative_cross,toward_S1,1.7539142147755116
5,gle350,2024-03-29 21:44:53+00:00,40.289256,-88.126441,-53.9274923348545,552.0,-13.006159488015001,rs10,24.69229708570509,27.68930226912155,2.997005183416462,1,24.69229708570509,27.68930226912155,2.997005183416462,-78.92951005359993,negative_cross,toward_S1,1.4630003281249153
5,gle350,2024-03-29 21:44:54+00:00,40.28937,-88.126442,-66.60012132134834,553.0,-12.67262898649384,rs10,12.211495495133914,29.73840759113731,17.526912096003397,1,12.211495495133914,40.0651308582334,27.85363536309949,-78.92951005359993,negative_cross,toward_S1,1.2283220135602146
5,gle350,2024-03-29 21:44:55+00:00,40.289477,-88.126439,-78.50063264455343,554.0,-11.900511323205095,rs10,3.39515688787449,26.764497572950336,23.369340685075848,1,3.39515688787449,51.86064280119061,48.465485913316115,-78.92951005359993,negative_cross,toward_S1,1.0079421742416017
5,gle350,2024-03-29 21:44:56+00:00,40.289569,-88.126422,-88.75491206437374,555.0,-10.254279419820307,rs10,11.408602128776762,27.11110106851656,15.7024989397398,1,11.408602128776762,62.19461323418776,50.786011105411,-78.92951005359993,negative_cross,toward_S1,0.818048110911596
5,gle350,2024-03-29 21:44:57+00:00,40.289637,-88.126381,-96.37766850658775,556.0,-7.622756442214012,rs10,19.73345542032666,27.83702095042255,8.103565530095889,1,19.73345542032666,70.21008582288803,50.47663040256137,-78.92951005359993,negative_cross,toward_S1,0.6768859545742996
5,gle350,2024-03-29 21:44:58+00:00,40.289676,-88.126315,-100.81454784666515,557.0,-4.436879340077397,rs10,26.228965133133855,27.023385139039597,0.7944200059057422,1,26.228965133133855,74.81854942177878,48.58958428864493,-78.92951005359993,negative_cross,toward_S1,0.594721522350644
5,gle350,2024-03-29 21:44:59+00:00,40.289683,-88.126236,-101.71365906862248,558.0,-0.8991112219573267,rs8,24.325863963274884,30.897072820841185,6.571208857566301,1,24.325863963274884,74.38002571611152,50.054161752836634,-78.92951005359993,positive_cross,toward_S1,0.5780713145366194
5,gle350,2024-03-29 21:45:00+00:00,40.289648,-88.126169,-97.92498276583716,559.0,3.788676302785319,rs8,18.882849633097816,32.51629296399795,13.633443330900132,1,18.882849633097816,69.94173638011873,51.05888674702091,-78.92951005359993,positive_cross,toward_S4,0.6482319868104216
5,gle350,2024-03-29 21:45:01+00:00,40.289592,-88.126147,-91.7327410277359,560.0,6.192241738101259,rs8,12.416882677241254,30.977263975620385,18.56038129837913,1,12.416882677241254,63.625890149544006,51.20900747230275,-78.92951005359993,positive_cross,toward_S4,0.7629031301085931
5,gle350,2024-03-29 21:45:02+00:00,40.289535,-88.126163,-85.3711808270381,561.0,6.361560200697795,rs8,6.796166886677415,27.598882739017395,20.80271585233998,1,6.796166886677415,57.366536590179116,50.5703697035017,-78.92951005359993,positive_cross,toward_S4,0.8807098004918856
5,gle350,2024-03-29 21:45:03+00:00,40.289468,-88.126177,-77.90091237580845,562.0,7.470268451229657,rs8,4.783513405427776,25.63812639306278,20.854612987635004,1,4.783513405427776,50.03933713694697,45.25582373151919,-78.92951005359993,positive_cross,toward_S4,1.0190481051442868
5,gle350,2024-03-29 21:45:04+00:00,40.289386,-88.126183,-68.77523176391936,563.0,9.12568061188908,rs8,11.78715796388156,27.038970183415234,15.251812219533674,1,11.78715796388156,41.04116709896115,29.254009135079585,-78.92951005359993,positive_cross,toward_S4,1.18804219054964
5,gle350,2024-03-29 21:45:05+00:00,40.289284,-88.126181,-57.43825482322221,564.0,11.336976940697156,rs8,22.533118031476327,29.808605863126168,7.275487831649841,1,22.533118031476327,29.808605863126168,7.275487831649841,-78.92951005359993,positive_cross,toward_S4,1.3979862079699577
5,gle350,2024-03-29 21:45:06+00:00,40.289177,-88.126173,-45.554573971651024,565.0,11.883680851571185,rs6,18.04108860259519,34.15988159910293,16.11879299650774,2,18.04108860259519,34.15988159910293,16.11879299650774,-27.632700444717127,positive_cross,toward_S4,1.6681134532049278
5,gle350,2024-03-29 21:45:07+00:00,40.289061,-88.126165,-32.67030161707452,566.0,12.884272354576503,rs6,6.046909991647777,30.904816343930197,24.85790635228242,2,6.046909991647777,46.9356588509377,40.88874885928992,-27.632700444717127,positive_cross,toward_S4,1.906711089400789
5,gle350,2024-03-29 21:45:08+00:00,40.28894,-88.126152,-19.23779530952035,567.0,13.43250630755417,rs6,9.406817087390198,32.678429181042375,23.271612093652177,2,9.406817087390198,45.06213953535802,35.65532244796782,-27.632700444717127,positive_cross,toward_S4,2.155461206207348
5,gle350,2024-03-29 21:45:09+00:00,40.288814,-88.126143,-5.243284663120047,568.0,13.994510646400304,rs6,23.0580413969473,31.031147677794667,7.973106280847368,2,23.0580413969473,31.031147677794667,7.973106280847368,-27.632700444717127,positive_cross,toward_S4,2.414618810770316
5,gle350,2024-03-29 21:45:10+00:00,40.288684,-88.126144,9.21123374687723,569.0,14.454518409997277,rs3,16.681133115351933,37.483523266941624,20.80239015158969,3,16.681133115351933,37.483523266941624,20.80239015158969,26.33125891160298,positive_cross,toward_S4,2.682962496949523
5,gle350,2024-03-29 21:45:11+00:00,40.288551,-88.126153,24.01152300141402,570.0,14.80028925453679,rs3,3.8426855627686245,34.8262554445974,30.983569881828775,3,3.8426855627686245,52.29596249628699,48.45327693351837,26.33125891160298,positive_cross,toward_S4,2.9570419275890933
5,gle350,2024-03-29 21:45:12+00:00,40.288416,-88.126159,39.029575793940985,571.0,15.018052792526966,rs3,13.925260965530583,36.48389072634679,22.55862976081621,3,13.925260965530583,40.25470461195853,26.329443646427947,26.33125891160298,positive_cross,toward_S4,3.235154016339593
5,gle350,2024-03-29 21:45:13+00:00,40.288283,-88.126164,53.823744876178644,572.0,14.794169082237659,rs1,25.63238579075043,28.481388996242345,2.8490032054919148,4,25.63238579075043,28.481388996242345,2.8490032054919148,80.2309515867141,positive_cross,toward_S4,3.510977653508603
5,gle350,2024-03-29 21:45:14+00:00,40.288158,-88.126168,67.72696924666458,573.0,13.903224370485937,rs1,12.25988359910522,35.451290226335416,23.191406627230194,4,12.25988359910522,42.3092658996165,30.049382300511276,80.2309515867141,positive_cross,toward_S4,3.7684447714805644
5,gle350,2024-03-29 21:45:15+00:00,40.288051,-88.126176,79.6351307842507,574.0,11.908161537586125,rs1,5.269342722650737,32.27275891382772,27.003416191176985,4,5.269342722650737,54.215676811304895,48.946334088654154,80.2309515867141,positive_cross,toward_S4,3.988966281435863
5,gle350,2024-03-29 21:45:16+00:00,40.287969,-88.126185,88.76540152556704,575.0,9.130270741316338,rs1,11.361209724406956,32.45810585160371,21.096896127196757,4,11.361209724406956,63.36708260473895,52.00587288033199,80.2309515867141,positive_cross,toward_S4,4.1580453692380175
5,gle350,2024-03-29 21:45:17+00:00,40.287907,-88.126216,95.70579653753487,576.0,6.940395011967823,rs1,18.658777627059937,32.421317300021485,13.762539672961548,4,18.658777627059937,70.5134904382557,51.85471281119577,80.2309515867141,positive_cross,toward_S4,4.286571202792977
5,gle350,2024-03-29 21:45:18+00:00,40.287864,-88.126273,100.57361282578874,577.0,4.867816288253877,rs1,25.22219349554901,30.979116356639715,5.756922861090704,4,25.22219349554901,75.97899904759987,50.756805552050864,80.2309515867141,positive_cross,toward_S4,4.376715948871753
5,gle350,2024-03-29 21:45:19+00:00,40.287844,-88.126347,102.91037267039357,578.0,2.3367598446048277,rs2,28.09821072967765,30.733883089065447,2.6356723593877973,4,28.09821072967765,78.39644034804354,50.298229618365895,80.2309515867141,negative_cross,toward_S4,4.419989279327398
5,gle350,2024-03-29 21:45:20+00:00,40.287851,-88.126423,102.24841809339301,579.0,-0.6619545770005573,rs2,23.853163167982654,34.71041849603953,10.857255328056876,4,23.853163167982654,76.37855720760761,52.525394039624956,80.2309515867141,negative_cross,toward_S1,4.4077308612347945
5,gle350,2024-03-29 21:45:21+00:00,40.287887,-88.126484,98.33938470004108,580.0,-3.9090333933519332,rs2,18.07324025246606,36.55805532649811,18.484815074032053,4,18.07324025246606,71.7615402175289,53.68829996506284,80.2309515867141,negative_cross,toward_S1,4.3353413539505
5,gle350,2024-03-29 21:45:22+00:00,40.287945,-88.126518,91.94314980902814,581.0,-6.396234891012938,rs2,11.039267967373993,36.40533700046228,25.366069033088287,4,11.039267967373993,65.1102326377977,54.0709646704237,80.2309515867141,negative_cross,toward_S1,4.216892559672482
5,gle350,2024-03-29 21:45:23+00:00,40.288016,-88.126524,84.05877488125589,582.0,-7.884374927772257,rs2,3.805784094614949,35.04827704930764,31.242492954692693,4,3.805784094614949,57.1969534734231,53.39116937880815,80.2309515867141,negative_cross,toward_S1,4.0708856165655884
5,gle350,2024-03-29 21:45:24+00:00,40.288095,-88.126517,75.26509472722616,583.0,-8.79368015402973,rs2,6.968821932274003,34.45349123864041,27.484669306366406,4,6.968821932274003,48.47069489678691,41.501872964512906,80.2309515867141,negative_cross,toward_S1,3.9080396877872605
5,gle350,2024-03-29 21:45:25+00:00,40.288179,-88.12651,65.91553040502602,584.0,-9.349564322200138,rs2,15.958325655246599,36.27358462095194,20.31525896570534,4,15.958325655246599,39.22742300999666,23.269097354750066,80.2309515867141,negative_cross,toward_S1,3.734899607746517
5,gle350,2024-03-29 21:45:26+00:00,40.28827,-88.126508,55.795378462452526,585.0,-10.120151942573493,rs2,25.916507120074325,29.22029228044109,3.3037851603667647,4,25.916507120074325,29.22029228044109,3.3037851603667647,80.2309515867141,negative_cross,toward_S1,3.5474893865877486
5,gle350,2024-03-29 21:45:27+00:00,40.288363,-88.126509,45.45746298107712,586.0,-10.337915481375404,rs5,19.056547348700267,36.158729012671216,17.10218166397095,3,19.056547348700267,36.158729012671216,17.10218166397095,26.33125891160298,negative_cross,toward_S1,3.3541889642495213
5,gle350,2024-03-29 21:45:28+00:00,40.288462,-88.126509,34.450956454577494,587.0,-11.006506526499628,rs5,8.763754858376872,34.657342254125695,25.893587395748824,3,8.763754858376872,47.11840182691265,38.35464696853578,26.33125891160298,negative_cross,toward_S1,3.1503647693143426
5,gle350,2024-03-29 21:45:29+00:00,40.288561,-88.126504,23.436799714486796,588.0,-11.014156740090698,rs5,6.081783912842959,33.35765851290895,27.27587460006599,3,6.081783912842959,50.559471237150525,44.47768732430757,26.33125891160298,negative_cross,toward_S1,2.9463989037571077
5,gle350,2024-03-29 21:45:30+00:00,40.288657,-88.126488,12.739343003493381,589.0,-10.697456710993414,rs5,15.536383255155599,34.60810041888758,19.071717163731982,3,15.536383255155599,39.97122469999032,24.434841444834724,26.33125891160298,negative_cross,toward_S1,2.748297853553526
5,gle350,2024-03-29 21:45:31+00:00,40.288759,-88.126462,1.3595248622972391,590.0,-11.379818141196143,rs5,26.923456020628144,28.993197155430053,2.069741134801909,3,26.923456020628144,28.993197155430053,2.069741134801909,26.33125891160298,negative_cross,toward_S1,2.537560480568412
5,gle350,2024-03-29 21:45:32+00:00,40.288867,-88.126445,-10.67358389528281,591.0,-12.033108757580049,rs7,17.81423452804568,32.59916081429026,14.784926286244577,2,17.81423452804568,38.85081077130343,21.03657624325775,-27.632700444717127,negative_cross,toward_S1,2.3140577138784133
5,gle350,2024-03-29 21:45:33+00:00,40.288981,-88.126442,-23.352333053285815,592.0,-12.678749158003004,rs7,7.956801027235621,27.869647043921677,19.912846016686057,2,7.956801027235621,51.25969062281141,43.30288959557579,-27.632700444717127,negative_cross,toward_S1,2.0792660628042836
5,gle350,2024-03-29 21:45:34+00:00,40.289094,-88.126444,-35.912255163572304,593.0,-12.55992211028649,rs7,11.092295082495992,28.87724598091132,17.784950898415325,2,11.092295082495992,42.6031991020759,31.510904019579904,-27.632700444717127,negative_cross,toward_S1,1.8466749126137931
5,gle350,2024-03-29 21:45:35+00:00,40.289212,-88.126446,-49.028061442029184,594.0,-13.11580627845688,rs7,22.864562812792567,29.50800296979073,6.643440156998164,2,22.864562812792567,29.50800296979073,6.643440156998164,-27.632700444717127,negative_cross,toward_S1,1.6037896111608878
5,gle350,2024-03-29 21:45:36+00:00,40.289328,-88.126446,-61.924574138812325,595.0,-12.896512696783141,rs10,16.708862211211038,32.26186668237757,15.553004471166535,1,16.708862211211038,35.40922450340013,18.700362292189094,-78.92951005359993,negative_cross,toward_S1,1.3149062206442148
5,gle350,2024-03-29 21:45:37+00:00,40.289435,-88.126441,-73.82814554778291,596.0,-11.903571408970585,rs10,5.593914924870052,27.42735608822559,21.833441163355538,1,5.593914924870052,47.213646438200044,41.619731513329995,-78.92951005359993,negative_cross,toward_S1,1.0944697130706855
5,gle350,2024-03-29 21:45:38+00:00,40.289524,-88.126434,-83.73359403810994,597.0,-9.905448490327032,rs10,6.554472807600617,26.749972910160853,20.195500102560235,1,6.554472807600617,57.09716613493599,50.54269332733537,-78.92951005359993,negative_cross,toward_S1,0.911035481768333
5,gle350,2024-03-29 21:45:39+00:00,40.289599,-88.126403,-92.11928788712802,598.0,-8.385693849018082,rs10,15.114156363831357,27.0527177949943,11.938561431162944,1,15.114156363831357,65.73343295651048,50.61927659267913,-78.92951005359993,negative_cross,toward_S1,0.7557448549346648
5,gle350,2024-03-29 21:45:40+00:00,40.289643,-88.126339,-97.10899130882039,599.0,-4.989703421692369,rs10,22.03846281709369,25.601706597005016,3.563243779911325,1,22.03846281709369,71.56493653989072,49.526473722797036,-78.92951005359993,negative_cross,toward_S1,0.6633429397181395
5,gle350,2024-03-29 21:45:41+00:00,40.289652,-88.126266,-98.22127594094228,600.0,-1.1122846321218844,rs8,22.45739599197875,26.633641882876365,4.176245890897615,1,22.45739599197875,71.36990717403923,48.91251118206048,-78.92951005359993,positive_cross,toward_S1,0.6427450761603268
5,gle350,2024-03-29 21:45:42+00:00,40.289629,-88.126202,-95.76213151244444,601.0,2.4591444284978365,rs8,17.67210243732262,29.009107754741326,11.337005317418704,1,17.67210243732262,68.0700367784766,50.397934341153984,-78.92951005359993,positive_cross,toward_S4,0.6882847877991757
5,gle350,2024-03-29 21:45:44+00:00,40.289581,-88.126164,-90.48378512923802,603.0,2.639173191603213,rs8,11.553789254555179,29.161122539269616,17.607333284714436,1,11.553789254555179,62.477634966126935,50.92384571157176,-78.92951005359993,positive_cross,toward_S4,0.7860319430437391
5,gle350,2024-03-29 21:45:45+00:00,40.289516,-88.126168,-83.25117077416613,604.0,7.232614355071888,rs8,5.353516460740004,26.756473653608936,21.402957192868932,1,5.353516460740004,55.28937713792871,49.93586067718871,-78.92951005359993,positive_cross,toward_S4,0.9199692459154407
5,gle350,2024-03-29 21:45:46+00:00,40.289445,-88.126183,-75.33466494601966,605.0,7.9165058281464695,rs8,6.492414643091458,25.350358402186416,18.857943759094958,1,6.492414643091458,47.55154688154231,41.05913223845085,-78.92951005359993,positive_cross,toward_S4,1.066571205695931
5,gle350,2024-03-29 21:45:47+00:00,40.289358,-88.12619,-65.65157012311006,606.0,9.683094822909595,rs8,14.877649887720025,27.816350307144482,12.938700419424457,1,14.877649887720025,38.04911152174964,23.171461634029612,-78.92951005359993,positive_cross,toward_S4,1.245887776490553
5,gle350,2024-03-29 21:45:48+00:00,40.289256,-88.126191,-54.3100030537756,607.0,11.34156706933446,rs8,25.757683658052834,26.934719521461133,1.1770358634082996,1,25.757683658052834,26.934719521461133,1.1770358634082996,-78.92951005359993,positive_cross,toward_S4,1.455916796293043
5,gle350,2024-03-29 21:45:49+00:00,40.289145,-88.12618,-41.98620499598508,608.0,12.323798057790526,rs6,14.83558788370918,32.57928685954858,17.7436989758394,2,14.83558788370918,37.76540915094302,22.92982126723384,-27.632700444717127,positive_cross,toward_S4,1.7341943601617047
5,gle350,2024-03-29 21:45:50+00:00,40.289028,-88.126169,-28.9953459375221,609.0,12.990859058462977,rs6,4.44208216574552,30.17765128832366,25.73556912257814,2,4.44208216574552,50.62127283893093,46.17919067318541,-27.632700444717127,positive_cross,toward_S4,1.9747658242073154
5,gle350,2024-03-29 21:45:51+00:00,40.288906,-88.126161,-15.44401258150493,610.0,13.55133335601717,rs6,13.246359330838963,33.134151211380754,19.88779188054179,2,13.246359330838963,41.3614949102439,28.115135579404935,-27.632700444717127,positive_cross,toward_S4,2.225716441911337
5,gle350,2024-03-29 21:45:52+00:00,40.288776,-88.12616,-0.9925542572513685,611.0,14.451458324253561,rs3,27.00062779275911,27.42070990821791,0.42008211545879703,3,27.00062779275911,27.42070990821791,0.42008211545879703,26.33125891160298,positive_cross,toward_S4,2.494003459836031
5,gle350,2024-03-29 21:45:53+00:00,40.288641,-88.126159,14.014788235150856,612.0,15.007342492402225,rs3,12.335303214097385,36.41510682117562,24.079803607078233,3,12.335303214097385,42.34520475908657,30.009901544989184,26.33125891160298,positive_cross,toward_S4,2.771917209695331
5,gle350,2024-03-29 21:45:54+00:00,40.288503,-88.126161,29.360251356899855,613.0,15.345463121748999,rs3,5.533067567199309,34.190879321212925,28.657811754013615,3,5.533067567199309,49.90974162496813,44.37667405776882,26.33125891160298,positive_cross,toward_S4,3.0560924526906827
5,gle350,2024-03-29 21:45:55+00:00,40.288363,-88.126165,44.93112823183177,614.0,15.570876874931916,rs3,19.7567347526332,34.450530776045,14.6937960234118,3,19.7567347526332,34.450530776045,14.6937960234118,26.33125891160298,positive_cross,toward_S4,3.344442024448681
5,gle350,2024-03-29 21:45:56+00:00,40.28823,-88.126174,59.731417485578596,615.0,14.800289253746826,rs1,20.039662880585453,34.43677397961019,14.397111099024734,4,20.039662880585453,34.43677397961019,14.397111099024734,80.2309515867141,positive_cross,toward_S4,3.62037899812712
5,gle350,2024-03-29 21:45:57+00:00,40.288113,-88.126179,72.7467572300348,616.0,13.015339744456206,rs1,8.41695941145623,33.01152992182166,24.594570510365433,4,8.41695941145623,47.3888727383722,38.97191332691597,80.2309515867141,positive_cross,toward_S4,3.8614038082096425
5,gle350,2024-03-29 21:45:58+00:00,40.288015,-88.12619,83.65891739406462,617.0,10.912160164029814,rs1,7.8646539666201924,31.184555992770026,23.319902026149833,4,7.8646539666201924,58.32365522526468,50.45900125864449,80.2309515867141,positive_cross,toward_S4,4.063480848284269
5,gle350,2024-03-29 21:45:59+00:00,40.287939,-88.12621,92.13895760476254,618.0,8.480040210697922,rs1,15.314974847322036,31.43599707196599,16.12102222464395,4,15.314974847322036,66.91856438805432,51.60358954073229,80.2309515867141,positive_cross,toward_S4,4.22051862996386
5,gle350,2024-03-29 21:46:00+00:00,40.287884,-88.126258,98.32712551086273,619.0,6.18816790610019,rs1,22.66209267622263,30.665387372710306,8.003294696487675,4,22.66209267622263,73.56704845751698,50.90495578129435,80.2309515867141,positive_cross,toward_S4,4.335114331928678
5,gle350,2024-03-29 21:46:01+00:00,40.287852,-88.126323,101.98423697250213,620.0,3.6571114616394027,rs1,28.76050617784986,28.773612111907333,0.0131059340574744,4,28.76050617784986,78.03673466329677,49.27622848544691,80.2309515867141,positive_cross,toward_S4,4.402838618255334
5,gle350,2024-03-29 21:46:02+00:00,40.287846,-88.126394,102.75993101814913,621.0,0.7756940456470005,rs2,25.578837864406925,33.28021290525749,7.701375040850568,4,25.578837864406925,77.34479091161505,51.76595304720813,80.2309515867141,negative_cross,toward_S4,4.417203322804353
5,gle350,2024-03-29 21:46:03+00:00,40.287864,-88.126459,100.85820080067178,622.0,-1.9017302174773505,rs2,21.22848006677389,36.199984350857946,14.971504284084055,4,21.22848006677389,74.52914085115134,53.30066078437745,80.2309515867141,negative_cross,toward_S1,4.381986096554772
5,gle350,2024-03-29 21:46:04+00:00,40.287905,-88.126509,96.37645276674729,623.0,-4.4817480339244895,rs2,15.52746687918509,37.45617646470728,21.928709585522192,4,15.52746687918509,69.5979057631661,54.070438883981005,80.2309515867141,negative_cross,toward_S1,4.298990762593207
5,gle350,2024-03-29 21:46:05+00:00,40.28796,-88.126529,90.29232777700604,624.0,-6.084124989741255,rs2,9.179604360993643,36.76773318872028,27.588128827726635,4,9.179604360993643,63.396025590514995,54.21642122952135,80.2309515867141,negative_cross,toward_S1,4.186321781301703
5,gle350,2024-03-29 21:46:06+00:00,40.288023,-88.126514,83.26523661692772,625.0,-7.027091160078314,rs2,4.036337217213485,34.11499632260897,30.07865910539548,4,4.036337217213485,56.4751304331998,52.438793215986315,80.2309515867141,negative_cross,toward_S1,4.056190463522475
5,gle350,2024-03-29 21:46:07+00:00,40.28809,-88.126504,75.80108833797546,626.0,-7.4641482789522655,rs2,7.11278296713098,33.29142438694595,26.17864141981497,4,7.11278296713098,49.12423771689278,42.011454749761796,80.2309515867141,negative_cross,toward_S1,3.917965495393729
5,gle350,2024-03-29 21:46:08+00:00,40.288171,-88.126511,66.80647511677776,627.0,-8.994613221197696,rs2,15.075472112053339,36.02588287766588,20.95041076561254,4,15.075472112053339,40.10227299469359,25.026800882640252,80.2309515867141,negative_cross,toward_S1,3.751398583890068
5,gle350,2024-03-29 21:46:09+00:00,40.288264,-88.126523,56.48539010705803,628.0,-10.32108500971973,rs2,25.083527765012736,29.709097733960963,4.625569968948227,4,25.083527765012736,29.709097733960963,4.625569968948227,80.2309515867141,negative_cross,toward_S1,3.560267380006369
5,gle350,2024-03-29 21:46:10+00:00,40.288367,-88.126526,45.038766375129015,629.0,-11.446623731929016,rs5,18.326694462196674,36.471656472992336,18.144962010795663,3,18.326694462196674,36.471656472992336,18.144962010795663,26.33125891160298,negative_cross,toward_S1,3.34643532339863
5,gle350,2024-03-29 21:46:11+00:00,40.288471,-88.12652,33.4671954240178,630.0,-11.571570951111212,rs5,7.4293422262594335,35.34635299491935,27.917010768659917,3,7.4293422262594335,48.04739867756982,40.61805645131038,26.33125891160298,negative_cross,toward_S1,3.1321469724521265
5,gle350,2024-03-29 21:46:12+00:00,40.288574,-88.126504,21.991500878248228,631.0,-11.475694545769574,rs5,7.017342793952596,33.509181772082016,26.49183897812942,3,7.017342793952596,49.11439267648408,42.097049882531486,26.33125891160298,negative_cross,toward_S1,2.9196341104934307
5,gle350,2024-03-29 21:46:13+00:00,40.288676,-88.126476,10.608622650496669,632.0,-11.38287822775156,rs5,17.881230648649154,34.5714155260214,16.690184877372243,3,17.881230648649154,37.9609321432926,20.079701494643448,26.33125891160298,negative_cross,toward_S1,2.708840069238772
5,gle350,2024-03-29 21:46:14+00:00,40.28878,-88.126451,-0.9920191152450715,633.0,-11.60064176574174,rs7,26.900299242445065,29.4349053819116,2.5346061394665362,2,26.900299242445065,29.4349053819116,2.5346061394665362,-27.632700444717127,negative_cross,toward_S1,2.4933459505457787
5,gle350,2024-03-29 21:46:15+00:00,40.288893,-88.126437,-13.576421911568248,634.0,-12.584402796323177,rs7,15.488747154992426,30.580023402228406,15.09127624723598,2,15.488747154992426,41.820122515802936,26.33137536081051,-27.632700444717127,negative_cross,toward_S1,2.2603014543175717
5,gle350,2024-03-29 21:46:16+00:00,40.289005,-88.126437,-26.028227274306442,635.0,-12.451805362738193,rs7,7.494835396819312,27.152808366850266,19.657972970030954,2,7.494835396819312,52.51975401599218,45.024918619172865,-27.632700444717127,negative_cross,toward_S1,2.0297124661187165
5,gle350,2024-03-29 21:46:17+00:00,40.289118,-88.126442,-38.58355925597735,636.0,-12.555331981670907,rs7,13.388037760001437,29.5864328462941,16.198395086292663,2,13.388037760001437,39.95366635062987,26.565628590628428,-27.632700444717127,negative_cross,toward_S1,1.7972063183099958
5,gle350,2024-03-29 21:46:18+00:00,40.289232,-88.126444,-51.254658199577584,637.0,-12.671098943600235,rs7,25.047103722612743,27.312255591702506,2.265151869089763,2,25.047103722612743,27.312255591702506,2.265151869089763,-27.632700444717127,negative_cross,toward_S1,1.5625563378729546
5,gle350,2024-03-29 21:46:19+00:00,40.289347,-88.126441,-64.04458419168431,638.0,-12.789925992106724,rs10,14.716802296887192,30.821487078641297,16.104684781754106,1,14.716802296887192,37.56459208331157,22.847789786424375,-78.92951005359993,negative_cross,toward_S1,1.2756467752206597
5,gle350,2024-03-29 21:46:20+00:00,40.28945,-88.126438,-75.5003881808662,639.0,-11.455803989181888,rs10,4.530737115595995,26.90781533970195,22.377078224105958,1,4.530737115595995,48.901343796526426,44.37060668093043,-78.92951005359993,negative_cross,toward_S1,1.0635022569024766
5,gle350,2024-03-29 21:46:21+00:00,40.289539,-88.126431,-85.40583667040329,640.0,-9.905448489537093,rs10,8.095090926987021,26.845212457772966,18.750121530785947,1,8.095090926987021,58.78463305024971,50.68954212326269,-78.92951005359993,negative_cross,toward_S1,0.8800680256147525
5,gle350,2024-03-29 21:46:22+00:00,40.289609,-88.126407,-93.22493605112622,641.0,-7.819099380722932,rs10,15.99444255284228,27.89783855846558,11.9033960056233,1,15.99444255284228,66.78078993881829,50.78634738597601,-78.92951005359993,negative_cross,toward_S1,0.7352698889346982
5,gle350,2024-03-29 21:46:23+00:00,40.289655,-88.126354,-98.42016266939208,642.0,-5.195226618265863,rs10,22.5481067390863,27.44494293790042,4.896836198814121,1,22.5481067390863,72.60370185756119,50.05559511847489,-78.92951005359993,negative_cross,toward_S1,0.6390619885964415
5,gle350,2024-03-29 21:46:24+00:00,40.289677,-88.126285,-100.9716259662651,643.0,-2.5514632968730098,rs8,25.668960657349402,27.752930050443787,2.0839693930943852,1,25.668960657349402,74.39940791820352,48.73044726085412,-78.92951005359993,positive_cross,toward_S1,0.5918126682839784
5,gle350,2024-03-29 21:46:25+00:00,40.289667,-88.126216,-99.96543058917682,644.0,1.0061953770882752,rs8,22.04041165147711,30.80151983207581,8.7611081805987,1,22.04041165147711,72.40188387061487,50.36147221913775,-78.92951005359993,positive_cross,toward_S4,0.6104459160078353
5,gle350,2024-03-29 21:46:26+00:00,40.28963,-88.126165,-95.9299199329591,645.0,4.035510656217724,rs8,16.853817345239577,31.665846470387212,14.812029125147635,1,16.853817345239577,67.92273461490997,51.06891726967039,-78.92951005359993,positive_cross,toward_S4,0.6851775948266821
5,gle350,2024-03-29 21:46:27+00:00,40.289574,-88.126147,-89.73155802334867,646.0,6.198361909610426,rs8,10.445470737716416,30.19902956345933,19.753558825742914,1,10.445470737716416,61.62540508495194,51.17993434723553,-78.92951005359993,positive_cross,toward_S4,0.7999620746342826
5,gle350,2024-03-29 21:46:28+00:00,40.289517,-88.126164,-83.36846777898906,647.0,6.363090244359611,rs8,5.203565062410713,27.109641757839146,21.906076695428432,1,5.203565062410713,55.37511064703168,50.17154558462097,-78.92951005359993,positive_cross,toward_S4,0.9177970791594605
5,gle350,2024-03-29 21:46:29+00:00,40.289454,-88.12617,-76.35514700559091,648.0,7.013320773398149,rs8,5.0058373604581385,26.33117588059347,21.325338520135332,1,5.0058373604581385,48.43221752974387,43.426380169285736,-78.92951005359993,positive_cross,toward_S4,1.0476733897779449
5,gle350,2024-03-29 21:46:30+00:00,40.289375,-88.126169,-67.57370719455781,649.0,8.781439811033096,rs8,12.487858373889871,28.60410252493848,16.11624415104861,1,12.487858373889871,39.68121662055756,27.193358246667685,-78.92951005359993,positive_cross,toward_S4,1.210292645537817
5,gle350,2024-03-29 21:46:31+00:00,40.28928,-88.126167,-57.014968088658534,650.0,10.558739105899278,rs8,22.745496484425956,29.17695790569439,6.431461421268434,1,22.745496484425956,29.17695790569439,6.431461421268434,-78.92951005359993,positive_cross,toward_S4,1.4058248512026184
5,gle350,2024-03-29 21:46:32+00:00,40.289174,-88.126164,-45.23481385678827,651.0,11.780154231870263,rs6,17.5320595442866,34.40662581717915,16.874566272892547,2,17.5320595442866,34.40662581717915,16.874566272892547,-27.632700444717127,positive_cross,toward_S4,1.6740349368134972
5,gle350,2024-03-29 21:46:33+00:00,40.289066,-88.126158,-33.23689608534792,652.0,11.997917771440349,rs6,6.121527438087034,31.585312719778212,25.46378528169118,2,6.121527438087034,46.339913194329654,40.21838575624262,-27.632700444717127,positive_cross,toward_S4,1.896218599247578
5,gle350,2024-03-29 21:46:34+00:00,40.28895,-88.126153,-20.34803360294581,653.0,12.88886248240211,rs6,8.38658014898652,32.32851532372422,23.9419351747377,2,8.38658014898652,46.177633448931736,37.79105329994522,-27.632700444717127,positive_cross,toward_S4,2.13490123781058
5,gle350,2024-03-29 21:46:35+00:00,40.288827,-88.126152,-6.674813113468408,654.0,13.673220489477403,rs6,21.708265682780397,32.54253292992083,10.834267247140435,2,21.708265682780397,32.54253292992083,10.834267247140435,-27.632700444717127,positive_cross,toward_S4,2.388109024652754
5,gle350,2024-03-29 21:46:36+00:00,40.288701,-88.126153,7.334997961693958,655.0,14.009811075162366,rs3,18.67595476433603,35.65242687865592,16.976472114319893,3,18.67595476433603,35.65242687865592,16.976472114319893,26.33125891160298,positive_cross,toward_S4,2.6482173898165
5,gle350,2024-03-29 21:46:37+00:00,40.288442,-88.126152,36.12826781975919,656.0,28.79326985806523,rs3,10.987052399835731,36.15939876272447,25.17234636288874,3,10.987052399835731,43.086260209234695,32.09920780939896,26.33125891160298,positive_cross,toward_S4,3.1814260908917817
5,gle350,2024-03-29 21:46:38+00:00,40.288315,-88.126157,50.2553759013244,657.0,14.127108081565211,rs3,24.873160024751208,29.068696860342463,4.1955368355912555,3,24.873160024751208,29.068696860342463,4.1955368355912555,26.33125891160298,positive_cross,toward_S4,3.4430392035133597
5,gle350,2024-03-29 21:46:39+00:00,40.288196,-88.126161,63.49153927032618,658.0,13.23616336900178,rs1,16.10230154709132,37.75132030161098,21.649018754519663,4,16.10230154709132,38.04293320222574,21.94063165513442,80.2309515867141,positive_cross,toward_S4,3.6900108830298533
5,gle350,2024-03-29 21:46:40+00:00,40.288089,-88.12617,75.40123085080592,659.0,11.909691580479738,rs1,6.010977176410954,33.21029614843197,27.19931897202102,4,6.010977176410954,49.959440506258176,43.94846332984722,80.2309515867141,positive_cross,toward_S4,3.9105607271128116
5,gle350,2024-03-29 21:46:41+00:00,40.287998,-88.126181,85.53515317926963,660.0,10.133922328463711,rs1,8.56206611455254,32.16434727892168,23.602281164369142,4,8.56206611455254,60.123802835181635,51.5617367206291,80.2309515867141,positive_cross,toward_S4,4.098225955417695
5,gle350,2024-03-29 21:46:42+00:00,40.287928,-88.126202,93.34966243137698,661.0,7.8145092521073565,rs1,16.038526490173656,32.519283986186885,16.48075749601323,4,16.038526490173656,68.0534527696518,52.014926279478146,80.2309515867141,positive_cross,toward_S4,4.242939089715979
5,gle350,2024-03-29 21:46:43+00:00,40.287877,-88.126247,99.08853287400497,662.0,5.738870442627984,rs1,22.84759629861321,31.875602065812345,9.028005767199133,4,22.84759629861321,74.18506147637099,51.33746517775778,80.2309515867141,positive_cross,toward_S4,4.349214468283164
5,gle350,2024-03-29 21:46:44+00:00,40.287849,-88.126313,102.30246704447129,663.0,3.2139341704663167,rs1,28.51415815361744,29.60166799575128,1.0875098421338407,4,28.51415815361744,78.28866800579358,49.77450985217614,80.2309515867141,positive_cross,toward_S4,4.408731767736244
5,gle350,2024-03-29 21:46:45+00:00,40.287851,-88.126388,102.19486659274754,664.0,-0.10760045172374078,rs2,25.394092288635512,32.52735284566101,7.133260557025494,4,25.394092288635512,76.89469997208052,51.500607683445004,80.2309515867141,negative_cross,ambiguous,4.406739166778397
5,gle350,2024-03-29 21:46:46+00:00,40.287881,-88.12645,98.95442424372985,665.0,-3.240442349017698,rs2,19.834325371653513,34.48603592609353,14.651710554440015,4,19.834325371653513,72.74804850721976,52.91372313556625,80.2309515867141,negative_cross,toward_S1,4.346730975129921
5,gle350,2024-03-29 21:46:47+00:00,40.28793,-88.126488,93.56490102639798,666.0,-5.38952321733187,rs2,13.520519514930347,34.65964805568505,21.139128540754697,4,13.520519514930347,66.96803691460588,53.447517399675526,80.2309515867141,negative_cross,toward_S1,4.246924989623776
5,gle350,2024-03-29 21:46:48+00:00,40.287991,-88.126502,86.80453477794143,667.0,-6.760366248456549,rs2,7.1169485661927325,33.68023350778582,26.56328494159309,4,7.1169485661927325,60.10385162723645,52.98690306104372,80.2309515867141,negative_cross,toward_S1,4.121733022059765
5,gle350,2024-03-29 21:46:49+00:00,40.288059,-88.126508,79.25369035090037,668.0,-7.550844427041056,rs2,4.600829438723577,33.41350534905034,28.812675910326764,4,4.600829438723577,52.524800877914736,47.923971439191156,80.2309515867141,negative_cross,toward_S1,3.9819025697071533
5,gle350,2024-03-29 21:46:50+00:00,40.288138,-88.126512,70.47684066850456,669.0,-8.776849682395806,rs2,11.534999102772685,34.97018616452032,23.435187061747634,4,11.534999102772685,43.74432622991842,32.209327127145734,80.2309515867141,negative_cross,toward_S1,3.819368316329453
5,gle350,2024-03-29 21:46:51+00:00,40.288231,-88.126513,60.13892518633921,670.0,-10.337915482165357,rs2,21.567614537150835,33.45459674017397,11.886982203023134,4,21.567614537150835,33.45459674017397,11.886982203023134,80.2309515867141,negative_cross,toward_S1,3.6279254370300946
5,gle350,2024-03-29 21:46:52+00:00,40.288332,-88.126508,48.90241477962102,671.0,-11.236510406718189,rs5,22.437702012410362,32.74451801577417,10.306816003363807,3,22.437702012410362,32.74451801577417,10.306816003363807,26.33125891160298,negative_cross,toward_S1,3.41798436792626
5,gle350,2024-03-29 21:46:53+00:00,40.288435,-88.126503,37.443550704695404,672.0,-11.458864074925614,rs5,11.650286147452883,35.00813550489898,23.3578493574461,3,11.650286147452883,44.17585538231234,32.52556923485946,26.33125891160298,negative_cross,toward_S1,3.2057831813535635
5,gle350,2024-03-29 21:46:54+00:00,40.28854,-88.126494,25.756212791633118,673.0,-11.687337913062287,rs5,5.93014220180756,32.396188444227,26.46604624241944,3,5.93014220180756,52.9283481451942,46.99820594338664,26.33125891160298,negative_cross,toward_S1,2.989350997778336
5,gle350,2024-03-29 21:46:55+00:00,40.288647,-88.126478,13.835810911050384,674.0,-11.920401880582734,rs5,14.916104499071437,33.40114272483972,18.485038225768285,3,14.916104499071437,41.152575456823456,26.23647095775202,26.33125891160298,negative_cross,toward_S1,2.7686028148045816
5,gle350,2024-03-29 21:46:56+00:00,40.288755,-88.126462,1.804232196342192,675.0,-12.031578714708193,rs5,26.501826855564712,29.430758328048558,2.928931472483846,3,26.501826855564712,29.430758328048558,2.928931472483846,26.33125891160298,negative_cross,toward_S1,2.545795801569245
5,gle350,2024-03-29 21:46:57+00:00,40.288865,-88.126449,-10.445110056377922,676.0,-12.249342252720114,rs7,17.896471022943718,33.0047683860773,15.108297363133584,2,17.896471022943718,38.54967603137373,20.65320500843001,-27.632700444717127,negative_cross,toward_S1,2.31828871089517
5,gle350,2024-03-29 21:46:58+00:00,40.288976,-88.126445,-22.79185875649984,677.0,-12.346748700121916,rs7,8.023316184225342,28.21305291310457,20.189736728879225,2,8.023316184225342,50.664156787656594,42.64084060343125,-27.632700444717127,negative_cross,toward_S1,2.0896452164484685
5,gle350,2024-03-29 21:46:59+00:00,40.289093,-88.126447,-35.79648820164298,678.0,-13.004629445143141,rs7,10.849000096804295,29.090350898272582,18.241350801468286,2,10.849000096804295,42.697215974465884,31.848215877661588,-27.632700444717127,negative_cross,toward_S1,1.8488187452421139
5,gle350,2024-03-29 21:47:00+00:00,40.289216,-88.12645,-49.466648605354926,679.0,-13.670160403711947,rs7,23.19611688209919,29.03440968516499,5.8382928030658015,2,23.19611688209919,29.03440968516499,5.8382928030658015,-27.632700444717127,negative_cross,toward_S1,1.5956676266548555
5,gle350,2024-03-29 21:47:01+00:00,40.289339,-88.126448,-63.144459222679686,680.0,-13.67781061732476,rs10,15.474284072777037,31.77698676635684,16.302702693579803,1,15.474284072777037,36.58130017977663,21.107016106999595,-78.92951005359993,negative_cross,toward_S1,1.2923157561281526
5,gle350,2024-03-29 21:47:02+00:00,40.289448,-88.126441,-75.27344438481143,681.0,-12.128985162131741,rs10,4.4902852192591185,27.190017931539984,22.699732712280866,1,4.4902852192591185,48.64377906795719,44.15349384869807,-78.92951005359993,negative_cross,toward_S1,1.0677049197923796
5,gle350,2024-03-29 21:47:03+00:00,40.289541,-88.126431,-85.62819033782073,682.0,-10.3547459530093,rs10,8.288099946606517,26.898800163774546,18.61070021716803,1,8.288099946606517,59.00506727355979,50.716967326953274,-78.92951005359993,negative_cross,toward_S1,0.8759503651070222
5,gle350,2024-03-29 21:47:04+00:00,40.289608,-88.126403,-93.11987938932164,683.0,-7.491689051500913,rs10,16.025217020756642,27.549047777945145,11.523830757188502,1,16.025217020756642,66.72230933053164,50.697092309775,-78.92951005359993,negative_cross,toward_S1,0.7372153826718202
5,gle350,2024-03-29 21:47:05+00:00,40.289651,-88.126349,-97.9831055489382,684.0,-4.863226159616559,rs10,22.36262289129448,26.830516238943613,4.467893347649131,1,22.36262289129448,72.25387604265318,49.8912531513587,-78.92951005359993,negative_cross,toward_S1,0.6471556389752172
5,gle350,2024-03-29 21:47:06+00:00,40.289666,-88.126277,-99.76092113965063,685.0,-1.7778155907124358,rs8,24.272152275786837,27.200131673019758,2.927979397232921,1,24.272152275786837,73.07013069887265,48.79797842308581,-78.92951005359993,positive_cross,toward_S1,0.614233128036098
5,gle350,2024-03-29 21:47:07+00:00,40.289646,-88.126207,-97.64448746915866,686.0,2.116433670491972,rs8,19.586160440045973,29.827135510529235,10.240975070483262,1,19.586160440045973,69.99537347414164,50.40921303409567,-78.92951005359993,positive_cross,toward_S4,0.6534263441563197
5,gle350,2024-03-29 21:47:08+00:00,40.289597,-88.126164,-92.26261446699776,687.0,5.381873002160901,rs8,13.26380595531542,29.917652459961513,16.653846504646094,1,13.26380595531542,64.25381803453307,50.99001207921765,-78.92951005359993,positive_cross,toward_S4,0.7530906590111512
5,gle350,2024-03-29 21:47:09+00:00,40.289532,-88.12616,-85.04224045494422,688.0,7.22037401205354,rs8,6.380708876639734,27.769591006529424,21.38888212988969,1,6.380708876639734,57.016990715307806,50.63628183866807,-78.92951005359993,positive_cross,toward_S4,0.8868012888639946
5,gle350,2024-03-29 21:47:10+00:00,40.289459,-88.126162,-76.92327151675792,689.0,8.118968938186299,rs8,4.128586856867707,26.962092557019854,22.83350570015215,1,4.128586856867707,48.92909797695643,44.80051112008872,-78.92951005359993,positive_cross,toward_S4,1.0371525654970741
5,gle350,2024-03-29 21:47:11+00:00,40.289372,-88.126163,-67.24935695107946,690.0,9.673914565678459,rs8,12.661873644984787,29.20354167814093,16.541668033156142,1,12.661873644984787,39.29641698362141,26.634543338636625,-78.92951005359993,positive_cross,toward_S4,1.2162991315281568
5,gle350,2024-03-29 21:47:12+00:00,40.289268,-88.126167,-55.68084608573372,691.0,11.568510865345743,rs8,24.06357738363242,27.856744242871216,3.793166859238795,1,24.06357738363242,27.856744242871216,3.793166859238795,-78.92951005359993,positive_cross,toward_S4,1.4305308142197446
5,gle350,2024-03-29 21:47:13+00:00,40.289148,-88.126166,-42.34115609698751,692.0,13.339689988746208,rs6,14.77460196013209,33.79280208728357,19.01820012715148,2,14.77460196013209,37.301219727766,22.52661776763391,-27.632700444717127,positive_cross,toward_S4,1.7276211916246225
5,gle350,2024-03-29 21:47:14+00:00,40.28902,-88.126161,-28.118171611660582,693.0,14.22298448532693,rs6,3.6824373300294124,30.827748098490545,27.145310768461133,2,3.6824373300294124,51.4622430520364,47.779805722006984,-27.632700444717127,positive_cross,toward_S4,1.9910097932047508
5,gle350,2024-03-29 21:47:15+00:00,40.288886,-88.12616,-13.222005952572104,694.0,14.896165659088478,rs6,15.375565431568464,34.09025618383262,18.714690752264158,2,15.375565431568464,39.139892664769775,23.76432723320131,-27.632700444717127,positive_cross,toward_S4,2.2668647128175006
5,gle350,2024-03-29 21:47:16+00:00,40.288749,-88.12616,2.0092202493294726,695.0,15.231226201901578,rs3,24.03581798653752,30.400418970613398,6.364600984075878,3,24.03581798653752,30.400418970613398,6.364600984075878,26.33125891160298,positive_cross,toward_S4,2.549591876624565
5,gle350,2024-03-29 21:47:17+00:00,40.288613,-88.126158,17.126209532963543,696.0,15.11698928363407,rs3,9.404732988537694,35.55643672937054,26.151703740832843,3,9.404732988537694,45.443065711108716,36.03833272257102,26.33125891160298,positive_cross,toward_S4,2.829536122617788
5,gle350,2024-03-29 21:47:18+00:00,40.288479,-88.126156,32.02084514836846,697.0,14.894635615404916,rs3,7.348741502127092,34.94139174379276,27.592650241665666,3,7.348741502127092,47.215490427035064,39.866748924907974,26.33125891160298,positive_cross,toward_S4,3.1053627080882498
5,gle350,2024-03-29 21:47:19+00:00,40.288348,-88.126161,46.59266056397862,698.0,14.57181541561016,rs3,21.316513151005637,32.75303555672903,11.436522405723395,3,21.316513151005637,32.75303555672903,11.436522405723395,26.33125891160298,positive_cross,toward_S4,3.37521114171066
5,gle350,2024-03-29 21:47:20+00:00,40.288224,-88.126169,60.39082827265998,699.0,13.798167708681362,rs1,19.288155281783855,35.035632288905354,15.7474770071215,4,19.288155281783855,35.035632288905354,15.7474770071215,80.2309515867141,positive_cross,toward_S4,3.632590308998998
5,gle350,2024-03-29 21:47:21+00:00,40.288112,-88.126176,72.85334393552291,700.0,12.462515662862934,rs1,8.167364907471526,33.23126310275198,25.063898195280455,4,8.167364907471526,47.4696051368049,39.30224022933338,80.2309515867141,positive_cross,toward_S4,3.8633776360890524
5,gle350,2024-03-29 21:47:22+00:00,40.288017,-88.126185,83.42891351228788,701.0,10.575569576764963,rs1,7.389975380782317,31.588405999035647,24.19843061825333,4,7.389975380782317,58.05597335066492,50.6659979698826,80.2309515867141,positive_cross,toward_S4,4.059221517140255
5,gle350,2024-03-29 21:47:23+00:00,40.287944,-88.126201,91.56930305072366,702.0,8.140389538435784,rs1,14.44266038223107,31.960548913566026,17.517888531334954,4,14.44266038223107,66.2756202079084,51.832959825677335,80.2309515867141,positive_cross,toward_S4,4.209969471555732
5,gle350,2024-03-29 21:47:24+00:00,40.287887,-88.126253,97.9859447957505,703.0,6.416641745026837,rs1,22.15322554299411,30.83089109830946,8.67766555531535,4,22.15322554299411,73.1676845971972,51.01445905420309,80.2309515867141,positive_cross,toward_S4,4.328796170537711
5,gle350,2024-03-29 21:47:25+00:00,40.287849,-88.126322,102.31623743036148,704.0,4.330292634610984,rs1,28.972389977002248,29.074776913950835,0.10238693694858725,4,28.972389977002248,78.38099564435126,49.40860566734901,80.2309515867141,positive_cross,toward_S4,4.408986774882359
5,gle350,2024-03-29 21:47:26+00:00,40.287846,-88.126406,102.7782915326549,705.0,0.4620541022934219,rs2,25.046127531832713,34.013945335246575,8.967817803413862,4,25.046127531832713,77.16309191236772,52.11696438053501,80.2309515867141,negative_cross,ambiguous,4.4175433323322375
5,gle350,2024-03-29 21:47:27+00:00,40.287874,-88.126478,99.77550327902675,706.0,-3.002788253628154,rs2,19.60614480896132,36.89390824287024,17.287763433908918,4,19.60614480896132,73.24943601072579,53.64329120176447,80.2309515867141,negative_cross,toward_S1,4.361936142450235
5,gle350,2024-03-29 21:47:28+00:00,40.28793,-88.126514,93.60468214117499,707.0,-6.17082113785176,rs2,12.734965462542528,36.68894440078159,23.95397893823906,4,12.734965462542528,66.79593832032823,54.06097285778571,80.2309515867141,negative_cross,toward_S1,4.247661676934461
5,gle350,2024-03-29 21:47:29+00:00,40.287992,-88.126517,86.7163085869808,708.0,-6.888373554194189,rs2,6.276140561599665,34.901810665237235,28.62567010363757,4,6.276140561599665,59.897566199009866,53.6214256374102,80.2309515867141,negative_cross,toward_S1,4.120099203708643
5,gle350,2024-03-29 21:47:30+00:00,40.288058,-88.126509,79.36639722708598,709.0,-7.3499113598948185,rs2,4.474608905070114,33.49731020641363,29.022701301343517,4,4.474608905070114,52.628210760121846,48.15360185505173,80.2309515867141,negative_cross,toward_S1,3.9839897340809607
5,gle350,2024-03-29 21:47:31+00:00,40.288137,-88.126506,70.57883724456542,710.0,-8.787559982520563,rs2,11.606459357809197,34.449768605221756,22.84330924741256,4,11.606459357809197,43.907676805317884,32.30121744750869,80.2309515867141,negative_cross,toward_S1,3.8212571418120613
5,gle350,2024-03-29 21:47:32+00:00,40.28823,-88.126506,60.23939172031817,711.0,-10.339445524247253,rs2,21.567158580872885,33.64441737359977,12.077258792726887,4,21.567158580872885,33.64441737359977,12.077258792726887,80.2309515867141,negative_cross,toward_S1,3.6297859284000755
5,gle350,2024-03-29 21:47:33+00:00,40.288334,-88.126505,48.67547098356625,712.0,-11.563920736751918,rs5,22.274430130283115,32.99772458176016,10.723294451477045,3,22.274430130283115,32.99772458176016,10.723294451477045,26.33125891160298,negative_cross,toward_S1,3.413781705036357
5,gle350,2024-03-29 21:47:34+00:00,40.288441,-88.126502,36.77495966036115,713.0,-11.900511323205102,rs5,11.091624297553249,34.71889617207569,23.62727187452244,3,11.091624297553249,44.8483894890251,33.75676519147186,26.33125891160298,negative_cross,toward_S1,3.193401865717744
5,gle350,2024-03-29 21:47:35+00:00,40.288552,-88.126495,24.423620830811945,714.0,-12.351338829549203,rs5,6.254304768651732,32.52669400343288,26.272389234781148,3,6.254304768651732,51.591090300864835,45.3367855322131,26.33125891160298,negative_cross,toward_S1,2.96467336887424
5,gle350,2024-03-29 21:47:36+00:00,40.288664,-88.126481,11.950394868592477,715.0,-12.473225962219468,rs5,16.490787968405954,34.37680056563362,17.88601259722767,3,16.490787968405954,39.24613331693466,22.755345348528706,26.33125891160298,negative_cross,toward_S1,2.733687702907213
5,gle350,2024-03-29 21:47:37+00:00,40.288778,-88.126462,-0.7528349761936957,716.0,-12.703229844786172,rs7,26.918069771875793,28.935715209405252,2.0176454375294597,2,26.918069771875793,28.935715209405252,2.0176454375294597,-27.632700444717127,negative_cross,toward_S1,2.4977752864541376
5,gle350,2024-03-29 21:47:38+00:00,40.288896,-88.126446,-13.896182026409248,717.0,-13.143347050215553,rs7,14.839348119944411,31.108839977386346,16.269491857441935,2,14.839348119944411,41.95646845373993,27.11712033379552,-27.632700444717127,negative_cross,toward_S1,2.254379970709405
5,gle350,2024-03-29 21:47:39+00:00,40.289016,-88.12644,-27.246582314490237,718.0,-13.350400288080989,rs7,7.152654879049738,27.357630659107674,20.204975780057936,2,7.152654879049738,51.28209921827802,44.129444339228286,-27.632700444717127,negative_cross,toward_S1,2.0071503357449423
5,gle350,2024-03-29 21:47:40+00:00,40.289136,-88.126439,-40.58933238898015,719.0,-13.34275007448991,rs7,15.251435761008773,30.147752967756528,14.896317206747755,2,15.251435761008773,37.98000390605523,22.72856814504646,-27.632700444717127,negative_cross,toward_S1,1.7600623714025367
5,gle350,2024-03-29 21:47:41+00:00,40.289258,-88.126438,-54.15443613011931,720.0,-13.565103741139161,rs10,24.506597068048453,27.96999277347469,3.4633957054262368,1,24.506597068048453,27.96999277347469,3.4633957054262368,-78.92951005359993,negative_cross,toward_S1,1.458797665249641
5,gle350,2024-03-29 21:47:42+00:00,40.289374,-88.126438,-67.05094882769244,721.0,-12.89651269757313,rs10,11.877021325985822,29.245270785273455,17.368249459287632,1,11.877021325985822,40.563184450692475,28.686163124706653,-78.92951005359993,negative_cross,toward_S1,1.2199733560353239
5,gle350,2024-03-29 21:47:43+00:00,40.289474,-88.126435,-78.1732223153314,722.0,-11.122273487638964,rs10,3.740349207736994,26.434045281785796,22.693696074048802,1,3.740349207736994,51.57900617368255,47.83865696594556,-78.92951005359993,negative_cross,toward_S1,1.014005328486454
5,gle350,2024-03-29 21:47:44+00:00,40.289555,-88.126423,-87.19690635115961,723.0,-9.02368403582821,rs10,9.979346985112805,26.67459473007925,16.695247744966444,1,9.979346985112805,60.6409884044754,50.661641419362596,-78.92951005359993,negative_cross,toward_S1,0.8469000685637096
5,gle350,2024-03-29 21:47:45+00:00,40.289618,-88.126385,-94.25918849658767,724.0,-7.062282145428057,rs10,17.683510436978874,26.85782084688687,9.174310409907996,1,17.683510436978874,68.06995215713813,50.386441720159254,-78.92951005359993,negative_cross,toward_S1,0.7161170658705973
5,gle350,2024-03-29 21:47:46+00:00,40.289661,-88.126329,-99.12547474275965,725.0,-4.866286246171981,rs10,24.18488067112774,26.475628582223703,2.2907479110959628,1,24.18488067112774,73.47432851870745,49.28944784757971,-78.92951005359993,negative_cross,toward_S1,0.6260006539044496
5,gle350,2024-03-29 21:47:47+00:00,40.289678,-88.126253,-101.13176417237698,726.0,-2.0062894296173255,rs8,24.428561018546873,29.52882283733752,5.100261818790646,1,24.428561018546873,74.03906145554978,49.61050043700291,-78.92951005359993,positive_cross,toward_S1,0.5888471459485731
5,gle350,2024-03-29 21:47:48+00:00,40.289663,-88.12618,-99.57580479785928,727.0,1.5559593745176983,rs8,20.714471600913093,32.79742504347959,12.082953442566499,1,20.714471600913093,71.66985106768432,50.95537946677123,-78.92951005359993,positive_cross,toward_S4,0.6176612084396417
5,gle350,2024-03-29 21:47:50+00:00,40.289624,-88.126143,-95.29651987476451,729.0,2.139642461547382,rs8,15.901797381177706,32.91287790683809,17.011080525660383,1,15.901797381177706,67.1707978069087,51.26900042573099,-78.92951005359993,positive_cross,toward_S4,0.6969072255339892
5,gle350,2024-03-29 21:47:51+00:00,40.289576,-88.126138,-89.96768207586639,730.0,5.328837798898121,rs8,10.548510134475956,30.991526126141856,20.443015991665902,1,10.548510134475956,61.82158850938149,51.27307837490554,-78.92951005359993,positive_cross,toward_S4,0.7955894069950654
5,gle350,2024-03-29 21:47:52+00:00,40.289523,-88.126154,-84.0508292100035,731.0,5.916852865862893,rs8,5.2584971747642095,28.062752183751922,22.804255008987713,1,5.2584971747642095,55.98759837416097,50.72910119939676,-78.92951005359993,positive_cross,toward_S4,0.9051607563628968
5,gle350,2024-03-29 21:47:53+00:00,40.289463,-88.126163,-77.36644880790926,732.0,6.684380402094234,rs8,3.942925587627281,26.849646136523127,22.906720548895848,1,3.942925587627281,49.379240412366705,45.436314824739426,-78.92951005359993,positive_cross,toward_S4,1.0289455786239012
5,gle350,2024-03-29 21:47:54+00:00,40.289391,-88.126169,-69.35253653231753,733.0,8.013912275591736,rs8,10.808954780217851,27.952422840811245,17.143468060593392,1,10.808954780217851,41.450519994718135,30.641565214500282,-78.92951005359993,positive_cross,toward_S4,1.1773513615052296
5,gle350,2024-03-29 21:47:55+00:00,40.289307,-88.126166,-60.01827263890118,734.0,9.334263893416349,rs8,19.77235836171624,32.140867711836044,12.368509350119805,1,19.77235836171624,32.140867711836044,12.368509350119805,-78.92951005359993,positive_cross,toward_S4,1.350208100272199
5,gle350,2024-03-29 21:47:56+00:00,40.289213,-88.126158,-49.57989062354683,735.0,10.43838201535435,rs6,21.694678275651814,30.039756782784114,8.3450785071323,2,21.694678275651814,30.039756782784114,8.3450785071323,-27.632700444717127,positive_cross,toward_S4,1.5935705522438943
5,gle350,2024-03-29 21:47:57+00:00,40.28911,-88.126154,-38.134796935301374,736.0,11.445093688245457,rs6,10.433416095807381,33.13588565999468,22.702469564187297,2,10.433416095807381,41.434307285374906,31.000891189567525,-27.632700444717127,positive_cross,toward_S4,1.8055167316558474
5,gle350,2024-03-29 21:47:58+00:00,40.288999,-88.126152,-25.79722849162065,737.0,12.337568443680723,rs6,3.766125665879294,31.638890829581786,27.872765163702493,2,3.766125665879294,51.608385769238566,47.84226010335927,-27.632700444717127,positive_cross,toward_S4,2.0339902213536383
5,gle350,2024-03-29 21:47:59+00:00,40.288878,-88.126152,-12.344831626688842,738.0,13.452396864931808,rs6,16.105290909810723,35.084885906814314,18.97959499700359,2,16.105290909810723,38.188991811679905,22.083700901869182,-27.632700444717127,positive_cross,toward_S4,2.2831086818153388
5,gle350,2024-03-29 21:48:00+00:00,40.288754,-88.12615,1.4380356532087082,739.0,13.78286727989755,rs3,24.458514083255587,29.757935496049722,5.2994214127941355,3,24.458514083255587,29.757935496049722,5.2994214127941355,26.33125891160298,positive_cross,toward_S4,2.53901438410381
5,gle350,2024-03-29 21:48:01+00:00,40.288632,-88.126151,15.003139394326118,740.0,13.56510374111741,rs3,11.173656121575231,36.73069659972156,25.55704047814633,3,11.173656121575231,43.29315249674594,32.11949637517071,26.33125891160298,positive_cross,toward_S4,2.7902200089393174
5,gle350,2024-03-29 21:48:02+00:00,40.288509,-88.126156,28.68554014105641,741.0,13.682400746730293,rs3,4.777899261178146,34.563328678775086,29.78542941759694,3,4.777899261178146,50.5434759305541,45.76557666937595,26.33125891160298,positive_cross,toward_S4,3.043597800545434
5,gle350,2024-03-29 21:48:03+00:00,40.288387,-88.12616,42.255234010811144,742.0,13.569693869754733,rs3,17.061722439494723,37.053605775754356,19.991883336259633,3,17.061722439494723,37.053605775754356,19.991883336259633,26.33125891160298,positive_cross,toward_S4,3.294888427763114
5,gle350,2024-03-29 21:48:04+00:00,40.288264,-88.126162,55.93304462890413,743.0,13.677810618092984,rs1,23.520719540929377,30.54718514851467,7.026465607585294,4,23.520719540929377,30.54718514851467,7.026465607585294,80.2309515867141,positive_cross,toward_S4,3.550038760040556
5,gle350,2024-03-29 21:48:05+00:00,40.28815,-88.126167,68.61485387265084,744.0,12.681809243746713,rs1,11.405253739279807,35.210846459445555,23.80559272016575,4,11.405253739279807,43.18438630675801,31.7791325674782,80.2309515867141,positive_cross,toward_S4,3.784887079369199
5,gle350,2024-03-29 21:48:06+00:00,40.288051,-88.126177,79.63666082712255,745.0,11.021806954471714,rs1,5.35377458337919,32.18797736727691,26.834202783897716,4,5.35377458337919,54.22421349339171,48.87043891001252,80.2309515867141,positive_cross,toward_S4,3.9889946155631195
5,gle350,2024-03-29 21:48:07+00:00,40.287966,-88.126193,89.11117236929488,746.0,9.474511542172323,rs1,12.009959252187148,31.884506676155805,19.874547423968657,4,12.009959252187148,63.768574482687576,51.758615230500425,80.2309515867141,positive_cross,toward_S4,4.164448533010755
5,gle350,2024-03-29 21:48:08+00:00,40.287864,-88.126296,100.60880381192844,747.0,11.497631442633562,rs1,26.316355896587854,29.491872701279455,3.1755168046916005,4,26.316355896587854,76.35353099244834,50.03717509586049,80.2309515867141,positive_cross,toward_S4,4.377367633800265
5,gle350,2024-03-29 21:48:09+00:00,40.287848,-88.126366,102.49473615100088,748.0,1.8859323390724398,rs2,26.75294234050048,31.465804639721867,4.712862299221388,4,26.75294234050048,77.60164986606367,50.848707525563185,80.2309515867141,negative_cross,toward_S4,4.4122923067460516
5,gle350,2024-03-29 21:48:10+00:00,40.287858,-88.126438,101.49313090173821,749.0,-1.001605249262667,rs2,22.577389368371527,35.189090602560455,12.611701234188928,4,22.577389368371527,75.4207312287586,52.84334186038707,80.2309515867141,negative_cross,toward_S1,4.393744061389335
5,gle350,2024-03-29 21:48:11+00:00,40.287894,-88.126496,97.57950737898075,750.0,-3.9136235227574616,rs2,17.010188570184376,37.051363973511044,20.04117540332667,4,17.010188570184376,70.89807503921514,53.88788646903077,80.2309515867141,negative_cross,toward_S1,4.3212695517086415
5,gle350,2024-03-29 21:48:12+00:00,40.287949,-88.126527,91.51221286085165,751.0,-6.067294518129103,rs2,10.407566660895126,36.979655729610386,26.572089068715258,4,10.407566660895126,64.62599449662912,54.21842783573399,80.2309515867141,negative_cross,toward_S1,4.208912245817362
5,gle350,2024-03-29 21:48:13+00:00,40.288018,-88.126519,83.82877099945742,752.0,-7.683441861394229,rs2,3.9801324497628086,34.59981534649686,30.61968289673405,4,3.9801324497628086,57.00075986695839,53.020627417195584,80.2309515867141,negative_cross,toward_S1,4.066626285421172
5,gle350,2024-03-29 21:48:14+00:00,40.288094,-88.126507,75.36097113177786,753.0,-8.46779986767956,rs2,7.318646242249018,33.597798428454375,26.27915218620536,4,7.318646242249018,48.65633793082698,41.33769168857796,80.2309515867141,negative_cross,toward_S1,3.90981517676044
5,gle350,2024-03-29 21:48:15+00:00,40.288184,-88.126503,65.34893593675262,754.0,-10.012035195025234,rs2,16.648859612455432,35.941627458226314,19.292767845770882,4,16.648859612455432,38.74783239625105,22.098972783795617,80.2309515867141,negative_cross,toward_S1,3.724407117593306
5,gle350,2024-03-29 21:48:16+00:00,40.288286,-88.126503,54.008898910311764,755.0,-11.34003702644086,rs5,27.539134576366234,27.741073441512455,0.2019388651462215,3,27.539134576366234,27.741073441512455,0.2019388651462215,26.33125891160298,negative_cross,toward_S1,3.5125488888649774
5,gle350,2024-03-29 21:48:17+00:00,40.288391,-88.126503,42.33533138313968,756.0,-11.673567527172082,rs5,16.200335697794852,36.87108908960002,20.670753391805167,3,16.200335697794852,39.31058148760212,23.11024578980727,26.33125891160298,negative_cross,toward_S1,3.2963717124358647
5,gle350,2024-03-29 21:48:18+00:00,40.288502,-88.1265,29.99011272507792,757.0,-12.34521865806176,rs5,6.116087123735681,33.11881793435916,27.002730810623476,3,6.116087123735681,51.61761125471913,45.50152413098345,26.33125891160298,negative_cross,toward_S1,3.067756552101388
5,gle350,2024-03-29 21:48:19+00:00,40.288615,-88.126488,17.408770014520204,758.0,-12.581342710557717,rs5,11.428108644460112,33.07268256973301,21.6445739252729,3,11.428108644460112,44.63029521070007,33.20218656623996,26.33125891160298,negative_cross,toward_S1,2.8347687241280966
5,gle350,2024-03-29 21:48:20+00:00,40.288735,-88.12647,4.040009211143479,759.0,-13.368760803376725,rs5,24.177314023732418,31.51528931850294,7.337975294770523,3,24.177314023732418,31.51528931850294,7.337975294770523,26.33125891160298,negative_cross,toward_S1,2.5871990796211204
5,gle350,2024-03-29 21:48:21+00:00,40.288855,-88.126454,-9.32569150569957,760.0,-13.36570071684305,rs7,18.800760253187974,33.956399235623934,15.15563898243596,2,18.800760253187974,37.36694197441918,18.566181721231203,-27.632700444717127,negative_cross,toward_S1,2.3390186840558806
5,gle350,2024-03-29 21:48:22+00:00,40.288981,-88.126441,-23.353863096157674,761.0,-14.028171590458104,rs7,8.031358300853633,27.78586308130704,19.754504780453406,2,8.031358300853633,51.27667965746389,43.245321356610255,-27.632700444717127,negative_cross,toward_S1,2.0792377286770267
5,gle350,2024-03-29 21:48:23+00:00,40.289105,-88.126436,-37.14744067620171,762.0,-13.793577580044037,rs7,12.476562294949925,28.605808128268485,16.12924583331856,2,12.476562294949925,41.43700719560472,28.960444900654796,-27.632700444717127,negative_cross,toward_S1,1.8238011068243596
5,gle350,2024-03-29 21:48:24+00:00,40.289227,-88.126437,-50.70948433157542,763.0,-13.562043655373706,rs7,24.68406500811146,27.93468735026821,3.250622342156749,2,24.68406500811146,27.93468735026821,3.250622342156749,-27.632700444717127,negative_cross,toward_S1,1.572652150243365
5,gle350,2024-03-29 21:48:25+00:00,40.289347,-88.126439,-64.04764427742802,764.0,-13.338159945852603,rs10,14.75490380460274,30.673344242186683,15.918440437583943,1,14.75490380460274,37.59688580192168,22.84198199731894,-78.92951005359993,negative_cross,toward_S1,1.2755901069661464
5,gle350,2024-03-29 21:48:26+00:00,40.289455,-88.126438,-76.0562723482249,765.0,-12.008628070796874,rs10,4.1961829426193775,26.840374122432525,22.64419117981315,1,4.1961829426193775,49.45127643994353,45.25509349732415,-78.92951005359993,negative_cross,toward_S1,1.0532081056550933
5,gle350,2024-03-29 21:48:27+00:00,40.289544,-88.126431,-85.96172083855195,766.0,-9.90544849032706,rs10,8.580287036090636,26.9824210784796,18.402134042388965,1,8.580287036090636,59.335746856828706,50.75545982073807,-78.92951005359993,negative_cross,toward_S1,0.8697738743527402
5,gle350,2024-03-29 21:48:28+00:00,40.289618,-88.126402,-94.23317776770087,767.0,-8.271456929148911,rs10,17.081613193864243,28.06059710678232,10.978983912918078,1,17.081613193864243,67.83440528532464,50.75279209146039,-78.92951005359993,negative_cross,toward_S1,0.7165987460351677
5,gle350,2024-03-29 21:48:29+00:00,40.289669,-88.126352,-99.97969842549982,768.0,-5.746520657798953,rs10,24.00916591342533,28.44363586604743,4.4344699526220985,1,24.00916591342533,74.16363140869414,50.15446549526881,-78.92951005359993,negative_cross,toward_S1,0.6101816968166687
5,gle350,2024-03-29 21:48:30+00:00,40.289693,-88.126285,-102.75045530402481,769.0,-2.770756878524992,rs8,27.190782138421696,29.2048749988689,2.014092860447203,1,27.190782138421696,76.147060001999,48.9562778635773,-78.92951005359993,positive_cross,toward_S1,0.558871384251391
5,gle350,2024-03-29 21:48:31+00:00,40.289689,-88.126218,-102.40826084265524,770.0,0.3421944613695729,rs8,24.398112740109568,32.42054100927637,8.022428269166802,1,24.398112740109568,74.8521936176961,50.454080877586534,-78.92951005359993,positive_cross,ambiguous,0.5652083187211979
5,gle350,2024-03-29 21:48:32+00:00,40.289662,-88.126171,-99.47839835043571,771.0,2.9298624922195273,rs8,20.442451821765836,33.3224033549022,12.879951533136364,1,20.442451821765836,71.50649179449734,51.0640399727315,-78.92951005359993,positive_cross,toward_S4,0.619465031540078
5,gle350,2024-03-29 21:48:33+00:00,40.289621,-88.126146,-94.95839924460606,772.0,4.519999105829655,rs8,15.598908856821904,32.52604995247734,16.927141095655433,1,15.598908856821904,66.84598201903533,51.247073162213425,-78.92951005359993,positive_cross,toward_S4,0.7031687186850717
5,gle350,2024-03-29 21:48:34+00:00,40.289568,-88.126144,-89.06908715052357,773.0,5.889312094082484,rs8,9.742678407275966,30.204247004764465,20.4615685974885,1,9.742678407275966,60.948715523209145,51.20603711593318,-78.92951005359993,positive_cross,toward_S4,0.8122300537606733
5,gle350,2024-03-29 21:48:35+00:00,40.289502,-88.126158,-81.70999553258594,774.0,7.359091617937636,rs8,3.683205903241971,27.386219044833346,23.703013141591377,1,3.683205903241971,53.67615837830567,49.9929524750637,-78.92951005359993,positive_cross,toward_S4,0.9485095281669258
5,gle350,2024-03-29 21:48:36+00:00,40.289424,-88.126168,-73.02290208323261,775.0,8.687093449353327,rs8,7.451222907090218,27.014725177301486,19.563502270211266,1,7.451222907090218,45.09414813770011,37.64292523060989,-78.92951005359993,positive_cross,toward_S4,1.1093816290808762
5,gle350,2024-03-29 21:48:37+00:00,40.289332,-88.126174,-62.785453135836185,776.0,10.237448947396423,rs8,17.201656548502434,30.43844176274858,13.236785214246147,1,17.201656548502434,34.98689968950159,17.785243140999157,-78.92951005359993,positive_cross,toward_S4,1.298964016995625
5,gle350,2024-03-29 21:48:38+00:00,40.289223,-88.126172,-50.670238359594656,777.0,12.11521477624153,rs6,23.002259628568844,29.07679760240911,6.074537973840265,2,23.002259628568844,29.07679760240911,6.074537973840265,-27.632700444717127,positive_cross,toward_S4,1.573378927502268
5,gle350,2024-03-29 21:48:39+00:00,40.28911,-88.12617,-38.11031624928643,778.0,12.559922110308229,rs6,10.912536537128092,31.851737949850524,20.939201412722433,2,10.912536537128092,41.54090727117502,30.628370734046932,-27.632700444717127,positive_cross,toward_S4,1.805970077693161
5,gle350,2024-03-29 21:48:40+00:00,40.288994,-88.126167,-25.2183936811406,779.0,12.891922568145826,rs6,5.11748640523486,30.40670050026804,25.28921409503318,2,5.11748640523486,51.15339739974496,46.035910994510104,-27.632700444717127,positive_cross,toward_S4,2.0447093845106763
5,gle350,2024-03-29 21:48:41+00:00,40.288876,-88.126162,-12.10717753132103,780.0,13.11121614981957,rs6,16.496933600460693,34.42258670062576,17.925653100165064,2,16.496933600460693,38.05225814261374,21.555324542153045,-27.632700444717127,positive_cross,toward_S4,2.2875096835814093
5,gle350,2024-03-29 21:48:42+00:00,40.288755,-88.126159,1.3406292049952055,781.0,13.447806736316235,rs3,24.680072712096287,29.727710552505165,5.047637840408878,3,24.680072712096287,29.727710552505165,5.047637840408878,26.33125891160298,positive_cross,toward_S4,2.5372105609887448
5,gle350,2024-03-29 21:48:43+00:00,40.288632,-88.126155,15.009259565835292,782.0,13.668630360840087,rs3,11.278303745119981,36.408271692777696,25.129967947657715,3,11.278303745119981,43.31668978175308,32.0383860366331,26.33125891160298,positive_cross,toward_S4,2.7903333454487464
5,gle350,2024-03-29 21:48:44+00:00,40.288507,-88.126155,28.906363764812056,783.0,13.897104198976765,rs3,4.85700816038448,34.66326849925483,29.806260338870352,3,4.85700816038448,50.315665703321805,45.458657542937324,26.33125891160298,positive_cross,toward_S4,3.047687126911279
5,gle350,2024-03-29 21:48:45+00:00,40.288383,-88.126155,42.69229113047507,784.0,13.785927365663014,rs3,17.400748105875103,36.56859073270141,19.167842626826307,3,17.400748105875103,36.56859073270141,19.167842626826307,26.33125891160298,positive_cross,toward_S4,3.3029820781272607
5,gle350,2024-03-29 21:48:46+00:00,40.288258,-88.126155,56.589395330241786,785.0,13.897104199766716,rs1,22.76580413379424,31.133419469366764,8.367615335572523,4,22.76580413379424,31.133419469366764,8.367615335572523,80.2309515867141,positive_cross,toward_S4,3.56219340265792
5,gle350,2024-03-29 21:48:47+00:00,40.288138,-88.126163,69.94285570487818,786.0,13.353460374636398,rs1,10.046745934904669,35.09156596607432,25.04482003116965,4,10.046745934904669,44.47740774080057,34.4306618058959,80.2309515867141,positive_cross,toward_S4,3.8094797058919276
5,gle350,2024-03-29 21:48:48+00:00,40.288036,-88.126175,81.30125324582484,787.0,11.358397540946655,rs1,5.604582192750351,32.33689189564207,26.73230970289172,4,5.604582192750351,55.8678283569878,50.26324616423745,80.2309515867141,positive_cross,toward_S4,4.019820401094643
5,gle350,2024-03-29 21:48:49+00:00,40.287955,-88.126189,90.32799736739676,788.0,9.026744121571923,rs1,12.87349332876948,32.54623536936904,19.672742040599562,4,12.87349332876948,64.95018266879516,52.07668934002568,80.2309515867141,positive_cross,toward_S4,4.186982329271901
5,gle350,2024-03-29 21:48:50+00:00,40.287897,-88.126234,96.8451056448009,789.0,6.517108277404134,rs1,20.36891495745586,31.61421933657412,11.24530437911826,4,20.36891495745586,71.8209707014632,51.45205574400734,80.2309515867141,positive_cross,toward_S4,4.3076695195942
5,gle350,2024-03-29 21:48:51+00:00,40.287862,-88.126294,100.82809739360219,790.0,3.9829917488012967,rs1,26.398493195567564,29.76646784110326,3.3679746455356963,4,26.398493195567564,76.53693056404195,50.138437368474385,80.2309515867141,positive_cross,toward_S4,4.381428626053483
5,gle350,2024-03-29 21:48:52+00:00,40.287853,-88.126369,101.94344211146779,791.0,1.1153447178655966,rs2,26.156124475101734,31.235415651288122,5.079291176186388,4,26.156124475101734,77.00392920565403,50.8478047305523,80.2309515867141,negative_cross,toward_S4,4.402083157865809
5,gle350,2024-03-29 21:48:53+00:00,40.287871,-88.126437,100.04630202183785,792.0,-1.8971400896299428,rs2,21.331382996261244,34.2361972937959,12.904814297534653,4,21.331382996261244,74.00147760992053,52.67009461365929,80.2309515867141,negative_cross,toward_S1,4.366950933983773
5,gle350,2024-03-29 21:48:54+00:00,40.287913,-88.126484,95.44878702598403,793.0,-4.597514995853814,rs2,15.383213929300908,35.161456782298224,19.778242852997316,4,15.383213929300908,68.88266006268276,53.49944613338185,80.2309515867141,negative_cross,toward_S1,4.281811767393887
5,gle350,2024-03-29 21:48:55+00:00,40.287966,-88.126504,89.58701570363847,794.0,-5.861771322345561,rs2,9.332839644909479,34.544273358933935,25.21143371402446,4,9.332839644909479,62.86117404659526,53.52833440168578,80.2309515867141,negative_cross,toward_S1,4.173260446609711
5,gle350,2024-03-29 21:48:56+00:00,40.288027,-88.126509,82.81287906850174,795.0,-6.774136635136728,rs2,4.245924956310936,33.64810510276992,29.40218014645898,4,4.245924956310936,56.06416757358855,51.81824261727761,80.2309515867141,negative_cross,toward_S1,4.0478134718849565
5,gle350,2024-03-29 21:48:57+00:00,40.288098,-88.126513,74.9254440549858,796.0,-7.88743501351594,rs2,7.4251348975710725,34.16124027894157,26.736105381370496,4,7.4251348975710725,48.16648677773206,40.74135188016099,80.2309515867141,negative_cross,toward_S1,3.90174986052355
5,gle350,2024-03-29 21:48:58+00:00,40.288183,-88.126511,65.47235311385293,797.0,-9.45309094113287,rs2,16.36998411578196,36.52231321193057,20.152329096148613,4,16.36998411578196,38.77577588083993,22.40579176505797,80.2309515867141,negative_cross,toward_S1,3.7266926208729414
5,gle350,2024-03-29 21:48:59+00:00,40.288275,-88.126506,55.23643420856014,798.0,-10.235918905292792,rs2,26.492541548093573,28.699157752548707,2.206616204455134,4,26.492541548093573,28.699157752548707,2.206616204455134,80.2309515867141,negative_cross,toward_S1,3.537138567071223
5,gle350,2024-03-29 21:49:00+00:00,40.288371,-88.126503,44.55886805494437,799.0,-10.677566153615771,rs5,18.3272179230192,37.101587776097,18.774369853077797,3,18.3272179230192,37.101587776097,18.774369853077797,26.33125891160298,negative_cross,toward_S1,3.337548317469285
5,gle350,2024-03-29 21:49:01+00:00,40.288473,-88.1265,33.214240899076216,800.0,-11.344627155868153,rs5,8.214089437164253,33.64011044474509,25.426021007580836,3,8.214089437164253,48.40670382285392,40.192614385689666,26.33125891160298,negative_cross,toward_S1,3.1274626293976526
5,gle350,2024-03-29 21:49:02+00:00,40.288578,-88.126491,21.52690298603568,801.0,-11.687337913040537,rs5,8.125291115802654,32.47633352471408,24.351042408911425,3,8.125291115802654,48.721264949305,40.59597383350235,26.33125891160298,negative_cross,toward_S1,2.9110304458228278
5,gle350,2024-03-29 21:49:03+00:00,40.288689,-88.126474,9.160263728514389,802.0,-12.36663925752129,rs5,19.274413523467757,35.09784349552151,15.823429972053752,3,19.274413523467757,36.54320036085307,17.268786837385314,26.33125891160298,negative_cross,toward_S1,2.6820186077205816
5,gle350,2024-03-29 21:49:04+00:00,40.288805,-88.126456,-3.7637897408173844,803.0,-12.924053469331774,rs7,24.097996230653482,31.957970402651853,7.8599741719983705,2,24.097996230653482,31.957970402651853,7.8599741719983705,-27.632700444717127,negative_cross,toward_S1,2.4420168648870324
5,gle350,2024-03-29 21:49:05+00:00,40.288926,-88.126443,-17.236077162358608,804.0,-13.472287421541225,rs7,12.092691048892094,29.53702208642933,17.44433103753724,2,12.092691048892094,45.262510825962636,33.16981977707054,-27.632700444717127,negative_cross,toward_S1,2.192530060784417
5,gle350,2024-03-29 21:49:06+00:00,40.289051,-88.126442,-31.134711404997184,805.0,-13.898634242638575,rs7,8.032622200490238,27.732575095776543,19.699952895286305,2,8.032622200490238,47.386411255443655,39.35378905495342,-27.632700444717127,negative_cross,toward_S1,1.9351479451799989
5,gle350,2024-03-29 21:49:07+00:00,40.289184,-88.126442,-45.92123027285381,806.0,-14.786518867856628,rs7,20.02096822563605,32.640517840881,12.619549615244953,2,20.02096822563605,32.640517840881,12.619549615244953,-27.632700444717127,negative_cross,toward_S1,1.6613235217011724
5,gle350,2024-03-29 21:49:08+00:00,40.289311,-88.12644,-60.04374822499174,807.0,-14.122517952137926,rs10,18.65919185481285,32.88626351838468,14.22707166357183,1,18.65919185481285,33.65831123370676,14.999119378893912,-78.92951005359993,negative_cross,toward_S1,1.349736330159411
5,gle350,2024-03-29 21:49:09+00:00,40.289425,-88.126437,-72.7224973837847,808.0,-12.67874915879296,rs10,6.708326120703853,27.329731140412797,20.621405019708945,1,6.708326120703853,46.16744446700473,39.459118346300876,-78.92951005359993,negative_cross,toward_S1,1.1149446790706523
5,gle350,2024-03-29 21:49:10+00:00,40.289523,-88.126431,-83.62700733343353,809.0,-10.904509949648826,rs10,6.617900155742676,26.47995882442936,19.862058668686686,1,6.617900155742676,57.0217236540803,50.40382349833762,-78.92951005359993,negative_cross,toward_S1,0.9130093096327111
5,gle350,2024-03-29 21:49:11+00:00,40.289598,-88.126416,-91.98822049562496,810.0,-8.361213162191433,rs10,14.574023534708834,27.972644714714715,13.39862118000588,1,14.574023534708834,65.45967556443739,50.885652029728554,-78.92951005359993,negative_cross,toward_S1,0.7581720288513883
5,gle350,2024-03-29 21:49:12+00:00,40.289648,-88.126372,-97.6143840620673,811.0,-5.626163566442344,rs10,21.16550710918767,28.033368197160762,6.867861087973093,1,21.16550710918767,71.54935606064346,50.38384895145579,-78.92951005359993,negative_cross,toward_S1,0.6539838146580116
5,gle350,2024-03-29 21:49:13+00:00,40.289677,-88.126309,-100.9349049372318,812.0,-3.3205208751645046,rs10,26.595904059498007,26.810579155775752,0.21467509627774461,1,26.595904059498007,74.81481806024247,48.21891400074446,-78.92951005359993,negative_cross,toward_S1,0.5924926873401504
5,gle350,2024-03-29 21:49:14+00:00,40.289675,-88.126237,-100.8227143576607,813.0,0.11219057957110579,rs8,23.544406690241445,30.182376841160416,6.637970150918971,1,23.544406690241445,73.51010927241735,49.96570258217591,-78.92951005359993,positive_cross,ambiguous,0.5945702906655412
5,gle350,2024-03-29 21:49:15+00:00,40.289645,-88.126185,-97.56697157909102,814.0,3.255742778569683,rs8,18.88483231690539,31.22655913345415,12.34172681654876,1,18.88483231690539,69.7069207661368,50.822088449231416,-78.92951005359993,positive_cross,toward_S4,0.6548618236020168
5,gle350,2024-03-29 21:49:16+00:00,40.2896,-88.126164,-92.59614496772896,815.0,4.970826611362057,rs8,13.586424535348401,30.06911005005735,16.482685514708947,1,13.586424535348401,64.58687343422876,51.000448898880364,-78.92951005359993,positive_cross,toward_S4,0.7469141682568697
5,gle350,2024-03-29 21:49:17+00:00,40.289549,-88.126162,-86.92918654027396,816.0,5.6669584274550004,rs8,8.153583705252181,28.09060584648762,19.93702214123544,1,8.153583705252181,58.914798394180885,50.7612146889287,-78.92951005359993,positive_cross,toward_S4,0.8518578428393697
5,gle350,2024-03-29 21:49:18+00:00,40.289488,-88.12617,-80.13515934773788,817.0,6.794027192536078,rs8,3.996613277798519,26.249573537727873,22.252960259929353,1,3.996613277798519,52.199101447551406,48.20248816975289,-78.92951005359993,positive_cross,toward_S4,0.9776731612196675
5,gle350,2024-03-29 21:49:19+00:00,40.289411,-88.12617,-71.57454316125033,818.0,8.56061618648755,rs8,8.803990699014824,27.19776984077143,18.393779141756603,1,8.803990699014824,43.67188383979773,34.867893140782904,-78.92951005359993,positive_cross,toward_S4,1.1362030905990665
5,gle350,2024-03-29 21:49:20+00:00,40.28932,-88.126169,-61.45898134650244,819.0,10.115561814747892,rs8,18.404016494743487,31.515070106803996,13.111053612060509,1,18.404016494743487,33.60754749280417,15.203530998060685,-78.92951005359993,positive_cross,toward_S4,1.3235283093906942
5,gle350,2024-03-29 21:49:21+00:00,40.289218,-88.126173,-50.11282414857413,820.0,11.346157197928314,rs6,22.47530526996922,29.639337857051526,7.164032587082307,2,22.47530526996922,29.639337857051526,7.164032587082307,-27.632700444717127,positive_cross,toward_S4,1.583701412891537
5,gle350,2024-03-29 21:49:22+00:00,40.289106,-88.126176,-37.656428657198624,821.0,12.456395491375503,rs6,10.733082000320108,31.2252099419241,20.49212794160399,2,10.733082000320108,42.034619167628904,31.301537167308794,-27.632700444717127,positive_cross,toward_S4,1.8143754034725648
5,gle350,2024-03-29 21:49:23+00:00,40.288987,-88.126172,-24.432505631193454,822.0,13.22392302600517,rs6,5.924795061111505,30.055338703822684,24.13054364271118,2,5.924795061111505,50.41900562495736,44.494210563845854,-27.632700444717127,positive_cross,toward_S4,2.059262866917105
5,gle350,2024-03-29 21:49:24+00:00,40.288857,-88.126167,-9.987167478449061,823.0,14.445338152744393,rs6,18.651398055202524,35.05663405320326,16.405235998000737,2,18.651398055202524,36.00510986073955,17.353711805537028,-27.632700444717127,positive_cross,toward_S4,2.326769129004964
5,gle350,2024-03-29 21:49:25+00:00,40.288722,-88.126163,5.015584885337588,824.0,15.002752363786648,rs3,21.132293233670282,33.4127071822685,12.280413948598216,3,21.132293233670282,33.4127071822685,12.280413948598216,26.33125891160298,positive_cross,toward_S4,2.6052652958099003
5,gle350,2024-03-29 21:49:26+00:00,40.288586,-88.126161,20.13257416815996,825.0,15.11698928282237,rs3,6.933305051619801,34.64137270007775,27.708067648457952,3,6.933305051619801,48.45682814972959,41.52352309810979,26.33125891160298,positive_cross,toward_S4,2.8852095417880923
5,gle350,2024-03-29 21:49:27+00:00,40.288447,-88.126163,35.589214124034406,826.0,15.456639955874447,rs3,10.796734902970933,35.112123821726094,24.31538891875516,3,10.796734902970933,43.71936245527862,32.92262755230769,26.33125891160298,positive_cross,toward_S4,3.1714436150450265
5,gle350,2024-03-29 21:49:28+00:00,40.288311,-88.126165,50.712323578365954,827.0,15.123109454331548,rs3,25.42370927788249,28.721320483620676,3.2976112057381854,3,25.42370927788249,28.721320483620676,3.2976112057381854,26.33125891160298,positive_cross,toward_S4,3.4515011975326475
5,gle350,2024-03-29 21:49:29+00:00,40.288181,-88.126168,65.16990207412869,828.0,14.457578495762732,rs1,14.665129261303774,36.47665482946856,21.811525568164782,4,14.665129261303774,39.76815608949627,25.103026828192498,80.2309515867141,positive_cross,toward_S4,3.721091675692863
5,gle350,2024-03-29 21:49:30+00:00,40.288068,-88.126175,77.74359457030536,829.0,12.573692496176676,rs1,5.336834762852808,32.4846797221855,27.147844959332687,4,5.336834762852808,52.325910075984226,46.989075313131416,80.2309515867141,positive_cross,toward_S4,3.953937833029468
5,gle350,2024-03-29 21:49:31+00:00,40.287976,-88.126188,87.99175381861652,830.0,10.248159248311154,rs1,10.853096042019981,32.029542967984106,21.176446925964125,4,10.853096042019981,62.617881097931665,51.76478505591169,80.2309515867141,positive_cross,toward_S4,4.143718559850044
5,gle350,2024-03-29 21:49:32+00:00,40.287908,-88.126217,95.59614974630304,831.0,7.604395927686525,rs1,18.599890825299024,32.29514932136582,13.695258496066796,4,18.599890825299024,70.41379980551747,51.81390898021844,80.2309515867141,positive_cross,toward_S4,4.284540706659055
5,gle350,2024-03-29 21:49:33+00:00,40.287863,-88.126276,100.68937978773981,832.0,5.093230041436769,rs1,25.452663595712988,30.853001131316553,5.400337535603565,4,25.452663595712988,76.13447010309947,50.68180650738648,80.2309515867141,positive_cross,toward_S4,4.378859781500476
5,gle350,2024-03-29 21:49:34+00:00,40.287838,-88.12635,103.58202380049332,833.0,2.8926440127535074,rs2,28.46174352800934,31.40962691815853,2.9478833901491903,4,28.46174352800934,78.98706170055969,50.52531817255036,80.2309515867141,negative_cross,toward_S4,4.432427263218134
5,gle350,2024-03-29 21:49:35+00:00,40.287847,-88.126428,102.70077564260899,834.0,-0.881248157884329,rs2,24.05131211480047,35.32250391868462,11.271191803884147,4,24.05131211480047,76.7539028256031,52.70259071080264,80.2309515867141,negative_cross,toward_S1,4.416107852886943
5,gle350,2024-03-29 21:49:36+00:00,40.287885,-88.126489,98.56938858104962,835.0,-4.131387061559366,rs2,18.145182182275885,37.0363207131409,18.891138530865017,4,18.145182182275885,71.94502496999293,53.79984278771704,80.2309515867141,negative_cross,toward_S1,4.3396006850802875
5,gle350,2024-03-29 21:49:37+00:00,40.287939,-88.126516,92.60715072472509,836.0,-5.962237856324535,rs2,11.72710892213301,36.477799691201646,24.750690769068637,4,11.72710892213301,65.78643723904,54.059328316906985,80.2309515867141,negative_cross,toward_S1,4.229188872926129
5,gle350,2024-03-29 21:49:38+00:00,40.287999,-88.126517,85.93807075220462,837.0,-6.669079972520464,rs2,5.630269938416984,34.75211843504763,29.121848496630644,4,5.630269938416984,59.12062179523891,53.490351856821924,80.2309515867141,negative_cross,toward_S1,4.105687391953528
5,gle350,2024-03-29 21:49:39+00:00,40.288066,-88.126509,78.47698255820613,838.0,-7.461088193998492,rs2,4.939292903808798,33.51591689376717,28.57662398995837,4,4.939292903808798,51.741772687174986,46.80247978336619,80.2309515867141,negative_cross,toward_S1,3.9675190920646672
5,gle350,2024-03-29 21:49:40+00:00,40.288147,-88.126506,69.46706890826809,839.0,-9.009913649938042,rs2,12.648007324967717,34.758297657255625,22.11029033228791,4,12.648007324967717,42.802234196065015,30.1542268710973,80.2309515867141,negative_cross,toward_S1,3.800668839288037
5,gle350,2024-03-29 21:49:41+00:00,40.288241,-88.126504,59.01338646494164,840.0,-10.45368244332645,rs2,22.800216340998187,32.459391583779535,9.659175242781348,4,22.800216340998187,32.459391583779535,9.659175242781348,80.2309515867141,negative_cross,toward_S1,3.607082127374584
5,gle350,2024-03-29 21:49:42+00:00,40.288346,-88.126503,47.33828889489771,841.0,-11.675097570043931,rs5,21.014273211142424,34.34316562945836,13.328892418315938,3,21.014273211142424,34.34316562945836,13.328892418315938,26.33125891160298,negative_cross,toward_S1,3.3890190737647172
5,gle350,2024-03-29 21:49:43+00:00,40.288456,-88.126503,35.108837199576975,842.0,-12.229451695320734,rs5,9.59870694393472,34.329956326610585,24.731249382675863,3,9.59870694393472,46.50004032194552,36.9013333780108,26.33125891160298,negative_cross,toward_S1,3.1625477460735927
5,gle350,2024-03-29 21:49:44+00:00,40.288566,-88.126498,22.871735289085244,843.0,-12.237101910491731,rs5,6.820491268017096,32.90213841723481,26.081647149217712,3,6.820491268017096,50.02378684326483,43.203295575247736,26.33125891160298,negative_cross,toward_S1,2.935934747731153
5,gle350,2024-03-29 21:49:45+00:00,40.288676,-88.126485,10.622393036386875,844.0,-12.24934225269837,rs5,17.581627857320285,35.2548370983025,17.673209240982217,3,17.581627857320285,37.88610863122844,20.304480773908153,26.33125891160298,negative_cross,toward_S1,2.709095076384887
5,gle350,2024-03-29 21:49:46+00:00,40.288789,-88.126466,-1.969659974317335,845.0,-12.592053010704209,rs7,25.651926679972973,30.012686420385773,4.360759740412799,2,25.651926679972973,30.012686420385773,4.360759740412799,-27.632700444717127,negative_cross,toward_S1,2.4752414901925888
5,gle350,2024-03-29 21:49:47+00:00,40.288903,-88.126451,-14.666769646804374,846.0,-12.69710967248704,rs7,13.953264938064924,31.155084424921334,17.201819486856408,2,13.953264938064924,42.6173648689342,28.664099930869277,-27.632700444717127,negative_cross,toward_S1,2.2401098295909767
5,gle350,2024-03-29 21:49:48+00:00,40.289019,-88.126443,-27.575522687395825,847.0,-12.908753040591451,rs7,6.909969030355475,27.60821926773798,20.698250237382503,2,6.909969030355475,50.933223280022645,44.02325424966717,-27.632700444717127,negative_cross,toward_S1,2.0010588473578017
5,gle350,2024-03-29 21:49:49+00:00,40.289138,-88.126441,-40.80862597065389,848.0,-13.233103283258068,rs7,15.368844738488166,30.396378537084576,15.02753379859641,2,15.368844738488166,37.74357357339427,22.374728834906108,-27.632700444717127,negative_cross,toward_S1,1.7560013791493192
5,gle350,2024-03-29 21:49:50+00:00,40.289261,-88.126442,-54.4818464601313,849.0,-13.673220489477409,rs10,24.129851284154572,28.206248025696542,4.07639674154197,1,24.129851284154572,28.206248025696542,4.07639674154197,-78.92951005359993,negative_cross,toward_S1,1.4527345109901597
5,gle350,2024-03-29 21:49:51+00:00,40.289377,-88.126442,-67.37835915691444,850.0,-12.896512696783141,rs10,11.460824006554194,29.42134338360573,17.960519377051536,1,11.460824006554194,40.832025388261,29.371201381706808,-78.92951005359993,negative_cross,toward_S1,1.213910201790472
5,gle350,2024-03-29 21:49:52+00:00,40.289476,-88.126439,-78.38945581123967,851.0,-11.011096654325229,rs10,3.3936990768698703,26.766947466963153,23.37324839009328,1,3.3936990768698703,51.750507109583324,48.35680803271345,-78.92951005359993,negative_cross,toward_S1,1.0100010044881529
5,gle350,2024-03-29 21:49:53+00:00,40.289558,-88.126418,-87.53808706627184,852.0,-9.148631255032171,rs10,10.476936743424423,26.376266925973255,15.899330182548832,1,10.476936743424423,61.03255930459323,50.5556225611688,-78.92951005359993,negative_cross,toward_S1,0.8405819071727423
5,gle350,2024-03-29 21:49:54+00:00,40.289614,-88.126366,-93.84355197717325,853.0,-6.3054649109014065,rs10,18.087866821904687,25.2815857925211,7.193718970616413,1,18.087866821904687,67.93208665942073,49.84421983751605,-78.92951005359993,negative_cross,toward_S1,0.7238140384523459
5,gle350,2024-03-29 21:49:55+00:00,40.289639,-88.126299,-96.72548568980196,854.0,-2.881933712628708,rs8,22.960179081819792,23.69620157694826,0.7360224951284664,1,22.960179081819792,70.50488485898205,47.544705777162264,-78.92951005359993,positive_cross,toward_S1,0.6704448956258884
5,gle350,2024-03-29 21:49:56+00:00,40.289633,-88.126225,-96.17164786113966,855.0,0.5538378286622958,rs8,18.89012491809489,27.729907781985105,8.839782863890214,1,18.89012491809489,68.7438387635576,49.853713845462714,-78.92951005359993,positive_cross,toward_S4,0.6807011517122272
5,gle350,2024-03-29 21:49:57+00:00,40.289594,-88.126172,-91.91684362326994,856.0,4.25480423786972,rs8,13.137823950793367,29.16136377763831,16.023539826844946,1,13.137823950793367,63.96615792386864,50.828333973075274,-78.92951005359993,positive_cross,toward_S4,0.7594938227838887
5,gle350,2024-03-29 21:49:58+00:00,40.28954,-88.126154,-85.94083538107698,857.0,5.976008242192961,rs8,6.968271836825598,28.47490909928743,21.506637262461833,1,6.968271836825598,57.87566142554305,50.90738958871745,-78.92951005359993,positive_cross,toward_S4,0.8701606420837583
5,gle350,2024-03-29 21:49:59+00:00,40.289481,-88.126162,-79.36916185598005,858.0,6.5716735250969265,rs8,3.2591482621257164,26.90044131369702,23.641293051571303,1,3.2591482621257164,51.36916015613682,48.11001189401111,-78.92951005359993,positive_cross,toward_S4,0.9918582999559236
5,gle350,2024-03-29 21:50:00+00:00,40.289411,-88.126163,-71.58525346137507,859.0,7.783908394604978,rs8,8.554941752791839,27.77068061962601,19.215738866834172,1,8.554941752791839,43.61542770569093,35.060485952899086,-78.92951005359993,positive_cross,toward_S4,1.1360047517078677
5,gle350,2024-03-29 21:50:01+00:00,40.289325,-88.126163,-62.024045771903985,860.0,9.56120768947109,rs8,17.757756227549713,31.642276443197094,13.884520215647381,1,17.757756227549713,34.0978035712272,16.34004734367749,-78.92951005359993,positive_cross,toward_S4,1.3130641533647396
5,gle350,2024-03-29 21:50:02+00:00,40.289225,-88.126161,-50.90942249864603,861.0,11.114623273257955,rs6,23.052879707671714,28.73863633380545,5.685756626133735,2,23.052879707671714,28.73863633380545,5.685756626133735,-27.632700444717127,positive_cross,toward_S4,1.5689495915939091
5,gle350,2024-03-29 21:50:03+00:00,40.289114,-88.126159,-38.5718540549653,862.0,12.33756844368073,rs6,10.987355479035699,32.8798131207619,21.892457641726203,2,10.987355479035699,41.01915135644176,30.03179587740606,-27.632700444717127,positive_cross,toward_S4,1.7974230812917005
5,gle350,2024-03-29 21:50:04+00:00,40.288995,-88.126158,-25.343340900322804,863.0,13.228513154642496,rs6,4.441868197772424,31.159762223844236,26.71789402607181,2,4.441868197772424,51.2005584713391,46.75869027356668,-27.632700444717127,positive_cross,toward_S4,2.042395547118413
5,gle350,2024-03-29 21:50:06+00:00,40.288869,-88.126157,-11.3365899101142,865.0,7.003375495104303,rs6,17.168248365726313,35.15546342039189,17.987215054665576,2,17.168248365726313,37.23289337389806,20.064645008171745,-27.632700444717127,positive_cross,toward_S4,2.301779824714869
5,gle350,2024-03-29 21:50:07+00:00,40.288738,-88.126156,3.226045247431368,866.0,14.562635157545568,rs3,22.772968477615535,31.578829419237064,8.805860941621528,3,22.772968477615535,31.578829419237064,8.805860941621528,26.33125891160298,positive_cross,toward_S4,2.572125672885711
5,gle350,2024-03-29 21:50:08+00:00,40.288603,-88.126156,18.234917782705452,867.0,15.008872535274083,rs3,8.327327749258798,35.44698052744559,27.11965277818679,3,8.327327749258798,46.54004991105773,38.21272216179893,26.33125891160298,positive_cross,toward_S4,2.850067756872268
5,gle350,2024-03-29 21:50:09+00:00,40.288465,-88.12616,33.583440990219906,868.0,15.348523207514454,rs3,8.8775479690411,34.89255375223743,26.015005783196333,3,8.8775479690411,45.69048101001711,36.812933040976006,26.33125891160298,positive_cross,toward_S4,3.1342996681225355
5,gle350,2024-03-29 21:50:10+00:00,40.288328,-88.126161,48.81619723578329,869.0,15.232756245563387,rs3,23.50264726148534,30.546106648185148,7.0434593866998085,3,23.50264726148534,30.546106648185148,7.0434593866998085,26.33125891160298,positive_cross,toward_S4,3.4163877467440797
5,gle350,2024-03-29 21:50:11+00:00,40.288198,-88.126167,63.278365860161614,870.0,14.462168624378322,rs1,16.449260478446543,37.40409192655117,20.954831448104624,4,16.449260478446543,37.880916207305475,21.43165572885893,80.2309515867141,positive_cross,toward_S4,3.686063227286065
5,gle350,2024-03-29 21:50:12+00:00,40.288084,-88.126177,75.96782531907932,871.0,12.68945945891771,rs1,6.188510023196635,32.536148214825204,26.34763819162857,4,6.188510023196635,50.574028603502626,44.38551858030599,80.2309515867141,positive_cross,toward_S4,3.9210532172660226
5,gle350,2024-03-29 21:50:13+00:00,40.287991,-88.12619,86.32716140070423,872.0,10.359336081624903,rs1,9.651281540247812,31.53393283981158,21.88265129956377,4,9.651281540247812,60.97668484901227,51.325403308764464,80.2309515867141,positive_cross,toward_S4,4.112892774333151
5,gle350,2024-03-29 21:50:14+00:00,40.287917,-88.12622,94.60014837274674,873.0,8.272986972042517,rs1,17.84859882560088,31.62317883308536,13.774580007484477,4,17.84859882560088,69.45395066077711,51.60535183517623,80.2309515867141,positive_cross,toward_S4,4.266096236778383
5,gle350,2024-03-29 21:50:15+00:00,40.287866,-88.126273,100.3512591583713,874.0,5.751110785624562,rs1,25.034420549587406,30.839109458288895,5.80468890870149,4,25.034420549587406,75.76017240913094,50.725751859543536,80.2309515867141,positive_cross,toward_S4,4.372598288364022
5,gle350,2024-03-29 21:50:16+00:00,40.287843,-88.126347,103.02154950370733,875.0,2.670290345336028,rs2,28.184550683159173,30.81918160669191,2.634630923532736,4,28.184550683159173,78.50460376629003,50.32005308313086,80.2309515867141,negative_cross,toward_S4,4.422048109573948
5,gle350,2024-03-29 21:50:17+00:00,40.287853,-88.126424,102.02759446963739,876.0,-0.9939550340699412,rs2,23.617071793981484,34.62926486086065,11.012193066879167,4,23.617071793981484,76.14566013621841,52.52858834223693,80.2309515867141,negative_cross,toward_S1,4.4036415348689495
5,gle350,2024-03-29 21:50:18+00:00,40.287892,-88.126482,97.78044044612695,877.0,-4.247154023510447,rs2,17.61080392493627,36.12908837300335,18.518284448067078,4,17.61080392493627,71.22389915124701,53.61309522631074,80.2309515867141,negative_cross,toward_S1,4.324990534433571
5,gle350,2024-03-29 21:50:19+00:00,40.287947,-88.126507,91.70396566997677,878.0,-6.076474776150178,rs2,11.141075493092318,35.45197564061491,24.310900147522595,4,11.141075493092318,64.94914168145726,53.80806618836495,80.2309515867141,negative_cross,toward_S1,4.212463223764123
5,gle350,2024-03-29 21:50:20+00:00,40.288009,-88.126508,84.81253203001711,879.0,-6.891433639959658,rs2,5.3354203603612405,33.812850884926114,28.477430524564873,4,5.3354203603612405,58.066590130941,52.73116977057976,80.2309515867141,negative_cross,toward_S1,4.084844082283389
5,gle350,2024-03-29 21:50:21+00:00,40.28808,-88.126507,76.91744680212014,880.0,-7.8950852278969705,rs2,6.103057997505852,33.436059615391166,27.333001617885316,4,6.103057997505852,50.206423731397415,44.103365733891565,80.2309515867141,negative_cross,toward_S1,3.9386388002852972
5,gle350,2024-03-29 21:50:22+00:00,40.288161,-88.126508,67.91365332366955,881.0,-9.00379347845059,rs2,14.074165504390796,35.404802095957095,21.330636591566297,4,14.074165504390796,41.235858175981306,27.161692671590508,80.2309515867141,negative_cross,toward_S1,3.7719018840176934
5,gle350,2024-03-29 21:50:23+00:00,40.288254,-88.126509,57.57573784229415,882.0,-10.337915481375397,rs2,24.146526756897266,30.96622018473612,6.819693427838853,4,24.146526756897266,30.96622018473612,6.819693427838853,80.2309515867141,negative_cross,toward_S1,3.580459004732964
5,gle350,2024-03-29 21:50:24+00:00,40.288357,-88.126504,46.1168737681585,883.0,-11.458864074135654,rs5,19.80735907339508,35.545794083530566,15.738435010135486,3,19.80735907339508,35.545794083530566,15.738435010135486,26.33125891160298,negative_cross,toward_S1,3.3664002751213986
5,gle350,2024-03-29 21:50:25+00:00,40.288469,-88.126495,33.651298019551845,884.0,-12.465575748606653,rs5,8.827801696051704,33.321987155573694,24.49418545952199,3,8.827801696051704,48.00792766389384,39.18012596784213,26.33125891160298,negative_cross,toward_S1,3.135556279776831
5,gle350,2024-03-29 21:50:26+00:00,40.288588,-88.126483,20.40289430750997,885.0,-13.248403712041874,rs5,9.379659204058274,31.987090564944644,22.60743136088637,3,9.379659204058274,47.656010704521314,38.276351500463036,26.33125891160298,negative_cross,toward_S1,2.890215470294574
5,gle350,2024-03-29 21:50:27+00:00,40.288838,-88.126453,-7.43721537749795,886.0,-27.84010968500792,rs7,20.62739036141309,34.94778948926689,14.320399127853797,2,20.62739036141309,35.559495009057144,14.932104647644053,-27.632700444717127,negative_cross,toward_S1,2.3739904642077625
5,gle350,2024-03-29 21:50:28+00:00,40.288965,-88.126445,-21.56891358688877,887.0,-14.13169820939082,rs7,8.750243569945908,28.45272733163041,19.7024837616845,2,8.750243569945908,49.46517195646772,40.71492838652181,-27.632700444717127,negative_cross,toward_S1,2.1122923492190435
5,gle350,2024-03-29 21:50:29+00:00,40.289091,-88.12644,-35.58484483435027,888.0,-14.015931247461502,rs7,11.047531847958568,28.45808542317312,17.41055357521455,2,11.047531847958568,42.960877860923304,31.913346012964737,-27.632700444717127,negative_cross,toward_S1,1.8527380668586455
5,gle350,2024-03-29 21:50:30+00:00,40.289217,-88.126438,-49.59618595319619,889.0,-14.01134111884592,rs7,23.598951393290225,29.027921935307862,5.4289705420176375,2,23.598951393290225,29.027921935307862,5.4289705420176375,-27.632700444717127,negative_cross,toward_S1,1.5932687868800173
5,gle350,2024-03-29 21:50:32+00:00,40.289444,-88.126437,-74.83485722227566,891.0,-12.619335634539734,rs10,5.044312229235329,26.919840863650933,21.875528634415602,1,5.044312229235329,48.254562087416026,43.210249858180696,-78.92951005359993,negative_cross,toward_S1,1.0758269042837827
5,gle350,2024-03-29 21:50:33+00:00,40.289534,-88.126431,-84.84995250304459,892.0,-10.015095280768932,rs10,7.619595368871569,26.718876876156504,19.099281507284935,1,7.619595368871569,58.2336146542788,50.61401928540723,-78.92951005359993,negative_cross,toward_S1,0.8903621768621358
5,gle350,2024-03-29 21:50:34+00:00,40.289607,-88.1264,-93.0132926838335,893.0,-8.163340180788907,rs10,16.028210929500847,27.27338803970307,11.245177110202224,1,16.028210929500847,66.65221401798203,50.62400308848119,-78.92951005359993,negative_cross,toward_S1,0.7391892105512301
5,gle350,2024-03-29 21:50:35+00:00,40.289659,-88.126353,-98.86640004633064,894.0,-5.853107362497141,rs10,22.981026752695218,27.699364155232207,4.718337402536989,1,22.981026752695218,73.05659256720372,50.07556581450851,-78.92951005359993,negative_cross,toward_S1,0.6307983334679498
5,gle350,2024-03-29 21:50:36+00:00,40.289682,-88.126281,-101.5336303059012,895.0,-2.667230259570559,rs8,25.96487069597256,28.40202498022829,2.4371542842557297,1,25.96487069597256,74.8818166541888,48.91694595821623,-78.92951005359993,positive_cross,toward_S1,0.5814051805129394
5,gle350,2024-03-29 21:50:37+00:00,40.289672,-88.126205,-100.5381452289594,896.0,0.9954850769418044,rs8,22.25397160903487,31.86187593959367,9.6079043305588,1,22.25397160903487,72.85343652202204,50.599464912987166,-78.92951005359993,positive_cross,toward_S4,0.5998400893451951
5,gle350,2024-03-29 21:50:38+00:00,40.28963,-88.126156,-95.9436903188493,897.0,4.5944549101100876,rs8,16.711377765966276,32.31087803039657,15.599500264430297,1,16.711377765966276,67.88180483002947,51.17042706406319,-78.92951005359993,positive_cross,toward_S4,0.6849225876805671
5,gle350,2024-03-29 21:50:39+00:00,40.289575,-88.126149,-89.83967477091872,898.0,6.104015547930587,rs8,10.587919432903862,30.081317878795016,19.493398445891152,1,10.587919432903862,61.743629044115124,51.155709611211265,-78.92951005359993,positive_cross,toward_S4,0.7979599126422445
5,gle350,2024-03-29 21:50:40+00:00,40.28952,-88.126164,-83.70199828051022,899.0,6.137676490408495,rs8,5.4590520189226135,27.167626011098875,21.708573992176262,1,5.4590520189226135,55.70795045232253,50.248898433399916,-78.92951005359993,positive_cross,toward_S4,0.91162058839055
5,gle350,2024-03-29 21:50:41+00:00,40.289457,-88.126174,-76.68255733481294,900.0,7.0194409456972835,rs8,5.088550617531204,25.963878623195818,20.875328005664613,1,5.088550617531204,48.79660718573249,43.708056568201286,-78.92951005359993,positive_cross,toward_S4,1.0416102355330923
5,gle350,2024-03-29 21:50:42+00:00,40.28938,-88.126182,-68.10970080532881,901.0,8.572856529484127,rs8,12.359472567932611,27.371439497003344,15.011966929070732,1,12.359472567932611,40.36846631030918,28.008993742376568,-78.92951005359993,positive_cross,toward_S4,1.2003668379309465
5,gle350,2024-03-29 21:50:43+00:00,40.289287,-88.126182,-57.77025528108155,902.0,10.33944552424726,rs8,22.226201678544165,30.15212605389049,7.925924375346327,1,22.226201678544165,30.15212605389049,7.925924375346327,-78.92951005359993,positive_cross,toward_S4,1.391838051342933
5,gle350,2024-03-29 21:50:44+00:00,40.28918,-88.126176,-45.883514343744906,903.0,11.886740937336647,rs6,18.43024073555175,33.86122487129516,15.430984135743408,2,18.43024073555175,33.86122487129516,15.430984135743408,-27.632700444717127,positive_cross,toward_S4,1.662021964832819
5,gle350,2024-03-29 21:50:45+00:00,40.289064,-88.126168,-32.999241989958364,904.0,12.884272353786542,rs6,6.46545278477515,30.71087683686895,24.245424052093803,2,6.46545278477515,46.62279674316907,40.157343958393916,-27.632700444717127,positive_cross,toward_S4,1.9006196010140513
5,gle350,2024-03-29 21:50:46+00:00,40.288937,-88.126159,-18.8935545086644,905.0,14.105687481293963,rs6,9.919015526397018,32.19338967867862,22.274374152281602,2,9.919015526397018,44.77815714754177,34.85914162114475,-27.632700444717127,positive_cross,toward_S4,2.1618360358528284
5,gle350,2024-03-29 21:50:47+00:00,40.288804,-88.126155,-4.113155812316948,906.0,14.780398696347454,rs6,24.27763904240555,30.02902607866133,5.751387036255782,2,24.27763904240555,30.02902607866133,5.751387036255782,-27.632700444717127,positive_cross,toward_S4,2.4355471228222254
5,gle350,2024-03-29 21:50:48+00:00,40.288667,-88.126153,11.115010304630871,907.0,15.228166116947818,rs3,14.976198996826483,37.96484235003521,22.98864335320873,3,14.976198996826483,39.421967128219244,24.44576813139276,26.33125891160298,positive_cross,toward_S4,2.7182176183894056
5,gle350,2024-03-29 21:50:49+00:00,40.288527,-88.126151,26.6767069214982,908.0,15.56169661686733,rs3,3.4407541355301787,34.91400187000259,31.473247734472416,3,3.4407541355301787,52.5138747009418,49.07312056541162,26.33125891160298,positive_cross,toward_S4,3.00639718536843
5,gle350,2024-03-29 21:50:50+00:00,40.288389,-88.126153,42.022170043268936,909.0,15.345463121770734,rs3,16.712693525904523,37.21761300769566,20.504919481791138,3,16.712693525904523,37.21761300769566,20.504919481791138,26.33125891160298,positive_cross,toward_S4,3.290572428364184
5,gle350,2024-03-29 21:50:51+00:00,40.288256,-88.126158,56.816339126296555,910.0,14.794169083027619,rs1,22.586443601851343,31.3848612011964,8.798417599345058,4,22.586443601851343,31.3848612011964,8.798417599345058,80.2309515867141,positive_cross,toward_S4,3.5663960655478233
5,gle350,2024-03-29 21:50:52+00:00,40.288134,-88.126167,70.39368321041056,911.0,13.577344084114003,rs1,9.793632498052911,34.632130419061774,24.838497921008862,4,9.793632498052911,44.95407175300842,35.160439254955506,80.2309515867141,positive_cross,toward_S4,3.8178283634017864
5,gle350,2024-03-29 21:50:53+00:00,40.288034,-88.126178,81.52819704106793,912.0,11.134513830657369,rs1,5.926759256127698,32.08616273422683,26.159403478099133,4,5.926759256127698,56.11402214393126,50.18726288780356,80.2309515867141,positive_cross,toward_S4,4.024023063969516
5,gle350,2024-03-29 21:50:54+00:00,40.287955,-88.126196,90.3387076675215,913.0,8.810510626453578,rs1,13.176410978452614,31.978340735822986,18.801929757370374,4,13.176410978452614,65.01245038054292,51.8360394020903,80.2309515867141,positive_cross,toward_S4,4.1871806681631005
5,gle350,2024-03-29 21:50:55+00:00,40.287895,-88.126244,97.08275974098042,914.0,6.744052073458917,rs1,20.994354293847678,30.998822287261,10.004467993413321,4,20.994354293847678,72.16770467656883,51.17335038272115,80.2309515867141,positive_cross,toward_S4,4.312070521375302
5,gle350,2024-03-29 21:50:56+00:00,40.287857,-88.126316,101.41764250422875,915.0,4.334882763248331,rs1,27.956854825553805,28.789383938091863,0.8325291125380581,4,27.956854825553805,77.47683145981303,49.51997663425922,80.2309515867141,positive_cross,toward_S4,4.392346128102123
5,gle350,2024-03-29 21:50:57+00:00,40.28785,-88.126401,102.32593398422893,916.0,0.9082914800001731,rs2,24.8857585583062,33.40010553584509,8.514346977538892,4,24.8857585583062,76.79941301950397,51.91365446119777,80.2309515867141,negative_cross,toward_S4,4.4091663406947195
5,gle350,2024-03-29 21:50:58+00:00,40.287877,-88.126475,99.43738264965823,917.0,-2.8885513345706926,rs2,19.381327674250553,36.49844512373804,17.117117449487484,4,19.381327674250553,72.94283181303675,53.56150413878619,80.2309515867141,negative_cross,toward_S1,4.35567464931378
5,gle350,2024-03-29 21:50:59+00:00,40.28793,-88.126519,93.61233235555602,918.0,-5.825050294102212,rs2,12.62254906119051,37.08150677093192,24.458957709741405,4,12.62254906119051,66.77114718520455,54.14859812401404,80.2309515867141,negative_cross,toward_S1,4.247803347571146
5,gle350,2024-03-29 21:51:00+00:00,40.287989,-88.126526,87.06360947358044,919.0,-6.5487228819755785,rs2,6.210763291736452,35.71765690784923,29.50689361611278,4,6.210763291736452,60.18643831154811,53.97567501981166,80.2309515867141,negative_cross,toward_S1,4.126530701608636
5,gle350,2024-03-29 21:51:01+00:00,40.288048,-88.126514,80.48581577697439,920.0,-6.577793696606051,rs2,3.6837925526522874,33.93136508058879,30.2475725279365,4,3.6837925526522874,53.70224497553161,50.01845242287933,80.2309515867141,negative_cross,toward_S1,4.004719707227043
5,gle350,2024-03-29 21:51:02+00:00,40.288113,-88.126509,73.25167137903065,921.0,-7.234144397943737,rs2,9.059610866890903,34.09724324774864,25.037632380857733,4,9.059610866890903,46.536548844765335,37.47693797787443,80.2309515867141,negative_cross,toward_S1,3.8707540702280845
5,gle350,2024-03-29 21:51:03+00:00,40.288191,-88.126507,64.57681827348564,922.0,-8.674853105545012,rs2,17.314902463609634,36.56683262377826,19.251930160168627,4,17.314902463609634,37.9323975616511,20.617495098041466,80.2309515867141,negative_cross,toward_S1,3.7101086423476213
5,gle350,2024-03-29 21:51:04+00:00,40.28828,-88.126509,54.68514016902706,923.0,-9.891678104458585,rs2,27.002775704490897,28.1087687417108,1.1059930372199034,4,27.002775704490897,28.1087687417108,1.1059930372199034,80.2309515867141,negative_cross,toward_S1,3.5269294181909805
5,gle350,2024-03-29 21:51:05+00:00,40.288378,-88.126511,43.79287056237486,924.0,-10.8922696066522,rs5,17.39730862684249,37.799799398031865,20.402490771189374,3,17.39730862684249,37.799799398031865,20.402490771189374,26.33125891160298,negative_cross,toward_S1,3.323363178717998
5,gle350,2024-03-29 21:51:06+00:00,40.288483,-88.126509,32.116242949459064,925.0,-11.676627612915794,rs5,6.873024210413049,34.1780158112315,27.304991600818447,3,6.873024210413049,49.44613631655581,42.57311210614276,26.33125891160298,negative_cross,toward_S1,3.1071293340343717
5,gle350,2024-03-29 21:51:07+00:00,40.288589,-88.126496,20.311608030805644,926.0,-11.80463491865342,rs5,8.705044460782386,33.09210536675548,24.387060905973097,3,8.705044460782386,47.47654349428824,38.77149903350585,26.33125891160298,negative_cross,toward_S1,2.888524983688938
5,gle350,2024-03-29 21:51:08+00:00,40.288696,-88.126475,8.383555935820127,927.0,-11.928052094985517,rs5,19.962082195935075,35.55530850470878,15.593226308773708,3,19.962082195935075,35.76003585336162,15.797953657426547,26.33125891160298,negative_cross,toward_S1,2.667635130078095
5,gle350,2024-03-29 21:51:09+00:00,40.288806,-88.126457,-3.873436531259275,928.0,-12.256992467079401,rs7,23.96969621592559,32.04086850038272,8.07117228445713,2,23.96969621592559,32.04086850038272,8.07117228445713,-27.632700444717127,negative_cross,toward_S1,2.439986368767738
5,gle350,2024-03-29 21:51:10+00:00,40.288919,-88.126447,-16.451719156073278,929.0,-12.578282624814003,rs7,12.559434176624006,30.137113018608197,17.57767884198419,2,12.559434176624006,44.427967086960585,31.86853291033658,-27.632700444717127,negative_cross,toward_S1,2.2070552090489604
5,gle350,2024-03-29 21:51:11+00:00,40.289033,-88.126443,-29.1319983577381,930.0,-12.680279201664824,rs7,7.173151567490842,27.64332528811698,20.47017372062614,2,7.173151567490842,49.37894512006982,42.20579355257898,-27.632700444717127,negative_cross,toward_S1,1.9722352238329448
5,gle350,2024-03-29 21:51:12+00:00,40.289148,-88.126444,-41.91580417752394,931.0,-12.783805819785837,rs7,16.25622272189467,31.117622260697164,14.861399538802495,2,16.25622272189467,36.61397741571423,20.35775469381956,-27.632700444717127,negative_cross,toward_S1,1.7354980790220962
5,gle350,2024-03-29 21:51:13+00:00,40.289263,-88.126442,-54.7042001267588,932.0,-12.788395949234861,rs10,23.909306598595258,28.421830066775367,4.51252346818011,1,23.909306598595258,28.421830066775367,4.51252346818011,-78.92951005359993,negative_cross,toward_S1,1.448616850497058
5,gle350,2024-03-29 21:51:14+00:00,40.28938,-88.126441,-67.7134197005175,933.0,-13.009219573758706,rs10,11.164484628581162,29.212515830225733,18.04803120164457,1,11.164484628581162,41.175306399180826,30.010821770599662,-78.92951005359993,negative_cross,toward_S1,1.2077053769089336
5,gle350,2024-03-29 21:51:15+00:00,40.289483,-88.12644,-79.16616360314399,934.0,-11.45274390262648,rs10,3.3966764373159153,26.844344818536683,23.44766838122077,1,3.3966764373159153,52.50993013538396,49.11325369806804,-78.92951005359993,negative_cross,toward_S1,0.9956175268602953
5,gle350,2024-03-29 21:51:16+00:00,40.289568,-88.126426,-88.63761505957257,935.0,-9.471451456428582,rs10,11.167040652092986,27.389144583179583,16.222103931086597,1,11.167040652092986,62.03794378451784,50.87090313242486,-78.92951005359993,negative_cross,toward_S1,0.8202202776671733
5,gle350,2024-03-29 21:51:17+00:00,40.289631,-88.126382,-95.70907746223178,936.0,-7.071462402659208,rs10,19.093571992155187,27.495775008017965,8.402203015862778,1,19.093571992155187,69.53812539706439,50.4445534049092,-78.92951005359993,negative_cross,toward_S1,0.6892672702105214
5,gle350,2024-03-29 21:51:18+00:00,40.289667,-88.126319,-99.80783617298411,937.0,-4.098758710752335,rs10,25.201537727473216,26.441583064126046,1.2400453366528303,1,25.201537727473216,73.92096309623638,48.71942536876316,-78.92951005359993,negative_cross,toward_S1,0.6133643311225151
5,gle350,2024-03-29 21:51:19+00:00,40.28967,-88.126249,-100.24846967500628,938.0,-0.4406335020221661,rs8,23.481355080339352,29.08450380227387,5.603148721934517,1,23.481355080339352,73.10763723579655,49.62628215545719,-78.92951005359993,positive_cross,ambiguous,0.605204451455438
5,gle350,2024-03-29 21:51:20+00:00,40.289646,-88.126191,-97.66896815515187,939.0,2.5795015198544036,rs8,19.137658812411424,30.88937423900989,11.751715426598466,1,19.137658812411424,69.86130859816986,50.72364978575843,-78.92951005359993,positive_cross,toward_S4,0.6529729981194083
5,gle350,2024-03-29 21:51:21+00:00,40.289598,-88.126161,-92.37838142894883,940.0,5.2905867262030455,rs8,13.308313849599221,30.19501559985706,16.886701750257842,1,13.308313849599221,64.3497699233572,51.04145607375798,-78.92951005359993,positive_cross,toward_S4,0.7509468263824277
5,gle350,2024-03-29 21:51:22+00:00,40.289537,-88.126161,-85.596594580221,941.0,6.781786848727833,rs8,6.911175305390895,27.817076410612014,20.90590110522112,1,6.911175305390895,57.57738866402952,50.66621335863863,-78.92951005359993,positive_cross,toward_S4,0.8765354717292395
5,gle350,2024-03-29 21:51:23+00:00,40.28947,-88.126165,-78.14162655773168,942.0,7.454968022489311,rs8,3.749660353735825,26.649034267790796,22.89937391405497,1,3.749660353735825,50.16880588523157,46.419145531495744,-78.92951005359993,positive_cross,toward_S4,1.0145904351086712
5,gle350,2024-03-29 21:51:24+00:00,40.28939,-88.126164,-69.24900991259484,943.0,8.89261664513684,rs8,10.770537820029217,28.3892624906836,17.61872467065438,1,10.770537820029217,41.29731758479696,30.52677976476774,-78.92951005359993,positive_cross,toward_S4,1.1792685211297238
5,gle350,2024-03-29 21:51:25+00:00,40.289298,-88.126162,-59.023801308216754,944.0,10.22520860437809,rs8,20.701372760932777,31.105375914830777,10.404003153898,1,20.701372760932777,31.105375914830777,10.404003153898,-78.92951005359993,positive_cross,toward_S4,1.3686242360256142
5,gle350,2024-03-29 21:51:26+00:00,40.289202,-88.126159,-48.355415411853855,945.0,10.6683858963629,rs6,20.50183264654317,31.265720297407984,10.763887650864813,2,20.50183264654317,31.265720297407984,10.763887650864813,-27.632700444717127,positive_cross,toward_S4,1.6162460191270975
5,gle350,2024-03-29 21:51:27+00:00,40.289099,-88.126155,-36.910321722818445,946.0,11.44509368903541,rs6,9.300431518566914,32.686171540121926,23.385740021555012,2,9.300431518566914,42.66070648014531,33.3602749615784,-27.632700444717127,positive_cross,toward_S4,1.8281921985536793
5,gle350,2024-03-29 21:51:28+00:00,40.288991,-88.126154,-24.904753737787033,947.0,12.005567985031412,rs6,4.49785220045007,31.533265918526823,27.035413718076754,2,4.49785220045007,50.73209464507953,46.23424244462946,-27.632700444717127,positive_cross,toward_S4,2.0505175316098168
5,gle350,2024-03-29 21:51:29+00:00,40.288877,-88.126155,-12.229064664759525,948.0,12.675689073027508,rs6,16.2624297828866,34.90478516502737,18.64235538214077,2,16.2624297828866,38.10161735622195,21.83918757333535,-27.632700444717127,positive_cross,toward_S4,2.285252514443659
5,gle350,2024-03-29 21:51:30+00:00,40.288762,-88.126154,0.5547411558380169,949.0,12.783805820597541,rs3,25.38609300315342,28.906332030488457,3.5202390273350375,3,25.38609300315342,28.906332030488457,3.5202390273350375,26.33125891160298,positive_cross,toward_S4,2.522657078596945
5,gle350,2024-03-29 21:51:31+00:00,40.288645,-88.126155,13.563960728806768,950.0,13.009219572968751,rs3,12.655814688269169,36.887049831786435,24.231235143517267,3,12.655814688269169,41.87476606023264,29.21895137196347,26.33125891160298,positive_cross,toward_S4,2.7635685521704403
5,gle350,2024-03-29 21:51:32+00:00,40.28853,-88.12616,26.3569468066572,951.0,12.792986077850431,rs3,4.110047350449898,34.149456916775414,30.039409566325517,3,4.110047350449898,52.89757313286481,48.78752578241491,26.33125891160298,positive_cross,toward_S4,3.0004757017602635
5,gle350,2024-03-29 21:51:33+00:00,40.288415,-88.126164,39.14840284163577,952.0,12.791456034978573,rs3,14.157795678980355,36.12515700200189,21.967361323021535,3,14.157795678980355,40.186362306223735,26.02856662724338,26.33125891160298,positive_cross,toward_S4,3.2373545172228293
5,gle350,2024-03-29 21:51:34+00:00,40.288298,-88.126164,52.15609237252263,953.0,13.007689530886857,rs3,26.834211292158102,27.279344374269368,0.44513308211126557,3,26.834211292158102,27.279344374269368,0.44513308211126557,26.33125891160298,positive_cross,toward_S4,3.478237656683697
5,gle350,2024-03-29 21:51:35+00:00,40.288181,-88.126165,65.16531194549137,954.0,13.009219572968739,rs1,14.587910755063776,36.706586144732206,22.118675389668432,4,14.587910755063776,39.73865873274383,25.150747977680055,80.2309515867141,positive_cross,toward_S4,3.7210066733106903
5,gle350,2024-03-29 21:51:36+00:00,40.288072,-88.126174,77.29735719338856,955.0,12.132045247897196,rs1,5.387851607378009,32.614831545553535,27.226979938175525,4,5.387851607378009,51.874692644905615,46.486841037527604,80.2309515867141,positive_cross,toward_S4,3.945674177901379
5,gle350,2024-03-29 21:51:37+00:00,40.287981,-88.126187,87.43433960759603,956.0,10.136982414207466,rs1,10.352958549107717,31.993785221816132,21.640826672708414,4,10.352958549107717,62.055982414075075,51.703023864967356,80.2309515867141,positive_cross,toward_S4,4.1333960744607765
5,gle350,2024-03-29 21:51:38+00:00,40.287912,-88.126224,95.1621527123828,957.0,7.727813104786776,rs1,18.49996581783569,31.564204251320582,13.064238433484892,4,18.49996581783569,70.05042468935943,51.550458871523745,80.2309515867141,positive_cross,toward_S4,4.27650372454942
5,gle350,2024-03-29 21:51:39+00:00,40.287867,-88.126284,100.25691279669147,958.0,5.0947600843086605,rs1,25.45703392511613,30.046591508168206,4.589557583052077,4,25.45703392511613,75.8246316430767,50.36759771796057,80.2309515867141,positive_cross,toward_S4,4.3708511335181
5,gle350,2024-03-29 21:51:40+00:00,40.287851,-88.126363,102.15661552084238,959.0,1.899702724150913,rs2,26.6432417210308,31.04803332222397,4.404791601193168,4,26.6432417210308,77.33110836438152,50.687866643350716,80.2309515867141,negative_cross,toward_S4,4.406030813594969
5,gle350,2024-03-29 21:51:41+00:00,40.287867,-88.126441,100.49712952818192,960.0,-1.6594859926604641,rs2,21.568458424773247,34.77498499983187,13.206526575058625,4,21.568458424773247,74.39399629079372,52.825537866020476,80.2309515867141,negative_cross,toward_S1,4.375299591508663
5,gle350,2024-03-29 21:51:42+00:00,40.287913,-88.126494,95.46408745472435,961.0,-5.033042073457565,rs2,15.065951676403587,35.9205776177012,20.854625941297613,4,15.065951676403587,68.80580757905129,53.739855902647705,80.2309515867141,negative_cross,toward_S1,4.282095108666857
5,gle350,2024-03-29 21:51:43+00:00,40.287969,-88.126511,89.26419550303198,962.0,-6.199891951692365,rs2,8.765269841304196,35.01993938090103,26.254669539596833,4,8.765269841304196,62.48420450010802,53.718934658803825,80.2309515867141,negative_cross,toward_S1,4.167282294746627
5,gle350,2024-03-29 21:51:44+00:00,40.288034,-88.126507,82.03158114719193,963.0,-7.232614355840056,rs2,4.217202947665948,33.41393767734267,29.196734729676727,4,4.217202947665948,55.30236489321195,51.085161945546005,80.2309515867141,negative_cross,toward_S1,4.033344991860701
5,gle350,2024-03-29 21:51:45+00:00,40.288103,-88.126507,74.36037962958424,964.0,-7.671201517607685,rs2,8.161606887648318,33.739335504884664,25.577728617236346,4,8.161606887648318,47.66009805289941,39.49849116525109,80.2309515867141,negative_cross,toward_S1,3.8912857044975953
5,gle350,2024-03-29 21:51:46+00:00,40.288183,-88.126507,65.46623294236551,965.0,-8.894146687218736,rs2,16.45262165691554,36.20971905527532,19.757097398359782,4,16.45262165691554,38.81548290817802,22.36286125126248,80.2309515867141,negative_cross,toward_S1,3.726579284363915
5,gle350,2024-03-29 21:51:47+00:00,40.288274,-88.126505,55.34608099898029,966.0,-10.120151943385217,rs2,26.39656469011084,28.823066487077373,2.4265017969665337,4,26.39656469011084,28.823066487077373,2.4265017969665337,80.2309515867141,negative_cross,toward_S1,3.5391690631901147
5,gle350,2024-03-29 21:51:48+00:00,40.288375,-88.126501,44.11110063436574,967.0,-11.23498036461455,rs5,17.948536296284264,37.53429936493761,19.585763068653346,3,17.948536296284264,37.56398001831452,19.615443722030253,26.33125891160298,negative_cross,toward_S1,3.3292563281993104
5,gle350,2024-03-29 21:51:49+00:00,40.28848,-88.126496,32.42988289281263,968.0,-11.681217741553112,rs5,7.875496166077881,33.15319837483321,25.27770220875533,3,7.875496166077881,49.215578138262224,41.34008197218434,26.33125891160298,negative_cross,toward_S1,3.112937481133512
5,gle350,2024-03-29 21:51:50+00:00,40.288593,-88.126485,19.85007022512677,969.0,-12.579812667685857,rs5,9.65798017968102,32.25866787104468,22.60068769136366,3,9.65798017968102,47.08908268532436,37.43110250564334,26.33125891160298,negative_cross,toward_S1,2.879977987287478
5,gle350,2024-03-29 21:51:51+00:00,40.288712,-88.126469,6.595546341597467,970.0,-13.254523883529304,rs5,21.804197871199435,34.05965175489505,12.255453883695616,3,21.804197871199435,34.05965175489505,12.255453883695616,26.33125891160298,negative_cross,toward_S1,2.634523841296194
5,gle350,2024-03-29 21:51:52+00:00,40.288833,-88.12645,-6.885921337964862,971.0,-13.481467679562328,rs7,21.233865482256764,35.06852630442185,13.834660822165088,2,21.233865482256764,35.09135559630875,13.857490114051988,-27.632700444717127,negative_cross,toward_S1,2.384199613088005
5,gle350,2024-03-29 21:51:53+00:00,40.288957,-88.126435,-20.694799347560927,972.0,-13.808878009596064,rs7,9.972524296805963,27.83704378071549,17.864519483909525,2,9.972524296805963,48.77507457343036,38.802550276624395,-27.632700444717127,negative_cross,toward_S1,2.128479649947337
5,gle350,2024-03-29 21:51:54+00:00,40.289084,-88.126428,-34.82496751407989,973.0,-14.13016816651896,rs7,11.18673874206519,27.268670786887874,16.081932044822686,2,11.18673874206519,43.82597302329103,32.63923428122584,-27.632700444717127,negative_cross,toward_S1,1.8668098690858748
5,gle350,2024-03-29 21:51:55+00:00,40.289211,-88.126427,-48.94595542334595,974.0,-14.120987909266063,rs7,23.279818791426607,29.814329084565276,6.53451029313867,2,23.279818791426607,29.814329084565276,6.53451029313867,-27.632700444717127,negative_cross,toward_S1,1.605310092988355
5,gle350,2024-03-29 21:51:56+00:00,40.289334,-88.126429,-62.61764586916155,975.0,-13.6716904458156,rs10,16.36465112926917,30.685787319617,14.32113619034783,1,16.36465112926917,36.35827320922677,19.993622079957603,-78.92951005359993,negative_cross,toward_S1,1.3020715589710812
5,gle350,2024-03-29 21:51:57+00:00,40.289445,-88.126432,-74.95368426997041,976.0,-12.33603840080886,rs10,5.278864087099554,26.483500680063926,21.204636592964373,1,5.278864087099554,48.431253206245046,43.15238911914549,-78.92951005359993,negative_cross,toward_S1,1.0736264034005467
5,gle350,2024-03-29 21:51:58+00:00,40.289538,-88.126434,-85.29006970845222,977.0,-10.336385438481813,rs10,7.8726280251146115,27.06665123220424,19.19402320708963,1,7.8726280251146115,58.64062569236756,50.76799766725294,-78.92951005359993,negative_cross,toward_S1,0.882211858243476
5,gle350,2024-03-29 21:51:59+00:00,40.28961,-88.12642,-93.31622232785227,978.0,-8.026152619400051,rs10,15.71191897637473,28.90855204169397,13.19663306531924,1,15.71191897637473,66.73559298638062,51.02367401000589,-78.92951005359993,negative_cross,toward_S1,0.7335794023286603
5,gle350,2024-03-29 21:52:00+00:00,40.28966,-88.126377,-98.94085585061109,979.0,-5.624633522758813,rs10,22.209842644227756,29.241373318296027,7.0315306740682715,1,22.209842644227756,72.78849218636759,50.578649542139836,-78.92951005359993,negative_cross,toward_S1,0.6294195222775711
5,gle350,2024-03-29 21:52:02+00:00,40.289685,-88.126313,-101.81819943462422,981.0,-1.4386717920065664,rs10,27.170311869227195,27.731361136254954,0.5610492670277587,1,27.170311869227195,75.75720231182893,48.58689044260174,-78.92951005359993,negative_cross,toward_S1,0.5761353818328835
5,gle350,2024-03-29 21:52:03+00:00,40.289678,-88.126244,-101.14553455826719,982.0,0.6726648763570324,rs8,24.09505593641539,30.03025957787575,5.935203641460362,1,24.09505593641539,73.92443596510407,49.829380028688675,-78.92951005359993,positive_cross,toward_S4,0.5885921388024582
5,gle350,2024-03-29 21:52:04+00:00,40.289643,-88.126191,-97.33543765442064,983.0,3.810096903846542,rs8,18.819487875995442,30.68637330456609,11.866885428570647,1,18.819487875995442,69.5289642773929,50.70947640139746,-78.92951005359993,positive_cross,toward_S4,0.6591494888736904
5,gle350,2024-03-29 21:52:05+00:00,40.28959,-88.126163,-91.48590667430348,984.0,5.849530980117166,rs8,12.490312204936545,29.652564338949063,17.16225213401252,1,12.490312204936545,63.47150900756339,50.98119680262685,-78.92951005359993,positive_cross,toward_S4,0.767474136653638
5,gle350,2024-03-29 21:52:06+00:00,40.289527,-88.12617,-84.47105585803347,985.0,7.0148508162700125,rs8,6.385328127222216,26.82050522486686,20.435177097644644,1,6.385328127222216,56.522374783712536,50.13704665649032,-78.92951005359993,positive_cross,toward_S4,0.8973787813993789
5,gle350,2024-03-29 21:52:07+00:00,40.289461,-88.126178,-77.12114449816043,986.0,7.349911359873033,rs8,5.162779676331673,25.59261993903464,20.429840262702967,1,5.162779676331673,49.27352528708472,44.11074561075305,-78.92951005359993,positive_cross,toward_S4,1.0334882510266572
5,gle350,2024-03-29 21:52:08+00:00,40.289383,-88.126181,-68.44476134893189,987.0,8.676383149228542,rs8,12.019898675381572,27.32135865334904,15.301459977967468,1,12.019898675381572,40.687796629110835,28.667897953729263,-78.92951005359993,positive_cross,toward_S4,1.1941620130494082
5,gle350,2024-03-29 21:52:09+00:00,40.289296,-88.126185,-58.76625665463785,988.0,9.678504694294041,rs8,21.31230671925719,31.182789330812927,9.870482611555737,1,21.31230671925719,31.182789330812927,9.870482611555737,-78.92951005359993,positive_cross,toward_S4,1.3733935814622606
5,gle350,2024-03-29 21:52:10+00:00,40.289199,-88.126188,-47.977513667730065,989.0,10.788742986907785,rs6,20.74355011935923,31.92582916919696,11.182279049837728,2,20.74355011935923,31.92582916919696,11.182279049837728,-27.632700444717127,positive_cross,toward_S4,1.6232441995738345
5,gle350,2024-03-29 21:52:11+00:00,40.289091,-88.126181,-35.98112593916157,990.0,11.996387728568493,rs6,9.518237213412963,30.319030134519355,20.800792921106392,2,9.518237213412963,43.73921124227771,34.220974028864745,-27.632700444717127,positive_cross,toward_S4,1.8453995278806583
5,gle350,2024-03-29 21:52:12+00:00,40.288976,-88.126168,-23.21568063306981,991.0,12.765445306091763,rs6,6.532460714272649,30.543830917861126,24.011370203588477,2,6.532460714272649,49.168043728342944,42.63558301407029,-27.632700444717127,positive_cross,toward_S4,2.081796663178654
5,gle350,2024-03-29 21:52:13+00:00,40.288856,-88.126164,-9.880580773750886,992.0,13.335099859318923,rs6,18.704576311687443,35.332608090039436,16.628031778351993,2,18.704576311687443,35.86273701412523,17.158160702437787,-27.632700444717127,positive_cross,toward_S4,2.3287429568697453
5,gle350,2024-03-29 21:52:14+00:00,40.288732,-88.126166,3.9084066776558393,993.0,13.788987451406726,rs3,22.27310080372159,32.33944673971724,10.066345935995649,3,22.27310080372159,32.33944673971724,10.066345935995649,26.33125891160298,positive_cross,toward_S4,2.5847619956676455
5,gle350,2024-03-29 21:52:15+00:00,40.288608,-88.126165,17.69280400044699,994.0,13.78439732279115,rs3,9.17609364623785,34.839855811301604,25.66376216506375,3,9.17609364623785,46.045697506276966,36.86960386003911,26.33125891160298,positive_cross,toward_S4,2.8400286127563708
5,gle350,2024-03-29 21:52:16+00:00,40.288484,-88.126166,31.48026140977182,995.0,13.78745740932483,rs3,7.367988592961751,34.01723041328711,26.649241820325358,3,7.367988592961751,47.84053985780687,40.472551264845116,26.33125891160298,positive_cross,toward_S4,3.0953518981142376
5,gle350,2024-03-29 21:52:17+00:00,40.288361,-88.126167,45.15654198420298,996.0,13.67628057443116,rs3,20.012198428273425,34.25161707033734,14.239418642063914,3,20.012198428273425,34.25161707033734,14.239418642063914,26.33125891160298,positive_cross,toward_S4,3.3486163531962965
5,gle350,2024-03-29 21:52:18+00:00,40.288238,-88.12617,58.83588264518956,997.0,13.679340660986576,rs1,20.82192027280931,33.50626159251015,12.684341319700838,4,20.82192027280931,33.50626159251015,12.684341319700838,80.2309515867141,positive_cross,toward_S4,3.6037950196013973
5,gle350,2024-03-29 21:52:19+00:00,40.288121,-88.126177,71.85428247620115,998.0,13.018399831011592,rs1,9.00788124,33.40522685318266,24.39734561318266,4,9.00788124,46.485195955167825,37.47731471516782,80.2309515867141,positive_cross,toward_S4,3.844876497953464
5,gle350,2024-03-29 21:52:20+00:00,40.288025,-88.126184,82.53796880130436,999.0,10.68368632510321,rs1,6.836013530658125,31.613859346787926,24.7778458161298,4,6.836013530658125,57.16218714465803,50.3261736139999,80.2309515867141,positive_cross,toward_S4,4.042722541010931
5,gle350,2024-03-29 21:52:21+00:00,40.28795,-88.126198,90.89765192064567,1000.0,8.359683119341312,rs1,13.739327787535935,31.98573054169569,18.246402754159757,4,13.739327787535935,65.58389243809769,51.84456465056176,80.2309515867141,positive_cross,toward_S4,4.197531487665399
5,gle350,2024-03-29 21:52:22+00:00,40.287891,-88.12624,97.5213469035162,1001.0,6.623694982870532,rs1,21.20154871036112,31.520693871464577,10.319145161103457,4,21.20154871036112,72.55577655592165,51.35422784556053,80.2309515867141,positive_cross,toward_S4,4.3201925058667054
5,gle350,2024-03-29 21:52:23+00:00,40.287858,-88.126296,101.27586481339085,1002.0,3.75451790987465,rs1,26.8599127406199,29.938759225347365,3.078846484727464,4,26.8599127406199,77.00694280887156,50.14703006825165,80.2309515867141,positive_cross,toward_S4,4.389720615308828
5,gle350,2024-03-29 21:52:24+00:00,40.287847,-88.126367,102.6074430271865,1003.0,1.3315782137956518,rs2,26.790870354812576,31.605072964899332,4.814202610086756,4,26.790870354812576,77.69212478983505,50.90125443502247,80.2309515867141,negative_cross,toward_S4,4.41437947111986
5,gle350,2024-03-29 21:52:25+00:00,40.287866,-88.126436,100.60065614711465,1004.0,-2.006786880071857,rs2,21.862163538492457,34.505596435919465,12.643432897427008,4,21.862163538492457,74.56403034246324,52.70186680397079,80.2309515867141,negative_cross,toward_S1,4.377216751118529
5,gle350,2024-03-29 21:52:26+00:00,40.287905,-88.126488,96.34432186635131,1005.0,-4.25633428076334,rs2,16.07845800776613,35.87167759408353,19.7932195863174,4,16.07845800776613,69.73677569626233,53.6583176884962,80.2309515867141,negative_cross,toward_S1,4.2983957459192075
5,gle350,2024-03-29 21:52:27+00:00,40.287964,-88.12651,89.81854962751885,1006.0,-6.5257722388324595,rs2,9.304138420359102,35.09595305875556,25.79181463839646,4,9.304138420359102,63.04492440924149,53.74078598888239,80.2309515867141,negative_cross,toward_S1,4.177548111866755
5,gle350,2024-03-29 21:52:28+00:00,40.28803,-88.126506,82.47475843915494,1007.0,-7.343791188363909,rs2,4.390985836389992,33.36448669786693,28.97350086147694,4,4.390985836389992,55.75289823556793,51.36191239917794,80.2309515867141,negative_cross,toward_S1,4.041551978748904
5,gle350,2024-03-29 21:52:29+00:00,40.288108,-88.126507,73.80449546143561,1008.0,-8.670262977719332,rs2,8.644501028747623,33.83051263567601,25.186011606928385,4,8.644501028747623,47.10671934129574,38.46221831254812,80.2309515867141,negative_cross,toward_S1,3.8809915532355834
5,gle350,2024-03-29 21:52:30+00:00,40.288199,-88.126507,63.687403604605784,1009.0,-10.117091856829823,rs2,18.179836676151115,36.941931033953146,18.76209435780203,4,18.179836676151115,37.04963403953883,18.869797363387715,80.2309515867141,negative_cross,toward_S1,3.6936380003313274
5,gle350,2024-03-29 21:52:31+00:00,40.2883,-88.126508,52.460073454350514,1010.0,-11.22733015025527,rs5,25.930922443671363,29.216393705633028,3.285471261961664,3,25.930922443671363,29.216393705633028,3.285471261961664,26.33125891160298,negative_cross,toward_S1,3.483866935976806
5,gle350,2024-03-29 21:52:32+00:00,40.288403,-88.126504,41.00273942229676,1011.0,-11.457334032053751,rs5,14.909407174992081,36.38460959723813,21.47520242224605,3,14.909407174992081,40.62747249404894,25.718065319056855,26.33125891160298,negative_cross,toward_S1,3.2716940835313664
5,gle350,2024-03-29 21:52:33+00:00,40.288508,-88.126497,29.318461594999942,1012.0,-11.684277827296821,rs5,6.045525437063364,32.79587620180695,26.750350764743583,3,6.045525437063364,52.30594861693182,46.26042317986846,26.33125891160298,negative_cross,toward_S1,3.055318568211055
5,gle350,2024-03-29 21:52:34+00:00,40.288619,-88.126486,16.96100259473154,1013.0,-12.357459000268403,rs5,11.89308102521011,33.030699249129256,21.137618223919148,3,11.89308102521011,44.19861230535341,32.3055312801433,26.33125891160298,negative_cross,toward_S1,2.826476734872751
5,gle350,2024-03-29 21:52:35+00:00,40.288736,-88.126475,3.9364825922107616,1014.0,-13.024520002520777,rs5,24.148777373827908,31.34584125345711,7.1970638796292015,3,24.148777373827908,31.34584125345711,7.1970638796292015,26.33125891160298,negative_cross,toward_S1,2.5852819200112553
5,gle350,2024-03-29 21:52:36+00:00,40.288851,-88.126462,-8.868743828636271,1015.0,-12.805226420847033,rs7,19.02355233070883,34.767937434612875,15.744385103904044,2,19.02355233070883,36.77262460359987,17.74907227289104,-27.632700444717127,negative_cross,toward_S1,2.3474806780755713
5,gle350,2024-03-29 21:52:37+00:00,40.288969,-88.126448,-22.00903079310811,1016.0,-13.140286964471839,rs7,8.272021313537254,28.609049198463328,20.337027884926073,2,8.272021313537254,49.8508038280335,41.57878251449625,-27.632700444717127,negative_cross,toward_S1,2.104142030585352
5,gle350,2024-03-29 21:52:38+00:00,40.289086,-88.126434,-35.0381409234545,1017.0,-13.029110130346389,rs7,10.978755346512306,27.818129713868643,16.839374367356335,2,10.978755346512306,43.557043991941875,32.578288645429566,-27.632700444717127,negative_cross,toward_S1,1.8628622133567154
5,gle350,2024-03-29 21:52:39+00:00,40.289201,-88.126422,-47.84183730142968,1018.0,-12.803696377975179,rs7,22.404233707343643,30.97816970413521,8.573935996791569,2,22.404233707343643,30.97816970413521,8.573935996791569,-27.632700444717127,negative_cross,toward_S1,1.6257567248756934
5,gle350,2024-03-29 21:52:40+00:00,40.289308,-88.126414,-59.749998839037545,1019.0,-11.908161537607867,rs10,19.49347809196165,31.316632493781228,11.823154401819579,1,19.49347809196165,33.87424231523403,14.38076422327238,-78.92951005359993,negative_cross,toward_S1,1.355176133603007
5,gle350,2024-03-29 21:52:41+00:00,40.289401,-88.126405,-70.10321474915325,1020.0,-10.353215910115708,rs10,10.449472067897144,25.510041793005975,15.06056972510883,1,10.449472067897144,44.07787089454648,33.62839882664933,-78.92951005359993,negative_cross,toward_S1,1.1634499130453089
5,gle350,2024-03-29 21:52:42+00:00,40.289473,-88.126372,-78.15843818318386,1021.0,-8.055223434030609,rs10,9.084642194579786,21.097474819865823,12.012832625286038,1,9.084642194579786,52.522561400771686,43.4379192061919,-78.92951005359993,negative_cross,toward_S1,1.0142791087114087
5,gle350,2024-03-29 21:52:43+00:00,40.289518,-88.126322,-83.23789783873046,1022.0,-5.0794596555466,rs10,14.111935500178214,17.307512464288813,3.1955769641105984,1,14.111935500178214,57.99949721963828,43.88756171946007,-78.92951005359993,negative_cross,toward_S1,0.9202150410161012
5,gle350,2024-03-29 21:52:44+00:00,40.289552,-88.126273,-87.09288228179413,1023.0,-3.854984443063671,rs8,14.887302553593882,19.409529684740157,4.522227131146275,1,14.887302553593882,60.58004674357813,45.692744189984246,-78.92951005359993,positive_cross,toward_S1,0.8488264402186259
5,gle350,2024-03-29 21:52:45+00:00,40.289594,-88.126249,-91.79903032183249,1024.0,-4.706148040038357,rs8,16.399160117652038,23.510605793877183,7.111445676225145,1,16.399160117652038,64.76612689179619,48.36696677414415,-78.92951005359993,positive_cross,toward_S1,0.7616755505882858
5,gle350,2024-03-29 21:52:46+00:00,40.289636,-88.126236,-96.48834789023697,1025.0,-4.689317568404476,rs8,19.623965243493256,27.227801112199828,7.603835868706572,1,19.623965243493256,69.20388387156926,49.579918628076,-78.92951005359993,positive_cross,toward_S1,0.6748363363585734
5,gle350,2024-03-29 21:52:47+00:00,40.289692,-88.126313,-102.59643727019036,1026.0,-6.108089379953398,rs10,27.83905749285347,28.36949822619732,0.5304407333438483,1,27.83905749285347,76.51710517533036,48.67804768247689,-78.92951005359993,negative_cross,toward_S1,0.56172357006314
5,gle350,2024-03-29 21:52:48+00:00,40.289688,-88.126367,-102.06910762005771,1027.0,0.527329650132657,rs10,25.412296213464924,30.861822762184953,5.44952654872003,1,25.412296213464924,76.0028474671351,50.59055125367017,-78.92951005359993,negative_cross,toward_S4,0.5714889339544855
5,gle350,2024-03-29 21:52:49+00:00,40.28965,-88.126417,-97.76788580007724,1028.0,4.301221819980469,rs10,20.044768601805234,31.139070724603663,11.094302122798428,1,20.044768601805234,71.17991117683518,51.135142575029946,-78.92951005359993,negative_cross,toward_S4,0.6511411898800499
5,gle350,2024-03-29 21:52:50+00:00,40.28959,-88.126446,-91.05290454048063,1029.0,6.7149812595966125,rs10,12.974369190570226,29.883486320433608,16.909117129863382,1,12.974369190570226,64.26605049525625,51.29168130468602,-78.92951005359993,negative_cross,toward_S4,0.7754926946873945
5,gle350,2024-03-29 21:52:51+00:00,40.289522,-88.126449,-83.48828972757114,1030.0,7.564614812909483,rs10,5.704588008229507,27.967323114487115,22.262735106257608,1,5.704588008229507,56.71932992654235,51.01474191831284,-78.92951005359993,negative_cross,toward_S4,0.9155781541857182
5,gle350,2024-03-29 21:52:52+00:00,40.289448,-88.126447,-75.26426412755853,1031.0,8.22402560001261,rs10,4.1399793838231105,27.694270215390333,23.554290831567222,1,4.1399793838231105,48.572430828764574,44.432451444941464,-78.92951005359993,negative_cross,toward_S4,1.0678749245563222
5,gle350,2024-03-29 21:52:53+00:00,40.289365,-88.126447,-66.03658693881864,1032.0,9.22767718873989,rs10,12.65197540880641,30.358068022573764,17.706092613767353,1,12.65197540880641,39.44488320546388,26.792907796657474,-78.92951005359993,negative_cross,toward_S4,1.2387578354589126
5,gle350,2024-03-29 21:52:54+00:00,40.289272,-88.126446,-55.69867145744323,1033.0,10.337915481375411,rs10,22.873296502498903,29.314450687045635,6.441154184546733,1,22.873296502498903,29.314450687045635,6.441154184546733,-78.92951005359993,negative_cross,toward_S4,1.4302007147436424
5,gle350,2024-03-29 21:52:55+00:00,40.289168,-88.126445,-44.13781080645676,1034.0,11.56086065098647,rs7,18.26831407039925,32.26614379265987,13.997829722260619,2,18.26831407039925,34.3900312828927,16.12171721249345,-27.632700444717127,negative_cross,toward_S4,1.6943498081159327
5,gle350,2024-03-29 21:52:56+00:00,40.289056,-88.126442,-31.69059557314585,1035.0,12.447215233310914,rs7,8.321589519790308,27.80630441944995,19.484714899659643,2,8.321589519790308,46.83151567224523,38.50992615245492,-27.632700444717127,negative_cross,toward_S4,1.9248537939179866
5,gle350,2024-03-29 21:52:57+00:00,40.288938,-88.126443,-18.57019916607339,1036.0,13.120396407072459,rs7,11.02272501791665,29.089320889998852,18.066595872082203,2,11.02272501791665,46.564270747546686,35.54154572963004,-27.632700444717127,negative_cross,toward_S4,2.167824097752662
5,gle350,2024-03-29 21:52:58+00:00,40.288824,-88.126455,-5.877679621390217,1037.0,12.692519544683172,rs7,22.075007025589105,34.01294571090222,11.937938685313117,2,22.075007025589105,34.01294571090222,11.937938685313117,-27.632700444717127,negative_cross,toward_S4,2.4028707559875353
5,gle350,2024-03-29 21:52:59+00:00,40.28871,-88.12647,6.819430051096824,1038.0,12.697109672487041,rs5,21.566122544731225,34.26848829712968,12.702365752398453,3,21.566122544731225,34.26848829712968,12.702365752398453,26.33125891160298,negative_cross,toward_S4,2.6386698359165526
5,gle350,2024-03-29 21:53:00+00:00,40.288597,-88.126488,19.409953018907434,1039.0,12.59052296781061,rs5,9.82275841786824,32.59795896848138,22.77520055061314,3,9.82275841786824,46.62780151099738,36.80504309312914,26.33125891160298,negative_cross,toward_S4,2.8718276686537862
5,gle350,2024-03-29 21:53:01+00:00,40.288487,-88.126503,31.662355357371258,1040.0,12.252402338463824,rs5,6.90830464978226,33.60167512658406,26.693370476801803,3,6.90830464978226,49.93295317169982,43.02464852191756,26.33125891160298,negative_cross,toward_S4,3.098724008254968
5,gle350,2024-03-29 21:53:02+00:00,40.288375,-88.126513,44.12946114887152,1041.0,12.467105791500263,rs5,17.67941470051127,37.450900583927364,19.771485883416094,3,17.67941470051127,37.450900583927364,19.771485883416094,26.33125891160298,negative_cross,toward_S4,3.329596337727195
5,gle350,2024-03-29 21:53:03+00:00,40.288262,-88.126518,56.70009355930448,1042.0,12.570632410432957,rs2,24.913969302679046,29.980604937717203,5.066635635038157,4,24.913969302679046,29.980604937717203,5.066635635038157,80.2309515867141,negative_cross,toward_S4,3.5642433698627847
5,gle350,2024-03-29 21:53:04+00:00,40.288155,-88.126521,68.60060488250959,1043.0,11.900511323205109,rs2,13.143959603080832,36.23856014139842,23.094600538317593,4,13.143959603080832,41.79173114684057,28.647771543759738,80.2309515867141,negative_cross,toward_S4,3.784623209181398
5,gle350,2024-03-29 21:53:05+00:00,40.288062,-88.126524,78.94464053618414,1044.0,10.344035653674553,rs2,3.6687387399963995,34.77604976366277,31.10731102366637,4,3.6687387399963995,52.0897114982414,48.420972758245,80.2309515867141,negative_cross,toward_S4,3.976179424990186
5,gle350,2024-03-29 21:53:06+00:00,40.287983,-88.126523,87.72608034721726,1045.0,8.781439811033124,rs2,6.923883992069045,35.61428453409631,28.69040054202727,4,6.923883992069045,60.866405903366044,53.942521911297,80.2309515867141,negative_cross,toward_S4,4.1387986807500585
5,gle350,2024-03-29 21:53:07+00:00,40.287924,-88.126507,94.2610328433026,1046.0,6.534952496085339,rs2,13.54752732917951,36.40393306742044,22.85640573824093,4,13.54752732917951,67.50087026393346,53.953342934753955,80.2309515867141,negative_cross,toward_S4,4.259816319566454
5,gle350,2024-03-29 21:53:08+00:00,40.287876,-88.126458,99.52254875487512,1047.0,5.261515911572516,rs2,20.04016690483572,35.3602238122773,15.320056907441579,4,20.04016690483572,73.21411656171084,53.17394965687512,80.2309515867141,negative_cross,toward_S4,4.357251799410389
5,gle350,2024-03-29 21:53:09+00:00,40.287847,-88.126391,102.64416405619806,1048.0,3.1216153013229473,rs2,25.62338322463135,33.02084745834163,7.397464233710277,4,25.62338322463135,77.28300181402219,51.65961858939083,80.2309515867141,negative_cross,toward_S4,4.415059490175629
5,gle350,2024-03-29 21:53:10+00:00,40.287851,-88.126308,102.07246316267279,1049.0,-0.571700893525275,rs1,28.084648121973903,29.74123399150719,1.6565858695332878,4,28.084648121973903,77.9800883190757,49.895440197101806,80.2309515867141,positive_cross,toward_S1,4.404472436591828
5,gle350,2024-03-29 21:53:11+00:00,40.28788,-88.126242,98.74735215889272,1050.0,-3.3251110037800657,rs1,22.349045915831233,32.039102825442505,9.690056909611272,4,22.349045915831233,73.7908871773469,51.44184126151567,80.2309515867141,positive_cross,toward_S1,4.342896306892197
5,gle350,2024-03-29 21:53:12+00:00,40.287926,-88.126203,93.57354614166631,1051.0,-5.173806017226411,rs1,16.274960243573915,32.5269114230944,16.251951179520482,4,16.274960243573915,68.28403149936828,52.00907125579437,80.2309515867141,positive_cross,toward_S1,4.247085084350967
5,gle350,2024-03-29 21:53:13+00:00,40.287981,-88.126183,87.42821943608685,1052.0,-6.145326705579464,rs1,10.154138672006143,32.326044337352904,22.171905665346763,4,10.154138672006143,62.02219432552226,51.868055653516116,80.2309515867141,positive_cross,toward_S1,4.1332827379513475
5,gle350,2024-03-29 21:53:14+00:00,40.288044,-88.126179,80.41795874843241,1053.0,-7.010260687654437,rs1,5.649794733405221,31.99785486217009,26.34806012876487,4,5.649794733405221,55.01606376683126,49.366269033426036,80.2309515867141,positive_cross,toward_S1,4.003463095587376
5,gle350,2024-03-29 21:53:15+00:00,40.288114,-88.126173,72.62640013946815,1054.0,-7.791558608964266,rs1,8.181500223571268,33.532309697958866,25.350809474387596,4,8.181500223571268,47.22012712291662,39.03862689934535,80.2309515867141,positive_cross,toward_S1,3.859174973199149
5,gle350,2024-03-29 21:53:16+00:00,40.288196,-88.126167,63.500719527579065,1055.0,-9.12568061188908,rs1,16.23532914727694,37.30002681798222,21.064697670705282,4,16.23532914727694,38.101696749460714,21.866367602183775,80.2309515867141,positive_cross,toward_S1,3.6901808877937956
5,gle350,2024-03-29 21:53:17+00:00,40.288287,-88.126164,53.379037542133695,1056.0,-10.12168198544537,rs1,26.071308207577825,28.04189631734659,1.9705881097687659,4,26.071308207577825,28.04189631734659,1.9705881097687659,80.2309515867141,positive_cross,toward_S1,3.5027423325077702
5,gle350,2024-03-29 21:53:18+00:00,40.288384,-88.126162,42.591824597286056,1057.0,-10.787212944847639,rs3,17.426381762424523,36.74012686265414,19.313745100229614,3,17.426381762424523,36.74012686265414,19.313745100229614,26.33125891160298,positive_cross,toward_S1,3.3011215867719086
5,gle350,2024-03-29 21:53:19+00:00,40.288485,-88.12616,31.35990431841523,1058.0,-11.231920278870827,rs3,6.973154438995307,34.50463758733539,27.53148314834008,3,6.973154438995307,47.90732179953846,40.93416736054315,26.33125891160298,positive_cross,toward_S1,3.0931230630891156
5,gle350,2024-03-29 21:53:20+00:00,40.288591,-88.126156,19.569039786420227,1059.0,-11.790864531995002,rs3,7.157709671355955,35.16272804741552,28.005018376059564,3,7.157709671355955,47.871582827854354,40.7138731564984,26.33125891160298,positive_cross,toward_S1,2.874773719904023
5,gle350,2024-03-29 21:53:21+00:00,40.288699,-88.126155,7.560411714855128,1060.0,-12.008628071565099,rs3,18.489977791657036,35.88869839151238,17.39872059985534,3,18.489977791657036,35.88869839151238,17.39872059985534,26.33125891160298,positive_cross,toward_S1,2.6523917185787433
5,gle350,2024-03-29 21:53:22+00:00,40.288808,-88.126155,-4.55786314715186,1061.0,-12.118274862006988,rs6,23.83662107614786,30.47071402065609,6.634092944508229,2,23.83662107614786,30.47071402065609,6.634092944508229,-27.632700444717127,positive_cross,toward_S1,2.427311801806764
5,gle350,2024-03-29 21:53:23+00:00,40.288919,-88.126155,-16.898491675786342,1062.0,-12.340628528634483,rs6,11.716222321682114,33.112634012883156,21.396411691201042,2,11.716222321682114,42.75417763831942,31.037955316637305,-27.632700444717127,positive_cross,toward_S1,2.1987816438690886
5,gle350,2024-03-29 21:53:24+00:00,40.289029,-88.126158,-29.12335324246977,1063.0,-12.224861566683426,rs6,3.5586094233041394,31.11517598245257,27.55656655914843,2,3.5586094233041394,50.44778340110707,46.889173977802926,-27.632700444717127,positive_cross,toward_S1,1.9723953185601362
5,gle350,2024-03-29 21:53:25+00:00,40.289139,-88.126156,-41.35586502355596,1064.0,-12.232511781086188,rs6,13.587805443856606,34.14246763165108,20.554662187794474,2,13.587805443856606,38.227353142115575,24.63954769825897,-27.632700444717127,positive_cross,toward_S1,1.7458673226140957
5,gle350,2024-03-29 21:53:26+00:00,40.289251,-88.126151,-53.815320600675186,1065.0,-12.459455577119229,rs8,25.77608198161243,25.804858730198937,0.028776748586508916,1,25.77608198161243,25.804858730198937,0.028776748586508916,-78.92951005359993,positive_cross,toward_S1,1.4650775824615692
5,gle350,2024-03-29 21:53:27+00:00,40.289357,-88.126149,-65.60312504769468,1066.0,-11.78780444701949,rs8,14.047329261035847,30.9736414918682,16.92631223083235,1,14.047329261035847,37.533450839425555,23.486121578389707,-78.92951005359993,positive_cross,toward_S1,1.2467849075167639
5,gle350,2024-03-29 21:53:28+00:00,40.289454,-88.126152,-76.38268777734957,1067.0,-10.779562729654899,rs8,3.920049895056287,27.85202836161634,23.931978466560054,1,3.920049895056287,48.31597248100998,44.39592258595369,-78.92951005359993,positive_cross,toward_S1,1.0471633754861176
5,gle350,2024-03-29 21:53:29+00:00,40.289537,-88.12616,-85.59812462309286,1068.0,-9.215436845743284,rs8,6.872635577928061,27.899372201952584,21.026736624024522,1,6.872635577928061,57.57202514155845,50.69938956363039,-78.92951005359993,positive_cross,toward_S1,0.8765071376019827
5,gle350,2024-03-29 21:53:30+00:00,40.289603,-88.12619,-92.88989435370489,1069.0,-7.291769730612032,rs8,14.610401551970199,28.29168935041274,13.68128779844254,1,14.610401551970199,65.09095023574955,50.48054868377935,-78.92951005359993,positive_cross,toward_S1,0.741474364812871
5,gle350,2024-03-29 21:53:31+00:00,40.289652,-88.126242,-98.25799696995384,1070.0,-5.368102616248947,rs8,21.43081844351233,28.055140314174945,6.624321870662616,1,21.43081844351233,71.0389724428882,49.608153999375865,-78.92951005359993,positive_cross,toward_S1,0.6420650571045572
5,gle350,2024-03-29 21:53:32+00:00,40.289676,-88.12631,-100.82219806104618,1071.0,-2.564201091092343,rs10,26.45644585280371,26.770619068732163,0.31417321592845227,1,26.45644585280371,74.72473522170938,48.26828936890567,-78.92951005359993,negative_cross,toward_S1,0.5945798517139582
5,gle350,2024-03-29 21:53:33+00:00,40.289667,-88.126382,-99.71144347179616,1072.0,1.1107545892500212,rs10,22.77218228119907,30.08235423908897,7.310171957889903,1,22.77218228119907,73.4847511778383,50.71256889663924,-78.92951005359993,negative_cross,toward_S4,0.6151493811445142
5,gle350,2024-03-29 21:53:34+00:00,40.28963,-88.126435,-95.51680835651386,1073.0,4.194635115282296,rs10,17.520058335061734,31.140300002560537,13.620241667498803,1,17.520058335061734,68.78933608244867,51.26927774738694,-78.92951005359993,negative_cross,toward_S4,0.6928278092052975
5,gle350,2024-03-29 21:53:35+00:00,40.289576,-88.126456,-89.4811284413763,1074.0,6.035679915137564,rs10,11.281556456078215,30.084898705167216,18.803342249089,1,11.281556456078215,62.63324563741847,51.351689181340255,-78.92951005359993,negative_cross,toward_S4,0.8045996594856227
5,gle350,2024-03-29 21:53:36+00:00,40.289518,-88.126446,-83.04817252214177,1075.0,6.43295591923453,rs10,5.43672488120427,27.64781415139521,22.21108927019094,1,5.43672488120427,56.30673999097648,50.87001510977221,-78.92951005359993,negative_cross,toward_S4,0.9237284728047807
5,gle350,2024-03-29 21:53:37+00:00,40.289457,-88.126428,-76.29392644438268,1076.0,6.754246077759092,rs10,4.820333536796919,25.97280631856736,21.15247278177044,1,4.820333536796919,49.803421724348766,44.98308818755185,-78.92951005359993,negative_cross,toward_S4,1.0488071038743936
5,gle350,2024-03-29 21:53:38+00:00,40.289384,-88.126423,-68.18566780632115,1077.0,8.108258638061528,rs10,11.292117609743093,27.63289243109313,16.34077482135004,1,11.292117609743093,41.90007837471198,30.607960764968887,-78.92951005359993,negative_cross,toward_S4,1.1989600416162736
5,gle350,2024-03-29 21:53:39+00:00,40.289295,-88.126432,-58.27715923104031,1078.0,9.908508575280841,rs10,20.5339937048867,32.08046861690501,11.546474912018308,1,20.5339937048867,32.08046861690501,11.546474912018308,-78.92951005359993,negative_cross,toward_S4,1.3824509411585115
5,gle350,2024-03-29 21:53:40+00:00,40.289196,-88.126446,-47.24923210426945,1079.0,11.027927126770855,rs7,21.168027529178502,31.280051442467116,10.112023913288613,2,21.168027529178502,31.280051442467116,10.112023913288613,-27.632700444717127,negative_cross,toward_S4,1.6367308951934754
5,gle350,2024-03-29 21:53:41+00:00,40.289094,-88.126449,-35.90460494921302,1080.0,11.344627155056436,rs7,10.836916776900889,29.284303052109454,18.447386275208565,2,10.836916776900889,42.5757343533742,31.738817576473313,-27.632700444717127,negative_cross,toward_S4,1.846816583250076
5,gle350,2024-03-29 21:53:42+00:00,40.288992,-88.126448,-24.566097965643998,1081.0,11.338506983569019,rs7,6.972972569916992,28.209415909139725,21.23644333922273,2,6.972972569916992,52.36233849865795,45.38936592874096,-27.632700444717127,negative_cross,toward_S4,2.0567889347976505
5,gle350,2024-03-29 21:53:43+00:00,40.288884,-88.126451,-12.554409809103397,1082.0,12.0116881565406,rs7,15.873025385376872,32.09823032244886,16.225204937071993,2,15.873025385376872,40.559499392568306,24.686474007191435,-27.632700444717127,negative_cross,toward_S4,2.2792276043632174
5,gle350,2024-03-29 21:53:44+00:00,40.288777,-88.126464,-0.6385980571362319,1083.0,11.915811751967166,rs7,26.994467013886226,28.779715707855797,1.7852486939695709,2,26.994467013886226,28.779715707855797,1.7852486939695709,-27.632700444717127,negative_cross,toward_S4,2.499890784955202
5,gle350,2024-03-29 21:53:45+00:00,40.28867,-88.12648,11.28180382346825,1084.0,11.920401880604482,rs5,17.133420651623478,34.58192742990141,17.448506778277935,3,17.133420651623478,38.58992702746498,21.456506375841503,26.33125891160298,negative_cross,toward_S4,2.721306387256764
5,gle350,2024-03-29 21:53:46+00:00,40.288563,-88.126496,23.202205704072735,1085.0,11.920401880604485,rs5,6.7675460021764025,32.70100217106195,25.93345616888555,3,6.7675460021764025,50.36494015321351,43.59739415103711,26.33125891160298,negative_cross,toward_S4,2.9420545702309213
5,gle350,2024-03-29 21:53:47+00:00,40.288456,-88.126512,35.12260758546718,1086.0,11.920401881394444,rs5,9.220020647501359,35.0680087181664,25.847988070665046,3,9.220020647501359,46.43227932410161,37.21225867660025,26.33125891160298,negative_cross,toward_S4,3.162802753219707
5,gle350,2024-03-29 21:53:48+00:00,40.288345,-88.126522,47.47853654284199,1087.0,12.355928957374807,rs5,20.79598283601646,34.05826344620438,13.262280610187918,3,20.79598283601646,34.05826344620438,13.262280610187918,26.33125891160298,negative_cross,toward_S4,3.391616252430352
5,gle350,2024-03-29 21:53:49+00:00,40.288234,-88.126524,59.822225157241924,1088.0,12.343688614399937,rs2,21.760140364615257,33.0182337036125,11.258093338997245,4,21.760140364615257,33.0182337036125,11.258093338997245,80.2309515867141,negative_cross,toward_S4,3.6220606216764413
5,gle350,2024-03-29 21:53:50+00:00,40.288124,-88.126524,72.05167685256265,1089.0,12.229451695320726,rs2,9.742546901929147,35.58921552513731,25.846668623208167,4,9.742546901929147,45.20931865548332,35.46677175355418,80.2309515867141,negative_cross,toward_S4,3.848531949367566
5,gle350,2024-03-29 21:53:51+00:00,40.288025,-88.126524,83.05818337906227,1090.0,11.00650652649962,rs2,3.1880925140272587,34.936272095483844,31.748179581456586,4,3.1880925140272587,56.19757921437987,53.00948670035261,80.2309515867141,negative_cross,toward_S4,4.052356144302744
5,gle350,2024-03-29 21:53:52+00:00,40.287948,-88.126514,91.60349913678776,1091.0,8.54531575772549,rs2,10.827826856324435,35.97365747721859,25.145830620894152,4,10.827826856324435,64.79778413009902,53.96995727377458,80.2309515867141,negative_cross,toward_S4,4.210602732408772
5,gle350,2024-03-29 21:53:53+00:00,40.287892,-88.126472,97.76514001738663,1092.0,6.161640880598867,rs2,17.931213746322392,35.3988530013713,17.46763925504891,4,17.931213746322392,71.31025970673345,53.379045960411055,80.2309515867141,negative_cross,toward_S4,4.324707193160602
5,gle350,2024-03-29 21:53:54+00:00,40.287854,-88.126406,101.88887686377501,1093.0,4.123736846388383,rs2,24.28414152079775,33.41005813404721,9.125916613249462,4,24.28414152079775,76.28670762903441,52.002566108236664,80.2309515867141,negative_cross,toward_S4,4.401072690315943
5,gle350,2024-03-29 21:53:55+00:00,40.287844,-88.126328,102.88130185576304,1094.0,0.992424991988031,rs2,29.142853451814513,29.72355079126714,0.5806973394526267,4,29.142853451814513,78.78799749121794,49.64514403940342,80.2309515867141,negative_cross,toward_S4,4.419450930908313
5,gle350,2024-03-29 21:53:56+00:00,40.287863,-88.126259,100.66336905885301,1095.0,-2.217932796910034,rs1,24.70461709893327,31.977213366098226,7.272596267164957,4,24.70461709893327,75.8844406478416,51.17982354890833,80.2309515867141,positive_cross,toward_S1,4.3783781013359055
5,gle350,2024-03-29 21:53:57+00:00,40.287899,-88.126209,96.58450090550005,1096.0,-4.078868153352957,rs1,19.19554611983842,33.3596705881997,14.16412446836128,4,19.19554611983842,71.32559720926783,52.13005108942941,80.2309515867141,positive_cross,toward_S1,4.302843505903444
5,gle350,2024-03-29 21:53:58+00:00,40.287952,-88.126179,90.64622743936593,1097.0,-5.93827346613412,rs1,12.777473611668345,33.4550725315024,20.677598919834058,4,12.777473611668345,65.20296752948458,52.42549391781624,80.2309515867141,positive_cross,toward_S1,4.1928754787528115
5,gle350,2024-03-29 21:53:59+00:00,40.288015,-88.126172,83.63137662230595,1098.0,-7.01485081705998,rs1,6.6739709513861065,32.705991626113246,26.03202067472714,4,6.6739709513861065,58.170608571195864,51.49663761980976,80.2309515867141,positive_cross,toward_S1,4.062970833992441
5,gle350,2024-03-29 21:54:00+00:00,40.288088,-88.126169,75.5108776412478,1099.0,-8.120498981058148,rs1,5.875724567521112,33.27592451531373,27.400199947792622,4,5.875724567521112,50.0618923968326,44.186167829311486,80.2309515867141,positive_cross,toward_S1,3.9125912232321056
5,gle350,2024-03-29 21:54:01+00:00,40.288175,-88.12616,65.82472273257275,1100.0,-9.68615490867505,rs1,13.826574688312954,36.81310888672318,22.986534198410226,4,13.826574688312954,40.35699818512312,26.530423496810165,80.2309515867141,positive_cross,toward_S1,3.7332179841825677
5,gle350,2024-03-29 21:54:02+00:00,40.288279,-88.126154,54.25315178146154,1101.0,-11.571570951111212,rs1,25.06534188401101,28.804327313578984,3.7389854295679754,4,25.06534188401101,28.804327313578984,3.7389854295679754,80.2309515867141,positive_cross,toward_S1,3.5189296332360636
5,gle350,2024-03-29 21:54:03+00:00,40.288388,-88.126153,42.13334687737264,1102.0,-12.119804904088902,rs3,16.82152366383459,37.106823918402284,20.285300254567694,3,16.82152366383459,37.106823918402284,20.285300254567694,26.33125891160298,positive_cross,toward_S1,3.292631258625364
5,gle350,2024-03-29 21:54:04+00:00,40.288506,-88.126148,29.006830298791016,1103.0,-13.126516578581622,rs3,4.51219357428792,35.263695818414035,30.751502244126115,3,4.51219357428792,50.167252618541745,45.655059044253825,26.33125891160298,positive_cross,toward_S1,3.04954761828126
5,gle350,2024-03-29 21:54:05+00:00,40.288627,-88.126147,15.55290339098735,1104.0,-13.453926907803666,rs3,10.543444891234076,36.88594131248782,26.34249642125375,3,10.543444891234076,43.82748279062471,33.28403789939063,26.33125891160298,positive_cross,toward_S1,2.800400823692303
5,gle350,2024-03-29 21:54:06+00:00,40.288749,-88.126146,1.9877996490799796,1105.0,-13.56510374190737,rs3,23.864139533502644,30.28284207355708,6.418702540054436,3,23.864139533502644,30.28284207355708,6.418702540054436,26.33125891160298,positive_cross,toward_S1,2.549195198842167
5,gle350,2024-03-29 21:54:08+00:00,40.289001,-88.12615,-26.02264224480357,1107.0,-14.005220946941774,rs6,3.4946409956527043,31.796394670849036,28.30175367519633,2,3.4946409956527043,51.81958542579705,48.32494443014435,-27.632700444717127,positive_cross,toward_S1,2.029815892590992
5,gle350,2024-03-29 21:54:09+00:00,40.289129,-88.126155,-40.24562673092045,1108.0,-14.222984486116879,rs6,12.489004713609171,33.78828507848141,21.29928036487224,2,12.489004713609171,39.330980685287955,26.841975971678785,-27.632700444717127,positive_cross,toward_S1,1.7664272909962349
5,gle350,2024-03-29 21:54:10+00:00,40.289254,-88.126156,-54.14120088702536,1109.0,-13.895574156104914,rs8,25.48603986155329,26.185934650781785,0.6998947892284946,1,25.48603986155329,26.185934650781785,0.6998947892284946,-78.92951005359993,positive_cross,toward_S1,1.4590427623439735
5,gle350,2024-03-29 21:54:11+00:00,40.289371,-88.126155,-67.15042046078406,1110.0,-13.009219573758699,rs8,12.608532995904287,29.87121713889004,17.26268414298575,1,12.608532995904287,39.12484064139178,26.51630764548749,-78.92951005359993,positive_cross,toward_S1,1.2181312887558493
5,gle350,2024-03-29 21:54:12+00:00,40.289475,-88.126155,-78.71281115464238,1111.0,-11.562390693858319,rs8,2.769323864509087,27.48908736752757,24.719763503018484,1,2.769323864509087,50.66296121061836,47.89363734610927,-78.92951005359993,positive_cross,toward_S1,1.004012942573288
5,gle350,2024-03-29 21:54:13+00:00,40.289562,-88.12617,-88.3622450334942,1112.0,-9.649433878851823,rs8,9.750386649274168,27.90291965997972,18.152533010705554,1,9.750386649274168,60.404012264618075,50.653625615343906,-78.92951005359993,positive_cross,toward_S1,0.8253197225945504
5,gle350,2024-03-29 21:54:14+00:00,40.289627,-88.126214,-95.5214173313112,1113.0,-7.159172297816994,rs8,17.87873168072778,28.056991354580695,10.178259673852917,1,17.87873168072778,67.96381331103231,50.08508163030453,-78.92951005359993,positive_cross,toward_S1,0.6927424578201616
5,gle350,2024-03-29 21:54:15+00:00,40.289672,-88.126279,-100.42492205615928,1114.0,-4.9035047248480765,rs8,24.927370969031458,27.61696778846004,2.6895968194285835,1,24.927370969031458,73.75737687493617,48.83000590590471,-78.92951005359993,positive_cross,toward_S1,0.6019368147674196
5,gle350,2024-03-29 21:54:16+00:00,40.289685,-88.126357,-101.75087754808854,1115.0,-1.325955491929264,rs10,25.43640967218725,30.04890904228676,4.61249937009951,1,25.43640967218725,75.828599332932,50.39218966074475,-78.92951005359993,negative_cross,toward_S1,0.577382083435396
5,gle350,2024-03-29 21:54:17+00:00,40.289664,-88.126428,-99.30753099878558,1116.0,2.4433465493029587,rs10,21.34264625219133,32.8277904255627,11.485144173371374,1,21.34264625219133,72.61364342568861,51.27099717349728,-78.92951005359993,negative_cross,toward_S4,0.6226292417558212
5,gle350,2024-03-29 21:54:18+00:00,40.289618,-88.126466,-94.1352550236628,1117.0,5.172275975122787,rs10,15.821508949820904,32.76260612434758,16.941097174526675,1,15.821508949820904,67.21835193138526,51.396842981564355,-78.92951005359993,negative_cross,toward_S4,0.718412130184021
5,gle350,2024-03-29 21:54:19+00:00,40.289564,-88.126471,-88.12405579533011,1118.0,6.011199228332686,rs10,9.800327171393715,30.859574334377154,21.05924716298344,1,9.800327171393715,61.1972001001997,51.39687292880599,-78.92951005359993,negative_cross,toward_S4,0.829730634412404
5,gle350,2024-03-29 21:54:20+00:00,40.289508,-88.126445,-81.93793422871629,1119.0,6.186121566613821,rs10,4.572771237018513,27.42349118854942,22.850719951530905,1,4.572771237018513,55.21267517892474,50.639903941906226,-78.92951005359993,negative_cross,toward_S4,0.9442884412015489
5,gle350,2024-03-29 21:54:21+00:00,40.289449,-88.126427,-75.40604181837467,1120.0,6.531892410341612,rs10,5.3431696112861085,25.99831520493662,20.655145593650513,1,5.3431696112861085,48.94012378103743,43.59695416975132,-78.92951005359993,negative_cross,toward_S4,1.0652494117634306
5,gle350,2024-03-29 21:54:22+00:00,40.289377,-88.126433,-67.39212954278291,1121.0,8.013912275591764,rs10,11.693054635232047,28.721843574785655,17.028788939553607,1,11.693054635232047,40.969510724709686,29.27645608947764,-78.92951005359993,negative_cross,toward_S4,1.2136551946447596
5,gle350,2024-03-29 21:54:23+00:00,40.289299,-88.126442,-58.706566136323204,1122.0,8.685563406459707,rs10,19.946749647416265,32.318234824334866,12.3714851769186,1,19.946749647416265,32.318234824334866,12.3714851769186,-78.92951005359993,negative_cross,toward_S4,1.3744989614310503
5,gle350,2024-03-29 21:54:25+00:00,40.289218,-88.126443,-49.6997125721289,1124.0,4.503426782097151,rs7,23.577135747784045,28.869542951886423,5.292407204102378,2,23.577135747784045,28.869542951886423,5.292407204102378,-27.632700444717127,negative_cross,toward_S4,1.5913516272701522
5,gle350,2024-03-29 21:54:26+00:00,40.289133,-88.126445,-40.24662163099605,1125.0,9.45309094113285,rs7,14.719013079273166,30.47029721330923,15.751284134036064,2,14.719013079273166,38.270627237544225,23.551614158271057,-27.632700444717127,negative_cross,toward_S4,1.7664088669207607
5,gle350,2024-03-29 21:54:27+00:00,40.28904,-88.126447,-29.904116021005084,1126.0,10.342505609990969,rs7,7.110507813684435,28.03204481987731,20.921537006192874,2,7.110507813684435,48.58172888503299,41.47122107134855,-27.632700444717127,negative_cross,toward_S4,1.95793674858726
5,gle350,2024-03-29 21:54:28+00:00,40.288939,-88.126452,-18.667605613496928,1127.0,11.236510407508156,rs7,10.471358049796786,29.780983063020503,19.309625013223716,2,10.471358049796786,46.512933359724286,36.0415753099275,-27.632700444717127,negative_cross,toward_S4,2.166020274652226
5,gle350,2024-03-29 21:54:29+00:00,40.288836,-88.126452,-7.21639175374231,1128.0,11.451213859754617,rs7,20.86494952474466,35.008601626155674,14.143652101411014,2,20.86494952474466,35.3672118708065,14.50226234606184,-27.632700444717127,negative_cross,toward_S4,2.3780797905736075
5,gle350,2024-03-29 21:54:30+00:00,40.288728,-88.126464,4.809066789456707,1129.0,12.025458543199017,rs5,23.617545884347315,32.36227214813721,8.744726263789893,3,23.617545884347315,32.36227214813721,8.744726263789893,26.33125891160298,negative_cross,toward_S4,2.601440886626921
5,gle350,2024-03-29 21:54:31+00:00,40.288618,-88.126486,17.072179428045285,1130.0,12.263112638588577,rs5,11.800034379998102,32.999785505234456,21.199751125236354,3,11.800034379998102,44.309538397059335,32.50950401706123,26.33125891160298,negative_cross,toward_S4,2.828535565119302
5,gle350,2024-03-29 21:54:32+00:00,40.288503,-88.126505,29.886586106145206,1131.0,12.814406678099921,rs5,5.6940250765340705,33.52793544917526,27.83391037264119,3,5.6940250765340705,51.69105688112899,45.997031804594926,26.33125891160298,negative_cross,toward_S4,3.065839392491523
5,gle350,2024-03-29 21:54:33+00:00,40.288386,-88.126519,42.915696236513334,1132.0,13.029110130368128,rs5,16.371288892205843,38.33520399920627,21.963915107000428,3,16.371288892205843,38.62391336947916,22.25262447727332,26.33125891160298,negative_cross,toward_S4,3.307119209720562
5,gle350,2024-03-29 21:54:34+00:00,40.288266,-88.126523,56.263036439640565,1133.0,13.347340203127231,rs2,25.30459410441954,29.488075584882747,4.1834814804632074,4,25.30459410441954,29.488075584882747,4.1834814804632074,80.2309515867141,negative_cross,toward_S4,3.5561497194986385
5,gle350,2024-03-29 21:54:35+00:00,40.28815,-88.126525,69.16260922216743,1134.0,12.899572782526867,rs2,12.527068243141425,36.397798815965025,23.8707305728236,4,12.527068243141425,42.319044441193505,29.79197619805208,80.2309515867141,negative_cross,toward_S4,3.7950306969528396
5,gle350,2024-03-29 21:54:36+00:00,40.288045,-88.126524,80.8346467072576,1135.0,11.672037485090172,rs2,2.781934043443263,34.789356337957614,32.00742229451435,4,2.781934043443263,53.97696816060122,51.19503411715795,80.2309515867141,negative_cross,toward_S4,4.011179539269325
5,gle350,2024-03-29 21:54:37+00:00,40.287962,-88.12651,90.04090329493631,1136.0,9.206256587678709,rs2,9.506440125559678,35.16124617031791,25.65480604475823,4,9.506440125559678,63.266823138479225,53.76038301291955,80.2309515867141,negative_cross,toward_S4,4.181665772374486
5,gle350,2024-03-29 21:54:38+00:00,40.287901,-88.126471,96.76301847229942,1137.0,6.722115177363108,rs2,17.05325793901224,34.82073285548191,17.767474916469666,4,17.05325793901224,70.32444049908915,53.27118256007691,80.2309515867141,negative_cross,toward_S4,4.306149386770098
5,gle350,2024-03-29 21:54:39+00:00,40.287863,-88.126416,100.90358579034346,1138.0,4.1405673180440346,rs2,22.987707884373588,33.392349203885075,10.404641319511487,4,22.987707884373588,75.15618521609613,52.16847733172254,80.2309515867141,negative_cross,toward_S4,4.382826559326469
5,gle350,2024-03-29 21:54:40+00:00,40.287845,-88.126352,102.80684605146085,1139.0,1.9032602611173957,rs2,27.745317562439507,30.923841651630912,3.1785240891914057,4,27.745317562439507,78.19029968460637,50.44498212216686,80.2309515867141,negative_cross,toward_S4,4.418072119717532
5,gle350,2024-03-29 21:54:41+00:00,40.287863,-88.126285,100.70315017360828,1140.0,-2.103695877852573,rs1,25.872495994063932,30.268752752308554,4.396256758244622,4,25.872495994063932,76.2775490787508,50.40505308468686,80.2309515867141,positive_cross,toward_S1,4.379114788646189
5,gle350,2024-03-29 21:54:42+00:00,40.287897,-88.126225,96.83133525893244,1141.0,-3.871814914675838,rs1,19.998823828656842,32.27657580139824,12.277751972741395,4,19.998823828656842,71.71508246472408,51.71625863606724,80.2309515867141,positive_cross,toward_S1,4.307414512448488
5,gle350,2024-03-29 21:54:43+00:00,40.287958,-88.126188,89.99293682300375,1142.0,-6.838398435928696,rs1,12.541679991066724,32.53243182307937,19.99075183201265,4,12.541679991066724,64.60969539207238,52.06801540100566,80.2309515867141,positive_cross,toward_S1,4.180777504375734
5,gle350,2024-03-29 21:54:44+00:00,40.288019,-88.12618,83.19890963127935,1143.0,-6.794027191724396,rs1,6.915893629279124,31.994329925658317,25.07843629637919,4,6.915893629279124,57.791021937101945,50.87512830782282,80.2309515867141,positive_cross,toward_S1,4.054962186010467
5,gle350,2024-03-29 21:54:45+00:00,40.28818,-88.126165,65.27648877959508,1144.0,-17.922420851684265,rs1,14.481687199968345,36.65916902109708,22.177481821128733,4,14.481687199968345,39.84917805932806,25.367490859359716,80.2309515867141,positive_cross,toward_S1,3.72306550357187
5,gle350,2024-03-29 21:54:46+00:00,40.288271,-88.126163,55.15633683623161,1145.0,-10.120151943363474,rs1,24.302324842932848,29.78843673934825,5.486111896415402,4,24.302324842932848,29.78843673934825,5.486111896415402,80.2309515867141,positive_cross,toward_S1,3.5356552823984724
5,gle350,2024-03-29 21:54:47+00:00,40.28837,-88.126162,44.14830026762833,1146.0,-11.00803656860328,rs3,18.940850282673168,35.19289372062471,16.252043437951542,3,18.940850282673168,35.19289372062471,16.252043437951542,26.33125891160298,positive_cross,toward_S1,3.3299452102967657
5,gle350,2024-03-29 21:54:48+00:00,40.288466,-88.126161,33.47379419977801,1147.0,-10.674506067850317,rs3,8.818268971302,34.78680415026079,25.968535178958792,3,8.818268971302,45.80858157535541,36.990312604053415,26.33125891160298,positive_cross,toward_S1,3.1322691720032414
5,gle350,2024-03-29 21:54:49+00:00,40.288561,-88.126157,22.905874836625873,1148.0,-10.56791936315214,rs3,4.709508556800809,34.58298345962353,29.873474902822718,3,4.709508556800809,51.20660894875396,46.497100391953154,26.33125891160298,positive_cross,toward_S1,2.936566961574498
5,gle350,2024-03-29 21:54:50+00:00,40.288656,-88.126148,12.33030525907095,1149.0,-10.575569577554923,rs3,13.688404241778974,37.881832200993884,24.193427959214908,3,13.688404241778974,40.612861957476525,26.92445771569755,26.33125891160298,positive_cross,toward_S1,2.740723080508666
5,gle350,2024-03-29 21:54:51+00:00,40.288751,-88.126144,1.762385896687024,1150.0,-10.567919362383927,rs3,24.065381040028335,30.047974866036572,5.982593826008237,3,24.065381040028335,30.047974866036572,5.982593826008237,26.33125891160298,positive_cross,toward_S1,2.545020870094149
5,gle350,2024-03-29 21:54:52+00:00,40.288852,-88.126144,-9.4664742964401,1151.0,-11.228860193127124,rs6,18.863964288240666,35.25092488860835,16.386960600367686,2,18.863964288240666,35.25092488860835,16.386960600367686,-27.632700444717127,positive_cross,toward_S1,2.3364115953384634
5,gle350,2024-03-29 21:54:53+00:00,40.288956,-88.12615,-21.01968473304554,1152.0,-11.55321043660544,rs6,7.672332781524983,32.434320229398345,24.761987447873363,2,7.672332781524983,46.82501945173211,39.152686670207125,-27.632700444717127,positive_cross,toward_S1,2.122463253919844
5,gle350,2024-03-29 21:54:54+00:00,40.28906,-88.126153,-32.57748529826656,1153.0,-11.557800565221019,rs6,5.3311115117900325,31.891972716175513,26.560861204385482,2,5.3311115117900325,46.981533899607385,41.65042238781735,-27.632700444717127,positive_cross,toward_S1,1.9084299101194548
5,gle350,2024-03-29 21:54:55+00:00,40.289163,-88.126148,-44.03634937319217,1154.0,-11.458864074925607,rs6,16.06921706001471,35.519335922290225,19.450118862275513,2,16.06921706001471,35.519335922290225,19.450118862275513,-27.632700444717127,positive_cross,toward_S1,1.6962287235467586
5,gle350,2024-03-29 21:54:56+00:00,40.289268,-88.126145,-55.71450702900156,1155.0,-11.678157655809393,rs8,23.84940285772251,27.637584097854074,3.788181240131564,1,23.84940285772251,27.637584097854074,3.788181240131564,-78.92951005359993,positive_cross,toward_S1,1.4299074634184883
5,gle350,2024-03-29 21:54:57+00:00,40.289369,-88.126147,-66.94030713636323,1156.0,-11.225800107361671,rs8,12.702435504045074,30.582937458225295,17.88050195418022,1,12.702435504045074,38.8536535897385,26.151218085693426,-78.92951005359993,positive_cross,toward_S1,1.222022276245124
5,gle350,2024-03-29 21:54:58+00:00,40.28946,-88.126153,-77.04821873594013,1157.0,-10.107911599576894,rs8,3.478670177616331,27.716412259772895,24.237742082156565,1,3.478670177616331,48.98725694390247,45.50858676628614,-78.92951005359993,positive_cross,toward_S1,1.034838728104811
5,gle350,2024-03-29 21:54:59+00:00,40.289538,-88.126182,-85.67564051313879,1158.0,-8.627421777198663,rs8,7.976450821973038,26.121727794899627,18.145276972926588,1,7.976450821973038,57.829450903379005,49.853000081405966,-78.92951005359993,positive_cross,toward_S1,0.8750716581566877
5,gle350,2024-03-29 21:55:00+00:00,40.2896,-88.126234,-92.48904196643801,1159.0,-6.813401453299221,rs8,16.14232490252131,24.939600818155093,8.797275915633783,1,16.14232490252131,65.2188235988189,49.07649869629759,-78.92951005359993,positive_cross,toward_S1,0.7488975571696652
5,gle350,2024-03-29 21:55:01+00:00,40.289634,-88.1263,-96.16807147878143,1160.0,-3.679029512343419,rs8,22.59565775586275,23.21814561729499,0.6224878614322407,1,22.59565775586275,69.98098267998282,47.38532492412007,-78.92951005359993,positive_cross,toward_S1,0.6807673810151573
5,gle350,2024-03-29 21:55:02+00:00,40.289636,-88.12637,-96.28332214490796,1161.0,-0.11525066612652779,rs10,20.045716302601868,27.040365191302115,6.994648888700247,1,20.045716302601868,70.26841453144073,50.22269822883886,-78.92951005359993,negative_cross,ambiguous,0.6786331094202217
5,gle350,2024-03-29 21:55:03+00:00,40.289603,-88.126427,-92.52727419213967,1162.0,3.7560479527682844,rs10,14.788048892832286,29.05733648516579,14.269287592333505,1,14.788048892832286,65.88692209942012,51.09887320658783,-78.92951005359993,negative_cross,toward_S4,0.7481895529900047
5,gle350,2024-03-29 21:55:04+00:00,40.289547,-88.126448,-86.26924061039634,1163.0,6.258033581743334,rs10,8.3129780265392,28.462113225355903,20.1491351988167,1,8.3129780265392,59.49228983849153,51.17931181195233,-78.92951005359993,negative_cross,toward_S4,0.8640790637630295
5,gle350,2024-03-29 21:55:05+00:00,40.289483,-88.12644,-79.16616360314399,1164.0,7.103077007252352,rs10,3.3966764373159153,26.844344818536683,23.44766838122077,1,3.3966764373159153,52.50993013538396,49.11325369806804,-78.92951005359993,negative_cross,toward_S4,0.9956175268602953
5,gle350,2024-03-29 21:55:06+00:00,40.289411,-88.126436,-71.16755175631428,1165.0,7.998611846829704,rs10,8.107966240637058,27.649770737953347,19.54180449731629,1,8.107966240637058,44.64530351589617,36.537337275259105,-78.92951005359993,negative_cross,toward_S4,1.1437399684682528
5,gle350,2024-03-29 21:55:07+00:00,40.289321,-88.126436,-61.16163673279823,1166.0,10.005915023516053,rs10,17.632740667570378,31.97464807546578,14.341907407895402,1,17.632740667570378,34.81741751344212,17.184676845871746,-78.92951005359993,negative_cross,toward_S4,1.3290346911259574
5,gle350,2024-03-29 21:55:08+00:00,40.28922,-88.126437,-49.931246496799254,1167.0,11.230390235998975,rs7,23.94249794567548,28.70708312300641,4.764585177330929,2,23.94249794567548,28.70708312300641,4.764585177330929,-27.632700444717127,negative_cross,toward_S4,1.5870639619984792
5,gle350,2024-03-29 21:55:09+00:00,40.289115,-88.126439,-38.254618883861724,1168.0,11.67662761293753,rs7,13.24186495400082,29.228031934368776,15.986166980367956,2,13.24186495400082,40.30695419450565,27.065089240504832,-27.632700444717127,negative_cross,toward_S4,1.8032978066825074
5,gle350,2024-03-29 21:55:10+00:00,40.289003,-88.126436,-25.807403649760843,1169.0,12.44721523410088,rs7,7.615494589235556,27.083122533848975,19.46762794461342,2,7.615494589235556,52.74749636212784,45.13200177289228,-27.632700444717127,negative_cross,toward_S4,2.0338017924991902
5,gle350,2024-03-29 21:55:11+00:00,40.288889,-88.126434,-13.136304705348909,1170.0,12.671098944411934,rs7,16.00120480960181,30.56492508178954,14.56372027218773,2,16.00120480960181,41.45624305521578,25.45503824561397,-27.632700444717127,negative_cross,toward_S4,2.268451772951263
5,gle350,2024-03-29 21:55:12+00:00,40.288775,-88.126446,-0.44378516147744224,1171.0,12.692519543871466,rs7,27.540903352380607,29.050414457652604,1.5095111052719972,2,27.540903352380607,29.050414457652604,1.5095111052719972,-27.632700444717127,negative_cross,toward_S4,2.5034984311711055
5,gle350,2024-03-29 21:55:13+00:00,40.288664,-88.126468,11.930504311214841,1172.0,12.374289472692285,rs5,16.982812666425907,33.37599962659121,16.393186960165302,3,16.982812666425907,39.36469667750627,22.38188401108036,26.33125891160298,negative_cross,toward_S4,2.7333193592520715
5,gle350,2024-03-29 21:55:14+00:00,40.288553,-88.126489,24.30326374024531,1173.0,12.372759429030468,rs5,6.76592201790005,32.02478388125604,25.258861863355992,3,6.76592201790005,51.50708486233114,44.74116284443109,26.33125891160298,negative_cross,toward_S4,2.962444533863747
5,gle350,2024-03-29 21:55:15+00:00,40.288438,-88.126506,37.114610332601515,1174.0,12.811346592356205,rs5,11.239589304785072,35.144379097748725,23.904789792963655,3,11.239589304785072,44.482764156997824,33.24317485221275,26.33125891160298,negative_cross,toward_S4,3.1996916929814545
5,gle350,2024-03-29 21:55:16+00:00,40.28832,-88.126517,50.250307168436045,1175.0,13.13569683583453,rs5,23.608550499584734,31.33062135204332,7.722070852458586,3,23.608550499584734,31.33062135204332,7.722070852458586,26.33125891160298,negative_cross,toward_S4,3.442945338089501
5,gle350,2024-03-29 21:55:17+00:00,40.288204,-88.126521,63.15294003670661,1176.0,12.902632868270565,rs2,18.49359183129095,36.36391695976585,17.870325128474903,4,18.49359183129095,36.36391695976585,17.870325128474903,80.2309515867141,negative_cross,toward_S4,3.683740526851713
5,gle350,2024-03-29 21:55:18+00:00,40.288095,-88.12652,75.26968485584173,1177.0,12.116744819135121,rs2,6.851314079003886,34.705980746299005,27.85466666729512,4,6.851314079003886,48.45108751959935,41.59977344059546,80.2309515867141,negative_cross,toward_S4,3.9081246901690303
5,gle350,2024-03-29 21:55:19+00:00,40.288001,-88.126516,85.71418704189358,1178.0,10.44450218605185,rs2,5.504143838959045,34.62891105806697,29.124767219107923,4,5.504143838959045,58.904267357072825,53.40012351811378,80.2309515867141,negative_cross,toward_S4,4.1015413973181385
5,gle350,2024-03-29 21:55:20+00:00,40.287927,-88.126503,93.92138217027227,1179.0,8.207195128378686,rs2,13.341161021611873,35.9593727905753,22.618211768963427,4,13.341161021611873,67.19265286697302,53.851491845361146,80.2309515867141,negative_cross,toward_S4,4.253526492288114
5,gle350,2024-03-29 21:55:21+00:00,40.287872,-88.12646,99.97031617466378,1180.0,6.048934004391512,rs2,20.377232089805823,35.752713985791004,15.375481895985182,4,20.377232089805823,73.63553429331873,53.258302203512905,80.2309515867141,negative_cross,toward_S4,4.365543788665735
5,gle350,2024-03-29 21:55:22+00:00,40.28784,-88.126396,103.43005210535523,1181.0,3.4597359306914512,rs2,26.055117703832934,33.87084991354769,7.815732209714753,4,26.055117703832934,77.96982531715797,51.914707613325035,80.2309515867141,negative_cross,toward_S4,4.429612972567428
5,gle350,2024-03-29 21:55:23+00:00,40.287836,-88.126324,103.76459635313374,1182.0,0.3345442477785099,rs2,30.035400897667703,30.232237918484596,0.19683702081689347,4,30.035400897667703,79.73473792097008,49.69933702330238,80.2309515867141,negative_cross,ambiguous,4.435808236415179
5,gle350,2024-03-29 21:55:24+00:00,40.28786,-88.126258,100.99536951671234,1183.0,-2.769226836421396,rs1,24.9530692671521,32.25010054272524,7.2970312755731435,4,24.9530692671521,76.19979477487236,51.24672550772026,80.2309515867141,positive_cross,toward_S1,4.38452625796293
5,gle350,2024-03-29 21:55:25+00:00,40.287902,-88.12621,96.25250044764068,1184.0,-4.742869069071659,rs1,18.929365171317542,33.12899388548144,14.1996287141639,4,18.929365171317542,71.0040130261489,52.074647854831355,80.2309515867141,positive_cross,toward_S1,4.296695349276418
5,gle350,2024-03-29 21:55:26+00:00,40.28796,-88.126182,89.76140289912337,1185.0,-6.491097548517317,rs1,12.099284589236479,32.9607649102257,20.86148032098922,4,12.099284589236479,64.33949976632736,52.24021517709089,80.2309515867141,positive_cross,toward_S1,4.17648983911869
5,gle350,2024-03-29 21:55:27+00:00,40.288026,-88.12617,82.40537136695117,1186.0,-7.356031532172196,rs1,5.772872493857474,32.79466690203539,27.021794408177914,4,5.772872493857474,56.93701540366397,51.1641429098065,80.2309515867141,positive_cross,toward_S1,4.040267032967353
5,gle350,2024-03-29 21:55:28+00:00,40.288101,-88.12616,74.05180841911904,1187.0,-8.353562947832131,rs1,6.362924670604632,34.286875075026764,27.923950404422133,4,6.362924670604632,48.55312897706465,42.19020430646002,80.2309515867141,positive_cross,toward_S1,3.8855714228223137
5,gle350,2024-03-29 21:55:29+00:00,40.288188,-88.126153,64.36871359620946,1188.0,-9.683094822909581,rs1,15.078968271632437,37.960795585266915,22.881827313634478,4,15.078968271632437,38.86124782595175,23.782279554319313,80.2309515867141,positive_cross,toward_S1,3.706254852027692
5,gle350,2024-03-29 21:55:30+00:00,40.288288,-88.126148,53.24338002201503,1189.0,-11.125333574194428,rs1,25.996534459296782,27.75085840604145,1.754323946744666,4,25.996534459296782,27.75085840604145,1.754323946744666,80.2309515867141,positive_cross,toward_S1,3.5002301562092764
5,gle350,2024-03-29 21:55:31+00:00,40.288394,-88.126149,41.460165704401064,1190.0,-11.783214317613968,rs3,16.09978938331435,37.743533497013715,21.643744113699366,3,16.09978938331435,37.743533497013715,21.643744113699366,26.33125891160298,positive_cross,toward_S1,3.280164940607372
5,gle350,2024-03-29 21:55:32+00:00,40.288503,-88.126148,29.34036079952222,1191.0,-12.119804904878844,rs3,4.764248820683834,35.28989330929305,30.525644488609217,3,4.764248820683834,49.83412285730663,45.0698740366228,26.33125891160298,positive_cross,toward_S1,3.0557241090355416
5,gle350,2024-03-29 21:55:33+00:00,40.288614,-88.126148,16.999732270097773,1192.0,-12.340628529424446,rs3,9.191990621657023,36.404609684548554,27.21261906289153,3,9.191990621657023,45.27591031595896,36.08391969430194,26.33125891160298,positive_cross,toward_S1,2.827193951083237
5,gle350,2024-03-29 21:55:34+00:00,40.288724,-88.126146,4.767220489033323,1193.0,-12.23251178106445,rs3,21.106275924748463,33.055424963342304,11.949149038593841,3,21.106275924748463,33.055424963342304,11.949149038593841,26.33125891160298,positive_cross,toward_S1,2.600665955137599
5,gle350,2024-03-29 21:55:35+00:00,40.288836,-88.126146,-7.684584873704869,1194.0,-12.451805362738192,rs6,20.65118863619556,33.490903292411794,12.839714656216234,2,20.65118863619556,33.490903292411794,12.839714656216234,-27.632700444717127,positive_cross,toward_S1,2.369409547611338
5,gle350,2024-03-29 21:55:36+00:00,40.28895,-88.126148,-20.355683817326845,1195.0,-12.671098943621976,rs6,8.2441794459193,32.742022692792894,24.497843246873593,2,8.2441794459193,46.14777213015488,37.903592684235576,-27.632700444717127,positive_cross,toward_S1,2.134759567173894
5,gle350,2024-03-29 21:55:37+00:00,40.289065,-88.126151,-33.13642955218067,1196.0,-12.780745734853827,rs6,5.713018955174337,32.15053272548926,26.437513770314926,2,5.713018955174337,46.41738846960594,40.704369514431605,-27.632700444717127,positive_cross,toward_S1,1.8980790906025269
5,gle350,2024-03-29 21:55:38+00:00,40.28918,-88.12615,-45.92329545852192,1197.0,-12.786865906341248,rs6,17.963300036589246,33.64275373197928,15.679453695390038,2,17.963300036589246,33.64275373197928,15.679453695390038,-27.632700444717127,positive_cross,toward_S1,1.6612852775221334
5,gle350,2024-03-29 21:55:39+00:00,40.289293,-88.126148,-58.48933774031758,1198.0,-12.56604228179566,rs8,21.101325056397542,30.4298040440722,9.328478987674657,1,21.101325056397542,30.4298040440722,9.328478987674657,-78.92951005359993,positive_cross,toward_S1,1.3785217095052287
5,gle350,2024-03-29 21:55:40+00:00,40.289401,-88.12615,-70.49337568247712,1199.0,-12.004037942159542,rs8,9.261997627419317,29.13609583507623,19.874098207656914,1,9.261997627419317,42.42190225804443,33.159904630625114,-78.92951005359993,positive_cross,toward_S1,1.1562247105763483
5,gle350,2024-03-29 21:55:41+00:00,40.289494,-88.12616,-80.81752077796233,1200.0,-10.324145095485207,rs8,3.3732219418595815,27.137732491951535,23.764510550091956,1,3.3732219418595815,52.799483742466315,49.42626180060673,-78.92951005359993,positive_cross,toward_S1,0.9650368384377332
5,gle350,2024-03-29 21:55:42+00:00,40.289571,-88.126182,-89.34447602197199,1201.0,-8.526955244009656,rs8,11.089802701083359,27.319560830580727,16.22975812949737,1,11.089802701083359,61.48447852669002,50.39467582560666,-78.92951005359993,positive_cross,toward_S1,0.8071302598449619
5,gle350,2024-03-29 21:55:43+00:00,40.28963,-88.126229,-95.83199718892104,1202.0,-6.487521166949051,rs8,18.75311261229924,27.256216392360862,8.503103780061622,1,18.75311261229924,68.4591457070158,49.70603309471655,-78.92951005359993,positive_cross,toward_S1,0.6869909789755351
5,gle350,2024-03-29 21:55:44+00:00,40.289664,-88.126289,-99.52020695851736,1203.0,-3.6882097695963267,rs8,24.649724699820094,26.3939259536269,1.744201253806807,1,24.649724699820094,73.04738058892389,48.39765588910379,-78.92951005359993,positive_cross,toward_S1,0.6186907980570845
5,gle350,2024-03-29 21:55:45+00:00,40.289671,-88.126356,-100.19593192061815,1204.0,-0.6757249621007873,rs10,24.059033154138348,28.837842311230858,4.77880915709251,1,24.059033154138348,74.31578131487709,50.25674816073874,-78.92951005359993,negative_cross,toward_S1,0.6061773728329958
5,gle350,2024-03-29 21:55:46+00:00,40.289646,-88.126415,-97.32623855100779,1205.0,2.86969336961036,rs10,19.661985481468083,30.73717499398661,11.075189512518527,1,19.661985481468083,70.76071969386706,51.09873421239898,-78.92951005359993,negative_cross,toward_S4,0.6593198426405951
5,gle350,2024-03-29 21:55:47+00:00,40.2896,-88.126446,-92.16467287677796,1206.0,5.161565674229834,rs10,14.062475046517335,30.348496923974828,16.286021877457493,1,14.062475046517335,65.37245661321124,51.30998156669391,-78.92951005359993,negative_cross,toward_S4,0.7549043921633698
5,gle350,2024-03-29 21:55:48+00:00,40.289544,-88.12645,-85.93265002389968,1207.0,6.2320228528782735,rs10,7.94294753812965,28.543523579424427,20.600576041294776,1,7.94294753812965,59.14227653578057,51.199328997650916,-78.92951005359993,negative_cross,toward_S4,0.8703122227722268
5,gle350,2024-03-29 21:55:49+00:00,40.289485,-88.12644,-79.38851727056142,1208.0,6.5441327533382605,rs10,3.453743411627327,26.84637209841135,23.392628686784022,1,3.453743411627327,52.73031834937269,49.27657493774536,-78.92951005359993,negative_cross,toward_S4,0.9914998663525649
5,gle350,2024-03-29 21:55:50+00:00,40.289422,-88.126431,-72.3981471403064,1209.0,6.990370130255016,rs10,7.2658816458559095,26.915236551642593,19.649354905786684,1,7.2658816458559095,45.92312205987709,38.657240414021175,-78.92951005359993,negative_cross,toward_S4,1.1209511650609911
5,gle350,2024-03-29 21:55:51+00:00,40.289344,-88.126427,-63.732474291202585,1210.0,8.66567284910382,rs10,15.341060280516837,29.95864661366905,14.617586333152213,1,15.341060280516837,37.48050922151597,22.139448940999138,-78.92951005359993,negative_cross,toward_S4,1.2814265881925433
5,gle350,2024-03-29 21:55:52+00:00,40.289254,-88.126426,-53.72808931058014,1211.0,10.004384980622447,rs10,25.109286034230536,27.828831616658643,2.7195455824281076,1,25.109286034230536,27.828831616658643,2.7195455824281076,-78.92951005359993,negative_cross,toward_S4,1.4666929767225887
5,gle350,2024-03-29 21:55:53+00:00,40.289153,-88.126428,-42.49616903168755,1212.0,11.231920278892588,rs7,17.358863769595192,30.183768383958878,12.824904614363685,2,17.358863769595192,36.19678325984578,18.837919490250588,-27.632700444717127,negative_cross,toward_S4,1.72475058172277
5,gle350,2024-03-29 21:55:54+00:00,40.289044,-88.126431,-30.37330404106499,1213.0,12.12286499062256,rs7,8.535233378613366,26.718917541601005,18.18368416298764,2,8.535233378613366,48.23313225961313,39.69789888099976,-27.632700444717127,negative_cross,toward_S4,1.9492480815491136
5,gle350,2024-03-29 21:55:55+00:00,40.288931,-88.126441,-17.79502141625099,1214.0,12.578282624814001,rs7,11.741573908777651,29.184343602283388,17.44276969350574,2,11.741573908777651,45.84253841065846,34.10096450188081,-27.632700444717127,negative_cross,toward_S4,2.1821792412678915
5,gle350,2024-03-29 21:55:56+00:00,40.288821,-88.126457,-5.541089034915298,1215.0,12.25393238133569,rs7,22.352862984570738,33.646066935658226,11.293203951087488,2,22.352862984570738,33.646066935658226,11.293203951087488,-27.632700444717127,negative_cross,toward_S4,2.4091039149963303
5,gle350,2024-03-29 21:55:57+00:00,40.288709,-88.126476,6.939787142453419,1216.0,12.480876177368717,rs5,21.281693340496403,34.31419974427047,13.032506403774065,3,21.281693340496403,34.31419974427047,13.032506403774065,26.33125891160298,negative_cross,toward_S4,2.6408986709416746
5,gle350,2024-03-29 21:55:58+00:00,40.288597,-88.126489,19.411483061801032,1217.0,12.471695919347614,rs5,9.768378841817366,32.68094883030791,22.912569988490546,3,9.768378841817366,46.62227444748367,36.8538956056663,26.33125891160298,negative_cross,toward_S4,2.8718560027814455
5,gle350,2024-03-29 21:55:59+00:00,40.288482,-88.126499,32.212119354010746,1218.0,12.800636292209713,rs5,7.537969821598543,33.362464650000824,25.82449482840228,3,7.537969821598543,49.41123439182084,41.8732645702223,26.33125891160298,negative_cross,toward_S4,3.1089048230075513
5,gle350,2024-03-29 21:56:00+00:00,40.288364,-88.126506,45.34169601835784,1219.0,13.129576664347091,rs5,19.01111957264829,36.298201795611156,17.287082222962866,3,19.01111957264829,36.298201795611156,17.287082222962866,26.33125891160298,negative_cross,toward_S4,3.3520451316065714
5,gle350,2024-03-29 21:56:01+00:00,40.288245,-88.126512,58.580919473125086,1220.0,13.239223454767249,rs2,23.117327310465548,31.921622363883976,8.804295053418429,4,23.117327310465548,31.921622363883976,8.804295053418429,80.2309515867141,negative_cross,toward_S4,3.599073479377981
5,gle350,2024-03-29 21:56:02+00:00,40.288134,-88.126516,70.92766817403694,1221.0,12.346748700911853,rs2,11.005485333493663,35.1850853121665,24.179599978672837,4,11.005485333493663,44.155498496693724,33.15001316320006,80.2309515867141,negative_cross,toward_S4,3.827716973839312
5,gle350,2024-03-29 21:56:03+00:00,40.288036,-88.126516,81.82299786643287,1222.0,10.895329692395933,rs2,3.4297794509730943,34.1605915631405,30.730812112167406,4,3.4297794509730943,55.02070454509075,51.59092509411766,80.2309515867141,negative_cross,toward_S4,4.0294823385133105
5,gle350,2024-03-29 21:56:04+00:00,40.287948,-88.126494,91.57289827926364,1223.0,9.749900412830769,rs2,11.499716329103405,34.37826772535008,22.87855139624667,4,11.499716329103405,64.92763016907507,53.427913839971666,80.2309515867141,negative_cross,toward_S4,4.210036049862029
5,gle350,2024-03-29 21:56:05+00:00,40.287887,-88.126461,98.30419371390138,1224.0,6.731295434637744,rs2,18.823510015476934,34.897669720509434,16.0741597050325,4,18.823510015476934,71.96888348669256,53.14537347121563,80.2309515867141,negative_cross,toward_S4,4.334689669021987
5,gle350,2024-03-29 21:56:06+00:00,40.287844,-88.1264,102.99146494281945,1225.0,4.687271228918064,rs2,25.498593092814417,33.79982140225245,8.30122830943803,4,25.498593092814417,77.47120915504262,51.9726160622282,80.2309515867141,negative_cross,toward_S4,4.421490988076025
5,gle350,2024-03-29 21:56:07+00:00,40.287831,-88.12632,104.31436034979497,1226.0,1.322895406975519,rs1,30.487874341760133,30.678022135313533,0.1901477935534004,4,30.487874341760133,80.35900783802101,49.87113349626088,80.2309515867141,positive_cross,toward_S4,4.445989051168164
5,gle350,2024-03-29 21:56:08+00:00,40.287856,-88.12625,101.42783650852891,1227.0,-2.8865238412660545,rs1,25.02240064115198,33.05852958855191,8.036128947399934,4,25.02240064115198,76.53220783881221,51.50980719766024,80.2309515867141,positive_cross,toward_S1,4.3925349059595336
5,gle350,2024-03-29 21:56:09+00:00,40.287903,-88.126206,96.13520344281775,1228.0,-5.292633065711158,rs1,18.684982038743847,33.37928912406218,14.694307085318336,4,18.684982038743847,70.85462968021763,52.16964764147378,80.2309515867141,positive_cross,toward_S1,4.294523182520438
5,gle350,2024-03-29 21:56:10+00:00,40.287959,-88.126188,89.88175998969,1229.0,-6.253443453127758,rs1,12.4454311232672,32.50146240362843,20.056031280361232,4,12.4454311232672,64.49902237561554,52.05359125234834,80.2309515867141,positive_cross,toward_S1,4.1787186741291835
5,gle350,2024-03-29 21:56:11+00:00,40.288024,-88.126172,82.63078512011234,1230.0,-7.250974869577661,rs1,6.039929341215987,32.63646742124117,26.596538080025184,4,6.039929341215987,57.173453006716585,51.1335236655006,80.2309515867141,positive_cross,toward_S1,4.044441361729597
5,gle350,2024-03-29 21:56:12+00:00,40.288103,-88.12616,73.82945475170158,1231.0,-8.80133036841076,rs1,6.540487332469154,34.33165885499103,27.79117152252188,4,6.540487332469154,48.331457224063804,41.79096989159465,80.2309515867141,positive_cross,toward_S1,3.881453762314583
5,gle350,2024-03-29 21:56:14+00:00,40.288193,-88.126153,63.81282942806077,1233.0,-5.008312661820401,rs1,15.62215717409243,38.205406576322424,22.583249402229995,4,15.62215717409243,38.30735885794533,22.685201683852902,80.2309515867141,positive_cross,toward_S1,3.695960700765679
5,gle350,2024-03-29 21:56:15+00:00,40.288295,-88.126149,52.46667223011073,1234.0,-11.346157197950042,rs1,26.779726465722632,26.986770598455724,0.20704413273309186,4,26.779726465722632,26.986770598455724,0.20704413273309186,80.2309515867141,positive_cross,toward_S1,3.485846678581419
5,gle350,2024-03-29 21:56:16+00:00,40.288403,-88.126146,40.45498407280192,1235.0,-12.01168815730881,rs3,15.068498055117194,38.031244605881305,22.96274655076411,3,15.068498055117194,38.72301560675308,23.654517551635884,26.33125891160298,positive_cross,toward_S1,3.2615504659481287
5,gle350,2024-03-29 21:56:17+00:00,40.288513,-88.126143,28.22094224884387,1236.0,-12.234041823958052,rs3,3.656922234696043,35.638443874359055,31.98152163966301,3,3.656922234696043,50.9224652473099,47.26554301261386,26.33125891160298,positive_cross,toward_S1,3.034994135874831
5,gle350,2024-03-29 21:56:18+00:00,40.288624,-88.12614,15.875723591593811,1237.0,-12.345218657250058,rs3,10.06809424590238,37.35860022876599,27.290505982863607,3,10.06809424590238,44.131062735091504,34.062968489189124,26.33125891160298,positive_cross,toward_S1,2.806378975555386
5,gle350,2024-03-29 21:56:19+00:00,40.288738,-88.126138,3.1985044756727015,1238.0,-12.67721911592111,rs3,22.574100287583818,31.457968645783726,8.883868358199908,3,22.574100287583818,31.457968645783726,8.883868358199908,26.33125891160298,positive_cross,toward_S1,2.571615658593884
5,gle350,2024-03-29 21:56:20+00:00,40.288854,-88.126138,-9.698008221110443,1239.0,-12.896512696783144,rs6,18.58881514643318,35.43764620057852,16.84883105414534,2,18.58881514643318,35.43764620057852,16.84883105414534,-27.632700444717127,positive_cross,toward_S1,2.3321239300667904
5,gle350,2024-03-29 21:56:21+00:00,40.288971,-88.126144,-22.69651749395445,1240.0,-12.998509272844005,rs6,5.93357656005259,32.63971200195439,26.706135441901804,2,5.93357656005259,48.458625013183095,42.52504845313051,-27.632700444717127,positive_cross,toward_S1,2.091410795384494
5,gle350,2024-03-29 21:56:22+00:00,40.289086,-88.126154,-35.466552928661784,1241.0,-12.770035434707335,rs6,7.923102879766002,32.38638848860194,24.463285608835935,2,7.923102879766002,44.09887579632577,36.175772916559765,-27.632700444717127,positive_cross,toward_S1,1.8549286577047286
5,gle350,2024-03-29 21:56:23+00:00,40.2892,-88.12616,-48.13153170156455,1242.0,-12.664978772902764,rs6,20.29756952633787,31.495357434374178,11.197787908036307,2,20.29756952633787,31.495357434374178,11.197787908036307,-27.632700444717127,positive_cross,toward_S1,1.6203920137620849
5,gle350,2024-03-29 21:56:24+00:00,40.289308,-88.126156,-60.144749900977,1243.0,-12.01321819941245,rs8,19.52560567697538,32.154174053638194,12.628568376662813,1,19.52560567697538,32.154174053638194,12.628568376662813,-78.92951005359993,positive_cross,toward_S1,1.3478659287522765
5,gle350,2024-03-29 21:56:25+00:00,40.289407,-88.126152,-71.1573765981741,1244.0,-11.0126266971971,rs8,8.661620784539602,28.78826768591538,20.12664690137578,1,8.661620784539602,43.09903755487138,34.43741677033178,-78.92951005359993,positive_cross,toward_S1,1.1439283973227006
5,gle350,2024-03-29 21:56:26+00:00,40.289498,-88.126153,-81.27293841292199,1245.0,-10.115561814747892,rs8,3.0770976945306985,27.765549027522702,24.688451332992003,1,3.0770976945306985,53.206537704534796,50.129440010004096,-78.92951005359993,positive_cross,toward_S1,0.9566031785310729
5,gle350,2024-03-29 21:56:27+00:00,40.289576,-88.126177,-89.90801040371174,1246.0,-8.635071990789754,rs8,11.4150967417209,27.927880074691924,16.512783332971026,1,11.4150967417209,62.00250852946564,50.58741178774474,-78.92951005359993,positive_cross,toward_S1,0.7966944379608923
5,gle350,2024-03-29 21:56:28+00:00,40.289635,-88.126225,-96.39400152776717,1247.0,-6.485991124055431,rs8,19.088437972105275,27.870441052510866,8.782003080405591,1,19.088437972105275,68.96433485776184,49.875896885656566,-78.92951005359993,positive_cross,toward_S1,0.6765834912191251
5,gle350,2024-03-29 21:56:29+00:00,40.289666,-88.126293,-99.73644045363568,1248.0,-3.3424389258685068,rs8,25.026273583715252,26.365907118159043,1.3396335344437915,1,25.026273583715252,73.3335073574041,48.30723377368885,-78.92951005359993,positive_cross,toward_S1,0.6146864740734119
5,gle350,2024-03-29 21:56:30+00:00,40.289668,-88.126361,-99.8547512055059,1249.0,-0.11831075187022577,rs10,23.575573311642902,28.889393515472168,5.313820203829266,1,23.575573311642902,73.90765134003327,50.33207802839037,-78.92951005359993,negative_cross,ambiguous,0.6124955342239633
5,gle350,2024-03-29 21:56:31+00:00,40.289637,-88.126416,-96.32411700592054,1250.0,3.5306341995853643,rs10,18.677464483785666,30.222735673488287,11.545271189702621,1,18.677464483785666,69.75721323015156,51.079748746365894,-78.92951005359993,negative_cross,toward_S4,0.6778776490310997
5,gle350,2024-03-29 21:56:32+00:00,40.289588,-88.126444,-90.83361095959685,1251.0,5.490506046323688,rs10,12.795558865659174,29.638893608067942,16.843334742408768,1,12.795558865659174,64.0626167190575,51.26705785339833,-78.92951005359993,negative_cross,toward_S4,0.7795536869259828
5,gle350,2024-03-29 21:56:33+00:00,40.289529,-88.126439,-84.28182799187758,1252.0,6.5517829677192765,rs10,6.792424331774082,27.269287120675006,20.476862788900924,1,6.792424331774082,57.59347556891096,50.80105123713688,-78.92951005359993,negative_cross,toward_S4,0.9008830011430065
5,gle350,2024-03-29 21:56:34+00:00,40.289468,-88.126432,-77.5107514425063,1253.0,6.771076549371273,rs10,4.088084784609451,26.210262440266476,22.122177655657026,1,4.088084784609451,50.95747501031171,46.86939022570226,-78.92951005359993,negative_cross,toward_S4,1.026273307612845
5,gle350,2024-03-29 21:56:35+00:00,40.289397,-88.12643,-69.62025634322488,1254.0,7.890495099281424,rs10,9.730760093727566,27.653828242855816,17.923068149128248,1,9.730760093727566,43.202375412228854,33.471615318501286,-78.92951005359993,negative_cross,toward_S4,1.1723935872291675
5,gle350,2024-03-29 21:56:36+00:00,40.28931,-88.126432,-59.94481173469634,1255.0,9.675444608528544,rs10,18.90013670040633,32.40008232756008,13.49994562715375,1,18.90013670040633,33.700854108829326,14.800717408422997,-78.92951005359993,negative_cross,toward_S4,1.3515684873871034
5,gle350,2024-03-29 21:56:37+00:00,40.289112,-88.126438,-37.922618426024115,1256.0,22.02219330867222,rs7,13.01126592858165,29.030112561118244,16.018846632536594,2,13.01126592858165,40.64663098540244,27.63536505682079,-27.632700444717127,negative_cross,toward_S4,1.8094459633091298
5,gle350,2024-03-29 21:56:38+00:00,40.28901,-88.126439,-26.581051355899685,1257.0,11.34156707012443,rs7,7.261043337434722,27.292935880284197,20.031892542849477,2,7.261043337434722,51.95355757597468,44.69251423853996,-27.632700444717127,negative_cross,toward_S4,2.019474983126249
5,gle350,2024-03-29 21:56:39+00:00,40.288906,-88.12644,-15.0171306191695,1258.0,11.563920736730186,rs7,14.1048961821229,30.168018032574704,16.063121850451804,2,14.1048961821229,43.15797877852666,29.053082596403762,-27.632700444717127,negative_cross,toward_S4,2.2336216634360673
5,gle350,2024-03-29 21:56:40+00:00,40.288804,-88.126448,-3.6648532497320234,1259.0,11.352277369437477,rs7,24.37736949725545,32.05045789708485,7.673088399829396,2,24.37736949725545,32.05045789708485,7.673088399829396,-27.632700444717127,negative_cross,toward_S4,2.4438490221293536
5,gle350,2024-03-29 21:56:41+00:00,40.288702,-88.126464,7.699664462723799,1260.0,11.364517712455822,rs5,20.93777965417126,35.09693407217633,14.159154418005073,3,20.93777965417126,35.22075992524738,14.28298027107612,26.33125891160298,negative_cross,toward_S4,2.654970473168904
5,gle350,2024-03-29 21:56:42+00:00,40.288598,-88.126483,19.29112597121265,1261.0,11.591461508488852,rs5,10.184021442616364,32.20678651404057,22.02276507142421,3,10.184021442616364,46.54682975977117,36.36280831715481,26.33125891160298,negative_cross,toward_S4,2.8696271677705494
5,gle350,2024-03-29 21:56:43+00:00,40.288489,-88.126499,31.433881519234593,1262.0,12.142755548021942,rs5,7.01552460548415,33.231121368288356,26.215596762804207,3,7.01552460548415,50.186125523830015,43.17060091834586,26.33125891160298,negative_cross,toward_S4,3.094493011252437
5,gle350,2024-03-29 21:56:44+00:00,40.288372,-88.126509,44.45687147809355,1263.0,13.022989958858954,rs5,18.08589377718442,37.15379872012855,19.06790494294413,3,18.08589377718442,37.15379872012855,19.06790494294413,26.33125891160298,negative_cross,toward_S4,3.3356594919720477
5,gle350,2024-03-29 21:56:45+00:00,40.288254,-88.126515,57.58491809954704,1264.0,13.128046621453493,rs2,24.067516153399247,30.895704594746356,6.828188441347109,4,24.067516153399247,30.895704594746356,6.828188441347109,80.2309515867141,negative_cross,toward_S4,3.5806290094969064
5,gle350,2024-03-29 21:56:46+00:00,40.288139,-88.126518,70.37484409165377,1265.0,12.789925992106731,rs2,11.486755064689374,35.49062291217692,24.00386784748754,4,11.486755064689374,43.58659312786699,32.099838063177614,80.2309515867141,negative_cross,toward_S4,3.8174794908322163
5,gle350,2024-03-29 21:56:47+00:00,40.28804,-88.126518,81.38135061736342,1266.0,11.006506525709653,rs2,3.232568829234553,34.304407159914035,31.071838330679483,4,3.232568829234553,54.56494995012128,51.33238112088673,80.2309515867141,negative_cross,toward_S4,4.021303685752765
5,gle350,2024-03-29 21:56:48+00:00,40.287958,-88.126513,90.49020075761858,1267.0,9.108850140255157,rs2,9.815998428678238,35.53793052492792,25.721932096249684,4,9.815998428678238,63.693342931138154,53.87734450245992,80.2309515867141,negative_cross,toward_S4,4.18998609575749
5,gle350,2024-03-29 21:56:49+00:00,40.287896,-88.12648,97.33267302554832,1268.0,6.842472267929736,rs2,17.258709637141354,35.75955584904254,18.500846211901187,4,17.258709637141354,70.79763209068595,53.5389224535446,80.2309515867141,negative_cross,toward_S4,4.316698545163597
5,gle350,2024-03-29 21:56:50+00:00,40.287856,-88.126431,101.70477426903092,1269.0,4.372101243482604,rs2,23.044393515946847,34.86868722681077,11.824293710863923,4,23.044393515946847,75.72621842467717,52.68182490873032,80.2309515867141,negative_cross,toward_S4,4.397663383005867
5,gle350,2024-03-29 21:56:51+00:00,40.287834,-88.126361,104.04356160696213,1270.0,2.3387873379312083,rs2,28.257433036404365,32.349998633213666,4.092565596809301,4,28.257433036404365,79.21363703012113,50.95620399371677,80.2309515867141,negative_cross,toward_S4,4.440974259634222
5,gle350,2024-03-29 21:56:52+00:00,40.287839,-88.126289,103.37751435175706,1271.0,-0.666047255205072,rs1,28.300048765914966,31.825676802926818,3.5256280370118525,4,28.300048765914966,78.96264428818806,50.662595522273094,80.2309515867141,positive_cross,toward_S1,4.428640051204499
5,gle350,2024-03-29 21:56:53+00:00,40.287869,-88.126232,99.95499689974174,1272.0,-3.422517452015313,rs1,23.045982861327378,33.42845628465195,10.382473423324573,4,23.045982861327378,74.88102071123357,51.8350378499062,80.2309515867141,positive_cross,toward_S1,4.365260098389401
5,gle350,2024-03-29 21:56:54+00:00,40.287912,-88.126195,95.11778146899022,1273.0,-4.837215430751527,rs1,17.39137204009879,33.77882112532424,16.38744908522545,4,17.39137204009879,69.75986202385614,52.36848998375736,80.2309515867141,positive_cross,toward_S1,4.275682034856965
5,gle350,2024-03-29 21:56:55+00:00,40.287964,-88.126177,89.30904534990741,1274.0,-5.808736119082809,rs1,11.507325998929847,33.25374648770057,21.74642048877072,4,11.507325998929847,63.85857560686242,52.35124960793257,80.2309515867141,positive_cross,toward_S1,4.168112847466543
5,gle350,2024-03-29 21:56:56+00:00,40.288022,-88.126173,82.85466883040166,1275.0,-6.454376519505743,rs1,6.240052504145729,32.56459221187815,26.32453970773242,4,6.240052504145729,57.402593717559405,51.162541213413675,80.2309515867141,positive_cross,toward_S1,4.0485873563645844
5,gle350,2024-03-29 21:56:57+00:00,40.288092,-88.126168,75.064640264331,1276.0,-7.79002856607066,rs1,6.09401910836669,33.433901333256486,27.339882224889795,4,6.09401910836669,49.61090335322487,43.51688424485818,80.2309515867141,positive_cross,toward_S1,3.9043275681040166
5,gle350,2024-03-29 21:56:58+00:00,40.288174,-88.126161,65.93742960954835,1277.0,-9.127210654782658,rs1,13.744137818314668,36.69031516816965,22.946177349854977,4,13.744137818314668,40.47625375857378,26.732115940259114,80.2309515867141,positive_cross,toward_S1,3.7353051485710047
5,gle350,2024-03-29 21:56:59+00:00,40.288265,-88.126155,55.81115749467566,1278.0,-10.126272114872684,rs1,23.535633072563193,30.360284967790403,6.824651895227209,4,23.535633072563193,30.360284967790403,6.824651895227209,80.2309515867141,positive_cross,toward_S1,3.547781590888177
5,gle350,2024-03-29 21:57:00+00:00,40.288362,-88.126151,45.020884464874285,1279.0,-10.790273029801376,rs3,19.631357500032866,34.211399808190116,14.58004230815725,3,19.631357500032866,34.211399808190116,14.58004230815725,26.33125891160298,positive_cross,toward_S1,3.346104176912432
5,gle350,2024-03-29 21:57:01+00:00,40.288465,-88.126147,33.56355043284227,1280.0,-11.457334032032016,rs3,8.430969185026076,35.97273758155611,27.541768396530035,3,8.430969185026076,45.609918895863544,37.17894971083747,26.33125891160298,positive_cross,toward_S1,3.1339313244673943
5,gle350,2024-03-29 21:57:02+00:00,40.288571,-88.126145,21.77574598659099,1281.0,-11.787804446251279,rs3,4.785303616771782,35.72295370568933,30.937650088917547,3,4.785303616771782,50.039147299392624,45.25384368262084,26.33125891160298,positive_cross,toward_S1,2.915638649536815
5,gle350,2024-03-29 21:57:03+00:00,40.288675,-88.126144,10.211825249860805,1282.0,-11.563920736730186,rs3,15.694111536382172,38.48281803443691,22.788706498054736,3,15.694111536382172,38.48281803443691,22.788706498054736,26.33125891160298,positive_cross,toward_S1,2.7014919692269967
5,gle350,2024-03-29 21:57:04+00:00,40.28878,-88.126143,-1.4632723209730891,1283.0,-11.675097570833895,rs6,26.825513173873873,27.264744817915503,0.4392316440416302,2,26.825513173873873,27.264744817915503,0.4392316440416302,-27.632700444717127,positive_cross,toward_S1,2.484619039328593
5,gle350,2024-03-29 21:57:05+00:00,40.288887,-88.126145,-13.356133429818906,1284.0,-11.892861108845816,rs6,15.018601106562064,35.20295904030605,20.184357933743982,2,15.018601106562064,39.13950300791975,24.120901901357684,-27.632700444717127,positive_cross,toward_S1,2.2643808706462636
5,gle350,2024-03-29 21:57:06+00:00,40.288998,-88.126147,-25.693701872687935,1285.0,-12.33756844286903,rs6,3.5255238004324023,32.06889792148303,28.543374121050626,2,3.5255238004324023,51.47132266471523,47.94579886428283,-27.632700444717127,positive_cross,toward_S1,2.0359073809635038
5,gle350,2024-03-29 21:57:07+00:00,40.289115,-88.126148,-38.69986136070293,1286.0,-13.006159488014998,rs6,10.833516351609155,33.797293624713625,22.96377727310447,2,10.833516351609155,40.8503101726016,30.016793820992447,-27.632700444717127,positive_cross,toward_S1,1.7950525756298925
5,gle350,2024-03-29 21:57:08+00:00,40.289235,-88.126147,-52.04261143440289,1287.0,-13.34275007369996,rs6,23.999152033994154,27.52235911516469,3.5232070811705363,2,23.999152033994154,27.52235911516469,3.5232070811705363,-27.632700444717127,positive_cross,toward_S1,1.5479646113021155
5,gle350,2024-03-29 21:57:09+00:00,40.28935,-88.126147,-64.82794729787227,1288.0,-12.785335863469378,rs8,14.793452779137732,31.466347730283623,16.672894951145892,1,14.793452779137732,36.74496306598082,21.95151028684309,-78.92951005359993,positive_cross,toward_S1,1.2611400510319937
5,gle350,2024-03-29 21:57:10+00:00,40.289453,-88.126149,-76.27610107267313,1289.0,-11.448153774800858,rs8,3.860728182077096,28.11551658928028,24.254788407203183,1,3.860728182077096,48.19020905700546,44.329480874928365,-78.92951005359993,positive_cross,toward_S1,1.0491372033504962
5,gle350,2024-03-29 21:57:11+00:00,40.289537,-88.126161,-85.596594580221,1290.0,-9.320493507547866,rs8,6.911175305390895,27.817076410612014,20.90590110522112,1,6.911175305390895,57.57738866402952,50.66621335863863,-78.92951005359993,positive_cross,toward_S1,0.8765354717292395
5,gle350,2024-03-29 21:57:12+00:00,40.289601,-88.126197,-92.65683038614094,1291.0,-7.060235805919945,rs8,14.647860864285722,27.666197627411535,13.018336763125813,1,14.647860864285722,64.92842231558053,50.280561451294815,-78.92951005359993,positive_cross,toward_S1,0.7457903642122035
5,gle350,2024-03-29 21:57:13+00:00,40.289643,-88.126251,-97.24363508189175,1292.0,-4.586804695750814,rs8,20.9357374642146,26.810422569369504,5.874685105154903,1,20.9357374642146,70.16831286703083,49.23257540281624,-78.92951005359993,positive_cross,toward_S1,0.6608495365131144
5,gle350,2024-03-29 21:57:14+00:00,40.289658,-88.126313,-98.8164249280434,1293.0,-1.5727898461516503,rs10,24.65134732283763,25.343625984840056,0.6922786620024262,1,24.65134732283763,72.8298452010558,48.178497878218174,-78.92951005359993,negative_cross,toward_S1,0.631723798621417
5,gle350,2024-03-29 21:57:15+00:00,40.289645,-88.126376,-97.27473338984869,1294.0,1.541691538194712,rs10,20.719165813299202,28.07247349655879,7.353307683259587,1,20.719165813299202,71.16040092802335,50.44123511472415,-78.92951005359993,negative_cross,toward_S4,0.6602736419213191
5,gle350,2024-03-29 21:57:16+00:00,40.289603,-88.126421,-92.53645444941431,1295.0,4.738278940434384,rs10,14.947814970647858,28.607357383022855,13.659542412374996,1,14.947814970647858,65.95263650707302,51.00482153642517,-78.92951005359993,negative_cross,toward_S4,0.7480195482256596
5,gle350,2024-03-29 21:57:17+00:00,40.289541,-88.126436,-85.6205401234397,1296.0,6.915914325974612,rs10,8.088104671300396,27.310301194265467,19.22219652296507,1,8.088104671300396,58.94965639100481,50.86155171970441,-78.92951005359993,negative_cross,toward_S4,0.876092035743708
5,gle350,2024-03-29 21:57:18+00:00,40.289473,-88.126435,-78.06204548201765,1297.0,7.558494641422044,rs10,3.7489389376410616,26.437929643878448,22.688990706237387,1,3.7489389376410616,51.468988916443735,47.72004997880267,-78.92951005359993,negative_cross,toward_S4,1.016064158733005
5,gle350,2024-03-29 21:57:19+00:00,40.289396,-88.126432,-69.50601942416742,1298.0,8.556026057850232,rs10,9.760899195258306,27.85131321710964,18.090414021851338,1,9.760899195258306,43.061897144212445,33.30099794895414,-78.92951005359993,negative_cross,toward_S4,1.1745090857302316
5,gle350,2024-03-29 21:57:20+00:00,40.289304,-88.126432,-59.27775073323392,1299.0,10.228268690933497,rs10,19.552979547996088,32.79810105751751,13.245121509521425,1,19.552979547996088,33.052126665463526,13.499147117467437,-78.92951005359993,negative_cross,toward_S4,1.3639214688956667
5,gle350,2024-03-29 21:57:21+00:00,40.2892,-88.126432,-47.715360039375604,1300.0,11.562390693858319,rs7,21.98543998097795,30.967401131434126,8.981961150456176,2,21.98543998097795,30.967401131434126,8.981961150456176,-27.632700444717127,negative_cross,toward_S4,1.6280988963952134
5,gle350,2024-03-29 21:57:22+00:00,40.289094,-88.126431,-35.93214572097168,1301.0,11.783214318403921,rs7,11.801865937701029,27.821296628100377,16.019430690399346,2,11.801865937701029,42.694255369111524,30.892389431410493,-27.632700444717127,negative_cross,toward_S4,1.846306568958249
5,gle350,2024-03-29 21:57:23+00:00,40.288983,-88.126432,-23.589987149465333,1302.0,12.34215857150635,rs7,8.615741626257478,26.99693364221108,18.3811920159536,2,8.615741626257478,51.65288634607278,43.0371447198153,-27.632700444717127,negative_cross,toward_S4,2.0748650610231816
5,gle350,2024-03-29 21:57:24+00:00,40.288872,-88.126446,-11.227938019769654,1303.0,12.362049129695679,rs7,17.267748692344732,32.38452672297483,15.116778030630101,2,17.267748692344732,39.36719280008048,22.09944410773575,-27.632700444717127,negative_cross,toward_S4,2.3037918967582867
5,gle350,2024-03-29 21:57:25+00:00,40.288759,-88.126465,1.364114990912812,1304.0,12.592053010682466,rs5,26.843931655474215,28.94787632358197,2.1039446681077543,3,26.843931655474215,28.94787632358197,2.1039446681077543,26.33125891160298,negative_cross,toward_S4,2.537645482950182
5,gle350,2024-03-29 21:57:26+00:00,40.288646,-88.126484,13.956168001617021,1305.0,12.592053010704209,rs5,14.579191403534784,33.83429239077307,19.255100987238286,3,14.579191403534784,41.21794872947054,26.638757325935757,26.33125891160298,negative_cross,toward_S4,2.770831649815075
5,gle350,2024-03-29 21:57:27+00:00,40.288531,-88.126497,26.761394422464054,1306.0,12.805226420847033,rs5,5.560078920946217,32.65240139681088,27.092322475864663,3,5.560078920946217,53.91669183060251,48.35661290965629,26.33125891160298,negative_cross,toward_S4,3.0079654724233533
5,gle350,2024-03-29 21:57:28+00:00,40.288413,-88.126509,39.89862130117044,1307.0,13.137226878706382,rs5,13.719395385978368,36.33940486268687,22.620009476708503,3,13.719395385978368,41.6905097115138,27.97111432553543,26.33125891160298,negative_cross,toward_S4,3.2512474516586565
5,gle350,2024-03-29 21:57:29+00:00,40.288297,-88.126517,52.80737434097192,1308.0,12.908753039801482,rs5,26.135672600465067,28.788070665705852,2.652398065240785,3,26.135672600465067,28.788070665705852,2.652398065240785,26.33125891160298,negative_cross,toward_S4,3.4902984338772027
5,gle350,2024-03-29 21:57:30+00:00,40.288187,-88.126521,65.04294620778008,1309.0,12.235571866808158,rs2,16.630208036409428,37.476965842785795,20.846757806376367,4,16.630208036409428,38.24631841104388,21.616110374634452,80.2309515867141,negative_cross,toward_S4,3.7187406411308515
5,gle350,2024-03-29 21:57:31+00:00,40.288086,-88.126521,76.2718064009072,1310.0,11.228860193127119,rs2,5.92960331241211,34.67860075793696,28.748997445524854,4,5.92960331241211,49.44329029373799,43.513686981325876,80.2309515867141,negative_cross,toward_S4,3.9266824965591316
5,gle350,2024-03-29 21:57:32+00:00,40.287986,-88.126489,87.34052838871243,1311.0,11.068721987805233,rs2,8.267510611812083,32.73083325922007,24.463322647407985,4,8.267510611812083,60.761245888625595,52.49373527681351,80.2309515867141,negative_cross,toward_S4,4.131658829666636
5,gle350,2024-03-29 21:57:33+00:00,40.287915,-88.126483,95.22490331646291,1312.0,7.8843749277504855,rs2,15.213753771602907,34.985699358657705,19.771945587054798,4,15.213753771602907,68.6695348652463,53.455781093643395,80.2309515867141,negative_cross,toward_S4,4.277665772773126
5,gle350,2024-03-29 21:57:34+00:00,40.287863,-88.126438,100.93724673358955,1313.0,5.7123434171266325,rs2,22.080407431594868,34.84427162960126,12.763864198006392,4,22.080407431594868,74.87012134292715,52.789713911332285,80.2309515867141,negative_cross,toward_S4,4.383449910127323
5,gle350,2024-03-29 21:57:35+00:00,40.287833,-88.126365,104.16085861178507,1314.0,3.223611878195527,rs2,28.150828775786078,32.65498595271832,4.504157176932242,4,28.150828775786078,79.24979465535475,51.09896587956867,80.2309515867141,negative_cross,toward_S4,4.443146426390204
5,gle350,2024-03-29 21:57:36+00:00,40.287839,-88.126288,103.3759843088852,1315.0,-0.7848743028998797,rs1,28.25567845732468,31.886146505144534,3.6304680478198534,4,28.25567845732468,78.94657067899405,50.69089222166937,80.2309515867141,positive_cross,toward_S1,4.428611717077242
5,gle350,2024-03-29 21:57:37+00:00,40.287872,-88.126224,99.60922605599217,1316.0,-3.766758252893027,rs1,22.455808202118153,33.803500898071206,11.347692695953054,4,22.455808202118153,74.46093869526459,52.00513049314644,80.2309515867141,positive_cross,toward_S1,4.35885693461626
5,gle350,2024-03-29 21:57:38+00:00,40.287926,-88.126184,93.54447532701406,1317.0,-6.064750728978112,rs1,15.594307180503813,34.01744367350343,18.423136492999618,4,15.594307180503813,68.12099615018349,52.526688969679675,80.2309515867141,positive_cross,toward_S1,4.246546735931481
5,gle350,2024-03-29 21:57:39+00:00,40.287991,-88.126166,86.29044037169268,1318.0,-7.254034955321373,rs1,8.432236733676927,33.54150695009878,25.10927021642185,4,8.432236733676927,60.78997107921042,52.35773434553349,80.2309515867141,positive_cross,toward_S1,4.1122127552773815
5,gle350,2024-03-29 21:57:40+00:00,40.288068,-88.12616,77.72064392716227,1319.0,-8.569796444530411,rs1,4.119642225468512,33.751654733878425,29.632012508409915,4,4.119642225468512,52.21167195879837,48.09202973332986,80.2309515867141,positive_cross,toward_S1,3.9535128211194106
5,gle350,2024-03-29 21:57:41+00:00,40.288156,-88.12615,67.92178214230161,1320.0,-9.798861784860662,rs1,11.562102707315727,36.79545663907434,25.23335393175861,4,11.562102707315727,42.38750985132439,30.82540714400866,80.2309515867141,positive_cross,toward_S1,3.772052417696065
5,gle350,2024-03-29 21:57:42+00:00,40.288255,-88.126144,56.90609535933906,1321.0,-11.015686782962547,rs1,22.31113132128317,31.370837912473906,9.059706591190736,4,22.31113132128317,31.370837912473906,9.059706591190736,80.2309515867141,positive_cross,toward_S1,3.5680582180115734
5,gle350,2024-03-29 21:57:43+00:00,40.288365,-88.126144,44.67664366401833,1322.0,-12.229451695320734,rs3,19.210113461276265,34.49509066576464,15.284977204488378,3,19.210113461276265,34.49509066576464,15.284977204488378,26.33125891160298,positive_cross,toward_S1,3.339729347266951
5,gle350,2024-03-29 21:57:44+00:00,40.288483,-88.126142,31.554717214074014,1323.0,-13.121926449944315,rs3,6.414314003497415,36.0479320769427,29.633618073445284,3,6.414314003497415,47.58550722920198,41.17119322570456,26.33125891160298,positive_cross,toward_S1,3.096730709305019
5,gle350,2024-03-29 21:57:45+00:00,40.288607,-88.12614,17.765729762667288,1324.0,-13.788987451406726,rs3,8.24177779283107,36.87071456770097,28.628936774869903,3,8.24177779283107,46.02022846234007,37.778450669509,26.33125891160298,positive_cross,toward_S1,2.841379089834524
5,gle350,2024-03-29 21:57:46+00:00,40.288735,-88.126137,3.530504933532048,1325.0,-14.23522482913524,rs3,22.23382770879664,31.78664138382723,9.552813675030592,3,22.23382770879664,31.78664138382723,9.552813675030592,26.33125891160298,positive_cross,toward_S1,2.5777638152209086
5,gle350,2024-03-29 21:57:47+00:00,40.288864,-88.126136,-10.812836642361523,1326.0,-14.343341575893572,rs6,17.46570660853859,36.53807994596766,19.07237333742907,2,17.46570660853859,36.53807994596766,19.07237333742907,-27.632700444717127,positive_cross,toward_S1,2.3114789593028817
5,gle350,2024-03-29 21:57:48+00:00,40.288994,-88.12614,-25.25970483876773,1327.0,-14.446868196406205,rs6,3.4977283940287087,32.690974514807,29.193246120778294,2,3.4977283940287087,50.9962388045655,47.498510410536795,-27.632700444717127,positive_cross,toward_S1,2.043944363073137
5,gle350,2024-03-29 21:57:49+00:00,40.289123,-88.126146,-39.59233611453655,1328.0,-14.332631275768822,rs6,11.66342671495213,34.258531816811754,22.595105101859623,2,11.66342671495213,39.953237298563415,28.289810583611285,-27.632700444717127,positive_cross,toward_S1,1.7785252653737145
5,gle350,2024-03-29 21:57:50+00:00,40.289246,-88.126147,-53.26555660401395,1329.0,-13.673220489477401,rs6,25.2163360289259,26.302204684245357,1.0858686553194552,2,25.2163360289259,26.302204684245357,1.0858686553194552,-27.632700444717127,positive_cross,toward_S1,1.5253174785315402
5,gle350,2024-03-29 21:57:51+00:00,40.289359,-88.126149,-65.82547871432217,1330.0,-12.559922110308221,rs8,13.827551910653437,30.879155466175984,17.051603555522547,1,13.827551910653437,37.755345770016845,23.92779385936341,-78.92951005359993,positive_cross,toward_S1,1.2426672470236622
5,gle350,2024-03-29 21:57:52+00:00,40.289453,-88.126152,-76.27151094403581,1331.0,-10.446032229713637,rs8,4.008367099347451,27.862065213669556,23.853698114322107,1,4.008367099347451,48.2049497199292,44.19658262058175,-78.92951005359993,positive_cross,toward_S1,1.0492222057326688
5,gle350,2024-03-29 21:57:53+00:00,40.289533,-88.126163,-85.14882715962064,1332.0,-8.877316215584827,rs8,6.6033898407884735,27.546926449163706,20.943536608375233,1,6.6033898407884735,57.14458787602543,50.54119803523696,-78.92951005359993,positive_cross,toward_S1,0.8848274609996165
5,gle350,2024-03-29 21:57:54+00:00,40.289598,-88.126204,-92.31258958528501,1333.0,-7.163762425664373,rs8,14.614128496293992,26.985055086137166,12.370926589843174,1,14.614128496293992,64.66118577333377,50.04705727703978,-78.92951005359993,positive_cross,toward_S1,0.7521651938576837
5,gle350,2024-03-29 21:57:55+00:00,40.289643,-88.126263,-97.22527456738598,1334.0,-4.91268498210097,rs8,21.47907588264867,26.085379256889237,4.606303374240568,1,21.47907588264867,70.33970732266127,48.8606314400126,-78.92951005359993,positive_cross,toward_S1,0.661189546040999
5,gle350,2024-03-29 21:57:56+00:00,40.289661,-88.126332,-99.12088461412235,1335.0,-1.8956100467363655,rs10,24.051920971556772,26.643849010484086,2.591928038927314,1,24.051920971556772,73.53687461848436,49.48495364692759,-78.92951005359993,negative_cross,toward_S1,0.6260856562866219
5,gle350,2024-03-29 21:57:57+00:00,40.289651,-88.126399,-97.90660340514962,1336.0,1.2142812089727215,rs10,20.603551351449983,30.001970947809827,9.398419596359844,1,20.603551351449983,71.50128440865387,50.897733057203894,-78.92951005359993,negative_cross,toward_S4,0.6485723453416723
5,gle350,2024-03-29 21:57:58+00:00,40.289617,-88.126448,-94.05161896210771,1337.0,3.8549844430419142,rs10,15.8909559075164,31.36296687216382,15.47201096464742,1,15.8909559075164,67.23724153507818,51.346285627561784,-78.92951005359993,negative_cross,toward_S4,0.7199609461387447
5,gle350,2024-03-29 21:57:59+00:00,40.289565,-88.12646,-88.25206310106775,1338.0,5.799555861039963,rs10,10.018558361069129,30.003606777637057,19.985048416567928,1,10.018558361069129,61.38401695133781,51.36545859026869,-78.92951005359993,negative_cross,toward_S4,0.827360128750596
5,gle350,2024-03-29 21:58:00+00:00,40.289516,-88.12644,-82.83499911197718,1339.0,5.417063989090565,rs10,5.535669795330581,27.112186350667777,21.576516555337196,1,5.535669795330581,56.14841781628603,50.61274802095544,-78.92951005359993,negative_cross,toward_S4,0.9276761285485693
5,gle350,2024-03-29 21:58:01+00:00,40.289463,-88.126422,-76.97016770309796,1340.0,5.864831408879226,rs10,5.050731912535123,25.40306946150731,20.352337548972187,1,5.050731912535123,50.54677446484101,45.49604255230589,-78.92951005359993,negative_cross,toward_S4,1.0362841176018884
5,gle350,2024-03-29 21:58:02+00:00,40.289401,-88.126413,-70.09097440615665,1341.0,6.87919329694131,rs10,10.056316858513451,26.14635697221564,16.090040113702187,1,10.056316858513451,43.92697822472624,33.870661366212786,-78.92951005359993,negative_cross,toward_S4,1.1636765860637643
5,gle350,2024-03-29 21:58:03+00:00,40.289326,-88.12642,-61.74200158696185,1342.0,8.348972819194799,rs10,17.429353887534216,30.539781117297384,13.110427229763168,1,17.429353887534216,35.67300070482781,18.24364681729359,-78.92951005359993,negative_cross,toward_S4,1.318287193826631
5,gle350,2024-03-29 21:58:04+00:00,40.289239,-88.12643,-52.054316635414935,1343.0,9.687684951546913,rs7,26.13601014795877,26.69743238585859,0.5614222378998193,2,26.13601014795877,26.69743238585859,0.5614222378998193,-27.632700444717127,negative_cross,toward_S4,1.547747848320411
5,gle350,2024-03-29 21:58:05+00:00,40.289139,-88.126435,-40.92898306122053,1344.0,11.125333574194407,rs7,15.706819772173322,29.98643151161423,14.27961173944091,2,15.706819772173322,37.67977920950952,21.972959437336197,-27.632700444717127,negative_cross,toward_S4,1.7537725441388259
5,gle350,2024-03-29 21:58:06+00:00,40.289032,-88.126436,-29.031531823759142,1345.0,11.897451237461386,rs7,7.71843970912983,27.044673422461702,19.326233713331874,2,7.71843970912983,49.53015900893078,41.81171929980095,-27.632700444717127,negative_cross,toward_S4,1.9740957152029257
5,gle350,2024-03-29 21:58:07+00:00,40.288929,-88.126437,-17.578787921132665,1346.0,11.452743902626477,rs7,12.124262869143752,28.942895327782455,16.818632458638703,2,12.124262869143752,45.70368156821227,33.57941869906851,-27.632700444717127,negative_cross,toward_S4,2.186183565251564
5,gle350,2024-03-29 21:58:08+00:00,40.288822,-88.126445,-5.670626383524782,1347.0,11.908161537607883,rs7,22.52817335065735,34.03744830951627,11.50927495885892,2,22.52817335065735,34.03744830951627,11.50927495885892,-27.632700444717127,negative_cross,toward_S4,2.406705075207266
5,gle350,2024-03-29 21:58:09+00:00,40.288709,-88.126459,6.91377641356661,1348.0,12.584402797091393,rs5,21.821116961466092,34.51616519496849,12.695048233502394,3,21.821116961466092,34.51616519496849,12.695048233502394,26.33125891160298,negative_cross,toward_S4,2.640416990777104
5,gle350,2024-03-29 21:58:10+00:00,40.288598,-88.126477,19.281945713959765,1349.0,12.368169300393156,rs5,10.528089666298662,31.709721003845253,21.18163133754659,3,10.528089666298662,46.587916704829546,36.059827038530884,26.33125891160298,negative_cross,toward_S4,2.869457163006607
5,gle350,2024-03-29 21:58:11+00:00,40.288481,-88.126496,32.318706059498886,1350.0,13.036760345539122,rs5,7.798302784846816,33.13248153362521,25.334178748778395,3,7.798302784846816,49.32620723305397,41.52790444820715,26.33125891160298,negative_cross,toward_S4,3.1108786508869612
5,gle350,2024-03-29 21:58:12+00:00,40.288359,-88.126508,45.900640272250214,1351.0,13.581934212751328,rs5,19.508870761629698,35.72617503623035,16.217304274600654,3,19.508870761629698,35.72617503623035,16.217304274600654,26.33125891160298,negative_cross,toward_S4,3.362395951123097
5,gle350,2024-03-29 21:58:13+00:00,40.288237,-88.126513,59.4718641848768,1352.0,13.571223912626586,rs2,22.225598437811442,32.79262508240251,10.567026644591067,4,22.225598437811442,32.79262508240251,10.567026644591067,80.2309515867141,negative_cross,toward_S4,3.6155724555215314
5,gle350,2024-03-29 21:58:14+00:00,40.28812,-88.126513,72.47955371576366,1353.0,13.007689530886857,rs2,9.630489200019321,34.58327826893989,24.952789068920573,4,9.630489200019321,45.7293242587212,36.09883505870188,80.2309515867141,negative_cross,toward_S4,3.8564555949823993
5,gle350,2024-03-29 21:58:15+00:00,40.28801,-88.126486,84.66769425343553,1354.0,12.18814053767187,rs2,6.81420989553248,31.951844856645184,25.137634961112703,4,6.81420989553248,58.13442245812973,51.32021256259725,80.2309515867141,negative_cross,toward_S4,4.082161901235582
5,gle350,2024-03-29 21:58:16+00:00,40.287934,-88.126502,93.14161429262424,1355.0,8.473920039188712,rs2,12.641612674157258,35.578105946012094,22.936493271854836,4,12.641612674157258,66.42279738755909,53.78118471340183,80.2309515867141,negative_cross,toward_S4,4.2390863464057436
5,gle350,2024-03-29 21:58:17+00:00,40.287873,-88.126461,99.86066938424364,1356.0,6.719055091619396,rs2,20.24137653258393,35.75904606106793,15.517669528483996,4,20.24137653258393,73.51510059019265,53.27372405760872,80.2309515867141,negative_cross,toward_S4,4.363513292546843
5,gle350,2024-03-29 21:58:18+00:00,40.287835,-88.126405,103.99970665939409,1357.0,4.139037275150457,rs2,26.148558918386588,34.80410052550868,8.655541607122093,4,26.148558918386588,78.38303407816257,52.23447515977598,80.2309515867141,negative_cross,toward_S4,4.440162130975556
5,gle350,2024-03-29 21:58:19+00:00,40.287823,-88.126335,105.22672566100621,1358.0,1.2270190016121205,rs2,30.56002923914675,31.95062990742882,1.3906006682820689,4,30.56002923914675,80.90645685105137,50.34642761190462,80.2309515867141,negative_cross,toward_S4,4.4628847050794835
5,gle350,2024-03-29 21:58:20+00:00,40.28784,-88.126268,103.23420661725736,1359.0,-1.9925190437488567,rs1,27.310611101946062,33.04306253186897,5.732451429922907,4,27.310611101946062,78.53399089027292,51.22337978832685,80.2309515867141,positive_cross,toward_S1,4.42598620426932
5,gle350,2024-03-29 21:58:21+00:00,40.287877,-88.12622,99.0472217163561,1360.0,-4.186984900901251,rs1,21.809138988013157,33.78542014136399,11.976281153350836,4,21.809138988013157,73.8665833185335,52.05744433052034,80.2309515867141,positive_cross,toward_S1,4.348449446845223
5,gle350,2024-03-29 21:58:23+00:00,40.28793,-88.12619,93.10894824943202,1362.0,-2.9691367334620438,rs1,15.389362919367619,33.38005531695942,17.9906923975918,4,15.389362919367619,67.72560393456185,52.336241015194226,80.2309515867141,positive_cross,toward_S1,4.238481419679961
5,gle350,2024-03-29 21:58:24+00:00,40.287992,-88.126169,86.18385366622627,1363.0,-6.925094583205748,rs1,8.474444787055365,33.27237826593522,24.79793347887985,4,8.474444787055365,60.69873702576505,52.22429223870968,80.2309515867141,positive_cross,toward_S1,4.110238927398374
5,gle350,2024-03-29 21:58:25+00:00,40.288067,-88.126156,77.8257005897568,1364.0,-8.358153076469463,rs1,3.762598273264213,34.07956881499608,30.316970541731866,4,3.762598273264213,52.297352665513706,48.534754392249496,80.2309515867141,positive_cross,toward_S1,3.9554583148711613
5,gle350,2024-03-29 21:58:26+00:00,40.288153,-88.126151,68.25684268590469,1365.0,-9.56885790385212,rs1,11.263708157620753,36.59999704745594,25.33628888983519,4,11.263708157620753,42.72669299253004,31.462984834909285,80.2309515867141,positive_cross,toward_S1,3.7782572425776033
5,gle350,2024-03-29 21:58:27+00:00,40.28825,-88.126149,57.46962974186876,1366.0,-10.787212944035929,rs1,21.81203713092161,31.963591104473473,10.151553973551863,4,21.81203713092161,31.963591104473473,10.151553973551863,80.2309515867141,positive_cross,toward_S1,3.5784940399102716
5,gle350,2024-03-29 21:58:28+00:00,40.288353,-88.126152,46.02300600996149,1367.0,-11.446623731907266,rs3,20.632619238722487,33.22274876520209,12.590129526479604,3,20.632619238722487,33.22274876520209,12.590129526479604,26.33125891160298,positive_cross,toward_S1,3.3646619833029354
5,gle350,2024-03-29 21:58:29+00:00,40.288459,-88.126151,34.23673160579211,1368.0,-11.786274404169383,rs3,9.175301527413371,35.780324661478495,26.605023134065124,3,9.175301527413371,44.9661121067926,35.790810579379226,26.33125891160298,positive_cross,toward_S1,3.1463976424849838
5,gle350,2024-03-29 21:58:30+00:00,40.288569,-88.12615,22.005749867599516,1369.0,-12.230981738192593,rs3,4.874182719697392,35.27388751890938,30.399704799211992,3,4.874182719697392,50.28276733769887,45.40858461800148,26.33125891160298,positive_cross,toward_S1,2.9198979806666023
5,gle350,2024-03-29 21:58:31+00:00,40.288682,-88.126145,9.435117457166545,1370.0,-12.570632410432971,rs3,16.475766806481417,37.710715861782184,21.234949055300767,3,16.475766806481417,37.710715861782184,21.234949055300767,26.33125891160298,positive_cross,toward_S1,2.6871084915845103
5,gle350,2024-03-29 21:58:32+00:00,40.288798,-88.126143,-3.4644553253603165,1371.0,-12.89957278252686,rs6,24.830430610154313,29.258231354753313,4.427800744599001,2,24.830430610154313,29.258231354753313,4.427800744599001,-27.632700444717127,positive_cross,toward_S1,2.447560094802904
5,gle350,2024-03-29 21:58:33+00:00,40.288914,-88.126144,-16.359437979271604,1372.0,-12.894982653911288,rs6,12.044579503835175,34.17635973251938,22.131780228684207,2,12.044579503835175,42.13003636735394,30.085456863518765,-27.632700444717127,positive_cross,toward_S1,2.2087641197304726
5,gle350,2024-03-29 21:58:34+00:00,40.28903,-88.12615,-29.246770418801862,1373.0,-12.887332439530258,rs6,2.948997997675944,31.798644443088886,28.849646445412944,2,2.948997997675944,50.30195384527219,47.35295584759624,-27.632700444717127,positive_cross,toward_S1,1.9701098152947272
5,gle350,2024-03-29 21:58:35+00:00,40.289142,-88.126152,-41.6955156957746,1374.0,-12.44874527697274,rs6,13.836440416381507,34.58793833028793,20.751497913906427,2,13.836440416381507,37.8714401383965,24.034999722014994,-27.632700444717127,positive_cross,toward_S1,1.7395774953507874
5,gle350,2024-03-29 21:58:36+00:00,40.289253,-88.126152,-54.036144225199045,1375.0,-12.340628529424443,rs8,25.562401353431262,26.035351855698472,0.47295050226721,1,25.562401353431262,26.035351855698472,0.47295050226721,-78.92951005359993,positive_cross,toward_S1,1.4609882560814977
5,gle350,2024-03-29 21:58:37+00:00,40.289356,-88.126151,-65.48888812784728,1376.0,-11.45274390264823,rs8,14.184069759250143,30.868315260686828,16.684245501436685,1,14.184069759250143,37.434968080602864,23.25089832135272,-78.92951005359993,positive_cross,toward_S1,1.2489004060324564
5,gle350,2024-03-29 21:58:38+00:00,40.289443,-88.126151,-75.16127265063211,1377.0,-9.672384522784839,rs8,4.901871887901788,28.070665557192896,23.16879366929111,1,4.901871887901788,47.08959320174809,42.187721313846296,-78.92951005359993,positive_cross,toward_S1,1.0697821741290336
5,gle350,2024-03-29 21:58:39+00:00,40.289525,-88.126159,-84.26553266224995,1378.0,-9.10426001161784,rs8,5.666415374598576,27.688884082752285,22.02246870815371,1,5.666415374598576,56.23461586121669,50.56820048661811,-78.92951005359993,positive_cross,toward_S1,0.9011847665064809
5,gle350,2024-03-29 21:58:40+00:00,40.289594,-88.12619,-91.88930285151127,1379.0,-7.623770189261322,rs8,13.692212621344531,27.805814495985455,14.113601874640924,1,13.692212621344531,64.09445016201455,50.40223754067002,-78.92951005359993,positive_cross,toward_S1,0.7600038370757158
5,gle350,2024-03-29 21:58:41+00:00,40.289646,-88.126247,-97.58328575411042,1380.0,-5.693982902599146,rs8,21.05138419256035,27.28632073680808,6.234936544247731,1,21.05138419256035,70.44395606036812,49.392571867807774,-78.92951005359993,positive_cross,toward_S1,0.6545597092498057
5,gle350,2024-03-29 21:58:42+00:00,40.289665,-88.126315,-99.5916026770541,1381.0,-2.0083169229436777,rs10,25.200179973450123,26.05580886192674,0.8556288884766161,1,25.200179973450123,73.62661602051567,48.42643604706555,-78.92951005359993,negative_cross,toward_S1,0.617368655121219
5,gle350,2024-03-29 21:58:43+00:00,40.289657,-88.126379,-98.60426526413617,1382.0,0.987337412917924,rs10,21.83643540889828,29.1421810893441,7.3057456804458205,1,21.83643540889828,72.43071791610218,50.5942825072039,-78.92951005359993,negative_cross,toward_S4,0.6356526812863659
5,gle350,2024-03-29 21:58:44+00:00,40.289625,-88.126427,-94.9731645313618,1383.0,3.631100732774371,rs10,17.139150482058554,30.270281822196242,13.131131340137689,1,17.139150482058554,68.31530680813277,51.17615632607422,-78.92951005359993,negative_cross,toward_S4,0.7028952874488541
5,gle350,2024-03-29 21:58:45+00:00,40.289575,-88.126447,-89.38372199395276,1384.0,5.589442537409042,rs10,11.330365839750034,29.330833531313374,18.00046769156334,1,11.330365839750034,62.59788484036334,51.267519000613305,-78.92951005359993,negative_cross,toward_S4,0.8064034825860587
5,gle350,2024-03-29 21:58:46+00:00,40.289523,-88.126441,-83.61170690467146,1385.0,5.772015089281297,rs10,6.132387936460105,27.31597227841633,21.183584341956223,1,6.132387936460105,56.910147820521544,50.77775988406144,-78.92951005359993,negative_cross,toward_S4,0.9132926509060826
5,gle350,2024-03-29 21:58:47+00:00,40.289467,-88.126427,-77.40722482355183,1386.0,6.204482081119636,rs10,4.526402290612726,25.79365208341307,21.267249792800342,1,4.526402290612726,50.91463020107765,46.38822791046492,-78.92951005359993,negative_cross,toward_S4,1.028190467223113
5,gle350,2024-03-29 21:58:48+00:00,40.2894,-88.126421,-69.96755722984632,1387.0,7.439667593705508,rs10,9.790784361987045,26.822279596530564,17.03149523454352,1,9.790784361987045,43.677118201510176,33.88633383952313,-78.92951005359993,negative_cross,toward_S4,1.1659620893287705
5,gle350,2024-03-29 21:58:49+00:00,40.289316,-88.126421,-60.62870320779267,1388.0,9.338854022053653,rs10,18.47473851815344,31.252819152918672,12.778080634765232,1,18.47473851815344,34.574998387896365,16.100259869742924,-78.92951005359993,negative_cross,toward_S4,1.3389038304779122
5,gle350,2024-03-29 21:58:50+00:00,40.289219,-88.126427,-49.83537009222583,1389.0,10.793333115566838,rs7,24.113870082707713,28.934613814121455,4.820743731413742,2,24.113870082707713,28.934613814121455,4.820743731413742,-27.632700444717127,negative_cross,toward_S4,1.5888394509720611
5,gle350,2024-03-29 21:58:51+00:00,40.289114,-88.126432,-38.1541523499045,1390.0,11.68121774232133,rs7,13.484857973651204,28.63412346381871,15.149265490167506,2,13.484857973651204,40.47198028804434,26.98712231439314,-27.632700444717127,negative_cross,toward_S4,1.8051582980520857
5,gle350,2024-03-29 21:58:52+00:00,40.289004,-88.126435,-25.92011052594645,1391.0,12.234041823958052,rs7,7.679987416961567,26.99075225122735,19.310764834265782,2,7.679987416961567,52.642485363645896,44.96249794668433,-27.632700444717127,negative_cross,toward_S4,2.031714628125383
5,gle350,2024-03-29 21:58:53+00:00,40.28889,-88.126438,-13.241361367965188,1392.0,12.67874915798126,rs7,15.742968924457978,30.810895572196117,15.067926647738139,2,15.742968924457978,41.47583856302583,25.732869638567855,-27.632700444717127,negative_cross,toward_S4,2.2665062791991097
5,gle350,2024-03-29 21:58:54+00:00,40.288775,-88.126451,-0.43613494709641104,1393.0,12.805226420868777,rs7,27.441666346919455,28.90883027614056,1.4671639292211047,2,27.441666346919455,28.90883027614056,1.4671639292211047,-27.632700444717127,negative_cross,toward_S4,2.503640101807791
5,gle350,2024-03-29 21:58:55+00:00,40.288657,-88.126468,12.708742145991,1394.0,13.14487709308741,rs5,16.300602750531148,33.05138833416338,16.75078558363223,3,16.300602750531148,40.13763900178572,23.837036251254574,26.33125891160298,negative_cross,toward_S4,2.7477311710071857
5,gle350,2024-03-29 21:58:56+00:00,40.288418,-88.126502,39.33202683289703,1395.0,26.62328468690603,rs5,13.411756307122031,35.58102189066059,22.169265583538554,3,13.411756307122031,42.30442730653433,28.892670999412296,26.33125891160298,negative_cross,toward_S4,3.2407549615054454
5,gle350,2024-03-29 21:58:57+00:00,40.288296,-88.126509,52.90631083126733,1396.0,13.574283998370298,rs5,26.354071081951332,28.764007218018445,2.409936136067113,3,26.354071081951332,28.764007218018445,2.409936136067113,26.33125891160298,negative_cross,toward_S4,3.492130591104895
5,gle350,2024-03-29 21:58:58+00:00,40.288181,-88.126512,65.69623682337404,1397.0,12.78992599210671,rs2,16.13389076756294,36.51505593748033,20.381165169917388,4,16.13389076756294,38.98740457647199,22.85351380890905,80.2309515867141,negative_cross,toward_S4,3.7308386154937025
5,gle350,2024-03-29 21:58:59+00:00,40.288079,-88.126512,77.03627384981492,1398.0,11.340037026440882,rs2,5.736987285076347,33.8502108074134,28.11322352233705,4,5.736987285076347,50.27923545214715,44.5422481670708,80.2309515867141,negative_cross,toward_S4,3.9408393011685336
5,gle350,2024-03-29 21:59:00+00:00,40.287989,-88.126493,87.01311805867869,1399.0,9.976844208863767,rs2,7.7918691885918445,32.98399851394362,25.19212932535177,4,7.7918691885918445,60.39526021937,52.603391030778155,80.2309515867141,negative_cross,toward_S4,4.1255956754067515
5,gle350,2024-03-29 21:59:01+00:00,40.287928,-88.126497,93.80102507970562,1400.0,6.787907021026939,rs2,13.418328140082247,35.448249173053725,22.02992103297148,4,13.418328140082247,67.1219699843828,53.703641844300556,80.2309515867141,negative_cross,toward_S4,4.251297657277621
5,gle350,2024-03-29 21:59:02+00:00,40.287882,-88.126448,98.8401873238607,1401.0,5.039162244155079,rs2,19.81325485135818,34.28317785535741,14.469923003999227,4,19.81325485135818,72.66027746969667,52.847022618338485,80.2309515867141,negative_cross,toward_S4,4.344615476613826
5,gle350,2024-03-29 21:59:03+00:00,40.287853,-88.126389,101.97404296899191,1402.0,3.133855645131206,rs2,25.16244648908902,32.43297127361462,7.270524784525598,4,25.16244648908902,76.66008444401659,51.49763795492757,80.2309515867141,negative_cross,toward_S4,4.402649840412552
5,gle350,2024-03-29 21:59:04+00:00,40.28785,-88.12632,102.20200051130405,1403.0,0.22795754231214005,rs1,28.78094611295864,29.110154936169433,0.3292088232107915,4,28.78094611295864,78.31167680122846,49.53073068826981,80.2309515867141,positive_cross,ambiguous,4.406871276381295
5,gle350,2024-03-29 21:59:05+00:00,40.287869,-88.126254,99.98865784300959,1404.0,-2.213342668294459,rs1,23.914694525170617,31.910693740469704,7.995999215299086,4,23.914694525170617,75.15714020474317,51.242445679572555,80.2309515867141,positive_cross,toward_S1,4.365883449190657
5,gle350,2024-03-29 21:59:06+00:00,40.28791,-88.126202,95.35084543655418,1405.0,-4.63781240645541,rs1,17.83580625581836,33.3369001911506,15.50109393533224,4,17.83580625581836,70.0432991016468,52.20749284582844,80.2309515867141,positive_cross,toward_S1,4.279998034256298
5,gle350,2024-03-29 21:59:07+00:00,40.287968,-88.126173,88.85821784435329,1406.0,-6.49262759220089,rs1,10.95625687501429,33.47304011404301,22.51678323902872,4,10.95625687501429,63.38681299120021,52.43055611618592,80.2309515867141,positive_cross,toward_S1,4.159764189956281
5,gle350,2024-03-29 21:59:08+00:00,40.288034,-88.126165,81.50830648369029,1407.0,-7.349911360663,rs1,4.939857242436211,33.188909452923326,28.249052210487115,4,4.939857242436211,56.01504220933847,51.075184966902256,80.2309515867141,positive_cross,toward_S1,4.023654720314374
5,gle350,2024-03-29 21:59:09+00:00,40.288109,-88.126159,73.16086370736731,1408.0,-8.347442776322978,rs1,7.042237462895775,34.55698826822916,27.514750805333385,4,7.042237462895775,47.65934201882969,40.61710455593391,80.2309515867141,positive_cross,toward_S1,3.8690724466787634
5,gle350,2024-03-29 21:59:10+00:00,40.288195,-88.126154,63.592005803515185,1409.0,-9.568857903852127,rs1,15.857534356988591,38.09362667355162,22.236092316563028,4,15.857534356988591,38.09362667355162,22.236092316563028,80.2309515867141,positive_cross,toward_S1,3.6918713743852054
5,gle350,2024-03-29 21:59:11+00:00,40.28829,-88.126155,53.03173665472233,1410.0,-10.560269148792855,rs1,26.28923218229161,27.6015915343256,1.3123593520339902,4,26.28923218229161,27.6015915343256,1.3123593520339902,80.2309515867141,positive_cross,toward_S1,3.496310834592745
5,gle350,2024-03-29 21:59:12+00:00,40.288394,-88.126156,41.47087600452581,1411.0,-11.560860650196517,rs3,16.22542900508481,37.63352604348709,21.40809703840228,3,16.22542900508481,37.7946308584926,21.569201853407794,26.33125891160298,positive_cross,toward_S1,3.280363279498571
5,gle350,2024-03-29 21:59:13+00:00,40.2885,-88.126155,29.684601600378173,1412.0,-11.78627440414764,rs3,5.40550375189786,34.72791585989683,29.32241210799897,3,5.40550375189786,49.53895504461132,44.13345129271346,26.33125891160298,positive_cross,toward_S1,3.062098938681022
5,gle350,2024-03-29 21:59:14+00:00,40.288602,-88.126151,18.338444402428124,1413.0,-11.346157197950049,rs3,8.04525210423015,35.83463498776697,27.789382883536817,3,8.04525210423015,46.62329873046333,38.57804662623318,26.33125891160298,positive_cross,toward_S1,2.851984916496762
5,gle350,2024-03-29 21:59:15+00:00,40.288707,-88.126147,6.65875670297866,1414.0,-11.679687699449463,rs3,19.247510301697744,34.947467630420554,15.69995732872281,3,19.247510301697744,34.947467630420554,15.69995732872281,26.33125891160298,positive_cross,toward_S1,2.635694403543994
5,gle350,2024-03-29 21:59:16+00:00,40.288811,-88.126145,-4.906694076645127,1415.0,-11.565450779623786,rs6,23.406524116024528,30.713576310541008,7.30705219451648,2,23.406524116024528,30.713576310541008,7.30705219451648,-27.632700444717127,positive_cross,toward_S1,2.420851969779111
5,gle350,2024-03-29 21:59:17+00:00,40.288913,-88.126147,-16.243671017320537,1416.0,-11.33697694067541,rs6,12.2033549018923,33.97325611584129,21.769901213948987,2,12.2033549018923,42.036149437798855,29.832794535906555,-27.632700444717127,positive_cross,toward_S1,2.210907952359196
5,gle350,2024-03-29 21:59:18+00:00,40.289013,-88.126153,-27.352174119091064,1417.0,-11.108503101770527,rs6,3.1141663234926664,31.5030964926373,28.388930169144636,2,3.1141663234926664,52.20253683015867,49.088370506666,-27.632700444717127,positive_cross,toward_S1,2.005194931956038
5,gle350,2024-03-29 21:59:19+00:00,40.289111,-88.126157,-38.24138363997781,1418.0,-10.889209520886748,rs6,10.617078827302997,32.9304433189265,22.313364491623503,2,10.617078827302997,41.33996407943338,30.722885252130382,-27.632700444717127,positive_cross,toward_S1,1.8035429037914688
5,gle350,2024-03-29 21:59:20+00:00,40.289212,-88.126158,-49.46871379023308,1419.0,-11.22733015025527,rs6,21.584856091385813,30.150458860043305,8.565602768657492,2,21.584856091385813,30.150458860043305,8.565602768657492,-27.632700444717127,positive_cross,toward_S1,1.5956293824904453
5,gle350,2024-03-29 21:59:21+00:00,40.289311,-88.126155,-60.47981044458005,1420.0,-11.011096654346971,rs8,19.183341296185294,32.47775451203789,13.294413215852597,1,19.183341296185294,32.47775451203789,13.294413215852597,-78.92951005359993,positive_cross,toward_S1,1.3416611038707384
5,gle350,2024-03-29 21:59:22+00:00,40.289402,-88.126152,-70.6014924308154,1421.0,-10.121681986235345,rs8,9.197102227255417,28.941704572705554,19.744602345450136,1,9.197102227255417,42.544199114537996,33.347096887282575,-78.92951005359993,positive_cross,toward_S1,1.1542225485700839
5,gle350,2024-03-29 21:59:23+00:00,40.289483,-88.126151,-79.60834599424149,1422.0,-9.006853563426091,rs8,2.328499664715092,27.83876227221785,25.510262607502757,1,2.328499664715092,51.53127931756133,49.20277965284624,-78.92951005359993,positive_cross,toward_S1,0.9874289640621933
5,gle350,2024-03-29 21:59:24+00:00,40.28955,-88.12615,-87.05872388809348,1423.0,-7.450377893851993,rs8,7.909406534136528,29.098081972921264,21.188675438784735,1,7.909406534136528,58.969576129277044,51.060169595140515,-78.92951005359993,positive_cross,toward_S1,0.8494590030649342
5,gle350,2024-03-29 21:59:25+00:00,40.289608,-88.126156,-93.49779997962717,1424.0,-6.439076091533693,rs8,14.30339434489485,31.083875276075908,16.78048093118106,1,14.30339434489485,65.43775058338902,51.13435623849417,-78.92951005359993,positive_cross,toward_S1,0.7302168532217177
5,gle350,2024-03-29 21:59:26+00:00,40.289659,-88.126191,-99.11426699218038,1425.0,-5.616467012553201,rs8,20.522092461900534,31.794544391671792,11.272451929771258,1,20.522092461900534,71.30161138997904,50.77951892807851,-78.92951005359993,positive_cross,toward_S1,0.6262082048411028
5,gle350,2024-03-29 21:59:27+00:00,40.289695,-88.126247,-103.03095060070333,1426.0,-3.916683608522959,rs8,25.92177050424633,31.308642821986616,5.386872317740288,1,25.92177050424633,75.8322085996443,49.91043809539798,-78.92951005359993,positive_cross,toward_S1,0.5536770269054925
5,gle350,2024-03-29 21:59:28+00:00,40.289704,-88.126316,-103.92596914447785,1427.0,-0.895018543774512,rs10,28.875475924901014,29.61866531856796,0.7431893936669454,1,28.875475924901014,77.8752739837304,48.999798058829384,-78.92951005359993,negative_cross,toward_S1,0.5371026094281867
5,gle350,2024-03-29 21:59:29+00:00,40.289687,-88.126387,-101.92732992924158,1428.0,1.9986392152362669,rs10,24.72217180558312,31.942494590549813,7.220322784966694,1,24.72217180558312,75.61341868401048,50.89124687842737,-78.92951005359993,negative_cross,toward_S4,0.5741144467473768
5,gle350,2024-03-29 21:59:30+00:00,40.289647,-88.126435,-97.40681452758734,1429.0,4.520515401654237,rs10,19.371675370806194,32.18120440556901,12.809529034762818,1,19.371675370806194,70.66898704836568,51.297311677559485,-78.92951005359993,negative_cross,toward_S4,0.657827694926159
5,gle350,2024-03-29 21:59:31+00:00,40.289586,-88.126453,-90.59748690631092,1430.0,6.809327621276424,rs10,12.42121694798256,30.25482524757881,17.83360829959625,1,12.42121694798256,63.76446457766728,51.343247629684726,-78.92951005359993,negative_cross,toward_S4,0.783926354579426
5,gle350,2024-03-29 21:59:32+00:00,40.289519,-88.126439,-83.17005965558025,1431.0,7.427427250730673,rs10,5.855367220905484,27.07716287610307,21.221795655197585,1,5.855367220905484,56.49020124698011,50.63483402607462,-78.92951005359993,negative_cross,toward_S4,0.9214713036670311
5,gle350,2024-03-29 21:59:33+00:00,40.289455,-88.126425,-76.07616290560252,1432.0,7.093896749977731,rs10,5.1475909154390695,25.744542165987575,20.596951250548507,1,5.1475909154390695,49.62657157682393,44.47898066138486,-78.92951005359993,negative_cross,toward_S4,1.052839761999952
5,gle350,2024-03-29 21:59:34+00:00,40.289382,-88.126431,-67.95107379669703,1433.0,8.125089108905485,rs10,11.230766137955428,28.344465699653455,17.113699561698027,1,11.230766137955428,41.54773955638456,30.316973418429136,-78.92951005359993,negative_cross,toward_S4,1.2033043751278314
5,gle350,2024-03-29 21:59:35+00:00,40.289299,-88.126441,-58.70809617919506,1434.0,9.242977617501971,rs10,19.960277692256778,32.33667159931513,12.376393907058354,1,19.960277692256778,32.33667159931513,12.376393907058354,-78.92951005359993,negative_cross,toward_S4,1.3744706273037939
5,gle350,2024-03-29 21:59:36+00:00,40.289206,-88.126448,-48.35794035482306,1435.0,10.350155824372003,rs7,22.176715056792297,30.157144413181427,7.980429356389131,2,22.176715056792297,30.157144413181427,7.980429356389131,-27.632700444717127,negative_cross,toward_S4,1.6161992609239642
5,gle350,2024-03-29 21:59:37+00:00,40.289105,-88.126449,-37.12755011882408,1436.0,11.230390235998975,rs7,11.84716647036701,29.64960053008852,17.80243405972151,2,11.84716647036701,41.354497528791484,29.507331058424473,-27.632700444717127,negative_cross,toward_S4,1.8241694504795007
5,gle350,2024-03-29 21:59:38+00:00,40.288998,-88.126444,-25.239279138593837,1437.0,11.888270980230246,rs7,7.079384835388073,27.80447831701639,20.725093481628317,2,7.079384835388073,53.08148681521989,46.00210197983182,-27.632700444717127,negative_cross,toward_S4,2.044322616780061
5,gle350,2024-03-29 21:59:39+00:00,40.28889,-88.126441,-13.236771239327872,1438.0,12.002507899265964,rs7,15.626214693732557,31.035689827141514,15.409475133408957,2,15.626214693732557,41.411747314254605,25.785532620522048,-27.632700444717127,negative_cross,toward_S4,2.2665912815812823
5,gle350,2024-03-29 21:59:40+00:00,40.288781,-88.126447,-1.1093161200679935,1439.0,12.127455119259878,rs7,26.872900616371542,29.65067648184802,2.777775865476478,2,26.872900616371542,29.65067648184802,2.777775865476478,-27.632700444717127,negative_cross,toward_S4,2.4911737837897987
5,gle350,2024-03-29 21:59:41+00:00,40.28867,-88.126466,11.260383223197014,1440.0,12.369699343265008,rs5,17.652002194231983,33.514012709086956,15.862010514854973,3,17.652002194231983,38.72366345172354,21.071661257491556,26.33125891160298,negative_cross,toward_S4,2.720909709473964
5,gle350,2024-03-29 21:59:42+00:00,40.288555,-88.126489,24.080910072827855,1441.0,12.820526849630841,rs5,6.8552925139742,32.03868733185097,25.183394817876774,3,6.8552925139742,51.28501018125819,44.42971766728399,26.33125891160298,negative_cross,toward_S4,2.9583268733560164
5,gle350,2024-03-29 21:59:43+00:00,40.288439,-88.126508,37.006493585031485,1442.0,12.92558351220363,rs5,11.067123604427408,35.27155571565565,24.204432111228243,3,11.067123604427408,44.57762818394515,33.51050457951774,26.33125891160298,negative_cross,toward_S4,3.197689530989417
5,gle350,2024-03-29 21:59:44+00:00,40.288321,-88.126519,50.14219042007605,1443.0,13.135696835044563,rs5,23.471549027745127,31.423773872431177,7.95222484468605,3,23.471549027745127,31.423773872431177,7.95222484468605,26.33125891160298,negative_cross,toward_S4,3.4409431760828344
5,gle350,2024-03-29 21:59:45+00:00,40.288202,-88.126518,63.3707035755085,1444.0,13.228513155432452,rs2,18.317278308357192,36.610703542670706,18.293425234313514,4,18.317278308357192,36.610703542670706,18.293425234313514,80.2309515867141,negative_cross,toward_S4,3.687773184977674
5,gle350,2024-03-29 21:59:46+00:00,40.288092,-88.126519,75.6016853137011,1445.0,12.230981738192597,rs2,6.59460560623402,34.58127042148842,27.9866648152544,4,6.59460560623402,48.790192071652264,42.195586465418245,80.2309515867141,negative_cross,toward_S4,3.9142728467960555
5,gle350,2024-03-29 21:59:47+00:00,40.287997,-88.126519,86.1634845053658,1446.0,10.561799191664704,rs2,5.716320622813246,34.959863368907946,29.2435427460947,4,5.716320622813246,59.33180458817505,53.615483965361804,80.2309515867141,negative_cross,toward_S4,4.109861720715772
5,gle350,2024-03-29 21:59:48+00:00,40.28792,-88.126498,94.69196979145734,1447.0,8.528485286091538,rs2,14.21791854452573,35.89102471591354,21.673106171387808,4,14.21791854452573,68.00188537869099,53.783966834165255,80.2309515867141,negative_cross,toward_S4,4.267796633421171
5,gle350,2024-03-29 21:59:49+00:00,40.287862,-88.126453,101.07137421083637,1448.0,6.3794044193790285,rs2,21.63444313213699,35.922825001535976,14.288381869398986,4,21.63444313213699,74.8115591447199,53.1771160125829,80.2309515867141,negative_cross,toward_S4,4.385933752298561
5,gle350,2024-03-29 21:59:50+00:00,40.28783,-88.12639,104.53264018439967,1449.0,3.4612659735633002,rs2,27.270050757832227,34.318481727953454,7.0484309701212275,4,27.270050757832227,79.15647750192574,51.88642674409351,80.2309515867141,negative_cross,toward_S4,4.450031270327511
5,gle350,2024-03-29 21:59:51+00:00,40.287824,-88.126322,105.09565827031483,1450.0,0.5630180859151608,rs2,31.163422665228655,31.22481282704107,0.0613901618124153,4,31.163422665228655,81.06900946621506,49.90558680098641,80.2309515867141,negative_cross,toward_S4,4.460457531177791
5,gle350,2024-03-29 21:59:52+00:00,40.287843,-88.126258,102.88537568778585,1451.0,-2.2102825825289756,rs1,26.61854917049166,33.456161474155905,6.837612303664244,4,26.61854917049166,78.06616431206847,51.447615141576804,80.2309515867141,positive_cross,toward_S1,4.4195263722420695
5,gle350,2024-03-29 21:59:53+00:00,40.287878,-88.126207,98.91615432564298,1452.0,-3.969221362142875,rs1,21.27544005551005,34.66349216419914,13.388052108689092,4,21.27544005551005,73.627575543744,52.352135488233955,80.2309515867141,positive_cross,toward_S1,4.346022272943127
5,gle350,2024-03-29 21:59:54+00:00,40.287929,-88.126177,93.20023452615807,1453.0,-5.715919799484908,rs1,15.066014007286539,34.448450558778546,19.382436551492006,4,15.066014007286539,67.73787241351289,52.67185840622635,80.2309515867141,positive_cross,toward_S1,4.240171906285999
5,gle350,2024-03-29 21:59:55+00:00,40.28799,-88.126171,86.40926741938743,1454.0,-6.790967106770637,rs1,8.753548289480523,33.1414194229138,24.387871133433276,4,8.753548289480523,60.93414794662137,52.180599657140846,80.2309515867141,positive_cross,toward_S1,4.114413256160617
5,gle350,2024-03-29 21:59:56+00:00,40.288056,-88.126174,79.0761865311483,1455.0,-7.333080888239138,rs1,5.07376920525147,32.468242014775434,27.394472809523965,4,5.07376920525147,53.64550165568333,48.57173245043187,80.2309515867141,positive_cross,toward_S1,3.9786154619339666
5,gle350,2024-03-29 21:59:57+00:00,40.288136,-88.126169,70.17438962875858,1456.0,-8.90179690238972,rs1,10.0691867695266,34.53860986520423,24.469423095677627,4,10.0691867695266,44.75077304249118,34.68158627296458,80.2309515867141,positive_cross,toward_S1,3.813767371148972
5,gle350,2024-03-29 21:59:58+00:00,40.288225,-88.126164,60.272001224965194,1457.0,-9.902388403793381,rs1,19.298826221237487,34.869463400758875,15.570637179521388,4,19.298826221237487,34.869463400758875,15.570637179521388,80.2309515867141,positive_cross,toward_S1,3.630389808115761
5,gle350,2024-03-29 21:59:59+00:00,40.288324,-88.126157,49.25478439834082,1458.0,-11.017216826624377,rs3,23.884370085088904,30.06215250026218,6.177782415173276,3,23.884370085088904,30.06215250026218,6.177782415173276,26.33125891160298,positive_cross,toward_S1,3.4245097312358856
5,gle350,2024-03-29 22:00:00+00:00,40.288431,-88.126149,37.34662286073294,1459.0,-11.908161537607874,rs3,12.088916770969321,36.75025407916556,24.661337308196238,3,12.088916770969321,41.84753523585306,29.75861846488374,26.33125891160298,positive_cross,toward_S1,3.2039882212801847
5,gle350,2024-03-29 22:00:01+00:00,40.288541,-88.126147,25.114111079668493,1460.0,-12.23251178106445,rs3,3.004462414848144,35.27595359395635,32.27149117910821,3,3.004462414848144,53.38021990175363,50.375757486905485,26.33125891160298,positive_cross,toward_S1,2.9774602253345464
5,gle350,2024-03-29 22:00:02+00:00,40.288657,-88.126145,12.214538297119889,1461.0,-12.899572782548605,rs3,13.743088154320276,38.15946900898173,24.416380854661455,3,13.743088154320276,40.48644882810435,26.743360673784075,26.33125891160298,positive_cross,toward_S1,2.738579247879943
5,gle350,2024-03-29 22:00:03+00:00,40.288773,-88.126146,-0.6804443567696568,1462.0,-12.894982653889546,rs3,26.516168369062378,27.6226899558892,1.1065215868268226,3,26.516168369062378,27.6226899558892,1.1065215868268226,26.33125891160298,positive_cross,toward_S1,2.499783272807914
5,gle350,2024-03-29 22:00:04+00:00,40.288887,-88.126148,-13.35154330118159,1463.0,-12.671098944411932,rs6,15.060098303926951,34.970434129379264,19.910335825452314,2,15.060098303926951,39.158423261382204,24.098324957455254,-27.632700444717127,positive_cross,toward_S1,2.2644658730284357
5,gle350,2024-03-29 22:00:05+00:00,40.289,-88.126149,-25.912995454361674,1464.0,-12.561452153180085,rs6,3.4993776626740685,31.886874123682983,28.387496461008915,2,3.4993776626740685,51.7033799883991,48.20400232572503,-27.632700444717127,positive_cross,toward_S1,2.031846388710286
5,gle350,2024-03-29 22:00:06+00:00,40.289109,-88.126147,-38.03433040211238,1465.0,-12.121334947750707,rs6,10.165436008502152,33.66490899168255,23.4994729831804,2,10.165436008502152,41.51268053216143,31.34724452365928,-27.632700444717127,positive_cross,toward_S1,1.807377223011199
5,gle350,2024-03-29 22:00:07+00:00,40.289219,-88.126141,-50.27296235468601,1466.0,-12.238631952573627,rs6,22.17858792138564,29.26753764447741,7.088949723091773,2,22.17858792138564,29.26753764447741,7.088949723091773,-27.632700444717127,positive_cross,toward_S1,1.5807358905561317
5,gle350,2024-03-29 22:00:08+00:00,40.289324,-88.126137,-61.95265005336726,1467.0,-11.67968769868125,rs8,17.58829866530712,33.58766428248606,15.999365617178938,1,17.58829866530712,33.808407252383645,16.220108587076524,-78.92951005359993,positive_cross,toward_S1,1.314386296300605
5,gle350,2024-03-29 22:00:09+00:00,40.289423,-88.12614,-72.95456645043959,1468.0,-11.001916397072328,rs8,6.686482315897702,29.361601081984727,22.675118766087024,1,6.686482315897702,44.82003567408706,38.13355335818936,-78.92951005359993,positive_cross,toward_S1,1.1106471037622285
5,gle350,2024-03-29 22:00:10+00:00,40.289511,-88.126145,-82.7304775921789,1469.0,-9.775911141739314,rs8,3.720851503515003,28.60186783147632,24.881016327961316,1,3.720851503515003,54.61713893873173,50.89628743521673,-78.92951005359993,positive_cross,toward_S1,0.9296117122485376
5,gle350,2024-03-29 22:00:11+00:00,40.289586,-88.126169,-91.03201908300565,1470.0,-8.30154149082675,rs8,12.213094025462071,29.00281969335847,16.7897256678964,1,12.213094025462071,63.06058656980623,50.84749254434416,-78.92951005359993,positive_cross,toward_S1,0.7758794624184125
5,gle350,2024-03-29 22:00:12+00:00,40.289641,-88.126219,-97.07024278727242,1471.0,-6.03822370426677,rs8,19.46940279163285,28.687898165851458,9.218495374218609,1,19.46940279163285,69.56110798400891,50.09170519237607,-78.92951005359993,positive_cross,toward_S1,0.6640605049319909
5,gle350,2024-03-29 22:00:13+00:00,40.289672,-88.126284,-100.41727184177824,1472.0,-3.3470290545058248,rs8,25.15431767477658,27.358372907129688,2.2040552323531095,1,25.15431767477658,73.83731094165121,48.68299326687463,-78.92951005359993,positive_cross,toward_S1,0.6020784854041052
5,gle350,2024-03-29 22:00:14+00:00,40.289664,-88.126361,-99.41004387146096,1473.0,1.0072279703172882,rs10,23.17354493921607,28.572132141184483,5.398587201968411,1,23.17354493921607,73.47068056352734,50.29713562431127,-78.92951005359993,negative_cross,toward_S4,0.6207308552247958
5,gle350,2024-03-29 22:00:15+00:00,40.289625,-88.126417,-94.98846496012386,1474.0,4.421578911337093,rs10,17.37689193521667,29.552180797428967,12.175288862212298,1,17.37689193521667,68.42301268674586,51.046120751529195,-78.92951005359993,negative_cross,toward_S4,0.7026119461754827
5,gle350,2024-03-29 22:00:16+00:00,40.289571,-88.126437,-88.95431508866984,1475.0,6.034149871454019,rs10,11.14062819414247,28.380166861307636,17.239538667165164,1,11.14062819414247,62.25068393034691,51.11005573620444,-78.92951005359993,negative_cross,toward_S4,0.8143554623135201
5,gle350,2024-03-29 22:00:17+00:00,40.289511,-88.126431,-82.29288532971873,1476.0,6.661429758951115,rs10,5.626094385649597,26.28187714896995,20.655782763320353,1,5.626094385649597,55.700239130113644,50.07414474446405,-78.92951005359993,negative_cross,toward_S4,0.9377152726644666
5,gle350,2024-03-29 22:00:18+00:00,40.289446,-88.126427,-75.07251131764345,1477.0,7.220374012075283,rs10,5.5382648289539755,26.047234715003558,20.508969886049584,1,5.5382648289539755,48.61125862838913,43.07299379943515,-78.92951005359993,negative_cross,toward_S4,1.0714259025177126
5,gle350,2024-03-29 22:00:19+00:00,40.289373,-88.126427,-66.95660246520087,1478.0,8.115908852442573,rs10,12.286820745910706,28.44377107445528,16.156950328544575,1,12.286820745910706,40.633073686650874,28.346252940740168,-78.92951005359993,negative_cross,toward_S4,1.2217205108962788
5,gle350,2024-03-29 22:00:20+00:00,40.289288,-88.126427,-57.506571609833486,1479.0,9.450030855367388,rs10,21.381777015588778,31.434742916682982,10.052965901094204,1,21.381777015588778,31.434742916682982,10.052965901094204,-78.92951005359993,negative_cross,toward_S4,1.3967210822919711
5,gle350,2024-03-29 22:00:21+00:00,40.289192,-88.126425,-46.83665567062048,1480.0,10.669915939213006,rs7,21.383310501395254,31.929802319279958,10.546491817884704,2,21.383310501395254,31.929802319279958,10.546491817884704,-27.632700444717127,negative_cross,toward_S4,1.6443711995203083
5,gle350,2024-03-29 22:00:22+00:00,40.289092,-88.126425,-35.718972310807104,1481.0,11.117683359813377,rs7,11.989885287945288,27.26939438778525,15.279509099839963,2,11.989885287945288,42.966993439693475,30.977108151748187,-27.632700444717127,negative_cross,toward_S4,1.8502542247020375
5,gle350,2024-03-29 22:00:23+00:00,40.288986,-88.126429,-23.928107778812112,1482.0,11.790864531994991,rs7,8.717566816133765,26.695609861971096,17.97804304583733,2,8.717566816133765,52.03366989683342,43.31610308069966,-27.632700444717127,negative_cross,toward_S4,2.0686035678871297
5,gle350,2024-03-29 22:00:24+00:00,40.28888,-88.126439,-12.128062988774266,1483.0,11.800044790037846,rs7,16.698666395023505,31.42344236852861,14.724775973505107,2,16.698666395023505,40.379144789378934,23.68047839435543,-27.632700444717127,negative_cross,toward_S4,2.2871229158507935
5,gle350,2024-03-29 22:00:26+00:00,40.288775,-88.126456,-0.4284847327153798,1485.0,5.849789128029443,rs7,27.34865007530834,28.772804397747507,1.4241543224391684,2,27.34865007530834,28.772804397747507,1.4241543224391684,-27.632700444717127,negative_cross,toward_S4,2.503781772444477
5,gle350,2024-03-29 22:00:27+00:00,40.288668,-88.126474,11.49497723363282,1486.0,11.9234619663482,rs5,17.147346262382396,34.02670546221794,16.879359199835545,3,17.147346262382396,38.86392864040121,21.716582378018817,26.33125891160298,negative_cross,toward_S4,2.7252540430005525
5,gle350,2024-03-29 22:00:28+00:00,40.288559,-88.126491,23.639262824526615,1487.0,12.144285590893794,rs5,6.902107619243558,32.24025395300172,25.33814633375816,3,6.902107619243558,50.83115706188564,43.92904944264208,26.33125891160298,negative_cross,toward_S4,2.9501482206096967
5,gle350,2024-03-29 22:00:29+00:00,40.288448,-88.126504,35.999781910538736,1488.0,12.360519086012122,rs5,10.325036867986354,34.65265514334828,24.32761827536192,3,10.325036867986354,45.6061956155216,35.281158747535244,26.33125891160298,negative_cross,toward_S4,3.179046722202514
5,gle350,2024-03-29 22:00:30+00:00,40.288335,-88.126512,48.575004450398986,1489.0,12.575222539860249,rs5,22.0428201754286,33.03546509975881,10.992644924330211,3,22.0428201754286,33.03546509975881,10.992644924330211,26.33125891160298,negative_cross,toward_S4,3.4119212136814077
5,gle350,2024-03-29 22:00:31+00:00,40.288224,-88.126515,60.92022310764904,1490.0,12.345218657250058,rs2,20.771562241679383,34.20675501005293,13.435192768373547,4,20.771562241679383,34.20675501005293,13.435192768373547,80.2309515867141,negative_cross,toward_S4,3.642393917054351
5,gle350,2024-03-29 22:00:32+00:00,40.288115,-88.126518,73.04308809829335,1491.0,12.12286499064431,rs2,8.956763789634088,34.889041213632815,25.932277423998727,4,8.956763789634088,46.246569877962976,37.28980608832889,80.2309515867141,negative_cross,toward_S4,3.8668914168810975
5,gle350,2024-03-29 22:00:33+00:00,40.28802,-88.12652,83.60794737491182,1492.0,10.564859276618463,rs2,3.778926423966573,34.65784419325537,30.878917769288798,4,3.778926423966573,56.77332398112234,52.994397557155764,80.2309515867141,negative_cross,toward_S4,4.062536959040698
5,gle350,2024-03-29 22:00:34+00:00,40.287936,-88.126495,92.90855032508205,1493.0,9.30060295017023,rs2,12.665868779390914,34.944233351358285,22.278364571967373,4,12.665868779390914,66.24970797777652,53.58383919838561,80.2309515867141,negative_cross,toward_S4,4.234770347006814
5,gle350,2024-03-29 22:00:35+00:00,40.287881,-88.126458,98.96666458672645,1494.0,6.0581142616444055,rs2,19.535634297393717,35.048871918758095,15.513237621364379,4,19.535634297393717,72.66210890860346,53.126474611209744,80.2309515867141,negative_cross,toward_S4,4.346957648148377
5,gle350,2024-03-29 22:00:36+00:00,40.287844,-88.126408,103.00370528581605,1495.0,4.0370406990896015,rs2,25.152733280056783,34.290026278869426,9.137292998812644,4,25.152733280056783,77.35329983896249,52.200566558905706,80.2309515867141,negative_cross,toward_S4,4.421717661094481
5,gle350,2024-03-29 22:00:37+00:00,40.287837,-88.126339,103.67637016217314,1496.0,0.6726648763570893,rs2,29.130554236245306,30.91102735742134,1.7804731211760334,4,29.130554236245306,79.31329688024753,50.18274264400223,80.2309515867141,negative_cross,toward_S4,4.434174418064057
5,gle350,2024-03-29 22:00:38+00:00,40.287851,-88.126275,102.02197174779278,1497.0,-1.654398414380367,rs1,26.542647489858545,31.784471516052307,5.241824026193761,4,26.542647489858545,77.43196532543496,50.88931783557641,80.2309515867141,positive_cross,toward_S1,4.403537410390346
5,gle350,2024-03-29 22:00:39+00:00,40.287884,-88.126229,98.2827542674484,1498.0,-3.7392174803443794,rs1,21.43795916201441,32.72430877665278,11.286349614638368,4,21.43795916201441,73.19352179050787,51.755562628493465,80.2309515867141,positive_cross,toward_S1,4.334292642235821
5,gle350,2024-03-29 22:00:40+00:00,40.287928,-88.126195,93.33895213123049,1499.0,-4.943802136217911,rs1,15.771451432984325,33.06875161431912,17.297300181334794,4,15.771451432984325,67.98952335785798,52.218071924873655,80.2309515867141,positive_cross,toward_S1,4.242740750824377
5,gle350,2024-03-29 22:00:41+00:00,40.287984,-88.126178,87.08703872097459,1500.0,-6.251913410255895,rs1,9.638488709425403,32.67644281539815,23.037954105972744,4,9.638488709425403,61.65023095165725,52.01174224223185,80.2309515867141,positive_cross,toward_S1,4.126964576560379
5,gle350,2024-03-29 22:00:42+00:00,40.288048,-88.126165,79.95183081334801,1501.0,-7.1352079076265795,rs1,4.394332593713786,33.19464593311041,28.800313339396624,4,4.394332593713786,54.46300341985369,50.06867082613991,80.2309515867141,positive_cross,toward_S1,3.994831096789517
5,gle350,2024-03-29 22:00:43+00:00,40.288122,-88.126155,71.70944469882963,1502.0,-8.242386114518382,rs1,8.146364080854761,35.23472019390378,27.088356113049024,4,8.146364080854761,46.190665208173264,38.044301127318505,80.2309515867141,positive_cross,toward_S1,3.842194316891028
5,gle350,2024-03-29 22:00:44+00:00,40.288209,-88.126152,62.032470047429186,1503.0,-9.676974651400442,rs1,17.349985121599808,36.52743106467398,19.177445943074176,4,17.349985121599808,36.52743106467398,19.177445943074176,80.2309515867141,positive_cross,toward_S1,3.662991082605835
5,gle350,2024-03-29 22:00:45+00:00,40.288305,-88.126151,51.35796397955713,1504.0,-10.67450606787206,rs3,25.903313501241044,27.90395552349409,2.0006420222530465,3,25.903313501241044,27.90395552349409,2.0006420222530465,26.33125891160298,positive_cross,toward_S1,3.46345750125841
5,gle350,2024-03-29 22:00:46+00:00,40.28841,-88.126151,39.68439645238505,1505.0,-11.673567527172075,rs3,14.395953596089225,37.353555040414165,22.95760144432494,3,14.395953596089225,39.530986890946444,25.13503329485722,26.33125891160298,positive_cross,toward_S1,3.2472803248292976
5,gle350,2024-03-29 22:00:47+00:00,40.288522,-88.126149,27.22953100390314,1506.0,-12.454865448481911,rs3,3.4889963677547073,35.09232284329764,31.60332647554293,3,3.4889963677547073,51.948816847230255,48.459820479475546,26.33125891160298,positive_cross,toward_S1,3.016634668375929
5,gle350,2024-03-29 22:00:48+00:00,40.288637,-88.126148,14.442665097561887,1507.0,-12.786865906341253,rs3,11.637238830159621,37.14813253750488,25.510893707345257,3,11.637238830159621,42.72210730659807,31.084868476438448,26.33125891160298,positive_cross,toward_S1,2.7798408552955354
5,gle350,2024-03-29 22:00:49+00:00,40.288752,-88.126146,1.654269148348775,1508.0,-12.788395949213113,rs3,24.19543381472474,29.950232749360904,5.754798934636163,3,24.19543381472474,29.950232749360904,5.754798934636163,26.33125891160298,positive_cross,toward_S1,2.543018708087885
5,gle350,2024-03-29 22:00:50+00:00,40.288866,-88.126143,-11.024480009654232,1509.0,-12.678749158003006,rs6,17.308029954442343,36.36369619218496,19.055666237742617,2,17.308029954442343,36.79759664724377,19.48956669280143,-27.632700444717127,positive_cross,toward_S1,2.30755963768635
5,gle350,2024-03-29 22:00:51+00:00,40.288983,-88.126144,-24.030639497669224,1510.0,-13.006159488014992,rs6,4.72455125552029,32.465041451137154,27.740490195616864,2,4.72455125552029,49.79132623791509,45.0667749823948,-27.632700444717127,positive_cross,toward_S1,2.066704832352739
5,gle350,2024-03-29 22:00:52+00:00,40.2891,-88.126147,-37.03373889912881,1511.0,-13.003099401459583,rs6,9.198283383675875,33.36859115592998,24.1703077722541,2,9.198283383675875,42.512599161714846,33.314315778038974,-27.632700444717127,positive_cross,toward_S1,1.8259066952886727
5,gle350,2024-03-29 22:00:53+00:00,40.289219,-88.126149,-50.26072201168941,1512.0,-13.226983112560603,rs6,22.24961735766019,29.309613130366454,7.059995772706266,2,22.24961735766019,29.309613130366454,7.059995772706266,-27.632700444717127,positive_cross,toward_S1,1.5809625635745874
5,gle350,2024-03-29 22:00:54+00:00,40.289326,-88.126155,-62.14746294902604,1513.0,-11.886740937336633,rs8,17.532643454751234,32.16150054683267,14.628857092081436,1,17.532643454751234,34.138556873747106,16.605913418995872,-78.92951005359993,positive_cross,toward_S1,1.3107786500847016
5,gle350,2024-03-29 22:00:55+00:00,40.289417,-88.126159,-72.25843463434668,1514.0,-10.110971685320642,rs8,7.808203671208365,27.933916712316254,20.12571304110789,1,7.808203671208365,44.251987867542255,36.44378419633389,-78.92951005359993,positive_cross,toward_S1,1.1235384336898748
5,gle350,2024-03-29 22:00:56+00:00,40.289493,-88.126166,-80.69716368739569,1515.0,-8.438729053049002,rs8,3.8068925600679457,26.621994029005087,22.81510146893714,1,3.8068925600679457,52.72571808901708,48.918825528949135,-78.92951005359993,positive_cross,toward_S1,0.9672656734482267
5,gle350,2024-03-29 22:00:57+00:00,40.289558,-88.126199,-87.87316645605664,1516.0,-7.17600276866095,rs8,10.618657821612905,25.442436636295625,14.82377881468272,1,10.618657821612905,60.192779984407984,49.57412216279508,-78.92951005359993,positive_cross,toward_S1,0.8343767332878387
5,gle350,2024-03-29 22:00:58+00:00,40.2896,-88.126254,-92.45844110891387,1517.0,-4.585274652857237,rs8,17.182577413685966,23.54402320182607,6.361445788140106,1,17.182577413685966,65.49724475525369,48.31466734156773,-78.92951005359993,positive_cross,toward_S1,0.7494642397164084
5,gle350,2024-03-29 22:00:59+00:00,40.289615,-88.126317,-94.02970091140368,1518.0,-1.5712598024898057,rs10,20.678259657103865,22.107263841200773,1.4290041840969074,1,20.678259657103865,68.26467303039821,47.58641337329435,-78.92951005359993,negative_cross,toward_S1,0.7203668359665971
5,gle350,2024-03-29 22:01:00+00:00,40.289602,-88.126379,-92.48953941687077,1519.0,1.54016149453291,rs10,16.373046933320808,25.461158679799606,9.088111746478798,1,16.373046933320808,66.41068663626375,50.03763970294294,-78.92951005359993,negative_cross,toward_S4,0.748888345124614
5,gle350,2024-03-29 22:01:01+00:00,40.289566,-88.12642,-88.42444164940802,1520.0,4.0650977674627455,rs10,11.1822071138962,26.83444760493838,15.65224049104218,1,11.1822071138962,61.888251142724464,50.706044028828266,-78.92951005359993,negative_cross,toward_S4,0.8241679334109612
5,gle350,2024-03-29 22:01:02+00:00,40.289519,-88.126432,-83.18076995572673,1521.0,5.243671693681293,rs10,6.218440895350998,26.490399188024046,20.271958292673048,1,6.218440895350998,56.569352616264716,50.350911720913714,-78.92951005359993,negative_cross,toward_S4,0.9212729647754295
5,gle350,2024-03-29 22:01:03+00:00,40.289462,-88.126426,-76.85287069829677,1522.0,6.327899257429962,rs10,4.762268127572683,25.750575148703348,20.988307021130666,1,4.762268127572683,50.37991334691642,45.617645219343736,-78.92951005359993,negative_cross,toward_S4,1.0384562843574658
5,gle350,2024-03-29 22:01:04+00:00,40.289398,-88.12642,-69.74673360530072,1523.0,7.10613709299605,rs10,10.025814407551259,26.818982062375404,16.793167654824146,1,10.025814407551259,43.47640208445382,33.45058767690256,-78.92951005359993,negative_cross,toward_S4,1.1700514157092445
5,gle350,2024-03-29 22:01:05+00:00,40.289321,-88.126417,-61.19070754742876,1524.0,8.55602605787196,rs10,18.035352025326745,30.651681465676415,12.61632944034967,1,18.035352025326745,35.19948976493017,17.164137739603426,-78.92951005359993,negative_cross,toward_S4,1.3284963427068734
5,gle350,2024-03-29 22:01:06+00:00,40.289234,-88.126416,-51.51985306751577,1525.0,9.67085447991299,rs7,26.002746293387737,27.453256620855832,1.4505103274680948,2,26.002746293387737,27.453256620855832,1.4505103274680948,-27.632700444717127,negative_cross,toward_S4,1.5576453218000252
5,gle350,2024-03-29 22:01:07+00:00,40.289134,-88.12642,-40.39604953621496,1526.0,11.123803531300808,rs7,15.893832347750509,28.598966535628314,12.705134187877805,2,15.893832347750509,38.378378306069926,22.484545958319416,-27.632700444717127,negative_cross,toward_S4,1.7636416834907809
5,gle350,2024-03-29 22:01:08+00:00,40.289025,-88.126425,-28.270124460616906,1527.0,12.125925075598055,rs7,8.493670720557606,26.085630397156383,17.591959676598776,2,8.493670720557606,50.38294016555928,41.88926944500167,-27.632700444717127,negative_cross,toward_S4,1.9881958515574114
5,gle350,2024-03-29 22:01:09+00:00,40.288909,-88.126431,-15.36443150579091,1528.0,12.905692954825996,rs7,14.228565116731266,29.334944642591356,15.10637952586009,2,14.228565116731266,43.670722903308096,29.44215778657683,-27.632700444717127,negative_cross,toward_S4,2.2271901655356707
5,gle350,2024-03-29 22:01:10+00:00,40.288792,-88.126445,-2.335321375422778,1529.0,13.029110130368132,rs7,25.73198618540208,30.862462161691433,5.130475976289354,2,25.73198618540208,30.862462161691433,5.130475976289354,-27.632700444717127,negative_cross,toward_S4,2.4684699827647103
5,gle350,2024-03-29 22:01:11+00:00,40.288675,-88.126464,10.7014389700946,1530.0,13.036760345517378,rs5,18.223717076584776,33.61424530707542,15.390528230490645,3,18.223717076584776,38.19451181620418,19.9707947396194,26.33125891160298,negative_cross,toward_S4,2.710558889972067
5,gle350,2024-03-29 22:01:12+00:00,40.288557,-88.126482,23.84784610605387,1531.0,13.146407135959269,rs5,7.488069208752459,31.46183491494206,23.9737657061896,3,7.488069208752459,51.10121175707562,43.61314254832316,26.33125891160298,negative_cross,toward_S4,2.954010873971313
5,gle350,2024-03-29 22:01:13+00:00,40.288434,-88.1265,37.55013740937184,1532.0,13.702291303317974,rs5,11.862202473205546,34.80326085686206,22.941058383656515,3,11.862202473205546,44.09196044842495,32.2297579752194,26.33125891160298,negative_cross,toward_S4,3.207757009217942
5,gle350,2024-03-29 22:01:14+00:00,40.28831,-88.126512,51.35442528956237,1533.0,13.804287880190529,rs5,24.77633990554802,30.274337329319167,5.497997423771146,3,24.77633990554802,30.274337329319167,5.497997423771146,26.33125891160298,negative_cross,toward_S4,3.463391969962211
5,gle350,2024-03-29 22:01:15+00:00,40.288192,-88.126517,64.48094186814401,1534.0,13.126516578581644,rs2,17.23971533471165,37.386684759604975,20.146969424893324,4,17.23971533471165,37.72579846925696,20.486083134545307,80.2309515867141,negative_cross,toward_S4,3.7083331533598134
5,gle350,2024-03-29 22:01:16+00:00,40.288087,-88.126519,76.15756948184973,1535.0,11.676627613705719,rs2,6.1116822061862,34.52075972607524,28.409077519889042,4,6.1116822061862,49.344748342194016,43.233066136007814,80.2309515867141,negative_cross,toward_S4,3.9245669980580673
5,gle350,2024-03-29 22:01:17+00:00,40.287991,-88.126488,86.78311417767019,1536.0,10.625544695820452,rs2,7.935119151638135,32.52084065979929,24.585721508161157,4,7.935119151638135,60.21692460193485,52.281805450296716,80.2309515867141,negative_cross,toward_S4,4.121336344276965
5,gle350,2024-03-29 22:01:18+00:00,40.287923,-88.12647,94.31559809020541,1537.0,7.532483912535227,rs2,14.913927936059565,33.60256309611108,18.68863516005152,4,14.913927936059565,67.90270728110258,52.988779345043014,80.2309515867141,negative_cross,toward_S4,4.260826787101691
5,gle350,2024-03-29 22:01:19+00:00,40.287845,-88.126352,102.80684605146085,1538.0,8.49124796125544,rs2,27.745317562439507,30.923841651630912,3.1785240891914057,4,27.745317562439507,78.19029968460637,50.44498212216686,80.2309515867141,negative_cross,toward_S4,4.418072119717532
5,gle350,2024-03-29 22:01:20+00:00,40.287848,-88.126275,102.35550224931396,1539.0,-0.4513438021468943,rs1,26.82942257182578,32.006024856769834,5.176602284944053,4,26.82942257182578,77.76031535739664,50.930892785570855,80.2309515867141,positive_cross,ambiguous,4.4097139011592565
5,gle350,2024-03-29 22:01:21+00:00,40.287878,-88.126213,98.9253345829176,1540.0,-3.4301676663963576,rs1,21.46904128561339,34.22953276235709,12.760491476743699,4,21.46904128561339,73.68492361633938,52.21588233072599,80.2309515867141,positive_cross,toward_S1,4.346192277707472
5,gle350,2024-03-29 22:01:22+00:00,40.28793,-88.12618,93.0936478206917,1541.0,-5.8316867622259,rs1,15.054548715305309,34.1709709748647,19.116422259559393,4,15.054548715305309,67.64818186290869,52.59363314760338,80.2309515867141,positive_cross,toward_S1,4.238198078406993
5,gle350,2024-03-29 22:01:23+00:00,40.287988,-88.126166,86.62397087242387,1542.0,-6.469676948267832,rs1,8.718744018735016,33.59722932040849,24.87848530167347,4,8.718744018735016,61.122713250269676,52.40396923153466,80.2309515867141,positive_cross,toward_S1,4.118389246031662
5,gle350,2024-03-29 22:01:24+00:00,40.288054,-88.126159,79.27558955463269,1543.0,-7.34838131779118,rs1,3.8057026791259685,33.72796015693344,29.922257477807474,4,3.8057026791259685,53.75793896760536,49.95223628847939,80.2309515867141,positive_cross,toward_S1,3.982308110517011
5,gle350,2024-03-29 22:01:25+00:00,40.288135,-88.126151,70.25802569108185,1544.0,-9.017563863550834,rs1,9.356561221458216,35.961054173587044,26.60449295212883,4,9.356561221458216,44.72308209940553,35.366520877947316,80.2309515867141,positive_cross,toward_S1,3.8153161871179213
5,gle350,2024-03-29 22:01:26+00:00,40.288234,-88.126148,59.246929035966666,1545.0,-11.011096655115189,rs1,20.037924400361653,33.727403373217186,13.689478972855532,4,20.037924400361653,33.727403373217186,13.689478972855532,80.2309515867141,positive_cross,toward_S1,3.6114069898009733
5,gle350,2024-03-29 22:01:27+00:00,40.288339,-88.126146,47.57030142305088,1546.0,-11.676627612915787,rs3,22.09844977052964,31.62571895825149,9.52726918772185,3,22.09844977052964,31.62571895825149,9.52726918772185,26.33125891160298,positive_cross,toward_S1,3.3933156020638497
5,gle350,2024-03-29 22:01:28+00:00,40.288448,-88.126145,35.45049651815029,1547.0,-12.11980490490059,rs3,10.175836320140059,36.56082826411595,26.38499194397589,3,10.175836320140059,43.71227394965922,33.53643762951916,26.33125891160298,positive_cross,toward_S1,3.168874770491617
5,gle350,2024-03-29 22:01:29+00:00,40.288561,-88.126146,22.889044364991953,1548.0,-12.561452153158335,rs3,3.9944666071419976,35.511552740049446,31.517086132907448,3,3.9944666071419976,51.15416206951989,47.1596954623779,26.33125891160298,positive_cross,toward_S1,2.93625528617387
5,gle350,2024-03-29 22:01:30+00:00,40.28868,-88.126145,9.657471124584001,1549.0,-13.231573240407952,rs3,16.256553709194872,37.93274794804669,21.676194238851817,3,16.256553709194872,37.93274794804669,21.676194238851817,26.33125891160298,positive_cross,toward_S1,2.691226152092241
5,gle350,2024-03-29 22:01:31+00:00,40.288803,-88.126143,-4.020339493508978,1550.0,-13.677810618092979,rs6,24.27644530843096,29.812181874423604,5.535736565992643,2,24.27644530843096,29.812181874423604,5.535736565992643,-27.632700444717127,positive_cross,toward_S1,2.4372659435408917
5,gle350,2024-03-29 22:01:32+00:00,40.288927,-88.126142,-17.807796902043844,1551.0,-13.787457408534866,rs6,10.59279646279205,33.88966504042795,23.296868577635898,2,10.59279646279205,43.56293158127589,32.97013511848384,-27.632700444717127,positive_cross,toward_S1,2.1819426581976535
5,gle350,2024-03-29 22:01:33+00:00,40.28905,-88.126144,-31.479487348649393,1552.0,-13.671690446605549,rs6,3.981976719525768,32.49564877518951,28.51367205566374,2,3.981976719525768,48.058710967824524,44.076734248298756,-27.632700444717127,positive_cross,toward_S1,1.9287632054827357
5,gle350,2024-03-29 22:01:34+00:00,40.28917,-88.126147,-44.81611725084018,1553.0,-13.336629902190786,rs6,16.82538369372193,34.73715245481583,17.9117687610939,2,16.82538369372193,34.73715245481583,17.9117687610939,-27.632700444717127,positive_cross,toward_S1,1.681788577664388
5,gle350,2024-03-29 22:01:35+00:00,40.289286,-88.126149,-57.709569861879615,1554.0,-12.893452611039436,rs8,21.88447854746264,29.66159457914677,7.77711603168413,1,21.88447854746264,29.66159457914677,7.77711603168413,-78.92951005359993,positive_cross,toward_S1,1.392961855402228
5,gle350,2024-03-29 22:01:36+00:00,40.28939,-88.126151,-69.26890046999422,1555.0,-11.559330608114607,rs8,10.471867627722608,29.429913225352717,18.95804559763011,1,10.471867627722608,41.20680768719026,30.734940059467654,-78.92951005359993,positive_cross,toward_S1,1.1789001774741796
5,gle350,2024-03-29 22:01:37+00:00,40.289478,-88.126155,-79.04634165537361,1556.0,-9.777441185379388,rs8,2.697359270625488,27.489626804976634,24.792267534351147,1,2.697359270625488,50.995989408885485,48.298630138259995,-78.92951005359993,positive_cross,toward_S1,0.9978364518190058
5,gle350,2024-03-29 22:01:38+00:00,40.289556,-88.126179,-87.68141364616332,1557.0,-8.635071990789712,rs8,9.497590389583529,26.959467777509133,17.461877387925604,1,9.497590389583529,59.80015822000359,50.30256783042006,-78.92951005359993,positive_cross,toward_S1,0.837927711248826
5,gle350,2024-03-29 22:01:39+00:00,40.289614,-88.12623,-94.05163780826771,1558.0,-6.3702241621043925,rs8,17.254020498213254,26.10652097871766,8.852500480504407,1,17.254020498213254,66.70909423033716,49.45507373212391,-78.92951005359993,positive_cross,toward_S1,0.7199605971357816
5,gle350,2024-03-29 22:01:40+00:00,40.289641,-88.126301,-96.9447792714757,1559.0,-2.893141463207982,rs8,23.239565185521666,23.758508160035227,0.5189429745135605,1,23.239565185521666,70.75910977750404,47.51954459198237,-78.92951005359993,positive_cross,toward_S1,0.666383903372671
5,gle350,2024-03-29 22:01:41+00:00,40.289634,-88.126372,-96.05790839172502,1560.0,0.8868708797506741,rs10,19.770127597375414,27.031898209333434,7.2617706119580205,1,19.770127597375414,70.018355967419,50.248228370043584,-78.92951005359993,negative_cross,toward_S4,0.6828074381828686
5,gle350,2024-03-29 22:01:42+00:00,40.289598,-88.126422,-91.97904023837206,1561.0,4.078868153352957,rs10,14.395120352954828,28.425074706469175,14.029954353514347,1,14.395120352954828,65.39016343153818,50.99504307858336,-78.92951005359993,negative_cross,toward_S4,0.7583420336153308
5,gle350,2024-03-29 22:01:43+00:00,40.289545,-88.126437,-86.06371741461281,1562.0,5.915322823759254,rs10,8.451432544494828,27.502983597601965,19.051551053107136,1,8.451432544494828,59.3803389732579,50.92890642876307,-78.92951005359993,negative_cross,toward_S4,0.8678850488701317
5,gle350,2024-03-29 22:01:44+00:00,40.289483,-88.126422,-79.19370437490265,1563.0,6.870013039710159,rs10,4.896513537069186,25.317208595179864,20.420695058110677,1,4.896513537069186,52.73964480110335,47.84313126403417,-78.92951005359993,negative_cross,toward_S4,0.9951075125684681
5,gle350,2024-03-29 22:01:45+00:00,40.289416,-88.126417,-71.75250673909348,1564.0,7.441197635809175,rs10,8.506176653729764,25.946247244277963,17.4400705905482,1,8.506176653729764,45.48864820407305,36.98247155034329,-78.92951005359993,negative_cross,toward_S4,1.1329074687871565
5,gle350,2024-03-29 22:01:46+00:00,40.289333,-88.126421,-62.51870937886615,1565.0,9.233797360227328,rs10,16.6598118898651,30.175724714581285,13.515912824716185,1,16.6598118898651,36.40724501096135,19.747433121096247,-78.92951005359993,negative_cross,toward_S4,1.3039037161987737
5,gle350,2024-03-29 22:01:47+00:00,40.289236,-88.126425,-51.72843634906476,1566.0,10.79027302980139,rs7,25.953140706342367,27.09558485791683,1.1424441515744626,2,25.953140706342367,27.09558485791683,1.1424441515744626,-27.632700444717127,negative_cross,toward_S4,1.5537826684380067
5,gle350,2024-03-29 22:01:48+00:00,40.289135,-88.12643,-40.491925941556616,1567.0,11.236510407508142,rs7,15.532787609540346,29.410523112065135,13.87773550252479,2,15.532787609540346,38.16639605782612,22.633608448285774,-27.632700444717127,negative_cross,toward_S4,1.7618661945029723
5,gle350,2024-03-29 22:01:49+00:00,40.289033,-88.126433,-29.14729878647842,1568.0,11.344627155078197,rs7,7.992390661735597,26.796024994344876,18.803634332609278,2,7.992390661735597,49.43867674281705,41.44628608108145,-27.632700444717127,negative_cross,toward_S4,1.971951882559976
5,gle350,2024-03-29 22:01:50+00:00,40.288932,-88.126441,-17.90619825035469,1569.0,11.241100536123728,rs7,11.65294500746906,29.14663416820013,17.49368916073107,2,11.65294500746906,45.95092300801345,34.29797800054439,-27.632700444717127,negative_cross,toward_S4,2.180120411006712
5,gle350,2024-03-29 22:01:51+00:00,40.288828,-88.126455,-6.322386956225129,1570.0,11.583811294129562,rs7,21.646497118058594,34.44176374658259,12.795266628523994,2,21.646497118058594,34.44176374658259,12.795266628523994,-27.632700444717127,negative_cross,toward_S4,2.394635434972074
5,gle350,2024-03-29 22:01:52+00:00,40.288722,-88.126471,5.486838091043863,1571.0,11.809225047268992,rs5,22.785450643598875,32.934620577097824,10.14916993349895,3,22.785450643598875,32.934620577097824,10.14916993349895,26.33125891160298,negative_cross,toward_S4,2.613992207026683
5,gle350,2024-03-29 22:01:53+00:00,40.288612,-88.126487,17.740770472379552,1572.0,12.253932381335689,rs5,11.199949355076123,32.90359606150344,21.70364670642732,3,11.199949355076123,44.96907576223157,33.76912640715545,26.33125891160298,negative_cross,toward_S4,2.8409168807551217
5,gle350,2024-03-29 22:01:54+00:00,40.288495,-88.126498,30.765290474900322,1573.0,13.02452000252077,rs5,6.677329979131103,33.04865840949119,26.371328430360087,3,6.677329979131103,50.85856097587552,44.18123099674442,26.33125891160298,negative_cross,toward_S4,3.0821116956166175
5,gle350,2024-03-29 22:01:55+00:00,40.288376,-88.126501,43.99992380105199,1574.0,13.23463332615167,rs5,17.842143057012127,37.48136104329428,19.63921798628215,3,17.842143057012127,37.67434419535289,19.83220113834076,26.33125891160298,negative_cross,toward_S4,3.3271974979527594
5,gle350,2024-03-29 22:01:56+00:00,40.288253,-88.126502,57.67620437627311,1575.0,13.67628057522112,rs2,24.14268251089462,31.16853539594538,7.02585288505076,4,24.14268251089462,31.16853539594538,7.02585288505076,80.2309515867141,negative_cross,toward_S4,3.5823194961029445
5,gle350,2024-03-29 22:01:57+00:00,40.288131,-88.126502,71.23977807451868,1576.0,13.56357369824557,rs2,11.12387294983389,33.95165526019377,22.82778231035988,4,11.12387294983389,44.608881205699895,33.485008255866006,80.2309515867141,negative_cross,toward_S4,3.833496786811196
5,gle350,2024-03-29 22:01:58+00:00,40.288025,-88.126501,83.02299239292257,1577.0,11.783214318403893,rs2,4.959959422793506,32.99475867422693,28.034799251433423,4,4.959959422793506,56.34469171628042,51.38473229348692,80.2309515867141,negative_cross,toward_S4,4.051704459374231
5,gle350,2024-03-29 22:01:59+00:00,40.287941,-88.126494,92.35113611482974,1578.0,9.328143721907168,rs2,12.196990852446547,34.65725087291062,22.460260020464077,4,12.196990852446547,65.70312613736206,53.506135284915516,80.2309515867141,negative_cross,toward_S4,4.224447861631771
5,gle350,2024-03-29 22:02:00+00:00,40.287877,-88.126456,99.40831183502772,1579.0,7.057175720197975,rs2,20.010468012485855,35.15737436327359,15.146906350787734,4,20.010468012485855,73.12448400923309,53.11401599674723,80.2309515867141,negative_cross,toward_S4,4.355136300894697
5,gle350,2024-03-29 22:02:01+00:00,40.287836,-88.126396,103.87475944019015,1580.0,4.466447605162429,rs2,26.43579565854877,34.187429890931426,7.751634232382656,4,26.43579565854877,78.40740910434202,51.97161344579325,80.2309515867141,negative_cross,toward_S4,4.43784829358289
5,gle350,2024-03-29 22:02:02+00:00,40.287828,-88.126327,104.65860115065091,1581.0,0.7838417104607629,rs2,30.55024390053576,31.102955710062243,0.5527118095264818,4,30.55024390053576,80.53220596149683,49.98196206096107,80.2309515867141,negative_cross,toward_S4,4.452363880813644
5,gle350,2024-03-29 22:02:03+00:00,40.287847,-88.12626,102.44372843948462,1582.0,-2.2148727111662936,rs1,26.303297443699904,33.03741335875593,6.734115915056023,4,26.303297443699904,77.65413307871597,51.35083563501607,80.2309515867141,positive_cross,toward_S1,4.41134771949575
5,gle350,2024-03-29 22:02:04+00:00,40.287889,-88.12621,97.69779928466922,1583.0,-4.7459291548154,rs1,20.24474781949225,33.82273211531138,13.577984295819132,4,20.24474781949225,72.44024520970268,52.195497390210434,80.2309515867141,positive_cross,toward_S1,4.323460142554724
5,gle350,2024-03-29 22:02:05+00:00,40.287947,-88.12618,91.20364164961822,1584.0,-6.494157635050996,rs1,13.316991995423143,33.541074965758895,20.22408297033575,4,13.316991995423143,65.76437908268419,52.44738708726104,80.2309515867141,positive_cross,toward_S1,4.203197964127854
5,gle350,2024-03-29 22:02:06+00:00,40.288019,-88.126174,83.18972937402647,1585.0,-8.01391227559175,rs1,6.511897873502299,32.50206851287541,25.990170639373112,4,6.511897873502299,57.7425728742121,51.2306750007098,80.2309515867141,positive_cross,toward_S1,4.054792181246525
5,gle350,2024-03-29 22:02:07+00:00,40.2881,-88.12617,74.17828568119485,1586.0,-9.01144369283162,rs1,6.833153300984825,33.433276840897605,26.60012353991278,4,6.833153300984825,48.74200715864669,41.90885385766187,80.2309515867141,positive_cross,toward_S1,3.887913594342236
5,gle350,2024-03-29 22:02:08+00:00,40.288197,-88.126166,63.38801265139346,1587.0,-10.79027302980139,rs1,16.31921295865517,37.426938342404476,21.107725383749305,4,16.31921295865517,37.98101415056455,21.661801191909376,80.2309515867141,positive_cross,toward_S1,3.688093723419988
5,gle350,2024-03-29 22:02:09+00:00,40.288301,-88.126162,51.81950178602597,1588.0,-11.568510865367493,rs3,26.477486804875674,27.58358622107842,1.1060994162027455,3,26.477486804875674,27.58358622107842,1.1060994162027455,26.33125891160298,positive_cross,toward_S1,3.4720044976745
5,gle350,2024-03-29 22:02:10+00:00,40.288411,-88.126159,39.5854599612997,1589.0,-12.234041824726269,rs3,14.459174794152332,36.67986784441615,22.22069305026382,3,14.459174794152332,39.701092373933854,25.24191757978152,26.33125891160298,positive_cross,toward_S1,3.2454481675869764
5,gle350,2024-03-29 22:02:11+00:00,40.288528,-88.126155,26.571650259693623,1590.0,-13.013809701606075,rs3,3.738719651547628,34.57395893262971,30.83523928108208,3,3.738719651547628,52.64612980796254,48.90741015641491,26.33125891160298,positive_cross,toward_S1,3.004451691631308
5,gle350,2024-03-29 22:02:12+00:00,40.288652,-88.126151,12.779602722521437,1591.0,-13.792047537172186,rs3,13.315588491259028,37.48151603088418,24.16592753962515,3,13.315588491259028,41.07365414483442,27.758065653575393,26.33125891160298,positive_cross,toward_S1,2.7490434039058975
5,gle350,2024-03-29 22:02:13+00:00,40.28878,-88.126148,-1.4556221065920578,1592.0,-14.235224829113495,rs6,26.86292017438762,27.308668186977734,0.4457480125901121,2,26.86292017438762,27.308668186977734,0.4457480125901121,-27.632700444717127,positive_cross,toward_S1,2.484760709965279
5,gle350,2024-03-29 22:02:14+00:00,40.28891,-88.126148,-15.908610473717477,1593.0,-14.45298836712542,rs6,12.547339760820925,34.00679931359647,21.45945955277554,2,12.547339760820925,41.709393722408784,29.16205396158786,-27.632700444717127,positive_cross,toward_S1,2.217112777240734
5,gle350,2024-03-29 22:02:15+00:00,40.289037,-88.126151,-30.023478211496116,1594.0,-14.114867737778638,rs6,3.3821783598467507,31.763571407730876,28.381393047884124,2,3.3821783598467507,49.528063514444305,46.14588515459756,-27.632700444717127,positive_cross,toward_S1,1.955726337652241
5,gle350,2024-03-29 22:02:16+00:00,40.289165,-88.126151,-44.25411291120409,1595.0,-14.230634699707974,rs6,16.331061083232708,35.313105627688934,18.982044544456226,2,16.331061083232708,35.313105627688934,18.982044544456226,-27.632700444717127,positive_cross,toward_S1,1.6921960654354267
5,gle350,2024-03-29 22:02:17+00:00,40.289292,-88.126151,-58.373570778388256,1596.0,-14.119457867184167,rs8,21.238368379871375,30.341691708071885,9.10332332820051,1,21.238368379871375,30.341691708071885,9.10332332820051,-78.92951005359993,positive_cross,toward_S1,1.3806655421335494
5,gle350,2024-03-29 22:02:18+00:00,40.289405,-88.126151,-70.93655297444022,1597.0,-12.562982196051962,rs8,8.852852338124721,28.930055251659677,20.077202913534954,1,8.852852338124721,42.87140663433178,34.01855429620706,-78.92951005359993,positive_cross,toward_S1,1.1480177236881428
5,gle350,2024-03-29 22:02:19+00:00,40.289502,-88.126156,-81.7130556183514,1598.0,-10.776502643911186,rs8,3.5502578570254637,27.55496744991546,24.004709592889995,1,3.5502578570254637,53.66558990329517,50.11533204626971,-78.92951005359993,positive_cross,toward_S1,0.9484528599120097
5,gle350,2024-03-29 22:02:20+00:00,40.28958,-88.126174,-90.35730786716219,1599.0,-8.644252248810787,rs8,11.729615436843966,28.34006659412801,16.610451157284047,1,11.729615436843966,62.4259264854631,50.69631104861914,-78.92951005359993,positive_cross,toward_S1,0.7883741145636618
5,gle350,2024-03-29 22:02:21+00:00,40.289639,-88.126222,-96.8432989912394,1600.0,-6.485991124077202,rs8,19.375605630735155,28.349965771718065,8.97436014098291,1,19.375605630735155,69.37240724158308,49.996801610847925,-78.92951005359993,positive_cross,toward_S1,0.6682631678214914
5,gle350,2024-03-29 22:02:22+00:00,40.28967,-88.126286,-100.1918580886171,1601.0,-3.348559097377702,rs8,25.060411563728884,27.078592070715484,2.0181805069865995,1,25.060411563728884,73.65170287259622,48.59129130886733,-78.92951005359993,positive_cross,toward_S1,0.6062528141663488
5,gle350,2024-03-29 22:02:23+00:00,40.289669,-88.126352,-99.97969842549982,1602.0,0.2121596631172764,rs10,24.00916591342533,28.44363586604743,4.4344699526220985,1,24.00916591342533,74.16363140869414,50.15446549526881,-78.92951005359993,negative_cross,ambiguous,0.6101816968166687
5,gle350,2024-03-29 22:02:24+00:00,40.289641,-88.126408,-96.7810646837738,1603.0,3.198633741726013,rs10,19.305086712303687,29.92919504372951,10.624108331425823,1,19.305086712303687,70.29032901833021,50.98524230602652,-78.92951005359993,negative_cross,toward_S4,0.66941565499678
5,gle350,2024-03-29 22:02:25+00:00,40.28959,-88.12644,-91.0620847977335,1604.0,5.718979886040302,rs10,13.093657222871572,29.41825390866351,16.32459668579194,1,13.093657222871572,64.3206639856016,51.22700676273003,-78.92951005359993,negative_cross,toward_S4,0.7753226899234522
5,gle350,2024-03-29 22:02:26+00:00,40.289524,-88.126438,-83.72747386662252,1605.0,7.334610931110987,rs10,6.36277813238808,27.08414110223415,20.72136296984607,1,6.36277813238808,57.052621003059045,50.689842870670965,-78.92951005359993,negative_cross,toward_S4,0.9111488182773594
5,gle350,2024-03-29 22:02:27+00:00,40.289456,-88.126418,-76.19805003983099,1606.0,7.529423826791529,rs10,5.637598939313672,25.141798327498808,19.504199388185135,1,5.637598939313672,49.840224470350265,44.202625531036595,-78.92951005359993,negative_cross,toward_S4,1.050582592847573
5,gle350,2024-03-29 22:02:28+00:00,40.289377,-88.126414,-67.42120035743517,1607.0,8.77684968239582,rs10,12.325116083088135,27.256419728113425,14.93130364502529,1,12.325116083088135,41.30463536089812,28.979519277809985,-78.92951005359993,negative_cross,toward_S4,1.2131168462252733
5,gle350,2024-03-29 22:02:29+00:00,40.289282,-88.126421,-56.84869086564572,1608.0,10.572509491789447,rs10,22.142742794984894,30.931673005942773,8.78893021095788,1,22.142742794984894,30.931673005942773,8.78893021095788,-78.92951005359993,negative_cross,toward_S4,1.408904059036189
5,gle350,2024-03-29 22:02:30+00:00,40.289171,-88.126429,-44.49582199399288,1609.0,12.352868871652845,rs7,19.112463332945225,31.282574957437227,12.170111624492002,2,19.112463332945225,34.19927471858871,15.086811385643486,-27.632700444717127,negative_cross,toward_S4,1.6877199713097084
5,gle350,2024-03-29 22:02:32+00:00,40.289056,-88.126436,-31.69977583039874,1611.0,6.398023081797069,rs7,8.75311336071968,27.302533018476613,18.549419657756932,2,8.75311336071968,46.86839022779068,38.115276867070996,-27.632700444717127,negative_cross,toward_S4,1.9246837891540443
5,gle350,2024-03-29 22:02:33+00:00,40.288943,-88.126444,-19.124553291328446,1612.0,12.575222539070293,rs7,10.539615281229965,28.99992586698143,18.460310585751465,2,10.539615281229965,47.08902751557783,36.54941223434787,-27.632700444717127,negative_cross,toward_S4,2.157558280618309
5,gle350,2024-03-29 22:02:34+00:00,40.288828,-88.12646,-6.3147367418658416,1613.0,12.809816549462605,rs7,21.535142952963007,34.33186325648917,12.796720303526165,2,21.535142952963007,34.33186325648917,12.796720303526165,-27.632700444717127,negative_cross,toward_S4,2.394777105608357
5,gle350,2024-03-29 22:02:35+00:00,40.288711,-88.126479,6.722023603673279,1614.0,13.03676034553912,rs5,21.405054017734003,34.063693142349976,12.658639124615974,3,21.405054017734003,34.063693142349976,12.658639124615974,26.33125891160298,negative_cross,toward_S4,2.6368660128161165
5,gle350,2024-03-29 22:02:36+00:00,40.288593,-88.126494,19.863840610995233,1615.0,13.141817007321954,rs5,9.155213356302365,33.007705364937365,23.852492008635,3,9.155213356302365,47.04118074312145,37.88596738681909,26.33125891160298,negative_cross,toward_S4,2.88023299443319
5,gle350,2024-03-29 22:02:37+00:00,40.288473,-88.126505,33.22189111345725,1616.0,13.358050502462014,rs5,7.94683833656492,34.05513603535631,26.108297698791393,3,7.94683833656492,48.366833857452164,40.41999552088724,26.33125891160298,negative_cross,toward_S4,3.127604300034338
5,gle350,2024-03-29 22:02:38+00:00,40.288352,-88.126515,46.68958840715112,1617.0,13.467697293693874,rs5,20.138906524545938,34.888444061270306,14.749537536724368,3,20.138906524545938,34.888444061270306,14.749537536724368,26.33125891160298,negative_cross,toward_S4,3.37700610176941
5,gle350,2024-03-29 22:02:39+00:00,40.288231,-88.126519,60.148105443592094,1618.0,13.458517036440973,rs2,21.487161299198657,33.39451054792533,11.907349248726671,4,21.487161299198657,33.39451054792533,11.907349248726671,80.2309515867141,negative_cross,toward_S4,3.628095441794037
5,gle350,2024-03-29 22:02:40+00:00,40.288121,-88.12652,72.37908718257465,1619.0,12.230981738982557,rs2,9.526266110698433,35.18735041304686,25.661084302348424,4,9.526266110698433,45.56773057706922,36.04146446637078,80.2309515867141,negative_cross,toward_S4,3.854595103627047
5,gle350,2024-03-29 22:02:41+00:00,40.288028,-88.126519,82.71700266395005,1620.0,10.337915481375404,rs2,3.414667435583565,34.48269446788139,31.068027032297824,4,3.414667435583565,55.89087675388977,52.4762093183062,80.2309515867141,negative_cross,toward_S4,4.046037982911777
5,gle350,2024-03-29 22:02:42+00:00,40.287942,-88.126499,92.24760949510706,1621.0,9.530606831157002,rs2,11.918121359006802,35.01170117700622,23.09357981799942,4,11.918121359006802,65.55611065589342,53.637989296886616,80.2309515867141,negative_cross,toward_S4,4.222530702007277
5,gle350,2024-03-29 22:02:43+00:00,40.287884,-88.126476,98.66067485775393,1622.0,6.413065362646876,rs2,18.624383729126933,36.15236790261104,17.527984173484107,4,18.624383729126933,72.15965544141156,53.535271712284626,80.2309515867141,negative_cross,toward_S4,4.341291171685922
5,gle350,2024-03-29 22:02:44+00:00,40.287841,-88.126428,103.3678366440714,1623.0,4.707161786317471,rs2,24.648490324495008,35.76461092616917,11.116120601674162,4,24.648490324495008,77.41390748979723,52.76541716530222,80.2309515867141,negative_cross,toward_S4,4.428460834395506
5,gle350,2024-03-29 22:02:45+00:00,40.28782,-88.12636,105.5985072336426,1624.0,2.23067058957119,rs2,29.58118354926206,33.499214546053224,3.9180309967911633,4,29.58118354926206,80.75281630553383,51.17163275627176,80.2309515867141,negative_cross,toward_S4,4.469769549017195
5,gle350,2024-03-29 22:02:46+00:00,40.28783,-88.126291,104.38116593969438,1625.0,-1.2173412939482091,rs1,29.24401368539744,32.41837226070973,3.17435857531229,4,29.24401368539744,79.9776915915296,50.733677906132165,80.2309515867141,positive_cross,toward_S1,4.447226191721857
5,gle350,2024-03-29 22:02:47+00:00,40.287863,-88.126232,100.62205790120413,1626.0,-3.759108038490254,rs1,23.64908794420342,33.812396898693144,10.163308954489725,4,23.64908794420342,75.54225650678518,51.893168562581764,80.2309515867141,positive_cross,toward_S1,4.377613079897964
5,gle350,2024-03-29 22:02:48+00:00,40.287918,-88.126191,94.44460029604039,1627.0,-6.177457605163738,rs1,16.64434408851483,33.813854205936146,17.169510117421314,4,16.64434408851483,69.06224985360706,52.41790576509223,80.2309515867141,positive_cross,toward_S1,4.263215716839376
5,gle350,2024-03-29 22:02:49+00:00,40.287984,-88.126171,87.07632842084985,1628.0,-7.368271875190544,rs1,9.3179133310067,33.259691473551314,23.941778142544614,4,9.3179133310067,61.5992898323138,52.2813765013071,80.2309515867141,positive_cross,toward_S1,4.12676623766918
5,gle350,2024-03-29 22:02:50+00:00,40.288057,-88.126161,78.94511913964523,1629.0,-8.131209281204619,rs1,3.9733218546815774,33.57570460207935,29.60238274739777,4,3.9733218546815774,53.43805650833576,49.46473465365418,80.2309515867141,positive_cross,toward_S1,3.976188288017243
5,gle350,2024-03-29 22:02:51+00:00,40.288141,-88.126156,69.59861490321053,1630.0,-9.346504236434697,rs1,10.128777210817457,35.7600306350941,25.63125342427664,4,10.128777210817457,44.09128813916027,33.96251092834281,80.2309515867141,positive_cross,toward_S1,3.8031048762314152
5,gle350,2024-03-29 22:02:52+00:00,40.288237,-88.126159,58.93022900686939,1631.0,-10.668385896341142,rs1,20.52043744669008,33.492876139897206,12.972438693207124,4,20.52043744669008,33.492876139897206,12.972438693207124,80.2309515867141,positive_cross,toward_S1,3.6055421744473204
5,gle350,2024-03-29 22:02:53+00:00,40.288339,-88.126162,47.59478210904408,1632.0,-11.335446897825307,rs3,22.315242513486766,31.770332607672902,9.455090094186136,3,22.315242513486766,31.770332607672902,9.455090094186136,26.33125891160298,positive_cross,toward_S1,3.393768948100761
5,gle350,2024-03-29 22:02:54+00:00,40.288437,-88.126167,36.707102631029194,1633.0,-10.887679478014888,rs3,11.952745516608788,35.094096253832895,23.14135073722411,3,11.952745516608788,42.64654077377141,30.693795257162627,26.33125891160298,positive_cross,toward_S1,3.1921452540634485
5,gle350,2024-03-29 22:02:55+00:00,40.288536,-88.126171,25.706716276828708,1634.0,-11.000386354200486,rs3,4.988780237058373,33.22422587520724,28.235445638148867,3,4.988780237058373,53.6389339242384,48.65015368718003,26.33125891160298,positive_cross,toward_S1,2.9884343956523285
5,gle350,2024-03-29 22:02:56+00:00,40.288639,-88.126162,14.241732030393925,1635.0,-11.464984246434783,rs3,12.210623631011588,36.100201328154384,23.889577697142798,3,12.210623631011588,42.58865317683486,30.378029545823274,26.33125891160298,positive_cross,toward_S1,2.7761198725702028
5,gle350,2024-03-29 22:02:57+00:00,40.288744,-88.126155,2.5574542030971017,1636.0,-11.684277827296823,rs3,23.41832853698786,30.9062832375186,7.487954700530739,3,23.41832853698786,30.9062832375186,7.487954700530739,26.33125891160298,positive_cross,toward_S1,2.5597443572498912
5,gle350,2024-03-29 22:02:58+00:00,40.288857,-88.126152,-10.010118121570411,1637.0,-12.567572324667513,rs6,18.40723791477872,35.86298229740072,17.455744382622,2,18.40723791477872,35.86298229740072,17.455744382622,-27.632700444717127,positive_cross,toward_S1,2.3263441170953096
5,gle350,2024-03-29 22:02:59+00:00,40.288976,-88.126153,-23.238631276212903,1638.0,-13.228513154642492,rs6,5.780040573556804,31.80389183343124,26.023851259874437,2,5.780040573556804,49.06186049842811,43.28181992487131,-27.632700444717127,positive_cross,toward_S1,2.0813716512685967
5,gle350,2024-03-29 22:03:00+00:00,40.289097,-88.126155,-36.687968055400994,1639.0,-13.44933677918809,rs6,9.091643164382008,32.62351012987875,23.531866965496747,2,9.091643164382008,42.8827272485308,33.79108408414879,-27.632700444717127,positive_cross,toward_S1,1.83230985906141
5,gle350,2024-03-29 22:03:01+00:00,40.289218,-88.126155,-50.14036492033279,1640.0,-13.4523968649318,rs6,22.206201819131785,29.462201091529437,7.255999272397652,2,22.206201819131785,29.462201091529437,7.255999272397652,-27.632700444717127,positive_cross,toward_S1,1.58319139859971
5,gle350,2024-03-29 22:03:02+00:00,40.289334,-88.126151,-63.04299778862512,1641.0,-12.90263286829233,rs8,16.602805827190494,32.00337078956531,15.400564962374816,1,16.602805827190494,34.99549960978068,18.392693782590186,-78.92951005359993,positive_cross,toward_S1,1.2941946715736075
5,gle350,2024-03-29 22:03:03+00:00,40.289436,-88.12615,-74.38456485872783,1642.0,-11.341567070102705,rs8,5.564833360582655,28.267129290347444,22.702295929764787,1,5.564833360582655,46.307329704952785,40.74249634437013,-78.92951005359993,positive_cross,toward_S1,1.0841656517568907
5,gle350,2024-03-29 22:03:04+00:00,40.289524,-88.12617,-84.13752535730228,1643.0,-9.752960498574453,rs8,6.126064096043122,26.752059321069037,20.625995225025914,1,6.126064096043122,56.189735650474994,50.06367155443187,-78.92951005359993,positive_cross,toward_S1,0.9035552721536602
5,gle350,2024-03-29 22:03:05+00:00,40.289594,-88.126214,-91.85258182247797,1644.0,-7.715056465175692,rs8,14.648030067709723,26.027997186309513,11.37996711859979,1,14.648030067709723,64.32153533460257,49.673505266892846,-78.92951005359993,positive_cross,toward_S1,0.760683856131888
5,gle350,2024-03-29 22:03:06+00:00,40.289636,-88.126278,-96.42408608946675,1645.0,-4.571504266988782,rs8,21.5814645435251,24.63984625974278,3.058381716217678,1,21.5814645435251,69.81021118974101,48.22874664621591,-78.92951005359993,positive_cross,toward_S1,0.6760263697061699
5,gle350,2024-03-29 22:03:07+00:00,40.289643,-88.126351,-97.09063079431462,1646.0,-0.6665447048478654,rs10,21.50684984888019,26.33809923766946,4.831249388789271,1,21.50684984888019,71.34819442931231,49.84134458043212,-78.92951005359993,negative_cross,toward_S1,0.6636829492460241
5,gle350,2024-03-29 22:03:08+00:00,40.289614,-88.126412,-93.77317000489384,1647.0,3.317460789420778,rs10,16.35757353964546,28.546706444546558,12.189132904901097,1,16.35757353964546,67.26936930637785,50.911795766732396,-78.92951005359993,negative_cross,toward_S4,0.7251174083093719
5,gle350,2024-03-29 22:03:09+00:00,40.28956,-88.126439,-87.72830983329332,1648.0,6.044860171600519,rs10,9.929815155081698,28.13726853241127,18.20745337732957,1,9.929815155081698,61.01570029127975,51.08588513619805,-78.92951005359993,negative_cross,toward_S4,0.8370592633390112
5,gle350,2024-03-29 22:03:10+00:00,40.289499,-88.126434,-80.9541731981566,1649.0,6.774136635136728,rs10,4.589544579710147,26.404354333993062,21.814809754282916,1,4.589544579710147,54.342933921193556,49.75338934148341,-78.92951005359993,negative_cross,toward_S4,0.9625062380637653
5,gle350,2024-03-29 22:03:11+00:00,40.289433,-88.126418,-73.6409828672951,1650.0,7.313190330861502,rs10,7.054463236159713,25.56045599658638,18.50599276042667,1,7.054463236159713,47.32651441812214,40.272051181962425,-78.92951005359993,negative_cross,toward_S4,1.0979356886352747
5,gle350,2024-03-29 22:03:12+00:00,40.289353,-88.126413,-64.75448639366745,1651.0,8.886496473627645,rs10,14.792738890326621,28.427057161915748,13.634318271589127,1,14.792738890326621,38.72994164819827,23.93720275787165,-78.92951005359993,negative_cross,toward_S4,1.2625004381468976
5,gle350,2024-03-29 22:03:13+00:00,40.289257,-88.126418,-54.073860154307944,1652.0,10.680626239359505,rs10,24.913176102773456,28.355871762229334,3.442695659455879,1,24.913176102773456,28.355871762229334,3.442695659455879,-78.92951005359993,negative_cross,toward_S4,1.4602898129498516
5,gle350,2024-03-29 22:03:14+00:00,40.289151,-88.126428,-42.27381536427009,1653.0,11.800044790037852,rs7,17.162911375776424,30.075698536040136,12.912787160263711,2,17.162911375776424,36.41765054640137,19.254739170624944,-27.632700444717127,negative_cross,toward_S4,1.7288682422305006
5,gle350,2024-03-29 22:03:15+00:00,40.289042,-88.126435,-30.144830202928322,1654.0,12.12898516134177,rs7,8.1376814135823,27.035992086621235,18.898310673038935,2,8.1376814135823,48.42745237816151,40.28977096457921,-27.632700444717127,negative_cross,toward_S4,1.9534790785516445
5,gle350,2024-03-29 22:03:16+00:00,40.288932,-88.126443,-17.903138164610976,1655.0,12.241692038317346,rs7,11.550820534941542,29.30642873168735,17.75560819674581,2,11.550820534941542,45.91315423189163,34.36233369695009,-27.632700444717127,negative_cross,toward_S4,2.180177079261225
5,gle350,2024-03-29 22:03:17+00:00,40.288818,-88.126454,-5.212148662821409,1656.0,12.690989501789566,rs7,22.741058476430034,33.393796942293484,10.65273846586345,2,22.741058476430034,33.393796942293484,10.65273846586345,-27.632700444717127,negative_cross,toward_S4,2.4151954033684393
5,gle350,2024-03-29 22:03:18+00:00,40.288704,-88.126469,7.484961009687375,1657.0,12.697109672508784,rs5,20.977865178668118,34.94119466380358,13.96332948513546,3,20.977865178668118,34.94119466380358,13.96332948513546,26.33125891160298,negative_cross,toward_S4,2.6509944832978594
5,gle350,2024-03-29 22:03:19+00:00,40.288478,-88.126501,32.65988677461112,1658.0,25.174925764923742,rs5,7.740189551954461,33.61194092389539,25.871751371940928,3,7.740189551954461,48.951995748347386,41.21180619639293,26.33125891160298,negative_cross,toward_S4,3.1171968122779283
5,gle350,2024-03-29 22:03:21+00:00,40.288245,-88.126514,58.5839795588688,1660.0,12.96204639212884,rs2,23.090470085035406,31.89928982040823,8.808819735372825,4,23.090470085035406,31.89928982040823,8.808819735372825,80.2309515867141,negative_cross,toward_S4,3.5991301476324944
5,gle350,2024-03-29 22:03:22+00:00,40.288135,-88.126517,70.8180213836168,1661.0,12.234041824747997,rs2,11.085632083436254,35.29492613850883,24.209294055072576,4,11.085632083436254,44.037199515650855,32.9515674322146,80.2309515867141,negative_cross,toward_S4,3.8256864777204203
5,gle350,2024-03-29 22:03:23+00:00,40.288036,-88.126515,81.82146782356102,1662.0,11.003446439944227,rs2,3.51395834386267,34.07592289811363,30.561964554250963,4,3.51395834386267,55.02685326616631,51.512894922303644,80.2309515867141,negative_cross,toward_S4,4.0294540043860545
5,gle350,2024-03-29 22:03:24+00:00,40.287945,-88.126488,91.89724852274195,1663.0,10.075780699180925,rs2,12.033279235415849,34.02091052395953,21.98763128854368,4,12.033279235415849,65.30727982405769,53.27400058864184,80.2309515867141,negative_cross,toward_S4,4.216042535852368
5,gle350,2024-03-29 22:03:25+00:00,40.287885,-88.126452,98.51277699463868,1664.0,6.615528471896738,rs2,19.360933801844894,34.378659710721884,15.01772590887699,4,19.360933801844894,72.28480884383187,52.923875041986975,80.2309515867141,negative_cross,toward_S4,4.338552322368974
5,gle350,2024-03-29 22:03:26+00:00,40.287848,-88.126392,102.53451726575615,1665.0,4.021740271117466,rs2,25.483868319009797,33.00329126067447,7.519422941664676,4,25.483868319009797,77.1578156825973,51.6739473635875,80.2309515867141,negative_cross,toward_S4,4.413028994056335
5,gle350,2024-03-29 22:03:27+00:00,40.287834,-88.126327,103.99154014918851,1666.0,1.4570228834323586,rs2,30.038392030984294,30.56200015683446,0.523608125850167,4,30.038392030984294,79.8858859660467,49.8474939350624,80.2309515867141,negative_cross,toward_S4,4.440010899305082
5,gle350,2024-03-29 22:03:28+00:00,40.28785,-88.12626,102.11019793875342,1667.0,-1.8813422104350934,rs1,26.009295460564903,32.82169181092432,6.812396350359418,4,26.009295460564903,77.32485219965206,51.31555673908716,80.2309515867141,positive_cross,toward_S1,4.405171228741469
5,gle350,2024-03-29 22:03:29+00:00,40.287883,-88.126205,98.3572100717506,1668.0,-3.7529878670028154,rs1,20.69605139346328,34.52417327171422,13.82812187825094,4,20.69605139346328,73.05631495485423,52.36026356139095,80.2309515867141,positive_cross,toward_S1,4.335671453426602
5,gle350,2024-03-29 22:03:30+00:00,40.287937,-88.126173,92.30469968576904,1669.0,-6.052510385981563,rs1,14.113684758120876,34.45986789853773,20.346183140416855,4,14.113684758120876,66.82398197878561,52.710297220664735,80.2309515867141,positive_cross,toward_S1,4.223587927760277
5,gle350,2024-03-29 22:03:31+00:00,40.288004,-88.126168,84.8482016204296,1670.0,-7.4564980653394315,rs1,7.341844510023484,33.16912187220994,25.827277362186457,4,7.341844510023484,59.361501946914366,52.01965743689088,80.2309515867141,positive_cross,toward_S1,4.085504630253991
5,gle350,2024-03-29 22:03:32+00:00,40.288078,-88.12616,76.60887559165494,1671.0,-8.23932602877467,rs1,4.609980410102835,33.87275941369523,29.262779003592392,4,4.609980410102835,51.10284194637211,46.492861536269274,80.2309515867141,positive_cross,toward_S1,3.9329245186100157
5,gle350,2024-03-29 22:03:33+00:00,40.288169,-88.126152,66.47954339103855,1672.0,-10.129332200616389,rs1,13.003632349063574,37.17089948766171,24.167267138598135,4,13.003632349063574,40.95949822664777,27.955865877584195,80.2309515867141,positive_cross,toward_S1,3.7453442926726748
5,gle350,2024-03-29 22:03:34+00:00,40.288271,-88.126148,55.13338619308851,1673.0,-11.346157197950035,rs1,24.1181283574946,29.631068924803504,5.5129405673089025,4,24.1181283574946,29.631068924803504,5.5129405673089025,80.2309515867141,positive_cross,toward_S1,3.535230270488415
5,gle350,2024-03-29 22:03:35+00:00,40.288386,-88.126147,42.34652028674726,1674.0,-12.786865906341255,rs3,16.94319231264104,36.843309946143506,19.900117633502465,3,16.94319231264104,36.843309946143506,19.900117633502465,26.33125891160298,positive_cross,toward_S1,3.296578914354524
5,gle350,2024-03-29 22:03:36+00:00,40.288504,-88.126144,29.223063793909336,1675.0,-13.12345649283792,rs3,4.466261566745687,35.61910578280043,31.152844216054746,3,4.466261566745687,49.92682903626376,45.460567469518075,26.33125891160298,positive_cross,toward_S1,3.0535519422649324
5,gle350,2024-03-29 22:03:37+00:00,40.288622,-88.12614,16.098077259011262,1676.0,-13.124986534898074,rs3,9.851969841339658,37.29655794601069,27.444588104671027,3,9.851969841339658,44.35331008610254,34.50134024476288,26.33125891160298,positive_cross,toward_S1,2.8104966360631165
5,gle350,2024-03-29 22:03:38+00:00,40.288741,-88.126137,2.863443932069639,1677.0,-13.234633326941623,rs3,22.898277744099513,31.1201978018247,8.221920057725185,3,22.898277744099513,31.1201978018247,8.221920057725185,26.33125891160298,positive_cross,toward_S1,2.5654108337123454
5,gle350,2024-03-29 22:03:39+00:00,40.288861,-88.126138,-10.476246055886602,1678.0,-13.339689987956241,rs6,17.813760498842534,36.21477579359581,18.40101529475328,2,17.813760498842534,36.21477579359581,18.40101529475328,-27.632700444717127,positive_cross,toward_S1,2.3177121183116762
5,gle350,2024-03-29 22:03:40+00:00,40.288982,-88.126145,-23.917932620693662,1679.0,-13.44168656480706,rs6,4.8627560127761,32.39325057768233,27.53049456490623,2,4.8627560127761,49.68494349281557,44.82218748003947,-27.632700444717127,positive_cross,toward_S1,2.0687919967411754
5,gle350,2024-03-29 22:03:41+00:00,40.289101,-88.126149,-37.1418556474888,1680.0,-13.223923026795141,rs6,9.35230492031734,33.23757080002327,23.88526587970593,2,9.35230492031734,42.409778113548235,33.05747319323089,-27.632700444717127,positive_cross,toward_S1,1.823904533282006
5,gle350,2024-03-29 22:03:42+00:00,40.289217,-88.126146,-50.04295847288751,1681.0,-12.90110282539871,rs6,21.99945073668711,29.513986443133415,7.514535706446306,2,21.99945073668711,29.513986443133415,7.514535706446306,-27.632700444717127,positive_cross,toward_S1,1.5849952217005483
5,gle350,2024-03-29 22:03:43+00:00,40.28933,-88.126138,-62.6181810119578,1682.0,-12.575222539070289,rs8,16.92830274376868,33.18252595565067,16.25422321188199,1,16.92830274376868,34.479144053643815,17.550841309875135,-78.92951005359993,positive_cross,toward_S1,1.3020616489192987
5,gle350,2024-03-29 22:03:44+00:00,40.289435,-88.12614,-74.28868845336443,1683.0,-11.670507441406627,rs8,5.388147638106815,29.122481942934552,23.734334304827737,1,5.388147638106815,46.15358606265292,40.765438424546105,-78.92951005359993,positive_cross,toward_S1,1.0859411407451018
5,gle350,2024-03-29 22:03:45+00:00,40.289523,-88.126154,-84.0508292100035,1684.0,-9.76214075663907,rs8,5.2584971747642095,28.062752183751922,22.804255008987713,1,5.2584971747642095,55.98759837416097,50.72910119939676,-78.92951005359993,positive_cross,toward_S1,0.9051607563628968
5,gle350,2024-03-29 22:03:46+00:00,40.289592,-88.12619,-91.66694918409382,1685.0,-7.616119974090324,rs8,13.489771439165974,27.701597752219733,14.21182631305376,1,13.489771439165974,63.87302496972719,50.38325353056122,-78.92951005359993,positive_cross,toward_S1,0.7641214975834464
5,gle350,2024-03-29 22:03:47+00:00,40.28964,-88.126247,-96.916224752648,1686.0,-5.249275568554182,rs8,20.475100606018255,26.82845682386027,6.353356217842016,1,20.475100606018255,69.78483004891453,49.30972944289627,-78.92951005359993,positive_cross,toward_S1,0.6669126907583689
5,gle350,2024-03-29 22:03:48+00:00,40.28966,-88.126321,-99.02653825165254,1687.0,-2.1103134990045334,rs10,24.455718336096893,25.94883615222526,1.4931178161283682,1,24.455718336096893,73.20350210223701,48.74778376614012,-78.92951005359993,negative_cross,toward_S1,0.6278328111471738
5,gle350,2024-03-29 22:03:49+00:00,40.289645,-88.126395,-97.24566257519642,1688.0,1.7808756764561195,rs10,20.092506140520555,29.320661594149385,9.22815545362883,1,20.092506140520555,70.89313419504671,50.80062805452616,-78.92951005359993,negative_cross,toward_S4,0.6608119903408056
5,gle350,2024-03-29 22:03:50+00:00,40.289598,-88.12644,-91.9514994666134,1689.0,5.294163108583021,rs10,13.956399146686202,29.793330364568487,15.836931217882285,1,13.956399146686202,65.20503158359934,51.248632436913134,-78.92951005359993,negative_cross,toward_S4,0.7588520479071579
5,gle350,2024-03-29 22:03:51+00:00,40.289542,-88.126447,-85.71488648511954,1690.0,6.236612981493863,rs10,7.816464651396682,28.24309069488545,20.426626043488767,1,7.816464651396682,58.948870071072356,51.13240541967568,-78.92951005359993,negative_cross,toward_S4,0.8743448808977851
5,gle350,2024-03-29 22:03:52+00:00,40.289485,-88.126433,-79.39922757068618,1691.0,6.315658914433357,rs10,4.026320066769814,26.25253139187758,22.226211325107766,1,4.026320066769814,52.814150766387996,48.78783069961818,-78.92951005359993,negative_cross,toward_S4,0.9913015274613657
5,gle350,2024-03-29 22:03:53+00:00,40.289418,-88.126423,-71.9656801484681,1692.0,7.4335474222180835,rs10,8.020857658780132,26.37429719893211,18.353439540151975,1,8.020857658780132,45.6079600473475,37.58710238856737,-78.92951005359993,negative_cross,toward_S4,1.128959813057997
5,gle350,2024-03-29 22:03:54+00:00,40.289337,-88.126421,-62.963416713701065,1693.0,9.00226343476703,rs10,16.235288975837406,29.93401861560831,13.698729639770903,1,16.235288975837406,36.83922257346877,20.60393359763136,-78.92951005359993,negative_cross,toward_S4,1.2956683951833123
5,gle350,2024-03-29 22:03:55+00:00,40.289245,-88.12643,-52.72137763687734,1694.0,10.242039076823723,rs10,26.038422389352693,26.77211055057724,0.7336881612245456,1,26.038422389352693,26.77211055057724,0.7336881612245456,-78.92951005359993,negative_cross,toward_S4,1.4853357854948626
5,gle350,2024-03-29 22:03:56+00:00,40.289141,-88.126439,-41.14521655712881,1695.0,11.57616107974853,rs7,15.743180416203664,30.38910098132857,14.645920565124907,2,15.743180416203664,37.42612976869653,21.68294935249287,-27.632700444717127,negative_cross,toward_S4,1.7497682201405245
5,gle350,2024-03-29 22:03:57+00:00,40.289034,-88.126435,-29.255415534048453,1696.0,11.88980102308036,rs7,7.856755671645333,26.971488577100832,19.114732905455497,2,7.856755671645333,49.314663183946514,41.45790751230118,-27.632700444717127,negative_cross,toward_S4,1.9699497205679384
5,gle350,2024-03-29 22:03:58+00:00,40.288921,-88.126426,-16.70620372388672,1697.0,12.549211810161733,rs7,13.40029147616324,28.405368721860494,15.005077245697255,2,13.40029147616324,45.06957653586123,31.66928505969799,-27.632700444717127,negative_cross,toward_S4,2.2023425318672296
5,gle350,2024-03-29 22:03:59+00:00,40.288804,-88.126432,-3.689333935746975,1698.0,13.016869788139745,rs7,24.772449386413147,32.487679941961545,7.715230555548398,2,24.772449386413147,32.487679941961545,7.715230555548398,-27.632700444717127,negative_cross,toward_S4,2.44339567609204
5,gle350,2024-03-29 22:04:00+00:00,40.288689,-88.126453,9.128132828118405,1699.0,12.81746676386538,rs5,20.03581217096171,33.550705000584855,13.514892829623147,3,20.03581217096171,36.7938456163327,16.758033445370994,26.33125891160298,negative_cross,toward_S4,2.681423591046582
5,gle350,2024-03-29 22:04:01+00:00,40.288572,-88.126477,22.172543387226856,1700.0,13.044410559108451,rs5,8.664455654197106,31.208728011258668,22.544272357061562,3,8.664455654197106,49.46967993915867,40.80522428496156,26.33125891160298,negative_cross,toward_S4,2.92298674954859
5,gle350,2024-03-29 22:04:02+00:00,40.288449,-88.126496,35.87636473422838,1701.0,13.703821347001526,rs5,10.573697958301988,33.970237245720824,23.396539287418836,3,10.573697958301988,45.7875115676664,35.21381360936441,26.33125891160298,negative_cross,toward_S4,3.1767612189375076
5,gle350,2024-03-29 22:04:03+00:00,40.288318,-88.126506,50.455830364219565,1702.0,14.579465629991184,rs5,23.996915202999617,31.222742195330966,7.225826992331349,3,23.996915202999617,31.222742195330966,7.225826992331349,26.33125891160298,negative_cross,toward_S4,3.4467513231966036
5,gle350,2024-03-29 22:04:04+00:00,40.288194,-88.126513,64.25246803000734,1703.0,13.79663766578777,rs2,17.52571884893985,37.16823038195953,19.642511533019682,4,17.52571884893985,37.54097020174551,20.01525135280566,80.2309515867141,negative_cross,toward_S4,3.704102156357282
5,gle350,2024-03-29 22:04:05+00:00,40.288083,-88.126516,76.5976866872574,1704.0,12.345218657250058,rs2,5.878457351102467,34.225198844110714,28.346741493008246,4,5.878457351102467,49.80793316062361,43.92947580952114,80.2309515867141,negative_cross,toward_S4,3.9327173166767277
5,gle350,2024-03-29 22:04:06+00:00,40.28798,-88.126495,88.01676964742772,1705.0,11.419082960170329,rs2,8.441669637381722,33.38765164384458,24.945982006462856,4,8.441669637381722,61.37552663568408,52.93385699830236,80.2309515867141,negative_cross,toward_S4,4.144181815939141
5,gle350,2024-03-29 22:04:07+00:00,40.287911,-88.12648,95.66502052189229,1706.0,7.648250874464566,rs2,15.72385742859948,34.96081046319352,19.236953034594038,4,15.72385742859948,69.13760779921589,53.413750370616405,80.2309515867141,negative_cross,toward_S4,4.2858160913921886
5,gle350,2024-03-29 22:04:08+00:00,40.287858,-88.126433,101.48548068737892,1707.0,5.820460165486637,rs2,22.768836032075303,34.8589062099237,12.0900701778484,4,22.768836032075303,75.48131371433156,52.712477682256264,80.2309515867141,negative_cross,toward_S4,4.393602390753053
5,gle350,2024-03-29 22:04:09+00:00,40.287828,-88.126363,104.71368269416824,1708.0,3.228202006789317,rs2,28.703762925300666,32.96991917578463,4.2661562504839665,4,28.703762925300666,79.82924620515507,51.12548327985441,80.2309515867141,negative_cross,toward_S4,4.453383909397299
5,gle350,2024-03-29 22:04:10+00:00,40.287834,-88.126282,103.92268821978098,1709.0,-0.7909944743872614,rs1,28.473623485883348,32.63905250591172,4.165429020028373,4,28.473623485883348,79.39881349456525,50.925190008681895,80.2309515867141,positive_cross,toward_S1,4.438735863575313
5,gle350,2024-03-29 22:04:11+00:00,40.287871,-88.12622,99.7142827178185,1710.0,-4.208405501962474,rs1,22.419030565591225,34.14796434518274,11.728933779591518,4,22.419030565591225,74.5288517291008,52.109821163509565,80.2309515867141,positive_cross,toward_S1,4.360802428353785
5,gle350,2024-03-29 22:04:12+00:00,40.287925,-88.126183,93.65412211745591,1711.0,-6.060160600362593,rs1,15.665445836634976,34.13768232295043,18.472236486315456,4,15.665445836634976,68.22425504729557,52.5588092106606,80.2309515867141,positive_cross,toward_S1,4.248577232050774
5,gle350,2024-03-29 22:04:13+00:00,40.28799,-88.126172,86.41079746225928,1712.0,-7.243324655196631,rs1,8.800542781310819,33.05777685691694,24.25723407560612,4,8.800542781310819,60.94115292161653,52.14061014030571,80.2309515867141,positive_cross,toward_S1,4.114441590287874
5,gle350,2024-03-29 22:04:14+00:00,40.288065,-88.126161,78.05570447076536,1713.0,-8.355092991493919,rs1,4.103214700000195,33.6378411489231,29.534626448922907,4,4.103214700000195,52.550965802781015,48.44775110278082,80.2309515867141,positive_cross,toward_S1,3.9597176460009496
5,gle350,2024-03-29 22:04:15+00:00,40.288154,-88.126147,68.13954568110351,1714.0,-9.91615878966185,rs1,11.282149441086183,36.95692732946833,25.674777888382145,4,11.282149441086183,42.59092671264343,31.308777271557247,80.2309515867141,positive_cross,toward_S1,3.776085075822026
5,gle350,2024-03-29 22:04:16+00:00,40.288256,-88.12614,56.78879835453789,1715.0,-11.350747326565624,rs1,22.385915587576694,31.23256432178386,8.846648734207168,4,22.385915587576694,31.23256432178386,8.846648734207168,80.2309515867141,positive_cross,toward_S1,3.5658860512559962
5,gle350,2024-03-29 22:04:17+00:00,40.288371,-88.12614,44.00346249106849,1716.0,-12.785335863469399,rs3,18.503292244660734,35.137914396689965,16.63462215202923,3,18.503292244660734,35.137914396689965,16.63462215202923,26.33125891160298,positive_cross,toward_S1,3.3272630292493615
5,gle350,2024-03-29 22:04:18+00:00,40.288487,-88.12614,31.106949793495385,1717.0,-12.896512697573105,rs3,5.938575667540723,36.15515877366889,30.216583106128162,3,5.938575667540723,48.02183687710027,42.083261209559545,26.33125891160298,positive_cross,toward_S1,3.0884387200350445
5,gle350,2024-03-29 22:04:19+00:00,40.288608,-88.126141,17.656082971435435,1718.0,-13.45086682205995,rs3,8.372778759116233,36.81448836122355,28.44170960210732,3,8.372778759116233,45.912687693659606,37.53990893454338,26.33125891160298,positive_cross,toward_S1,2.839348593700601
5,gle350,2024-03-29 22:04:20+00:00,40.288736,-88.126146,3.4330984861085048,1719.0,-14.22298448532693,rs3,22.429347993164257,31.724408757557622,9.295060764393366,3,22.429347993164257,31.724408757557622,9.295060764393366,26.33125891160298,positive_cross,toward_S1,2.5759599921204726
5,gle350,2024-03-29 22:04:21+00:00,40.288864,-88.126152,-10.788355956346571,1720.0,-14.221454442455077,rs6,17.638934667679216,35.7901442213452,18.151209553665986,2,17.638934667679216,36.63818105053138,18.999246382852164,-27.632700444717127,positive_cross,toward_S1,2.3119323053401954
5,gle350,2024-03-29 22:04:22+00:00,40.288993,-88.126154,-25.127107404414527,1721.0,-14.338751448067956,rs6,4.338812572595477,31.51497779136621,27.176165218770734,2,4.338812572595477,50.95400550043194,46.61519292783646,-27.632700444717127,positive_cross,toward_S1,2.046399871116715
5,gle350,2024-03-29 22:04:23+00:00,40.289122,-88.126148,-39.47809919547909,1722.0,-14.350991791064562,rs6,11.591195722493868,34.060695882211554,22.469500159717686,2,11.591195722493868,40.07274558074144,28.481549858247572,-27.632700444717127,positive_cross,toward_S1,1.7806407638747785
5,gle350,2024-03-29 22:04:24+00:00,40.289249,-88.126138,-53.61285749063536,1723.0,-14.134758295156274,rs6,25.485181637618908,25.92229877117504,0.43711713355613213,2,25.485181637618908,25.92229877117504,0.43711713355613213,-27.632700444717127,positive_cross,toward_S1,1.5188859806311439
5,gle350,2024-03-29 22:04:25+00:00,40.289369,-88.126135,-66.958667650869,1724.0,-13.34581016023364,rs8,12.583557050128263,31.523129594772623,18.93957254464436,1,12.583557050128263,38.80159625770567,26.218039207577405,-78.92951005359993,positive_cross,toward_S1,1.2216822667172393
5,gle350,2024-03-29 22:04:26+00:00,40.289472,-88.126145,-78.39458108267326,1725.0,-11.435913431804252,rs8,2.1176904342238436,28.340905104106785,26.223214669882942,1,2.1176904342238436,50.2835816136145,48.165891179390655,-78.92951005359993,positive_cross,toward_S1,1.0099060920541976
5,gle350,2024-03-29 22:04:27+00:00,40.289559,-88.126165,-88.036364747144,1726.0,-9.64178366447075,rs8,9.277301392222647,28.19096304972273,18.913661657500082,1,9.277301392222647,60.04133876064498,50.764037368422336,-78.92951005359993,positive_cross,toward_S1,0.8313545427121467
5,gle350,2024-03-29 22:04:28+00:00,40.289624,-88.126211,-95.19247695921729,1727.0,-7.156112212073282,rs8,17.468343381407664,28.06447932884281,10.596135947435148,1,17.468343381407664,67.60226348080148,50.13392009939382,-78.92951005359993,positive_cross,toward_S1,0.698833946192271
5,gle350,2024-03-29 22:04:29+00:00,40.289661,-88.126275,-99.20809705803565,1728.0,-4.01562009881836,rs8,23.712248874608125,26.87951388689112,3.1672650122829964,1,23.712248874608125,72.49223000036677,48.77998112575865,-78.92951005359993,positive_cross,toward_S1,0.6244706110289682
5,gle350,2024-03-29 22:04:30+00:00,40.289669,-88.126345,-99.99040872562458,1729.0,-0.7823116675889281,rs10,24.28149633518311,28.042402435657838,3.7609061004747275,1,24.28149633518311,74.28297534696502,50.00147901178191,-78.92951005359993,negative_cross,toward_S1,0.6099833579254694
5,gle350,2024-03-29 22:04:31+00:00,40.289645,-88.126411,-97.22118188918147,1730.0,2.76922683644311,rs10,19.65204571579772,30.398329156808295,10.746283441010576,1,19.65204571579772,70.69579863217677,51.043752916379056,-78.92951005359993,negative_cross,toward_S4,0.6612653363781196
5,gle350,2024-03-29 22:04:32+00:00,40.289593,-88.126444,-91.38949512774549,1731.0,5.831686761435975,rs10,13.337132091088783,29.864888447274275,16.527756356185492,1,13.337132091088783,64.61562172532507,51.27848963423629,-78.92951005359993,negative_cross,toward_S4,0.7692595356639711
5,gle350,2024-03-29 22:04:33+00:00,40.289536,-88.126441,-85.05700574091003,1732.0,6.332489386835462,rs10,7.401519554828546,27.595381631657876,20.19386207682933,1,7.401519554828546,58.34517366198439,50.943654107155844,-78.92951005359993,negative_cross,toward_S4,0.8865278576424055
5,gle350,2024-03-29 22:04:34+00:00,40.289476,-88.126425,-78.4108764115109,1733.0,6.64612932939913,rs10,4.581482649537161,25.579520258830986,20.998037609293824,1,4.581482649537161,51.92993414010044,47.34845149056328,-78.92951005359993,negative_cross,toward_S4,1.0096043267053523
5,gle350,2024-03-29 22:04:35+00:00,40.289408,-88.126417,-70.86309207021361,1734.0,7.547784341297287,rs10,9.221878826176379,26.21114431774656,16.98926549157018,1,9.221878826176379,44.61719415686792,35.39531533069154,-78.92951005359993,negative_cross,toward_S4,1.1493781108034502
5,gle350,2024-03-29 22:04:36+00:00,40.28933,-88.126413,-62.19741922113155,1735.0,8.665672849082064,rs10,17.187881520944522,29.79831665286471,12.610435131920188,1,17.187881520944522,36.25430444026162,19.066422919317098,-78.92951005359993,negative_cross,toward_S4,1.3098535339345996
5,gle350,2024-03-29 22:04:38+00:00,40.289241,-88.126421,-52.29044068793264,1737.0,4.953489266599455,rs7,26.58969167005682,26.608293836967874,0.018602166911055207,2,26.58969167005682,26.608293836967874,0.018602166911055207,-27.632700444717127,negative_cross,toward_S4,1.5433751806811942
5,gle350,2024-03-29 22:04:39+00:00,40.289147,-88.12643,-41.826047944481424,1738.0,10.464392743451214,rs7,16.690992038367963,30.013101033255094,13.322108994887131,2,16.690992038367963,36.83990835556002,20.148916317192057,-27.632700444717127,negative_cross,toward_S4,1.7371602314858463
5,gle350,2024-03-29 22:04:40+00:00,40.289054,-88.126438,-31.47436207723756,1739.0,10.351685867243862,rs7,8.493456278086441,27.439253680931788,18.945797402845347,2,8.493456278086441,47.07732914686542,38.583872868778975,-27.632700444717127,negative_cross,toward_S4,1.9288581179162883
5,gle350,2024-03-29 22:04:41+00:00,40.288959,-88.126439,-20.91103284267925,1740.0,10.56332923455831,rs7,9.570186189318344,28.110605360894315,18.54041917157597,2,9.570186189318344,48.918198391307094,39.34801220198875,-27.632700444717127,negative_cross,toward_S4,2.1244753259636644
5,gle350,2024-03-29 22:04:42+00:00,40.288868,-88.126437,-10.797001071614904,1741.0,10.114031771064347,rs7,17.980096381449187,31.963656570935438,13.983560189486251,2,17.980096381449187,39.13750797221665,21.157411590767467,-27.632700444717127,negative_cross,toward_S4,2.3117722106130043
5,gle350,2024-03-29 22:04:43+00:00,40.288773,-88.126447,-0.21990145118812873,1742.0,10.577099620426775,rs7,27.73665593645168,28.812366927353967,1.0757109909022873,2,27.73665593645168,28.812366927353967,1.0757109909022873,-27.632700444717127,negative_cross,toward_S4,2.5076444258060926
5,gle350,2024-03-29 22:04:44+00:00,40.288673,-88.126468,10.929912808231268,1743.0,11.149814259419397,rs5,17.871518588633702,33.8151264752305,15.943607886596798,3,17.871518588633702,38.37124890836888,20.499730319735175,26.33125891160298,negative_cross,toward_S4,2.714789886974598
5,gle350,2024-03-29 22:04:45+00:00,40.288565,-88.126487,22.966081651555033,1744.0,12.036168843323765,rs5,7.53069572213145,31.96239939352602,24.43170367139457,3,7.53069572213145,50.185101494804826,42.65440577267338,26.33125891160298,negative_cross,toward_S4,2.9376819025917045
5,gle350,2024-03-29 22:04:46+00:00,40.28845,-88.126495,35.76365785804278,1745.0,12.797576206487744,rs5,10.525717892924044,33.85732552250065,23.33160762957661,3,10.525717892924044,45.90755094024845,35.381833047324406,26.33125891160298,negative_cross,toward_S4,3.1746740545636998
5,gle350,2024-03-29 22:04:47+00:00,40.288338,-88.126502,48.226173520115765,1746.0,12.462515662072988,rs5,21.898803442596268,33.472776830588245,11.573973387991977,3,21.898803442596268,33.472776830588245,11.573973387991977,26.33125891160298,negative_cross,toward_S4,3.4054613816391255
5,gle350,2024-03-29 22:04:48+00:00,40.288226,-88.126506,60.684099054363124,1747.0,12.457925534247359,rs2,21.13116180375982,34.084842651461265,12.953680847701445,4,21.13116180375982,34.084842651461265,12.953680847701445,80.2309515867141,negative_cross,toward_S4,3.638021249400908
5,gle350,2024-03-29 22:04:49+00:00,40.28812,-88.126507,72.47037345851076,1748.0,11.78627440414764,rs2,9.835065510399753,34.0853826435051,24.250317133105348,4,9.835065510399753,45.778882662888904,35.94381715248915,80.2309515867141,negative_cross,toward_S4,3.856285590218457
5,gle350,2024-03-29 22:04:50+00:00,40.288028,-88.126508,82.70017219231613,1749.0,10.229798733805367,rs2,4.290263997273296,33.553248762172174,29.262984764898878,4,4.290263997273296,55.96025379655857,51.669989799285275,80.2309515867141,negative_cross,toward_S4,4.045726307511149
5,gle350,2024-03-29 22:04:51+00:00,40.28795,-88.1265,91.35972486909907,1750.0,8.659552676782937,rs2,11.074299323825032,34.78005375423293,23.7057544304079,4,11.074299323825032,64.66233820734163,53.5880388835166,80.2309515867141,negative_cross,toward_S4,4.2060883941182405
5,gle350,2024-03-29 22:04:52+00:00,40.287891,-88.126455,97.85030612181357,1751.0,6.490581252714506,rs2,18.65111138151496,34.22938578406705,15.57827440255209,4,18.65111138151496,71.59026740342419,52.939156021909234,80.2309515867141,negative_cross,toward_S4,4.326284343242583
5,gle350,2024-03-29 22:04:53+00:00,40.287855,-88.126387,101.74862921580899,1752.0,3.8983230939954154,rs2,25.0756789881507,32.156378158444234,7.080699170293535,4,25.0756789881507,76.4746412279523,51.398962239801605,80.2309515867141,negative_cross,toward_S4,4.398475511649905
5,gle350,2024-03-29 22:04:54+00:00,40.287851,-88.126311,102.07705329131011,1753.0,0.3284240755011183,rs1,28.234423212662147,29.561632341711157,1.3272091290490096,4,28.234423212662147,78.03470823695956,49.80028502429741,80.2309515867141,positive_cross,ambiguous,4.404557438974
5,gle350,2024-03-29 22:04:55+00:00,40.287879,-88.126248,98.86770925024933,1754.0,-3.209344041060774,rs1,22.69665725986792,31.679637376365672,8.982980116497753,4,22.69665725986792,73.97844267274115,51.281785412873234,80.2309515867141,positive_cross,toward_S1,4.345125141917319
5,gle350,2024-03-29 22:04:56+00:00,40.287922,-88.126204,94.01978351858313,1755.0,-4.8479257316662085,rs1,16.709110828636625,32.62505655904678,15.915945730410158,4,16.709110828636625,68.7356768835432,52.02656605490658,80.2309515867141,positive_cross,toward_S1,4.255348739479056
5,gle350,2024-03-29 22:04:57+00:00,40.287978,-88.126179,87.75562976530888,1756.0,-6.264153753274243,rs1,10.242842590028264,32.727018621626705,22.48417603159844,4,10.242842590028264,62.32253480037836,52.07969221035009,80.2309515867141,positive_cross,toward_S1,4.1393458921962
5,gle350,2024-03-29 22:04:58+00:00,40.288043,-88.126166,80.50924502436854,1757.0,-7.246384740940343,rs1,4.616340121623614,33.09937098081962,28.483030859196006,4,4.616340121623614,55.02424299980542,50.40790287818181,80.2309515867141,positive_cross,toward_S1,4.005153582178786
5,gle350,2024-03-29 22:04:59+00:00,40.288119,-88.126159,72.04909537106998,1758.0,-8.460149653298558,rs1,8.001127502617484,34.821251209121435,26.82012370650395,4,8.001127502617484,46.55103772596249,38.549910223345,80.2309515867141,positive_cross,toward_S1,3.8484841441547384
5,gle350,2024-03-29 22:05:00+00:00,40.288208,-88.126158,62.152827138785796,1759.0,-9.896268232284186,rs1,17.34259721926492,36.688602066326055,19.346004847061135,4,17.34259721926492,36.688602066326055,19.346004847061135,80.2309515867141,positive_cross,toward_S1,3.6652199176309574
5,gle350,2024-03-29 22:05:01+00:00,40.288309,-88.126155,50.919376817021345,1760.0,-11.233450321764451,rs3,25.508174864291217,28.38549612741362,2.877321263122404,3,25.508174864291217,28.38549612741362,2.877321263122404,26.33125891160298,positive_cross,toward_S1,3.455335516767007
5,gle350,2024-03-29 22:05:02+00:00,40.28841,-88.126154,39.68898658102237,1761.0,-11.230390235998975,rs3,14.45628059934942,37.11576554660653,22.659484947257113,3,14.45628059934942,39.551904183822685,25.095623584473266,26.33125891160298,positive_cross,toward_S1,3.24736532721147
5,gle350,2024-03-29 22:05:03+00:00,40.288512,-88.126151,28.344359425944177,1762.0,-11.344627155078193,rs3,4.238228942960538,34.96658509182062,30.72835614886008,3,4.238228942960538,50.84852780572329,46.610298862762754,26.33125891160298,positive_cross,toward_S1,3.0372796391544665
5,gle350,2024-03-29 22:05:04+00:00,40.288617,-88.126147,16.664671726494714,1763.0,-11.679687699449463,rs3,9.480801480263073,36.57405096671032,27.09324948644724,3,9.480801480263073,44.937987953632096,35.45718647336902,26.33125891160298,positive_cross,toward_S1,2.820989126201699
5,gle350,2024-03-29 22:05:05+00:00,40.288732,-88.126145,3.876275777259857,1764.0,-12.788395949234857,rs3,21.977263338719858,32.16180292384739,10.184539585127531,3,21.977263338719858,32.16180292384739,10.184539585127531,26.33125891160298,positive_cross,toward_S1,2.584166978993646
5,gle350,2024-03-29 22:05:06+00:00,40.288851,-88.126146,-9.352237377360893,1765.0,-13.22851315462075,rs6,18.995186377678348,35.1534612431469,16.158274865468552,2,18.995186377678348,35.1534612431469,16.158274865468552,-27.632700444717127,positive_cross,toward_S1,2.33852709383993
5,gle350,2024-03-29 22:05:07+00:00,40.288973,-88.12615,-22.90969090411902,1766.0,-13.557453526758128,rs6,5.945737716677205,32.103226737546514,26.15748902086931,2,5.945737716677205,48.711599268551645,42.76586155187444,-27.632700444717127,positive_cross,toward_S1,2.0874631396407057
5,gle350,2024-03-29 22:05:08+00:00,40.289095,-88.126152,-36.47020451738908,1767.0,-13.560513613270057,rs6,8.795816626793593,32.80723505120603,24.011418424412433,2,8.795816626793593,43.08977055956648,34.29395393277289,-27.632700444717127,positive_cross,toward_S1,1.8363425171727417
5,gle350,2024-03-29 22:05:09+00:00,40.289219,-88.12615,-50.25919196881755,1768.0,-13.788987451428468,rs6,22.259935322426326,29.315973263207447,7.0560379407811205,2,22.259935322426326,29.315973263207447,7.0560379407811205,-27.632700444717127,positive_cross,toward_S1,1.580990897701844
5,gle350,2024-03-29 22:05:10+00:00,40.289341,-88.126149,-63.82429570993495,1769.0,-13.565103741117404,rs8,15.808242593682971,31.77551260459094,15.967270010907969,1,15.808242593682971,35.75854090100597,19.950298307323003,-78.92951005359993,positive_cross,toward_S1,1.2797261915493514
5,gle350,2024-03-29 22:05:11+00:00,40.289453,-88.126149,-76.27610107267313,1770.0,-12.451805362738178,rs8,3.860728182077096,28.11551658928028,24.254788407203183,1,3.860728182077096,48.19020905700546,44.329480874928365,-78.92951005359993,positive_cross,toward_S1,1.0491372033504962
5,gle350,2024-03-29 22:05:12+00:00,40.289547,-88.126154,-86.71907321585313,1771.0,-10.44297214318,rs8,7.696956542541979,28.679154929367378,20.9821983868254,1,7.696956542541979,58.65315130128811,50.956194758746136,-78.92951005359993,positive_cross,toward_S1,0.8557488303286445
5,gle350,2024-03-29 22:05:13+00:00,40.289622,-88.126166,-95.03897522120738,1772.0,-8.319902005354251,rs8,16.003477872950306,31.12139698919396,15.117919116243655,1,16.003477872950306,67.03964890757621,51.0361710346259,-78.92951005359993,positive_cross,toward_S1,0.7016765709702324
5,gle350,2024-03-29 22:05:14+00:00,40.289676,-88.126214,-100.96908217711415,1773.0,-5.930106955906766,rs8,22.921412122539024,31.620359501257077,8.698947378718053,1,22.921412122539024,73.37722749569626,50.455815373157236,-78.92951005359993,positive_cross,toward_S1,0.5918597754904774
5,gle350,2024-03-29 22:05:15+00:00,40.289703,-88.126276,-103.87599402619061,1774.0,-2.906911849076465,rs8,27.79394009499127,30.55400922530953,2.7600691303182607,1,27.79394009499127,77.103333415238,49.30939332024673,-78.92951005359993,positive_cross,toward_S1,0.5380280745816539
5,gle350,2024-03-29 22:05:16+00:00,40.289703,-88.126348,-103.76583093915595,1775.0,0.11016308703466393,rs10,27.576194505078835,31.10925694463075,3.533062439551916,1,27.576194505078835,77.93912076948983,50.362926264411,-78.92951005359993,negative_cross,ambiguous,0.5400681317489626
5,gle350,2024-03-29 22:05:17+00:00,40.289674,-88.126407,-100.45143023468893,1776.0,3.314400704467019,rs10,22.843595028725478,32.17342668439261,9.329831655667132,1,22.843595028725478,73.93762099846009,51.094025969734616,-78.92951005359993,negative_cross,toward_S4,0.6014459225724259
5,gle350,2024-03-29 22:05:18+00:00,40.289624,-88.126444,-94.83597696916125,1777.0,5.615453265527677,rs10,16.716237911553648,31.449844632659012,14.733606721105364,1,16.716237911553648,68.04539031531647,51.32915240376282,-78.92951005359993,negative_cross,toward_S4,0.7054357978599755
5,gle350,2024-03-29 22:05:19+00:00,40.289559,-88.126446,-87.60642269906486,1778.0,7.229554270096386,rs10,9.636360144500234,28.669152278163466,19.032792133663232,1,9.636360144500234,60.837549029270626,51.20118888477039,-78.92951005359993,negative_cross,toward_S4,0.83931643249139
5,gle350,2024-03-29 22:05:20+00:00,40.28949,-88.126429,-79.96123191034401,1779.0,7.6451907887208534,rs10,4.515049992280981,25.926796689093297,21.411746696812315,1,4.515049992280981,53.41464724685977,48.899597254578794,-78.92951005359993,negative_cross,toward_S4,0.9808940396899244
5,gle350,2024-03-29 22:05:21+00:00,40.289413,-88.126422,-71.41132602398125,1780.0,8.549905886362765,rs10,8.523177835382956,26.448113412462888,17.924935577079932,1,8.523177835382956,45.07817258884443,36.55499475346147,-78.92951005359993,negative_cross,toward_S4,1.1392256301781236
5,gle350,2024-03-29 22:05:22+00:00,40.289327,-88.126426,-61.84399816302271,1781.0,9.567327860958535,rs10,17.182657067152043,30.898176817674138,13.715519750522095,1,17.182657067152043,35.658276768801144,18.4756197016491,-78.92951005359993,negative_cross,toward_S4,1.3163983683440226
5,gle350,2024-03-29 22:05:23+00:00,40.289232,-88.126436,-51.266898542595925,1782.0,10.577099620426786,rs7,25.24017424493011,27.39436034870683,2.15418610377672,2,25.24017424493011,27.39436034870683,2.15418610377672,-27.632700444717127,negative_cross,toward_S4,1.5623296648540963
5,gle350,2024-03-29 22:05:24+00:00,40.289137,-88.126442,-40.69591909367833,1783.0,10.570979448917598,rs7,15.2310804921468,30.425408944176006,15.194328452029206,2,15.2310804921468,37.84726310853584,22.61618261638904,-27.632700444717127,negative_cross,toward_S4,1.7580885435377556
5,gle350,2024-03-29 22:05:25+00:00,40.28904,-88.126443,-29.910236192514258,1784.0,10.78568290116407,rs7,7.424681818593286,27.69371489890714,20.269033080313854,2,7.424681818593286,48.60187543647649,41.177193617883205,-27.632700444717127,negative_cross,toward_S4,1.9578234120778308
5,gle350,2024-03-29 22:05:26+00:00,40.288938,-88.126443,-18.57019916607339,1785.0,11.340037026440868,rs7,11.02272501791665,29.089320889998852,18.066595872082203,2,11.02272501791665,46.564270747546686,35.54154572963004,-27.632700444717127,negative_cross,toward_S4,2.167824097752662
5,gle350,2024-03-29 22:05:27+00:00,40.288829,-88.12645,-6.441214003919908,1786.0,12.128985162153482,rs7,21.65911561717507,34.6634356648907,13.00432004771563,2,21.65911561717507,34.6634356648907,13.00432004771563,-27.632700444717127,negative_cross,toward_S4,2.3924349340888376
5,gle350,2024-03-29 22:05:28+00:00,40.288722,-88.126465,5.477657833790974,1787.0,11.918871837710881,rs5,22.96387793017658,33.00836867602636,10.044490745849778,3,22.96387793017658,33.00836867602636,10.044490745849778,26.33125891160298,negative_cross,toward_S4,2.6138222022627406
5,gle350,2024-03-29 22:05:29+00:00,40.288612,-88.126483,17.734650300870378,1788.0,12.256992467079403,rs5,11.397449260225395,32.57573088613147,21.178281625906074,3,11.397449260225395,44.99423211335984,33.59678285313445,26.33125891160298,negative_cross,toward_S4,2.8408035442456927
5,gle350,2024-03-29 22:05:30+00:00,40.288492,-88.126499,31.100351018503392,1789.0,13.365700717633015,rs5,6.806623461721095,33.18026544328997,26.373641981568873,3,6.806623461721095,50.518256489951845,43.71163302823075,26.33125891160298,negative_cross,toward_S4,3.088316520498156
5,gle350,2024-03-29 22:05:31+00:00,40.288367,-88.126508,45.01122560337035,1790.0,13.910874584866956,rs5,18.645607757611103,36.61030250522107,17.96469474760997,3,18.645607757611103,36.61030250522107,17.96469474760997,26.33125891160298,negative_cross,toward_S4,3.345925309106803
5,gle350,2024-03-29 22:05:32+00:00,40.288243,-88.126515,58.807863269158105,1791.0,13.796637665787756,rs2,22.857623872700035,32.10913764576839,9.251513773068357,4,22.857623872700035,32.10913764576839,9.251513773068357,80.2309515867141,negative_cross,toward_S4,3.6032761422674815
5,gle350,2024-03-29 22:05:33+00:00,40.28812,-88.126517,72.48567388727282,1792.0,13.67781061811472,rs2,9.506811590930052,34.915387605946265,25.408576015016212,4,9.506811590930052,45.69940590321176,36.19259431228171,80.2309515867141,negative_cross,toward_S4,3.8565689314918283
5,gle350,2024-03-29 22:05:34+00:00,40.28801,-88.126514,84.71053545395625,1793.0,12.22486156668343,rs2,4.880442507557648,34.29930062882658,29.418858121268933,4,4.880442507557648,57.9173254318593,53.03688292430165,80.2309515867141,negative_cross,toward_S4,4.082955256800781
5,gle350,2024-03-29 22:05:35+00:00,40.287922,-88.126499,94.47114616691177,1794.0,9.760610712955511,rs2,13.979848045336768,35.875238306539075,21.89539026120231,4,13.979848045336768,67.77335922427076,53.793511178934,80.2309515867141,negative_cross,toward_S4,4.263707307040698
5,gle350,2024-03-29 22:05:36+00:00,40.287862,-88.126459,101.08055446808925,1795.0,6.609408301177481,rs2,21.433672091702647,36.33145592764274,14.897783835940096,4,21.433672091702647,74.75004865344239,53.316376561739744,80.2309515867141,negative_cross,toward_S4,4.386103757062503
5,gle350,2024-03-29 22:05:37+00:00,40.287828,-88.126397,104.76570415194186,1796.0,3.6851496838526145,rs2,27.160733488343663,34.8873050704128,7.726571582069138,4,27.160733488343663,79.26774784422282,52.10701435587916,80.2309515867141,negative_cross,toward_S4,4.45434726972644
5,gle350,2024-03-29 22:05:38+00:00,40.28782,-88.126331,105.55413599022826,1797.0,0.7884318382863995,rs2,31.031832565250504,32.025406617489736,0.9935740522392322,4,31.031832565250504,81.3118501802131,50.280017614962595,80.2309515867141,negative_cross,toward_S4,4.468947859324336
5,gle350,2024-03-29 22:05:39+00:00,40.287833,-88.126268,104.0124444528235,1798.0,-1.541691537404759,rs1,27.997045195022622,33.57190127498411,5.574856079961485,4,27.997045195022622,79.30157550250142,51.3045303074788,80.2309515867141,positive_cross,toward_S1,4.4403980160390635
5,gle350,2024-03-29 22:05:40+00:00,40.287863,-88.126214,100.59451712944546,1799.0,-3.417927323378038,rs1,23.04526651076357,35.065647527426975,12.020381016663404,4,23.04526651076357,75.35196997250759,52.30670346174402,80.2309515867141,positive_cross,toward_S1,4.3771030656061365
5,gle350,2024-03-29 22:05:41+00:00,40.287912,-88.126176,95.0887106543597,1800.0,-5.5058064750857625,rs1,16.821303229572727,35.24746267213918,18.42615944256645,4,16.821303229572727,69.61600267183229,52.794699442259564,80.2309515867141,positive_cross,toward_S1,4.275143686437882
5,gle350,2024-03-29 22:05:42+00:00,40.287975,-88.126164,88.0662096229187,1801.0,-7.022501031440996,rs1,9.920709675850961,34.041444061440366,24.120734385589405,4,9.920709675850961,62.5525602406435,52.63185056479254,80.2309515867141,positive_cross,toward_S1,4.145097371040826
5,gle350,2024-03-29 22:05:43+00:00,40.288047,-88.126172,80.07371794757644,1802.0,-7.992491675342265,rs1,4.998532481678031,32.598078062530114,27.599545580852084,4,4.998532481678031,54.625811633352406,49.62727915167437,80.2309515867141,positive_cross,toward_S1,3.9970882659418954
5,gle350,2024-03-29 22:05:44+00:00,40.288125,-88.126172,71.4019249269852,1803.0,-8.671793020591238,rs1,9.135751565220698,33.93527521173011,24.79952364650941,4,9.135751565220698,45.994717710769706,36.858966145549005,80.2309515867141,positive_cross,toward_S1,3.8364995063013168
5,gle350,2024-03-29 22:05:45+00:00,40.288211,-88.12617,61.837657152560354,1804.0,-9.564267774424849,rs1,17.910485911263667,36.47968202649915,18.56919611523548,4,17.910485911263667,36.47968202649915,18.56919611523548,80.2309515867141,positive_cross,toward_S1,3.65938343640456
5,gle350,2024-03-29 22:05:46+00:00,40.288306,-88.126163,51.2651476607709,1805.0,-10.572509491789454,rs3,25.94259419790194,28.146148528191425,2.203554330289485,3,25.94259419790194,28.146148528191425,2.203554330289485,26.33125891160298,positive_cross,toward_S1,3.4617386805401464
5,gle350,2024-03-29 22:05:47+00:00,40.288498,-88.126153,29.903895182051908,1806.0,-21.361252478718992,rs3,5.463227577109657,34.91840013088754,29.455172553777885,3,5.463227577109657,49.305428608407475,43.84220103129782,26.33125891160298,positive_cross,toward_S1,3.0661599309342393
5,gle350,2024-03-29 22:05:48+00:00,40.288596,-88.126151,19.005505403890535,1807.0,-10.898389778161373,rs3,7.441329190910509,35.690176011827596,28.248846820917088,3,7.441329190910509,47.289440379656575,39.84811118874607,26.33125891160298,positive_cross,toward_S1,2.864337898005325
5,gle350,2024-03-29 22:05:49+00:00,40.288695,-88.126149,7.995938792437152,1808.0,-11.009566611453383,rs3,17.958483042027318,36.29096636921154,18.33248332718422,3,17.958483042027318,36.29096636921154,18.33248332718422,26.33125891160298,positive_cross,toward_S1,2.6604570348302623
5,gle350,2024-03-29 22:05:50+00:00,40.288794,-88.126148,-3.0120977769343327,1809.0,-11.008036569371484,rs6,25.313387048201015,28.856695021943125,3.5433079737421096,2,25.313387048201015,28.856695021943125,3.5433079737421096,-27.632700444717127,positive_cross,toward_S1,2.455937086440422
5,gle350,2024-03-29 22:05:51+00:00,40.288893,-88.126146,-14.021664388387714,1810.0,-11.009566611453382,rs6,14.37363675586608,34.85962321752379,20.48598646165771,2,14.37363675586608,39.811221824962026,25.437585069095945,-27.632700444717127,positive_cross,toward_S1,2.2520562232653596
5,gle350,2024-03-29 22:05:52+00:00,40.288992,-88.126149,-25.02358078548181,1811.0,-11.001916397094094,rs6,4.13223911527813,31.946723127840283,27.814484012562154,2,4.13223911527813,50.81522154485034,46.682982429572206,-27.632700444717127,positive_cross,toward_S1,2.04831703072658
5,gle350,2024-03-29 22:05:53+00:00,40.289096,-88.126149,-36.58597147934014,1812.0,-11.56239069385833,rs6,8.820636207504037,33.08237093508052,24.26173472757648,2,8.820636207504037,42.96520068782873,34.14456448032469,-27.632700444717127,positive_cross,toward_S1,1.8341986845440184
5,gle350,2024-03-29 22:05:54+00:00,40.289206,-88.126147,-48.818483260404584,1813.0,-12.232511781064446,rs6,20.793760502290066,30.740400811872203,9.946640309582136,2,20.793760502290066,30.740400811872203,9.946640309582136,-27.632700444717127,positive_cross,toward_S1,1.6076706885983805
5,gle350,2024-03-29 22:05:55+00:00,40.289316,-88.126145,-61.050995041490786,1814.0,-12.232511781086203,rs8,18.53048958826344,32.96058797836195,14.430098390098511,1,18.53048958826344,32.96058797836195,14.430098390098511,-78.92951005359993,positive_cross,toward_S1,1.3310836113353544
5,gle350,2024-03-29 22:05:56+00:00,40.289418,-88.126148,-72.38644193929434,1815.0,-11.335446897803557,rs8,7.3920319536698855,28.816660199987698,21.424628246317813,1,7.3920319536698855,44.29874218489288,36.906710231222995,-78.92951005359993,positive_cross,toward_S1,1.121167928042696
5,gle350,2024-03-29 22:05:57+00:00,40.289506,-88.126153,-82.16235308180185,1816.0,-9.77591114250751,rs8,3.669732063061139,27.85771506553543,24.18798300247429,1,3.669732063061139,54.094952973414024,50.425220910352884,-78.92951005359993,positive_cross,toward_S1,0.9401325365147791
5,gle350,2024-03-29 22:05:58+00:00,40.289584,-88.126167,-90.81272550135367,1817.0,-8.650372419551815,rs8,11.948824258968525,29.064224402112302,17.115400143143777,1,11.948824258968525,62.82712056515323,50.87829630618471,-78.92951005359993,positive_cross,toward_S1,0.779940454671227
5,gle350,2024-03-29 22:05:59+00:00,40.289642,-88.12622,-97.1798895777143,1818.0,-6.367164076360638,rs8,19.605857346599404,28.694112278722937,9.088254932123533,1,19.605857346599404,69.68200889638531,50.076151549785905,-78.92951005359993,positive_cross,toward_S1,0.6620300088126967
5,gle350,2024-03-29 22:06:00+00:00,40.289677,-88.126292,-100.96091566611861,1819.0,-3.781026088404303,rs8,25.990636436856843,27.40488401493115,1.4142475780743062,1,25.990636436856843,74.51506090468516,48.52442446782831,-78.92951005359993,positive_cross,toward_S1,0.59201100717558
5,gle350,2024-03-29 22:06:01+00:00,40.289675,-88.126374,-100.61309848369437,1820.0,0.34781718242423665,rs10,23.849174905821233,30.21752869162434,6.368353785803109,1,23.849174905821233,74.47582125583781,50.626646350016586,-78.92951005359993,negative_cross,ambiguous,0.5984520661093622
5,gle350,2024-03-29 22:06:02+00:00,40.289635,-88.12643,-96.0803427382536,1821.0,4.532755745440767,rs10,18.156219198944253,31.082578594333,12.926359395388747,1,18.156219198944253,69.38974248227296,51.23352328332871,-78.92951005359993,negative_cross,toward_S4,0.6823919873212282
5,gle350,2024-03-29 22:06:03+00:00,40.289577,-88.126447,-89.6060756613702,1822.0,6.474267076883407,rs10,11.546460974794446,29.41019005273419,17.863729077939745,1,11.546460974794446,62.81911759386706,51.27265661907262,-78.92951005359993,negative_cross,toward_S4,0.8022858220783283
5,gle350,2024-03-29 22:06:04+00:00,40.289518,-88.126439,-83.05888282226651,1823.0,6.547192839103687,rs10,5.765087968597206,27.06038999439338,21.295302025796172,1,5.765087968597206,56.3798932433683,50.61480527477109,-78.92951005359993,negative_cross,toward_S4,0.9235301339135817
5,gle350,2024-03-29 22:06:05+00:00,40.289456,-88.126431,-76.17815948245335,1824.0,6.880723339813159,rs10,4.645719957224515,26.23783884065144,21.592118883426924,1,4.645719957224515,49.65249273282899,45.006772775604475,-78.92951005359993,negative_cross,toward_S4,1.0509509365027143
5,gle350,2024-03-29 22:06:06+00:00,40.289383,-88.126429,-68.0653107157545,1825.0,8.112848766698846,rs10,11.190399615654165,28.14479879002784,16.954399174373673,1,11.190399615654165,41.689510850012674,30.49911123435851,-78.92951005359993,negative_cross,toward_S4,1.201188876626767
5,gle350,2024-03-29 22:06:07+00:00,40.289298,-88.126432,-58.61068973177152,1826.0,9.454620983982984,rs10,20.206770762857364,32.40415590789395,12.197385145036588,1,20.206770762857364,32.40415590789395,12.197385145036588,-78.92951005359993,negative_cross,toward_S4,1.3762744504042297
5,gle350,2024-03-29 22:06:08+00:00,40.289207,-88.126439,-48.482887574005275,1827.0,10.127802157766247,rs7,22.5168071521489,30.122788757326568,7.605981605177668,2,22.5168071521489,30.122788757326568,7.605981605177668,-27.632700444717127,negative_cross,toward_S4,1.613885423531701
5,gle350,2024-03-29 22:06:09+00:00,40.289116,-88.126444,-38.35814550279444,1828.0,10.124742071210832,rs7,13.109768842165268,29.663883937661318,16.55411509549605,2,13.109768842165268,40.16253288396565,27.052764041800387,-27.632700444717127,negative_cross,toward_S4,1.8013806470726423
5,gle350,2024-03-29 22:06:10+00:00,40.289022,-88.126445,-27.905993102361577,1829.0,10.452152400432865,rs7,6.769163270040105,27.778034766826334,21.008871496786227,2,6.769163270040105,50.590189752495064,43.82102648245496,-27.632700444717127,negative_cross,toward_S4,1.994939024858436
5,gle350,2024-03-29 22:06:11+00:00,40.288927,-88.126445,-17.34419391069686,1830.0,10.561799191664718,rs7,11.904786727944884,29.656540612050527,17.751753884105643,2,11.904786727944884,45.333300820246976,33.428514092302095,-27.632700444717127,negative_cross,toward_S4,2.190527898778153
5,gle350,2024-03-29 22:06:12+00:00,40.288831,-88.126453,-6.658977542721792,1831.0,10.685216367975066,rs7,21.372961180871055,34.80854674519694,13.435585564325887,2,21.372961180871055,34.80854674519694,13.435585564325887,-27.632700444717127,negative_cross,toward_S4,2.3884022759628767
5,gle350,2024-03-29 22:06:13+00:00,40.288731,-88.126469,4.483186503106533,1832.0,11.142164045828325,rs5,23.785101168994306,31.967823475491915,8.18272230649761,3,23.785101168994306,31.967823475491915,8.18272230649761,26.33125891160298,negative_cross,toward_S4,2.5954060665093253
5,gle350,2024-03-29 22:06:14+00:00,40.288627,-88.126484,16.068527840107954,1833.0,11.58534133700142,rs5,12.735938152734507,33.12874325040881,20.392805097674305,3,12.735938152734507,43.32432031955097,30.588382166816466,26.33125891160298,negative_cross,toward_S4,2.809949424601944
5,gle350,2024-03-29 22:06:15+00:00,40.288514,-88.126498,28.65293063640939,1834.0,12.584402796301436,rs5,5.73419600717495,32.82384919893689,27.08965319176194,3,5.73419600717495,52.96230765633623,47.22811164916128,26.33125891160298,negative_cross,toward_S4,3.0429939208297485
5,gle350,2024-03-29 22:06:16+00:00,40.288393,-88.126507,42.119097887231405,1835.0,13.466167250822014,rs5,15.885224357578183,37.08060829801396,21.195383940435782,3,15.885224357578183,39.49433925541824,23.60911489784006,26.33125891160298,negative_cross,toward_S4,3.2923673884375635
5,gle350,2024-03-29 22:06:17+00:00,40.288271,-88.126509,55.68573167122067,1836.0,13.566633783989268,rs2,26.01318304029064,29.097116607788337,3.083933567497695,4,26.01318304029064,29.097116607788337,3.083933567497695,80.2309515867141,negative_cross,toward_S4,3.5454588904538253
5,gle350,2024-03-29 22:06:18+00:00,40.288151,-88.126509,69.02695170283872,1837.0,13.341220031618043,rs2,12.987327920919796,35.13346064014201,22.146132719222216,4,12.987327920919796,42.33210882303177,29.34478090211197,80.2309515867141,negative_cross,toward_S4,3.7925185206689744
5,gle350,2024-03-29 22:06:19+00:00,40.288041,-88.126508,81.2548733552876,1838.0,12.227921652448885,rs2,4.082821517361445,33.45147571659468,29.368654199233234,4,4.082821517361445,54.51938686789128,50.43656535052983,80.2309515867141,negative_cross,toward_S4,4.018961514232843
5,gle350,2024-03-29 22:06:20+00:00,40.287952,-88.126506,91.1465514597462,1839.0,9.891678104458606,rs2,10.66086285981098,35.18602344326497,24.525160583453992,4,10.66086285981098,64.40074582961866,53.73988296980768,80.2309515867141,negative_cross,toward_S4,4.202140738389484
5,gle350,2024-03-29 22:06:21+00:00,40.287885,-88.126474,98.54643793790653,1840.0,7.399886478160326,rs2,18.583806371117262,35.9495326591047,17.365726287987435,4,18.583806371117262,72.06648891356325,53.482682542445986,80.2309515867141,negative_cross,toward_S4,4.33917567317023
5,gle350,2024-03-29 22:06:22+00:00,40.287842,-88.126417,103.23982933912374,1841.0,4.693391401217212,rs2,24.975927612951203,34.999757357189175,10.023829744237972,4,24.975927612951203,77.44716807700809,52.47124046405688,80.2309515867141,negative_cross,toward_S4,4.426090328748327
5,gle350,2024-03-29 22:06:23+00:00,40.287827,-88.126352,104.80802905584808,1842.0,1.5681997167243367,rs2,29.336206498681687,32.46738626940644,3.131179770724753,4,29.336206498681687,80.14075349568834,50.80454699700665,80.2309515867141,negative_cross,toward_S4,4.455131064243222
5,gle350,2024-03-29 22:06:24+00:00,40.287837,-88.12629,103.60139806125643,1843.0,-1.2066309945916487,rs1,28.534005785752253,31.92219513646125,3.3881893507089984,4,28.534005785752253,79.19717441373476,50.6631686279825,80.2309515867141,positive_cross,toward_S1,4.432786045824858
5,gle350,2024-03-29 22:06:25+00:00,40.287869,-88.126238,99.96417715699464,1844.0,-3.6372209042617953,rs1,23.271275396804313,33.010974805064016,9.739699408259703,4,23.271275396804313,74.95181708077722,51.680541683972905,80.2309515867141,positive_cross,toward_S1,4.365430103153344
5,gle350,2024-03-29 22:06:26+00:00,40.287918,-88.126206,94.46755093916174,1845.0,-5.4966262178328975,rs1,17.18252486282692,32.651973337182426,15.469448474355506,4,17.18252486282692,69.19704547217827,52.01452060935135,80.2309515867141,positive_cross,toward_S1,4.2636407287490306
5,gle350,2024-03-29 22:06:27+00:00,40.287978,-88.12619,87.77246023694279,1846.0,-6.695090702218948,rs1,10.772603796066083,31.815227885303223,21.04262408923714,4,10.772603796066083,62.41432659171336,51.64172279564728,80.2309515867141,positive_cross,toward_S1,4.139657567596828
5,gle350,2024-03-29 22:06:28+00:00,40.288046,-88.12617,80.18183469514648,1847.0,-7.590625541796314,rs1,4.855663329022124,32.765224506987174,27.90956117796505,4,4.855663329022124,54.72109036135891,49.86542703233679,80.2309515867141,positive_cross,toward_S1,3.999090427933933
5,gle350,2024-03-29 22:06:29+00:00,40.288122,-88.126155,71.70944469882963,1848.0,-8.47238999631685,rs1,8.146364080854761,35.23472019390378,27.088356113049024,4,8.146364080854761,46.190665208173264,38.044301127318505,80.2309515867141,positive_cross,toward_S1,3.842194316891028
5,gle350,2024-03-29 22:06:30+00:00,40.288214,-88.126154,61.47964596502425,1849.0,-10.229798733805382,rs1,17.92801348012728,35.99004213032622,18.062028650198943,4,17.92801348012728,35.99004213032622,18.062028650198943,80.2309515867141,positive_cross,toward_S1,3.652753599598336
5,gle350,2024-03-29 22:06:31+00:00,40.288313,-88.12615,50.46701926780541,1850.0,-11.012626697218835,rs3,25.00995188310136,28.779272531242185,3.769320648140827,3,25.00995188310136,28.779272531242185,3.769320648140827,26.33125891160298,positive_cross,toward_S1,3.44695852511486
5,gle350,2024-03-29 22:06:32+00:00,40.288417,-88.126149,38.903098531075216,1851.0,-11.563920736730196,rs3,13.599202375947186,37.243678769228254,23.644476393281067,3,13.599202375947186,40.29439688599922,26.695194510052033,26.33125891160298,positive_cross,toward_S1,3.2328118448050414
5,gle350,2024-03-29 22:06:33+00:00,40.288523,-88.126146,27.113764041973823,1852.0,-11.789334489101392,rs3,3.211612620950658,35.34436764014003,32.13275501918937,3,3.211612620950658,52.046048573328214,48.834435952377554,26.33125891160298,positive_cross,toward_S1,3.0144908357476083
5,gle350,2024-03-29 22:06:34+00:00,40.288629,-88.126143,15.324429552060723,1853.0,-11.7893344899131,rs3,10.669021448964225,37.27592240687882,26.606900957914597,3,10.669021448964225,43.587296168050514,32.91827471908629,26.33125891160298,positive_cross,toward_S1,2.7961698266751434
5,gle350,2024-03-29 22:06:35+00:00,40.288737,-88.126141,3.314271438413725,1854.0,-12.010158113646998,rs3,22.48963004449965,31.58400431548533,9.094374270985682,3,22.48963004449965,31.58400431548533,9.094374270985682,26.33125891160298,positive_cross,toward_S1,2.573759491237236
5,gle350,2024-03-29 22:06:36+00:00,40.288847,-88.12614,-8.916710299778869,1855.0,-12.230981738192593,rs6,19.380056616704252,34.67171180598449,15.291655189280242,2,19.380056616704252,34.67171180598449,15.291655189280242,-27.632700444717127,positive_cross,toward_S1,2.346592410091449
5,gle350,2024-03-29 22:06:37+00:00,40.288959,-88.126141,-21.366985619645206,1856.0,-12.450275319866337,rs6,7.112017248890749,33.11759985240958,26.005582603518835,2,7.112017248890749,47.11215115891913,40.00013391002838,-27.632700444717127,positive_cross,toward_S1,2.1160317560198503
5,gle350,2024-03-29 22:06:38+00:00,40.289069,-88.126147,-33.587257057713046,1857.0,-12.22027143806784,rs6,5.953352203194095,32.56356128096412,26.61020907777003,2,5.953352203194095,45.95713607241493,40.00378386922084,-27.632700444717127,positive_cross,toward_S1,1.889730433092668
5,gle350,2024-03-29 22:06:39+00:00,40.289176,-88.126148,-45.48164820943073,1858.0,-11.894391151717684,rs6,17.49795172076429,34.07595556493091,16.578003844166616,2,17.49795172076429,34.07595556493091,16.578003844166616,-27.632700444717127,positive_cross,toward_S1,1.6694639302830814
5,gle350,2024-03-29 22:06:40+00:00,40.289288,-88.126146,-57.936513657912634,1859.0,-12.454865448481904,rs8,21.639280593219404,29.86154019132234,8.222259598102937,1,21.639280593219404,29.86154019132234,8.222259598102937,-78.92951005359993,positive_cross,toward_S1,1.3887591925127276
5,gle350,2024-03-29 22:06:41+00:00,40.289396,-88.126144,-69.94667177237132,1860.0,-12.010158114458683,rs8,9.698899151730918,29.785731548975185,20.086832397244265,1,9.698899151730918,41.83661524571215,32.13771609398123,-78.92951005359993,positive_cross,toward_S1,1.166348857059789
5,gle350,2024-03-29 22:06:42+00:00,40.28949,-88.12615,-80.38811387267944,1861.0,-10.441442100308123,rs8,2.418404487916135,27.955805507574393,25.537401019658258,1,2.418404487916135,52.30417556048472,49.88577107256859,-78.92951005359993,positive_cross,toward_S1,0.9729888181651942
5,gle350,2024-03-29 22:06:44+00:00,40.289565,-88.126167,-88.70036566365268,1863.0,-4.156125895486618,rs8,9.959682030269647,28.257221640112988,18.29753960984334,1,9.959682030269647,60.718691356963475,50.75900932669383,-78.92951005359993,positive_cross,toward_S1,0.8190582294434676
5,gle350,2024-03-29 22:06:45+00:00,40.289622,-88.126207,-94.97624346330902,1864.0,-6.275877799656342,rs8,17.12419150040041,28.211587165090464,11.087395664690053,1,17.12419150040041,67.34228185014827,50.218090349747854,-78.92951005359993,positive_cross,toward_S1,0.7028382701905724
5,gle350,2024-03-29 22:06:46+00:00,40.28966,-88.126266,-99.11069060982214,1865.0,-4.134447146513125,rs8,23.212408380565098,27.293962503566824,4.081554123001727,1,23.212408380565098,72.24593273299166,49.03352435242657,-78.92951005359993,positive_cross,toward_S1,0.626274434144033
5,gle350,2024-03-29 22:06:47+00:00,40.289672,-88.126332,-100.3438297837334,1866.0,-1.2331391739112547,rs10,25.106090407325542,27.571075001140564,2.4649845938150214,1,25.106090407325542,74.72295495404208,49.61686454671654,-78.92951005359993,negative_cross,toward_S1,0.6034385235160469
5,gle350,2024-03-29 22:06:48+00:00,40.289658,-88.126395,-98.69096141222494,1867.0,1.652868371508461,rs10,21.45056797601395,30.237158283128036,8.786590307114086,1,21.45056797601395,72.3220062537715,50.871438277757555,-78.92951005359993,negative_cross,toward_S4,0.6340471970624999
5,gle350,2024-03-29 22:06:49+00:00,40.289619,-88.126439,-94.28774301539364,1868.0,4.403218396831292,rs10,16.25250900352741,30.8046611641196,14.55215216059219,1,16.25250900352741,67.53621578035288,51.28370677682547,-78.92951005359993,negative_cross,toward_S4,0.7155882784853016
5,gle350,2024-03-29 22:06:50+00:00,40.289567,-88.126455,-88.48206698205455,1869.0,5.805676033339097,rs10,10.313478313488291,29.670665626892312,19.35718731340402,1,10.313478313488291,61.64460590426487,51.33112759077658,-78.92951005359993,negative_cross,toward_S4,0.8231007976212107
5,gle350,2024-03-29 22:06:51+00:00,40.289511,-88.126438,-82.28217502959399,1870.0,6.199891952460561,rs10,5.2123393347636515,26.871319210426922,21.65897987566327,1,5.2123393347636515,55.618945015313784,50.40660568055013,-78.92951005359993,negative_cross,toward_S4,0.9379136115556655
5,gle350,2024-03-29 22:06:52+00:00,40.28945,-88.126418,-75.53098903836857,1871.0,6.751185991225412,rs10,5.933957224206143,25.226684275901384,19.29272705169524,1,5.933957224206143,49.184031658034606,43.25007443382846,-78.92951005359993,negative_cross,toward_S4,1.0629355743561362
5,gle350,2024-03-29 22:06:53+00:00,40.289378,-88.126407,-67.54308749087367,1872.0,7.9879015474949,rs10,12.504875827638019,26.672449288378218,14.167573460740199,1,12.504875827638019,41.55120801079607,29.04633218315805,-78.92951005359993,negative_cross,toward_S4,1.2108596770875233
5,gle350,2024-03-29 22:06:54+00:00,40.289294,-88.126411,-58.198113297310854,1873.0,9.34497419356282,rs10,21.05995673139906,32.10736245883459,11.047405727435528,1,21.05995673139906,32.45500642775259,11.395049696353535,-78.92951005359993,negative_cross,toward_S4,1.383914754746094
5,gle350,2024-03-29 22:06:55+00:00,40.289201,-88.126419,-47.84642743006699,1874.0,10.351685867243866,rs7,22.504060882750743,31.01892270328282,8.514861820532076,2,22.504060882750743,31.01892270328282,8.514861820532076,-27.632700444717127,negative_cross,toward_S4,1.625671722493521
5,gle350,2024-03-29 22:06:56+00:00,40.289102,-88.126425,-36.830740647104435,1875.0,11.015686782962554,rs7,12.805156841990737,27.614717093279044,14.809560251288307,2,12.805156841990737,41.861239004074065,29.056082162083328,-27.632700444717127,negative_cross,toward_S4,1.829665922178013
5,gle350,2024-03-29 22:06:57+00:00,40.289002,-88.12643,-25.70540707369998,1876.0,11.125333573404454,rs7,8.136269814338684,26.58372483939148,18.447455025052797,2,8.136269814338684,52.896029002530916,44.759759188192234,-27.632700444717127,negative_cross,toward_S4,2.035690617981799
5,gle350,2024-03-29 22:06:58+00:00,40.288896,-88.126439,-13.906892326533994,1877.0,11.798514747165987,rs7,15.114553324900491,30.57806130969552,15.46350798479503,2,15.114553324900491,42.10033778329999,26.9857844583995,-27.632700444717127,negative_cross,toward_S4,2.254181631818206
5,gle350,2024-03-29 22:06:59+00:00,40.288784,-88.126453,-1.4336663635463096,1878.0,12.473225962987684,rs7,26.428290868488784,29.803219683020355,3.3749288145315717,2,26.428290868488784,29.803219683020355,3.3749288145315717,-27.632700444717127,negative_cross,toward_S4,2.4851672977994594
5,gle350,2024-03-29 22:07:00+00:00,40.288672,-88.126468,11.041089642334978,1879.0,12.474756005881288,rs5,17.772183651548133,33.76515107768814,15.992967426140005,3,17.772183651548133,38.48161256953829,20.70942891799016,26.33125891160298,negative_cross,toward_S4,2.7168487172357776
5,gle350,2024-03-29 22:07:01+00:00,40.288557,-88.126485,23.852436234691183,1880.0,12.811346592356205,rs5,7.256662757733808,31.715667694330083,24.459004936596276,3,7.256662757733808,51.08396710708126,43.82730434934745,26.33125891160298,negative_cross,toward_S4,2.954095876353485
5,gle350,2024-03-29 22:07:02+00:00,40.288438,-88.126501,37.106960118220485,1881.0,13.254523883529302,rs5,11.426959871755018,34.74133164074363,23.314371768988615,3,11.426959871755018,44.52530384312435,33.09834397136933,26.33125891160298,negative_cross,toward_S4,3.1995500223447686
5,gle350,2024-03-29 22:07:03+00:00,40.288317,-88.126508,50.57006728327704,1882.0,13.463107165056556,rs5,24.072740870476622,31.089826479599097,7.017085609122475,3,24.072740870476622,31.089826479599097,7.017085609122475,26.33125891160298,negative_cross,toward_S4,3.448866821697668
5,gle350,2024-03-29 22:07:04+00:00,40.288195,-88.126513,64.14129119590363,1883.0,13.571223912626593,rs2,17.634512375726178,37.21440051222529,19.57988813649911,4,17.634512375726178,37.430444121469684,19.795931745743506,80.2309515867141,negative_cross,toward_S4,3.7020433260961023
5,gle350,2024-03-29 22:07:05+00:00,40.288077,-88.126515,77.26321764584793,1884.0,13.121926449944297,rs2,5.402564987892334,34.087818603324955,28.68525361543262,4,5.402564987892334,50.479924734479376,45.07735974658704,80.2309515867141,negative_cross,toward_S4,3.945041964058034
5,gle350,2024-03-29 22:07:06+00:00,40.287971,-88.126494,89.01583110672775,1885.0,11.752613460879815,rs2,9.299970588191615,33.57259991230221,24.272629324110596,4,9.299970588191615,62.38011372788409,53.080143139692474,80.2309515867141,negative_cross,toward_S4,4.162682954074326
5,gle350,2024-03-29 22:07:07+00:00,40.287898,-88.126474,97.10113910166794,1886.0,8.085307994940194,rs2,17.25179494354623,35.20728856779188,17.955493624245648,4,17.25179494354623,70.62857684001906,53.376781896472835,80.2309515867141,negative_cross,toward_S4,4.312410879906553
5,gle350,2024-03-29 22:07:08+00:00,40.287849,-88.126426,102.47536188942605,1887.0,5.374222787758114,rs2,23.930873455586575,35.04845834004069,11.117584884454114,4,23.930873455586575,76.55941442893311,52.62854097334653,80.2309515867141,negative_cross,toward_S4,4.411933524124295
5,gle350,2024-03-29 22:07:09+00:00,40.28783,-88.126363,104.49132902675079,1888.0,2.0159671373247363,rs2,28.521387940359368,32.799348515970635,4.277960575611267,4,28.521387940359368,79.6118653788625,51.090477438503136,80.2309515867141,negative_cross,toward_S4,4.449266248889568
5,gle350,2024-03-29 22:07:10+00:00,40.287838,-88.126301,103.50705169957659,1889.0,-0.9842773271741976,rs1,28.93963652609002,31.188911742503038,2.249275216413018,4,28.93963652609002,79.27129473229049,50.331658206200466,80.2309515867141,positive_cross,toward_S1,4.431038890978935
5,gle350,2024-03-29 22:07:11+00:00,40.287867,-88.126246,100.19877116740868,1890.0,-3.308280532167913,rs1,23.781507693712005,32.58917364198251,8.807665948270508,4,23.781507693712005,75.2713804782211,51.4898727845091,80.2309515867141,positive_cross,toward_S1,4.3697744366795295
5,gle350,2024-03-29 22:07:12+00:00,40.287912,-88.1262,95.12543168337125,1891.0,-5.073339484037433,rs1,17.562920048365886,33.39453515586591,15.831615107500024,4,17.562920048365886,69.80385816608336,52.24093811771748,80.2309515867141,positive_cross,toward_S1,4.275823705493651
5,gle350,2024-03-29 22:07:13+00:00,40.287973,-88.12617,88.29774354758908,1892.0,-6.827688135782168,rs1,10.345258744369398,33.592705617835385,23.24744687346599,4,10.345258744369398,62.81215774675194,52.46689900238255,80.2309515867141,positive_cross,toward_S1,4.149385036312499
5,gle350,2024-03-29 22:07:14+00:00,40.288048,-88.126157,79.9395904703514,1893.0,-8.358153077237674,rs1,3.7309440043804196,33.87315145373668,30.142207449356263,4,3.7309440043804196,54.41137945842334,50.68043545404292,80.2309515867141,positive_cross,toward_S1,3.994604423771061
5,gle350,2024-03-29 22:07:15+00:00,40.28813,-88.126151,70.81390985844058,1894.0,-9.125680611910823,rs1,8.834256096260921,35.80142010510956,26.967164008848634,4,8.834256096260921,45.27772372611814,36.44346762985722,80.2309515867141,positive_cross,toward_S1,3.8256103383653053
5,gle350,2024-03-29 22:07:16+00:00,40.288222,-88.12615,60.58411112542517,1895.0,-10.229798733015414,rs1,18.744669739255823,35.072011477484935,16.327341738229112,4,18.744669739255823,35.072011477484935,16.327341738229112,80.2309515867141,positive_cross,toward_S1,3.636169621087242
5,gle350,2024-03-29 22:07:17+00:00,40.288323,-88.126147,49.35066080368247,1896.0,-11.233450321742694,rs3,23.87448464705986,29.860758908243312,5.986274261183453,3,23.87448464705986,29.860758908243312,5.986274261183453,26.33125891160298,positive_cross,toward_S1,3.4262852202236944
5,gle350,2024-03-29 22:07:18+00:00,40.288428,-88.126146,37.675563232848575,1897.0,-11.675097570833898,rs3,12.350002122334136,37.09340311939822,24.743400997064082,3,12.350002122334136,41.49736870062217,29.147366578288032,26.33125891160298,positive_cross,toward_S1,3.210079709652696
5,gle350,2024-03-29 22:07:19+00:00,40.288536,-88.126146,25.668465204945296,1898.0,-12.007098027903279,rs3,2.867700205009069,35.34481926788094,32.47711906287187,3,2.867700205009069,53.49009938596294,50.62239918095387,26.33125891160298,positive_cross,toward_S1,2.987726042469302
5,gle350,2024-03-29 22:07:20+00:00,40.288645,-88.126146,13.550190342938306,1899.0,-12.11827486200699,rs3,12.458214076460788,37.6036895455714,25.14547546911061,3,12.458214076460788,41.823835261988364,29.365621185527576,26.33125891160298,positive_cross,toward_S1,2.763313545024728
5,gle350,2024-03-29 22:07:21+00:00,40.288753,-88.126146,1.5430923150350264,1900.0,-12.007098027903279,rs3,24.30587974002451,29.8393682828011,5.533488542776592,3,24.30587974002451,29.8393682828011,5.533488542776592,26.33125891160298,positive_cross,toward_S1,2.5409598778413343
5,gle350,2024-03-29 22:07:22+00:00,40.288862,-88.126145,-10.576712589865563,1901.0,-12.11980490490059,rs6,17.77095972247733,36.36641937584818,18.595459653370852,2,17.77095972247733,36.36641937584818,18.595459653370852,-27.632700444717127,positive_cross,toward_S1,2.3158516269416958
5,gle350,2024-03-29 22:07:23+00:00,40.288973,-88.126144,-22.918871161371907,1902.0,-12.342158571506344,rs6,5.728197543914223,32.60687135751746,26.87867381360324,2,5.728197543914223,48.68073421716521,42.95253667325099,-27.632700444717127,positive_cross,toward_S1,2.0872931348767634
5,gle350,2024-03-29 22:07:24+00:00,40.289087,-88.126144,-35.59303019152756,1903.0,-12.674159030155653,rs6,7.73889775837176,33.23657549154584,25.497677733174083,2,7.73889775837176,43.94625589025664,36.207358131884874,-27.632700444717127,positive_cross,toward_S1,1.852586486170177
5,gle350,2024-03-29 22:07:25+00:00,40.289203,-88.126144,-48.4895428883107,1904.0,-12.896512696783141,rs6,20.433065176450867,31.058167474885874,10.625102298435007,2,20.433065176450867,31.058167474885874,10.625102298435007,-27.632700444717127,positive_cross,toward_S1,1.6137621769704893
5,gle350,2024-03-29 22:07:26+00:00,40.289317,-88.126144,-61.1637019176764,1905.0,-12.674159029365697,rs8,18.41163242822032,33.06568278782918,14.654050359608863,1,18.41163242822032,33.06568278782918,14.654050359608863,-78.92951005359993,positive_cross,toward_S1,1.328996446961547
5,gle350,2024-03-29 22:07:27+00:00,40.289418,-88.126146,-72.38950202503807,1906.0,-11.225800107361671,rs8,7.346317942081438,28.982047566069163,21.635729623987725,1,7.346317942081438,44.28918658214245,36.94286864006101,-78.92951005359993,positive_cross,toward_S1,1.1211112597881825
5,gle350,2024-03-29 22:07:28+00:00,40.289505,-88.126155,-82.04811616195445,1907.0,-9.658614136916384,rs8,3.708885380342116,27.676113392018074,23.967228011675957,1,3.708885380342116,53.9936048312121,50.284719450869986,-78.92951005359993,positive_cross,toward_S1,0.9422480350304717
5,gle350,2024-03-29 22:07:29+00:00,40.289581,-88.126165,-90.48225508636615,1908.0,-8.434138924411698,rs8,11.579242434711894,29.08338747060157,17.504145035889675,1,11.579242434711894,62.48303819977297,50.903795765061076,-78.92951005359993,positive_cross,toward_S1,0.7860602771709958
5,gle350,2024-03-29 22:07:30+00:00,40.28964,-88.126211,-96.97130629618708,1909.0,-6.4890512098209285,rs8,19.09461757472489,29.14331510731111,10.048697532586221,1,19.09461757472489,69.3699299790073,50.2753124042824,-78.92951005359993,positive_cross,toward_S1,0.665892662174312
5,gle350,2024-03-29 22:07:31+00:00,40.289674,-88.126276,-100.65186585140236,1910.0,-3.6805595552152823,rs8,24.983767112723474,27.9489373122212,2.9651701994977273,1,24.983767112723474,73.92928194055388,48.94551482783041,-78.92951005359993,positive_cross,toward_S1,0.5977341518925474
5,gle350,2024-03-29 22:07:32+00:00,40.28965,-88.126412,-97.77553601445827,1911.0,2.8763298369440946,rs10,20.16024690018048,30.801011491331515,10.640764591151036,1,20.16024690018048,71.23540817439675,51.07516127421627,-78.92951005359993,negative_cross,toward_S4,0.650999519243364
5,gle350,2024-03-29 22:07:33+00:00,40.2896,-88.126447,-92.1631428339061,1912.0,5.612393180552175,rs10,14.045829428567757,30.424986998757667,16.37915757018991,1,14.045829428567757,65.36388944239849,51.31806001383073,-78.92951005359993,negative_cross,toward_S4,0.7549327262906266
5,gle350,2024-03-29 22:07:34+00:00,40.28954,-88.126441,-85.50171307574495,1913.0,6.661429758161148,rs10,7.804406352556377,27.69597769788876,19.891571345332384,1,7.804406352556377,58.78682770672791,50.982421354171535,-78.92951005359993,negative_cross,toward_S4,0.8782925366269441
5,gle350,2024-03-29 22:07:35+00:00,40.289481,-88.126423,-78.96982066540329,1914.0,6.531892410341655,rs10,4.782310096842953,25.401855000338976,20.619544903496024,1,4.782310096842953,52.506283790936,47.72397369409305,-78.92951005359993,negative_cross,toward_S4,0.9992535071888266
5,gle350,2024-03-29 22:07:36+00:00,40.289412,-88.126418,-71.30626936138671,1915.0,7.663551304016579,rs10,8.809978934216346,26.156243281397806,17.34626434718146,1,8.809978934216346,45.03576449187832,36.22578555766197,-78.92951005359993,negative_cross,toward_S4,1.1411711239298743
5,gle350,2024-03-29 22:07:37+00:00,40.289334,-88.126425,-62.62376604067072,1916.0,8.682503320715988,rs10,16.455888034455846,30.399771601429304,13.943883566973458,1,16.455888034455846,36.43524578140122,19.979357746945375,-78.92951005359993,negative_cross,toward_S4,1.301958222461652
5,gle350,2024-03-29 22:07:38+00:00,40.289255,-88.126434,-53.82702580087554,1917.0,8.796740239795184,rs10,24.886741498300093,27.739891697164126,2.853150198864032,1,24.886741498300093,27.739891697164126,2.853150198864032,-78.92951005359993,negative_cross,toward_S4,1.464860819494896
5,gle350,2024-03-29 22:07:39+00:00,40.289159,-88.126444,-43.13874934713501,1918.0,10.688276453740528,rs7,17.374650153793255,31.694351687734372,14.319701533941117,2,17.374650153793255,35.39465716029227,18.020007006499014,-27.632700444717127,negative_cross,toward_S4,1.7128509462515207
5,gle350,2024-03-29 22:07:40+00:00,40.289058,-88.126444,-31.90988915400788,1919.0,11.22886019312713,rs7,8.304908701548719,28.006623477888542,19.701714776339823,2,8.304908701548719,46.5984449430981,38.29353624154938,-27.632700444717127,negative_cross,toward_S4,1.9207928016798008
5,gle350,2024-03-29 22:07:41+00:00,40.288956,-88.126435,-20.583622513457218,1920.0,11.326266640550664,rs7,10.04520315881811,27.865427849475015,17.820224690656907,2,10.04520315881811,48.6666244718101,38.62142131299199,-27.632700444717127,negative_cross,toward_S4,2.130538480208517
5,gle350,2024-03-29 22:07:42+00:00,40.288854,-88.126434,-9.245115529888205,1921.0,11.338506983569014,rs7,19.50815430316829,32.606150812762756,13.097996509594466,2,19.50815430316829,37.71424990548334,18.206095602315052,-27.632700444717127,negative_cross,toward_S4,2.340510831756091
5,gle350,2024-03-29 22:07:43+00:00,40.288753,-88.126447,2.0036352206165544,1922.0,11.248750750504758,rs5,26.73116338450326,29.90272976858546,3.1715663840821975,3,26.73116338450326,29.90272976858546,3.1715663840821975,26.33125891160298,negative_cross,toward_S4,2.549488450166918
5,gle350,2024-03-29 22:07:44+00:00,40.288655,-88.126471,12.93568594202403,1923.0,10.932050721407474,rs5,15.9821194735036,33.194697015635825,17.212577542132223,3,15.9821194735036,40.32918662646838,24.347067152964776,26.33125891160298,negative_cross,toward_S4,2.751933833896686
5,gle350,2024-03-29 22:07:45+00:00,40.288552,-88.126493,24.420560745046487,1924.0,11.484874803022457,rs5,6.41004531397897,32.35726311822783,25.947217804248858,3,6.41004531397897,51.59954490440745,45.18949959042848,26.33125891160298,negative_cross,toward_S4,2.9646167006193243
5,gle350,2024-03-29 22:07:46+00:00,40.288442,-88.126503,36.66531286912929,1925.0,12.244752124082801,rs5,10.953786980038457,34.766113014567374,23.812326034528915,3,10.953786980038457,44.950450444959195,33.996663464920736,26.33125891160298,negative_cross,toward_S4,3.1913713695838206
5,gle350,2024-03-29 22:07:47+00:00,40.288331,-88.126506,49.01053152719104,1926.0,12.345218658061754,rs5,22.581963489293077,32.65581560616947,10.073852116876392,3,22.581963489293077,32.65581560616947,10.073852116876392,26.33125891160298,negative_cross,toward_S4,3.4199865299182974
5,gle350,2024-03-29 22:07:48+00:00,40.288221,-88.126508,61.2430433082555,1927.0,12.23251178106446,rs2,20.552336082030884,34.612458151866065,14.060122069835181,4,20.552336082030884,34.612458151866065,14.060122069835181,80.2309515867141,negative_cross,toward_S4,3.6483720689174333
5,gle350,2024-03-29 22:07:49+00:00,40.288118,-88.12651,72.69731725454379,1928.0,11.45427394628829,rs2,9.526717854540818,34.28864326653191,24.761925411991093,4,9.526717854540818,45.97480328724645,36.44808543270563,80.2309515867141,negative_cross,toward_S4,3.8604882531079574
5,gle350,2024-03-29 22:07:50+00:00,40.28803,-88.12651,82.48087861064238,1929.0,9.783561356098588,rs2,4.063346310222852,33.70262667175966,29.63928036153681,4,4.063346310222852,55.72474449533646,51.661398185113605,80.2309515867141,negative_cross,toward_S4,4.041665315257931
5,gle350,2024-03-29 22:07:51+00:00,40.287955,-88.126508,90.81608104475869,1930.0,8.335202434116312,rs2,10.287221802153038,35.23890421993043,24.951682417777395,4,10.287221802153038,64.05552453219893,53.76830273004589,80.2309515867141,negative_cross,toward_S4,4.196020915889715
5,gle350,2024-03-29 22:07:52+00:00,40.287893,-88.126485,97.67385374145051,1931.0,6.857772696691825,rs2,17.417166617252466,36.29357285948675,18.876406242234285,4,17.417166617252466,71.08919178761015,53.672025170357685,80.2309515867141,negative_cross,toward_S4,4.323016706569193
5,gle350,2024-03-29 22:07:53+00:00,40.287845,-88.126429,102.92465935289829,1932.0,5.250805611447774,rs2,24.21205777483495,35.53282036294577,11.32076258811082,4,24.21205777483495,76.9613578610719,52.74930008623696,80.2309515867141,negative_cross,toward_S4,4.42025384752193
5,gle350,2024-03-29 22:07:54+00:00,40.28782,-88.126353,105.5877969334961,1933.0,2.6631375805978053,rs2,29.9192563867667,33.13274266187912,3.2134862751124196,4,29.9192563867667,80.88125653634201,50.9620001495753,80.2309515867141,negative_cross,toward_S4,4.469571210125593
5,gle350,2024-03-29 22:07:55+00:00,40.28783,-88.126269,104.34750499642655,1934.0,-1.2402919370695429,rs1,28.331923242155383,33.740199747298625,5.408276505143242,4,28.331923242155383,79.64473366506135,51.31281042290597,80.2309515867141,positive_cross,toward_S1,4.446602840920601
5,gle350,2024-03-29 22:07:56+00:00,40.287872,-88.126203,99.57709515561793,1935.0,-4.770409840808625,rs1,21.777081916584685,35.3023684645124,13.525286547927713,4,21.777081916584685,74.25499922961336,52.47791731302868,80.2309515867141,positive_cross,toward_S1,4.358261917942664
5,gle350,2024-03-29 22:07:57+00:00,40.287935,-88.126165,92.51481301018991,1936.0,-7.062282145428014,rs1,14.099923600916716,35.173975884650304,21.074052283733586,4,14.099923600916716,66.99696822138334,52.89704462046662,80.2309515867141,positive_cross,toward_S1,4.227478915249552
5,gle350,2024-03-29 22:07:58+00:00,40.288006,-88.126169,84.62737799588399,1937.0,-7.887435014305922,rs1,7.223263475179231,33.05878582324877,25.83552234806954,4,7.223263475179231,59.14661288451464,51.92334940933541,80.2309515867141,positive_cross,toward_S1,4.081415303873516
5,gle350,2024-03-29 22:07:59+00:00,40.288083,-88.126177,76.07900215239307,1938.0,-8.548375843490916,rs1,6.132683954758839,32.51956608979813,26.386882135039293,4,6.132683954758839,50.68459722101832,44.55191326625948,80.2309515867141,positive_cross,toward_S1,3.9231120475125736
5,gle350,2024-03-29 22:08:00+00:00,40.288179,-88.126171,65.3968458701617,1939.0,-10.682156282231375,rs1,14.536280652581674,36.15129259805109,21.61501194546942,4,14.536280652581674,40.019967289829154,25.48368663724748,80.2309515867141,positive_cross,toward_S1,3.725294338582363
5,gle350,2024-03-29 22:08:01+00:00,40.288285,-88.126159,53.59374099438016,1940.0,-11.803104875781536,rs1,25.78588385195458,28.198766637784026,2.4128827858294457,4,25.78588385195458,28.198766637784026,2.4128827858294457,80.2309515867141,positive_cross,toward_S1,3.5067183223641862
5,gle350,2024-03-29 22:08:02+00:00,40.288395,-88.126149,41.34898887029735,1941.0,-12.244752124082815,rs3,15.99068917620631,37.854419994802115,21.863730818595805,3,15.99068917620631,37.854419994802115,21.863730818595805,26.33125891160298,positive_cross,toward_S1,3.278106110346192
5,gle350,2024-03-29 22:08:03+00:00,40.288508,-88.126145,28.779886502736243,1942.0,-12.569102367561104,rs3,4.17652905448335,35.501927772180515,31.325398717697166,3,4.17652905448335,50.37549851035094,46.198969455867584,26.33125891160298,positive_cross,toward_S1,3.0453449553913567
5,gle350,2024-03-29 22:08:04+00:00,40.288628,-88.126141,15.432546299630754,1943.0,-13.347340203105489,rs3,10.520517288907484,37.40521433596911,26.88469704706163,3,10.520517288907484,43.69034741061467,33.169830121707186,26.33125891160298,positive_cross,toward_S1,2.798171988667181
5,gle350,2024-03-29 22:08:05+00:00,40.288752,-88.126138,1.642028805330428,1944.0,-13.790517494300326,rs3,24.124403540806195,29.903281219246963,5.778877678440768,3,24.124403540806195,29.903281219246963,5.778877678440768,26.33125891160298,positive_cross,toward_S1,2.5427920350690267
5,gle350,2024-03-29 22:08:06+00:00,40.288875,-88.126141,-12.028131597591559,1945.0,-13.670160402921987,rs6,16.293713767394934,36.070504837516076,19.776791070121142,2,16.293713767394934,37.78482062695157,21.491106859556638,-27.632700444717127,positive_cross,toward_S1,2.288973497168992
5,gle350,2024-03-29 22:08:07+00:00,40.289001,-88.126148,-26.025702330547286,1946.0,-13.997570732955728,rs6,3.3627984281844667,31.96586858374735,28.603070155562886,2,3.3627984281844667,51.80936055487998,48.44656212669551,-27.632700444717127,positive_cross,toward_S1,2.0297592243364786
5,gle350,2024-03-29 22:08:08+00:00,40.289124,-88.126157,-39.68668247700634,1947.0,-13.660980146459057,rs6,11.998122471848985,33.42584220105803,21.427719729209045,2,11.998122471848985,39.8975457388534,27.899423267004416,-27.632700444717127,positive_cross,toward_S1,1.7767781105131626
5,gle350,2024-03-29 22:08:09+00:00,40.289246,-88.126158,-53.24872613238003,1948.0,-13.562043655373685,rs6,25.325686814472103,26.38906178738032,1.0633749729082176,2,25.325686814472103,26.38906178738032,1.0633749729082176,-27.632700444717127,positive_cross,toward_S1,1.5256291539321685
5,gle350,2024-03-29 22:08:10+00:00,40.289359,-88.126158,-65.81170832843196,1949.0,-12.562982196051934,rs8,13.966934257331788,30.188542522226502,16.221608264894712,1,13.966934257331788,37.81689609369408,23.849961836362297,-78.92951005359993,positive_cross,toward_S1,1.242922254169777
5,gle350,2024-03-29 22:08:11+00:00,40.289459,-88.126157,-76.93092173111721,1950.0,-11.119213402685247,rs8,3.802773526318485,27.385262265711148,23.582488739392662,1,3.802773526318485,48.89826760858868,45.0954940822702,-78.92951005359993,positive_cross,toward_S1,1.037010894860791
5,gle350,2024-03-29 22:08:12+00:00,40.289544,-88.126161,-86.37483241499717,1951.0,-9.443910683879963,rs8,7.611246731279033,28.0168454339515,20.405598702672464,1,7.611246731279033,58.35440054109435,50.74315380981532,-78.92951005359993,positive_cross,toward_S1,0.8621236599741251
5,gle350,2024-03-29 22:08:13+00:00,40.289616,-88.126194,-94.32907301922423,1952.0,-7.954240604227053,rs8,16.077246177270226,28.754151426859845,12.67690524958962,1,16.077246177270226,66.56277043440917,50.48552425713895,-78.92951005359993,positive_cross,toward_S1,0.7148229080439945
5,gle350,2024-03-29 22:08:14+00:00,40.289675,-88.126245,-100.8104740146641,1953.0,-6.48140099543987,rs8,23.82981504913365,29.724826771484384,5.895011722350734,1,23.82981504913365,73.60671357448037,49.776898525346716,-78.92951005359993,positive_cross,toward_S1,0.5947969636839969
5,gle350,2024-03-29 22:08:15+00:00,40.289699,-88.126321,-103.36243476194818,1954.0,-2.5519607472840846,rs10,28.184307566606666,29.395829525808548,1.2115219592018818,1,28.184307566606666,77.42582624692643,49.24151868031977,-78.92951005359993,negative_cross,toward_S1,0.5475384313268843
5,gle350,2024-03-29 22:08:16+00:00,40.289689,-88.126394,-102.13897329651252,1955.0,1.223461465435662,rs10,24.753851972945547,32.51804703903921,7.764195066093663,1,24.753851972945547,75.74426786488083,50.99041589193528,-78.92951005359993,negative_cross,toward_S4,0.5701951251312483
5,gle350,2024-03-29 22:08:17+00:00,40.289646,-88.126448,-97.27574713610602,1956.0,4.863226160406498,rs10,19.07950396006722,33.031052195312576,13.951548235245355,1,19.07950396006722,70.44850544219773,51.36900148213051,-78.92951005359993,negative_cross,toward_S4,0.6602548688424797
5,gle350,2024-03-29 22:08:18+00:00,40.289577,-88.126463,-89.58159497535524,1957.0,7.694152160750775,rs10,11.304537842845706,30.680519821029456,19.375981978183752,1,11.304537842845706,62.69193561910999,51.38739777626429,-78.92951005359993,negative_cross,toward_S4,0.8027391681156423
5,gle350,2024-03-29 22:08:19+00:00,40.289505,-88.126431,-81.62582432825634,1958.0,7.955770647098902,rs10,5.188179463434206,26.207777287748204,21.019597824313998,1,5.188179463434206,55.039736326160316,49.85155686272611,-78.92951005359993,negative_cross,toward_S4,0.9500682541730293
5,gle350,2024-03-29 22:08:20+00:00,40.289431,-88.126403,-73.44157984302072,1959.0,8.184244485235624,rs10,8.169455049436461,24.368968363604402,16.19951331416794,1,8.169455049436461,47.368272283550915,39.19881723411446,-78.92951005359993,negative_cross,toward_S4,1.1016283372329483
5,gle350,2024-03-29 22:08:21+00:00,40.289344,-88.126395,-63.78143566323249,1960.0,9.660144179788226,rs10,16.330175177691377,27.6608030626464,11.330627884955025,1,16.330175177691377,38.170464881266696,21.84028970357532,-78.92951005359993,negative_cross,toward_S4,1.2805198961179154
5,gle350,2024-03-29 22:08:22+00:00,40.289246,-88.1264,-52.87845575645554,1961.0,10.902979906776956,rs10,26.456282021970996,27.742525489307344,1.286243467336348,1,26.456282021970996,27.742525489307344,1.286243467336348,-78.92951005359993,negative_cross,toward_S4,1.4824269314285998
5,gle350,2024-03-29 22:08:23+00:00,40.289145,-88.126407,-41.63888526320367,1962.0,11.239570493251868,rs7,17.525808371047482,28.194627564351734,10.668819193304252,2,17.525808371047482,37.33023590851056,19.804427537463077,-27.632700444717127,negative_cross,toward_S4,1.740626207065064
5,gle350,2024-03-29 22:08:24+00:00,40.289039,-88.126414,-29.8434306025931,1963.0,11.79545466061057,rs7,9.722323028306782,25.23229563164926,15.50997260334248,2,9.722323028306782,48.92881039481172,39.20648736650494,-27.632700444717127,negative_cross,toward_S4,1.9590605526319265
5,gle350,2024-03-29 22:08:25+00:00,40.288931,-88.126423,-17.822562188009655,1964.0,12.020868414583443,rs7,12.719394180498657,27.75343139271246,15.034037212213804,2,12.719394180498657,46.20991311665013,33.490518936151474,-27.632700444717127,negative_cross,toward_S4,2.1816692269760645
5,gle350,2024-03-29 22:08:26+00:00,40.288822,-88.126439,-5.679806640777671,1965.0,12.142755547231985,rs7,22.68540550780609,34.19000856519703,11.504603057390941,2,22.68540550780609,34.19000856519703,11.504603057390941,-27.632700444717127,negative_cross,toward_S4,2.406535070443323
5,gle350,2024-03-29 22:08:27+00:00,40.288712,-88.12646,6.581775955707262,1966.0,12.261582596484933,rs5,22.093459112738948,34.1732077325273,12.079748619788354,3,22.093459112738948,34.1732077325273,12.079748619788354,26.33125891160298,negative_cross,toward_S4,2.6342688341500793
5,gle350,2024-03-29 22:08:28+00:00,40.2886,-88.126482,19.067242260923337,1967.0,12.485466305216075,rs5,10.407218607740031,32.17240321796295,21.76518461022292,3,10.407218607740031,46.33150603563498,35.92428742789495,26.33125891160298,negative_cross,toward_S4,2.8654811731355623
5,gle350,2024-03-29 22:08:29+00:00,40.288483,-88.126499,32.100942520697,1968.0,13.03370025977366,rs5,7.460600561091692,33.34261991158412,25.88201935049243,3,7.460600561091692,49.52192603153425,42.061325470442554,26.33125891160298,negative_cross,toward_S4,3.1068459927610004
5,gle350,2024-03-29 22:08:30+00:00,40.288364,-88.126507,45.3432260612297,1969.0,13.242283540532704,rs5,18.989903843114263,36.28836409033231,17.298460247218046,3,18.989903843114263,36.28836409033231,17.298460247218046,26.33125891160298,negative_cross,toward_S4,3.3520734657338283
5,gle350,2024-03-29 22:08:31+00:00,40.288247,-88.126512,58.35856580649758,1970.0,13.01533974526788,rs2,23.33687469793345,31.701196648845755,8.364321950912306,4,23.33687469793345,31.701196648845755,8.364321950912306,80.2309515867141,negative_cross,toward_S4,3.594955818884879
5,gle350,2024-03-29 22:08:32+00:00,40.288133,-88.126513,71.03425487873513,1971.0,12.675689072237546,rs2,10.981873115646495,34.91097253515346,23.92909941950697,4,10.981873115646495,44.28969163635667,33.30781852071018,80.2309515867141,negative_cross,toward_S4,3.829690801704093
5,gle350,2024-03-29 22:08:33+00:00,40.28803,-88.126511,82.48240865351423,1972.0,11.448153774779101,rs2,3.981743621787632,33.78716553568895,29.805421913901316,4,3.981743621787632,55.71802682291061,51.73628320112298,80.2309515867141,negative_cross,toward_S4,4.041693649385188
5,gle350,2024-03-29 22:08:34+00:00,40.287944,-88.1265,92.02678587056147,1973.0,9.544377217047241,rs2,11.680395197154114,35.011274713154265,23.330879516000152,4,11.680395197154114,65.32747141397226,53.64707621681815,80.2309515867141,negative_cross,toward_S4,4.218441375626803
5,gle350,2024-03-29 22:08:35+00:00,40.287883,-88.126455,98.73972079069344,1974.0,6.712934920131971,rs2,19.445542189443092,34.71373735480086,15.26819516535777,4,19.445542189443092,72.47291603968482,53.02737385024173,80.2309515867141,negative_cross,toward_S4,4.3427549852588765
5,gle350,2024-03-29 22:08:36+00:00,40.287851,-88.126386,102.19180650698209,1975.0,3.45208571628865,rs2,25.489781971060864,32.40638343970204,6.916601468641176,4,25.489781971060864,76.92755156918591,51.437769598125044,80.2309515867141,negative_cross,toward_S4,4.406682498523481
5,gle350,2024-03-29 22:08:37+00:00,40.287843,-88.126309,102.96340787444628,1976.0,0.7716013674641857,rs1,28.859228496502155,30.31763735686114,1.4584088603589862,4,28.859228496502155,78.86762021779921,50.00839172129706,80.2309515867141,positive_cross,toward_S4,4.420971412735781
5,gle350,2024-03-29 22:08:38+00:00,40.287868,-88.126239,100.0768840331802,1977.0,-2.8865238412660688,rs1,23.40883635616398,33.00595199556041,9.597115639396428,4,23.40883635616398,75.07402277633928,51.665186420175296,80.2309515867141,positive_cross,toward_S1,4.36751726752715
5,gle350,2024-03-29 22:08:39+00:00,40.28792,-88.12619,94.22071658572932,1978.0,-5.856167447450886,rs1,16.406433906121634,33.80321702836107,17.396783122239434,4,16.406433906121634,68.83265730754731,52.42622340142567,80.2309515867141,positive_cross,toward_S1,4.259069722203986
5,gle350,2024-03-29 22:08:40+00:00,40.287985,-88.126171,86.9651515875361,1979.0,-7.255564998193222,rs1,9.222897347756762,33.23907822374534,24.016180875988574,4,9.222897347756762,61.488429516485915,52.26553216872915,80.2309515867141,positive_cross,toward_S1,4.12470740742263
5,gle350,2024-03-29 22:08:41+00:00,40.288055,-88.12616,79.1659427641908,1980.0,-7.799208823345296,rs1,3.886626176770969,33.64857638629356,29.761950209522595,4,3.886626176770969,53.653363465555366,49.7667372887844,80.2309515867141,positive_cross,toward_S1,3.9802776143977168
5,gle350,2024-03-29 22:08:42+00:00,40.288139,-88.126153,69.81637844201244,1981.0,-9.349564322178367,rs1,9.83259568327582,35.932878753503836,26.100283070228016,4,9.83259568327582,44.292334229880915,34.459738546605095,80.2309515867141,positive_cross,toward_S1,3.8071375343573766
5,gle350,2024-03-29 22:08:43+00:00,40.288238,-88.126152,58.80834187343089,1982.0,-11.008036568581545,rs1,20.528624221490244,33.31701390922401,12.788389687733765,4,20.528624221490244,33.31701390922401,12.788389687733765,80.2309515867141,positive_cross,toward_S1,3.60328500530957
5,gle350,2024-03-29 22:08:44+00:00,40.288342,-88.126153,47.24748122244442,1983.0,-11.56086065098647,rs3,21.853808519802136,32.013803973697954,10.159995453895817,3,21.853808519802136,32.013803973697954,10.159995453895817,26.33125891160298,positive_cross,toward_S1,3.3873374502007674
5,gle350,2024-03-29 22:08:45+00:00,40.288455,-88.126151,34.681438940627025,1984.0,-12.566042281817396,rs3,9.59191429873823,35.880317188813336,26.288402890075105,3,9.59191429873823,44.52229126317094,34.93037696443271,26.33125891160298,positive_cross,toward_S1,3.154632963500445
5,gle350,2024-03-29 22:08:46+00:00,40.288579,-88.126148,20.89092144634844,1985.0,-13.790517494278586,rs3,5.665707714125619,35.59758775527974,29.93188004115412,3,5.665707714125619,49.16301070938201,43.49730299525639,26.33125891160298,positive_cross,toward_S1,2.8992530099026936
5,gle350,2024-03-29 22:08:47+00:00,40.288706,-88.126146,6.76840349421051,1986.0,-14.12251795213793,rs3,19.124702167916617,35.05247685839491,15.927774690478294,3,19.124702167916617,35.05247685839491,15.927774690478294,26.33125891160298,positive_cross,toward_S1,2.6377248996779175
5,gle350,2024-03-29 22:08:48+00:00,40.288834,-88.126145,-7.463761249181014,1987.0,-14.232164743391525,rs6,20.862513834187965,33.262067289545634,12.399553455357669,2,20.862513834187965,33.262067289545634,12.399553455357669,-27.632700444717127,positive_cross,toward_S1,2.3734988739914096
5,gle350,2024-03-29 22:08:50+00:00,40.288965,-88.126144,-22.029456492492038,1989.0,-7.282847621655511,rs6,6.556401774350931,32.74710432180106,26.19070254745013,2,6.556401774350931,47.792316572316295,41.235914797965364,-27.632700444717127,positive_cross,toward_S1,2.1037637768930573
5,gle350,2024-03-29 22:08:51+00:00,40.289096,-88.126148,-36.587501522211994,1990.0,-14.558045029719956,rs6,8.795383492953679,33.164038919805854,24.368655426852175,2,8.795383492953679,42.96102884436399,34.165645351410305,-27.632700444717127,positive_cross,toward_S1,1.8341703504167617
5,gle350,2024-03-29 22:08:52+00:00,40.28923,-88.126147,-51.48672726704418,1991.0,-14.899225744832187,rs6,23.446103579553334,28.077070727385262,4.630967147831928,2,23.446103579553334,28.077070727385262,4.630967147831928,-27.632700444717127,positive_cross,toward_S1,1.558258762549499
5,gle350,2024-03-29 22:08:53+00:00,40.289357,-88.126146,-65.60771517631025,1992.0,-14.12098790926607,rs8,14.010540327450556,31.203904398730952,17.193364071280396,1,14.010540327450556,37.516244075022385,23.50570374757183,-78.92951005359993,positive_cross,toward_S1,1.246699905134994
5,gle350,2024-03-29 22:08:54+00:00,40.289466,-88.126149,-77.72139990891172,1993.0,-12.11368473260147,rs8,2.7807088812463387,28.02039738361714,25.239688502370804,1,2.7807088812463387,49.634004703683885,46.853295822437545,-78.92951005359993,positive_cross,toward_S1,1.0223724100868186
5,gle350,2024-03-29 22:08:55+00:00,40.289553,-88.126157,-87.38154408867823,1994.0,-9.660144179766505,rs8,8.41103671016128,28.62678988044013,20.215753170278848,1,8.41103671016128,59.33338950891333,50.922352798752044,-78.92951005359993,positive_cross,toward_S1,0.8434808512022537
5,gle350,2024-03-29 22:08:56+00:00,40.289619,-88.126191,-94.66719364857103,1995.0,-7.2856495598928035,rs8,16.29646705892313,29.149110349989094,12.852643291065963,1,16.29646705892313,66.87068827913382,50.57422122021069,-78.92951005359993,positive_cross,toward_S1,0.7085614149079426
5,gle350,2024-03-29 22:08:57+00:00,40.289663,-88.12625,-99.46870179656833,1996.0,-4.801508147997296,rs8,22.829735787048545,28.453954299129705,5.6242185120811605,1,22.829735787048545,72.3513798687,49.521644081651445,-78.92951005359993,positive_cross,toward_S1,0.619644597352437
5,gle350,2024-03-29 22:08:58+00:00,40.289675,-88.126325,-100.68807058461108,1997.0,-1.2193687880427575,rs10,25.693089188498412,27.454417266104098,1.761328077605686,1,25.693089188498412,74.90490479574868,49.211815607250266,-78.92951005359993,negative_cross,toward_S1,0.5970636938701638
5,gle350,2024-03-29 22:08:59+00:00,40.289649,-88.126392,-97.69496003787869,1998.0,2.993110546732396,rs10,20.598919665813785,29.400584869529432,8.801665203715647,1,20.598919665813785,71.37230004447994,50.77338037866616,-78.92951005359993,negative_cross,toward_S4,0.6524916669578007
5,gle350,2024-03-29 22:09:00+00:00,40.289595,-88.126432,-91.63020930890052,1999.0,6.064750728978169,rs10,13.812906366524444,29.037034604106367,15.224128237581922,1,13.812906366524444,64.95170956362092,51.13880319709648,-78.92951005359993,negative_cross,toward_S4,0.7648018656425817
5,gle350,2024-03-29 22:09:01+00:00,40.289527,-88.126437,-84.06253441022555,2000.0,7.567674898674966,rs10,6.689487698651482,27.06058787071175,20.371100172060267,1,6.689487698651482,57.39444391168621,50.70495621303473,-78.92951005359993,negative_cross,toward_S4,0.9049439933958218
5,gle350,2024-03-29 22:09:02+00:00,40.289451,-88.126424,-75.63298561442943,2001.0,8.429548795796123,rs10,5.437693467208658,25.71575350475022,20.278060037541564,1,5.437693467208658,49.20278481863037,43.76509135142171,-78.92951005359993,negative_cross,toward_S4,1.0610467488735278
5,gle350,2024-03-29 22:09:03+00:00,40.289362,-88.126423,-65.739777467099,2002.0,9.893208147330427,rs10,13.55112871783629,28.68450519126548,15.13337647342919,1,13.55112871783629,39.508317943273475,25.957189225437183,-78.92951005359993,negative_cross,toward_S4,1.2442543071574246
5,gle350,2024-03-29 22:09:04+00:00,40.28926,-88.126425,-54.3966803549144,2003.0,11.343097112184601,rs10,24.468752109243898,28.491190774578623,4.022438665334725,1,24.468752109243898,28.491190774578623,4.022438665334725,-78.92951005359993,negative_cross,toward_S4,1.454311661086769
5,gle350,2024-03-29 22:09:05+00:00,40.289155,-88.126431,-42.71393257048943,2004.0,11.682747784424969,rs7,17.43844547576461,30.514617531759715,13.076172055995105,2,17.43844547576461,35.94621078196367,18.50776530619906,-27.632700444717127,negative_cross,toward_S4,1.720717923596809
5,gle350,2024-03-29 22:09:06+00:00,40.289047,-88.126433,-30.703774456030732,2005.0,12.0101581144587,rs7,8.510833486737024,26.9224102972823,18.411576810545277,2,8.510833486737024,47.88652517911835,39.375691692381324,-27.632700444717127,negative_cross,toward_S4,1.943128259049748
5,gle350,2024-03-29 22:09:07+00:00,40.288937,-88.12644,-18.463612460585253,2006.0,12.24016199544548,rs7,11.269496206077493,28.88339723617662,17.61390103009913,2,11.269496206077493,46.51193225933997,35.24243605326248,-27.632700444717127,negative_cross,toward_S4,2.169797925632072
5,gle350,2024-03-29 22:09:08+00:00,40.288827,-88.126453,-6.21427020788688,2007.0,12.249342252698373,rs7,21.800037987890853,34.3799854780627,12.579947490171847,2,21.800037987890853,34.3799854780627,12.579947490171847,-27.632700444717127,negative_cross,toward_S4,2.396637596978338
5,gle350,2024-03-29 22:09:09+00:00,40.288718,-88.126471,5.9315454250888155,2008.0,12.145815632975696,rs5,22.36767773971877,33.37536803046651,11.007690290747743,3,22.36767773971877,33.37536803046651,11.007690290747743,26.33125891160298,negative_cross,toward_S4,2.6222275280275156
5,gle350,2024-03-29 22:09:10+00:00,40.288607,-88.126487,18.29665464052821,2009.0,12.365109215439395,rs5,10.74846304660146,32.765130910909164,22.016667864307706,3,10.74846304660146,45.52384548949934,34.77538244289788,26.33125891160298,negative_cross,toward_S4,2.851211032017134
5,gle350,2024-03-29 22:09:11+00:00,40.288492,-88.126502,31.104941147140707,2010.0,12.808286506612497,rs5,6.606990823540754,33.4320323266421,26.825041503101346,3,6.606990823540754,50.49448330021365,43.8874924766729,26.33125891160298,negative_cross,toward_S4,3.088401522880328
5,gle350,2024-03-29 22:09:12+00:00,40.288251,-88.126514,57.91691855740638,2011.0,26.811977410265676,rs2,23.75001928793154,31.23762612836342,7.48760684043188,4,23.75001928793154,31.23762612836342,7.48760684043188,80.2309515867141,negative_cross,toward_S4,3.586777166123931
5,gle350,2024-03-29 22:09:13+00:00,40.288136,-88.126516,70.7053145066195,2012.0,12.788395949213118,rs2,11.217252307709247,35.2408054699693,24.023553162260058,4,11.217252307709247,43.93394001525423,32.716687707544985,80.2309515867141,negative_cross,toward_S4,3.8235993133315818
5,gle350,2024-03-29 22:09:14+00:00,40.288031,-88.126513,82.37429190596595,2013.0,11.668977399346446,rs2,3.7883889129382537,33.94706520687664,30.158676293938385,4,3.7883889129382537,55.594067568865206,51.805678655926954,80.2309515867141,negative_cross,toward_S4,4.0396914873935525
5,gle350,2024-03-29 22:09:15+00:00,40.287944,-88.126502,92.02984595632694,2014.0,9.65555405036099,rs2,11.612281684832292,35.169970855898825,23.557689171066535,4,11.612281684832292,65.3139166405236,53.70163495569131,80.2309515867141,negative_cross,toward_S4,4.218498043881719
5,gle350,2024-03-29 22:09:16+00:00,40.287882,-88.12646,98.85854783836648,2015.0,6.828701882039539,rs2,19.36300298852174,35.12892549380915,15.76592250528741,4,19.36300298852174,72.53117389366962,53.168170905147875,80.2309515867141,negative_cross,toward_S4,4.344955486141711
5,gle350,2024-03-29 22:09:17+00:00,40.287843,-88.126391,103.08887139024301,2016.0,4.230323551876538,rs2,25.997059628238873,33.33510854281054,7.338048914571665,4,25.997059628238873,77.71999562334534,51.72293599510647,80.2309515867141,negative_cross,toward_S4,4.423294811176461
5,gle350,2024-03-29 22:09:18+00:00,40.287839,-88.126317,103.42035555227778,2017.0,0.33148416203476927,rs1,29.614202666297402,30.180210450101544,0.5660077838041424,4,29.614202666297402,79.44817881599019,49.83397614969279,80.2309515867141,positive_cross,ambiguous,4.429433406769698
5,gle350,2024-03-29 22:09:19+00:00,40.287864,-88.12625,100.53842183964905,2018.0,-2.8819337126287365,rs1,24.2359960764302,32.51548478597663,8.279488709546431,4,24.2359960764302,75.65296324304734,51.41696716661714,80.2309515867141,positive_cross,toward_S1,4.37606426394324
5,gle350,2024-03-29 22:09:20+00:00,40.28791,-88.126207,95.35849565091347,2019.0,-5.179926188735578,rs1,18.01710904132101,32.95510627361071,14.9379972322897,4,18.01710904132101,70.09071197364662,52.07360293232561,80.2309515867141,positive_cross,toward_S1,4.280139704892581
5,gle350,2024-03-29 22:09:21+00:00,40.287971,-88.126183,88.53998777238415,2020.0,-6.818507878529317,rs1,11.082706721423031,32.56967625328086,21.48696953185783,4,11.082706721423031,63.129320812843794,52.046614091420764,80.2309515867141,positive_cross,toward_S1,4.153871040475371
5,gle350,2024-03-29 22:09:22+00:00,40.288041,-88.126171,80.739248906167,2021.0,-7.800738866217145,rs1,5.0889404159843075,32.673585450456976,27.58464503447267,4,5.0889404159843075,55.28259868208898,50.19365826610468,80.2309515867141,positive_cross,toward_S1,4.009412913323202
5,gle350,2024-03-29 22:09:23+00:00,40.288123,-88.12616,71.6059180798969,2022.0,-9.133330826270111,rs1,8.434037469080584,34.85449963256812,26.420462163487535,4,8.434037469080584,46.11515335217734,37.68111588309675,80.2309515867141,positive_cross,toward_S1,3.8402771572811627
5,gle350,2024-03-29 22:09:24+00:00,40.288215,-88.126151,61.36387900307319,2023.0,-10.242039076823708,rs1,17.99134756071047,35.85509466017969,17.86374709946922,4,17.99134756071047,35.85509466017969,17.86374709946922,80.2309515867141,positive_cross,toward_S1,3.650609766969613
5,gle350,2024-03-29 22:09:25+00:00,40.288313,-88.126144,50.45783901055252,2024.0,-10.906039992520668,rs3,24.94978245322653,28.73000556881179,3.7802231155852617,3,24.94978245322653,28.73000556881179,3.7802231155852617,26.33125891160298,positive_cross,toward_S1,3.446788520350917
5,gle350,2024-03-29 22:09:26+00:00,40.288416,-88.126142,39.003565065054175,2025.0,-11.454273945498343,rs3,13.584519146917948,37.840576391737365,24.256057244819416,3,13.584519146917948,40.144201794376116,26.559682647458168,26.33125891160298,positive_cross,toward_S1,3.2346723361750223
5,gle350,2024-03-29 22:09:27+00:00,40.288518,-88.126141,27.661997994951488,2026.0,-11.341567070102688,rs3,3.158942478700998,35.7838879690748,32.6249454903738,3,3.158942478700998,51.4701878374925,48.3112453587915,26.33125891160298,positive_cross,toward_S1,3.0246433163583055
5,gle350,2024-03-29 22:09:28+00:00,40.288628,-88.126141,15.432546299630754,2027.0,-12.229451695320734,rs3,10.520517288907484,37.40521433596911,26.88469704706163,3,10.520517288907484,43.69034741061467,33.169830121707186,26.33125891160298,positive_cross,toward_S1,2.798171988667181
5,gle350,2024-03-29 22:09:29+00:00,40.288745,-88.12614,2.4233267266620024,2028.0,-13.009219572968751,rs3,23.365656294384383,30.6906335859801,7.324977291595715,3,23.365656294384383,30.6906335859801,7.324977291595715,26.33125891160298,positive_cross,toward_S1,2.5572605150936853
5,gle350,2024-03-29 22:09:30+00:00,40.288863,-88.126141,-10.694009594666742,2029.0,-13.117336321328745,rs6,17.619235570725532,36.45300052159514,18.83376495086961,2,17.619235570725532,36.45300052159514,18.83376495086961,-27.632700444717127,positive_cross,toward_S1,2.313679460186118
5,gle350,2024-03-29 22:09:31+00:00,40.288985,-88.126145,-24.251463121424866,2030.0,-13.557453526758124,rs6,4.572459965846107,32.356795161418994,27.784335195572886,2,4.572459965846107,50.01810220416755,45.44564223832144,-27.632700444717127,positive_cross,toward_S1,2.062615505986894
5,gle350,2024-03-29 22:09:32+00:00,40.289105,-88.126149,-37.58656298153375,2031.0,-13.335099860108887,rs6,9.779599248540913,33.36788510307117,23.588285854530255,2,9.779599248540913,41.96545357851579,32.18585432997488,-27.632700444717127,positive_cross,toward_S1,1.8156692122811735
5,gle350,2024-03-29 22:09:33+00:00,40.289227,-88.12615,-51.14860663690745,2032.0,-13.5620436553737,rs6,23.14319604951216,28.428844713569855,5.285648664057696,2,23.14319604951216,28.428844713569855,5.285648664057696,-27.632700444717127,positive_cross,toward_S1,1.5645202557001792
5,gle350,2024-03-29 22:09:34+00:00,40.289345,-88.12615,-64.26747300110803,2033.0,-13.118866364200578,rs8,15.379736952759972,31.49232594070711,16.11258898794714,1,15.379736952759972,36.208567263169975,20.828830310410005,-78.92951005359993,positive_cross,toward_S1,1.271519204675776
5,gle350,2024-03-29 22:09:35+00:00,40.289452,-88.126149,-76.16492423856944,2034.0,-11.89745123746141,rs8,3.9535022835167917,28.12589927467534,24.17239699115855,1,3.9535022835167917,48.07915319735381,44.12565091383702,-78.92951005359993,positive_cross,toward_S1,1.0511960336116757
5,gle350,2024-03-29 22:09:36+00:00,40.289541,-88.126154,-86.0520122143907,2035.0,-9.88708797582126,rs8,7.071718519962111,28.502874597251747,21.431156077289636,1,7.071718519962111,57.98672960931168,50.91501108934957,-78.92951005359993,positive_cross,toward_S1,0.8681018118372079
5,gle350,2024-03-29 22:09:37+00:00,40.289617,-88.12617,-94.47697088154955,2036.0,-8.424958667158847,rs8,15.544542765859527,30.54328000551498,14.998737239655453,1,15.544542765859527,66.50639358709884,50.96185082123932,-78.92951005359993,positive_cross,toward_S1,0.7120840587416737
5,gle350,2024-03-29 22:09:38+00:00,40.289669,-88.126235,-100.15871344196377,2037.0,-5.6817425604142215,rs8,22.866275473863606,29.814259319344306,6.9479838454806995,1,22.866275473863606,72.82577459335843,49.95949911949482,-78.92951005359993,positive_cross,toward_S1,0.6068666039191881
5,gle350,2024-03-29 22:09:39+00:00,40.289683,-88.126319,-101.5866655099539,2038.0,-1.4279520679901339,rs10,26.71812691504776,27.8503423772628,1.13221546221504,1,26.71812691504776,75.65350485067165,48.93537793562389,-78.92951005359993,negative_cross,toward_S1,0.580423047104556
5,gle350,2024-03-29 22:09:40+00:00,40.289651,-88.126392,-97.91731370529612,2039.0,3.6693518046577793,rs10,20.806752883990452,29.541797262369904,8.735044378379452,1,20.806752883990452,71.59199301988644,50.78524013589599,-78.92951005359993,negative_cross,toward_S4,0.6483740064500705
5,gle350,2024-03-29 22:09:41+00:00,40.289589,-88.12643,-90.96620839318182,2040.0,6.951105312114308,rs10,13.227714342072957,28.599629030869046,15.371914688796089,1,13.227714342072957,64.31015947323768,51.08244513116472,-78.92951005359993,negative_cross,toward_S4,0.7770981788966317
5,gle350,2024-03-29 22:09:42+00:00,40.28951,-88.126432,-82.18017845353314,2041.0,8.786029939648671,rs10,5.487983894356657,26.352601267258095,20.86461737290144,1,5.487983894356657,55.57812624388725,50.09014234953059,-78.92951005359993,negative_cross,toward_S4,0.9398024370382737
5,gle350,2024-03-29 22:09:43+00:00,40.289423,-88.126434,-72.50473384498281,2042.0,9.675444608550336,rs10,7.032676727675626,27.13491860076129,20.102241873085664,1,7.032676727675626,45.989602558741666,38.95692583106604,-78.92951005359993,negative_cross,toward_S4,1.1189773371966134
5,gle350,2024-03-29 22:09:44+00:00,40.289321,-88.126435,-61.16316677567009,2043.0,11.341567069312717,rs10,17.65048966884684,31.90435537803797,14.253865709191128,1,17.65048966884684,34.835771395048276,17.185281726201435,-78.92951005359993,negative_cross,toward_S4,1.3290063569987005
5,gle350,2024-03-29 22:09:45+00:00,40.28921,-88.126435,-48.82253824624565,2044.0,12.340628529424443,rs7,22.942856559773897,29.83182257329023,6.888966013516331,2,22.942856559773897,29.83182257329023,6.888966013516331,-27.632700444717127,negative_cross,toward_S4,1.6075955962679904
5,gle350,2024-03-29 22:09:46+00:00,40.289101,-88.126434,-36.70579342790048,2045.0,12.116744818345168,rs7,12.22931412856545,28.301562504253756,16.072248375688304,2,12.22931412856545,41.8953255731394,29.666011444573954,-27.632700444717127,negative_cross,toward_S4,1.8319797595706786
5,gle350,2024-03-29 22:09:47+00:00,40.28899,-88.126432,-24.368224984241493,2046.0,12.337568443658988,rs7,8.321231252086777,26.887970056382702,18.566738804295923,2,8.321231252086777,52.41363894796803,44.092407695881256,-27.632700444717127,negative_cross,toward_S4,2.0604532492680674
5,gle350,2024-03-29 22:09:48+00:00,40.288876,-88.126435,-11.689475826238487,2047.0,12.678749158003006,rs7,17.247068662009234,31.35495352858896,14.107884866579727,2,17.247068662009234,40.039997348254744,22.79292868624551,-27.632700444717127,negative_cross,toward_S4,2.295244900342197
5,gle350,2024-03-29 22:09:49+00:00,40.28876,-88.126452,1.2330475994314691,2048.0,12.922523425669956,rs5,27.308501685534562,29.051079631153893,1.742577945619331,3,27.308501685534562,29.051079631153893,1.742577945619331,26.33125891160298,negative_cross,toward_S4,2.535218309033861
5,gle350,2024-03-29 22:09:50+00:00,40.288641,-88.126474,14.49675174100362,2049.0,13.263704141572152,rs5,14.507185501976979,32.84285488372562,18.335669381748644,3,14.507185501976979,41.85017867148681,27.342993169509832,26.33125891160298,negative_cross,toward_S4,2.780842459803716
5,gle350,2024-03-29 22:09:51+00:00,40.288521,-88.126494,27.8685726293341,2050.0,13.371820888330479,rs5,5.886380527923729,32.436074396267124,26.549693868343397,3,5.886380527923729,53.76975439060955,47.88337386268582,26.33125891160298,negative_cross,toward_S4,3.028468772550576
5,gle350,2024-03-29 22:09:52+00:00,40.288397,-88.126504,41.66980042375918,2051.0,13.801227794425078,rs5,15.540288865335919,36.66101299830172,21.120724132965805,3,15.540288865335919,39.96414223452189,24.42385336918597,26.33125891160298,negative_cross,toward_S4,3.2840470650399296
5,gle350,2024-03-29 22:09:53+00:00,40.288273,-88.126507,55.460317918849455,2052.0,13.790517495090278,rs2,26.259401884832286,28.904566338638848,2.6451644538065615,4,26.259401884832286,28.904566338638848,2.6451644538065615,80.2309515867141,negative_cross,toward_S4,3.5412845617062105
5,gle350,2024-03-29 22:09:54+00:00,40.288151,-88.126509,69.02695170283872,2053.0,13.56663378398926,rs2,12.987327920919796,35.13346064014201,22.146132719222216,4,12.987327920919796,42.33210882303177,29.34478090211197,80.2309515867141,negative_cross,toward_S4,3.7925185206689744
5,gle350,2024-03-29 22:09:55+00:00,40.28804,-88.126509,81.36758023147321,2054.0,12.340628528634497,rs2,3.996159589178352,33.54182534174821,29.545665752569857,4,3.996159589178352,54.623097418252605,50.62693782907425,80.2309515867141,negative_cross,toward_S4,4.02104867860665
5,gle350,2024-03-29 22:09:56+00:00,40.287943,-88.126501,92.13949274755879,2055.0,10.771912516085578,rs2,11.748035890743514,35.130144329118984,23.382108438375468,4,11.748035890743514,65.43151079306503,53.683474902321514,80.2309515867141,negative_cross,toward_S4,4.220528540015643
5,gle350,2024-03-29 22:09:57+00:00,40.287875,-88.126454,99.6276054166797,2056.0,7.488112669120909,rs2,20.283996801067,35.14428125363291,14.86028445256591,4,20.283996801067,73.36633506618433,53.08233826511733,80.2309515867141,negative_cross,toward_S4,4.359197293147512
5,gle350,2024-03-29 22:09:58+00:00,40.287833,-88.126387,104.19451955503116,2057.0,4.566914138351464,rs2,27.11872775430324,33.90087033095015,6.782142576646908,4,27.11872775430324,78.87622910834803,51.75750135404479,80.2309515867141,negative_cross,toward_S4,4.443769777191057
5,gle350,2024-03-29 22:09:59+00:00,40.28782,-88.126311,105.52353513272588,2058.0,1.3290155776947188,rs1,31.08183888276768,32.10403878924027,1.02219990647259,4,31.08183888276768,81.40462959323257,50.322790710464886,80.2309515867141,positive_cross,toward_S4,4.468381176777996
5,gle350,2024-03-29 22:10:00+00:00,40.287847,-88.126239,102.41159753908863,2059.0,-3.1119375936372506,rs1,25.513864821772778,34.411729709200564,8.897864887427787,4,25.513864821772778,77.38639316751824,51.87252834574546,80.2309515867141,positive_cross,toward_S1,4.410752702821751
5,gle350,2024-03-29 22:10:01+00:00,40.2879,-88.126189,96.44272321466217,2060.0,-5.968874324426466,rs1,18.444156953406928,34.81690638787117,16.372749434464243,4,18.444156953406928,71.0394199063283,52.595262952921374,80.2309515867141,positive_cross,toward_S1,4.30021799311015
5,gle350,2024-03-29 22:10:02+00:00,40.287974,-88.126173,88.19115684289089,2061.0,-8.251566371771275,rs1,10.366550724016998,33.31989991650259,22.953349192485597,4,10.366550724016998,62.72169201880498,52.355141294787984,80.2309515867141,positive_cross,toward_S1,4.147411208447719
5,gle350,2024-03-29 22:10:03+00:00,40.288059,-88.126165,78.72888564452688,2062.0,-9.462271198364007,rs1,4.325665848832876,33.250350857856866,28.92468500902399,4,4.325665848832876,53.243754529956234,48.91808868112336,80.2309515867141,positive_cross,toward_S1,3.97218396403357
5,gle350,2024-03-29 22:10:04+00:00,40.288159,-88.126155,67.59590185595145,2063.0,-11.13298378857543,rs1,11.999817433133268,36.51823891622061,24.518421483087344,4,11.999817433133268,42.08927094981197,30.089453516678702,80.2309515867141,positive_cross,toward_S1,3.7660175975784695
5,gle350,2024-03-29 22:10:05+00:00,40.288272,-88.126153,55.029859574155786,2064.0,-12.566042281795667,rs1,24.28243407807937,29.567090053128013,5.2846559750486435,4,24.28243407807937,29.567090053128013,5.2846559750486435,80.2309515867141,positive_cross,toward_S1,3.5333131108785496
5,gle350,2024-03-29 22:10:06+00:00,40.288394,-88.126152,41.46475583303838,2065.0,-13.565103741117404,rs3,16.151080670294164,37.76429716021357,21.61321648991941,3,16.151080670294164,37.76429716021357,21.61321648991941,26.33125891160298,positive_cross,toward_S1,3.2802499429895446
5,gle350,2024-03-29 22:10:07+00:00,40.288523,-88.126153,27.12447434209857,2066.0,-14.340281490939812,rs3,3.751458988231064,34.750587669677046,30.99912868144598,3,3.751458988231064,52.08021343969654,48.32875445146548,26.33125891160298,positive_cross,toward_S1,3.014689174638807
5,gle350,2024-03-29 22:10:08+00:00,40.288657,-88.126152,12.22524859726638,2067.0,-14.89922574483219,rs3,13.875542385879166,37.60882077377079,23.733278387891623,3,13.875542385879166,40.52488772555221,26.649345339673047,26.33125891160298,positive_cross,toward_S1,2.7387775867715445
5,gle350,2024-03-29 22:10:09+00:00,40.288791,-88.126151,-2.673977147587555,2068.0,-14.899225744853934,rs6,25.67219958429297,28.553115543915855,2.880915959622886,2,25.67219958429297,28.553115543915855,2.880915959622886,-27.632700444717127,positive_cross,toward_S1,2.462198579576474
5,gle350,2024-03-29 22:10:10+00:00,40.288923,-88.126149,-17.35237926708419,2069.0,-14.678402119496633,rs6,11.156198249471098,33.455531460129606,22.29933321065851,2,11.156198249471098,43.157680489695416,32.00148224022432,-27.632700444717127,positive_cross,toward_S1,2.1903763181043137
5,gle350,2024-03-29 22:10:11+00:00,40.289053,-88.126147,-31.808427720743282,2070.0,-14.456048453659093,rs6,4.401092126447291,32.284578018266174,27.883485891818882,2,4.401092126447291,47.73515815903287,43.33406603258558,-27.632700444717127,positive_cross,toward_S1,1.9226717171106267
5,gle350,2024-03-29 22:10:12+00:00,40.289182,-88.126145,-46.153299339530456,2071.0,-14.344871618787174,rs6,18.123884637209194,33.39504995709831,15.271165319889114,2,18.123884637209194,33.39504995709831,15.271165319889114,-27.632700444717127,positive_cross,toward_S1,1.6570259463923458
5,gle350,2024-03-29 22:10:13+00:00,40.289308,-88.126144,-60.16311041548278,2072.0,-14.009811075952321,rs8,19.40846481553852,32.0670167234211,12.658551907882579,1,19.40846481553852,32.0670167234211,12.658551907882579,-78.92951005359993,positive_cross,toward_S1,1.3475259192243918
5,gle350,2024-03-29 22:10:14+00:00,40.289415,-88.126147,-72.05444148143498,2073.0,-11.891331065952201,rs8,7.690587683248573,28.97578828552461,21.28520060227604,1,7.690587683248573,43.96073788985207,36.270150206603496,-78.92951005359993,positive_cross,toward_S1,1.1273160846697212
5,gle350,2024-03-29 22:10:15+00:00,40.289502,-88.126158,-81.70999553258594,2074.0,-9.655554051150958,rs8,3.683205903241971,27.386219044833346,23.703013141591377,1,3.683205903241971,53.67615837830567,49.9929524750637,-78.92951005359993,positive_cross,toward_S1,0.9485095281669258
5,gle350,2024-03-29 22:10:16+00:00,40.289572,-88.126194,-89.43729234077995,2075.0,-7.727296808194012,rs8,11.675984209925957,26.428145992455438,14.75216178252948,1,11.675984209925957,61.69391246818826,50.0179282582623,-78.92951005359993,positive_cross,toward_S1,0.8054114391262959
5,gle350,2024-03-29 22:10:17+00:00,40.289624,-88.126257,-95.1220949869379,2076.0,-5.684802646157948,rs8,19.448732934429973,25.00737162760247,5.558638693172497,1,19.448732934429973,68.17000899400612,48.721276059576155,-78.92951005359993,positive_cross,toward_S1,0.7001373160492969
5,gle350,2024-03-29 22:10:18+00:00,40.289644,-88.126331,-97.23240848594246,2077.0,-2.1103134990045618,rs10,22.503783936263893,25.201214873907656,2.6974309376437624,1,22.503783936263893,71.68483857024931,49.18105463398542,-78.92951005359993,negative_cross,toward_S1,0.6610574364381012
5,gle350,2024-03-29 22:10:19+00:00,40.289629,-88.126397,-95.46377315169295,2078.0,1.7686353342495096,rs10,18.374484556897368,28.39196377695636,10.017479220058991,1,18.374484556897368,69.10877521052093,50.73429065362356,-78.92951005359993,negative_cross,toward_S4,0.693809942627907
5,gle350,2024-03-29 22:10:20+00:00,40.289586,-88.126437,-90.62196759232587,2079.0,4.841805559367074,rs10,12.732565536033007,29.00556590339613,16.27300036736312,1,12.732565536033007,63.907535629622856,51.17497009358985,-78.92951005359993,negative_cross,toward_S4,0.7834730085421121
5,gle350,2024-03-29 22:10:21+00:00,40.289525,-88.126439,-83.83712065704266,2080.0,6.784846935283213,rs10,6.410884175525139,27.187140353915602,20.77625617839046,1,6.410884175525139,57.152124023652675,50.741239848127535,-78.92951005359993,negative_cross,toward_S4,0.9091183221584679
5,gle350,2024-03-29 22:10:22+00:00,40.28946,-88.126418,-76.64275737387594,2081.0,7.194363283166723,rs10,5.476418179842001,25.09490965985106,19.61849148000906,1,5.476418179842001,50.277849635243854,44.801431455401854,-78.92951005359993,negative_cross,toward_S4,1.0423472718467406
5,gle350,2024-03-29 22:10:23+00:00,40.289385,-88.126409,-68.31826524069606,2082.0,8.324492133179874,rs10,11.74491737736242,26.49974263240087,14.754825255038451,1,11.74491737736242,42.267948125491735,30.523030748129315,-78.92951005359993,negative_cross,toward_S4,1.1965045335722937
5,gle350,2024-03-29 22:10:24+00:00,40.289292,-88.126411,-57.97575963068335,2083.0,10.342505610012715,rs10,21.27398688738117,32.24260234150545,10.968615454124283,1,21.27398688738117,32.24260234150545,10.968615454124283,-78.92951005359993,negative_cross,toward_S4,1.3880324152391958
5,gle350,2024-03-29 22:10:25+00:00,40.289191,-88.126421,-46.73159900881591,2084.0,11.244160621867437,rs7,21.417744591327125,31.979190978964116,10.561446387636991,2,21.417744591327125,32.090166922498675,10.67242233117155,-27.632700444717127,negative_cross,toward_S4,1.6463166932574298
5,gle350,2024-03-29 22:10:26+00:00,40.289085,-88.126426,-34.93920443315909,2085.0,11.792394575656822,rs7,11.386697196301867,27.134071418061136,15.74737422175927,2,11.386697196301867,43.73241289157829,32.345715695276425,-27.632700444717127,negative_cross,toward_S4,1.8646943705844081
5,gle350,2024-03-29 22:10:27+00:00,40.288973,-88.126426,-22.487399070420906,2086.0,12.451805362738185,rs7,9.575591108436095,26.69132621840504,17.115735109968945,2,9.575591108436095,50.68093430691487,41.10534319847878,-27.632700444717127,negative_cross,toward_S4,2.0952833587832633
5,gle350,2024-03-29 22:10:28+00:00,40.288857,-88.126434,-9.578646030619408,2087.0,12.908753039801498,rs7,19.20173117094556,32.417909792760305,13.216178621814745,2,19.20173117094556,38.03380502695184,18.83207385600628,-27.632700444717127,negative_cross,toward_S4,2.3343343410018096
5,gle350,2024-03-29 22:10:29+00:00,40.288744,-88.126455,3.016467065828515,2088.0,12.595113096447923,rs5,25.552364408741376,30.743178428806623,5.190814020065247,3,25.552364408741376,30.743178428806623,5.190814020065247,26.33125891160298,negative_cross,toward_S4,2.568244595448621
5,gle350,2024-03-29 22:10:30+00:00,40.288628,-88.126476,15.945110662985899,2089.0,12.928643597157384,rs5,13.195954066846458,32.51794365065361,19.321989583807156,3,13.195954066846458,43.27243593674533,30.076481869898874,26.33125891160298,negative_cross,toward_S4,2.8076639213219057
5,gle350,2024-03-29 22:10:31+00:00,40.28851,-88.126495,29.09304784183877,2090.0,13.147937178852873,rs5,6.119938389840483,32.6064782514747,26.486539861634213,3,6.119938389840483,52.54385089802253,46.42391250818204,26.33125891160298,negative_cross,toward_S4,3.051144239448811
5,gle350,2024-03-29 22:10:32+00:00,40.288389,-88.126505,42.56074513551089,2091.0,13.46769729367212,rs5,16.36046123471512,37.12119866126821,20.76073742655309,3,16.36046123471512,39.07040946412129,22.70994822940617,26.33125891160298,negative_cross,toward_S4,3.30054604118348
5,gle350,2024-03-29 22:10:33+00:00,40.288269,-88.126507,55.905025252894404,2092.0,13.344280117383512,rs2,25.820227153948405,29.343617813647548,3.5233906596991424,4,25.820227153948405,29.343617813647548,3.5233906596991424,80.2309515867141,negative_cross,toward_S4,3.5495198827070427
5,gle350,2024-03-29 22:10:34+00:00,40.288149,-88.12651,69.25083541312803,2093.0,13.345810160233626,rs2,12.749567445680604,35.148040330177395,22.39847288449679,4,12.749567445680604,42.544319130629795,29.79475168494919,80.2309515867141,negative_cross,toward_S4,3.7966645153039615
5,gle350,2024-03-29 22:10:35+00:00,40.288034,-88.126508,82.03311119006378,2094.0,12.782275776935748,rs2,4.133413713030547,33.498560421119464,29.36514670808892,4,4.133413713030547,55.29520536408823,51.16179165105768,80.2309515867141,negative_cross,toward_S4,4.033373325987957
5,gle350,2024-03-29 22:10:36+00:00,40.287945,-88.126499,91.91407899437587,2095.0,9.880967804312093,rs2,11.614045642359944,34.89256100263882,23.278515360278877,4,11.614045642359944,65.22356612108166,53.60952047872172,80.2309515867141,negative_cross,toward_S4,4.2163542112529955
5,gle350,2024-03-29 22:10:37+00:00,40.28788,-88.126467,99.09161180593041,2096.0,7.177532811554542,rs2,19.325034543944852,35.74756706087397,16.422532516929117,4,19.325034543944852,72.68342557619653,53.358391032251674,80.2309515867141,negative_cross,toward_S4,4.349271485541043
5,gle350,2024-03-29 22:10:38+00:00,40.287836,-88.126408,103.89311995469592,2097.0,4.801508148765507,rs2,25.927367274256895,34.90704518916124,8.979677914904343,4,25.927367274256895,78.23038665334072,52.30301937908382,80.2309515867141,negative_cross,toward_S4,4.438188303110774
5,gle350,2024-03-29 22:10:39+00:00,40.287819,-88.126333,105.66837291009742,2098.0,1.7752529554014984,rs2,31.015724606402216,32.21400636143252,1.198281755030301,4,31.015724606402216,81.37901934228816,50.363294735885944,80.2309515867141,negative_cross,toward_S4,4.471063357840432
5,gle350,2024-03-29 22:10:40+00:00,40.287833,-88.126265,104.00785432420793,2099.0,-1.6605185858894913,rs1,27.879321281032997,33.7576756120811,5.878354331048104,4,27.879321281032997,79.25954553262152,51.380224251588515,80.2309515867141,positive_cross,toward_S1,4.440313013657293
5,gle350,2024-03-29 22:10:41+00:00,40.287869,-88.126218,99.93357629947052,2100.0,-4.07427802473741,rs1,22.556256949257588,34.412170456944274,11.855913507686687,4,22.556256949257588,74.72905532882167,52.172798379564085,80.2309515867141,positive_cross,toward_S1,4.3648634206066
5,gle350,2024-03-29 22:10:42+00:00,40.287919,-88.126191,94.33342346193668,2101.0,-5.600152837533841,rs1,16.542052622640696,33.76940879826455,17.227356175623854,4,16.542052622640696,68.95154675203287,52.40949412939217,80.2309515867141,positive_cross,toward_S1,4.2611568865781955
5,gle350,2024-03-29 22:10:43+00:00,40.287983,-88.126178,87.1982155550783,2102.0,-7.135207906858369,rs1,9.730718404092476,32.697789112706175,22.967070708613697,4,9.730718404092476,61.761001146538824,52.030282742446346,80.2309515867141,positive_cross,toward_S1,4.12902340682156
5,gle350,2024-03-29 22:10:44+00:00,40.288056,-88.126169,79.06853631676725,2103.0,-8.129679238311056,rs1,4.649560196037495,32.891823692109426,28.24226349607193,4,4.649560196037495,53.605701048209696,48.9561408521722,80.2309515867141,positive_cross,toward_S1,3.9784737912972807
5,gle350,2024-03-29 22:10:45+00:00,40.288146,-88.126158,69.0457908216173,2104.0,-10.022745495149948,rs1,10.709178503837213,35.77855146797587,25.06937296413866,4,10.709178503837213,43.55197233491489,32.84279383107768,80.2309515867141,positive_cross,toward_S1,3.7928673932389483
5,gle350,2024-03-29 22:10:46+00:00,40.288244,-88.126151,58.139750829074885,2105.0,-10.906039992542418,rs1,21.175368429785696,32.64449756276204,11.469129132976345,4,21.175368429785696,32.64449756276204,11.469129132976345,80.2309515867141,positive_cross,toward_S1,3.5909036896733477
5,gle350,2024-03-29 22:10:47+00:00,40.288344,-88.126151,47.02206746926151,2106.0,-11.117683359813377,rs3,21.607691219457216,32.218198855618446,10.61050763616123,3,21.607691219457216,32.218198855618446,10.61050763616123,26.33125891160298,positive_cross,toward_S1,3.383163121438121
5,gle350,2024-03-29 22:10:48+00:00,40.288449,-88.126152,35.35002998498303,2107.0,-11.672037484278476,rs3,10.248945461547683,35.9579012892097,25.708955827662017,3,10.248945461547683,43.86272303630602,33.61377757475834,26.33125891160298,positive_cross,toward_S1,3.1670142791366676
5,gle350,2024-03-29 22:10:49+00:00,40.288553,-88.12615,23.784579205359247,2108.0,-11.565450779623784,rs3,3.7229853871199268,35.09611905633489,31.373133669214965,3,3.7229853871199268,52.05981837685593,48.336832989736,26.33125891160298,positive_cross,toward_S1,2.95283926469919
5,gle350,2024-03-29 22:10:50+00:00,40.28866,-88.12615,11.888658010769715,2109.0,-11.895921194589532,rs3,14.160028113400838,37.89267276275881,23.73264464935797,3,14.160028113400838,40.18011687531875,26.020088761917915,26.33125891160298,positive_cross,toward_S1,2.732544427762347
5,gle350,2024-03-29 22:10:51+00:00,40.288774,-88.126149,-0.7870310614678326,2110.0,-12.675689072237548,rs3,26.65535895725149,27.535348668602722,0.8799897113512323,3,26.65535895725149,27.535348668602722,0.8799897113512323,26.33125891160298,positive_cross,toward_S1,2.497809444943133
5,gle350,2024-03-29 22:10:52+00:00,40.288887,-88.126147,-13.353073344053447,2111.0,-12.566042282585615,rs6,15.045800204406225,35.04790845793952,20.002108253533294,2,15.045800204406225,39.15193367025634,24.106133465850114,-27.632700444717127,positive_cross,toward_S1,2.2644375389011793
5,gle350,2024-03-29 22:10:53+00:00,40.289004,-88.126148,-26.359232831278486,2112.0,-13.00615948722504,rs6,3.1590719255346915,31.95100300906374,28.79193108352905,2,3.1590719255346915,52.14246932568597,48.98339740015128,-27.632700444717127,positive_cross,toward_S1,2.023582733582197
5,gle350,2024-03-29 22:10:54+00:00,40.289118,-88.126149,-39.03186181856228,2113.0,-12.67262898728379,rs6,11.17780030160407,33.82837056388326,22.650570262279192,2,11.17780030160407,40.521486866955634,29.343686565351565,-27.632700444717127,positive_cross,toward_S1,1.7889044190028676
5,gle350,2024-03-29 22:10:55+00:00,40.289233,-88.126149,-51.817197682031676,2114.0,-12.785335863469399,rs6,23.796314143157012,27.756895123825387,3.960580980668375,2,23.796314143157012,27.756895123825387,3.960580980668375,-27.632700444717127,positive_cross,toward_S1,1.5521389400497305
5,gle350,2024-03-29 22:10:56+00:00,40.289342,-88.126149,-63.9354725432487,2115.0,-12.118274861217024,rs8,15.698061895099425,31.723064731011934,16.02500283591251,1,15.698061895099425,35.86945909325373,20.171397198154306,-78.92951005359993,positive_cross,toward_S1,1.2776673613028005
5,gle350,2024-03-29 22:10:57+00:00,40.289439,-88.126148,-74.72115544520273,2116.0,-10.785682901954026,rs8,5.191121699267684,28.38427308405444,23.193151384786756,1,5.191121699267684,46.63073129476824,41.439609595500556,-78.92951005359993,positive_cross,toward_S1,1.0779324927480962
5,gle350,2024-03-29 22:10:58+00:00,40.289522,-88.126153,-83.94118241877163,2117.0,-9.220026973568906,rs8,5.119992062401478,28.12571811235339,23.00572604995191,1,5.119992062401478,55.871916750875776,50.7519246884743,-78.92951005359993,positive_cross,toward_S1,0.9071912524968203
5,gle350,2024-03-29 22:10:59+00:00,40.289591,-88.12618,-91.57107277952039,2118.0,-7.62989036074876,rs8,13.054513996563724,28.405076838170572,15.350562841606848,1,13.054513996563724,63.686180928070726,50.631666931507,-78.92951005359993,positive_cross,toward_S1,0.7658969865570284
5,gle350,2024-03-29 22:11:01+00:00,40.289645,-88.126233,-97.4935295210679,2120.0,-2.9612283707737532,rs8,20.38750117828872,28.08063269487587,7.693131516587151,1,20.38750117828872,70.15849685470084,49.77099567641213,-78.92951005359993,positive_cross,toward_S1,0.656221861713556
5,gle350,2024-03-29 22:11:02+00:00,40.289666,-88.126307,-99.7150198533862,2121.0,-2.2214903323182966,rs10,25.672630148247766,25.726784888988956,0.054154740741189755,1,25.672630148247766,73.58373415615846,47.911104007910694,-78.92951005359993,negative_cross,toward_S1,0.6150831518558099
5,gle350,2024-03-29 22:11:03+00:00,40.289654,-88.126382,-98.26614463476767,2122.0,1.4488752186185252,rs10,21.43033694525577,29.111313922213956,7.680976976958185,1,21.43033694525577,72.05884861661103,50.628511671355255,-78.92951005359993,negative_cross,toward_S4,0.6419141744228196
5,gle350,2024-03-29 22:11:04+00:00,40.289611,-88.126435,-93.40444851802292,2123.0,4.861696116744753,rs10,15.461845121347844,30.07514439654596,14.613299275198115,1,15.461845121347844,66.68929885981208,51.22745373846424,-78.92951005359993,negative_cross,toward_S4,0.7319455839921669
5,gle350,2024-03-29 22:11:05+00:00,40.289547,-88.126446,-86.27230069614006,2124.0,7.132147821882853,rs10,8.368211772929568,28.298062636537814,19.929850863608245,1,8.368211772929568,59.51099257095124,51.14278079802167,-78.92951005359993,negative_cross,toward_S4,0.864022395508516
5,gle350,2024-03-29 22:11:06+00:00,40.289479,-88.12643,-78.7367566978611,2125.0,7.535543998278968,rs10,4.169753541823851,25.99745909894439,21.827705557120538,1,4.169753541823851,52.192511622185314,48.02275808036146,-78.92951005359993,negative_cross,toward_S4,1.0035695065877561
5,gle350,2024-03-29 22:11:07+00:00,40.289314,-88.126422,-60.404819497481604,2126.0,18.331937200379492,rs10,18.667089701309823,31.45284619134215,12.785756490032327,1,18.667089701309823,34.338314534775364,15.67122483346554,-78.92951005359993,negative_cross,toward_S4,1.3430498251133023
5,gle350,2024-03-29 22:11:08+00:00,40.289217,-88.126431,-49.60689625332094,2127.0,10.797923244160664,rs7,23.78991678766232,29.10506361589439,5.31514682823207,2,23.78991678766232,29.10506361589439,5.31514682823207,-27.632700444717127,negative_cross,toward_S4,1.5930704479888183
5,gle350,2024-03-29 22:11:09+00:00,40.289118,-88.126435,-38.5942695561021,2128.0,11.012626697218842,rs7,13.707155062096827,29.034774445971404,15.327619383874577,2,13.707155062096827,40.004710198348725,26.297555136251898,-27.632700444717127,negative_cross,toward_S4,1.7970079794187968
5,gle350,2024-03-29 22:11:10+00:00,40.289012,-88.126433,-26.812585280570026,2129.0,11.781684275532072,rs7,7.75482083805234,26.77566113818771,19.020840300135372,2,7.75482083805234,51.767469126205754,44.012648288153414,-27.632700444717127,negative_cross,toward_S4,2.015187317854576
5,gle350,2024-03-29 22:11:11+00:00,40.2889,-88.126437,-14.354659746344407,2130.0,12.45792553422562,rs7,14.809636652995348,30.22711530235789,15.417478649362543,2,14.809636652995348,42.57350926328935,27.763872610294005,-27.632700444717127,negative_cross,toward_S4,2.245889642562458
5,gle350,2024-03-29 22:11:12+00:00,40.288785,-88.126448,-1.552493411241089,2131.0,12.802166335103317,rs7,26.42075519154595,30.043399994473774,3.622644802927823,2,26.42075519154595,30.043399994473774,3.622644802927823,-27.632700444717127,negative_cross,toward_S4,2.482966796916223
5,gle350,2024-03-29 22:11:13+00:00,40.288668,-88.126464,11.479676804870756,2132.0,13.032170216111846,rs5,17.53546145791727,33.263331539504904,15.727870081587636,3,17.53546145791727,38.966219642953696,21.430758185036428,26.33125891160298,negative_cross,toward_S4,2.724970701727181
5,gle350,2024-03-29 22:11:14+00:00,40.288548,-88.126481,24.846907565375624,2133.0,13.367230760504867,rs5,7.217571343439779,31.318623807035067,24.101052463595288,3,7.217571343439779,52.105737612737826,44.88816626929805,26.33125891160298,negative_cross,toward_S4,2.972512012106901
5,gle350,2024-03-29 22:11:15+00:00,40.288426,-88.126499,38.438022035379845,2134.0,13.591114470004221,rs5,12.700163827929867,35.02389116662354,22.323727338693676,3,12.700163827929867,43.216884893678035,30.51672106574817,26.33125891160298,negative_cross,toward_S4,3.224199317106979
5,gle350,2024-03-29 22:11:16+00:00,40.288303,-88.126504,52.12042278211014,2135.0,13.682400746730295,rs5,25.666123537343083,29.59562111388419,3.929497576541106,3,25.666123537343083,29.59562111388419,3.929497576541106,26.33125891160298,negative_cross,toward_S4,3.4775771087130956
5,gle350,2024-03-29 22:11:17+00:00,40.288188,-88.126503,64.90422860270769,2136.0,12.78380582059755,rs2,17.077590573133833,36.120580868932116,19.042990295798283,4,17.077590573133833,38.306762856422786,21.229172283288953,80.2309515867141,negative_cross,toward_S4,3.716171796592474
5,gle350,2024-03-29 22:11:18+00:00,40.288083,-88.126504,76.57932617275162,2137.0,11.675097570043931,rs2,6.520785835632253,33.21121116041919,26.690425324786936,4,6.520785835632253,49.89889990877647,43.37811407314422,80.2309515867141,negative_cross,toward_S4,3.932377307148843
5,gle350,2024-03-29 22:11:19+00:00,40.287981,-88.126502,87.91630311344879,2138.0,11.33697694069717,rs2,7.99920124960635,33.935289603884925,25.936088354278574,4,7.99920124960635,61.21212514582879,53.21292389622244,80.2309515867141,negative_cross,toward_S4,4.142321324569161
5,gle350,2024-03-29 22:11:20+00:00,40.28791,-88.126484,95.78231752750519,2139.0,7.866014414056394,rs2,15.68993694835652,35.313336502080105,19.623399553723587,4,15.68993694835652,69.214783206615,53.52484625825848,80.2309515867141,negative_cross,toward_S4,4.287988258162798
5,gle350,2024-03-29 22:11:21+00:00,40.287856,-88.126436,101.71242448341195,2140.0,5.930106955906766,rs2,22.852105346997558,35.19673472222075,12.344629375223189,4,22.852105346997558,75.6648806700036,52.812775323006036,80.2309515867141,negative_cross,toward_S4,4.397805053642553
5,gle350,2024-03-29 22:11:22+00:00,40.287823,-88.126365,105.27262694729241,2141.0,3.560202463880458,rs2,29.06714237748455,33.50652281974264,4.439380442258091,4,29.06714237748455,80.33725524757857,51.27011287009402,80.2309515867141,negative_cross,toward_S4,4.463734728899598
5,gle350,2024-03-29 22:11:23+00:00,40.287827,-88.126286,104.70704622604455,2142.0,-0.565580721247855,rs1,29.317740772223825,32.95308508904955,3.6353443168257265,4,29.317740772223825,80.22628291670276,50.90854214447893,80.2309515867141,positive_cross,toward_S1,4.453261011839453
5,gle350,2024-03-29 22:11:24+00:00,40.287862,-88.126224,100.7209943922895,2143.0,-3.986051833755056,rs1,23.47237990394347,34.43046243312172,10.958082529178249,4,23.47237990394347,75.56427323235948,52.09189332841601,80.2309515867141,positive_cross,toward_S1,4.379445237140285
5,gle350,2024-03-29 22:11:25+00:00,40.287917,-88.126188,94.55118700071684,2144.0,-6.169807391572661,rs1,16.64936461092216,34.09162709236772,17.442262481445564,4,16.64936461092216,69.1488179120914,52.49945330116924,80.2309515867141,positive_cross,toward_S1,4.265189544703754
5,gle350,2024-03-29 22:11:26+00:00,40.287981,-88.126169,87.40679883583735,2145.0,-7.144388164879487,rs1,9.5210442701563,33.490075147988726,23.969030877832424,4,9.5210442701563,61.918440850266336,52.39739658011003,80.2309515867141,positive_cross,toward_S1,4.132886060168949
5,gle350,2024-03-29 22:11:27+00:00,40.288058,-88.126159,78.83088222058774,2146.0,-8.57591661524961,rs1,3.8096014417696487,33.75157259324158,29.941971151471936,4,3.8096014417696487,53.314258992369204,49.50465755059955,80.2309515867141,positive_cross,toward_S1,3.9740727895161787
5,gle350,2024-03-29 22:11:28+00:00,40.288148,-88.12615,68.81119681118147,2147.0,-10.019685409406264,rs1,10.706097429535152,36.49269252051531,25.78659509098016,4,10.706097429535152,43.27482241917638,32.568724989641225,80.2309515867141,positive_cross,toward_S1,3.7885230597123587
5,gle350,2024-03-29 22:11:29+00:00,40.288253,-88.126146,57.13150911252198,2148.0,-11.679687698659492,rs1,22.110190308564075,31.607415697852108,9.497225389288033,4,22.110190308564075,31.607415697852108,9.497225389288033,80.2309515867141,positive_cross,toward_S1,3.57223254677422
5,gle350,2024-03-29 22:11:30+00:00,40.288362,-88.126144,45.010174164749536,2149.0,-12.121334947772446,rs3,19.54054129938367,34.1623179075023,14.62177660811863,3,19.54054129938367,34.1623179075023,14.62177660811863,26.33125891160298,positive_cross,toward_S1,3.3459058380212325
5,gle350,2024-03-29 22:11:31+00:00,40.288477,-88.126142,32.22177821553642,2150.0,-12.788395949213118,rs3,7.032562677934424,36.149512116053245,29.116949438118823,3,7.032562677934424,46.918981141339735,39.88641846340531,26.33125891160298,positive_cross,toward_S1,3.1090836908135824
5,gle350,2024-03-29 22:11:32+00:00,40.288595,-88.12614,19.099851765592106,2151.0,-13.121926449944311,rs3,6.973354666000044,36.58129276268213,29.607938096682087,3,6.973354666000044,47.3538380535054,40.38048338750536,26.33125891160298,positive_cross,toward_S1,2.8660850528516506
5,gle350,2024-03-29 22:11:33+00:00,40.288716,-88.126139,5.6459248577666985,2152.0,-13.453926907825409,rs3,20.149447619552475,33.90594647502091,13.756498855468436,3,20.149447619552475,33.90594647502091,13.756498855468436,26.33125891160298,positive_cross,toward_S1,2.616938258262291
5,gle350,2024-03-29 22:11:34+00:00,40.288839,-88.126139,-8.028825674582565,2153.0,-13.674750532349265,rs6,20.257986224314426,33.77819931568009,13.520213091365665,2,20.257986224314426,33.77819931568009,13.520213091365665,-27.632700444717127,positive_cross,toward_S1,2.363034717965455
5,gle350,2024-03-29 22:11:35+00:00,40.288965,-88.12614,-22.03557666397947,2154.0,-14.006750989396904,rs6,6.448356505970627,33.081536190256294,26.63317968428567,2,6.448356505970627,47.77435968300607,41.32600317703544,-27.632700444717127,positive_cross,toward_S1,2.1036504403840306
5,gle350,2024-03-29 22:11:36+00:00,40.289093,-88.12614,-36.2662113644774,2155.0,-14.23063470049793,rs6,8.295658339793569,33.73091525899977,25.435256919206203,2,8.295658339793569,43.26718074345351,34.97152240365994,-27.632700444717127,positive_cross,toward_S1,1.8401201681525876
5,gle350,2024-03-29 22:11:37+00:00,40.289221,-88.12614,-50.49684606418536,2156.0,-14.230634699707963,rs6,22.39279633733253,29.041181727623563,6.648385390291033,2,22.39279633733253,29.041181727623563,6.648385390291033,-27.632700444717127,positive_cross,toward_S1,1.5765898959357734
5,gle350,2024-03-29 22:11:38+00:00,40.289344,-88.12614,-64.17159659653463,2157.0,-13.674750532349265,rs8,15.390017728464434,32.29716071968225,16.907142991217817,1,15.390017728464434,36.04298318003749,20.652965451573053,-78.92951005359993,positive_cross,toward_S1,1.2732946936493574
5,gle350,2024-03-29 22:11:39+00:00,40.289449,-88.126141,-75.84363408083486,2158.0,-11.672037484300233,rs8,3.9355884976923816,28.834588683577344,24.89900018588496,1,3.9355884976923816,47.71293218752735,43.77734368983497,-78.92951005359993,positive_cross,toward_S1,1.0571458513475012
5,gle350,2024-03-29 22:11:40+00:00,40.289537,-88.12615,-85.61342505185492,2159.0,-9.769790971020058,rs8,6.535493430879989,28.723145014332044,22.187651583452055,1,6.535493430879989,57.525245043936884,50.989751613056896,-78.92951005359993,positive_cross,toward_S1,0.8762237963286112
5,gle350,2024-03-29 22:11:41+00:00,40.289607,-88.126186,-93.34072185923726,2160.0,-7.727296807382345,rs8,14.897935939500906,28.808579250586533,13.910643311085627,1,14.897935939500906,65.50294546654034,50.605009527039435,-78.92951005359993,positive_cross,toward_S1,0.7331257073030123
5,gle350,2024-03-29 22:11:42+00:00,40.289654,-88.126241,-98.48188068026491,2161.0,-5.141158821027645,rs8,21.588295865452185,28.271256402397096,6.682960536944911,1,21.588295865452185,71.24644710200158,49.6581512365494,-78.92951005359993,positive_cross,toward_S1,0.6379190624691671
5,gle350,2024-03-29 22:11:43+00:00,40.289676,-88.126313,-100.8176079324306,2162.0,-2.3357272521656967,rs10,26.319372887186304,26.921761380892896,0.6023884937065915,1,26.319372887186304,74.78074909313555,48.46137620594925,-78.92951005359993,negative_cross,toward_S1,0.5946648540957282
5,gle350,2024-03-29 22:11:44+00:00,40.289665,-88.126387,-99.48143959001943,2163.0,1.3361683424111703,rs10,22.41367436741808,30.242566774654698,7.828892407236619,1,22.41367436741808,73.19662261385012,50.78294824643204,-78.92951005359993,negative_cross,toward_S4,0.6194087122885277
5,gle350,2024-03-29 22:11:45+00:00,40.289625,-88.126442,-94.95021388824046,2164.0,4.531225701778979,rs10,16.856480812924797,31.359641677383205,14.503160864458408,1,16.856480812924797,68.17322926715899,51.31674845423419,-78.92951005359993,negative_cross,toward_S4,0.7033202993585088
5,gle350,2024-03-29 22:11:46+00:00,40.289558,-88.126452,-87.48606560849822,2165.0,7.464148279742233,rs10,9.393045794258411,29.122670177538065,19.729624383279656,1,9.393045794258411,60.673411734161,51.28036593990259,-78.92951005359993,negative_cross,toward_S4,0.8415452675018834
5,gle350,2024-03-29 22:11:47+00:00,40.289495,-88.126428,-80.51864612136454,2166.0,6.967419487133682,rs10,4.810569925039846,25.867605693902224,21.057035768862377,1,4.810569925039846,53.97721328459852,49.16664335955868,-78.92951005359993,negative_cross,toward_S4,0.9705715543006553
5,gle350,2024-03-29 22:11:48+00:00,40.28943,-88.12641,-73.31969270956051,2167.0,7.198953411804027,rs10,7.782166332637254,24.97248498258849,17.190318649951237,1,7.782166332637254,47.13394514738795,39.351778814750695,-78.92951005359993,negative_cross,toward_S4,1.1038855063711002
5,gle350,2024-03-29 22:11:49+00:00,40.289353,-88.126408,-64.76213660804848,2168.0,8.557556101512034,rs10,14.958471791038676,28.061468197700638,13.102996406661962,1,14.958471791038676,38.83555029435713,23.87707850331845,-78.92951005359993,negative_cross,toward_S4,1.262358767510212
5,gle350,2024-03-29 22:11:50+00:00,40.289264,-88.126418,-54.85209798987406,2169.0,9.910038618174418,rs10,24.15211814690688,29.095079500973327,4.942961354066448,1,24.15211814690688,29.095079500973327,4.942961354066448,-78.92951005359993,negative_cross,toward_S4,1.4458780011801087
5,gle350,2024-03-29 22:11:51+00:00,40.289171,-88.126431,-44.492761908249165,2170.0,10.359336081624896,rs7,19.04129918652436,31.42601515670449,12.384715970180132,2,19.04129918652436,34.178641632961536,15.137342446437177,-27.632700444717127,negative_cross,toward_S4,1.6877766395642215
5,gle350,2024-03-29 22:11:52+00:00,40.289075,-88.126434,-33.815195753843426,2171.0,10.677566154405739,rs7,10.138426249774557,27.52255667899066,17.384130429216103,2,10.138426249774557,44.77595309543683,34.63752684566228,-27.632700444717127,negative_cross,toward_S4,1.8855093461272907
5,gle350,2024-03-29 22:11:53+00:00,40.288973,-88.126434,-22.475158727402558,2172.0,11.340037026440868,rs7,8.990616967175546,27.357023439638414,18.36640647246287,2,8.990616967175546,50.53015592210929,41.53953895493374,-27.632700444717127,negative_cross,toward_S4,2.095510031802122
5,gle350,2024-03-29 22:11:54+00:00,40.288866,-88.126438,-10.573117361325592,2173.0,11.902041366076967,rs7,18.148633568190533,32.15387773223005,14.005244164039517,2,18.148633568190533,38.900369503083596,20.751735934893063,-27.632700444717127,negative_cross,toward_S4,2.3159182052479914
5,gle350,2024-03-29 22:11:55+00:00,40.288756,-88.126453,1.6792849771382388,2174.0,12.252402338463831,rs5,26.861608314233468,29.468570331240173,2.6069620170067047,3,26.861608314233468,29.468570331240173,2.6069620170067047,26.33125891160298,negative_cross,toward_S4,2.543481964176579
5,gle350,2024-03-29 22:11:56+00:00,40.288644,-88.126475,14.164751283144271,2175.0,12.485466306006032,rs5,14.750819684716967,33.04200758155557,18.291187896838608,3,14.750819684716967,41.50961792760931,26.758798242892347,26.33125891160298,negative_cross,toward_S4,2.7746943031766906
5,gle350,2024-03-29 22:11:57+00:00,40.288534,-88.126495,26.424803835989138,2176.0,12.260052552844867,rs5,5.749725971245068,32.47873975835419,26.729013787109118,3,5.749725971245068,53.59092579491805,47.84119982367298,26.33125891160298,negative_cross,toward_S4,3.0017323134145584
5,gle350,2024-03-29 22:11:58+00:00,40.28842,-88.126506,39.115793336988744,2177.0,12.690989500999606,rs5,13.078348442265037,35.81594511228144,22.7375966700164,3,13.078348442265037,42.49028241924577,29.411933976980734,26.33125891160298,negative_cross,toward_S4,3.2367506375071438
5,gle350,2024-03-29 22:11:59+00:00,40.288303,-88.126507,52.12501291074746,2178.0,13.009219573758713,rs5,25.61811949712846,29.55867623502116,3.940556737892699,3,25.61811949712846,29.55867623502116,3.940556737892699,26.33125891160298,negative_cross,toward_S4,3.477662111095268
5,gle350,2024-03-29 22:12:00+00:00,40.288189,-88.126506,64.79764189724128,2179.0,12.67262898649382,rs2,17.119935947869706,36.398344876657305,19.2784089287876,4,17.119935947869706,38.16370373556642,21.043767787696716,80.2309515867141,negative_cross,toward_S4,3.7141979687134663
5,gle350,2024-03-29 22:12:01+00:00,40.28808,-88.126506,76.91591675924828,2180.0,12.118274862006999,rs2,6.161282753112603,33.35149418260867,27.190211429496067,4,6.161282753112603,50.21445216985913,44.05316941674653,80.2309515867141,negative_cross,toward_S4,3.9386104661580403
5,gle350,2024-03-29 22:12:02+00:00,40.28798,-88.126494,88.01523960453413,2181.0,11.099322845285855,rs2,8.494035502571668,33.305556878172084,24.811521375600414,4,8.494035502571668,61.3835014977625,52.88946599519083,80.2309515867141,negative_cross,toward_S4,4.1441534818114825
5,gle350,2024-03-29 22:12:03+00:00,40.28791,-88.12648,95.776197355996,2182.0,7.7609577514618735,rs2,15.825339974880153,35.012153715850715,19.186813740970564,4,15.825339974880153,69.2482635684407,53.422923593560554,80.2309515867141,negative_cross,toward_S4,4.287874921653368
5,gle350,2024-03-29 22:12:04+00:00,40.287857,-88.126421,101.57829700616517,2183.0,5.802099650169168,rs2,23.350305341519057,34.14684194369486,10.796536602175802,4,23.350305341519057,75.74604020410837,52.39573486258931,80.2309515867141,negative_cross,toward_S4,4.395321211471316
5,gle350,2024-03-29 22:12:05+00:00,40.287833,-88.126344,104.12872771138909,2184.0,2.550430705223917,rs2,29.213357740369847,31.522953202597105,2.309595462227257,4,29.213357740369847,79.64556210515525,50.432204364785406,80.2309515867141,negative_cross,toward_S4,4.442551409716204
5,gle350,2024-03-29 22:12:06+00:00,40.287837,-88.12627,103.57079720375404,2185.0,-0.5579305076350494,rs1,27.68481662026297,33.14403012772574,5.459213507462771,4,27.68481662026297,78.89154887580726,51.20673225554429,80.2309515867141,positive_cross,toward_S1,4.432219363278517
5,gle350,2024-03-29 22:12:07+00:00,40.287871,-88.126204,99.68980203180355,2186.0,-3.880995171950488,rs1,21.910831447855497,35.289481565968686,13.378650118113189,4,21.910831447855497,74.37446338122652,52.46363193337102,80.2309515867141,positive_cross,toward_S1,4.360349082316471
5,gle350,2024-03-29 22:12:08+00:00,40.287929,-88.126168,93.18646414028962,2187.0,-6.503337891513937,rs1,14.813193049684354,35.16247792739748,20.349284877713128,4,14.813193049684354,67.68017567533397,52.86698262564961,80.2309515867141,positive_cross,toward_S1,4.239916899140288
5,gle350,2024-03-29 22:12:09+00:00,40.287999,-88.126162,85.3949055313036,2188.0,-7.7915586089860085,rs1,7.497982053978236,33.74500267971502,26.247020625736788,4,7.497982053978236,59.87780546253941,52.37982340856118,80.2309515867141,positive_cross,toward_S1,4.095628776751657
5,gle350,2024-03-29 22:12:10+00:00,40.288079,-88.126157,76.49310862893564,2189.0,-8.901796902367963,rs1,4.461243935300522,34.13929625282762,29.678052317527097,4,4.461243935300522,50.97235520835668,46.51111127305616,80.2309515867141,positive_cross,toward_S1,3.9307806859670658
5,gle350,2024-03-29 22:12:11+00:00,40.288171,-88.12615,66.25412963864561,2190.0,-10.238978990290036,rs1,13.17918809477284,37.41360906868061,24.234420973907767,4,13.17918809477284,40.72409261925005,27.54490452447721,80.2309515867141,positive_cross,toward_S1,3.7411699639246576
5,gle350,2024-03-29 22:12:12+00:00,40.288271,-88.126145,55.128796064451194,2191.0,-11.125333574194414,rs1,24.0891896129298,29.606060452450212,5.516870839520411,4,24.0891896129298,29.606060452450212,5.516870839520411,80.2309515867141,positive_cross,toward_S1,3.5351452681062425
5,gle350,2024-03-29 22:12:13+00:00,40.288374,-88.126144,43.676052161824714,2192.0,-11.45274390262648,rs3,18.21954100090571,35.49351104130935,17.273970040403636,3,18.21954100090571,35.49351104130935,17.273970040403636,26.33125891160298,positive_cross,toward_S1,3.321199875004106
5,gle350,2024-03-29 22:12:14+00:00,40.288484,-88.126144,31.44660046650398,2193.0,-12.229451695320734,rs3,6.3821060267585015,35.8641719494496,29.4820659226911,3,6.3821060267585015,47.70528943871986,41.32318341196136,26.33125891160298,positive_cross,toward_S1,3.0947285473129815
5,gle350,2024-03-29 22:12:15+00:00,40.288599,-88.12614,18.655144431547154,2194.0,-12.791456034956827,rs3,7.393569436573484,36.67262334207039,29.2790539054969,3,7.393569436573484,46.909294529849895,39.51572509327641,26.33125891160298,positive_cross,toward_S1,2.857849731850818
5,gle350,2024-03-29 22:12:16+00:00,40.288715,-88.126134,5.7494514766994165,2195.0,-12.905692954847737,rs3,19.995243035043526,33.99701084430417,14.001767809260645,3,19.995243035043526,33.99701084430417,14.001767809260645,26.33125891160298,positive_cross,toward_S1,2.6188554178721564
5,gle350,2024-03-29 22:12:17+00:00,40.288839,-88.126132,-8.039535974707311,2196.0,-13.788987451406728,rs6,20.213414250397655,33.74342382794644,13.530009577548782,2,20.213414250397655,33.74342382794644,13.530009577548782,-27.632700444717127,positive_cross,toward_S1,2.3628363790742557
5,gle350,2024-03-29 22:12:18+00:00,40.288969,-88.126135,-22.487934213195413,2197.0,-14.448398238488101,rs6,5.904559797808782,33.42829069024943,27.523730892440653,2,5.904559797808782,48.1998392851768,42.29527948736802,-27.632700444717127,positive_cross,toward_S1,2.095273448731884
5,gle350,2024-03-29 22:12:19+00:00,40.289097,-88.126144,-36.70479852703492,2198.0,-14.216864313839505,rs6,8.809440296476787,33.520849772360705,24.71140947588392,2,8.809440296476787,42.83487781197536,34.025437515498574,-27.632700444717127,positive_cross,toward_S1,1.8319981836607817
5,gle350,2024-03-29 22:12:20+00:00,40.289228,-88.126147,-51.26437359962673,2199.0,-14.559575072591812,rs6,23.22492542756076,28.29897098117757,5.074045553616809,2,23.22492542756076,28.29897098117757,5.074045553616809,-27.632700444717127,positive_cross,toward_S1,1.5623764230572297
5,gle350,2024-03-29 22:12:21+00:00,40.289357,-88.126148,-65.60465509056652,2200.0,-14.340281490939795,rs8,14.034564117675359,31.050353702609428,17.01578958493407,1,14.034564117675359,37.52752431637945,23.49296019870409,-78.92951005359993,positive_cross,toward_S1,1.2467565733895074
5,gle350,2024-03-29 22:12:22+00:00,40.289463,-88.126148,-77.38939945105236,2201.0,-11.784744360485831,rs8,2.9424503599884364,28.120486074903955,25.178035714915517,1,2.9424503599884364,49.2962981295551,46.35384776956666,-78.92951005359993,positive_cross,toward_S1,1.028520566713844
5,gle350,2024-03-29 22:12:23+00:00,40.28955,-88.126152,-87.05566380232803,2202.0,-9.666264351275672,rs8,7.959122443512974,28.935348410477747,20.976225966964773,1,7.959122443512974,58.97772960722642,51.01860716371345,-78.92951005359993,positive_cross,toward_S1,0.84951567131985
5,gle350,2024-03-29 22:12:24+00:00,40.289621,-88.126189,-94.89260740096397,2203.0,-7.836943598635941,rs8,16.44694082626293,29.41279655914484,12.96585573288191,1,16.44694082626293,67.07664030561958,50.629699479356645,-78.92951005359993,positive_cross,toward_S1,0.7043870861599252
5,gle350,2024-03-29 22:12:25+00:00,40.289666,-88.126253,-99.7976421686622,2204.0,-4.9050347676982256,rs8,23.243969279157135,28.526944153006614,5.282974873849479,1,23.243969279157135,72.72080388635129,49.47683460719416,-78.92951005359993,positive_cross,toward_S1,0.6135531089803283
5,gle350,2024-03-29 22:12:26+00:00,40.289673,-88.126326,-100.46418687430004,2205.0,-0.6665447056378468,rs10,25.458434461739742,27.333872629922173,1.8754381681824306,1,25.458434461739742,74.7087294546613,49.25029499292155,-78.92951005359993,negative_cross,toward_S1,0.6012096885055535
5,gle350,2024-03-29 22:12:27+00:00,40.289647,-88.126389,-97.47719649986675,2206.0,2.98699037443329,rs10,20.48490189083068,29.062739879291907,8.577837988461226,1,20.48490189083068,71.1932205179411,50.708318627110415,-78.92951005359993,negative_cross,toward_S4,0.6565243250691328
5,gle350,2024-03-29 22:12:28+00:00,40.289592,-88.126427,-91.3043290225286,2207.0,6.172867477338144,rs10,13.625165213738713,28.51033157050979,14.885166356771078,1,13.625165213738713,64.67325540822671,51.048090194488,-78.92951005359993,negative_cross,toward_S4,0.77083668576058
5,gle350,2024-03-29 22:12:29+00:00,40.289522,-88.126428,-83.52042062794538,2208.0,7.7839083945832215,rs10,6.692264246366616,26.210106775577806,19.51784252921119,1,6.692264246366616,56.94753609034487,50.25527184397825,-78.92951005359993,negative_cross,toward_S4,0.9149831375121211
5,gle350,2024-03-29 22:12:30+00:00,40.289444,-88.126429,-74.84709756527226,2209.0,8.67332306267312,rs10,5.544631677450163,26.2496477042114,20.70501602676124,1,5.544631677450163,48.363394458596375,42.81876278114621,-78.92951005359993,negative_cross,toward_S4,1.075600231265327
5,gle350,2024-03-29 22:12:31+00:00,40.289345,-88.126431,-63.83753095302889,2210.0,11.009566612243376,rs10,15.13977315807535,30.194534875623773,15.054761717548423,1,15.13977315807535,37.51594197358214,22.376168815506787,-78.92951005359993,negative_cross,toward_S4,1.2794810944550192
5,gle350,2024-03-29 22:12:32+00:00,40.289231,-88.126425,-51.17255218091611,2211.0,12.664978772112782,rs7,25.42776715979779,27.64386898414228,2.2161018243444914,2,25.42776715979779,27.64386898414228,2.2161018243444914,-27.632700444717127,negative_cross,toward_S4,1.564076819700019
5,gle350,2024-03-29 22:12:33+00:00,40.289109,-88.12642,-37.61662869705158,2212.0,13.555923483864525,rs7,13.671954377311664,27.483890054611628,13.811935677299964,2,13.671954377311664,41.1368820753759,27.464927698064237,-27.632700444717127,negative_cross,toward_S4,1.815112439771584
5,gle350,2024-03-29 22:12:34+00:00,40.288985,-88.126423,-23.826111201961293,2213.0,13.790517495090288,rs7,9.231705195778071,26.20839097585215,16.976685780074078,2,9.231705195778071,52.03852953823122,42.80682434245315,-27.632700444717127,negative_cross,toward_S4,2.070492393384367
5,gle350,2024-03-29 22:12:35+00:00,40.288859,-88.126441,-9.790289397912117,2214.0,14.035821804049176,rs7,18.766328963704776,32.789063533326484,14.022734569621708,2,18.766328963704776,38.08193890373007,19.315609940025293,-27.632700444717127,negative_cross,toward_S4,2.330415019385278
5,gle350,2024-03-29 22:12:36+00:00,40.288732,-88.126461,4.359769326006222,2215.0,14.150058723918338,rs5,24.123866600200653,31.964817096451423,7.84095049625077,3,24.123866600200653,31.964817096451423,7.84095049625077,26.33125891160298,negative_cross,toward_S4,2.59312056322969
5,gle350,2024-03-29 22:12:37+00:00,40.288606,-88.126481,18.39865121658907,2216.0,14.038881890582847,rs5,10.9728146426686,32.24427478439829,21.27146014172969,3,10.9728146426686,45.67292836495598,34.70011372228738,26.33125891160298,negative_cross,toward_S4,2.8530998574997426
5,gle350,2024-03-29 22:12:38+00:00,40.28848,-88.126495,32.42835284994077,2217.0,14.029701633351703,rs5,7.93649936515294,33.06986979706705,25.13337043191411,3,7.93649936515294,49.22444088973693,41.28794152458399,26.33125891160298,negative_cross,toward_S4,3.1129091470062553
5,gle350,2024-03-29 22:12:39+00:00,40.288353,-88.126503,46.56005105933159,2218.0,14.13169820939082,rs5,20.259351459647785,35.11517026848417,14.855818808836386,3,20.259351459647785,35.11517026848417,14.855818808836386,26.33125891160298,negative_cross,toward_S4,3.3746072619949743
5,gle350,2024-03-29 22:12:40+00:00,40.288234,-88.126508,59.79774447122697,2219.0,13.237693411895378,rs2,21.971362375026647,33.18003885772112,11.208676482694475,4,21.971362375026647,33.18003885772112,11.208676482694475,80.2309515867141,negative_cross,toward_S4,3.621607275639127
5,gle350,2024-03-29 22:12:41+00:00,40.288131,-88.126508,71.24895833177156,2220.0,11.451213860544591,rs2,10.923664714886872,34.445214579528496,23.521549864641624,4,10.923664714886872,44.55317472077963,33.629510005892755,80.2309515867141,negative_cross,toward_S4,3.8336667915751383
5,gle350,2024-03-29 22:12:42+00:00,40.288026,-88.126479,82.87815461555105,2221.0,11.629196283779493,rs2,6.721677708313392,31.126815540270137,24.405137831956743,4,6.721677708313392,56.437748544177694,49.7160708358643,80.2309515867141,negative_cross,toward_S4,4.049022278311796
5,gle350,2024-03-29 22:12:43+00:00,40.28795,-88.126498,91.35666478335534,2222.0,8.478510167804288,rs2,11.148284140069139,34.62040200675353,23.472117866684393,4,11.148284140069139,64.67647473497787,53.528190594908736,80.2309515867141,negative_cross,toward_S4,4.206031725863727
5,gle350,2024-03-29 22:12:44+00:00,40.287891,-88.126443,97.83194560728606,2223.0,6.475280823930717,rs2,19.140714598720145,33.37378544685872,14.233070848138574,4,19.140714598720145,71.72708646379026,52.58637186507011,80.2309515867141,negative_cross,toward_S4,4.325944333714295
5,gle350,2024-03-29 22:12:45+00:00,40.287853,-88.126374,101.95109232584882,2224.0,4.11914671856276,rs2,25.900857648302015,31.53050764953385,5.629650001231834,4,25.900857648302015,76.91460256936752,51.0137449210655,80.2309515867141,negative_cross,toward_S4,4.4022248285024945
5,gle350,2024-03-29 22:12:46+00:00,40.287844,-88.126292,102.82622031224571,2225.0,0.8751279863968904,rs1,27.964405722692348,31.25471941940365,3.2903136967113014,4,27.964405722692348,78.46579762297758,50.50139190028523,80.2309515867141,positive_cross,toward_S4,4.418430902324659
5,gle350,2024-03-29 22:12:47+00:00,40.287866,-88.126219,100.26863684309531,2226.0,-2.5575834691504014,rs1,22.8966374705244,34.52729299446343,11.63065552393903,4,22.8966374705244,75.07052273511029,52.17388526458589,80.2309515867141,positive_cross,toward_S1,4.371068245488541
5,gle350,2024-03-29 22:12:48+00:00,40.287913,-88.12617,94.96835356300312,2227.0,-5.300283280092188,rs1,16.56302659126778,35.66965504978175,19.106628458513974,4,16.56302659126778,69.46732209466946,52.90429550340168,80.2309515867141,positive_cross,toward_S1,4.27291485141276
5,gle350,2024-03-29 22:12:49+00:00,40.287973,-88.126155,88.27479290444599,2228.0,-6.693560658557132,rs1,9.828213524262216,34.83488971624451,25.006676191982294,4,9.828213524262216,62.725630581020624,52.89741705675841,80.2309515867141,positive_cross,toward_S1,4.1489600244024425
5,gle350,2024-03-29 22:12:50+00:00,40.288035,-88.126164,81.39559960750466,2229.0,-6.879193296941324,rs1,4.8118062927123235,33.27172868906664,28.45992239635432,4,4.8118062927123235,55.89743809256501,51.085631799852685,80.2309515867141,positive_cross,toward_S1,4.021567555940566
5,gle350,2024-03-29 22:12:51+00:00,40.288108,-88.126167,73.28428088367768,2230.0,-8.111318723826983,rs1,7.342156453576145,33.87052750210888,26.528371048532733,4,7.342156453576145,47.831383149277926,40.48922669570178,80.2309515867141,positive_cross,toward_S1,3.87135794994377
5,gle350,2024-03-29 22:12:52+00:00,40.288194,-88.12616,63.71236289487178,2231.0,-9.5719179888059,rs1,15.865820197953594,37.72509090370205,21.859270705748457,4,15.865820197953594,38.25498468736312,22.389164489409524,80.2309515867141,positive_cross,toward_S1,3.6941002094103275
5,gle350,2024-03-29 22:12:53+00:00,40.288293,-88.126148,52.687495853866366,2232.0,-11.024867041005415,rs1,26.549343005203294,27.19813599943122,0.6487929942279251,4,26.549343005203294,27.19813599943122,0.6487929942279251,80.2309515867141,positive_cross,toward_S1,3.489936004947264
5,gle350,2024-03-29 22:12:54+00:00,40.288398,-88.126139,41.00015794080409,2233.0,-11.68733791306228,rs3,15.51673904173685,38.13087565827268,22.61413661653583,3,15.51673904173685,38.13087565827268,22.61413661653583,26.33125891160298,positive_cross,toward_S1,3.271646278318539
5,gle350,2024-03-29 22:12:55+00:00,40.288501,-88.126139,29.54894408104947,2234.0,-11.451213859754617,rs3,4.508325710654858,36.069691318008736,31.561365607353878,3,4.508325710654858,49.57376432192024,45.06543861126538,26.33125891160298,positive_cross,toward_S1,3.0595867623971573
5,gle350,2024-03-29 22:12:56+00:00,40.288603,-88.12614,18.210437096712244,2235.0,-11.338506984337226,rs3,7.816517403373753,36.76911077220973,28.952593368835977,3,7.816517403373753,46.46475793202668,38.64824052865293,26.33125891160298,positive_cross,toward_S1,2.8496144108353567
5,gle350,2024-03-29 22:12:57+00:00,40.288707,-88.126139,6.646516359960312,2236.0,-11.563920736751932,rs3,19.155137839138774,34.90558845028709,15.750450611148317,3,19.155137839138774,34.90558845028709,15.750450611148317,26.33125891160298,positive_cross,toward_S1,2.6354677305251357
5,gle350,2024-03-29 22:12:58+00:00,40.288816,-88.126141,-5.468698415491259,2237.0,-12.115214775451571,rs6,22.821184469997092,31.239085357246463,8.41790088724937,2,22.821184469997092,31.239085357246463,8.41790088724937,-27.632700444717127,positive_cross,toward_S1,2.4104444820227013
5,gle350,2024-03-29 22:12:59+00:00,40.288922,-88.126143,-17.25038269102333,2238.0,-11.78168427553207,rs6,11.154814538265759,33.97419623916251,22.81938170089675,2,11.154814538265759,43.01282052319356,31.8580059849278,-27.632700444717127,positive_cross,toward_S1,2.1922651435869223
5,gle350,2024-03-29 22:13:00+00:00,40.289026,-88.126145,-28.809713299137936,2239.0,-11.559330608114607,rs6,2.406685147118402,32.202794735668704,29.7961095885503,2,2.406685147118402,50.72946828254476,48.322783135426356,-27.632700444717127,positive_cross,toward_S1,1.9782034656588738
5,gle350,2024-03-29 22:13:01+00:00,40.289127,-88.126149,-40.03245332075589,2240.0,-11.222740021617955,rs6,12.152332798872985,34.179382368438944,22.02704956956596,2,12.152332798872985,39.521902235711224,27.36956943683824,-27.632700444717127,positive_cross,toward_S1,1.770374946740023
5,gle350,2024-03-29 22:13:02+00:00,40.289228,-88.126152,-51.2567233852457,2241.0,-11.224270064489808,rs6,23.2743077404801,28.331891764190434,5.0575840237103336,2,23.2743077404801,28.331891764190434,5.0575840237103336,-27.632700444717127,positive_cross,toward_S1,1.5625180936939154
5,gle350,2024-03-29 22:13:03+00:00,40.289326,-88.126153,-62.15052303476976,2242.0,-10.893799649524063,rs8,17.50766367470844,32.306651904983575,14.798988230275135,1,17.50766367470844,34.123203288794286,16.615539614085847,-78.92951005359993,positive_cross,toward_S1,1.3107219818301883
5,gle350,2024-03-29 22:13:04+00:00,40.289414,-88.126155,-71.93102430512465,2243.0,-9.78050127035489,rs8,7.997874441292007,28.34333147836816,20.34545703707615,1,7.997874441292007,43.89353196758213,35.89565752629012,-78.92951005359993,positive_cross,toward_S1,1.1296015879347272
5,gle350,2024-03-29 22:13:06+00:00,40.289494,-88.126154,-80.82670103521522,2245.0,-4.4478383650452855,rs8,2.9143783759661144,27.645437973527216,24.7310595975611,1,2.9143783759661144,52.76724521264446,49.852866836678345,-78.92951005359993,positive_cross,toward_S1,0.9648668336737908
5,gle350,2024-03-29 22:13:07+00:00,40.28957,-88.126157,-89.2715502597517,2246.0,-8.444849224536483,rs8,10.21123319257877,29.247465116216485,19.036231923637715,1,10.21123319257877,61.22132675144856,51.010093558869784,-78.92951005359993,positive_cross,toward_S1,0.8084807369231152
5,gle350,2024-03-29 22:13:08+00:00,40.289638,-88.126195,-96.77343331478455,2247.0,-7.501883055032849,rs8,18.39935563087279,30.080654324012546,11.681298693139755,1,18.39935563087279,69.00655333824653,50.60719770737374,-78.92951005359993,positive_cross,toward_S1,0.6695569766447291
5,gle350,2024-03-29 22:13:09+00:00,40.28968,-88.126265,-101.3357573244987,2248.0,-4.562324009714146,rs8,25.09789167889689,29.051431951355713,3.953540272458824,1,25.09789167889689,74.42312385197903,49.32523217308214,-78.92951005359993,positive_cross,toward_S1,0.585069494983356
5,gle350,2024-03-29 22:13:10+00:00,40.289688,-88.126346,-102.10123852045369,2249.0,-0.7654811959549903,rs10,26.130810549500303,29.699179882148478,3.5683693326481745,1,26.130810549500303,76.33585541986871,50.205044870368404,-78.92951005359993,negative_cross,toward_S1,0.5708939172804859
5,gle350,2024-03-29 22:13:11+00:00,40.289655,-88.126414,-98.3283600968632,2250.0,3.772878423590498,rs10,20.64844335926798,31.275432045338043,10.626988686070064,1,20.64844335926798,71.76425748312647,51.11581412385849,-78.92951005359993,negative_cross,toward_S4,0.6407620362358655
5,gle350,2024-03-29 22:13:12+00:00,40.289594,-88.126444,-91.50067196105925,2251.0,6.827688135803939,rs10,13.445589364126702,29.91112333710549,16.46553397297879,1,13.445589364126702,64.72622915570496,51.28063979157825,-78.92951005359993,negative_cross,toward_S4,0.7672007054174199
5,gle350,2024-03-29 22:13:13+00:00,40.289523,-88.126434,-83.6224172047962,2252.0,7.878254756263047,rs10,6.464388202475588,26.730680773190116,20.266292570714526,1,6.464388202475588,56.98694756653266,50.522559364057074,-78.92951005359993,negative_cross,toward_S4,0.9130943120148837
5,gle350,2024-03-29 22:13:14+00:00,40.289446,-88.126414,-75.09240187504282,2253.0,8.530015329753383,rs10,6.451418183556553,24.957821896507475,18.50640371295092,1,6.451418183556553,48.81066506265787,42.35924687910131,-78.92951005359993,negative_cross,toward_S4,1.0710575588621685
5,gle350,2024-03-29 22:13:15+00:00,40.289354,-88.126406,-64.87637352789588,2254.0,10.216028347146946,rs10,14.926336170466554,27.85878058125171,12.932444410785157,1,14.926336170466554,38.986476141162115,24.06013997069556,-78.92951005359993,negative_cross,toward_S4,1.2602432689945193
5,gle350,2024-03-29 22:13:16+00:00,40.289248,-88.126412,-53.08244890936721,2255.0,11.79392461852867,rs10,25.999741624613122,27.580358752856093,1.5806171282429702,1,25.999741624613122,27.580358752856093,1.5806171282429702,-78.92951005359993,negative_cross,toward_S4,1.478649280448754
5,gle350,2024-03-29 22:13:17+00:00,40.289136,-88.126416,-40.62452337511984,2256.0,12.457925534247366,rs7,16.268333582414552,28.394947238914842,12.12661365650029,2,16.268333582414552,38.20383807720591,21.935504494791356,-27.632700444717127,negative_cross,toward_S4,1.7594106864740238
5,gle350,2024-03-29 22:13:18+00:00,40.289016,-88.126422,-27.274123086248903,2257.0,13.35040028887094,rs7,8.679747104615727,25.830722752100534,17.150975647484806,2,8.679747104615727,51.40323161220447,42.72348450758874,-27.632700444717127,negative_cross,toward_S4,2.006640321453115
5,gle350,2024-03-29 22:13:19+00:00,40.288897,-88.126429,-14.033369588609807,2258.0,13.240753497639096,rs7,15.443781699329806,29.77249580461603,14.328714105286226,2,15.443781699329806,42.42665622683669,26.982874527506887,-27.632700444717127,negative_cross,toward_S4,2.251839460298284
5,gle350,2024-03-29 22:13:20+00:00,40.288776,-88.126448,-0.5519019090474756,2259.0,13.48146767956233,rs7,27.392377949880537,29.097939743399184,1.7055617935186476,2,27.392377949880537,29.097939743399184,1.7055617935186476,-27.632700444717127,negative_cross,toward_S4,2.501496269179068
5,gle350,2024-03-29 22:13:21+00:00,40.28865,-88.126468,13.486979981557116,2260.0,14.038881890604593,rs5,15.62740417681515,32.742076566178355,17.114672389363207,3,15.62740417681515,40.91079530094595,25.2833911241308,26.33125891160298,negative_cross,toward_S4,2.7621429827769286
5,gle350,2024-03-29 22:13:22+00:00,40.288518,-88.126487,28.191392829940554,2261.0,14.704412848383438,rs5,6.529953352976908,31.86219886373242,25.332245510755513,3,6.529953352976908,53.49951280008316,46.96955944710625,26.33125891160298,negative_cross,toward_S4,3.034446924413659
5,gle350,2024-03-29 22:13:23+00:00,40.28838,-88.126501,43.555216467007035,2262.0,15.363823637066481,rs5,17.417173983640854,37.272175130770435,19.85500114712958,3,17.417173983640854,38.11585102720974,20.69867704356889,26.33125891160298,negative_cross,toward_S4,3.318962176951927
5,gle350,2024-03-29 22:13:24+00:00,40.288246,-88.126509,58.46515251117401,2263.0,14.909936044166976,rs2,23.26945200558696,31.846686661018946,8.577234655431987,4,23.26945200558696,31.846686661018946,8.577234655431987,80.2309515867141,negative_cross,toward_S4,3.5969296467492575
5,gle350,2024-03-29 22:13:25+00:00,40.288123,-88.126512,72.1444931721606,2264.0,13.679340660986583,rs2,9.971510214940748,34.57098462008146,24.59947440514071,4,9.971510214940748,45.4049933362687,35.43348312132795,80.2309515867141,negative_cross,toward_S4,3.8502507701008613
5,gle350,2024-03-29 22:13:26+00:00,40.288015,-88.126511,84.15006115717027,2265.0,12.005567985009677,rs2,4.723568962493849,33.969024427447955,29.245455464954105,4,4.723568962493849,57.381433107096555,52.657864144602705,80.2309515867141,negative_cross,toward_S4,4.072576103156596
5,gle350,2024-03-29 22:13:27+00:00,40.287928,-88.126499,93.80408516544934,2266.0,9.654024008279066,rs2,13.355845231219115,35.60378467439576,22.247939443176648,4,13.355845231219115,67.10813407142791,53.7522888402088,80.2309515867141,negative_cross,toward_S4,4.251354325532134
5,gle350,2024-03-29 22:13:28+00:00,40.287863,-88.126451,100.95713729098892,2267.0,7.153052125539588,rs2,21.602250903811512,35.72033695146138,14.118086047649864,4,21.602250903811512,74.7224882637477,53.1202373599362,80.2309515867141,negative_cross,toward_S4,4.383818253782867
5,gle350,2024-03-29 22:13:29+00:00,40.287831,-88.126382,104.40922300808931,2268.0,3.4520857171003883,rs2,27.53299827390255,33.776934905319386,6.243936631416837,4,27.53299827390255,79.17565113576157,51.64265286185902,80.2309515867141,negative_cross,toward_S4,4.447745767062504
5,gle350,2024-03-29 22:13:30+00:00,40.287831,-88.126304,104.28987966378001,2269.0,-0.11934334430929994,rs1,29.731244300107857,31.581164319649073,1.8499200195412158,4,29.731244300107857,80.08530394942338,50.354059649315516,80.2309515867141,positive_cross,ambiguous,4.44553570513085
5,gle350,2024-03-29 22:13:31+00:00,40.287862,-88.126237,100.74088494968888,2270.0,-3.548994714091137,rs1,23.931556942779306,33.53382139512389,9.602264452344581,4,23.931556942779306,75.71063566447945,51.779078721700145,80.2309515867141,positive_cross,toward_S1,4.37981358079583
5,gle350,2024-03-29 22:13:32+00:00,40.287922,-88.126196,94.00754317556478,2271.0,-6.733341774124099,rs1,16.41073745999,33.24768285553545,16.836945395545452,4,16.41073745999,68.66207771589676,52.251340255906754,80.2309515867141,positive_cross,toward_S1,4.255122066460197
5,gle350,2024-03-29 22:13:33+00:00,40.287995,-88.126175,85.85950342274796,2272.0,-8.148039752816814,rs1,8.496593943825978,32.717391510743376,24.220797566917398,4,8.496593943825978,60.40888748470239,51.91229354087641,80.2309515867141,positive_cross,toward_S1,4.104232441408034
5,gle350,2024-03-29 22:13:34+00:00,40.288081,-88.126159,76.27381504805184,2273.0,-9.585688374696119,rs1,4.7293085130024295,34.000191578110424,29.270883065107995,4,4.7293085130024295,50.76351539508043,46.034206882078,80.2309515867141,positive_cross,toward_S1,3.9267196937284767
5,gle350,2024-03-29 22:13:35+00:00,40.288183,-88.126153,64.9245977643581,2274.0,-11.349217283693747,rs1,14.536758182835252,37.72279783148665,23.186039648651402,4,14.536758182835252,39.41519995475294,24.878441771917693,80.2309515867141,positive_cross,toward_S1,3.7165490032897037
5,gle350,2024-03-29 22:13:36+00:00,40.288415,-88.12615,39.12698224136454,2275.0,-25.79761552299356,rs3,13.835227807477272,37.23919175009738,23.40396394262011,3,13.835227807477272,40.078886130715325,26.24365832323805,26.33125891160298,positive_cross,toward_S1,3.236957839440029
5,gle350,2024-03-29 22:13:37+00:00,40.288539,-88.126148,25.3379947899578,2276.0,-13.788987451406737,rs3,3.055660106347669,35.1837142614744,32.12805415512673,3,3.055660106347669,53.60644574132093,50.550785634973266,26.33125891160298,positive_cross,toward_S1,2.981606219969534
5,gle350,2024-03-29 22:13:38+00:00,40.288668,-88.126146,10.99312317040242,2277.0,-14.34487161955538,rs3,14.95931840333018,38.55343150593476,23.59411310260458,3,14.95931840333018,39.270154912636805,24.310836509306625,26.33125891160298,positive_cross,toward_S1,2.7159604492370266
5,gle350,2024-03-29 22:13:39+00:00,40.288805,-88.126147,-4.23657298941726,2278.0,-15.22969615981968,rs6,24.08765378492557,30.065213540156005,5.977559755230434,2,24.08765378492557,30.065213540156005,5.977559755230434,-27.632700444717127,positive_cross,toward_S1,2.43326161954259
5,gle350,2024-03-29 22:13:40+00:00,40.28894,-88.12615,-19.24085539528581,2279.0,-15.00428240586855,rs6,9.355560821215766,32.842475509937856,23.486914688722088,2,9.355560821215766,45.049741834307355,35.69418101309159,-27.632700444717127,positive_cross,toward_S1,2.155404537952432
5,gle350,2024-03-29 22:13:41+00:00,40.289076,-88.12615,-34.360904764663594,2280.0,-15.120049369377785,rs6,6.767612936467814,32.46631664466737,25.69870370819956,2,6.767612936467814,45.19119105583658,38.42357811936877,-27.632700444717127,positive_cross,toward_S1,1.875403623704695
5,gle350,2024-03-29 22:13:42+00:00,40.289207,-88.126146,-48.931190136590196,2281.0,-14.570285371926602,rs6,20.8942340063484,30.62402532726317,9.72979132091477,2,20.8942340063484,30.62402532726317,9.72979132091477,-27.632700444717127,positive_cross,toward_S1,1.6055835242245728
5,gle350,2024-03-29 22:13:43+00:00,40.289331,-88.126144,-62.72017758801867,2282.0,-13.788987451428476,rs8,16.861994523310422,32.684578316354326,15.822583793043904,1,16.861994523310422,34.61943555463163,17.757441031321207,-78.92951005359993,positive_cross,toward_S1,1.3001728234366898
5,gle350,2024-03-29 22:13:44+00:00,40.289442,-88.126145,-75.05927607457124,2283.0,-12.339098486552572,rs8,4.784674238377898,28.589941719625607,23.80526748124771,1,4.784674238377898,46.950612629423624,42.16593839104573,-78.92951005359993,positive_cross,toward_S1,1.0716709996116422
5,gle350,2024-03-29 22:13:45+00:00,40.289539,-88.126153,-85.83118858984511,2284.0,-10.771912515273868,rs8,6.83364576962552,28.529594845798236,21.695949076172717,1,6.83364576962552,57.760120075247706,50.926474305622186,-78.92951005359993,positive_cross,toward_S1,0.8721911382176817
5,gle350,2024-03-29 22:13:46+00:00,40.289619,-88.126182,-94.68096403446124,2285.0,-8.849775444616128,rs8,16.044472259089044,29.792094782934655,13.74762252384561,1,16.044472259089044,66.80390513252523,50.75943287343618,-78.92951005359993,positive_cross,toward_S1,0.7083064077618275
5,gle350,2024-03-29 22:13:47+00:00,40.289672,-88.126245,-100.4769435139329,2286.0,-5.795979479471654,rs8,23.529356590285794,29.477326493813496,5.947969903527703,1,23.529356590285794,73.27666828577391,49.747311695488115,-78.92951005359993,positive_cross,toward_S1,0.6009734544382783
5,gle350,2024-03-29 22:13:48+00:00,40.289688,-88.126322,-102.13795954946525,2287.0,-1.6610160355323558,rs10,27.072464905631637,28.449003072500105,1.3765381668684675,1,27.072464905631637,76.25285154125817,49.18038663562653,-78.92951005359993,negative_cross,toward_S1,0.5702138982247162
5,gle350,2024-03-29 22:13:49+00:00,40.289669,-88.126394,-99.91543662470785,2288.0,2.222522924757399,rs10,22.63509968877548,30.98126418083942,8.346164492063942,1,22.63509968877548,73.54427848060081,50.909178791825326,-78.92951005359993,negative_cross,toward_S4,0.6113717301646681
5,gle350,2024-03-29 22:13:50+00:00,40.289621,-88.126438,-94.51162672491473,2289.0,5.403809899793117,rs10,16.48781425257973,30.842058717966836,14.354244465387104,1,16.48781425257973,67.76650611120584,51.27869185862611,-78.92951005359993,negative_cross,toward_S4,0.7114422838645407
5,gle350,2024-03-29 22:13:51+00:00,40.289561,-88.12644,-87.83795662373522,2290.0,6.6736701011795105,rs10,10.006040653360753,28.252449613449016,18.246408960088264,1,10.006040653360753,61.11615604558765,51.1101153922269,-78.92951005359993,negative_cross,toward_S4,0.8350287672197167
5,gle350,2024-03-29 22:13:52+00:00,40.289499,-88.126429,-80.96182341253763,2291.0,6.8761332111975975,rs10,4.948034797528868,25.98127741609059,21.033242618561722,1,4.948034797528868,54.404360219271645,49.456325421742775,-78.92951005359993,negative_cross,toward_S4,0.9623645674270797
5,gle350,2024-03-29 22:13:53+00:00,40.289423,-88.126425,-72.518504230873,2292.0,8.44331918166462,rs10,7.474765226135974,26.39449230286003,18.919727076724058,1,7.474765226135974,46.122950813489766,38.648185587353794,-78.92951005359993,negative_cross,toward_S4,1.1187223300504985
5,gle350,2024-03-29 22:13:54+00:00,40.289333,-88.126424,-62.51411925022883,2293.0,10.004384980644176,rs10,16.586414558057808,30.388872697372275,13.802458139314467,1,16.586414558057808,36.34681290893371,19.7603983508759,-78.92951005359993,negative_cross,toward_S4,1.3039887185809462
5,gle350,2024-03-29 22:13:55+00:00,40.28923,-88.126426,-51.059845304730494,2294.0,11.454273945498336,rs7,25.294749724103873,27.739683993807063,2.4449342697031895,2,25.294749724103873,27.739683993807063,2.4449342697031895,-27.632700444717127,negative_cross,toward_S4,1.5661639840738264
5,gle350,2024-03-29 22:13:56+00:00,40.289117,-88.126426,-38.49686310788859,2295.0,12.5629821968419,rs7,14.053858630277663,28.2855726083567,14.231713978079036,2,14.053858630277663,40.193700609560516,26.139841979282853,-27.632700444717127,negative_cross,toward_S4,1.7988118025338617
5,gle350,2024-03-29 22:13:57+00:00,40.289003,-88.126428,-25.81964399275745,2296.0,12.677219115131145,rs7,8.28409077975956,26.406161430218603,18.122070650459044,2,8.28409077975956,52.79878249653565,44.51469171677609,-27.632700444717127,negative_cross,toward_S4,2.033575119480735
5,gle350,2024-03-29 22:13:58+00:00,40.288887,-88.126438,-12.907830867233981,2297.0,12.911813125523468,rs7,16.03911336165946,30.969371401599076,14.930258039939616,2,16.03911336165946,41.15325002998371,25.11413666832425,-27.632700444717127,negative_cross,toward_S4,2.2726827699533914
5,gle350,2024-03-29 22:13:59+00:00,40.288765,-88.126459,0.687873732197514,2298.0,13.595704599431496,rs5,27.637088041503226,28.385862400680963,0.7487743591777374,3,27.637088041503226,28.385862400680963,0.7487743591777374,26.33125891160298,negative_cross,toward_S4,2.5251224966776764
5,gle350,2024-03-29 22:14:00+00:00,40.288642,-88.126479,14.39322512128094,2299.0,13.705351389083425,rs5,14.388936291263645,33.2789282216196,18.889991930355954,3,14.388936291263645,41.698295896672654,27.309359605409007,26.33125891160298,negative_cross,toward_S4,2.7789253001792216
5,gle350,2024-03-29 22:14:01+00:00,40.288511,-88.126494,28.980340965631417,2300.0,14.587115844350476,rs5,6.16157357543859,32.51226841063658,26.35069483519799,3,6.16157357543859,52.662956426082836,46.50138285064425,26.33125891160298,negative_cross,toward_S4,3.0490570750746007
5,gle350,2024-03-29 22:14:02+00:00,40.288376,-88.126504,44.00451392966757,2301.0,15.02417296403615,rs5,17.76937392580082,37.64360759378592,19.874233667985102,3,17.76937392580082,37.64360759378592,19.874233667985102,26.33125891160298,negative_cross,toward_S4,3.327282500334529
5,gle350,2024-03-29 22:14:03+00:00,40.288244,-88.126507,58.68444609284776,2302.0,14.67993216318019,rs2,23.080358868005334,32.09134296506195,9.010984097056614,4,23.080358868005334,32.09134296506195,9.010984097056614,80.2309515867141,negative_cross,toward_S4,3.6009906390024753
5,gle350,2024-03-29 22:14:04+00:00,40.288124,-88.126508,72.0271961665477,2303.0,13.34275007369994,rs2,10.205600966939453,34.26422759981702,24.058626632877566,4,10.205600966939453,45.32762659150495,35.122025624565495,80.2309515867141,negative_cross,toward_S4,3.8480786033302516
5,gle350,2024-03-29 22:14:05+00:00,40.288015,-88.126507,84.14394098568285,2304.0,12.11674481913515,rs2,5.002448392535732,33.632706637326855,28.630258244791122,4,5.002448392535732,57.40827284735268,52.405824454816944,80.2309515867141,negative_cross,toward_S4,4.072462766647569
5,gle350,2024-03-29 22:14:06+00:00,40.287924,-88.126489,94.23349207154394,2305.0,10.089551085861089,rs2,14.092262124000271,35.01123124514756,20.918969121147292,4,14.092262124000271,67.62456840332597,53.532306279325695,80.2309515867141,negative_cross,toward_S4,4.2593063052746265
5,gle350,2024-03-29 22:14:07+00:00,40.287861,-88.126447,101.17337078689724,2306.0,6.939878715353302,rs2,21.946032267988464,35.584369295940256,13.638337027951792,4,21.946032267988464,74.98675123225742,53.040718964268954,80.2309515867141,negative_cross,toward_S4,4.3878225777811695
5,gle350,2024-03-29 22:14:08+00:00,40.28783,-88.126378,104.5142796698939,2307.0,3.340908882996658,rs2,27.809860475306525,33.632521349311766,5.822660874005241,4,27.809860475306525,79.35103066506932,51.541170189762795,80.2309515867141,negative_cross,toward_S4,4.449691260799626
5,gle350,2024-03-29 22:14:09+00:00,40.287832,-88.126296,104.16646248665795,2308.0,-0.34781718323594646,rs1,29.27456075497362,31.96420083842242,2.6896400834488006,4,29.27456075497362,79.8410599884344,50.566499233460775,80.2309515867141,positive_cross,ambiguous,4.443250201850812
5,gle350,2024-03-29 22:14:10+00:00,40.287869,-88.12623,99.95193681399803,2309.0,-4.214525672659917,rs1,22.972901232945258,33.56817852421563,10.595277291270374,4,22.972901232945258,74.85817633465524,51.88527510170998,80.2309515867141,positive_cross,toward_S1,4.365203430134888
5,gle350,2024-03-29 22:14:11+00:00,40.28793,-88.126191,93.11047829232562,2310.0,-6.841458521672408,rs1,15.425011501186717,33.301119497754414,17.876107996567697,4,15.425011501186717,67.73392579037996,52.30891428919324,80.2309515867141,positive_cross,toward_S1,4.23850975380762
5,gle350,2024-03-29 22:14:12+00:00,40.288005,-88.126171,84.74161491573143,2311.0,-8.368863376594192,rs1,7.417837552756535,32.90314805246073,25.485310499704195,4,7.417837552756535,59.271511205566775,51.85367365281024,80.2309515867141,positive_cross,toward_S1,4.08353080238921
5,gle350,2024-03-29 22:14:13+00:00,40.288088,-88.126168,75.50934759837595,2312.0,-9.232267317355479,rs1,5.808819639642494,33.35966735116217,27.55084771151968,4,5.808819639642494,50.05379634606849,44.244976706425994,80.2309515867141,positive_cross,toward_S1,3.912562889104849
5,gle350,2024-03-29 22:14:14+00:00,40.288185,-88.126164,64.71907456857456,2313.0,-10.790273029801398,rs1,14.98939309880273,36.975314707790865,21.985921608988136,4,14.98939309880273,39.28703977469689,24.297646675894164,80.2309515867141,positive_cross,toward_S1,3.712743018182601
5,gle350,2024-03-29 22:14:15+00:00,40.288293,-88.126157,52.70126623975657,2314.0,-12.017808328817985,rs1,26.642639181843315,27.293961188410268,0.6513220065669536,4,26.642639181843315,27.293961188410268,0.6513220065669536,80.2309515867141,positive_cross,toward_S1,3.490191012093379
5,gle350,2024-03-29 22:14:16+00:00,40.288412,-88.126148,39.45745265635202,2315.0,-13.243813583404553,rs3,14.122564642518203,37.513551992177085,23.390987349658882,3,14.122564642518203,39.733567505325865,25.611002862807663,26.33125891160298,positive_cross,toward_S1,3.243077661939797
5,gle350,2024-03-29 22:14:17+00:00,40.288534,-88.126141,25.883168657981724,2316.0,-13.574283998370294,rs3,2.453589289496166,35.765071481488675,33.31148219199251,3,2.453589289496166,53.24812992412658,50.794540634630415,26.33125891160298,positive_cross,toward_S1,2.991702032340347
5,gle350,2024-03-29 22:14:18+00:00,40.288657,-88.126137,12.202297954123285,2317.0,-13.680870703858439,rs3,13.621874673165959,38.79034405725466,25.1684693840887,3,13.621874673165959,40.45315183730337,26.831277164137415,26.33125891160298,positive_cross,toward_S1,2.738352574861487
5,gle350,2024-03-29 22:14:19+00:00,40.288781,-88.126139,-1.5805693257960112,2318.0,-13.782867279919296,rs6,26.68941527072294,27.345152715890315,0.6557374451673752,2,26.68941527072294,27.345152715890315,0.6557374451673752,-27.632700444717127,positive_cross,toward_S1,2.482446872572613
5,gle350,2024-03-29 22:14:20+00:00,40.288906,-88.126138,-15.479203567644628,2319.0,-13.898634241848617,rs6,12.841467309610179,34.95677407799195,22.11530676838177,2,12.841467309610179,41.21192021276823,28.370452903158046,-27.632700444717127,positive_cross,toward_S1,2.225064756982824
5,gle350,2024-03-29 22:14:21+00:00,40.289029,-88.126143,-29.146303885612863,2320.0,-13.667100317968234,rs6,2.3577560848092185,32.38634778736566,30.02859170255644,2,2.3577560848092185,50.3901765239785,48.03242043916928,-27.632700444717127,positive_cross,toward_S1,1.9719703066500789
5,gle350,2024-03-29 22:14:22+00:00,40.289149,-88.126143,-42.487523917230924,2321.0,-13.341220031618061,rs6,14.465133144766897,35.60473573213017,21.139602587363278,2,14.465133144766897,37.05270245750408,22.587569312737187,-27.632700444717127,positive_cross,toward_S1,1.7249106764349298
5,gle350,2024-03-29 22:14:23+00:00,40.28927,-88.126141,-55.942980867906435,2322.0,-13.455456950675512,rs8,23.603948981962144,27.832991079916354,4.22904209795421,1,23.603948981962144,27.832991079916354,4.22904209795421,-78.92951005359993,positive_cross,toward_S1,1.4256764664017314
5,gle350,2024-03-29 22:14:24+00:00,40.289387,-88.126141,-68.95067039800334,2323.0,-13.007689530096904,rs8,10.647097336785333,30.340765439943297,19.693668103157965,1,10.647097336785333,40.82387972549957,30.17678238871424,-78.92951005359993,positive_cross,toward_S1,1.1847933269554924
5,gle350,2024-03-29 22:14:25+00:00,40.289496,-88.126147,-81.05976500275744,2324.0,-12.109094604754105,rs8,2.5369226383021566,28.25437764165619,25.717455003354033,1,2.5369226383021566,52.95802435716827,50.42110171886611,-78.92951005359993,positive_cross,toward_S1,0.9605508342748608
5,gle350,2024-03-29 22:14:26+00:00,40.289592,-88.126167,-91.70214017023352,2325.0,-10.642375167476075,rs8,12.798269856100397,29.44280270953574,16.644532853435344,1,12.798269856100397,63.71497679511333,50.91670693901293,-78.92951005359993,positive_cross,toward_S1,0.7634698126549335
5,gle350,2024-03-29 22:14:27+00:00,40.289663,-88.126224,-99.50848291134534,2326.0,-7.80634274111182,rs8,21.880374692778275,30.003483430080482,8.123108737302207,1,21.880374692778275,72.04186284515269,50.16148815237442,-78.92951005359993,positive_cross,toward_S1,0.6189079100417516
5,gle350,2024-03-29 22:14:28+00:00,40.289688,-88.1263,-102.17162049273308,2327.0,-2.663137581387744,rs8,27.385995476428636,28.037957329986682,0.6519618535580456,1,27.385995476428636,75.85013916955425,48.46414369312562,-78.92951005359993,positive_cross,toward_S1,0.56959054742346
5,gle350,2024-03-29 22:14:29+00:00,40.289687,-88.126371,-101.95181061523479,2328.0,0.2198098774982924,rs10,25.183721851252816,31.007966028823184,5.8242441775703675,1,25.183721851252816,75.83441048324829,50.65068863199548,-78.92951005359993,negative_cross,ambiguous,0.5736611007104655
5,gle350,2024-03-29 22:14:30+00:00,40.289646,-88.126427,-97.30787803648026,2329.0,4.64393257875453,rs10,19.40551075380744,31.561866882141505,12.156356128334064,1,19.40551075380744,70.63450768054707,51.22899692673963,-78.92951005359993,negative_cross,toward_S4,0.6596598521688827
5,gle350,2024-03-29 22:14:31+00:00,40.289588,-88.126438,-90.84279121687149,2330.0,6.465086819608771,rs10,12.923184055051339,29.172721462781848,16.249537407730507,1,12.923184055051339,64.11875066893421,51.195566613882875,-78.92951005359993,negative_cross,toward_S4,0.7793836821616378
5,gle350,2024-03-29 22:14:32+00:00,40.289526,-88.126427,-83.96665800565215,2331.0,6.87613321121934,rs10,7.090027668277457,26.20631918287332,19.11629151459586,1,7.090027668277457,57.400014602095254,50.3099869338178,-78.92951005359993,negative_cross,toward_S4,0.9067194823694033
5,gle350,2024-03-29 22:14:33+00:00,40.289456,-88.126421,-76.19345991121541,2332.0,7.7731980944367365,rs10,5.404884352768202,25.394677676465896,19.989793323697693,1,5.404884352768202,49.79479626095913,44.38991190819093,-78.92951005359993,negative_cross,toward_S4,1.050667595229343
5,gle350,2024-03-29 22:14:34+00:00,40.289373,-88.126418,-66.97037285109108,2333.0,9.223087060124328,rs10,12.581196788815864,27.754647729992172,15.173450941176307,1,12.581196788815864,40.7950574377602,28.213860648944333,-78.92951005359993,negative_cross,toward_S4,1.2214655037501638
5,gle350,2024-03-29 22:14:35+00:00,40.289278,-88.126424,-56.39939340296345,2334.0,10.570979448127638,rs10,22.52263234874992,30.433111111488394,7.9104787627384745,1,22.52263234874992,30.433111111488394,7.9104787627384745,-78.92951005359993,negative_cross,toward_S4,1.4172243824191941
5,gle350,2024-03-29 22:14:36+00:00,40.289171,-88.126434,-44.48817177961185,2335.0,11.9112216233516,rs7,18.936902559025054,31.641662431516302,12.704759872491248,2,18.936902559025054,34.14924956387521,15.212347004850155,-27.632700444717127,negative_cross,toward_S4,1.687861641946394
5,gle350,2024-03-29 22:14:37+00:00,40.289052,-88.126438,-31.252008409820107,2336.0,13.23616336979174,rs7,8.38291173762118,27.40984215578383,19.02693041816265,2,8.38291173762118,47.29917659839797,38.91626486077679,-27.632700444717127,negative_cross,toward_S4,1.932975778424019
5,gle350,2024-03-29 22:14:38+00:00,40.288929,-88.126437,-17.578787921132665,2337.0,13.673220488687441,rs7,12.124262869143752,28.942895327782455,16.818632458638703,2,12.124262869143752,45.70368156821227,33.57941869906851,-27.632700444717127,negative_cross,toward_S4,2.186183565251564
5,gle350,2024-03-29 22:14:39+00:00,40.288807,-88.126438,-4.01368417922529,2338.0,13.565103741907375,rs7,24.29789225353433,32.6332679296163,8.335375676081973,2,24.29789225353433,32.6332679296163,8.335375676081973,-27.632700444717127,negative_cross,toward_S4,2.4373891901017006
5,gle350,2024-03-29 22:14:40+00:00,40.288687,-88.126455,9.353546580511361,2339.0,13.367230759736652,rs5,19.760094490090626,33.585259694142756,13.82516520405213,3,19.760094490090626,36.985935419550025,17.225840929459398,26.33125891160298,negative_cross,toward_S4,2.6855979197945996
5,gle350,2024-03-29 22:14:41+00:00,40.288568,-88.126476,22.615720679189906,2340.0,13.262174098678544,rs5,8.502512325996928,31.07048500344691,22.567972677449983,3,8.502512325996928,49.92002513714455,41.41751281114762,26.33125891160298,negative_cross,toward_S4,2.931193736436795
5,gle350,2024-03-29 22:14:42+00:00,40.288443,-88.126494,36.540365649925334,2341.0,13.924644970735429,rs5,11.230665612949894,34.00464612883212,22.77398051588223,3,11.230665612949894,45.14385560511677,33.91318999216688,26.33125891160298,negative_cross,toward_S4,3.1890575321911547
5,gle350,2024-03-29 22:14:43+00:00,40.288315,-88.126503,50.78477073631347,2342.0,14.244405086388134,rs5,24.37539904835332,30.928253448044096,6.552854399690776,3,24.37539904835332,30.928253448044096,6.552854399690776,26.33125891160298,negative_cross,toward_S4,3.4528428115687126
5,gle350,2024-03-29 22:14:44+00:00,40.288192,-88.126506,64.46411139651009,2343.0,13.679340660196623,rs2,17.44336298098862,36.535535682000074,19.092172701011453,4,17.44336298098862,37.83269065029126,20.38932766930264,80.2309515867141,negative_cross,toward_S4,3.708021477959185
5,gle350,2024-03-29 22:14:45+00:00,40.28808,-88.126504,76.91285667348282,2344.0,12.44874527697273,rs2,6.279551933160769,33.18236757919699,26.902815646036224,4,6.279551933160769,50.23093511855184,43.95138318539107,80.2309515867141,negative_cross,toward_S4,3.9385537979031247
5,gle350,2024-03-29 22:14:46+00:00,40.287981,-88.126498,87.91018294193961,2345.0,10.997326268456789,rs2,8.198652254911607,33.60634604766364,25.407693792752035,4,8.198652254911607,61.24151761005205,53.04286535514044,80.2309515867141,negative_cross,toward_S4,4.142207988059732
5,gle350,2024-03-29 22:14:47+00:00,40.287905,-88.126462,96.30454075159604,2346.0,8.394357809656427,rs2,16.996301923172457,33.93703164216769,16.940729718995232,4,16.996301923172457,69.97121387791408,52.97491195474163,80.2309515867141,negative_cross,toward_S4,4.297659058608925
5,gle350,2024-03-29 22:14:48+00:00,40.287857,-88.126412,101.56452662029672,2347.0,5.2599858687006815,rs2,23.734471452846897,33.568391961681414,9.833920508834517,4,23.734471452846897,75.87081198790067,52.13634053505377,80.2309515867141,negative_cross,toward_S4,4.395066204325604
5,gle350,2024-03-29 22:14:49+00:00,40.287837,-88.126348,103.6901405480416,2348.0,2.1256139277448796,rs2,28.653830203000435,31.38793841709347,2.734108214093034,4,28.653830203000435,79.13420749566313,50.480377292662695,80.2309515867141,negative_cross,toward_S4,4.4344294252097685
5,gle350,2024-03-29 22:14:50+00:00,40.287847,-88.12628,102.47432929698701,2349.0,-1.215811251054589,rs1,27.1426687504366,31.76619436465059,4.623525614213992,4,27.1426687504366,77.94614134951942,50.80347259908282,80.2309515867141,positive_cross,toward_S1,4.411914402042091
5,gle350,2024-03-29 22:14:51+00:00,40.287887,-88.126215,97.92780316646771,2350.0,-4.546526130519297,rs1,20.620974723943352,33.56724624447858,12.94627152053523,4,20.620974723943352,72.71090405912148,52.08992933517813,80.2309515867141,positive_cross,toward_S1,4.327719473699141
5,gle350,2024-03-29 22:14:52+00:00,40.287959,-88.12618,89.86951964669339,2351.0,-8.05828351977432,rs1,12.118147210199304,33.154214623505666,21.036067413306363,4,12.118147210199304,64.43488442399303,52.31673721379372,80.2309515867141,positive_cross,toward_S1,4.178492001110728
5,gle350,2024-03-29 22:14:53+00:00,40.288041,-88.126164,80.72853860604225,2352.0,-9.140981040651141,rs1,4.530542378860286,33.26748812415907,28.736945745298787,4,4.530542378860286,55.23217087080065,50.70162849194037,80.2309515867141,positive_cross,toward_S1,4.0092145744320025
5,gle350,2024-03-29 22:14:54+00:00,40.28814,-88.126159,69.71438186595157,2353.0,-11.014156740090684,rs1,10.117515311157705,35.48344482343564,25.365929512277937,4,10.117515311157705,44.22424579188424,34.10673048072654,80.2309515867141,positive_cross,toward_S1,3.805248708874768
5,gle350,2024-03-29 22:14:55+00:00,40.288245,-88.126161,58.04387442373324,2354.0,-11.670507442218323,rs1,21.426281423070847,32.63060758976445,11.204326166693605,4,21.426281423070847,32.63060758976445,11.204326166693605,80.2309515867141,positive_cross,toward_S1,3.58912820068554
5,gle350,2024-03-29 22:14:56+00:00,40.288358,-88.12616,45.47936218480944,2355.0,-12.564512238923804,rs3,20.209389172827684,33.847518460858105,13.63812928803042,3,20.209389172827684,33.847518460858105,13.63812928803042,26.33125891160298,positive_cross,toward_S1,3.354594505059379
5,gle350,2024-03-29 22:14:57+00:00,40.288477,-88.126159,32.24778894442323,2356.0,-13.231573240386211,rs3,7.67011485339288,34.7268250507788,27.056710197385918,3,7.67011485339288,47.01356281980335,39.343447966410466,26.33125891160298,positive_cross,toward_S1,3.1095653709781526
5,gle350,2024-03-29 22:14:58+00:00,40.288609,-88.126157,17.56938682413664,2357.0,-14.678402120286588,rs3,8.965157690072243,35.52484977336778,26.559692083295534,3,8.965157690072243,45.88045636438755,36.91529867431531,26.33125891160298,positive_cross,toward_S1,2.837743109491364
5,gle350,2024-03-29 22:14:59+00:00,40.288749,-88.126152,1.9969799063328686,2358.0,-15.572406917803772,rs3,23.93064866071273,30.327592081001075,6.396943420288345,3,23.93064866071273,30.327592081001075,6.396943420288345,26.33125891160298,positive_cross,toward_S1,2.549365203606109
5,gle350,2024-03-29 22:15:00+00:00,40.2889,-88.126145,-14.801432266057473,2359.0,-16.798412172390343,rs6,13.59192824152877,34.64203653725347,21.050108295724698,2,13.59192824152877,40.58191618199187,26.989987940463102,-27.632700444717127,positive_cross,toward_S1,2.237616077382586
5,gle350,2024-03-29 22:15:01+00:00,40.289048,-88.126139,-31.264783895612968,2360.0,-16.463351629555497,rs6,3.566577816526729,32.89155698105661,29.324979164529882,2,3.566577816526729,48.267674618640086,44.701096802113355,-27.632700444717127,positive_cross,toward_S1,1.9327391953537807
5,gle350,2024-03-29 22:15:02+00:00,40.28919,-88.126136,-47.05648439427878,2361.0,-15.791700498665815,rs6,18.928472485696208,32.472893065448375,13.544420579752167,2,18.928472485696208,32.472893065448375,13.544420579752167,-27.632700444717127,positive_cross,toward_S1,1.6403002972303398
5,gle350,2024-03-29 22:15:03+00:00,40.289317,-88.126134,-61.17900234643846,2362.0,-14.122517952159676,rs8,18.351326048096755,33.01906319169215,14.667737143595392,1,18.351326048096755,33.01906319169215,14.667737143595392,-78.92951005359993,positive_cross,toward_S1,1.3287131056881754
5,gle350,2024-03-29 22:15:04+00:00,40.289423,-88.126136,-72.96068662194877,2363.0,-11.781684275510308,rs8,6.624184188265444,29.69411115651985,23.069926968254407,1,6.624184188265444,44.806928569948305,38.18274438168286,-78.92951005359993,positive_cross,toward_S1,1.1105337672527993
5,gle350,2024-03-29 22:15:05+00:00,40.289507,-88.126144,-82.28730030100581,2364.0,-9.326613679057047,rs8,3.2942158554692784,28.62911695386635,25.334901098397072,1,3.2942158554692784,54.16906559720887,50.874849741739595,-78.92951005359993,positive_cross,toward_S1,0.9378186991221132
5,gle350,2024-03-29 22:15:06+00:00,40.289578,-88.126163,-90.15178467137866,2365.0,-7.86448437037285,rs8,11.20997672107665,29.107352728861635,17.897376007784985,1,11.20997672107665,62.13930572313465,50.929329002058,-78.92951005359993,positive_cross,toward_S1,0.7921800996707642
5,gle350,2024-03-29 22:15:08+00:00,40.289634,-88.126224,-96.28435473734702,2367.0,-3.066285032984176,rs8,18.950928304511823,27.865859452204845,8.914931147693022,1,18.950928304511823,68.8429087025348,49.89198039802298,-78.92951005359993,positive_cross,toward_S1,0.6786139873380168
5,gle350,2024-03-29 22:15:09+00:00,40.289655,-88.126311,-98.4859545130559,2368.0,-2.2015997757088854,rs10,24.47665424752818,24.97813581152783,0.5014815639996506,1,24.47665424752818,72.46635594947593,47.989701701947745,-78.92951005359993,negative_cross,toward_S1,0.6378436211211856
5,gle350,2024-03-29 22:15:10+00:00,40.289635,-88.12639,-96.14154445328012,2369.0,2.3444100597757824,rs10,19.219315612981468,28.30552341335624,9.086207800374773,1,19.219315612981468,69.8624127057675,50.64309709278603,-78.92951005359993,negative_cross,toward_S4,0.6812586222281446
5,gle350,2024-03-29 22:15:11+00:00,40.289586,-88.126434,-90.62655772094145,2370.0,5.51498673233867,rs10,12.806129160049842,28.772421236462964,15.966292076413122,1,12.806129160049842,63.93753447203083,51.13140531198099,-78.92951005359993,negative_cross,toward_S4,0.7833880061603422
5,gle350,2024-03-29 22:15:12+00:00,40.289525,-88.126436,-83.84171078567998,2371.0,6.78484693526147,rs10,6.5491815206598964,26.93665868070309,20.387477160043193,1,6.5491815206598964,57.18491155414876,50.63573003348887,-78.92951005359993,negative_cross,toward_S4,0.9090333197762953
5,gle350,2024-03-29 22:15:13+00:00,40.289469,-88.126413,-77.65099909045058,2372.0,6.190711695229396,rs10,5.654985653419629,24.594522371778694,18.939536718359065,1,5.654985653419629,51.339294815785735,45.684309162366105,-78.92951005359993,negative_cross,toward_S4,1.02367612894721
5,gle350,2024-03-29 22:15:14+00:00,40.289401,-88.126398,-70.11392504929974,2373.0,7.537074041150845,rs10,10.816722612484279,24.955099857214456,14.138377244730178,1,10.816722612484279,44.2180267778486,33.40130416536432,-78.92951005359993,negative_cross,toward_S4,1.1632515741537073
5,gle350,2024-03-29 22:15:15+00:00,40.289315,-88.126394,-60.558837532106054,2374.0,9.555087517193684,rs10,19.315326040114428,29.504252438461062,10.188926398346634,1,19.315326040114428,35.119844718678266,15.804518678563838,-78.92951005359993,negative_cross,toward_S4,1.3401976392869237
5,gle350,2024-03-29 22:15:16+00:00,40.289214,-88.126401,-49.31926703885417,2375.0,11.239570493251883,rs7,24.45146086502304,29.894107697756205,5.442646832733164,2,24.45146086502304,29.894107697756205,5.442646832733164,-27.632700444717127,negative_cross,toward_S4,1.598396914923388
5,gle350,2024-03-29 22:15:17+00:00,40.289112,-88.126413,-37.96086949790753,2376.0,11.35839754094664,rs7,14.312666688760435,27.054210138234073,12.741543449473637,2,14.312666688760435,40.8828058612516,26.57013917249116,-27.632700444717127,negative_cross,toward_S4,1.8087376101261037
5,gle350,2024-03-29 22:15:18+00:00,40.289002,-88.126422,-25.717647416696582,2377.0,12.243222081210948,rs7,8.804562601143548,25.907051063054123,17.102488461910575,2,8.804562601143548,52.9536965092043,44.14913390806075,-27.632700444717127,negative_cross,toward_S4,2.0354639449633436
5,gle350,2024-03-29 22:15:19+00:00,40.288885,-88.126432,-12.694657457069416,2378.0,13.022989959627166,rs7,16.473168259020277,30.63227037516555,14.159102116145274,2,16.473168259020277,41.0725823207993,24.599414061779022,-27.632700444717127,negative_cross,toward_S4,2.2766304256971797
5,gle350,2024-03-29 22:15:20+00:00,40.288766,-88.126444,0.5537462549724561,2379.0,13.248403712041872,rs5,28.171277051362104,28.553415822037213,0.38213877067510893,3,28.171277051362104,28.553415822037213,0.38213877067510893,26.33125891160298,negative_cross,toward_S4,2.522638654506842
5,gle350,2024-03-29 22:15:21+00:00,40.288647,-88.12646,13.808270139269975,2380.0,13.25452388429752,rs5,15.70731821232647,31.98710489334232,16.27978668101585,3,15.70731821232647,41.32632156629366,25.619003353967187,26.33125891160298,negative_cross,toward_S4,2.7680928005123517
5,gle350,2024-03-29 22:15:22+00:00,40.288528,-88.126479,27.067384151436592,2381.0,13.259114012166616,rs5,7.0861192135237205,31.13320641254073,24.04708719901701,3,7.0861192135237205,54.336693717006696,47.25057450348297,26.33125891160298,negative_cross,toward_S4,3.0136319488858074
5,gle350,2024-03-29 22:15:23+00:00,40.288407,-88.12649,40.536611488002315,2382.0,13.469227336565723,rs5,14.939221488729109,35.11860440906737,20.179382920338263,3,14.939221488729109,41.21453119809305,26.27530970936394,26.33125891160298,negative_cross,toward_S4,3.2630620847481357
5,gle350,2024-03-29 22:15:24+00:00,40.288167,-88.126503,67.2389421078261,2383.0,26.70233061982379,rs2,14.837381618488893,35.2336498507504,20.396268232261512,4,14.837381618488893,40.623311257858646,25.785929639369755,80.2309515867141,negative_cross,toward_S4,3.7594072318724447
5,gle350,2024-03-29 22:15:25+00:00,40.288057,-88.126506,79.47298393178417,2384.0,12.234041823958066,rs2,4.656793959141624,33.24211664774129,28.585322688599668,4,4.656793959141624,52.76153977204178,48.104745812900155,80.2309515867141,negative_cross,toward_S4,3.985963561945742
5,gle350,2024-03-29 22:15:26+00:00,40.287958,-88.126493,90.45959990009445,2385.0,10.986615968310275,rs2,10.566144210593533,33.92629837409709,23.36015416350355,4,10.566144210593533,63.827691480225155,53.26154726963162,80.2309515867141,negative_cross,toward_S4,4.189419413210747
5,gle350,2024-03-29 22:15:27+00:00,40.287883,-88.12647,98.76267143381479,2386.0,8.303071533720342,rs2,18.918661363655353,35.78072914225957,16.862067778604214,4,18.918661363655353,72.32377369951246,53.405112335857105,80.2309515867141,negative_cross,toward_S4,4.343179997168531
5,gle350,2024-03-29 22:15:28+00:00,40.287834,-88.126427,104.14454443676566,2387.0,5.381873002950869,rs2,25.386115387065946,36.22690624927658,10.840790862210635,4,25.386115387065946,78.19649924363809,52.810383856572145,80.2309515867141,negative_cross,toward_S4,4.442844312037992
5,gle350,2024-03-29 22:15:29+00:00,40.287811,-88.126366,106.60827899387903,2388.0,2.4637345571133693,rs2,30.1386172140418,34.60025745404916,4.461640240007355,4,30.1386172140418,81.62571879778613,51.487101583744334,80.2309515867141,negative_cross,toward_S4,4.48846902605861
5,gle350,2024-03-29 22:15:30+00:00,40.287817,-88.126296,105.83411499110395,2389.0,-0.7741640027750805,rs1,30.705167188004953,33.1911671879796,2.4859999999746485,4,30.705167188004953,81.47797430777493,50.77280711976998,80.2309515867141,positive_cross,toward_S1,4.474132655636849
5,gle350,2024-03-29 22:15:31+00:00,40.287848,-88.126229,102.28512027701281,2390.0,-3.548994714091137,rs1,25.071064949094513,35.01113193247182,9.940066983377307,4,25.071064949094513,77.16270577021976,52.091640821125246,80.2309515867141,positive_cross,toward_S1,4.408410531301828
5,gle350,2024-03-29 22:15:32+00:00,40.287908,-88.126184,95.54565833140128,2391.0,-6.739461945611524,rs1,17.462955000347502,34.81267464653588,17.34971964618838,4,17.462955000347502,70.1152776470831,52.6523226467356,80.2309515867141,positive_cross,toward_S1,4.28360568045717
5,gle350,2024-03-29 22:15:33+00:00,40.28798,-88.126166,87.51338554130373,2392.0,-8.03227279009755,rs1,9.497834178853738,33.761499340920565,24.26366516206683,4,9.497834178853738,62.01007492990908,52.512240751055344,80.2309515867141,positive_cross,toward_S1,4.134859888047957
5,gle350,2024-03-29 22:15:34+00:00,40.288067,-88.126166,77.84100101851888,2393.0,-9.672384522784853,rs1,4.571095448962148,33.23454058755015,28.663445138588003,4,4.571095448962148,52.36447987453586,47.79338442557371,80.2309515867141,positive_cross,toward_S1,3.955741656144533
5,gle350,2024-03-29 22:15:35+00:00,40.288168,-88.126158,66.59990048239516,2394.0,-11.241100536123724,rs1,13.031801674838583,36.658508647109166,23.626706972270583,4,13.031801674838583,41.11533172078881,28.083530045950226,80.2309515867141,positive_cross,toward_S1,3.7475731276977973
5,gle350,2024-03-29 22:15:36+00:00,40.28828,-88.12615,54.13585477663862,2395.0,-12.46404570575654,rs1,25.13228892670293,28.653984469429385,3.521695542726455,4,25.13228892670293,28.653984469429385,3.521695542726455,80.2309515867141,positive_cross,toward_S1,3.5167574664800836
5,gle350,2024-03-29 22:15:37+00:00,40.288394,-88.126141,41.447925361404465,2396.0,-12.687929415234152,rs3,15.982036988514189,37.69651087346986,21.714473884955673,3,15.982036988514189,37.69651087346986,21.714473884955673,26.33125891160298,positive_cross,toward_S1,3.2799382675889164
5,gle350,2024-03-29 22:15:38+00:00,40.288511,-88.126135,28.431055573264718,2397.0,-13.016869788139747,rs3,3.3873387017015912,36.328169944396066,32.94083124269447,3,3.3873387017015912,50.67209328095011,47.28475457924851,26.33125891160298,positive_cross,toward_S1,3.038885123364106
5,gle350,2024-03-29 22:15:39+00:00,40.288633,-88.126129,14.858301617766276,2398.0,-13.572753955498442,rs3,10.882702772435863,38.54234701781074,27.659644245374878,3,10.882702772435863,43.09993906917455,32.21723629673869,26.33125891160298,positive_cross,toward_S1,2.7875378278919127
5,gle350,2024-03-29 22:15:40+00:00,40.288756,-88.126127,1.1804909996515547,2399.0,-13.677810618114721,rs3,24.501991976194397,29.41905698332372,4.917065007129324,3,24.501991976194397,29.41905698332372,4.917065007129324,26.33125891160298,positive_cross,toward_S1,2.5342450386675663
5,gle350,2024-03-29 22:15:41+00:00,40.288877,-88.126131,-12.26578569377108,2400.0,-13.446276693422636,rs6,15.990324523678531,36.74356887500914,20.753244351330608,2,15.990324523678531,37.96170742218041,21.97138289850188,-27.632700444717127,positive_cross,toward_S1,2.2845724953878896
5,gle350,2024-03-29 22:15:42+00:00,40.288998,-88.126138,-25.70747225857814,2401.0,-13.441686564807059,rs6,3.033653629234543,32.83113757932077,29.797483950086225,2,3.033653629234543,51.4331711382901,48.399517509055556,-27.632700444717127,positive_cross,toward_S1,2.035652373817389
5,gle350,2024-03-29 22:15:43+00:00,40.289116,-88.126144,-38.817158365525856,2402.0,-13.109686106947716,rs6,10.86658428030482,34.154370900212975,23.287786619908154,2,10.86658428030482,40.72339264762365,29.856808367318827,-27.632700444717127,positive_cross,toward_S1,1.7928804088739123
5,gle350,2024-03-29 22:15:44+00:00,40.289235,-88.126145,-52.045671520168355,2403.0,-13.2285131546425,rs6,23.982109539576943,27.510639634728225,3.5285300951512824,2,23.982109539576943,27.510639634728225,3.5285300951512824,-27.632700444717127,positive_cross,toward_S1,1.5479079430471994
5,gle350,2024-03-29 22:15:45+00:00,40.28935,-88.126144,-64.83253742650959,2404.0,-12.786865906341234,rs8,14.761449931927922,31.69439385248299,16.93294392055507,1,14.761449931927922,36.72856282143456,21.967112889506637,-78.92951005359993,positive_cross,toward_S1,1.261055048649821
5,gle350,2024-03-29 22:15:46+00:00,40.289453,-88.126147,-76.27916115841684,2405.0,-11.446623731907252,rs8,3.76864440685989,28.28449489540529,24.515850488545404,1,3.76864440685989,48.181126444515726,44.412482037655835,-78.92951005359993,positive_cross,toward_S1,1.049080535095983
5,gle350,2024-03-29 22:15:47+00:00,40.289538,-88.126151,-85.72307184229683,2406.0,-9.443910683879992,rs8,6.669190215278285,28.667212126989018,21.998021911710733,1,6.669190215278285,57.64045330484298,50.971263089564694,-78.92951005359993,positive_cross,toward_S1,0.8741933002093165
5,gle350,2024-03-29 22:15:48+00:00,40.28961,-88.126176,-93.68955278952048,2407.0,-7.966480947223644,rs8,14.936186772647979,29.709644407363438,14.77345763471546,1,14.936186772647979,65.76596314846721,50.82977637581923,-78.92951005359993,positive_cross,toward_S1,0.7266658752607306
5,gle350,2024-03-29 22:15:49+00:00,40.289662,-88.126229,-99.38965586365055,2408.0,-5.70010307413007,rs8,21.94736213471965,29.621304476298796,7.673942341579146,1,21.94736213471965,71.98598209209328,50.038619957373626,-78.92951005359993,positive_cross,toward_S1,0.6211084109249885
5,gle350,2024-03-29 22:15:50+00:00,40.289685,-88.126301,-101.83655994913,2409.0,-2.44690408547946,rs8,27.154097892311203,27.711726670103594,0.5576287777923916,1,27.154097892311203,75.54093981171133,48.386841919400126,-78.92951005359993,positive_cross,toward_S1,0.5757953723049986
5,gle350,2024-03-29 22:15:51+00:00,40.289674,-88.126373,-100.50345169246253,2410.0,1.3331082566674723,rs10,23.77799449912059,30.07878844539259,6.300793946271998,1,23.77799449912059,74.38083495878817,50.602840459667576,-78.92951005359993,negative_cross,toward_S4,0.600482562243285
5,gle350,2024-03-29 22:15:52+00:00,40.289631,-88.126425,-95.64328561858969,2411.0,4.860166073872847,rs10,17.827700078528196,30.484212736909097,12.656512658380901,1,17.827700078528196,68.99833484776761,51.17063476923941,-78.92951005359993,negative_cross,toward_S4,0.6904856376853747
5,gle350,2024-03-29 22:15:53+00:00,40.289564,-88.126439,-88.17301716733827,2412.0,7.470268451251414,rs10,10.349047550009583,28.277964277856004,17.92891672784642,1,10.349047550009583,61.45748769217157,51.10844014216198,-78.92951005359993,negative_cross,toward_S4,0.8288239423381788
5,gle350,2024-03-29 22:15:54+00:00,40.289488,-88.12643,-79.73734820005471,2413.0,8.435668967283561,rs10,4.3628774176752945,26.00473709483719,21.641859677161897,1,4.3628774176752945,53.18193887700923,48.81906145933394,-78.92951005359993,negative_cross,toward_S4,0.9850400343249114
5,gle350,2024-03-29 22:15:55+00:00,40.289397,-88.126428,-69.62331642896861,2414.0,10.114031771086104,rs10,9.804454466969645,27.494379866539163,17.689925399569518,1,9.804454466969645,43.23412084253057,33.42966637556093,-78.92951005359993,negative_cross,toward_S4,1.172336918974654
5,gle350,2024-03-29 22:15:56+00:00,40.289289,-88.126425,-57.620808528912704,2415.0,12.002507900055903,rs10,21.308793784342058,31.5869132104223,10.278119426080242,1,21.308793784342058,31.5869132104223,10.278119426080242,-78.92951005359993,negative_cross,toward_S4,1.3946055837905043
5,gle350,2024-03-29 22:15:57+00:00,40.289169,-88.126424,-44.28111854095645,2416.0,13.339689987956255,rs7,19.096355291588743,30.805212829718908,11.708857538130164,2,19.096355291588743,34.474872970506276,15.378517678917532,-27.632700444717127,negative_cross,toward_S4,1.6916959611807534
5,gle350,2024-03-29 22:15:58+00:00,40.28904,-88.126424,-29.93930700714478,2417.0,14.341811533811669,rs7,8.94219159332333,26.08701688094975,17.14482528762642,2,8.94219159332333,48.72974460928026,39.78755301595693,-27.632700444717127,negative_cross,toward_S4,1.957285063658747
5,gle350,2024-03-29 22:15:59+00:00,40.288906,-88.12643,-15.032431047931562,2418.0,14.906875959213219,rs7,14.553495162771258,29.400929312789177,14.84743415001792,2,14.553495162771258,43.370114987391126,28.81661982461987,-27.632700444717127,negative_cross,toward_S4,2.2333383221626955
5,gle350,2024-03-29 22:16:00+00:00,40.288768,-88.126442,0.3283325025795006,2419.0,15.360763550511063,rs7,28.378711461727224,28.439749284269425,0.06103782254220036,2,28.378711461727224,28.439749284269425,0.06103782254220036,-27.632700444717127,negative_cross,toward_S4,2.517796906431419
5,gle350,2024-03-29 22:16:01+00:00,40.288629,-88.126462,15.812513229422661,2420.0,15.48418072684316,rs5,13.97964591425257,31.429140153477377,17.449494239224805,3,13.97964591425257,43.29063564362223,29.31098972936966,26.33125891160298,negative_cross,toward_S4,2.805208413292957
5,gle350,2024-03-29 22:16:02+00:00,40.288483,-88.126484,32.07799187757565,2421.0,16.265478648152985,rs5,8.42574031191251,32.090808648723794,23.665068336811284,3,8.42574031191251,49.662578567254876,41.23683825534236,26.33125891160298,negative_cross,toward_S4,3.106420980851346
5,gle350,2024-03-29 22:16:03+00:00,40.28834,-88.126502,48.00381985348826,2422.0,15.925827975912611,rs5,21.68261077288834,33.69314189193724,12.010531119048899,3,21.68261077288834,33.69314189193724,12.010531119048899,26.33125891160298,negative_cross,toward_S4,3.4013437211460236
5,gle350,2024-03-29 22:16:04+00:00,40.288208,-88.126504,62.68222197377486,2423.0,14.678402120286599,rs2,19.212571738337036,36.09106146957351,16.878489731236474,4,19.212571738337036,36.09106146957351,16.878489731236474,80.2309515867141,negative_cross,toward_S4,3.6750235256863104
5,gle350,2024-03-29 22:16:05+00:00,40.28809,-88.126502,75.79802825223175,2424.0,13.115806278456887,rs2,7.219462333158014,33.12286040100575,25.90339806784774,4,7.219462333158014,49.14167228035859,41.92220994720058,80.2309515867141,negative_cross,toward_S4,3.9179088271392155
5,gle350,2024-03-29 22:16:06+00:00,40.287989,-88.126498,87.02076827305972,2425.0,11.22274002082797,rs2,7.5067267587518645,33.39748426784815,25.890757509096286,4,7.5067267587518645,60.35531882410322,52.848592065351355,80.2309515867141,negative_cross,toward_S4,4.1257373460434374
5,gle350,2024-03-29 22:16:07+00:00,40.287912,-88.126474,95.54466343132566,2426.0,8.523895158265944,rs2,15.839682669657813,34.45796048551241,18.618277815854597,4,15.839682669657813,69.08043105802054,53.240748388362725,80.2309515867141,negative_cross,toward_S4,4.283587256381695
5,gle350,2024-03-29 22:16:08+00:00,40.287859,-88.126425,101.36206351104684,2427.0,5.817400079721182,rs2,22.990659889846455,34.26378154906407,11.273121659217615,4,22.990659889846455,75.4732057105153,52.48254582066885,80.2309515867141,negative_cross,toward_S4,4.391316887487643
5,gle350,2024-03-29 22:16:09+00:00,40.287831,-88.126349,104.35873159318756,2428.0,2.9966680821407152,rs2,29.13108654677577,31.96073422914658,2.829647682370812,4,29.13108654677577,79.76451535236586,50.63342880559009,80.2309515867141,negative_cross,toward_S4,4.446810740860619
5,gle350,2024-03-29 22:16:10+00:00,40.287841,-88.126269,103.1245598268155,2429.0,-1.2341717663720573,rs1,27.253739638473157,32.90546647304891,5.651726834575754,4,27.253739638473157,78.43869885797963,51.184959219506474,80.2309515867141,positive_cross,toward_S1,4.423955708150026
5,gle350,2024-03-29 22:16:11+00:00,40.28788,-88.126199,98.68156031522891,2430.0,-4.442999511586592,rs1,20.82480970002892,35.13209490529538,14.307285205266464,4,20.82480970002892,73.33519081786548,52.51038111783656,80.2309515867141,positive_cross,toward_S1,4.341677939416941
5,gle350,2024-03-29 22:16:12+00:00,40.287947,-88.126164,91.17916096360327,2431.0,-7.502399351625641,rs1,12.807340169557063,34.83506453282498,22.027724363267914,4,12.807340169557063,65.65956623018945,52.85222606063239,80.2309515867141,positive_cross,toward_S1,4.202744618090541
5,gle350,2024-03-29 22:16:13+00:00,40.288025,-88.12617,82.51654820105486,2432.0,-8.662612762548406,rs1,5.837232532803331,32.80009887962478,26.962866346821446,4,5.837232532803331,57.04782923177194,51.21059669896861,80.2309515867141,positive_cross,toward_S1,4.042325863228533
5,gle350,2024-03-29 22:16:14+00:00,40.28811,-88.126172,73.06957743064123,2433.0,-9.446970770413628,rs1,7.779818322649837,33.50824905396425,25.72843073131441,4,7.779818322649837,47.653286617648085,39.87346829499825,80.2309515867141,positive_cross,toward_S1,3.867381960072725
5,gle350,2024-03-29 22:16:15+00:00,40.288208,-88.126165,62.16353743891054,2434.0,-10.906039991730694,rs1,17.47948783968913,36.75624926241988,19.276761422730747,4,17.47948783968913,36.75624926241988,19.276761422730747,80.2309515867141,positive_cross,toward_S1,3.6654182565221562
5,gle350,2024-03-29 22:16:16+00:00,40.288322,-88.126156,49.475608022864684,2435.0,-12.687929416045854,rs3,24.090780483093518,29.831135276244595,5.740354793151077,3,24.090780483093518,29.831135276244595,5.740354793151077,26.33125891160298,positive_cross,toward_S1,3.4285990576159575
5,gle350,2024-03-29 22:16:17+00:00,40.288444,-88.126152,35.90591415313169,2436.0,-13.569693869732994,rs3,10.775583361384795,36.10022938939564,25.324646028010847,3,10.775583361384795,43.30809895749763,32.53251559611283,26.33125891160298,positive_cross,toward_S1,3.17730843039868
5,gle350,2024-03-29 22:16:18+00:00,40.288572,-88.126148,21.669159281124596,2437.0,-14.236754872007094,rs3,5.025824943033587,35.48526377992795,30.45943883689436,3,5.025824943033587,49.94053961830594,44.91471467527235,26.33125891160298,positive_cross,toward_S1,2.913664821657808
5,gle350,2024-03-29 22:16:19+00:00,40.288701,-88.126151,7.331937875928499,2438.0,-14.337221405196097,rs3,18.645248961536456,35.63853330739682,16.993284345860364,3,18.645248961536456,35.63853330739682,16.993284345860364,26.33125891160298,positive_cross,toward_S1,2.6481607215615837
5,gle350,2024-03-29 22:16:20+00:00,40.288833,-88.126155,-7.337283986315245,2439.0,-14.669221862243745,rs6,21.08395988220854,33.233208395961114,12.149248513752575,2,21.08395988220854,33.233208395961114,12.149248513752575,-27.632700444717127,positive_cross,toward_S1,2.3758410455259606
5,gle350,2024-03-29 22:16:21+00:00,40.288968,-88.126154,-22.34768656446118,2440.0,-15.010402578145936,rs6,6.595910864798492,31.854673927760125,25.258763062961634,2,6.595910864798492,48.180478979004945,41.584568114206455,-27.632700444717127,positive_cross,toward_S1,2.097870627412147
5,gle350,2024-03-29 22:16:22+00:00,40.289102,-88.126146,-37.25762260941812,2441.0,-14.90993604495694,rs6,9.390466690475495,33.51332168175011,24.12285499127461,2,9.390466690475495,42.28649248124623,32.896025790770736,-27.632700444717127,positive_cross,toward_S1,1.8217607006536853
5,gle350,2024-03-29 22:16:23+00:00,40.289234,-88.126141,-51.94061485834202,2442.0,-14.682992248923902,rs6,23.840753024184565,27.601394495655338,3.760641471470773,2,23.840753024184565,27.601394495655338,3.760641471470773,-27.632700444717127,positive_cross,toward_S1,1.549853436784724
5,gle350,2024-03-29 22:16:24+00:00,40.289363,-88.126141,-66.2824263921537,2443.0,-14.341811533811672,rs8,13.295898281026481,31.314497930600073,18.01859964957359,1,13.295898281026481,38.157826804720536,24.861928523694054,-78.92951005359993,positive_cross,toward_S1,1.234205252989745
5,gle350,2024-03-29 22:16:25+00:00,40.289477,-88.126143,-78.95352533577567,2444.0,-12.67109894362197,rs8,1.7303575323249167,28.50709468962047,26.776737157295553,1,1.7303575323249167,50.83164878062738,49.101291248302466,-78.92951005359993,positive_cross,toward_S1,0.9995552725523011
5,gle350,2024-03-29 22:16:26+00:00,40.28957,-88.126157,-89.2715502597517,2445.0,-10.31802492397604,rs8,10.21123319257877,29.247465116216485,19.036231923637715,1,10.21123319257877,61.22132675144856,51.010093558869784,-78.92951005359993,positive_cross,toward_S1,0.8084807369231152
5,gle350,2024-03-29 22:16:27+00:00,40.289642,-88.126192,-97.22273077823503,2446.0,-7.951180518483326,rs8,18.73965041364126,30.551553320232152,11.811902906590891,1,18.73965041364126,69.425848193634,50.68619777999274,-78.92951005359993,positive_cross,toward_S1,0.661236653247498
5,gle350,2024-03-29 22:16:28+00:00,40.289684,-88.126258,-101.79117495945833,2447.0,-4.568444181223299,rs8,25.21549703779645,29.770489397079967,4.554992359283517,1,25.21549703779645,74.76482250360458,49.549325465808124,-78.92951005359993,positive_cross,toward_S1,0.5766358350766962
5,gle350,2024-03-29 22:16:29+00:00,40.289697,-88.126329,-103.12784075153411,2448.0,-1.3366657920757774,rs10,27.670168118849077,29.607624064773137,1.9374559459240608,1,27.670168118849077,77.36351785393877,49.6933497350897,-78.92951005359993,negative_cross,toward_S1,0.5518827648530706
5,gle350,2024-03-29 22:16:30+00:00,40.28968,-88.126399,-101.13073157914793,2449.0,1.9971091723861747,rs10,23.672927689278175,32.123655953433385,8.45072826415521,1,23.672927689278175,74.69253720118743,51.01960951190926,-78.92951005359993,negative_cross,toward_S4,0.5888662680454073
5,gle350,2024-03-29 22:16:31+00:00,40.289631,-88.126448,-95.60809463244999,2450.0,5.5226369466979435,rs10,17.42855423743792,32.13865428630067,14.710100048862753,1,17.42855423743792,68.78733980178339,51.35878556434547,-78.92951005359993,negative_cross,toward_S4,0.6911373226138877
5,gle350,2024-03-29 22:16:32+00:00,40.289562,-88.126455,-87.92618281390588,2451.0,7.681911818544108,rs10,9.768910208489483,29.497752333323064,19.72884212483358,1,9.768910208489483,61.09103259868274,51.32212239019326,-78.92951005359993,negative_cross,toward_S4,0.8333949488832231
5,gle350,2024-03-29 22:16:33+00:00,40.289493,-88.126429,-80.29476241107521,2452.0,7.6314204028306705,rs10,4.639912034444343,25.940677831840453,21.30076579739611,1,4.639912034444343,53.744504964756445,49.1045929303121,-78.92951005359993,negative_cross,toward_S4,0.9747175489356429
5,gle350,2024-03-29 22:16:34+00:00,40.289416,-88.126413,-71.75862691060266,2453.0,8.536135500472554,rs10,8.72012080467114,25.62083843264072,16.90071762796958,1,8.72012080467114,45.55777916600417,36.83765836133303,-78.92951005359993,negative_cross,toward_S4,1.1327941322777273
5,gle350,2024-03-29 22:16:35+00:00,40.289327,-88.126407,-61.87306897765323,2454.0,9.885557932949425,rs10,17.673126263543775,29.573300542739766,11.90017427919599,1,17.673126263543775,36.06937129876021,18.396245035216435,-78.92951005359993,negative_cross,toward_S4,1.3158600199249388
5,gle350,2024-03-29 22:16:36+00:00,40.289225,-88.126418,-50.51620147957844,2455.0,11.356867498074791,rs7,25.00709015575762,28.404398844330295,3.397308688572675,2,25.00709015575762,28.404398844330295,3.397308688572675,-27.632700444717127,negative_cross,toward_S4,1.576231462317383
5,gle350,2024-03-29 22:16:37+00:00,40.289121,-88.126428,-38.93851035695805,2456.0,11.577691122620394,rs7,14.316864431202074,28.613643921534788,14.296779490332714,2,14.316864431202074,39.73278259492918,25.41591816372711,-27.632700444717127,negative_cross,toward_S4,1.7906331497733163
5,gle350,2024-03-29 22:16:38+00:00,40.289012,-88.126432,-26.81411532346363,2457.0,12.12439503349442,rs7,7.839569380955552,26.690870369450707,18.851300988495154,2,7.839569380955552,51.77393450389295,43.9343651229374,-27.632700444717127,negative_cross,toward_S4,2.015158983726917
5,gle350,2024-03-29 22:16:39+00:00,40.288898,-88.126436,-14.133836122588766,2458.0,12.680279200874862,rs7,15.044749438059942,30.250536557696975,15.205787119637034,2,15.044749438059942,42.37956990025819,27.33482046219825,-27.632700444717127,negative_cross,toward_S4,2.249978968928303
5,gle350,2024-03-29 22:16:40+00:00,40.288783,-88.126447,-1.3316697874854495,2459.0,12.802166335103317,rs7,26.6572295965456,29.860719579352885,3.203489982807284,2,26.6572295965456,29.860719579352885,3.203489982807284,-27.632700444717127,negative_cross,toward_S4,2.487056123282068
5,gle350,2024-03-29 22:16:41+00:00,40.28867,-88.12646,11.251202965944126,2460.0,12.582872753429575,rs5,17.89379830052967,33.05883928112391,15.165040980594238,3,17.89379830052967,38.7919731796207,20.898174879091027,26.33125891160298,negative_cross,toward_S4,2.720739704710021
5,gle350,2024-03-29 22:16:42+00:00,40.288554,-88.126478,24.17525643529764,2461.0,12.924053469353515,rs5,7.6736405752735575,31.10014763965315,23.426507064379592,3,7.6736405752735575,51.45886577835754,43.78522520308398,26.33125891160298,negative_cross,toward_S4,2.960074028216568
5,gle350,2024-03-29 22:16:43+00:00,40.288436,-88.126496,37.321663571256906,2462.0,13.146407135959265,rs5,11.82179378267666,34.410054505006194,22.588260722329533,3,11.82179378267666,44.35085577722792,32.529061994551256,26.33125891160298,negative_cross,toward_S4,3.2035260122158133
5,gle350,2024-03-29 22:16:44+00:00,40.288314,-88.126507,50.902067741136385,2463.0,13.580404169879479,rs5,24.41651086267212,30.770437430461968,6.353926567789848,3,24.41651086267212,30.770437430461968,6.353926567789848,26.33125891160298,negative_cross,toward_S4,3.4550149783246926
5,gle350,2024-03-29 22:16:45+00:00,40.288195,-88.126511,64.13823111013816,2464.0,13.23616336900178,rs2,17.670479187614145,37.0601864782397,19.389707290625555,4,17.670479187614145,37.44986281836773,19.779383630753582,80.2309515867141,negative_cross,toward_S4,3.7019866578411866
5,gle350,2024-03-29 22:16:46+00:00,40.288089,-88.126512,75.92450551430755,2465.0,11.78627440416939,rs2,6.620008081574159,33.95347932924803,27.333471247673874,4,6.620008081574159,49.17110921036729,42.551101128793135,80.2309515867141,negative_cross,toward_S4,3.9202509986591383
5,gle350,2024-03-29 22:16:47+00:00,40.287988,-88.12649,87.11970476416683,2466.0,11.195199249859272,rs2,8.048299590100228,32.76142488798869,24.71312529788846,4,8.048299590100228,60.5312915719706,52.48299198187037,80.2309515867141,negative_cross,toward_S4,4.1275695032861615
5,gle350,2024-03-29 22:16:48+00:00,40.287915,-88.126476,95.21419301633817,2467.0,8.094488252171345,rs2,15.46537946890375,34.45554617220727,18.990166703303522,4,15.46537946890375,68.73041248843055,53.2650330195268,80.2309515867141,negative_cross,toward_S4,4.277467433881927
5,gle350,2024-03-29 22:16:49+00:00,40.28786,-88.126431,101.260066934196,2468.0,6.045873917857833,rs2,22.65041613563267,34.58697528263436,11.936559147001692,4,22.65041613563267,75.28619678775581,52.635780652123145,80.2309515867141,negative_cross,toward_S4,4.389428061990405
5,gle350,2024-03-29 22:16:50+00:00,40.287829,-88.126361,104.59944577432084,2469.0,3.339378840124837,rs2,28.710004001242755,32.775888957642024,4.06588495639927,4,28.710004001242755,79.75675275958264,51.04674875833989,80.2309515867141,negative_cross,toward_S4,4.451268410881607
5,gle350,2024-03-29 22:16:51+00:00,40.287832,-88.126281,104.1435118435366,2470.0,-0.4559339307842407,rs1,28.624447197899862,32.85574023030562,4.231293032405759,4,28.624447197899862,79.60227566419765,50.97782846629779,80.2309515867141,positive_cross,ambiguous,4.442825189941157
5,gle350,2024-03-29 22:16:52+00:00,40.287864,-88.126214,100.48334029613171,2471.0,-3.660171547404886,rs1,22.94185650856174,35.00335740579584,12.061500897234097,4,22.94185650856174,75.24147779079061,52.29962128222887,80.2309515867141,positive_cross,toward_S1,4.375044235359585
5,gle350,2024-03-29 22:16:53+00:00,40.28792,-88.126172,94.19317581397065,2472.0,-6.29016448216106,rs1,15.870102565201213,35.211688029316846,19.34158546411563,4,15.870102565201213,68.70302489458815,52.83292232938694,80.2309515867141,positive_cross,toward_S1,4.258559707912158
5,gle350,2024-03-29 22:16:54+00:00,40.287987,-88.126159,86.72443740561287,2473.0,-7.46873840835778,rs1,8.534420405368918,34.20141592355781,25.66699551818889,4,8.534420405368918,61.19222383746157,52.65780343209265,80.2309515867141,positive_cross,toward_S1,4.120249737387014
5,gle350,2024-03-29 22:16:55+00:00,40.288059,-88.126151,78.70746504425564,2474.0,-8.016972361357233,rs1,3.143752612575247,34.43582095534973,31.292068342774485,4,3.143752612575247,53.15699524177465,50.013242629199404,80.2309515867141,positive_cross,toward_S1,3.9717872862507693
5,gle350,2024-03-29 22:16:56+00:00,40.288143,-88.126147,69.36249085071456,2475.0,-9.344974193541077,rs1,10.100972856958464,36.55485146272458,26.453878605766114,4,10.100972856958464,43.811555165780334,33.71058230882187,80.2309515867141,positive_cross,toward_S1,3.798732208592601
5,gle350,2024-03-29 22:16:57+00:00,40.288233,-88.126144,59.35198569856121,2476.0,-10.010505152153357,rs1,19.88184835729142,33.80940589366018,13.927557536368756,4,19.88184835729142,33.80940589366018,13.927557536368756,80.2309515867141,positive_cross,toward_S1,3.6133524835527244
5,gle350,2024-03-29 22:16:58+00:00,40.288328,-88.12614,48.78406633540905,2477.0,-10.567919363152157,rs3,23.25500153952062,30.365932992783602,7.110931453262982,3,23.25500153952062,30.365932992783602,7.110931453262982,26.33125891160298,positive_cross,toward_S1,3.415792730070483
5,gle350,2024-03-29 22:16:59+00:00,40.288423,-88.126137,38.217677015107036,2478.0,-10.566389320302015,rs3,12.743485107330736,37.99110109876366,25.247615991432923,3,12.743485107330736,40.8992082486997,28.155723141368966,26.33125891160298,positive_cross,toward_S1,3.220118853768594
5,gle350,2024-03-29 22:17:00+00:00,40.288525,-88.126135,26.874579902922445,2479.0,-11.34309711218459,rs3,2.28887043464804,36.27377482810099,33.98490439345295,3,2.28887043464804,52.22834559176137,49.93947515711333,26.33125891160298,positive_cross,toward_S1,3.0100614998392494
5,gle350,2024-03-29 22:17:01+00:00,40.288636,-88.126133,14.530891288522502,2480.0,-12.343688614399943,rs3,11.261762316865545,38.32055662698162,27.058794310116077,3,11.261762316865545,42.775365572189976,31.513603255324433,26.33125891160298,positive_cross,toward_S1,2.781474673646658
5,gle350,2024-03-29 22:17:02+00:00,40.288749,-88.126131,1.9648490059368862,2481.0,-12.566042282585617,rs3,23.74484492643328,30.20823055689419,6.463385630460909,3,23.74484492643328,30.20823055689419,6.463385630460909,26.33125891160298,positive_cross,toward_S1,2.5487701869321095
5,gle350,2024-03-29 22:17:03+00:00,40.288866,-88.126134,-11.038250395544436,2482.0,-13.003099401481322,rs6,17.22962295546848,36.751264302818484,19.521641347350005,2,17.22962295546848,36.751264302818484,19.521641347350005,-27.632700444717127,positive_cross,toward_S1,2.307304630540235
5,gle350,2024-03-29 22:17:04+00:00,40.288983,-88.126139,-24.038289712050258,2483.0,-13.000039316505822,rs6,4.5388322428813614,32.886682632639165,28.347850389757802,2,4.5388322428813614,49.770142258366484,45.23131001548512,-27.632700444717127,positive_cross,toward_S1,2.066563161716053
5,gle350,2024-03-29 22:17:05+00:00,40.289097,-88.126138,-36.713978784287804,2484.0,-12.675689072237546,rs6,8.693961561946068,34.01112284250202,25.31716128055595,2,8.693961561946068,42.81733026787708,34.123368705931014,-27.632700444717127,positive_cross,toward_S1,1.8318281788968394
5,gle350,2024-03-29 22:17:06+00:00,40.289211,-88.126135,-49.39272794305902,2485.0,-12.678749158771218,rs6,21.251078907838597,30.13561869462619,8.884539786787592,2,21.251078907838597,30.13561869462619,8.884539786787592,-27.632700444717127,positive_cross,toward_S1,1.5970365278084835
5,gle350,2024-03-29 22:17:07+00:00,40.289322,-88.126134,-61.73488651458712,2486.0,-12.342158571528095,rs8,17.795857633881475,33.57470908402782,15.778851450146348,1,17.795857633881475,33.57470908402782,15.778851450146348,-78.92951005359993,positive_cross,toward_S1,1.318418954426163
5,gle350,2024-03-29 22:17:08+00:00,40.28942,-88.126137,-72.6256260783457,2487.0,-10.890739563758586,rs8,6.967170528653208,29.67932551569441,22.712154987041203,1,6.967170528653208,44.47651258771346,37.50934205906025,-78.92951005359993,positive_cross,toward_S1,1.1167385921343373
5,gle350,2024-03-29 22:17:09+00:00,40.289503,-88.126146,-81.83953288119541,2488.0,-9.213906802849706,rs8,3.028515819445345,28.410374717062716,25.38185889761737,1,3.028515819445345,53.731885684709994,50.70336986526465,-78.92951005359993,positive_cross,toward_S1,0.9461106883778614
5,gle350,2024-03-29 22:17:10+00:00,40.289572,-88.126163,-89.48472366991625,2489.0,-7.645190788720839,rs8,10.574853094215431,28.854042848581877,18.279189754366445,1,10.574853094215431,61.4732449615538,50.898391867338376,-78.92951005359993,positive_cross,toward_S1,0.8045330811793274
5,gle350,2024-03-29 22:17:11+00:00,40.289629,-88.126208,-95.75295125519156,2490.0,-6.268227585275312,rs8,17.869928905956392,28.59826582242031,10.728336916463917,1,17.869928905956392,68.12546792522241,50.25553901926602,-78.92951005359993,positive_cross,toward_S1,0.6884547925631179
5,gle350,2024-03-29 22:17:12+00:00,40.289663,-88.126275,-99.43045072466316,2491.0,-3.6774994694715986,rs8,23.899539207036746,27.05009345739149,3.1505542503547446,1,23.899539207036746,72.71088713215795,48.811347925121204,-78.92951005359993,positive_cross,toward_S1,0.620352950535866
5,gle350,2024-03-29 22:17:13+00:00,40.289666,-88.126352,-99.64616792397865,2492.0,-0.21571719931549183,rs10,23.711449826725612,28.200289648472108,4.488839821746495,1,23.711449826725612,73.83652798414822,50.12507815742261,-78.92951005359993,negative_cross,ambiguous,0.6163581875855791
5,gle350,2024-03-29 22:17:14+00:00,40.289636,-88.126416,-96.21294017260682,2493.0,3.433227751371831,rs10,18.570917240843563,30.159344832194456,11.588427591350893,1,18.570917240843563,69.6469575552101,51.07604031436653,-78.92951005359993,negative_cross,toward_S4,0.6799364792776501
5,gle350,2024-03-29 22:17:15+00:00,40.289583,-88.126445,-90.27619674857633,2494.0,5.936743424030496,rs10,12.235009320580291,29.500081499722764,17.26507217914247,1,12.235009320580291,63.50062111574367,51.26561179516338,-78.92951005359993,negative_cross,toward_S4,0.7898761723152519
5,gle350,2024-03-29 22:17:16+00:00,40.289521,-88.126437,-83.39547340876317,2495.0,6.880723339813159,rs10,6.134999916205743,26.94458484960133,20.809584933395588,1,6.134999916205743,56.732731623628005,50.59773170742226,-78.92951005359993,negative_cross,toward_S4,0.9172969749043844
5,gle350,2024-03-29 22:17:17+00:00,40.289457,-88.126422,-76.30310670163556,2496.0,7.09236670712761,rs10,5.282047893558891,25.466690536028025,20.184642642469136,1,5.282047893558891,49.889459949081015,44.607412055522126,-78.92951005359993,negative_cross,toward_S4,1.0486370991104512
5,gle350,2024-03-29 22:17:18+00:00,40.289382,-88.126415,-67.97555448271198,2497.0,8.327552218923572,rs10,11.79106628202397,27.100635273974156,15.309568991950187,1,11.79106628202397,41.82760376864337,30.0365374866194,-78.92951005359993,negative_cross,toward_S4,1.2028510290905174
5,gle350,2024-03-29 22:17:19+00:00,40.289294,-88.126414,-58.19352316869528,2498.0,9.782031314016706,rs10,20.991657879785702,32.30108453254056,11.309426652754855,1,20.991657879785702,32.38053218891742,11.388874309131719,-78.92951005359993,negative_cross,toward_S4,1.3839997571278637
5,gle350,2024-03-29 22:17:20+00:00,40.289192,-88.126418,-46.84736597074523,2499.0,11.346157197950049,rs7,21.624192155156816,31.84121855787697,10.217026402720155,2,21.624192155156816,32.02041264870973,10.396220493552914,-27.632700444717127,negative_cross,toward_S4,1.6441728606291093
5,gle350,2024-03-29 22:17:21+00:00,40.28909,-88.126421,-35.50273881568879,2500.0,11.344627155056443,rs7,12.076621663728607,26.88009395462356,14.803472290894954,2,12.076621663728607,43.225502578617025,31.148880914888416,-27.632700444717127,negative_cross,toward_S4,1.85425854868571
5,gle350,2024-03-29 22:17:22+00:00,40.288981,-88.126424,-23.37987382504448,2501.0,12.122864990644306,rs7,9.325768473625125,26.362571791957453,17.03680331833233,2,9.325768473625125,51.5859909321199,42.26022245849477,-27.632700444717127,negative_cross,toward_S4,2.0787560485124565
5,gle350,2024-03-29 22:17:23+00:00,40.288872,-88.126433,-11.247828577147288,2502.0,12.132045247897192,rs7,17.721340722270696,31.44061504604838,13.719274323777682,2,17.721340722270696,39.658493922542085,21.93715320027139,-27.632700444717127,negative_cross,toward_S4,2.303423553103145
5,gle350,2024-03-29 22:17:24+00:00,40.288762,-88.126453,1.0122239756758296,2503.0,12.260052552823119,rs5,27.488750377938196,28.815750312166706,1.3269999342285104,3,27.488750377938196,28.815750312166706,1.3269999342285104,26.33125891160298,negative_cross,toward_S4,2.5311289826680157
5,gle350,2024-03-29 22:17:25+00:00,40.288648,-88.126471,13.713923776800186,2504.0,12.701699801124356,rs5,15.306229128218751,32.891999255260295,17.585770127041542,3,15.306229128218751,41.10295363524951,25.79672450703076,26.33125891160298,negative_cross,toward_S4,2.7663456456518003
5,gle350,2024-03-29 22:17:26+00:00,40.288533,-88.126487,26.523740326284532,2505.0,12.809816549484346,rs5,6.4181648210465205,31.800983204043767,25.382818382997247,3,6.4181648210465205,53.737729534120994,47.31956471307447,26.33125891160298,negative_cross,toward_S4,3.003564470642251
5,gle350,2024-03-29 22:17:27+00:00,40.288415,-88.126501,39.66402729075637,2506.0,13.14028696447184,rs5,13.752589908581708,35.62688211086822,21.874292202286515,3,13.752589908581708,41.98209680167382,28.22950689309211,26.33125891160298,negative_cross,toward_S4,3.24690311813247
5,gle350,2024-03-29 22:17:28+00:00,40.288294,-88.126507,53.12560441294108,2507.0,13.461577122184707,rs5,26.602737520578568,28.567978913291697,1.9652413927131285,3,26.602737520578568,28.567978913291697,1.9652413927131285,26.33125891160298,negative_cross,toward_S4,3.496191583358113
5,gle350,2024-03-29 22:17:29+00:00,40.288179,-88.126508,65.91247031928229,2508.0,12.786865906341212,rs2,16.00076084180027,36.11654934287615,20.11578850107588,4,16.00076084180027,39.247053076802445,23.246292235002176,80.2309515867141,negative_cross,toward_S4,3.7348429394920037
5,gle350,2024-03-29 22:17:30+00:00,40.288069,-88.12651,78.14498210034677,2509.0,12.232511781064474,rs2,5.076849742749963,33.61374173677396,28.536891994023996,4,5.076849742749963,51.401966777879515,46.32511703512955,80.2309515867141,negative_cross,toward_S4,3.961370935437642
5,gle350,2024-03-29 22:17:31+00:00,40.287972,-88.126498,88.9107744441332,2510.0,10.76579234378643,rs2,9.01864894373502,33.867730365664315,24.849081421929295,4,9.01864894373502,62.23861444362549,53.21996549989046,80.2309515867141,negative_cross,toward_S4,4.160737460322576
5,gle350,2024-03-29 22:17:32+00:00,40.2879,-88.126481,96.88949573437523,2511.0,7.978721290242035,rs2,16.81459917293708,35.61476882457064,18.80016965163356,4,16.81459917293708,70.34652980892525,53.531930635988175,80.2309515867141,negative_cross,toward_S4,4.3084915582900205
5,gle350,2024-03-29 22:17:33+00:00,40.287849,-88.126423,102.47077176081048,2512.0,5.581276026435248,rs2,24.04933753424264,34.856739341786586,10.807401807543947,4,24.04933753424264,76.59833058378943,52.548993049546795,80.2309515867141,negative_cross,toward_S4,4.411848521742526
5,gle350,2024-03-29 22:17:34+00:00,40.28783,-88.12635,104.47143846937317,2513.0,2.00066670856269,rs2,29.168937059915557,32.10059475041183,2.931657690496273,4,29.168937059915557,79.85364098718262,50.68470392726706,80.2309515867141,negative_cross,toward_S4,4.4488979052344275
5,gle350,2024-03-29 22:17:35+00:00,40.287842,-88.126276,103.02409329364824,2514.0,-1.4473451757249336,rs1,27.448492841646193,32.392589842207485,4.9440970005612925,4,27.448492841646193,78.43213937177421,50.98364653012802,80.2309515867141,positive_cross,toward_S1,4.422095216795077
5,gle350,2024-03-29 22:17:36+00:00,40.28788,-88.126217,98.70910108698757,2515.0,-4.314992206660662,rs1,21.400480356392418,33.82388913545104,12.423408779058622,4,21.400480356392418,73.50425965606325,52.10377929967083,80.2309515867141,positive_cross,toward_S1,4.342187953708768
5,gle350,2024-03-29 22:17:37+00:00,40.287938,-88.126178,92.20117306683632,2516.0,-6.507928020151255,rs1,14.166304825836203,34.02280709587394,19.856502270037733,4,14.166304825836203,66.74723012736894,52.58092530153273,80.2309515867141,positive_cross,toward_S1,4.221670768150411
5,gle350,2024-03-29 22:17:38+00:00,40.288007,-88.12616,84.50243077668003,2517.0,-7.698742290156289,rs1,6.666385723842772,33.805288535993625,27.138902812150853,4,6.666385723842772,58.9783351072391,52.311949383396325,80.2309515867141,positive_cross,toward_S1,4.079101466480851
5,gle350,2024-03-29 22:17:39+00:00,40.288088,-88.126149,75.48027678372368,2518.0,-9.022153992956348,rs1,4.650213448625368,34.951790220968306,30.301576772342937,4,4.650213448625368,49.92712323596327,45.27690978733791,80.2309515867141,positive_cross,toward_S1,3.9120245406853624
5,gle350,2024-03-29 22:17:40+00:00,40.288181,-88.126146,65.13624113086084,2519.0,-10.344035652862843,rs1,14.195417590818293,38.17006909762493,23.974651506806637,4,14.195417590818293,39.5893513413971,25.393933750578803,80.2309515867141,positive_cross,toward_S1,3.7204683248916064
5,gle350,2024-03-29 22:17:41+00:00,40.288284,-88.126146,53.68502727110623,2520.0,-11.45121385975461,rs1,25.535905825766992,28.17535669225015,2.639450866483159,4,25.535905825766992,28.17535669225015,2.639450866483159,80.2309515867141,positive_cross,toward_S1,3.508408808970225
5,gle350,2024-03-29 22:17:42+00:00,40.288385,-88.126144,42.45310699221365,2521.0,-11.23192027889258,rs3,17.010505273761655,36.713996139986165,19.70349086622451,3,17.010505273761655,36.713996139986165,19.70349086622451,26.33125891160298,positive_cross,toward_S1,3.298552742233531
5,gle350,2024-03-29 22:17:43+00:00,40.288487,-88.126141,31.10847983636724,2522.0,-11.344627155846407,rs3,5.972780669680589,36.0710420932542,30.09826142357361,3,5.972780669680589,48.02577905890058,42.052998389219994,26.33125891160298,positive_cross,toward_S1,3.088467054162301
5,gle350,2024-03-29 22:17:44+00:00,40.288592,-88.126139,19.431852223429708,2523.0,-11.676627612937533,rs3,6.630727462146238,36.5994924985558,29.968765036409557,3,6.630727462146238,47.68394424223385,41.05321678008761,26.33125891160298,positive_cross,toward_S1,2.8722332094782725
5,gle350,2024-03-29 22:17:45+00:00,40.2887,-88.126137,7.421694109782714,2524.0,-12.010158113646995,rs3,18.362073398299035,35.674910379224954,17.31283698092592,3,18.362073398299035,35.674910379224954,17.31283698092592,26.33125891160298,positive_cross,toward_S1,2.6498228740403653
5,gle350,2024-03-29 22:17:46+00:00,40.288812,-88.126137,-5.030111252955479,2525.0,-12.451805362738192,rs6,23.237934575368126,30.7704949709429,7.532560395574773,2,23.237934575368126,30.7704949709429,7.532560395574773,-27.632700444717127,positive_cross,toward_S1,2.4185664665141045
5,gle350,2024-03-29 22:17:47+00:00,40.288923,-88.126139,-17.367679695846252,2526.0,-12.337568442890774,rs6,10.984537753255696,34.264014310753005,23.27947655749731,2,10.984537753255696,43.104608209578906,32.12007045632321,-27.632700444717127,positive_cross,toward_S1,2.1900929768309423
5,gle350,2024-03-29 22:17:48+00:00,40.289034,-88.126145,-29.699127968017805,2527.0,-12.331448272171553,rs6,2.773511191259034,32.24793940391551,29.474428212656477,2,2.773511191259034,49.84023779618007,47.06672660492104,-27.632700444717127,positive_cross,toward_S1,1.96173282364258
5,gle350,2024-03-29 22:17:49+00:00,40.289144,-88.12615,-41.92092944895751,2528.0,-12.221801480939703,rs6,14.019710474350164,34.83379306841252,20.814082594062356,2,14.019710474350164,37.63896212826345,23.619251653913288,-27.632700444717127,positive_cross,toward_S1,1.735403166588141
5,gle350,2024-03-29 22:17:50+00:00,40.289253,-88.126152,-54.036144225199045,2529.0,-12.115214776241537,rs8,25.562401353431262,26.035351855698472,0.47295050226721,1,25.562401353431262,26.035351855698472,0.47295050226721,-78.92951005359993,positive_cross,toward_S1,1.4609882560814977
5,gle350,2024-03-29 22:17:51+00:00,40.289362,-88.126151,-66.15594912930969,2530.0,-12.119804904110644,rs8,13.526177872438018,30.585432292776606,17.05925442033859,1,13.526177872438018,38.10044484932538,24.57426697688736,-78.92951005359993,positive_cross,toward_S1,1.2365474245238932
5,gle350,2024-03-29 22:17:52+00:00,40.28946,-88.126151,-77.0512788217056,2531.0,-10.895329692395904,rs8,3.359082334025969,27.88574394409472,24.52666161006875,1,3.359082334025969,48.97714638456911,45.61806405054314,-78.92951005359993,positive_cross,toward_S1,1.0347820598498951
5,gle350,2024-03-29 22:17:53+00:00,40.289545,-88.126154,-86.49671954843568,2532.0,-9.445440726730084,rs8,7.487736010022315,28.61878639423874,21.131050384216422,1,7.487736010022315,58.43100836214767,50.943272352125355,-78.92951005359993,positive_cross,toward_S1,0.859866490836375
5,gle350,2024-03-29 22:17:54+00:00,40.289613,-88.126181,-94.01543307587067,2533.0,-7.518713527434997,rs8,15.384043868006513,29.514114120175957,14.130070252169444,1,15.384043868006513,66.13185059495648,50.74780672694996,-78.92951005359993,positive_cross,toward_S1,0.7206310551431343
5,gle350,2024-03-29 22:17:55+00:00,40.289663,-88.126236,-99.49012239681781,2534.0,-5.474689320947135,rs8,22.296456838871226,29.277856505191426,6.9813996663202005,1,22.296456838871226,72.17650489565474,49.88004805678352,-78.92951005359993,positive_cross,toward_S1,0.6192479195700392
5,gle350,2024-03-29 22:17:56+00:00,40.289681,-88.126314,-101.37196205770742,2535.0,-1.8818396608896109,rs10,26.746332415692397,27.41987268999324,0.6735402743008443,1,26.746332415692397,75.34186212257566,48.59552970688327,-78.92951005359993,negative_cross,toward_S1,0.5843990369609724
5,gle350,2024-03-29 22:17:57+00:00,40.289664,-88.126386,-99.37179279957753,2536.0,2.000169258129887,rs10,22.339269268947927,30.10494300916433,7.765673740216403,1,22.339269268947927,73.1003864038734,50.76111713492547,-78.92951005359993,negative_cross,toward_S4,0.6214392084078221
5,gle350,2024-03-29 22:17:58+00:00,40.289613,-88.126432,-93.63139231407771,2537.0,5.740400485499819,rs10,15.740355411538047,29.95952296150669,14.219167549968642,1,15.740355411538047,66.9396144215387,51.19925901000066,-78.92951005359993,negative_cross,toward_S4,0.7277429211022632
5,gle350,2024-03-29 22:17:59+00:00,40.289551,-88.126439,-86.72771833109971,2538.0,6.903673982978006,rs10,8.995563885432965,27.844105483776243,18.848541598343278,1,8.995563885432965,60.02184705032504,51.02628316489208,-78.92951005359993,negative_cross,toward_S4,0.8555887356018559
5,gle350,2024-03-29 22:18:00+00:00,40.289486,-88.126429,-79.51652457550911,2539.0,7.2111937555906,rs10,4.382685227723224,25.914961119911407,21.53227589218818,1,4.382685227723224,52.97491141062962,48.5922261829064,-78.92951005359993,negative_cross,toward_S4,0.9891293607053855
5,gle350,2024-03-29 22:18:01+00:00,40.289413,-88.126425,-71.40673589536567,2540.0,8.109788680143438,rs10,8.381382227969961,26.691854535646076,18.310472307676115,1,8.381382227969961,45.02985851487626,36.6484762869063,-78.92951005359993,negative_cross,toward_S4,1.1393106325598936
5,gle350,2024-03-29 22:18:02+00:00,40.289327,-88.126425,-61.84552820589457,2541.0,9.561207689471104,rs10,17.205054769471094,30.827764551933583,13.62270978246249,1,17.205054769471094,35.678215665299916,18.473160895828823,-78.92951005359993,negative_cross,toward_S4,1.316370034216766
5,gle350,2024-03-29 22:18:03+00:00,40.289233,-88.126429,-51.388785676824384,2542.0,10.456742529070183,rs7,25.52825239011531,27.369868583270357,1.8416161931550477,2,25.52825239011531,27.369868583270357,1.8416161931550477,-27.632700444717127,negative_cross,toward_S4,1.5600724957017174
5,gle350,2024-03-29 22:18:04+00:00,40.289137,-88.126432,-40.71121952244039,2543.0,10.677566154383996,rs7,15.638221254779202,29.660125891674753,14.02190463689555,2,15.638221254779202,37.92705916277489,22.288837907995685,-27.632700444717127,negative_cross,toward_S4,1.757805202264384
5,gle350,2024-03-29 22:18:05+00:00,40.289037,-88.126433,-29.59200612052337,2544.0,11.119213401917019,rs7,8.113446968086341,26.82297300588179,18.70952603779545,2,8.113446968086341,48.995172377557786,40.88172540947144,-27.632700444717127,negative_cross,toward_S4,1.9637165615591436
5,gle350,2024-03-29 22:18:06+00:00,40.28893,-88.126434,-17.694554883061986,2545.0,11.897451237461382,rs7,12.194674070777992,28.665520869153912,16.47084679837592,2,12.194674070777992,45.87168131264956,33.677007241871564,-27.632700444717127,negative_cross,toward_S4,2.1840397326232432
5,gle350,2024-03-29 22:18:07+00:00,40.28882,-88.126442,-5.452862844744643,2546.0,12.241692038317343,rs7,22.817171153817448,33.90070236901213,11.083531215194682,2,22.817171153817448,33.90070236901213,11.083531215194682,-27.632700444717127,negative_cross,toward_S4,2.410737733332824
5,gle350,2024-03-29 22:18:08+00:00,40.288707,-88.126458,7.13460003732225,2547.0,12.587462882066893,rs5,21.652259665209435,34.74938500076908,13.097125335559646,3,21.652259665209435,34.74938500076908,13.097125335559646,26.33125891160298,negative_cross,toward_S4,2.6445063171429495
5,gle350,2024-03-29 22:18:09+00:00,40.288592,-88.126475,19.945946629678456,2548.0,12.811346592356205,rs5,10.17804616225526,31.40497657551563,21.22693041326037,3,10.17804616225526,47.267542597529825,37.08949643527457,26.33125891160298,negative_cross,toward_S4,2.881753476260657
5,gle350,2024-03-29 22:18:10+00:00,40.288477,-88.12649,32.75423313629094,2549.0,12.808286506612486,rs5,8.473787906625097,32.718634033000235,24.244846126375137,3,8.473787906625097,48.93942655036185,40.46563864373675,26.33125891160298,negative_cross,toward_S4,3.118943967123851
5,gle350,2024-03-29 22:18:11+00:00,40.288356,-88.126499,46.22040038709122,2550.0,13.466167250800275,rs5,20.024996534460993,35.49084838826241,15.465851853801414,3,20.024996534460993,35.49084838826241,15.465851853801414,26.33125891160298,negative_cross,toward_S4,3.3683174347312637
5,gle350,2024-03-29 22:18:12+00:00,40.288239,-88.126505,59.23727017523096,2551.0,13.016869788139743,rs2,22.565571063972058,32.66646758146732,10.100896517495265,4,22.565571063972058,32.66646758146732,10.100896517495265,80.2309515867141,negative_cross,toward_S4,3.6112281220095714
5,gle350,2024-03-29 22:18:13+00:00,40.288127,-88.126506,71.6906055800728,2552.0,12.453335404841837,rs2,10.579317947285068,34.174670704290534,23.595352757005465,4,10.579317947285068,45.01345546048289,34.43413751319782,80.2309515867141,negative_cross,toward_S4,3.8418454443214576
5,gle350,2024-03-29 22:18:14+00:00,40.288017,-88.12648,83.88027616061652,2553.0,12.18967058054372,rs2,6.940859065868893,31.332949926044137,24.392090860175244,4,6.940859065868893,57.4206010172577,50.47974195138881,80.2309515867141,negative_cross,toward_S4,4.067580084701897
5,gle350,2024-03-29 22:18:15+00:00,40.287939,-88.126496,92.57654986722271,2554.0,8.696273706606192,rs2,12.326834470347618,34.89720957712312,22.5703751067755,4,12.326834470347618,65.90996725375179,53.58313278340417,80.2309515867141,negative_cross,toward_S4,4.228622190379789
5,gle350,2024-03-29 22:18:16+00:00,40.287877,-88.126455,99.40678179215585,2555.0,6.830231924933145,rs2,20.046624818931704,35.08742342717539,15.040798608243684,4,20.046624818931704,73.1350164265214,53.0883916075897,80.2309515867141,negative_cross,toward_S4,4.35510796676744
5,gle350,2024-03-29 22:18:17+00:00,40.287835,-88.126397,103.98746631637574,2556.0,4.58068452421989,rs2,26.487939178995546,34.326272172296505,7.838332993300959,4,26.487939178995546,78.50159750635623,52.01365832736069,80.2309515867141,negative_cross,toward_S4,4.439935457956697
5,gle350,2024-03-29 22:18:18+00:00,40.287821,-88.12632,105.42612868530233,2557.0,1.438662368926586,rs1,31.406118446333902,31.52880460483338,0.1226861584994765,4,31.406118446333902,81.4346955638003,50.0285771174664,80.2309515867141,positive_cross,toward_S4,4.46657735367756
5,gle350,2024-03-29 22:18:19+00:00,40.287839,-88.126247,103.31325255098683,2558.0,-2.112876134315499,rs1,26.606276965873246,34.45403000429592,7.8477530384226775,4,26.606276965873246,78.36384197601723,51.75756501014398,80.2309515867141,positive_cross,toward_S1,4.427450017856902
5,gle350,2024-03-29 22:18:20+00:00,40.287882,-88.126191,98.44696630481485,2559.0,-4.866286246171981,rs1,20.389247808542432,35.60885944149436,15.219611632951928,4,20.389247808542432,73.04862021469428,52.659372406151846,80.2309515867141,positive_cross,toward_S1,4.337333605890755
5,gle350,2024-03-29 22:18:21+00:00,40.287946,-88.126165,91.29186784057882,2560.0,-7.155098464236033,rs1,12.940402684073996,34.78727990323114,21.846877219157143,4,12.940402684073996,65.77626741987241,52.83586473579842,80.2309515867141,positive_cross,toward_S1,4.204831782478976
5,gle350,2024-03-29 22:18:22+00:00,40.288015,-88.12616,83.61301610780018,2561.0,-7.678851732778639,rs1,5.96596543605935,33.72057102919134,27.75460559313199,4,5.96596543605935,58.090662727274584,52.124697291215234,80.2309515867141,positive_cross,toward_S1,4.062630824464557
5,gle350,2024-03-29 22:18:23+00:00,40.288094,-88.126151,74.81627586800498,2562.0,-8.796740239795199,rs1,5.28164625808018,34.89298528226391,29.611339024183728,4,5.28164625808018,49.272135087473394,43.990488829393215,80.2309515867141,positive_cross,toward_S1,3.8997282274313125
5,gle350,2024-03-29 22:18:24+00:00,40.288181,-88.126145,65.13471108796725,2563.0,-9.681564780037732,rs1,14.179536562107232,38.2474254020929,24.06788883998567,4,14.179536562107232,39.583296044496834,25.403759482389603,80.2309515867141,positive_cross,toward_S1,3.720439990763947
5,gle350,2024-03-29 22:18:25+00:00,40.288275,-88.126141,54.67796855891881,2564.0,-10.456742529048434,rs1,24.497689689024472,29.13272930000368,4.635039610979209,4,24.497689689024472,29.13272930000368,4.635039610979209,80.2309515867141,positive_cross,toward_S1,3.5267966105963837
5,gle350,2024-03-29 22:18:26+00:00,40.288372,-88.126137,43.88769552832747,2565.0,-10.790273030591344,rs3,18.36207398334262,35.23403480388145,16.87196082053883,3,18.36207398334262,35.23403480388145,16.87196082053883,26.33125891160298,positive_cross,toward_S1,3.325119196606009
5,gle350,2024-03-29 22:18:27+00:00,40.288472,-88.126135,32.766952083560334,2566.0,-11.120743444767136,rs3,7.376641881547046,36.82809695802169,29.451455076474645,3,7.376641881547046,46.33714369225262,38.96050181070557,26.33125891160298,positive_cross,toward_S1,3.1191795031843954
5,gle350,2024-03-29 22:18:28+00:00,40.288576,-88.126134,21.20303134680841,2567.0,-11.563920736751925,rs3,4.8181977560496705,36.72292279552684,31.90472503947717,3,4.8181977560496705,49.44856700007701,44.63036924402734,26.33125891160298,positive_cross,toward_S1,2.9050328228741744
5,gle350,2024-03-29 22:18:29+00:00,40.288681,-88.126134,9.529463819636332,2568.0,-11.673567527172077,rs3,16.23353051057868,37.7758549312349,21.54232442065622,3,16.23353051057868,37.7758549312349,21.54232442065622,26.33125891160298,positive_cross,toward_S1,2.688855646445062
5,gle350,2024-03-29 22:18:30+00:00,40.288792,-88.126132,-2.8142247955318274,2569.0,-12.343688615168158,rs6,25.43345756378172,28.52345539287569,3.0899978290939707,2,25.43345756378172,28.52345539287569,3.0899978290939707,-27.632700444717127,positive_cross,toward_S1,2.459601400910839
5,gle350,2024-03-29 22:18:31+00:00,40.288908,-88.126132,-15.710737492314973,2570.0,-12.896512696783144,rs6,12.561395657059732,35.35879312783961,22.797397470779877,2,12.561395657059732,41.41028752337748,28.848891866317743,-27.632700444717127,positive_cross,toward_S1,2.220777091711151
5,gle350,2024-03-29 22:18:32+00:00,40.289023,-88.126137,-28.488423141403338,2571.0,-12.777685649088365,rs6,1.6711580207201013,32.87069613001726,31.19953810929716,2,1.6711580207201013,51.0433084737751,49.372150453055,-27.632700444717127,positive_cross,toward_S1,1.9841532833946998
5,gle350,2024-03-29 22:18:33+00:00,40.289136,-88.126139,-41.04834525171156,2572.0,-12.559922110308221,rs6,12.985323948928452,35.33915353422088,22.353829585292424,2,12.985323948928452,38.48425519519397,25.498931246265514,-27.632700444717127,positive_cross,toward_S1,1.7515621332038067
5,gle350,2024-03-29 22:18:34+00:00,40.289248,-88.126141,-53.49709052868429,2573.0,-12.44874527697273,rs6,25.39284437295182,26.04658767240358,0.653743299451758,2,25.39284437295182,26.04658767240358,0.653743299451758,-27.632700444717127,positive_cross,toward_S1,1.5210298132598674
5,gle350,2024-03-29 22:18:35+00:00,40.289356,-88.126143,-65.50112847084387,2574.0,-12.004037942159577,rs8,14.08874856285473,31.48157598246311,17.39282741960838,1,14.08874856285473,37.38971500107031,23.300966438215575,-78.92951005359993,positive_cross,toward_S1,1.2486737330140012
5,gle350,2024-03-29 22:18:36+00:00,40.289455,-88.126147,-76.50151482504435,2575.0,-11.000386354200486,rs8,3.581479034164969,28.265155318090834,24.683676283925866,1,3.581479034164969,48.40328218931464,44.82180315514967,-78.92951005359993,positive_cross,toward_S1,1.044962874602881
5,gle350,2024-03-29 22:18:37+00:00,40.289543,-88.126155,-86.27283583893632,2576.0,-9.771321013891964,rs8,7.309791914753324,28.47811976838551,21.168327853632185,1,7.309791914753324,58.213430729029774,50.90363881427645,-78.92951005359993,positive_cross,toward_S1,0.8640124854567335
5,gle350,2024-03-29 22:18:38+00:00,40.289614,-88.126187,-94.11742965193153,2577.0,-7.844593812995214,rs8,15.657095103842924,29.13762329308508,13.480528189242158,1,15.657095103842924,66.28598664524087,50.62889154139795,-78.92951005359993,positive_cross,toward_S1,0.7187422296605259
5,gle350,2024-03-29 22:18:39+00:00,40.289662,-88.126252,-99.35446487751085,2578.0,-5.237035225579319,rs8,22.812146469555884,28.256871532930123,5.444725063374239,1,22.812146469555884,72.26808359393966,49.45593712438378,-78.92951005359993,positive_cross,toward_S1,0.6217600958535014
5,gle350,2024-03-29 22:18:40+00:00,40.289675,-88.126327,-100.68501049884563,2579.0,-1.3305456213347782,rs10,25.60721706538615,27.560345554292816,1.9531284889066676,1,25.60721706538615,74.94494765224464,49.337730586858484,-78.92951005359993,negative_cross,toward_S1,0.5971203621250796
5,gle350,2024-03-29 22:18:41+00:00,40.289655,-88.126401,-98.34825065424083,2580.0,2.3367598446047992,rs10,20.96996836165217,30.414145284039275,9.444176922387104,1,20.96996836165217,71.9163968893953,50.94642852774313,-78.92951005359993,negative_cross,toward_S4,0.6403936925807241
5,gle350,2024-03-29 22:18:42+00:00,40.289606,-88.126447,-92.83020383536851,2581.0,5.518046818872321,rs10,14.701167920442435,30.719254299437868,16.018086378995434,1,14.701167920442435,66.0279137203365,51.32674579989406,-78.92951005359993,negative_cross,toward_S4,0.7425797447820632
5,gle350,2024-03-29 22:18:43+00:00,40.289541,-88.126452,-85.59605943742474,2582.0,7.234144397943766,rs10,7.573341146864151,28.62959756695427,21.05625642009012,1,7.573341146864151,58.79256301895706,51.21922187209291,-78.92951005359993,negative_cross,toward_S4,0.8765453817810219
5,gle350,2024-03-29 22:18:44+00:00,40.289479,-88.126422,-78.7489970408577,2583.0,6.84706239656704,rs10,4.846740272766231,25.318772981733296,20.472032708967063,1,4.846740272766231,52.30085683462342,47.454116561857184,-78.92951005359993,negative_cross,toward_S4,1.0033428335693004
5,gle350,2024-03-29 22:18:45+00:00,40.289409,-88.126398,-71.00333971817963,2584.0,7.7456573226780705,rs10,10.145338457625348,24.648632663302266,14.503294205676918,1,10.145338457625348,45.081830085153754,34.936491627528405,-78.92951005359993,negative_cross,toward_S4,1.146780932137413
5,gle350,2024-03-29 22:18:46+00:00,40.289327,-88.126395,-61.89142949215901,2585.0,9.111910226020619,rs10,18.050329448394166,28.751651714602247,10.70132226620808,1,18.050329448394166,36.36345086078748,18.313121412393315,-78.92951005359993,negative_cross,toward_S4,1.315520010397054
5,gle350,2024-03-29 22:18:47+00:00,40.289233,-88.126403,-51.4285667916014,2586.0,10.462862700557615,rs7,26.310250822657128,27.797319858071422,1.4870690354142937,2,26.310250822657128,27.797319858071422,1.4870690354142937,-27.632700444717127,negative_cross,toward_S4,1.559335808391032
5,gle350,2024-03-29 22:18:48+00:00,40.289132,-88.126408,-40.19205638409324,2587.0,11.236510407508156,rs7,16.304745323601267,27.588464534982734,11.283719211381467,2,16.304745323601267,38.74412850174368,22.439383178142414,-27.632700444717127,negative_cross,toward_S4,1.7674193344559979
5,gle350,2024-03-29 22:18:49+00:00,40.289027,-88.126414,-28.50930859887832,2588.0,11.682747785214922,rs7,9.4481877986824,25.15805585131447,15.70986805263207,2,9.4481877986824,50.25524686230068,40.80705906361828,-27.632700444717127,negative_cross,toward_S4,1.9837665156636817
5,gle350,2024-03-29 22:18:50+00:00,40.288919,-88.126425,-16.485380099341118,2589.0,12.023928499537202,rs7,13.62740373369652,28.41479557674955,14.787391843053031,2,13.62740373369652,44.876610357036995,31.249206623340477,-27.632700444717127,negative_cross,toward_S4,2.206431858247704
5,gle350,2024-03-29 22:18:51+00:00,40.288807,-88.126442,-4.007564007716117,2590.0,12.477816091625002,rs7,24.197790021536246,32.5250027198054,8.327212698269154,2,24.197790021536246,32.5250027198054,8.327212698269154,-27.632700444717127,negative_cross,toward_S4,2.4375025266111296
5,gle350,2024-03-29 22:18:52+00:00,40.288693,-88.126463,8.698725922045556,2591.0,12.706289929761674,rs5,20.059482112818927,34.50759294311679,14.448110830297864,3,20.059482112818927,36.22355624454711,16.164074131728185,26.33125891160298,negative_cross,toward_S4,2.673471611304492
5,gle350,2024-03-29 22:18:53+00:00,40.288577,-88.126485,21.6288995628865,2592.0,12.930173640840943,rs5,8.441894082638681,31.95659075007859,23.514696667439907,3,8.441894082638681,48.864399652434756,40.42250556979607,26.33125891160298,negative_cross,toward_S4,2.912919271320065
5,gle350,2024-03-29 22:18:54+00:00,40.288458,-88.126502,34.88495348928766,2593.0,13.256053926401162,rs5,9.456016672022278,34.190897693931966,24.734881021909686,3,9.456016672022278,46.729708930972876,37.2736922589506,26.33125891160298,negative_cross,toward_S4,3.158401751438605
5,gle350,2024-03-29 22:18:55+00:00,40.288335,-88.126509,48.57041432176167,2594.0,13.685460832474007,rs5,22.09370542162741,33.06526044628105,10.971555024653643,3,22.09370542162741,33.06526044628105,10.971555024653643,26.33125891160298,negative_cross,toward_S4,3.411836211299235
5,gle350,2024-03-29 22:18:56+00:00,40.288213,-88.126503,62.12480776275433,2595.0,13.554393440992662,rs2,19.77335645534766,35.55224401377703,15.778887558429368,4,19.77335645534766,35.55224401377703,15.778887558429368,80.2309515867141,negative_cross,toward_S4,3.6647010402970412
5,gle350,2024-03-29 22:18:57+00:00,40.288094,-88.126502,75.35332091739683,2596.0,13.2285131546425,rs2,7.568156491427902,33.17704692090573,25.608890429477828,4,7.568156491427902,48.69922281165707,41.13106632022917,80.2309515867141,negative_cross,toward_S4,3.909673506123754
5,gle350,2024-03-29 22:18:58+00:00,40.287989,-88.126505,87.03147857318447,2597.0,11.678157655787643,rs2,7.130808411154795,33.97680891423638,26.846000503081584,4,7.130808411154795,60.30437009908917,53.173561687934374,80.2309515867141,negative_cross,toward_S4,4.125935684934636
5,gle350,2024-03-29 22:18:59+00:00,40.287907,-88.126493,96.12961841410484,2598.0,9.098139840920368,rs2,15.721594527756556,36.14494703365116,20.4233525058946,4,15.721594527756556,69.47795288603892,53.75635835828236,80.2309515867141,negative_cross,toward_S4,4.2944197560627915
5,gle350,2024-03-29 22:19:00+00:00,40.287854,-88.126448,101.95313866454524,2599.0,5.823520250440396,rs2,22.619818258733808,36.12995733657215,13.510139077838339,4,22.619818258733808,75.74779925773848,53.12798099900467,80.2309515867141,negative_cross,toward_S4,4.402262723663539
5,gle350,2024-03-29 22:19:01+00:00,40.287819,-88.126382,105.74334501101413,2600.0,3.790206346468892,rs2,28.66831431834374,34.77612446935218,6.107810151008444,4,28.66831431834374,80.48557641910784,51.817262100764104,80.2309515867141,negative_cross,toward_S4,4.47245173007963
5,gle350,2024-03-29 22:19:02+00:00,40.287819,-88.126304,105.62400166670483,2601.0,-0.11934334430929994,rs1,30.861697029260757,32.575700056570774,1.7140030273100173,4,30.861697029260757,81.39262747078516,50.530930441524404,80.2309515867141,positive_cross,ambiguous,4.470241668147977
5,gle350,2024-03-29 22:19:03+00:00,40.287848,-88.126237,102.29736062003116,2602.0,-3.3266410466736716,rs1,25.342478048448676,34.47558585185127,9.133107803402595,4,25.342478048448676,77.25280778490198,51.9103297364533,80.2309515867141,positive_cross,toward_S1,4.408637204320686
5,gle350,2024-03-29 22:19:04+00:00,40.2879,-88.126195,96.45190347191505,2603.0,-5.845457148116111,rs1,18.62545123839633,34.362266086937396,15.736814848541066,4,18.62545123839633,71.08792023586297,52.46246899746664,80.2309515867141,positive_cross,toward_S1,4.3003879978740915
5,gle350,2024-03-29 22:19:05+00:00,40.287963,-88.126175,89.41716209826741,2604.0,-7.034741373647634,rs1,11.52910903618624,33.44617434531133,21.917065309125086,4,11.52910903618624,63.955029336542474,52.42592030035623,80.2309515867141,positive_cross,toward_S1,4.17011500947321
5,gle350,2024-03-29 22:19:06+00:00,40.288034,-88.126157,81.49606614069369,2605.0,-7.921095957573726,rs1,4.360272087703374,33.86753003812541,29.507257950422037,4,4.360272087703374,55.964849911415904,51.60457782371253,80.2309515867141,positive_cross,toward_S1,4.023428047295918
5,gle350,2024-03-29 22:19:07+00:00,40.288117,-88.12615,72.25767865259724,2606.0,-9.23838748809645,rs1,7.4641374413555015,35.50621140662073,28.042073965265228,4,7.4641374413555015,46.71405628137681,39.24991884002131,80.2309515867141,positive_cross,toward_S1,3.8523467975163546
5,gle350,2024-03-29 22:19:08+00:00,40.288212,-88.126151,61.69740950380439,2607.0,-10.560269148792848,rs1,17.662826538378177,36.18737732521974,18.524550786841566,4,17.662826538378177,36.18737732521974,18.524550786841566,80.2309515867141,positive_cross,toward_S1,3.656786257723894
5,gle350,2024-03-29 22:19:09+00:00,40.288314,-88.126148,50.35278234874794,2608.0,-11.34462715505645,rs3,24.878361310789252,28.872532722944758,3.994171412155506,3,24.878361310789252,28.872532722944758,3.994171412155506,26.33125891160298,positive_cross,toward_S1,3.4448430266137953
5,gle350,2024-03-29 22:19:10+00:00,40.288421,-88.126145,38.452271025521085,2609.0,-11.900511323226851,rs3,13.09025359869374,37.41781159951301,24.327558000819266,3,13.09025359869374,40.71492963868419,27.624676039990447,26.33125891160298,positive_cross,toward_S1,3.2244631872947798
5,gle350,2024-03-29 22:19:11+00:00,40.288529,-88.126142,26.440582869002238,2610.0,-12.011688156518847,rs3,2.64549310456202,35.676597478730464,33.03110437416844,3,2.64549310456202,52.69624021282629,50.05074710826427,26.33125891160298,positive_cross,toward_S1,3.002024517729616
5,gle350,2024-03-29 22:19:12+00:00,40.288641,-88.12614,13.985717420520333,2611.0,-12.454865448481906,rs3,11.914560557861385,37.93456260927705,26.020002051415666,3,11.914560557861385,42.24204752986997,30.327486972008586,26.33125891160298,positive_cross,toward_S1,2.771378861276247
5,gle350,2024-03-29 22:19:13+00:00,40.288757,-88.126138,1.0861446379717257,2612.0,-12.899572782548606,rs3,24.67829278426384,29.348099473425336,4.669806689161497,3,24.67829278426384,29.348099473425336,4.669806689161497,26.33125891160298,positive_cross,toward_S1,2.5324978838216436
5,gle350,2024-03-29 22:19:14+00:00,40.288872,-88.12614,-11.696131139732213,2613.0,-12.782275777703939,rs6,16.615038080161042,36.29231693944419,19.67727885928315,2,16.615038080161042,37.44640654837715,20.831368468216105,-27.632700444717127,positive_cross,toward_S1,2.295121653796017
5,gle350,2024-03-29 22:19:15+00:00,40.288987,-88.126144,-24.47534683171418,2614.0,-12.779215691981967,rs6,4.337952548766784,32.41882249352365,28.080869944756866,2,4.337952548766784,50.23558375381359,45.89763120504681,-27.632700444717127,positive_cross,toward_S1,2.0584695113519063
5,gle350,2024-03-29 22:19:16+00:00,40.2891,-88.126147,-37.03373889912881,2615.0,-12.558392067414626,rs6,9.198283383675875,33.36859115592998,24.1703077722541,2,9.198283383675875,42.512599161714846,33.314315778038974,-27.632700444717127,positive_cross,toward_S1,1.8259066952886727
5,gle350,2024-03-29 22:19:17+00:00,40.28921,-88.126145,-49.266250680215,2616.0,-12.232511781086195,rs6,21.216257933989464,30.285791875468483,9.069533941479019,2,21.216257933989464,30.285791875468483,9.069533941479019,-27.632700444717127,positive_cross,toward_S1,1.599378699342632
5,gle350,2024-03-29 22:19:18+00:00,40.289316,-88.126141,-61.05711521297821,2617.0,-11.790864532763209,rs8,18.5003212423739,32.93839216939674,14.438070927022842,1,18.5003212423739,32.93839216939674,14.438070927022842,-78.92951005359993,positive_cross,toward_S1,1.3309702748263281
5,gle350,2024-03-29 22:19:20+00:00,40.28942,-88.126141,-72.61950590683654,2619.0,-5.781195346929163,rs8,7.030524888244142,29.347629006666963,22.317104118422822,1,7.030524888244142,44.49036421244068,37.45983932419654,-78.92951005359993,positive_cross,toward_S1,1.1168519286437664
5,gle350,2024-03-29 22:19:21+00:00,40.28951,-88.126152,-82.6085904587187,2620.0,-9.989084551882158,rs8,3.9552374740827143,27.998389251374554,24.04315177729184,1,3.9552374740827143,54.53457128798725,50.57933381390453,-78.92951005359993,positive_cross,toward_S1,0.9318688813866894
5,gle350,2024-03-29 22:19:22+00:00,40.289587,-88.126169,-91.1431959163194,2621.0,-8.534605457600705,rs8,12.318693742371659,29.049873025623846,16.73117928325219,1,12.318693742371659,63.17154710198318,50.85285335961152,-78.92951005359993,positive_cross,toward_S1,0.7738206321718616
5,gle350,2024-03-29 22:19:23+00:00,40.289647,-88.12622,-97.73577374586297,2622.0,-6.592577829543572,rs8,20.112626414389986,29.054867264178014,8.942240849788028,1,20.112626414389986,70.23383541494991,50.12120900055992,-78.92951005359993,positive_cross,toward_S1,0.6517358575506844
5,gle350,2024-03-29 22:19:24+00:00,40.289674,-88.126298,-100.61820490813452,2623.0,-2.882431162271544,rs8,25.99885412709694,26.839022838927285,0.8401687118303443,1,25.99885412709694,74.29125925756416,48.29240513046722,-78.92951005359993,positive_cross,toward_S1,0.5983575026938039
5,gle350,2024-03-29 22:19:25+00:00,40.289663,-88.126378,-99.27285630847045,2624.0,1.3453485996640637,rs10,22.485055394698527,29.530523995962234,7.045468601263707,1,22.485055394698527,73.10278516275083,50.61772976805231,-78.92951005359993,negative_cross,toward_S4,0.6232713656505458
5,gle350,2024-03-29 22:19:26+00:00,40.289612,-88.126427,-93.52786569433329,2625.0,5.744990614137166,rs10,15.74633241491187,29.535064197124964,13.788731782213093,1,15.74633241491187,66.88018837041733,51.13385595550546,-78.92951005359993,negative_cross,toward_S4,0.72966008072716
5,gle350,2024-03-29 22:19:27+00:00,40.289549,-88.126442,-86.50077453506667,2626.0,7.027091159266618,rs10,8.694851278005489,28.028662520369977,19.33381124236449,1,8.694851278005489,59.77075480564901,51.075903527643526,-78.92951005359993,negative_cross,toward_S4,0.8597913984913567
5,gle350,2024-03-29 22:19:28+00:00,40.289481,-88.126427,-78.96370049389411,2627.0,7.537074041172559,rs10,4.445321278264855,25.741221004157573,21.295899725892717,1,4.445321278264855,52.45180238898394,48.006481110719086,-78.92951005359993,negative_cross,toward_S4,0.9993668436982559
5,gle350,2024-03-29 22:19:29+00:00,40.289406,-88.126416,-70.64226844566802,2628.0,8.321432048226086,rs10,9.453160795702312,26.20131497427997,16.748154178577657,1,9.453160795702312,44.41691797589814,34.96375718019583,-78.92951005359993,negative_cross,toward_S4,1.1534674371839242
5,gle350,2024-03-29 22:19:30+00:00,40.289319,-88.126411,-60.9775341372642,2629.0,9.664734308403823,rs10,18.40144416348926,30.371830137962,11.970385974472741,1,18.40144416348926,35.120557022798145,16.719112859308886,-78.92951005359993,negative_cross,toward_S4,1.3324439984506615
5,gle350,2024-03-29 22:19:31+00:00,40.289222,-88.126412,-50.19185123610013,2630.0,10.785682901164073,rs7,24.88657373673195,28.82859743938602,3.942023702654069,2,24.88657373673195,28.82859743938602,3.942023702654069,-27.632700444717127,negative_cross,toward_S4,1.5822379483077222
5,gle350,2024-03-29 22:19:32+00:00,40.289119,-88.126417,-38.73298716117451,2631.0,11.458864074925614,rs7,14.693968911380022,27.66816686405126,12.974197952671236,2,14.693968911380022,40.06573427255766,25.37176536117764,-27.632700444717127,negative_cross,toward_S4,1.7944391348804187
5,gle350,2024-03-29 22:19:33+00:00,40.289013,-88.126422,-26.940592585517695,2632.0,11.792394575656818,rs7,8.683167358794192,25.839199126446196,17.156031767652003,2,8.683167358794192,51.73544019047042,43.05227283167623,-27.632700444717127,negative_cross,toward_S4,2.012816812207397
5,gle350,2024-03-29 22:19:34+00:00,40.288903,-88.126427,-14.70349067581593,2633.0,12.237101909701765,rs7,14.972182026232808,29.318765478211798,14.34658345197899,2,14.972182026232808,43.11509586114982,28.14291383491701,-27.632700444717127,negative_cross,toward_S4,2.2394298105352073
5,gle350,2024-03-29 22:19:35+00:00,40.288793,-88.12644,-2.4541484231175588,2634.0,12.249342252698371,rs7,25.739282487467896,31.10690208694252,5.367619599474622,2,25.739282487467896,31.10690208694252,5.367619599474622,-27.632700444717127,negative_cross,toward_S4,2.4662694818814734
5,gle350,2024-03-29 22:19:36+00:00,40.288681,-88.126459,10.026727754251159,2635.0,12.480876177368717,rs5,19.011435936653097,33.55375171481229,14.542315778159196,3,19.011435936653097,37.59344615017005,18.582010213516956,26.33125891160298,negative_cross,toward_S4,2.6980642378268183
5,gle350,2024-03-29 22:19:37+00:00,40.288566,-88.126478,22.841134431582862,2636.0,12.814406677331704,rs5,8.244406148963812,31.214497922978175,22.970091774014364,3,8.244406148963812,50.12814781022994,41.88374166126613,26.33125891160298,negative_cross,toward_S4,2.9353680651848126
5,gle350,2024-03-29 22:19:38+00:00,40.288447,-88.126494,36.09565831588038,2637.0,13.254523884297516,rs5,10.85240742148669,33.87195876202415,23.01955134053746,3,10.85240742148669,45.585750009568144,34.733342588081456,26.33125891160298,negative_cross,toward_S4,3.180822211190322
5,gle350,2024-03-29 22:19:39+00:00,40.288329,-88.126503,49.228295065971196,2638.0,13.132636750090818,rs5,22.854265778984377,32.46960541658683,9.615339637602453,3,22.854265778984377,32.46960541658683,9.615339637602453,26.33125891160298,negative_cross,toward_S4,3.424019188043856
5,gle350,2024-03-29 22:19:40+00:00,40.288214,-88.126504,62.015160971522484,2639.0,12.786865905551288,rs2,19.86261973601343,35.43016307426787,15.567543338254438,4,19.86261973601343,35.43016307426787,15.567543338254438,80.2309515867141,negative_cross,toward_S4,3.6626705441631184
5,gle350,2024-03-29 22:19:41+00:00,40.288107,-88.126504,73.91108216690198,2640.0,11.895921195379493,rs2,8.67411397836096,33.56071181190906,24.886597833548098,4,8.67411397836096,47.24345211575436,38.5693381373934,80.2309515867141,negative_cross,toward_S4,3.8829653811145906
5,gle350,2024-03-29 22:19:42+00:00,40.288008,-88.126488,84.89310800659668,2641.0,10.9820258396947,rs2,6.780331176250454,32.15533774616817,25.37500656991772,4,6.780331176250454,58.33686011287339,51.55652893662293,80.2309515867141,negative_cross,toward_S4,4.086336229997825
5,gle350,2024-03-29 22:19:43+00:00,40.28794,-88.126522,92.50515414866423,2642.0,7.612046142067555,rs2,11.481992903478295,36.91506625087924,25.43307334740095,4,11.481992903478295,65.64679796837805,54.16480506489976,80.2309515867141,negative_cross,toward_S4,4.227300047443521
5,gle350,2024-03-29 22:19:44+00:00,40.287878,-88.126475,99.32620581634448,2643.0,6.821051667680251,rs2,19.277387367576505,36.43799324240377,17.160605874827265,4,19.277387367576505,72.83218390331788,53.554796535741374,80.2309515867141,negative_cross,toward_S4,4.35361581906723
5,gle350,2024-03-29 22:19:45+00:00,40.287818,-88.126344,105.79638021504509,2644.0,6.470174398700607,rs2,30.54492657222167,32.850157622188895,2.305231049967226,4,30.54492657222167,81.26906155609383,50.72413498387216,80.2309515867141,negative_cross,toward_S4,4.473433863487611
5,gle350,2024-03-29 22:19:46+00:00,40.28783,-88.12627,104.34903503932014,2645.0,-1.4473451757249478,rs1,28.37135398988979,33.678997914928146,5.307643925038356,4,28.37135398988979,79.6589494726547,51.28759548276491,80.2309515867141,positive_cross,toward_S1,4.44663117504826
5,gle350,2024-03-29 22:19:47+00:00,40.28787,-88.126207,99.80556899452284,2646.0,-4.543466044797299,rs1,22.104528906322685,35.13397457835607,13.029445672033383,4,22.104528906322685,74.51212445043937,52.40759554411669,80.2309515867141,positive_cross,toward_S1,4.362492914959422
5,gle350,2024-03-29 22:19:48+00:00,40.287935,-88.126178,92.53470356756755,2647.0,-7.270865426955297,rs1,14.475225281986326,34.13541566223148,19.660190380245155,4,14.475225281986326,67.0797457849165,52.60452050293017,80.2309515867141,positive_cross,toward_S1,4.227847258904694
5,gle350,2024-03-29 22:19:49+00:00,40.288002,-88.12617,85.07361537359075,2648.0,-7.461088193976792,rs1,7.621578408384998,33.02832962059221,25.40675121220721,4,7.621578408384998,59.59697145378445,51.97539304539945,80.2309515867141,positive_cross,toward_S1,4.089678959016235
5,gle350,2024-03-29 22:19:50+00:00,40.288081,-88.126162,76.27840517666742,2649.0,-8.795210196923335,rs1,4.9362023391310945,33.747988662378326,28.811786323247233,4,4.9362023391310945,50.78405848871457,45.84785614958348,80.2309515867141,positive_cross,toward_S1,3.9268046961102465
5,gle350,2024-03-29 22:19:51+00:00,40.288171,-88.126156,66.26330989589849,2650.0,-10.015095280768932,rs1,13.305735653073288,36.94533462205071,23.63959896897742,4,13.305735653073288,40.767340605702614,27.461604952629326,80.2309515867141,positive_cross,toward_S1,3.7413399686886
5,gle350,2024-03-29 22:19:52+00:00,40.288272,-88.12615,55.025269445518475,2651.0,-11.238040450380012,rs1,24.24923899987658,29.538372199752445,5.289133199875863,4,24.24923899987658,29.538372199752445,5.289133199875863,80.2309515867141,positive_cross,toward_S1,3.5332281084963775
5,gle350,2024-03-29 22:19:53+00:00,40.288374,-88.126148,43.68217233333389,2652.0,-11.343097112184587,rs3,18.2728792990265,35.519299098778085,17.246419799751585,3,18.2728792990265,35.519299098778085,17.246419799751585,26.33125891160298,positive_cross,toward_S1,3.3213132115135355
5,gle350,2024-03-29 22:19:54+00:00,40.288481,-88.126148,31.786251138744362,2653.0,-11.895921194589526,rs3,6.830000383648606,35.57717220980135,28.74717182615274,3,6.830000383648606,47.39140741790786,40.56140703425925,26.33125891160298,positive_cross,toward_S1,3.101018374576692
5,gle350,2024-03-29 22:19:55+00:00,40.288591,-88.126151,19.561389572039197,2654.0,-12.224861566705165,rs3,6.946933412685619,35.5789087956032,28.63197538291758,3,6.946933412685619,47.84458431908218,40.897650906396564,26.33125891160298,positive_cross,toward_S1,2.8746320492673374
5,gle350,2024-03-29 22:19:56+00:00,40.288707,-88.126152,6.666406917359691,2655.0,-12.894982654679506,rs3,19.317133265253272,34.980305189675974,15.663171924422702,3,19.317133265253272,34.980305189675974,15.663171924422702,26.33125891160298,positive_cross,toward_S1,2.6358360741806797
5,gle350,2024-03-29 22:19:57+00:00,40.288828,-88.126155,-6.781399818956543,2656.0,-13.447806736316235,rs6,21.63391925586731,32.680463046298385,11.046543790431077,2,21.63391925586731,32.680463046298385,11.046543790431077,-27.632700444717127,positive_cross,toward_S1,2.386135196773344
5,gle350,2024-03-29 22:19:58+00:00,40.288956,-88.126155,-21.012034518664507,2657.0,-14.230634699707963,rs6,7.834340266319736,32.019087270142215,24.18474700382248,2,7.834340266319736,46.855985436854766,39.02164517053503,-27.632700444717127,positive_cross,toward_S1,2.12260492455653
5,gle350,2024-03-29 22:19:59+00:00,40.289082,-88.126157,-35.01725546597952,2658.0,-14.00522094731501,rs6,7.623511451640801,32.0335861678325,24.4100747161917,2,7.623511451640801,44.55848973070081,36.93497827906001,-27.632700444717127,positive_cross,toward_S1,1.8632489810877335
5,gle350,2024-03-29 22:20:00+00:00,40.289209,-88.126157,-49.13671333237373,2659.0,-14.119457866394214,rs6,21.241960574673094,30.474581754341454,9.23262117966836,2,21.241960574673094,30.474581754341454,9.23262117966836,-27.632700444717127,positive_cross,toward_S1,1.6017775391174702
5,gle350,2024-03-29 22:20:01+00:00,40.289334,-88.126156,-63.03534757424409,2660.0,-13.898634241870361,rs8,16.667495855063027,31.635196442624686,14.967700587561659,1,16.667495855063027,35.032401549253066,18.36490569419004,-78.92951005359993,positive_cross,toward_S1,1.2943363422102934
5,gle350,2024-03-29 22:20:02+00:00,40.289453,-88.126155,-76.26692081542024,2661.0,-13.231573241176143,rs8,4.166336348874749,27.608633613503383,23.442297264628635,1,4.166336348874749,48.22102937504338,44.05469302616863,-78.92951005359993,positive_cross,toward_S1,1.0493072081144388
5,gle350,2024-03-29 22:20:03+00:00,40.289553,-88.126159,-87.37848400293451,2662.0,-11.111563187514278,rs8,8.469711052957273,28.46490226521075,19.995191212253477,1,8.469711052957273,59.34319119471327,50.873480141756,-78.92951005359993,positive_cross,toward_S1,0.8435375194567669
5,gle350,2024-03-29 22:20:04+00:00,40.289626,-88.126181,-95.46073191210924,2663.0,-8.082247909174725,rs8,16.76187718740244,30.285441412848666,13.523564225446226,1,16.76187718740244,67.57310439720703,50.81122720980459,-78.92951005359993,positive_cross,toward_S1,0.6938662618794571
5,gle350,2024-03-29 22:20:05+00:00,40.28967,-88.126213,-100.30355121852362,2664.0,-4.842819306414384,rs8,22.264595279587148,31.215997348406678,8.95140206881953,1,22.264595279587148,72.704571987593,50.43997670800585,-78.92951005359993,positive_cross,toward_S1,0.6041844228717834
5,gle350,2024-03-29 22:20:06+00:00,40.289698,-88.12624,-103.37519140158105,2665.0,-3.0716401830574256,rs8,25.996001305376026,31.94249815188905,5.946496846513025,1,25.996001305376026,76.07904923562636,50.08304793025033,-78.92951005359993,positive_cross,toward_S1,0.5473021972596088
5,gle350,2024-03-29 22:20:07+00:00,40.289706,-88.126248,-104.25236572744257,2666.0,-0.8771743258615174,rs8,27.078499543933354,32.21758746239992,5.139087918466565,1,27.078499543933354,77.05514769334506,49.97664814941171,-78.92951005359993,positive_cross,toward_S1,0.5310582282621734
5,gle350,2024-03-29 22:20:08+00:00,40.289723,-88.126261,-106.1224813411384,2667.0,-1.8701156136958303,rs8,29.25102580244743,33.10942603491022,3.8584002324627917,1,29.25102580244743,79.0890146343803,49.837988831932876,-78.92951005359993,positive_cross,toward_S1,0.4964264576381765
5,gle350,2024-03-29 22:20:09+00:00,40.289737,-88.12627,-107.66518662559045,2668.0,-1.5427052844520546,rs8,30.983601363626793,34.00766983120896,3.0240684675821647,1,30.983601363626793,80.74675285070232,49.76315148707553,-78.92951005359993,positive_cross,toward_S1,0.46785784125943475
5,gle350,2024-03-29 22:20:10+00:00,40.289741,-88.12627,-108.1098939596354,2669.0,-0.4447073340449492,rs8,31.391698420326964,34.38809249390681,2.9963940735798467,1,31.391698420326964,81.18594836112781,49.79424994080085,-78.92951005359993,positive_cross,ambiguous,0.4596225202586024
5,gle350,2024-03-29 22:20:11+00:00,40.289738,-88.126267,-107.78095358754152,2670.0,0.32894037209388216,rs8,30.984708658191202,34.23566224897519,3.250953590783986,1,30.984708658191202,80.8162345715766,49.8315259133854,-78.92951005359993,positive_cross,ambiguous,0.46571400863071133
5,gle350,2024-03-29 22:20:12+00:00,40.289737,-88.126268,-107.6682467113559,2671.0,0.11270687618561226,rs8,30.91596861042303,34.09645209732637,3.1804834869033414,1,30.91596861042303,80.71975515614902,49.80378654572599,-78.92951005359993,positive_cross,ambiguous,0.46780117300451896
5,gle350,2024-03-29 22:20:13+00:00,40.289735,-88.126267,-107.44742308681032,2672.0,0.2208236245455879,rs8,30.678108769017847,33.9521967771074,3.2740880080895565,1,30.678108769017847,80.4867023363114,49.80859356729355,-78.92951005359993,positive_cross,ambiguous,0.4718904993849927
5,gle350,2024-03-29 22:20:14+00:00,40.289736,-88.126266,-107.56012996299593,2673.0,-0.11270687618561226,rs8,30.74680998426963,34.09148135710356,3.3446713728339326,1,30.74680998426963,80.58324305947988,49.83643307521025,-78.92951005359993,positive_cross,ambiguous,0.4698033350111851
5,gle350,2024-03-29 22:20:15+00:00,40.289736,-88.126266,-107.56012996299593,2674.0,0.0,rs8,30.74680998426963,34.09148135710356,3.3446713728339326,1,30.74680998426963,80.58324305947988,49.83643307521025,-78.92951005359993,positive_cross,ambiguous,0.4698033350111851
5,gle350,2024-03-29 22:20:16+00:00,40.289736,-88.126266,-107.56012996299593,2675.0,0.0,rs8,30.74680998426963,34.09148135710356,3.3446713728339326,1,30.74680998426963,80.58324305947988,49.83643307521025,-78.92951005359993,positive_cross,ambiguous,0.4698033350111851
5,gle350,2024-03-29 22:20:17+00:00,40.289738,-88.126267,-107.78095358754152,2676.0,-0.2208236245455879,rs8,30.984708658191202,34.23566224897519,3.250953590783986,1,30.984708658191202,80.8162345715766,49.8315259133854,-78.92951005359993,positive_cross,ambiguous,0.46571400863071133
5,gle350,2024-03-29 22:20:18+00:00,40.289736,-88.126266,-107.56012996299593,2677.0,0.2208236245455879,rs8,30.74680998426963,34.09148135710356,3.3446713728339326,1,30.74680998426963,80.58324305947988,49.83643307521025,-78.92951005359993,positive_cross,ambiguous,0.4698033350111851
5,gle350,2024-03-29 22:20:19+00:00,40.289736,-88.126267,-107.55859992012407,2678.0,0.001530042871863202,rs8,30.780246144131738,34.046584134914276,3.2663379907825387,1,30.780246144131738,80.59654262302367,49.81629647889193,-78.92951005359993,positive_cross,ambiguous,0.4698316691384419
