run_id,label,timestamp,latitude,longitude,axis_m,elapsed_s,axis_velocity_mps,nearest_sensor,nearest_sensor_distance_m,second_sensor_distance_m,sensor_margin_m,nearest_station,nearest_station_distance_m,second_station_distance_m,station_margin_m,nearest_station_axis_m,side_label,direction,lap_progress_stationized
6,cx30,2024-03-29 22:37:06+00:00,40.289736,-88.126227,-107.61980163515058,0.0,0.0,rs8,29.60343750193111,35.95507455101491,6.351637049083799,1,29.60343750193111,80.13293346676436,50.529495964833245,-78.92951005359993,positive_cross,ambiguous,0.4686983040453583
6,cx30,2024-03-29 22:37:07+00:00,40.289753,-88.126243,-109.4853271202091,1.0,-1.8655254850585266,rs8,31.820141223558718,36.734993260609215,4.914852037050498,1,31.820141223558718,82.17604955848165,50.35590833492293,-78.92951005359993,positive_cross,ambiguous,0.4341515358035337
6,cx30,2024-03-29 22:37:08+00:00,40.289752,-88.12628,-109.31753870050616,2.0,0.16778841970294422,rs8,32.85236205214189,35.02523135632344,2.172869304181546,1,32.85236205214189,82.53144666104802,49.67908460890613,-78.92951005359993,positive_cross,ambiguous,0.4372587287609956
6,cx30,2024-03-29 22:37:09+00:00,40.289748,-88.126298,-108.8452905946808,3.0,0.4722481058253578,rs8,33.09976498344457,33.917894724843826,0.8181297413992539,1,33.09976498344457,82.36289577049041,49.26313078704584,-78.92951005359993,positive_cross,ambiguous,0.4460040640540578
6,cx30,2024-03-29 22:37:11+00:00,40.289736,-88.12629,-107.52340893398437,5.0,0.6609408303482169,rs8,31.602423663136197,33.05724486295927,1.4548211998230762,1,31.602423663136197,80.92638236014126,49.32395869700507,-78.92951005359993,positive_cross,ambiguous,0.47048335406695474
6,cx30,2024-03-29 22:37:12+00:00,40.289734,-88.126298,-107.28881492433852,6.0,0.2345940096458463,rs8,31.714484792284537,32.537105439482616,0.8226206471980788,1,31.714484792284537,80.83336821432974,49.1188834220452,-78.92951005359993,positive_cross,ambiguous,0.4748276875789149
6,cx30,2024-03-29 22:37:14+00:00,40.289728,-88.126345,-106.54984190693492,8.0,0.36948650870180444,rs10,30.236624029729263,33.20719156641017,2.9705675366809032,1,30.236624029729263,80.71743728117521,50.480813251445944,-78.92951005359993,negative_cross,toward_S4,0.48851237308638906
6,cx30,2024-03-29 22:37:15+00:00,40.289717,-88.126394,-105.25192463719708,9.0,1.2979172697378374,rs10,27.74793403389054,34.79466803493105,7.046734001040509,1,27.74793403389054,78.82656687095658,51.07863283706604,-78.92951005359993,negative_cross,toward_S4,0.5125478780815342
6,cx30,2024-03-29 22:37:16+00:00,40.289677,-88.126455,-100.71151867737527,10.0,4.540405959821811,rs10,22.437954285259014,35.52361844081851,13.085664155559495,1,22.437954285259014,73.83294780203244,51.394993516773425,-78.92951005359993,negative_cross,toward_S4,0.5966294699300863
6,cx30,2024-03-29 22:37:17+00:00,40.289608,-88.126491,-92.98523561625028,11.0,7.726283061124988,rs10,14.706038703363149,34.185632021285684,19.479593317922536,1,14.706038703363149,65.98436513457663,51.278326431213486,-78.92951005359993,negative_cross,toward_S4,0.7397087858768454
6,cx30,2024-03-29 22:37:18+00:00,40.28953,-88.126491,-84.31344259565904,12.0,8.671793020591238,rs10,6.080933960221587,31.628615202668353,25.547681242446767,1,6.080933960221587,57.31787032927142,51.236936369049836,-78.92951005359993,negative_cross,toward_S4,0.9002975455174238
6,cx30,2024-03-29 22:37:19+00:00,40.289447,-88.126461,-75.13166669397354,13.0,9.181775901685498,rs10,3.5788751809418797,28.886207869827082,25.307332688885204,1,3.5788751809418797,48.315818408433344,44.736943227491466,-78.92951005359993,negative_cross,toward_S4,1.0703304325856737
6,cx30,2024-03-29 22:37:20+00:00,40.289368,-88.126446,-66.37164748321166,14.0,8.760019210761882,rs10,12.345241864606669,30.139761304586383,17.794519439979716,1,12.345241864606669,39.788034074835494,27.442792210228824,-78.92951005359993,negative_cross,toward_S4,1.2325530105627456
6,cx30,2024-03-29 22:37:21+00:00,40.289269,-88.126451,-55.357490742330995,15.0,11.014156740880665,rs10,23.15714749040364,28.895290652565308,5.738143162161666,1,23.15714749040364,28.895290652565308,5.738143162161666,-78.92951005359993,negative_cross,toward_S4,1.4365188761346097
6,cx30,2024-03-29 22:37:22+00:00,40.289179,-88.126456,-45.34392550443392,16.0,10.013565237897076,rs7,19.107623716724216,33.10291173254796,13.995288015823743,2,19.107623716724216,33.10291173254796,13.995288015823743,-27.632700444717127,negative_cross,toward_S4,1.6720143507459853
6,cx30,2024-03-29 22:37:23+00:00,40.289071,-88.12646,-33.3307073050432,17.0,12.013218199390721,rs7,8.254875500345864,29.590249846555174,21.33537434620931,2,8.254875500345864,45.08661794910433,36.83174244875846,-27.632700444717127,negative_cross,toward_S4,1.894481354438406
6,cx30,2024-03-29 22:37:24+00:00,40.288965,-88.126471,-21.529132472133497,18.0,11.8015748329097,rs7,7.193747267718817,30.61001236872042,23.416265101001603,2,7.193747267718817,49.068192804039555,41.874445536320735,-27.632700444717127,negative_cross,toward_S4,2.1130290365293263
6,cx30,2024-03-29 22:37:25+00:00,40.288858,-88.126481,-9.617910848781904,19.0,11.911221623351594,rs7,17.87743369484199,35.733454265030716,17.856020570188726,2,17.87743369484199,37.197322498508775,19.319888803666785,-27.632700444717127,negative_cross,toward_S4,2.333607214739541
6,cx30,2024-03-29 22:37:26+00:00,40.288756,-88.12649,1.7358965635491725,20.0,11.353807412331076,rs5,25.943637730994183,28.987436274337025,3.0437985433428416,3,25.943637730994183,28.987436274337025,3.0437985433428416,26.33125891160298,negative_cross,toward_S4,2.5445303268878923
6,cx30,2024-03-29 22:37:27+00:00,40.288655,-88.126504,12.98617735692579,21.0,11.250280793376618,rs5,14.825527866434717,35.77973940271376,20.95421153627904,3,14.825527866434717,40.1118442676962,25.28631640126148,26.33125891160298,negative_cross,toward_S4,2.7528688600985705
6,cx30,2024-03-29 22:37:28+00:00,40.288557,-88.126522,23.909047821080375,22.0,10.922870464154585,rs5,4.607719920452482,34.84710776163017,30.239387841177688,3,4.607719920452482,50.97540630681605,46.367686386363566,26.33125891160298,negative_cross,toward_S4,2.955144239064396
6,cx30,2024-03-29 22:37:29+00:00,40.28846,-88.126538,34.71768136538754,23.0,10.808633544307167,rs5,7.994088889341891,37.1020613412892,29.107972451947308,3,7.994088889341891,46.75141477767729,38.7573258883354,26.33125891160298,negative_cross,toward_S4,3.155304119514529
6,cx30,2024-03-29 22:37:30+00:00,40.288358,-88.126541,46.06230852046572,24.0,11.344627155078179,rs5,19.15126602901256,35.40428679362081,16.25302076460825,3,19.15126602901256,35.40428679362081,16.25302076460825,26.33125891160298,negative_cross,toward_S4,3.3653898075715323
6,cx30,2024-03-29 22:37:31+00:00,40.288259,-88.126532,57.055044661075144,25.0,10.992736140609424,rs2,24.45532260795386,30.186722386012278,5.731399778058417,4,24.45532260795386,30.186722386012278,5.731399778058417,80.2309515867141,negative_cross,toward_S4,3.5708165384140935
6,cx30,2024-03-29 22:37:32+00:00,40.288146,-88.126529,69.61343672851152,26.0,12.558392067436372,rs2,12.02301698080608,36.59832048623321,24.575303505427133,4,12.02301698080608,42.7387936502984,30.715776669492318,80.2309515867141,negative_cross,toward_S4,3.80337935447773
6,cx30,2024-03-29 22:37:33+00:00,40.288046,-88.126531,80.73418017327865,27.0,11.120743444767129,rs2,2.2350495620249853,35.37935445333938,33.1443048913144,4,2.2350495620249853,53.833195349364765,51.59814578733978,80.2309515867141,negative_cross,toward_S4,4.009319047899344
6,cx30,2024-03-29 22:37:34+00:00,40.287957,-88.126536,90.636568577862,28.0,9.902388404583348,rs2,9.377041118794214,37.43309963960972,28.056058520815508,4,9.377041118794214,63.70564628423968,54.32860516544547,80.2309515867141,negative_cross,toward_S4,4.192696610947183
6,cx30,2024-03-29 22:37:35+00:00,40.28788,-88.126532,99.19106459284033,29.0,8.55449601497834,rs2,17.90224733387757,40.477817476474634,22.575570142597066,4,17.90224733387757,72.27672609494117,54.3744787610636,80.2309515867141,negative_cross,toward_S4,4.351113203817152
6,cx30,2024-03-29 22:37:36+00:00,40.287827,-88.126508,105.04671574446667,30.0,5.855651151626333,rs2,24.029171822682365,41.99280951037294,17.96363768769058,4,24.029171822682365,78.26210228250689,54.23293045982452,80.2309515867141,negative_cross,toward_S4,4.459551188106529
6,cx30,2024-03-29 22:37:37+00:00,40.2878,-88.126441,107.94597737916207,31.0,2.8992616346954065,rs2,28.414062370273854,39.7196841085473,11.305621738273445,4,28.414062370273854,81.78079157286706,53.366729202593206,80.2309515867141,negative_cross,toward_S4,4.513241218378666
6,cx30,2024-03-29 22:37:38+00:00,40.287795,-88.126358,108.37486798783047,32.0,0.42889060866839657,rs2,32.007441604903434,35.61848663297707,3.611045028073633,4,32.007441604903434,83.50699991673184,51.49955831182841,80.2309515867141,negative_cross,ambiguous,4.52118363705771
6,cx30,2024-03-29 22:37:39+00:00,40.287815,-88.126293,106.05187852911587,33.0,-2.322989458714602,rs1,30.7714407696673,33.52658784353387,2.755147073866567,4,30.7714407696673,81.64812298248303,50.87668221281573,80.2309515867141,positive_cross,toward_S1,4.478165313748181
6,cx30,2024-03-29 22:37:40+00:00,40.28787,-88.126241,99.85759045229646,34.0,-6.194288076819404,rs1,23.28855964973323,32.73887676080105,9.450317111067818,4,23.28855964973323,74.87844889140088,51.58988924166765,80.2309515867141,positive_cross,toward_S1,4.363456275288562
6,cx30,2024-03-29 22:37:41+00:00,40.287938,-88.12622,92.26543486762829,35.0,-7.592155584668177,rs1,15.873261516101135,30.6858722740466,14.812610757945464,4,15.873261516101135,67.13924292620493,51.26598141010379,80.2309515867141,positive_cross,toward_S1,4.222860801498411
6,cx30,2024-03-29 22:37:42+00:00,40.288004,-88.126214,84.918583592709,36.0,-7.346851274919288,rs1,10.235440255185168,29.298455904164882,19.063015648979714,4,10.235440255185168,59.79944496952333,49.56400471433816,80.2309515867141,positive_cross,toward_S1,4.0868080001110165
6,cx30,2024-03-29 22:37:43+00:00,40.288083,-88.126191,76.10042275266431,37.0,-8.818160840044683,rs1,7.188775887393933,31.34521910189383,24.156443214499895,4,7.188775887393933,50.827159010805325,43.638383123411394,80.2309515867141,positive_cross,toward_S1,3.9235087252953744
6,cx30,2024-03-29 22:37:44+00:00,40.288162,-88.126169,67.28379195549148,38.0,-8.816630797172834,rs1,12.704688483985123,35.54011833920093,22.835429855215807,4,12.704688483985123,41.87686297034881,29.172174486363687,80.2309515867141,positive_cross,toward_S1,3.7602377846069883
6,cx30,2024-03-29 22:37:45+00:00,40.28825,-88.12616,57.48646021350268,39.0,-9.797331741988799,rs1,21.957848481653553,32.068208348037054,10.1103598663835,4,21.957848481653553,32.068208348037054,10.1103598663835,80.2309515867141,positive_cross,toward_S1,3.5788057153109
6,cx30,2024-03-29 22:37:46+00:00,40.288339,-88.126151,47.577951637410166,40.0,-9.908508576092515,rs3,22.157493038419446,31.664730614089315,9.507237575669869,3,22.157493038419446,31.664730614089315,9.507237575669869,26.33125891160298,positive_cross,toward_S1,3.3934572727001333
6,cx30,2024-03-29 22:37:47+00:00,40.288429,-88.126143,37.55979627089751,41.0,-10.018155366512659,rs3,12.184731300867673,37.30251395907172,25.117782658204042,3,12.184731300867673,41.59263125681526,29.407899955947585,26.33125891160298,positive_cross,toward_S1,3.2079358770239725
6,cx30,2024-03-29 22:37:48+00:00,40.288532,-88.126145,26.111642496886606,42.0,-11.448153774010901,rs3,2.818197002480947,35.423219782565845,32.605022780084894,3,2.818197002480947,53.04151743690504,50.22332043442409,26.33125891160298,positive_cross,toward_S1,2.9959330293571043
6,cx30,2024-03-29 22:37:49+00:00,40.288636,-88.126144,14.547721760156422,43.0,-11.563920736730184,rs3,11.445185036152951,37.434192508328586,25.989007472175636,3,11.445185036152951,42.81403603017807,31.368850994025124,26.33125891160298,positive_cross,toward_S1,2.781786349047286
6,cx30,2024-03-29 22:37:50+00:00,40.288739,-88.126142,3.093447813868127,44.0,-11.454273946288296,rs3,22.72006365166783,31.367479773320223,8.647416121652395,3,22.72006365166783,31.367479773320223,8.647416121652395,26.33125891160298,positive_cross,toward_S1,2.569670164856762
6,cx30,2024-03-29 22:37:51+00:00,40.288849,-88.126138,-9.142124052961783,45.0,-12.235571866829911,rs6,19.142601005693614,34.882593357513564,15.73999235181995,2,19.142601005693614,34.882593357513564,15.73999235181995,-27.632700444717127,positive_cross,toward_S1,2.3424180813288027
6,cx30,2024-03-29 22:37:52+00:00,40.288962,-88.126147,-21.69133586312352,46.0,-12.549211810161736,rs6,6.958085708967719,32.55545505695971,25.59736934799199,2,6.958085708967719,47.474323228933024,40.5162375199653,-27.632700444717127,positive_cross,toward_S1,2.1100252700295115
6,cx30,2024-03-29 22:37:53+00:00,40.289072,-88.126156,-33.9070171725758,47.0,-12.215681309452279,rs6,6.599514608690861,31.877572739335633,25.278058130644773,2,6.599514608690861,45.663370495362244,39.063855886671384,-27.632700444717127,positive_cross,toward_S1,1.8838089494840986
6,cx30,2024-03-29 22:37:54+00:00,40.289179,-88.126165,-45.78916798127513,48.0,-11.882150808699329,rs6,18.09308996841902,33.86200134833245,15.76891137991343,2,18.09308996841902,33.86200134833245,15.76891137991343,-27.632700444717127,positive_cross,toward_S1,1.6637691196933704
6,cx30,2024-03-29 22:37:55+00:00,40.28928,-88.126168,-57.01343804576493,49.0,-11.2242700644898,rs8,22.759385125929853,29.18926612282887,6.429880996899016,1,22.759385125929853,29.18926612282887,6.429880996899016,-78.92951005359993,positive_cross,toward_S1,1.4058531853302778
6,cx30,2024-03-29 22:37:56+00:00,40.289371,-88.126173,-67.1228796890254,50.0,-10.109441643260467,rs8,13.017070947645266,28.472131198249002,15.455060250603736,1,13.017070947645266,39.2782010247575,26.261130077112234,-78.92951005359993,positive_cross,toward_S1,1.2186413030476766
6,cx30,2024-03-29 22:37:57+00:00,40.289446,-88.12617,-75.46573233671104,51.0,-8.342852647685646,rs8,5.599368409820436,26.429096828851517,20.82972841903108,1,5.599368409820436,47.54623365139414,41.946865241573704,-78.92951005359993,positive_cross,toward_S1,1.0641440317942386
6,cx30,2024-03-29 22:37:58+00:00,40.289518,-88.126167,-83.4750544844772,52.0,-8.009322147766156,rs8,5.456190819104221,26.87782101702606,21.42163019792184,1,5.456190819104221,55.50469521624908,50.04850439714486,-78.92951005359993,positive_cross,toward_S1,0.9158232512800505
6,cx30,2024-03-29 22:37:59+00:00,40.289584,-88.126169,-90.80966541558821,53.0,-7.3346109311110155,rs8,12.002199538625694,28.90976708074617,16.907567542120475,1,12.002199538625694,62.83866832424244,50.836468785616745,-78.92951005359993,positive_cross,toward_S1,0.7799971229261429
6,cx30,2024-03-29 22:38:00+00:00,40.289621,-88.126172,-94.91861812985078,54.0,-4.108952714262571,rs8,16.017999771455905,30.629506321789805,14.6115065503339,1,16.017999771455905,66.96179209533767,50.943792323881766,-78.92951005359993,positive_cross,toward_S1,0.7039054059953544
6,cx30,2024-03-29 22:38:01+00:00,40.289668,-88.1262,-100.10108810850554,55.0,-5.182469978654751,rs8,21.70100662618934,31.873055869659847,10.172049243470507,1,21.70100662618934,72.36864500035239,50.66763837416305,-78.92951005359993,positive_cross,toward_S1,0.6079337397239701
6,cx30,2024-03-29 22:38:02+00:00,40.289692,-88.126256,-102.68364971410368,56.0,-2.582561605598144,rs8,25.93830634220528,30.571516215416505,4.633209873211225,1,25.93830634220528,75.61686468360807,49.67855834140279,-78.92951005359993,positive_cross,toward_S1,0.560108524805486
6,cx30,2024-03-29 22:38:03+00:00,40.289701,-88.126322,-103.58325838649378,57.0,-0.8996086723901016,rs10,28.340210087332938,29.627039687123933,1.2868295997909946,1,28.340210087332938,77.6616000631206,49.32138997578767,-78.92951005359993,negative_cross,toward_S1,0.5434491049464101
6,cx30,2024-03-29 22:38:04+00:00,40.289689,-88.12638,-102.16039389678376,58.0,1.4228644897100224,rs10,25.125596735357924,31.691254663598123,6.565657928240199,1,25.125596735357924,75.92672029734308,50.80112356198516,-78.92951005359993,negative_cross,toward_S4,0.5697984473484475
6,cx30,2024-03-29 22:38:05+00:00,40.289664,-88.12644,-99.2891704842798,59.0,2.8712234125039657,rs10,21.159738859829705,33.634612337784915,12.47487347795521,1,21.159738859829705,72.50614648197137,51.34640762214167,-78.92951005359993,negative_cross,toward_S4,0.6229692512837062
6,cx30,2024-03-29 22:38:06+00:00,40.289617,-88.126472,-94.01489793307442,60.0,5.274272551205371,rs10,15.683040636647622,33.16422328843892,17.481182651791297,1,15.683040636647622,67.07182804009936,51.388787403451744,-78.92951005359993,negative_cross,toward_S4,0.7206409651949168
6,cx30,2024-03-29 22:38:07+00:00,40.289565,-88.126475,-88.22911245792466,61.0,5.7857854751497655,rs10,9.89384388119505,31.216659346758927,21.322815465563878,1,9.89384388119505,61.284025572405305,51.39018169121026,-78.92951005359993,negative_cross,toward_S4,0.8277851406606531
6,cx30,2024-03-29 22:38:08+00:00,40.289507,-88.126463,-81.79921662364387,62.0,6.429895834280785,rs10,3.69526326199925,28.9314680741379,25.23620481213865,1,3.69526326199925,54.936726815851884,51.24146355385263,-78.92951005359993,negative_cross,toward_S4,0.9468572857399269
6,cx30,2024-03-29 22:38:09+00:00,40.289446,-88.126458,-75.02507998850714,63.0,6.774136635136728,rs10,3.7924813268564037,28.64924495989266,24.856763633036255,1,3.7924813268564037,48.234302820954305,44.4418214940979,-78.92951005359993,negative_cross,toward_S4,1.072304260464681
6,cx30,2024-03-29 22:38:10+00:00,40.289384,-88.126456,-68.13517639141938,64.0,6.889903597087766,rs10,10.428147923032483,30.22671718095654,19.798569257924058,1,10.428147923032483,41.41653689579192,30.988388972759438,-78.92951005359993,negative_cross,toward_S4,1.1998950678181584
6,cx30,2024-03-29 22:38:11+00:00,40.289324,-88.126455,-61.46609641887718,65.0,6.6690799725422,rs10,17.03962629403551,33.14518409569552,16.10555780166001,1,17.03962629403551,34.83534049266755,17.795714198632037,-78.92951005359993,negative_cross,toward_S4,1.323396548791162
6,cx30,2024-03-29 22:38:12+00:00,40.289261,-88.126455,-54.46195590273192,66.0,7.004140516145256,rs10,24.01127979005769,27.953642610761275,3.942362820703586,1,24.01127979005769,27.953642610761275,3.942362820703586,-78.92951005359993,negative_cross,toward_S4,1.4531028546457039
6,cx30,2024-03-29 22:38:13+00:00,40.289198,-88.126461,-47.44863512854382,67.0,7.013320774188102,rs7,21.018748091249506,30.96972195340108,9.950973862151574,2,21.018748091249506,30.96972195340108,9.950973862151574,-27.632700444717127,negative_cross,toward_S4,1.633038246595802
6,cx30,2024-03-29 22:38:14+00:00,40.289133,-88.126469,-40.2099006019845,68.0,7.23873452655932,rs7,13.906692839647407,32.33739633708288,18.430703497435474,2,13.906692839647407,38.17118814720463,24.264495307557226,-27.632700444717127,negative_cross,toward_S4,1.7670888859765301
6,cx30,2024-03-29 22:38:15+00:00,40.289066,-88.126473,-32.75493257949516,69.0,7.454968022489339,rs7,7.123474812066718,30.57663579037773,23.45316097831101,2,7.123474812066718,45.61676353260994,38.49328872054322,-27.632700444717127,negative_cross,toward_S4,1.9051438493559623
6,cx30,2024-03-29 22:38:16+00:00,40.288995,-88.126471,-24.864437480235498,70.0,7.890495099259663,rs7,5.054461276050521,30.116182173553383,25.061720897502862,2,5.054461276050521,52.36561816411658,47.311156888066066,-27.632700444717127,negative_cross,toward_S4,2.051264128971882
6,cx30,2024-03-29 22:38:17+00:00,40.288922,-88.12647,-16.75005867066479,71.0,8.11437880957071,rs7,11.354067382816737,31.838800803029603,20.484733420212866,2,11.354067382816737,44.36708175034219,33.01301436752545,-27.632700444717127,negative_cross,toward_S4,2.2015304032231913
6,cx30,2024-03-29 22:38:18+00:00,40.288846,-88.126481,-8.283788845857085,72.0,8.466269824807704,rs7,19.185625714276192,35.886728215373246,16.701102501097054,2,19.185625714276192,35.886728215373246,16.701102501097054,-27.632700444717127,negative_cross,toward_S4,2.3583131777566675
6,cx30,2024-03-29 22:38:19+00:00,40.288771,-88.126495,0.07589427427418102,73.0,8.359683120131265,rs7,27.286069853109368,27.47575520384619,0.18968535073682347,2,27.286069853109368,27.47575520384619,0.18968535073682347,-27.632700444717127,negative_cross,toward_S4,2.513122124425765
6,cx30,2024-03-29 22:38:20+00:00,40.2887,-88.126509,7.990870059548794,74.0,7.9149757852746125,rs5,19.51056716483864,35.09368191511723,15.58311475027859,3,19.51056716483864,35.09368191511723,15.58311475027859,26.33125891160298,negative_cross,toward_S4,2.660363169406404
6,cx30,2024-03-29 22:38:21+00:00,40.288626,-88.126521,16.236316259810895,75.0,8.245446200262101,rs5,11.306674882988165,36.09956910533703,24.792894222348867,3,11.306674882988165,43.301320336411855,31.99464545342369,26.33125891160298,negative_cross,toward_S4,2.813056617559406
6,cx30,2024-03-29 22:38:22+00:00,40.288554,-88.126529,24.253288621958067,76.0,8.016972362147172,rs5,3.9452482181550153,35.41927048313552,31.474022264980505,3,3.9452482181550153,51.310261354884176,47.36501313672916,26.33125891160298,negative_cross,toward_S4,2.9615190687102793
6,cx30,2024-03-29 22:38:23+00:00,40.28848,-88.126534,32.48802452209542,77.0,8.234735900137355,rs5,6.003107894759084,36.324880863032384,30.3217729682733,3,6.003107894759084,48.986611671022914,42.98350377626383,26.33125891160298,negative_cross,toward_S4,3.1140141779720825
6,cx30,2024-03-29 22:38:24+00:00,40.288403,-88.126534,41.04864070858295,78.0,8.560616186487529,rs5,14.265435181225245,38.723867926509904,24.45843274528466,3,14.265435181225245,40.4297885616535,26.16435338042826,26.33125891160298,negative_cross,toward_S4,3.272544107351481
6,cx30,2024-03-29 22:38:25+00:00,40.288256,-88.12654,57.4008155048247,79.0,16.352174796241748,rs2,24.07479623406807,30.469142177501737,6.394345943433667,4,24.07479623406807,30.469142177501737,6.394345943433667,80.2309515867141,negative_cross,toward_S4,3.577219702187233
6,cx30,2024-03-29 22:38:26+00:00,40.288181,-88.126541,65.74060806676663,80.0,8.339792561941927,rs2,15.746241332904146,38.79416761741681,23.047926284512663,4,15.746241332904146,38.79416761741681,23.047926284512663,80.2309515867141,negative_cross,toward_S4,3.731660305186158
6,cx30,2024-03-29 22:38:27+00:00,40.288104,-88.126542,74.30275429691596,81.0,8.562146230149338,rs2,7.229276972814388,36.69158733546007,29.46231036264568,4,7.229276972814388,47.347642899094126,40.118365926279736,80.2309515867141,negative_cross,toward_S4,3.890218568707442
6,cx30,2024-03-29 22:38:28+00:00,40.288031,-88.126544,82.42172323510223,82.0,8.11896893818627,rs2,1.426134427596101,36.569215903666844,35.14308147607074,4,1.426134427596101,55.45742576560769,54.031291338011584,80.2309515867141,negative_cross,toward_S4,4.040569845340521
6,cx30,2024-03-29 22:38:29+00:00,40.287963,-88.126546,89.98480800516164,83.0,7.563084770059405,rs2,8.596124497043728,38.05884744142262,29.462722944378893,4,8.596124497043728,63.01415261028526,54.41802811324153,80.2309515867141,negative_cross,toward_S4,4.180626970711992
6,cx30,2024-03-29 22:38:30+00:00,40.287907,-88.126541,96.2030604721497,84.0,6.218252466988062,rs2,14.837394904547537,39.80972303746424,24.9723281329167,4,14.837394904547537,69.25130443964048,54.41390953509294,80.2309515867141,negative_cross,toward_S4,4.2957797941747335
6,cx30,2024-03-29 22:38:31+00:00,40.287858,-88.126512,101.60635407456009,85.0,5.403293602410386,rs2,20.575141036216635,40.28225492415183,19.707113887935193,4,20.575141036216635,74.80017967087647,54.22503863465984,80.2309515867141,negative_cross,toward_S4,4.395840786811963
6,cx30,2024-03-29 22:38:32+00:00,40.287827,-88.126456,104.9671535149344,86.0,3.360799440374308,rs2,25.15701884064466,38.57518581442464,13.418166973779982,4,25.15701884064466,78.64618258624682,53.48916374560216,80.2309515867141,negative_cross,toward_S4,4.458077813485561
6,cx30,2024-03-29 22:38:33+00:00,40.287819,-88.12639,105.75558535401073,87.0,0.7884318390763383,rs2,28.324562021266697,35.223339618721354,6.898777597454657,4,28.324562021266697,80.35919113820403,52.034629116937325,80.2309515867141,negative_cross,toward_S4,4.472678403098086
6,cx30,2024-03-29 22:38:34+00:00,40.287833,-88.12633,104.10730711111785,88.0,-1.6482782428928857,rs2,29.95966633511483,30.802426664601562,0.8427603294867332,4,29.95966633511483,79.93038559207093,49.9707192569561,80.2309515867141,negative_cross,toward_S1,4.442154731933403
6,cx30,2024-03-29 22:38:35+00:00,40.287857,-88.126287,101.37327126083616,89.0,-2.7340358502816855,rs1,26.521418339675147,30.579851996389028,4.058433656713881,4,26.521418339675147,76.96508850505724,50.44367016538209,80.2309515867141,positive_cross,toward_S1,4.391524438409668
6,cx30,2024-03-29 22:38:36+00:00,40.287893,-88.126259,97.32806405154098,90.0,-4.045207209295185,rs1,21.872705504597548,30.03942561752491,8.166720112927361,4,21.872705504597548,72.59496792487363,50.72226242027608,80.2309515867141,positive_cross,toward_S1,4.31661319379309
6,cx30,2024-03-29 22:38:37+00:00,40.287933,-88.126227,92.83202933511173,91.0,-4.49603471642925,rs1,16.668708988088902,30.34830183461734,13.67959284652844,4,16.668708988088902,67.77303444097426,51.104325452885355,80.2309515867141,positive_cross,toward_S1,4.233353291636993
6,cx30,2024-03-29 22:38:38+00:00,40.287983,-88.12621,87.24717692710821,92.0,-5.584852408003513,rs1,11.46520614210042,30.038724097640586,18.573517955540165,4,11.46520614210042,62.06534033857264,50.60013419647222,80.2309515867141,positive_cross,toward_S1,4.129930098896187
6,cx30,2024-03-29 22:38:39+00:00,40.288038,-88.126207,81.12786095041554,93.0,-6.1193159766926755,rs1,8.115904265939651,29.619733298947924,21.503829033008273,4,8.115904265939651,55.971637568840926,47.85573330290127,80.2309515867141,positive_cross,toward_S1,4.016609432661138
6,cx30,2024-03-29 22:38:40+00:00,40.288097,-88.126196,74.55159729668132,94.0,-6.576263653734216,rs1,8.322756147190203,31.20537412174987,22.882617974559665,4,8.322756147190203,49.343283334779855,41.02052718758965,80.2309515867141,positive_cross,toward_S1,3.8948267724068004
6,cx30,2024-03-29 22:38:41+00:00,40.288165,-88.126186,66.97627218364707,95.0,-7.575325113034253,rs1,13.597918567500713,34.345495306490776,20.747576738990062,4,13.597918567500713,41.73731787585654,28.139399308355827,80.2309515867141,positive_cross,toward_S1,3.7545429740172773
6,cx30,2024-03-29 22:38:42+00:00,40.288233,-88.126178,59.40400715633483,96.0,-7.572265027312241,rs1,20.449847150506542,34.1608416321864,13.710994481679855,4,20.449847150506542,34.1608416321864,13.710994481679855,80.2309515867141,positive_cross,toward_S1,3.614315843881865
6,cx30,2024-03-29 22:38:43+00:00,40.288305,-88.126171,51.38856483708125,97.0,-8.01544231925358,rs3,26.17313344412724,28.144381714318552,1.9712482701913103,3,26.17313344412724,28.144381714318552,1.9712482701913103,26.33125891160298,positive_cross,toward_S1,3.464024183805153
6,cx30,2024-03-29 22:38:44+00:00,40.288381,-88.126169,42.936065398163755,98.0,-8.452499438917492,rs3,17.90095483179285,36.47943524871873,18.57848041692588,3,17.90095483179285,36.47943524871873,18.57848041692588,26.33125891160298,positive_cross,toward_S1,3.3074964164177922
6,cx30,2024-03-29 22:38:45+00:00,40.288458,-88.126166,34.37085908303891,99.0,-8.565206315124847,rs3,9.803175786058468,34.565033805611044,24.761858019552577,3,9.803175786058468,44.961668458446916,35.15849267238845,26.33125891160298,positive_cross,toward_S1,3.1488814846562208
6,cx30,2024-03-29 22:38:46+00:00,40.288535,-88.126162,25.804122724252252,100.0,-8.566736358786656,rs3,4.226655195297932,33.98541231384519,29.75875711854726,3,4.226655195297932,53.46482153207797,49.23816633678004,26.33125891160298,positive_cross,toward_S1,2.9902382187527645
6,cx30,2024-03-29 22:38:47+00:00,40.288613,-88.126159,17.1277395758354,101.0,-8.676383148416853,rs3,9.440104383760707,35.47455309043748,26.034448706676777,3,9.440104383760707,45.44954392400678,36.00943954024608,26.33125891160298,positive_cross,toward_S1,2.829564456745045
6,cx30,2024-03-29 22:38:48+00:00,40.288695,-88.126155,8.005119049690041,102.0,-9.122620526145358,rs3,18.05394821154757,36.33188267028532,18.277934458737747,3,18.05394821154757,36.33188267028532,18.277934458737747,26.33125891160298,positive_cross,toward_S1,2.6606270395942047
6,cx30,2024-03-29 22:38:49+00:00,40.288781,-88.126153,-1.5591487255247753,103.0,-9.564267775214816,rs6,26.796435744279982,27.469435534869213,0.6729997905892304,2,26.796435744279982,27.469435534869213,0.6729997905892304,-27.632700444717127,positive_cross,toward_S1,2.482843550355414
6,cx30,2024-03-29 22:38:50+00:00,40.288866,-88.126156,-11.004589452276596,104.0,-9.445440726751821,rs6,17.479649769113504,35.38605059005428,17.906400820940778,2,17.479649769113504,36.89233067991258,19.41268091079908,-27.632700444717127,positive_cross,toward_S1,2.3079279813414915
6,cx30,2024-03-29 22:38:51+00:00,40.288949,-88.126163,-20.221556340870002,105.0,-9.216966888593406,rs6,8.826391206810506,31.528184645061096,22.70179343825059,2,8.826391206810506,46.13823178429023,37.31184057747972,-27.632700444717127,positive_cross,toward_S1,2.137243409330502
6,cx30,2024-03-29 22:38:52+00:00,40.289027,-88.126166,-28.888759232055705,106.0,-8.667202891185703,rs6,4.171481903945084,30.426942629301287,26.2554607253562,2,4.171481903945084,50.71348752147005,46.542005617524964,-27.632700444717127,positive_cross,toward_S1,1.9767396520863227
6,cx30,2024-03-29 22:38:53+00:00,40.289102,-88.126166,-37.22702175191574,107.0,-8.338262519860038,rs6,9.961796389956646,31.891973927627728,21.93017753767108,2,9.961796389956646,42.396654628239624,32.43485823828298,-27.632700444717127,positive_cross,toward_S1,1.8223273832000255
6,cx30,2024-03-29 22:38:54+00:00,40.289178,-88.126165,-45.67799114796137,108.0,-8.450969396045629,rs6,17.984662910979974,33.97262965421339,15.987966743233418,2,17.984662910979974,33.97262965421339,15.987966743233418,-27.632700444717127,positive_cross,toward_S1,1.6658279499399213
6,cx30,2024-03-29 22:38:55+00:00,40.28925,-88.126165,-53.6827231670902,109.0,-8.00473201912883,rs6,25.85227480722502,26.020427821329633,0.16815301410461458,2,25.85227480722502,26.020427821329633,0.16815301410461458,-27.632700444717127,positive_cross,toward_S1,1.517592171807906
6,cx30,2024-03-29 22:38:56+00:00,40.289321,-88.126162,-61.580868480752635,110.0,-7.898145313662432,rs8,18.17950457893574,31.952191154985577,13.772686576049836,1,18.17950457893574,33.64617907868946,15.466674499753715,-78.92951005359993,positive_cross,toward_S1,1.3212711402379127
6,cx30,2024-03-29 22:38:57+00:00,40.289386,-88.126162,-68.80736266431535,111.0,-7.226494183562714,rs8,11.142417862166637,28.701359828309386,17.558941966142747,1,11.142417862166637,40.83845890509986,29.696041042933224,-78.92951005359993,positive_cross,toward_S1,1.1874471738756402
6,cx30,2024-03-29 22:38:58+00:00,40.289446,-88.126162,-75.47797267972939,112.0,-6.6706100154140415,rs8,5.1448699954792625,27.102501792764794,21.957631797285533,1,5.1448699954792625,47.487577666460275,42.342707670981014,-78.92951005359993,positive_cross,toward_S1,1.0639173587753803
6,cx30,2024-03-29 22:38:59+00:00,40.289506,-88.126163,-82.1470526530398,113.0,-6.669079973310403,rs8,4.291767791618382,27.01555231621948,22.7237845246011,1,4.291767791618382,54.148685062855954,49.85691727123757,-78.92951005359993,positive_cross,toward_S1,0.9404158777881506
6,cx30,2024-03-29 22:39:00+00:00,40.289562,-88.126166,-88.36836520500337,114.0,-6.221312551963578,rs8,9.618381038439834,28.222011731695304,18.603630693255468,1,9.618381038439834,60.37998327440981,50.761602235969974,-78.92951005359993,positive_cross,toward_S1,0.8252063860851214
6,cx30,2024-03-29 22:39:01+00:00,40.289617,-88.126175,-94.46932066716852,115.0,-6.100955462165146,rs8,15.657353115759157,30.179953824485306,14.522600708726149,1,15.657353115759157,66.53609697682217,50.87874386106301,-78.92951005359993,positive_cross,toward_S1,0.7122257293783594
6,cx30,2024-03-29 22:39:02+00:00,40.289665,-88.126205,-99.75990739339329,116.0,-5.290586726224774,rs8,21.515184294712324,31.334579342936706,9.819395048224383,1,21.515184294712324,72.07893916950593,50.5637548747936,-78.92951005359993,positive_cross,toward_S1,0.6142519011149377
6,cx30,2024-03-29 22:39:03+00:00,40.289693,-88.126263,-102.78411624729266,117.0,-3.024208853899367,rs8,26.300269769093383,30.296072282461697,3.9958025133683144,1,26.300269769093383,75.82110296724309,49.52083319814971,-78.92951005359993,positive_cross,toward_S1,0.5582480334501345
6,cx30,2024-03-29 22:39:04+00:00,40.289701,-88.126329,-103.57254808636903,118.0,-0.7884318390763667,rs10,28.065970409761317,29.968445979761213,1.902475569999897,1,28.065970409761317,77.79637000084124,49.730399591079916,-78.92951005359993,negative_cross,toward_S1,0.5436474438376093
6,cx30,2024-03-29 22:39:05+00:00,40.289682,-88.126391,-101.36532558958373,119.0,2.207222496785292,rs10,24.08778383333196,31.788826301281055,7.701042467949094,1,24.08778383333196,75.01205925223836,50.9242754189064,-78.92951005359993,negative_cross,toward_S4,0.5845219345188184
6,cx30,2024-03-29 22:39:06+00:00,40.289643,-88.12644,-96.9544569783714,120.0,4.4108686112123365,rs10,18.85625825326202,32.281155235791104,13.424896982529084,1,18.85625825326202,70.18216325415503,51.32590500089301,-78.92951005359993,negative_cross,toward_S4,0.6662046865783061
6,cx30,2024-03-29 22:39:07+00:00,40.289588,-88.126453,-90.81984057372838,121.0,6.134616404643012,rs10,12.64019535813592,30.340736154426708,17.700540796290788,1,12.64019535813592,63.98591742735428,51.34572206921836,-78.92951005359993,negative_cross,toward_S4,0.7798086940716953
6,cx30,2024-03-29 22:39:08+00:00,40.289529,-88.126458,-84.25275717724705,122.0,6.567083396481337,rs10,6.147711564015,28.85279833326974,22.705086769254738,1,6.147711564015,57.413192719635866,51.26548115562087,-78.92951005359993,negative_cross,toward_S4,0.9014213495620903
6,cx30,2024-03-29 22:39:09+00:00,40.289473,-88.126452,-78.03603475313085,123.0,6.216722424116199,rs10,2.3165390797110956,27.879306321996282,25.562767242285187,1,2.3165390797110956,51.27652363103522,48.95998455132412,-78.92951005359993,negative_cross,toward_S4,1.0165458388975754
6,cx30,2024-03-29 22:39:10+00:00,40.289414,-88.126451,-71.47813161390242,124.0,6.557903139228429,rs10,7.304257087523595,28.782749795208733,21.478492707685138,1,7.304257087523595,44.77988285369863,37.475625766175035,-78.92951005359993,negative_cross,toward_S4,1.137988489624028
6,cx30,2024-03-29 22:39:11+00:00,40.289355,-88.126451,-64.91869843180211,125.0,6.559433182100307,rs10,13.67739288774439,31.152643465667182,17.475250577922793,1,13.67739288774439,38.29196869011562,24.614575802371228,-78.92951005359993,negative_cross,toward_S4,1.2594594744777372
6,cx30,2024-03-29 22:39:12+00:00,40.289292,-88.126452,-57.91302787278499,126.0,7.005670559017126,rs10,20.604503759541913,31.38167776951882,10.777174009976907,1,20.604503759541913,31.38167776951882,10.777174009976907,-78.92951005359993,negative_cross,toward_S4,1.389194114459536
6,cx30,2024-03-29 22:39:13+00:00,40.289225,-88.126454,-50.4611199360611,127.0,7.4519079367238845,rs7,24.07469625141282,28.00936023996146,3.934663988548639,2,24.07469625141282,28.00936023996146,3.934663988548639,-27.632700444717127,negative_cross,toward_S4,1.5772514909010376
6,cx30,2024-03-29 22:39:14+00:00,40.289155,-88.126456,-42.675681498584275,128.0,7.785438437476827,rs7,16.58368002555719,32.379582887093214,15.795902861536025,2,16.58368002555719,35.76804802727223,19.18436800171504,-27.632700444717127,negative_cross,toward_S4,1.721426276780238
6,cx30,2024-03-29 22:39:15+00:00,40.289084,-88.126459,-34.777536184943585,129.0,7.89814531364069,rs7,9.438364446207693,29.81655555538653,20.378191109178836,2,9.438364446207693,43.64484678089086,34.206482334683166,-27.632700444717127,negative_cross,toward_S4,1.8676882270328434
6,cx30,2024-03-29 22:39:16+00:00,40.289013,-88.126463,-26.877860827619333,130.0,7.899675357324252,rs7,5.2071393239093675,29.316189821577755,24.109050497668388,2,5.2071393239093675,51.5268037586767,46.31966443476733,-27.632700444717127,negative_cross,toward_S4,2.013978511427737
6,cx30,2024-03-29 22:39:17+00:00,40.288942,-88.126465,-18.981245556850503,131.0,7.89661527076883,rs7,9.580307436347844,30.73722982215951,21.156922385811665,2,9.580307436347844,46.631574479098006,37.05126704275016,-27.632700444717127,negative_cross,toward_S4,2.1602121275530854
6,cx30,2024-03-29 22:39:18+00:00,40.288873,-88.126466,-11.30851399637098,132.0,7.672731560479523,rs7,16.58240619149344,33.80139146874992,17.21898527725648,2,16.58240619149344,39.084525734790304,22.502119543296864,-27.632700444717127,negative_cross,toward_S4,2.3022997490434474
6,cx30,2024-03-29 22:39:19+00:00,40.288804,-88.12647,-3.6311923064641833,133.0,7.677321689906797,rs7,23.949405400220623,31.53491091857758,7.585505518356957,2,23.949405400220623,31.53491091857758,7.585505518356957,-27.632700444717127,negative_cross,toward_S4,2.44447237293061
6,cx30,2024-03-29 22:39:20+00:00,40.288732,-88.126482,4.391900226380462,134.0,8.023092532844645,rs5,23.546737592945053,31.714138626868394,8.16740103392334,3,23.546737592945053,31.714138626868394,8.16740103392334,26.33125891160298,negative_cross,toward_S4,2.5937155799032867
6,cx30,2024-03-29 22:39:21+00:00,40.288665,-88.126497,11.86369872050372,135.0,7.4717984941232585,rs5,16.07352728602492,35.66144574550924,19.58791845948432,3,16.07352728602492,39.031372923473626,22.957845637448706,26.33125891160298,negative_cross,toward_S4,2.732082218683347
6,cx30,2024-03-29 22:39:22+00:00,40.288599,-88.126512,19.224320381313234,136.0,7.360621660809514,rs5,8.847947663423206,34.636515017159994,25.788567353736788,3,8.847947663423206,46.31528463419286,37.46733697076965,26.33125891160298,negative_cross,toward_S4,2.8683900272168565
6,cx30,2024-03-29 22:39:23+00:00,40.288532,-88.126526,26.69458883254289,137.0,7.470268451229657,rs5,3.1102505259747084,35.110936642707664,32.00068611673296,3,3.1102505259747084,53.75588486203768,50.645634336062976,26.33125891160298,negative_cross,toward_S4,3.0067283318692577
6,cx30,2024-03-29 22:39:24+00:00,40.288462,-88.126534,34.48920752648265,138.0,7.794618693939761,rs5,7.8769743911779395,36.721194848499486,28.844220457321548,3,7.8769743911779395,46.98606716507489,39.109092773896954,26.33125891160298,negative_cross,toward_S4,3.1510731224977717
6,cx30,2024-03-29 22:39:25+00:00,40.288395,-88.126535,41.939585420334666,139.0,7.450377893852014,rs5,15.129805381903253,39.150169115468614,24.02036373356536,3,15.129805381903253,39.537024343392254,24.407218961489,26.33125891160298,negative_cross,toward_S4,3.2890430834950313
6,cx30,2024-03-29 22:39:26+00:00,40.288324,-88.126536,49.83467064823164,140.0,7.895085227896978,rs5,22.95625831107317,31.645387844728624,8.689129533655453,3,22.95625831107317,31.645387844728624,8.689129533655453,26.33125891160298,negative_cross,toward_S4,3.4352483654931234
6,cx30,2024-03-29 22:39:27+00:00,40.288253,-88.126535,57.72669579117487,141.0,7.8920251429432255,rs2,23.7698430973861,30.8313711362357,7.061528038849598,4,23.7698430973861,30.8313711362357,7.061528038849598,80.2309515867141,negative_cross,toward_S4,3.583254522304829
6,cx30,2024-03-29 22:39:28+00:00,40.288181,-88.126532,65.72683768087641,142.0,8.000141889701545,rs2,15.826677876629828,38.08898204474277,22.26230416811294,4,15.826677876629828,38.83756294821151,23.010885071581683,80.2309515867141,negative_cross,toward_S4,3.731405298040043
6,cx30,2024-03-29 22:39:29+00:00,40.288107,-88.126532,73.9539233674227,143.0,8.227085686546289,rs2,7.738320451170351,35.90402263515497,28.16570218398462,4,7.738320451170351,47.05321792535976,39.31489747418941,80.2309515867141,negative_cross,toward_S4,3.883758736679789
6,cx30,2024-03-29 22:39:30+00:00,40.288035,-88.126533,81.96018542863344,144.0,8.006262061210734,rs2,2.0342598515799226,35.60710569698266,33.57284584540273,4,2.0342598515799226,55.047233680903055,53.01297382932313,80.2309515867141,negative_cross,toward_S4,4.0320228489244325
6,cx30,2024-03-29 22:39:31+00:00,40.287965,-88.126535,89.74562386611026,145.0,7.785438437476827,rs2,8.521029812174337,37.10022054491952,28.579190732745186,4,8.521029812174337,62.819491711783094,54.29846189960875,80.2309515867141,negative_cross,toward_S4,4.176197634803633
6,cx30,2024-03-29 22:39:32+00:00,40.287905,-88.126525,96.40093345276225,146.0,6.655309586651981,rs2,15.234680122572758,38.67493730465379,23.44025718208103,4,15.234680122572758,69.5225687295916,54.28788860701884,80.2309515867141,negative_cross,toward_S4,4.299444108630521
6,cx30,2024-03-29 22:39:33+00:00,40.287864,-88.126495,100.91328234421086,147.0,4.51234889144861,rs2,20.239849490185915,38.7101405760431,18.470291085857188,4,20.239849490185915,74.23125509317848,53.99140560299256,80.2309515867141,negative_cross,toward_S4,4.383006125138829
6,cx30,2024-03-29 22:39:34+00:00,40.287828,-88.126449,104.84526638147415,148.0,3.931984037263291,rs2,25.259868726776066,38.0566048590498,12.796736132273733,4,25.259868726776066,78.60623899843412,53.34637027165806,80.2309515867141,negative_cross,toward_S4,4.455820644347408
6,cx30,2024-03-29 22:39:35+00:00,40.287826,-88.126381,104.96357713255442,149.0,0.11831075108027278,rs2,28.048754910286807,34.13415658756918,6.085401677282373,4,28.048754910286807,79.73769512506613,51.68894021477932,80.2309515867141,negative_cross,ambiguous,4.458011584182228
6,cx30,2024-03-29 22:39:36+00:00,40.287843,-88.126326,102.98941860333309,150.0,-1.9741585292213273,rs2,29.338746742398854,29.708794960952602,0.37004821855374814,4,29.338746742398854,78.93858648615307,49.59983974375422,80.2309515867141,negative_cross,toward_S1,4.421453092900352
6,cx30,2024-03-29 22:39:37+00:00,40.287876,-88.126285,99.25785133736971,151.0,-3.7315672659633776,rs1,24.68793378371881,29.349403522113814,4.661469738395002,4,24.68793378371881,74.85908232765259,50.171148543933775,80.2309515867141,positive_cross,toward_S1,4.352349995382512
6,cx30,2024-03-29 22:39:38+00:00,40.287919,-88.12625,94.4236959915937,152.0,-4.834155345776011,rs1,19.077027812307538,29.245634076456934,10.168606264149396,4,19.077027812307538,69.61542554343494,50.538397731127404,80.2309515867141,positive_cross,toward_S1,4.262828600090363
6,cx30,2024-03-29 22:39:39+00:00,40.28797,-88.126216,88.70165602059966,153.0,-5.722039970994047,rs1,12.863143559537884,29.884450324823057,17.021306765285175,4,12.863143559537884,63.567121965687925,50.70397840615004,80.2309515867141,positive_cross,toward_S1,4.156864896923807
6,cx30,2024-03-29 22:39:40+00:00,40.288031,-88.126202,81.89844857162235,154.0,-6.803207448977304,rs1,7.939741074395025,30.05950434262445,22.119763268229427,4,7.939741074395025,56.6836746083468,48.743933533951775,80.2309515867141,positive_cross,toward_S1,4.030879573794597
6,cx30,2024-03-29 22:39:41+00:00,40.288084,-88.12618,75.97241544771664,155.0,-5.926033123905711,rs1,6.408964448827243,32.28454874209619,25.87558429326895,4,6.408964448827243,50.602330968602125,44.193366519774884,80.2309515867141,positive_cross,toward_S1,3.921138219648195
6,cx30,2024-03-29 22:39:42+00:00,40.288158,-88.126177,67.74073963253304,156.0,-8.231675815183607,rs1,12.56418759849424,34.74320133522657,22.179013736732333,4,12.56418759849424,42.401499197054754,29.837311598560515,80.2309515867141,positive_cross,toward_S1,3.7686997786262766
6,cx30,2024-03-29 22:39:43+00:00,40.288229,-88.126172,59.8395342331269,157.0,-7.9012053994061375,rs1,19.889563822674504,34.521360890268305,14.631797067593801,4,19.889563822674504,34.521360890268305,14.631797067593801,80.2309515867141,positive_cross,toward_S1,3.6223811601187554
6,cx30,2024-03-29 22:39:44+00:00,40.288298,-88.12617,52.165272629775515,158.0,-7.674261603351383,rs3,26.922268843255754,27.36281353290736,0.4405446896516061,3,26.922268843255754,27.36281353290736,0.4405446896516061,26.33125891160298,positive_cross,toward_S1,3.4784076614476396
6,cx30,2024-03-29 22:39:45+00:00,40.288374,-88.126172,43.71889336234545,159.0,-8.446379267430068,rs3,18.719350812830708,35.74137172572158,17.02202091289087,3,18.719350812830708,35.74137172572158,17.02202091289087,26.33125891160298,positive_cross,toward_S1,3.321993230569305
6,cx30,2024-03-29 22:39:46+00:00,40.288457,-88.126173,34.49274621647741,160.0,-9.22614714586804,rs3,10.189165225232623,34.013454635474346,23.824289410241725,3,10.189165225232623,44.91306132985619,34.72389610462357,26.33125891160298,positive_cross,toward_S1,3.151138653793971
6,cx30,2024-03-29 22:39:47+00:00,40.288537,-88.126176,25.603189657895992,161.0,-8.889556558581415,rs3,5.414138823498708,32.8027923223329,27.38865349883419,3,5.414138823498708,53.78940543005765,48.37526660655894,26.33125891160298,positive_cross,toward_S1,2.986517236042463
6,cx30,2024-03-29 22:39:48+00:00,40.288629,-88.126176,15.374920966962483,162.0,-10.22826869093351,rs3,11.674752909785337,34.612604965288874,22.937852055503537,3,11.674752909785337,43.81504976927028,32.14029685948495,26.33125891160298,positive_cross,toward_S1,2.7971048528770277
6,cx30,2024-03-29 22:39:49+00:00,40.288715,-88.12617,5.804533020238493,163.0,-9.57038794672399,rs3,20.50456863875529,34.25821786397905,13.753649225223757,3,20.50456863875529,34.25821786397905,13.753649225223757,26.33125891160298,positive_cross,toward_S1,2.6198754464562133
6,cx30,2024-03-29 22:39:50+00:00,40.288803,-88.126169,-3.9805583787319634,164.0,-9.785091398970456,rs6,24.57070084173534,30.08589583424124,5.515194992505897,2,24.57070084173534,30.08589583424124,5.515194992505897,-27.632700444717127,positive_cross,toward_S1,2.438002630851577
6,cx30,2024-03-29 22:39:51+00:00,40.28888,-88.126161,-12.553414908237839,165.0,-8.572856529505875,rs6,16.044420345214508,34.30085796145299,18.256437616238482,2,16.044420345214508,38.48522402110819,22.44080367589368,-27.632700444717127,positive_cross,toward_S1,2.2792460284533202
6,cx30,2024-03-29 22:39:52+00:00,40.288961,-88.126163,-21.55567834379482,166.0,-9.002263435556982,rs6,7.6476916617206365,31.242959460691687,23.59526779897105,2,7.6476916617206365,47.46727519503012,39.81958353330948,-27.632700444717127,positive_cross,toward_S1,2.112537446313376
6,cx30,2024-03-29 22:39:53+00:00,40.289038,-88.126163,-30.11629453028235,167.0,-8.560616186487529,rs6,4.320753057566821,30.75743162123729,26.43667856367047,2,4.320753057566821,49.47530725256203,45.154554194995214,-27.632700444717127,positive_cross,toward_S1,1.9540075169339775
6,cx30,2024-03-29 22:39:54+00:00,40.289116,-88.126167,-38.78196737938616,168.0,-8.66567284910381,rs6,11.42943972650707,32.31724119419441,20.88780146768734,2,11.42943972650707,40.85287452140539,29.42343479489832,-27.632700444717127,positive_cross,toward_S1,1.7935320938024253
6,cx30,2024-03-29 22:39:55+00:00,40.289196,-88.126167,-47.67611406660489,169.0,-8.89414668721873,rs6,19.975980098008602,32.00103516577761,12.025055067769006,2,19.975980098008602,32.00103516577761,12.025055067769006,-27.632700444717127,positive_cross,toward_S1,1.6288256736687452
6,cx30,2024-03-29 22:39:56+00:00,40.289272,-88.126165,-56.12861350552238,170.0,-8.452499438917492,rs8,23.598156988209954,28.272029112294135,4.6738721240841805,1,23.598156988209954,28.272029112294135,4.6738721240841805,-78.92951005359993,positive_cross,toward_S1,1.4222388249643991
6,cx30,2024-03-29 22:39:57+00:00,40.289348,-88.126165,-64.57805285869617,171.0,-8.449439353173787,rs8,15.290972449215099,30.211258975487475,14.920286526272376,1,15.290972449215099,36.65900038572213,21.368027936507033,-78.92951005359993,positive_cross,toward_S1,1.2657677258315512
6,cx30,2024-03-29 22:39:58+00:00,40.289423,-88.126165,-72.91631537855618,172.0,-8.33826251986001,rs8,7.423638368265474,27.28723921671368,19.863600848448208,1,7.423638368265474,44.959943244185894,37.53630487592042,-78.92951005359993,positive_cross,toward_S1,1.1113554569452546
6,cx30,2024-03-29 22:39:59+00:00,40.289495,-88.126168,-80.9164572690477,173.0,-8.00014189049152,rs8,4.042987954425574,26.469473329675886,22.426485375250312,1,4.042987954425574,52.960928090371496,48.91794013594592,-78.92951005359993,positive_cross,toward_S1,0.9632046811954117
6,cx30,2024-03-29 22:40:00+00:00,40.289556,-88.12617,-87.69518403203179,174.0,-6.778726762984093,rs8,9.143810449334229,27.68151040032004,18.53769995098581,1,9.143810449334229,59.73848439585384,50.594673946519606,-78.92951005359993,positive_cross,toward_S1,0.8376727041031137
6,cx30,2024-03-29 22:40:01+00:00,40.289613,-88.126175,-94.02461333312357,175.0,-6.329429301091778,rs8,15.230556497118895,29.951338275062355,14.72078177794346,1,15.230556497118895,66.09239295057384,50.86183645345494,-78.92951005359993,positive_cross,toward_S1,0.7204610503791918
6,cx30,2024-03-29 22:40:02+00:00,40.289663,-88.1262,-99.5452039403569,176.0,-5.520590607233331,rs8,21.170914361697466,31.503340951012774,10.332426589315308,1,21.170914361697466,71.81513441546214,50.64422005376467,-78.92951005359993,positive_cross,toward_S1,0.618227890985982
6,cx30,2024-03-29 22:40:03+00:00,40.289698,-88.12625,-103.35989097281899,177.0,-3.814687032462089,rs8,26.330005284490593,31.410760416090046,5.080755131599453,1,26.330005284490593,76.19949297428283,49.86948768979224,-78.92951005359993,positive_cross,toward_S1,0.5475855385329804
6,cx30,2024-03-29 22:40:04+00:00,40.289717,-88.12631,-105.38044823875927,178.0,-2.0205572659402833,rs10,30.389593944664618,30.569062236171355,0.17946829150673693,1,30.389593944664618,79.18114168666662,48.791547742002,-78.92951005359993,negative_cross,toward_S1,0.510167811385938
6,cx30,2024-03-29 22:40:05+00:00,40.289713,-88.126381,-104.82710785976154,179.0,0.5533403789977314,rs10,27.630204523458445,33.73721568740091,6.107011163942467,1,27.630204523458445,78.5492240428299,50.91901951937146,-78.92951005359993,negative_cross,toward_S4,0.5204148554414516
6,cx30,2024-03-29 22:40:06+00:00,40.289682,-88.126445,-101.28270327428599,180.0,3.5444045854755473,rs10,23.082459574184885,35.20505603001834,12.122596455833456,1,23.082459574184885,74.45918927344249,51.37672969925761,-78.92951005359993,negative_cross,toward_S4,0.5860519773947025
6,cx30,2024-03-29 22:40:07+00:00,40.28963,-88.12648,-95.44795642710633,181.0,5.834746847179659,rs10,17.11794437472457,34.438785356392266,17.320840981667697,1,17.11794437472457,68.47406204379914,51.356117669074564,-78.92951005359993,negative_cross,toward_S4,0.6941028449350666
6,cx30,2024-03-29 22:40:08+00:00,40.289576,-88.126474,-89.45358766961763,182.0,5.994368757488701,rs10,11.119606309606686,31.520935308502704,20.40132899889602,1,11.119606309606686,62.510452940162914,51.390846630556226,-78.92951005359993,negative_cross,toward_S4,0.8051096737774499
6,cx30,2024-03-29 22:40:09+00:00,40.289523,-88.126456,-83.58875626152836,183.0,5.864831408089273,rs10,5.569547749990206,28.571363913602887,23.00181616361268,1,5.569547749990206,56.76615355476147,51.196605804771266,-78.92951005359993,negative_cross,toward_S4,0.9137176628161401
6,cx30,2024-03-29 22:40:10+00:00,40.289465,-88.126444,-77.15886042724759,184.0,6.429895834280771,rs10,3.2159020067470965,27.24753342833422,24.03163142158712,1,3.2159020067470965,50.480330128738316,47.26442812199122,-78.92951005359993,negative_cross,toward_S4,1.0327898078954136
6,cx30,2024-03-29 22:40:11+00:00,40.289403,-88.126453,-70.25212635854761,185.0,6.906734068699976,rs10,8.424569174088191,29.28911559264519,20.864546418556998,1,8.424569174088191,43.54468395322636,35.12011477913817,-78.92951005359993,negative_cross,toward_S4,1.1606922906491168
6,cx30,2024-03-29 22:40:12+00:00,40.289333,-88.126465,-62.45138749233047,186.0,7.800738866217145,rs10,15.960748288221772,33.360082984062956,17.399334695841183,1,15.960748288221772,35.6929748268001,19.73222653857833,-78.92951005359993,negative_cross,toward_S4,1.3051504178012863
6,cx30,2024-03-29 22:40:13+00:00,40.289256,-88.126468,-53.88618117720563,187.0,8.56520631512484,rs10,24.498700523694012,27.194960008757423,2.696259485063411,1,24.498700523694012,27.194960008757423,2.696259485063411,-78.92951005359993,negative_cross,toward_S4,1.4637653495628573
6,cx30,2024-03-29 22:40:14+00:00,40.289178,-88.126468,-45.21438815661438,188.0,8.671793020591245,rs7,18.716315610803328,33.1697045030242,14.453388892220872,2,18.716315610803328,33.1697045030242,14.453388892220872,-27.632700444717127,negative_cross,toward_S4,1.6744131905204211
6,cx30,2024-03-29 22:40:15+00:00,40.289092,-88.126467,-35.654710510015136,189.0,9.559677646599248,rs7,9.81901029187582,30.695083258276636,20.876072966400816,2,9.81901029187582,42.734167695158945,32.915157403283125,-27.632700444717127,negative_cross,toward_S4,1.8514442580500368
6,cx30,2024-03-29 22:40:16+00:00,40.289006,-88.126467,-26.093502821334003,190.0,9.561207688681133,rs7,4.970311261875321,29.687242360640663,24.716931098765343,2,4.970311261875321,52.297414665330955,47.32710340345563,-27.632700444717127,negative_cross,toward_S4,2.02850365969228
6,cx30,2024-03-29 22:40:17+00:00,40.288923,-88.126468,-16.86429558972225,191.0,9.229207231611753,rs7,11.32302925218833,31.641255130525764,20.318225878337433,2,11.32302925218833,44.506813325333134,33.18378407314481,-27.632700444717127,negative_cross,toward_S4,2.1994149047221274
6,cx30,2024-03-29 22:40:18+00:00,40.288843,-88.126472,-7.964028730994341,192.0,8.900266858727909,rs7,19.671292448951654,35.715698384402636,16.044405935450982,2,19.671292448951654,35.715698384402636,16.044405935450982,-27.632700444717127,negative_cross,toward_S4,2.364234661365237
6,cx30,2024-03-29 22:40:19+00:00,40.288763,-88.126487,0.95306859934574,193.0,8.91709733034008,rs5,26.760442889849006,28.240282529319717,1.4798396394707112,3,26.760442889849006,28.240282529319717,1.4798396394707112,26.33125891160298,negative_cross,toward_S4,2.530033512735977
6,cx30,2024-03-29 22:40:20+00:00,40.288684,-88.126508,9.768169353646705,194.0,8.815100754300966,rs5,17.806440232989768,36.87522868961973,19.068788456629964,3,17.806440232989768,36.87522868961973,19.068788456629964,26.33125891160298,negative_cross,toward_S4,2.693276119297106
6,cx30,2024-03-29 22:40:21+00:00,40.288605,-88.126526,18.57867998010032,195.0,8.810510626453613,rs5,8.960828479984814,35.93714451290647,26.97631603292166,3,8.960828479984814,45.636396280562764,36.67556780057795,26.33125891160298,negative_cross,toward_S4,2.8564337234906914
6,cx30,2024-03-29 22:40:22+00:00,40.288525,-88.126535,27.486597053209252,196.0,8.907917073108933,rs5,2.3839622864183303,35.89256737770416,33.50860509128583,3,2.3839622864183303,53.98558903168101,51.60162674526268,26.33125891160298,negative_cross,toward_S4,3.0213951507704864
6,cx30,2024-03-29 22:40:23+00:00,40.288443,-88.126537,36.60615749358915,197.0,9.1195604403799,rs5,9.850482247325276,37.49644097717555,27.64595872985028,3,9.850482247325276,44.86461473472427,35.014132487398996,26.33125891160298,negative_cross,toward_S4,3.1902758996664105
6,cx30,2024-03-29 22:40:24+00:00,40.288362,-88.126539,45.614541100655316,198.0,9.008383607066165,rs5,18.725737915229946,35.85536955595719,17.129631640727244,3,18.725737915229946,35.85536955595719,17.129631640727244,26.33125891160298,negative_cross,toward_S4,3.357097818315784
6,cx30,2024-03-29 22:40:25+00:00,40.288282,-88.12654,54.51021783076765,199.0,8.895676730112335,rs2,26.96252168524132,27.583533752596804,0.6210120673554833,4,26.96252168524132,27.583533752596804,0.6210120673554833,80.2309515867141,negative_cross,toward_S4,3.5236901156306213
6,cx30,2024-03-29 22:40:26+00:00,40.288201,-88.126537,63.51095122345278,200.0,9.000733392685127,rs2,17.991692456441232,36.590747918691655,18.599055462250423,4,17.991692456441232,36.590747918691655,18.599055462250423,80.2309515867141,negative_cross,toward_S4,3.690370363643309
6,cx30,2024-03-29 22:40:27+00:00,40.288118,-88.126535,72.73556832644894,201.0,9.224617102996163,rs2,8.869325223691856,36.368498861587135,27.49917363789528,4,8.869325223691856,45.8179627355622,36.948637511870345,80.2309515867141,negative_cross,toward_S4,3.861196606291386
6,cx30,2024-03-29 22:40:28+00:00,40.28804,-88.126537,81.41042143199394,202.0,8.674853105544997,rs2,1.6205552088306137,35.9144434045548,34.293888195724186,4,1.6205552088306137,54.477149901167884,52.85659469233727,80.2309515867141,negative_cross,toward_S4,4.021842034171849
6,cx30,2024-03-29 22:40:29+00:00,40.287972,-88.126536,88.968916073416,203.0,7.558494641422058,rs2,7.7424169684878565,36.97822047579269,29.235803507304833,4,7.7424169684878565,62.038318468317286,54.29590149982943,80.2309515867141,negative_cross,toward_S4,4.161814157161146
6,cx30,2024-03-29 22:40:30+00:00,40.287919,-88.12653,94.852107996801,204.0,5.883191923384999,rs2,13.628375274496706,38.4151624414437,24.786787166946993,4,13.628375274496706,67.94853187074133,54.32015659624463,80.2309515867141,negative_cross,toward_S4,4.27076215574235
6,cx30,2024-03-29 22:40:31+00:00,40.287874,-88.126489,99.79233375066067,205.0,4.9402257538596785,rs2,19.31070901366136,37.67818096823986,18.367471954578498,4,19.31070901366136,73.1639869549389,53.85327794127755,80.2309515867141,negative_cross,toward_S4,4.362247817850863
6,cx30,2024-03-29 22:40:32+00:00,40.28785,-88.12643,102.37030522762151,206.0,2.5779714769608404,rs2,23.676965481430962,35.23299014771203,11.556024666281068,4,23.676965481430962,76.39879527048078,52.72182978904981,80.2309515867141,negative_cross,toward_S4,4.409988030387174
6,cx30,2024-03-29 22:40:33+00:00,40.287849,-88.126364,102.38049923113171,207.0,0.010194003510193284,rs2,26.76726949274858,31.268972801921542,4.501703309172964,4,26.76726949274858,77.52970780368852,50.76243831093994,80.2309515867141,negative_cross,ambiguous,4.410176808229956
6,cx30,2024-03-29 22:40:34+00:00,40.287872,-88.126302,99.72856940030147,208.0,-2.651929830830241,rs1,25.91062419999283,28.522547004205016,2.6119228042121847,4,25.91062419999283,75.58950483715896,49.678880637166124,80.2309515867141,positive_cross,toward_S1,4.3610669965479145
6,cx30,2024-03-29 22:40:35+00:00,40.287919,-88.126252,94.42675607733742,209.0,-5.301813322964051,rs1,19.1799896116177,29.095052476097866,9.915062864480166,4,19.1799896116177,69.64412426349247,50.46413465187477,80.2309515867141,positive_cross,toward_S1,4.262885268344876
6,cx30,2024-03-29 22:40:36+00:00,40.287972,-88.126227,88.49613282481612,210.0,-5.9306232525213005,rs1,13.351471670969705,28.925444731533695,15.57397306056399,4,13.351471670969705,63.483298578247165,50.13182690727746,80.2309515867141,positive_cross,toward_S1,4.153058911816704
6,cx30,2024-03-29 22:40:37+00:00,40.288029,-88.126206,82.12692240973729,211.0,-6.369210415078825,rs1,8.335624944277189,29.728556395316794,21.392931451039605,4,8.335624944277189,56.95054872606825,48.61492378179106,80.2309515867141,positive_cross,toward_S1,4.035110570796726
6,cx30,2024-03-29 22:40:38+00:00,40.288093,-88.126184,74.9779441162205,212.0,-7.148978293516791,rs1,7.230718140290191,32.11807570622848,24.887357565938288,4,7.230718140290191,49.64841059641511,42.41769245612492,80.2309515867141,positive_cross,toward_S1,3.9027220838797483
6,cx30,2024-03-29 22:40:39+00:00,40.288162,-88.126171,67.2868520412352,213.0,-7.691092074985292,rs1,12.767764318657814,35.3833676702687,22.615603351610883,4,12.767764318657814,41.89672927939408,29.128964960736266,80.2309515867141,positive_cross,toward_S1,3.760294452861502
6,cx30,2024-03-29 22:40:40+00:00,40.288239,-88.126172,58.727765897619534,214.0,-8.559086143615673,rs1,20.96928226523368,33.42157546069424,12.452293195460562,4,20.96928226523368,33.42157546069424,12.452293195460562,80.2309515867141,positive_cross,toward_S1,3.60179285760936
6,cx30,2024-03-29 22:40:41+00:00,40.288317,-88.126173,50.05750291990015,215.0,-8.670262977719382,rs3,24.89879011413767,29.488504929685757,4.589714815548085,3,24.89879011413767,29.488504929685757,4.589714815548085,26.33125891160298,positive_cross,toward_S1,3.4393748890425404
6,cx30,2024-03-29 22:40:42+00:00,40.288398,-88.126173,41.05217939857771,216.0,-9.005323521322445,rs3,16.19286435192592,36.1340701604925,19.94120580856658,3,16.19286435192592,38.398235755492976,22.205371403567057,26.33125891160298,positive_cross,toward_S1,3.27260963864768
6,cx30,2024-03-29 22:40:43+00:00,40.288485,-88.126172,31.378264832921005,217.0,-9.673914565656702,rs3,7.610481170509612,33.49731749103392,25.886836320524306,3,7.610481170509612,48.00063087554135,40.39014970503173,26.33125891160298,positive_cross,toward_S1,3.0934630726170003
6,cx30,2024-03-29 22:40:44+00:00,40.288574,-88.126168,21.477406472021226,218.0,-9.900858360899779,rs3,6.34643778995323,33.83625142198953,27.489813632036302,3,6.34643778995323,49.83523145445725,43.48879366450402,26.33125891160298,positive_cross,toward_S1,2.910113843711449
6,cx30,2024-03-29 22:40:45+00:00,40.288668,-88.126163,11.01913389928923,219.0,-10.458272572731996,rs3,15.30143394897048,37.23588986524235,21.93445591627187,3,15.30143394897048,39.38497248959822,24.08353854062774,26.33125891160298,positive_cross,toward_S1,2.7164421294015972
6,cx30,2024-03-29 22:40:46+00:00,40.288762,-88.126159,0.562391370219048,220.0,-10.456742529070182,rs3,25.448822854603183,28.954726168486772,3.5059033138835893,3,25.448822854603183,28.954726168486772,3.5059033138835893,26.33125891160298,positive_cross,toward_S1,2.522798749233631
6,cx30,2024-03-29 22:40:47+00:00,40.288851,-88.126157,-9.335406905726973,221.0,-9.897798275946021,rs6,19.135976209327392,35.24187165915565,16.105895449828257,2,19.135976209327392,35.24187165915565,16.105895449828257,-27.632700444717127,positive_cross,toward_S1,2.3388387692405583
6,cx30,2024-03-29 22:40:48+00:00,40.28894,-88.12616,-19.225554966523745,222.0,-9.890148060796772,rs6,9.639026266934222,32.022831549162554,22.38380528222833,2,9.639026266934222,45.118078485322826,35.4790522183886,-27.632700444717127,positive_cross,toward_S1,2.155687879225803
6,cx30,2024-03-29 22:40:49+00:00,40.289026,-88.126165,-28.77911244161381,223.0,-9.553557475090066,rs6,4.069488651588992,30.507166530163207,26.437677878574213,2,4.069488651588992,50.81849969636281,46.749011044773816,-27.632700444717127,positive_cross,toward_S1,1.978770148205617
6,cx30,2024-03-29 22:40:50+00:00,40.28911,-88.12617,-38.11031624928643,224.0,-9.331203807672615,rs6,10.912536537128092,31.851737949850524,20.939201412722433,2,10.912536537128092,41.54090727117502,30.628370734046932,-27.632700444717127,positive_cross,toward_S1,1.805970077693161
6,cx30,2024-03-29 22:40:51+00:00,40.289192,-88.126167,-47.23140673255993,225.0,-9.121090483273505,rs6,19.54120061526491,32.44302593668798,12.901825321423072,2,19.54120061526491,32.44302593668798,12.901825321423072,-27.632700444717127,positive_cross,toward_S1,1.6370609946695778
6,cx30,2024-03-29 22:40:52+00:00,40.28927,-88.126162,-55.9108499675322,226.0,-8.679443234972268,rs8,23.78195211640076,28.016499517237772,4.2345474008370125,1,23.78195211640076,28.016499517237772,4.2345474008370125,-78.92951005359993,positive_cross,toward_S1,1.4262714830753283
6,cx30,2024-03-29 22:40:53+00:00,40.289341,-88.126157,-63.8120553669166,227.0,-7.901205399384402,rs8,15.91497907248829,31.179119278587365,15.264140206099075,1,15.91497907248829,35.81550398479117,19.90052491230288,-78.92951005359993,positive_cross,toward_S1,1.2799528645682097
6,cx30,2024-03-29 22:40:54+00:00,40.289407,-88.126158,-71.1481963409212,228.0,-7.3361409740046,rs8,8.816799139859954,28.298018453378592,19.481219313518636,1,8.816799139859954,43.13649964114298,34.31970050128303,-78.92951005359993,positive_cross,toward_S1,1.1440984020866432
6,cx30,2024-03-29 22:40:55+00:00,40.28947,-88.126162,-78.146216686369,229.0,-6.998020345447799,rs8,3.5123654709243266,26.90347861800073,23.391113147076403,1,3.5123654709243266,50.14904480425774,46.63667933333341,-78.92951005359993,positive_cross,toward_S1,1.0145054327264986
6,cx30,2024-03-29 22:40:56+00:00,40.289537,-88.126168,-85.58588428007451,230.0,-7.439667593705508,rs8,7.203194524930429,27.241443287312183,20.038248762381755,1,7.203194524930429,57.61841745883543,50.415222933905,-78.92951005359993,positive_cross,toward_S1,0.8767338106208411
6,cx30,2024-03-29 22:40:57+00:00,40.2896,-88.126173,-92.58237458186049,231.0,-6.9964903017859825,rs8,13.798857935472268,29.392531175665884,15.593673240193615,1,13.798857935472268,64.63790849349346,50.839050558021185,-78.92951005359993,positive_cross,toward_S1,0.7471691754025822
6,cx30,2024-03-29 22:40:58+00:00,40.289653,-88.126188,-98.4517961193553,232.0,-5.8694215374948016,rs8,19.81032987452349,31.57038376836095,11.760053893837462,1,19.81032987452349,70.61484343712712,50.80451356260363,-78.92951005359993,positive_cross,toward_S1,0.6384761839674933
6,cx30,2024-03-29 22:40:59+00:00,40.289691,-88.126235,-102.60460378039595,233.0,-4.152807661040654,rs8,25.11481936464087,31.620883413799415,6.506064049158546,1,25.11481936464087,75.25050304821369,50.13568368357282,-78.92951005359993,positive_cross,toward_S1,0.5615723383926663
6,cx30,2024-03-29 22:41:00+00:00,40.28971,-88.126297,-104.62210096059255,234.0,-2.0174971801965995,rs8,29.33716034289512,30.25318694935996,0.9160266064648397,1,29.33716034289512,78.19730058493882,48.8601402420437,-78.92951005359993,positive_cross,toward_S1,0.5242112795001366
6,cx30,2024-03-29 22:41:01+00:00,40.28971,-88.12636,-104.5257082594046,235.0,0.09639270118795196,rs10,27.906216557673027,32.349749847080716,4.443533289407689,1,27.906216557673027,78.5162445525971,50.610027994924074,-78.92951005359993,negative_cross,ambiguous,0.5259963295221357
6,cx30,2024-03-29 22:41:02+00:00,40.289689,-88.126413,-102.109902481882,236.0,2.4158057775225927,rs10,24.333140096594278,33.67468330979755,9.341543213203273,1,24.333140096594278,75.52583346276575,51.19269336617147,-78.92951005359993,negative_cross,toward_S4,0.570733473550332
6,cx30,2024-03-29 22:41:03+00:00,40.289647,-88.126449,-97.38539392733786,237.0,4.724508554544144,rs10,19.178230442444658,33.16327579748206,13.9850453550374,1,19.178230442444658,70.55152868416427,51.37329824171961,-78.92951005359993,negative_cross,toward_S4,0.6582243727085568
6,cx30,2024-03-29 22:41:04+00:00,40.2896,-88.126464,-92.13713210501929,238.0,5.248261822318568,rs10,13.839580853473318,31.73181575389203,17.89223490041871,1,13.839580853473318,65.23495997707914,51.39537912360582,-78.92951005359993,negative_cross,toward_S4,0.755414406455197
6,cx30,2024-03-29 22:41:05+00:00,40.289539,-88.126459,-85.36299546988256,239.0,6.774136635136728,rs10,7.198971935712923,29.1585462155621,21.95957427984918,1,7.198971935712923,58.51211214544484,51.31314020973191,-78.92951005359993,negative_cross,toward_S4,0.8808613811799512
6,cx30,2024-03-29 22:41:06+00:00,40.289472,-88.126452,-77.9248579198171,240.0,7.438137550065463,rs10,2.335685496820951,27.88343304989012,25.54774755306917,1,2.335685496820951,51.16609776215288,48.83041226533193,-78.92951005359993,negative_cross,toward_S4,1.0186046691441264
6,cx30,2024-03-29 22:41:07+00:00,40.2894,-88.126452,-69.92012590068828,241.0,8.004732019128824,rs10,8.768823347806796,29.310030001040666,20.54120665323387,1,8.768823347806796,43.22622343824998,34.45740009044319,-78.92951005359993,negative_cross,toward_S4,1.1668404472761416
6,cx30,2024-03-29 22:41:08+00:00,40.28932,-88.126451,-61.027509255551436,242.0,8.89261664513684,rs10,17.524195410236523,33.09758433064439,15.573388920407865,1,17.524195410236523,34.456532068161785,16.932336657925262,-78.92951005359993,negative_cross,toward_S4,1.3315185332971944
6,cx30,2024-03-29 22:41:09+00:00,40.289233,-88.126454,-51.35053460494097,243.0,9.676974650610468,rs7,24.93774131506256,27.122188180020174,2.1844468649576143,2,24.93774131506256,27.122188180020174,2.1844468649576143,-27.632700444717127,negative_cross,toward_S4,1.5607808488847437
6,cx30,2024-03-29 22:41:10+00:00,40.28914,-88.126462,-40.99884873767537,244.0,10.351685867265601,rs7,14.842955443936761,32.10538286894952,17.26242742501276,2,14.842955443936761,37.41098715326301,22.56803170932625,-27.632700444717127,negative_cross,toward_S4,1.7524787353155882
6,cx30,2024-03-29 22:41:11+00:00,40.289039,-88.126468,-29.760808287295355,245.0,11.238040450380012,rs7,5.455740198064031,29.800737186917853,24.344996988853822,2,5.455740198064031,48.62599111406599,43.17025091600196,-27.632700444717127,negative_cross,toward_S4,1.9605905955078107
6,cx30,2024-03-29 22:41:12+00:00,40.288933,-88.126477,-17.96229354015111,246.0,11.798514747144246,rs7,9.994950098240048,32.004542713310144,22.009592615070098,2,9.994950098240048,45.47327930411058,35.47832920587053,-27.632700444717127,negative_cross,toward_S4,2.179081609343815
6,cx30,2024-03-29 22:41:13+00:00,40.288827,-88.12649,-6.157658621475947,247.0,11.804634918675163,rs7,21.14512970426436,33.667637129481356,12.522507425216997,2,21.14512970426436,33.667637129481356,12.522507425216997,-27.632700444717127,negative_cross,toward_S4,2.3976859596896514
6,cx30,2024-03-29 22:41:14+00:00,40.288721,-88.126506,5.65156642502483,248.0,11.809225046500778,rs5,21.843448828789192,32.77071365355056,10.927264824761366,3,21.843448828789192,32.77071365355056,10.927264824761366,26.33125891160298,negative_cross,toward_S4,2.6170427317300344
6,cx30,2024-03-29 22:41:15+00:00,40.288611,-88.126522,17.905498806338773,249.0,12.253932381313943,rs5,9.704748891261124,35.755457891118496,26.05070899985737,3,9.704748891261124,44.969233693564234,35.26448480230311,26.33125891160298,negative_cross,toward_S4,2.8439674054580704
6,cx30,2024-03-29 22:41:16+00:00,40.288503,-88.126535,29.932487392431394,250.0,12.026988586092621,rs5,3.7504760164656163,36.05901037904414,32.30853436257852,3,3.7504760164656163,51.540019136488816,47.7895431200232,26.33125891160298,negative_cross,toward_S4,3.0666894163116374
6,cx30,2024-03-29 22:41:17+00:00,40.288389,-88.126538,42.611236550412656,251.0,12.678749157981262,rs5,15.753915752812562,38.85947174464667,23.10555599183411,3,15.753915752812562,38.85947174464667,23.10555599183411,26.33125891160298,negative_cross,toward_S4,3.3014810673853643
6,cx30,2024-03-29 22:41:18+00:00,40.288275,-88.126539,55.28692562344016,252.0,12.675689073027506,rs2,26.189529896553626,28.366139794092827,2.176609897539201,4,26.189529896553626,28.366139794092827,2.176609897539201,80.2309515867141,negative_cross,toward_S4,3.538073593272705
6,cx30,2024-03-29 22:41:19+00:00,40.288167,-88.126539,67.29402365134344,253.0,12.007098027903275,rs2,14.211120392044574,38.10839899711187,23.897278605067296,4,14.211120392044574,40.357707715226226,26.146587323181652,80.2309515867141,negative_cross,toward_S4,3.760427260456099
6,cx30,2024-03-29 22:41:20+00:00,40.288073,-88.126537,77.74158592395068,254.0,10.447562272607243,rs2,4.022461111373915,35.92352740741322,31.901066296039303,4,4.022461111373915,50.80978536389999,46.787324252526076,80.2309515867141,negative_cross,toward_S4,3.9539006358747515
6,cx30,2024-03-29 22:41:21+00:00,40.287997,-88.126537,86.19102527712447,255.0,8.449439353173787,rs2,5.039279716177034,36.461298994686764,31.42201927850973,4,5.039279716177034,59.25641390989313,54.2171341937161,80.2309515867141,negative_cross,toward_S4,4.1103717350075994
6,cx30,2024-03-29 22:41:22+00:00,40.287937,-88.126533,92.85551512102934,256.0,6.6644898439048745,rs2,11.611785945730242,37.90612879862753,26.294342852897287,4,11.611785945730242,65.93800493527708,54.32621898954684,80.2309515867141,negative_cross,toward_S4,4.23378821359843
6,cx30,2024-03-29 22:41:23+00:00,40.287893,-88.126496,97.69068421308444,257.0,4.8351690920550965,rs2,17.116332318118154,37.10548257775458,19.989150259636425,4,17.116332318118154,71.00894917709891,53.89261685898076,80.2309515867141,negative_cross,toward_S4,4.323328381969821
6,cx30,2024-03-29 22:41:24+00:00,40.287866,-88.126445,100.61442653300486,258.0,2.9237423199204216,rs2,21.516867112538016,35.11290082478173,13.596033712243717,4,21.516867112538016,74.45795353591805,52.941086423380035,80.2309515867141,negative_cross,toward_S4,4.377471758264644
6,cx30,2024-03-29 22:41:25+00:00,40.287857,-88.126384,101.52168541977598,259.0,0.9072588867711175,rs2,25.041120607174122,31.818748260154447,6.777627652980325,4,25.041120607174122,76.30656693760868,51.26544633043456,80.2309515867141,negative_cross,toward_S4,4.394272848760405
6,cx30,2024-03-29 22:41:26+00:00,40.287867,-88.126316,100.30587416872137,260.0,-1.2158112510546033,rs1,27.086145443141373,28.014487025660724,0.9283415825193515,4,27.086145443141373,76.39302490780702,49.30687946466564,80.2309515867141,positive_cross,toward_S1,4.371757825592727
6,cx30,2024-03-29 22:41:27+00:00,40.287903,-88.126253,96.20711545799075,261.0,-4.098758710730621,rs1,20.667539759087507,29.88612468767989,9.218584928592382,4,20.667539759087507,71.41253352619403,50.74499376710652,80.2309515867141,positive_cross,toward_S1,4.295854886505123
6,cx30,2024-03-29 22:41:28+00:00,40.287958,-88.126217,90.03730806639633,262.0,-6.169807391594418,rs1,13.934132202888442,30.17825157350002,16.24411937061158,4,13.934132202888442,64.90079967037381,50.96666746748537,80.2309515867141,positive_cross,toward_S1,4.181599194068189
6,cx30,2024-03-29 22:41:29+00:00,40.288021,-88.126206,83.01633707861714,263.0,-7.020970987779194,rs1,8.692492887537377,29.778120953666676,21.0856280661293,4,8.692492887537377,57.831762472176855,49.13926958463948,80.2309515867141,positive_cross,toward_S1,4.051581212813019
6,cx30,2024-03-29 22:41:30+00:00,40.288092,-88.126194,75.10442137908628,264.0,-7.911915699530866,rs1,7.882998459824234,31.263687917752055,23.380689457927822,4,7.882998459824234,49.869778272393276,41.98677981256904,80.2309515867141,positive_cross,toward_S1,3.9050642554142994
6,cx30,2024-03-29 22:41:31+00:00,40.288172,-88.126185,66.1965043052091,265.0,-8.907917073877172,rs1,14.262315420327692,34.74509651465067,20.482781094322977,4,14.262315420327692,40.95482972769356,26.692514307365865,80.2309515867141,positive_cross,toward_S1,3.740102828120278
6,cx30,2024-03-29 22:41:32+00:00,40.288262,-88.126177,56.1783489386747,266.0,-10.018155366534401,rs1,23.556489424383336,30.967951594433973,7.411462170050637,4,23.556489424383336,30.967951594433973,7.411462170050637,80.2309515867141,positive_cross,toward_S1,3.554581432443715
6,cx30,2024-03-29 22:41:33+00:00,40.28836,-88.126175,45.27995916132503,267.0,-10.89838977734967,rs3,20.287992885858017,34.237021909840976,13.949029023982959,3,20.287992885858017,34.237021909840976,13.949029023982959,26.33125891160298,positive_cross,toward_S1,3.350901856476334
6,cx30,2024-03-29 22:41:34+00:00,40.288461,-88.126176,34.052629011069776,268.0,-11.227330150255256,rs3,9.944300845833205,33.662883016844155,23.71858217101095,3,9.944300845833205,45.383942399888234,35.43964155405503,26.33125891160298,positive_cross,toward_S1,3.142988335175311
6,cx30,2024-03-29 22:41:35+00:00,40.288566,-88.126175,22.377531440235877,269.0,-11.675097570833898,rs3,6.286761614694329,33.12780991397038,26.841048299276054,3,6.286761614694329,50.77533530287364,44.488573688179315,26.33125891160298,positive_cross,toward_S1,2.926782824604313
6,cx30,2024-03-29 22:41:36+00:00,40.288673,-88.126174,10.480080202774488,270.0,-11.89745123746139,rs3,16.11487383117455,36.627475642122754,20.512601810948205,3,16.11487383117455,38.93519667332847,22.82032284215392,26.33125891160298,positive_cross,toward_S1,2.7064596535402132
6,cx30,2024-03-29 22:41:37+00:00,40.288784,-88.126174,-1.8605483258599977,271.0,-12.340628528634486,rs6,26.725774836685087,28.078044594243217,1.3522697575581297,2,26.725774836685087,28.078044594243217,1.3522697575581297,-27.632700444717127,positive_cross,toward_S1,2.477262076275132
6,cx30,2024-03-29 22:41:38+00:00,40.288896,-88.126174,-14.312353688598188,272.0,-12.45180536273819,rs6,14.64061976903715,32.54805537434833,17.90743560531118,2,14.64061976903715,40.38332005393887,25.742700284901716,-27.632700444717127,positive_cross,toward_S1,2.2466730880762764
6,cx30,2024-03-29 22:41:39+00:00,40.28901,-88.126177,-26.981922589348304,273.0,-12.669568900750116,rs6,5.170701707137573,29.47173224529883,24.301030538161257,2,5.170701707137573,52.67179968529787,47.501097978160296,-27.632700444717127,positive_cross,toward_S1,2.0120514417660895
6,cx30,2024-03-29 22:41:40+00:00,40.289128,-88.126176,-40.10231899642076,274.0,-13.120396407072459,rs6,12.953069586168334,32.09941653204488,19.146346945876545,2,12.953069586168334,39.60220957334763,26.649139987179296,-27.632700444717127,positive_cross,toward_S1,1.7690811379314142
6,cx30,2024-03-29 22:41:42+00:00,40.289244,-88.126174,-53.00189177894762,276.0,-6.44978639126343,rs6,25.326363232970067,26.79304358936756,1.466680356397493,2,25.326363232970067,26.79304358936756,1.466680356397493,-27.632700444717127,positive_cross,toward_S1,1.530200160477213
6,cx30,2024-03-29 22:41:43+00:00,40.289354,-88.126171,-65.23593360369563,277.0,-12.234041824748005,rs8,14.772644881274989,29.449697753737766,14.677052872462777,1,14.772644881274989,37.38067971516762,22.608034833892628,-78.92951005359993,positive_cross,toward_S1,1.2535847490723018
6,cx30,2024-03-29 22:41:44+00:00,40.289448,-88.126171,-75.68655596125664,278.0,-10.450622357561016,rs8,5.505091252792215,26.317595782595422,20.812504529803206,1,5.505091252792215,47.77568723364811,42.270595980855894,-78.92951005359993,positive_cross,toward_S1,1.0600547054137646
6,cx30,2024-03-29 22:41:45+00:00,40.289524,-88.126172,-84.13446527155857,279.0,-8.447909310301924,rs8,6.2364599719634075,26.585795842142634,20.349335870179225,1,6.2364599719634075,56.20341564840826,49.966955676444854,-78.92951005359993,positive_cross,toward_S1,0.9036119404081733
6,cx30,2024-03-29 22:41:46+00:00,40.289588,-88.126172,-91.24978262180754,280.0,-7.115317350248972,rs8,12.505641490227463,28.867415023727677,16.361773533500212,1,12.505641490227463,63.30055766739523,50.79491617716777,-78.92951005359993,positive_cross,toward_S1,0.7718468042924516
6,cx30,2024-03-29 22:41:47+00:00,40.289642,-88.126175,-97.24874150712185,281.0,-5.998958885314309,rs8,18.344338220759777,31.713045143511103,13.368706922751326,1,18.344338220759777,69.30959610166246,50.96525788090268,-78.92951005359993,positive_cross,toward_S1,0.6607549730829274
6,cx30,2024-03-29 22:41:48+00:00,40.289687,-88.126214,-102.19202734672524,282.0,-4.943285839603391,rs8,24.077856847852853,32.49231416680361,8.414457318950756,1,24.077856847852853,74.59321788938126,50.51536104152841,-78.92951005359993,positive_cross,toward_S1,0.5692126427199016
6,cx30,2024-03-29 22:41:49+00:00,40.289713,-88.126268,-105.00000270471632,283.0,-2.807975357991083,rs8,28.48472518914727,31.855388439422587,3.3706632502753173,1,28.48472518914727,78.0850286001125,49.600303410965225,-78.92951005359993,positive_cross,toward_S1,0.5172130990534001
6,cx30,2024-03-29 22:41:50+00:00,40.289715,-88.126326,-105.13361388532688,284.0,-0.13361118061055777,rs10,29.57314819334397,31.107175139276496,1.5340269459325242,1,29.57314819334397,79.25523242630453,49.68208423296056,-78.92951005359993,negative_cross,ambiguous,0.5147388179309824
6,cx30,2024-03-29 22:41:51+00:00,40.289693,-88.12638,-102.60510123082871,285.0,2.528512654498172,rs10,25.545339004242113,32.016249009044245,6.470910004802132,1,25.545339004242113,76.36583752953553,50.82049852529342,-78.92951005359993,negative_cross,toward_S4,0.5615631263476151
6,cx30,2024-03-29 22:41:52+00:00,40.289649,-88.126417,-97.65670896597352,286.0,4.948392264855187,rs10,19.937461776736097,31.072373597167605,11.134911820431508,1,19.937461776736097,71.06959969134202,51.13213791460592,-78.92951005359993,negative_cross,toward_S4,0.6532000201412298
6,cx30,2024-03-29 22:41:53+00:00,40.289591,-88.126434,-91.18244188909011,287.0,6.474267076883407,rs10,13.338001476326825,29.000902552151704,15.662901075824879,1,13.338001476326825,64.48969373105378,51.15169225472695,-78.92951005359993,negative_cross,toward_S4,0.7730938548983298
6,cx30,2024-03-29 22:41:54+00:00,40.289526,-88.126442,-83.9437073625308,288.0,7.238734526559313,rs10,6.376436654644971,27.45739295701945,21.08095630237448,1,6.376436654644971,57.23084563711005,50.85440898246508,-78.92951005359993,negative_cross,toward_S4,0.9071444942790579
6,cx30,2024-03-29 22:41:55+00:00,40.289452,-88.12645,-75.70438133296616,289.0,8.239326029564637,rs10,3.638548646752262,27.890095254652177,24.251546607899915,1,3.638548646752262,48.9798909131458,45.34134226639354,-78.92951005359993,negative_cross,toward_S4,1.0597246059376622
6,cx30,2024-03-29 22:41:56+00:00,40.289367,-88.126454,-66.24823030611134,290.0,9.456151026854826,rs10,12.318769720503573,30.80300431069339,18.484234590189814,1,12.318769720503573,39.570393705473144,27.25162398496957,-78.92951005359993,negative_cross,toward_S4,1.2348385138423812
6,cx30,2024-03-29 22:41:57+00:00,40.289269,-88.126456,-55.349840527949965,291.0,10.898389778161373,rs10,23.117481291969835,28.806969090691577,5.689487798721743,1,23.117481291969835,28.806969090691577,5.689487798721743,-78.92951005359993,negative_cross,toward_S4,1.4366605467712956
6,cx30,2024-03-29 22:41:58+00:00,40.289163,-88.126455,-43.566626210336004,292.0,11.783214317613961,rs7,17.448581886800998,32.72624796748304,15.277666080682042,2,17.448581886800998,34.884445683922706,17.43586379712171,-27.632700444717127,negative_cross,toward_S4,1.7049273006366874
6,cx30,2024-03-29 22:41:59+00:00,40.289051,-88.126459,-31.108700676110377,293.0,12.457925534225627,rs7,6.816240761517382,29.1645328074693,22.34829204595192,2,6.816240761517382,47.312756234057765,40.49651547254038,-27.632700444717127,negative_cross,toward_S4,1.9356296253445695
6,cx30,2024-03-29 22:42:00+00:00,40.288936,-88.126466,-18.312654512516232,294.0,12.796046163594145,rs7,10.112513895492441,31.014032612075507,20.901518716583066,2,10.112513895492441,45.95976347673758,35.84724958124514,-27.632700444717127,negative_cross,toward_S4,2.1725934431889056
6,cx30,2024-03-29 22:42:01+00:00,40.288825,-88.126485,-5.9429551692294815,295.0,12.36969934328675,rs7,21.42738966516726,33.5295576413009,12.102167976133636,2,21.42738966516726,33.5295576413009,12.102167976133636,-27.632700444717127,negative_cross,toward_S4,2.4016619495460674
6,cx30,2024-03-29 22:42:02+00:00,40.288714,-88.126503,6.425214131953631,296.0,12.368169301183112,rs5,21.143857395671933,33.56118669690963,12.417329301237697,3,21.143857395671933,33.56118669690963,12.417329301237697,26.33125891160298,negative_cross,toward_S4,2.631369541117605
6,cx30,2024-03-29 22:42:03+00:00,40.288607,-88.126523,18.35173618406729,297.0,11.926522052113658,rs5,9.258954551559986,35.73702529682352,26.47807074526353,3,9.258954551559986,45.413849608885904,36.154895057325916,26.33125891160298,negative_cross,toward_S4,2.852231060601191
6,cx30,2024-03-29 22:42:04+00:00,40.2885,-88.12654,30.273668107543628,298.0,11.92193192347634,rs5,3.78648025937278,36.51613101681496,32.72965075744218,3,3.78648025937278,51.19346750423969,47.40698724486691,26.33125891160298,negative_cross,toward_S4,3.0730075777026045
6,cx30,2024-03-29 22:42:05+00:00,40.288394,-88.126548,42.07065281181602,299.0,11.79698470427239,rs5,15.110210770434854,39.39124321331875,24.281032442883898,3,15.110210770434854,39.39124321331875,24.281032442883898,26.33125891160298,negative_cross,toward_S4,3.2914702574113526
6,cx30,2024-03-29 22:42:06+00:00,40.28829,-88.126551,53.63763363352171,300.0,11.566980821705691,rs5,26.645456384238308,27.821073405400618,1.17561702116231,3,26.645456384238308,27.821073405400618,1.17561702116231,26.33125891160298,negative_cross,toward_S4,3.5056736059614577
6,cx30,2024-03-29 22:42:07+00:00,40.288184,-88.126549,65.41931790903203,301.0,11.781684275510322,rs2,16.039032182891145,38.434649272506356,22.39561708961521,4,16.039032182891145,38.434649272506356,22.39561708961521,80.2309515867141,negative_cross,toward_S4,3.725710487450332
6,cx30,2024-03-29 22:42:08+00:00,40.288091,-88.126549,75.7587634332793,302.0,10.339445524247267,rs2,5.715499560189942,37.09842977928732,31.382930219097382,4,5.715499560189942,48.77507902163885,43.05957946144891,80.2309515867141,negative_cross,toward_S4,3.9171817008623186
6,cx30,2024-03-29 22:42:09+00:00,40.288014,-88.126551,84.32243970632224,303.0,8.563676273042944,rs2,2.913078039900255,37.348895584471755,34.4358175445715,4,2.913078039900255,57.33435966758751,54.42128162768726,80.2309515867141,negative_cross,toward_S4,4.075768298511262
6,cx30,2024-03-29 22:42:10+00:00,40.287945,-88.126542,91.97987083803969,304.0,7.657431131717445,rs2,10.622955133420996,38.327780568239604,27.70482543481861,4,10.622955133420996,65.02394051056415,54.40098537714315,80.2309515867141,negative_cross,toward_S4,4.217572578728252
6,cx30,2024-03-29 22:42:11+00:00,40.287896,-88.126498,97.36021379730698,305.0,5.3803429592672956,rs2,16.74736953575366,37.09277011826849,20.34540058251483,4,16.74736953575366,70.66298637596046,53.915616840206795,80.2309515867141,negative_cross,toward_S4,4.317208559455424
6,cx30,2024-03-29 22:42:12+00:00,40.287869,-88.12644,100.27324581789263,306.0,2.9130320205856464,rs2,21.409254590199968,34.57330548654552,13.164050896345554,4,21.409254590199968,74.18553491783918,52.77628032763921,80.2309515867141,negative_cross,toward_S4,4.371153596873676
6,cx30,2024-03-29 22:42:13+00:00,40.287859,-88.126373,101.28250128151456,307.0,1.0092554636219262,rs2,25.420116293712685,30.996663529114194,5.5765472354015095,4,25.420116293712685,76.27979471262451,50.85967841891183,80.2309515867141,negative_cross,toward_S4,4.389843512866675
6,cx30,2024-03-29 22:42:14+00:00,40.287875,-88.126299,99.3904487709547,308.0,-1.89205251055985,rs1,25.490972093835406,28.49953980583407,3.008567711998662,4,25.490972093835406,75.20947093807665,49.71849884424124,80.2309515867141,positive_cross,toward_S1,4.354805503411863
6,cx30,2024-03-29 22:42:15+00:00,40.287916,-88.126241,94.74345610643473,309.0,-4.646992664519971,rs1,18.899163357186453,30.07719949702762,11.178036139841169,4,18.899163357186453,69.8208095536262,50.92164619643975,80.2309515867141,positive_cross,toward_S1,4.268750083698531
6,cx30,2024-03-29 22:42:16+00:00,40.287984,-88.126212,87.13906017874821,310.0,-7.604395927686525,rs1,11.508769970934928,29.849500292739258,18.34073032180433,4,11.508769970934928,61.97806872704592,50.469298756110994,80.2309515867141,positive_cross,toward_S1,4.12792793688952
6,cx30,2024-03-29 22:42:17+00:00,40.288056,-88.126197,79.11137751728799,311.0,-8.027682661460219,rs1,7.025146219346975,30.51999435171794,23.494848132370965,4,7.025146219346975,53.8712491056973,46.84610288635033,80.2309515867141,positive_cross,toward_S1,3.9792671468624796
6,cx30,2024-03-29 22:42:18+00:00,40.288137,-88.126184,70.08616343856617,312.0,-9.025214078721817,rs1,10.80933162405302,33.36659378662163,22.55726216256861,4,10.80933162405302,44.79545462264959,33.98612299859657,80.2309515867141,positive_cross,toward_S1,3.8121335528120754
6,cx30,2024-03-29 22:42:19+00:00,40.288226,-88.126178,60.182244991110984,313.0,-9.90391844745519,rs1,19.700111830048826,34.92919050649417,15.229078676445347,4,19.700111830048826,34.92919050649417,15.229078676445347,80.2309515867141,positive_cross,toward_S1,3.6287276556369794
6,cx30,2024-03-29 22:42:20+00:00,40.288327,-88.126176,48.950324712240146,314.0,-11.231920278870838,rs3,23.86820778472945,30.62786077580229,6.759652991072841,3,23.86820778472945,30.62786077580229,6.759652991072841,26.33125891160298,positive_cross,toward_S1,3.4188715889006884
6,cx30,2024-03-29 22:42:21+00:00,40.288435,-88.126177,36.94475672720872,315.0,-12.005567985031426,rs3,12.507034328893914,34.35110176840062,21.844067439506702,3,12.507034328893914,42.52328310452113,30.01624877562721,26.33125891160298,positive_cross,toward_S1,3.1965462558445505
6,cx30,2024-03-29 22:42:22+00:00,40.288551,-88.126174,24.04365390181,316.0,-12.90110282539872,rs3,5.502348074267882,33.04902144978389,27.54667337551601,3,5.502348074267882,52.42847133254921,46.92612325828132,26.33125891160298,positive_cross,toward_S1,2.957636944263093
6,cx30,2024-03-29 22:42:23+00:00,40.288674,-88.126171,10.364313240823424,317.0,-13.679340660986576,rs3,16.139606592440007,36.905033729599765,20.765427137159758,3,16.139606592440007,38.79426776441019,22.654661171970186,26.33125891160298,positive_cross,toward_S1,2.7043158209114897
6,cx30,2024-03-29 22:42:24+00:00,40.288797,-88.126164,-3.3211475916505853,318.0,-13.68546083247401,rs6,25.15788127703543,29.3608609363124,4.20297965927697,2,25.15788127703543,29.3608609363124,4.20297965927697,-27.632700444717127,positive_cross,toward_S1,2.4502139417234545
6,cx30,2024-03-29 22:42:25+00:00,40.288919,-88.126162,-16.887781375661596,319.0,-13.56663378401101,rs6,11.890819928426291,32.55123216212596,20.660412233699674,2,11.890819928426291,42.80871011543206,30.917890187005774,-27.632700444717127,positive_cross,toward_S1,2.198979982760288
6,cx30,2024-03-29 22:42:26+00:00,40.289039,-88.126166,-30.222881235770483,320.0,-13.335099860108887,rs6,4.598079945580527,30.513177507914,25.915097562333475,2,4.598079945580527,49.382224285788226,44.784144340207696,-27.632700444717127,positive_cross,toward_S1,1.9520336890545675
6,cx30,2024-03-29 22:42:27+00:00,40.289156,-88.126164,-43.233630851611096,321.0,-13.010749615840613,rs6,15.587593798735346,34.3417704359743,18.75417663723895,2,15.587593798735346,36.399287044294,20.81169324555865,-27.632700444717127,positive_cross,toward_S1,1.7110938813538155
6,cx30,2024-03-29 22:42:28+00:00,40.289271,-88.126161,-56.023556843717806,322.0,-12.78992599210671,rs8,23.660251741294676,28.11548262964002,4.455230888345344,1,23.660251741294676,28.11548262964002,4.455230888345344,-78.92951005359993,positive_cross,toward_S1,1.4241843187015206
6,cx30,2024-03-29 22:42:29+00:00,40.289383,-88.126164,-68.47077207781871,323.0,-12.447215234100902,rs8,11.511310683093823,28.66127799927121,17.14996731617739,1,11.511310683093823,40.52234672371842,29.011036040624596,-78.92951005359993,positive_cross,toward_S1,1.1936803328848373
6,cx30,2024-03-29 22:42:30+00:00,40.289482,-88.126169,-79.46962838914733,324.0,-10.998856311328623,rs8,3.8518916673129353,26.309210993538564,22.45731932622563,1,3.8518916673129353,51.52694975519383,47.6750580878809,-78.92951005359993,positive_cross,toward_S1,0.989997808600974
6,cx30,2024-03-29 22:42:31+00:00,40.289558,-88.12617,-87.91753769944923,325.0,-8.447909310301895,rs8,9.345081909892121,27.753726779594047,18.408644869701924,1,9.345081909892121,59.96032249858601,50.61524058869389,-78.92951005359993,positive_cross,toward_S1,0.8335550435953833
6,cx30,2024-03-29 22:42:32+00:00,40.289617,-88.126174,-94.47085071004037,326.0,-6.55331301059114,rs8,15.633935353053165,30.25249226676705,14.618556913713885,1,15.633935353053165,66.52994097031524,50.89600561726208,-78.92951005359993,positive_cross,toward_S1,0.7121973952511029
6,cx30,2024-03-29 22:42:33+00:00,40.289666,-88.126211,-99.86190396945416,327.0,-5.391053259413795,rs8,21.78849820183522,31.034395827512423,9.245897625677202,1,21.78849820183522,72.2436400331663,50.455141831331076,-78.92951005359993,positive_cross,toward_S1,0.6123630756323291
6,cx30,2024-03-29 22:42:34+00:00,40.289696,-88.126276,-103.09775619062451,328.0,-3.2358522211703473,rs8,27.10715546397757,29.914127679228493,2.806972215250923,1,27.10715546397757,76.3367876688181,49.229632204840534,-78.92951005359993,positive_cross,toward_S1,0.5524398863513966
6,cx30,2024-03-29 22:42:35+00:00,40.289702,-88.126353,-103.64700389067123,329.0,-0.5492477000467204,rs10,27.30558853390307,31.283506356871293,3.977917822968223,1,27.30558853390307,77.74955289504669,50.44396436114362,-78.92951005359993,negative_cross,toward_S1,0.5422686326468278
6,cx30,2024-03-29 22:42:36+00:00,40.289673,-88.126424,-100.31424267248836,330.0,3.332761218182867,rs10,22.392071025245478,33.19374890806283,10.801677882817351,1,22.392071025245478,73.64685093701772,51.25477991177224,-78.92951005359993,negative_cross,toward_S4,0.6039864329835475
6,cx30,2024-03-29 22:42:37+00:00,40.289549,-88.126451,-86.48700414917647,331.0,13.827238523311891,rs10,8.449231602830316,28.765310173082014,20.316078570251697,1,8.449231602830316,59.68636994260709,51.23713833977677,-78.92951005359993,negative_cross,toward_S4,0.8600464056374714
6,cx30,2024-03-29 22:42:38+00:00,40.28948,-88.126446,-78.8234528451599,332.0,7.663551304016565,rs10,2.833191234553527,27.35379837596575,24.52060714141222,1,2.833191234553527,52.11204453894493,49.278853304391404,-78.92951005359993,negative_cross,toward_S4,1.001964022378519
6,cx30,2024-03-29 22:42:39+00:00,40.289404,-88.126447,-70.37248344911426,333.0,8.45096939604565,rs10,8.466523393740651,28.770142871949435,20.303619478208784,1,8.466523393740651,43.72828048841065,35.261757094669996,-78.92951005359993,negative_cross,toward_S4,1.1584634556386235
6,cx30,2024-03-29 22:42:40+00:00,40.289315,-88.126452,-60.47009504532088,334.0,9.902388403793374,rs10,18.064396076804478,33.47382201191958,15.409425935115102,1,18.064396076804478,33.89422481270731,15.82982873590283,-78.92951005359993,negative_cross,toward_S4,1.3418410186718341
6,cx30,2024-03-29 22:42:41+00:00,40.28922,-88.126459,-49.897585553531414,335.0,10.572509491789468,rs7,23.43239765917522,28.535561713577245,5.103164054402026,2,23.43239765917522,28.535561713577245,5.103164054402026,-27.632700444717127,negative_cross,toward_S4,1.5876873127997353
6,cx30,2024-03-29 22:42:42+00:00,40.289117,-88.126457,-38.44943177873055,336.0,11.448153774800865,rs7,12.67114738277035,30.734793668971584,18.063646286201234,2,12.67114738277035,39.98496889912073,27.31382151635038,-27.632700444717127,negative_cross,toward_S4,1.799690160481233
6,cx30,2024-03-29 22:42:43+00:00,40.28901,-88.126457,-26.553510584141016,337.0,11.895921194589533,rs7,5.740256944917603,28.818803111857683,23.07854616694008,2,5.740256944917603,51.87618850001762,46.135931555100015,-27.632700444717127,negative_cross,toward_S4,2.019984997418076
6,cx30,2024-03-29 22:42:44+00:00,40.288905,-88.126467,-14.86464262820688,338.0,11.688867955934136,rs7,13.196377388091111,32.30354363687445,19.10716624878334,2,13.196377388091111,42.555094535501226,29.358717147410115,-27.632700444717127,negative_cross,toward_S4,2.2364455151205602
6,cx30,2024-03-29 22:42:45+00:00,40.288805,-88.126487,-3.7163584116810826,339.0,11.148284216525798,rs7,23.604006081703343,31.316111398559485,7.712105316856142,2,23.604006081703343,31.316111398559485,7.712105316856142,-27.632700444717127,negative_cross,toward_S4,2.442895222834001
6,cx30,2024-03-29 22:42:46+00:00,40.288701,-88.126507,7.8766331397013705,340.0,11.592991551382454,rs5,19.65871130417549,34.9892393378589,15.330528033683407,3,19.65871130417549,34.9892393378589,15.330528033683407,26.33125891160298,negative_cross,toward_S4,2.658247670890711
6,cx30,2024-03-29 22:42:47+00:00,40.288593,-88.126522,19.906681811515963,341.0,12.030048671814592,rs5,7.864383407281532,35.34202716096485,27.477643753683314,3,7.864383407281532,46.97128981403839,39.10690640675686,26.33125891160298,negative_cross,toward_S4,2.8810263499983884
6,cx30,2024-03-29 22:42:48+00:00,40.288475,-88.126529,33.03625847586306,342.0,13.129576664347095,rs5,6.685020996309853,36.007658725306605,29.322637728996753,3,6.685020996309853,48.449170590595465,41.76414959428561,26.33125891160298,negative_cross,toward_S4,3.124166658597409
6,cx30,2024-03-29 22:42:49+00:00,40.28835,-88.126531,46.936422760583525,343.0,13.900164284720468,rs5,20.13218695418621,34.55696883908086,14.42478188489465,3,20.13218695418621,34.55696883908086,14.42478188489465,26.33125891160298,negative_cross,toward_S4,3.3815771083144543
6,cx30,2024-03-29 22:42:50+00:00,40.288221,-88.126533,61.28129438013892,344.0,14.344871619555391,rs2,20.238213068073662,34.39339490210793,14.155181834034266,4,20.238213068073662,34.39339490210793,14.155181834034266,80.2309515867141,negative_cross,toward_S4,3.6490804221004596
6,cx30,2024-03-29 22:42:51+00:00,40.288106,-88.126536,74.07122037224563,345.0,12.789925992106717,rs2,7.547254955409384,36.22177885466254,28.674523899253153,4,7.547254955409384,47.14687395198863,39.599618996579245,80.2309515867141,negative_cross,toward_S4,3.885930903435769
6,cx30,2024-03-29 22:42:52+00:00,40.288011,-88.126535,84.63148952103847,346.0,10.560269148792841,rs2,3.6793297037106556,36.04680424856996,32.367474544859306,4,3.6793297037106556,57.70692301264019,54.02759330892953,80.2309515867141,negative_cross,toward_S4,4.081491443228229
6,cx30,2024-03-29 22:42:53+00:00,40.28794,-88.126527,92.51280436304526,347.0,7.881314842006788,rs2,11.382505863674664,37.312966832669574,25.930460968994907,4,11.382505863674664,65.62596040413231,54.24345454045765,80.2309515867141,negative_cross,toward_S4,4.227441718080207
6,cx30,2024-03-29 22:42:54+00:00,40.287889,-88.126495,98.13386150425752,348.0,5.621057141212262,rs2,17.566387856050945,37.25087590584663,19.684488049795682,4,17.566387856050945,71.45920623341704,53.89281837736609,80.2309515867141,negative_cross,toward_S4,4.331535368843396
6,cx30,2024-03-29 22:42:55+00:00,40.287854,-88.126439,101.93936827867677,349.0,3.805506774419243,rs2,22.94005419017964,35.534567285542224,12.594513095362583,4,22.94005419017964,75.84950992229064,52.909455732111,80.2309515867141,negative_cross,toward_S4,4.4020077165178275
6,cx30,2024-03-29 22:42:56+00:00,40.287838,-88.126368,103.60956457225198,350.0,1.6701962935752164,rs2,27.54983115315763,32.40375832667055,4.853927173512918,4,27.54983115315763,78.65252771815904,51.10269656500141,80.2309515867141,negative_cross,toward_S4,4.432937277509961
6,cx30,2024-03-29 22:42:57+00:00,40.287859,-88.126288,101.1524476370805,351.0,-2.4571169351714843,rs1,26.383657788169778,30.36871654401928,3.9850587558495008,4,26.383657788169778,76.76325717354779,50.37959938537801,80.2309515867141,positive_cross,toward_S1,4.387435112043822
6,cx30,2024-03-29 22:42:59+00:00,40.287914,-88.126229,94.94744925934639,353.0,-3.102499188867057,rs1,18.5275766107342,31.085255008064056,12.557678397329855,4,18.5275766107342,69.88891564420315,51.36133903346895,80.2309515867141,positive_cross,toward_S1,4.272527734678375
6,cx30,2024-03-29 22:43:00+00:00,40.287986,-88.126207,86.90905629773968,354.0,-8.038392961606704,rs1,11.049571517965346,30.219626695933133,19.17005517796779,4,11.049571517965346,61.70097720148272,50.651405683517375,80.2309515867141,positive_cross,toward_S1,4.123668605759733
6,cx30,2024-03-29 22:43:01+00:00,40.288066,-88.126197,77.99960918099069,355.0,-8.909447116748993,rs1,7.117866943496314,30.60540158515137,23.487534641655056,4,7.117866943496314,52.769158884098296,45.65129194060198,80.2309515867141,positive_cross,toward_S1,3.9586788443384555
6,cx30,2024-03-29 22:43:02+00:00,40.288158,-88.126191,67.76216023280428,356.0,-10.237448948186412,rs1,13.112111983550328,33.64655560558323,20.534443622032903,4,13.112111983550328,42.57180775762528,29.45969577407495,80.2309515867141,positive_cross,toward_S1,3.7690964564090774
6,cx30,2024-03-29 22:43:03+00:00,40.288257,-88.126184,56.744943406948124,357.0,-11.017216825856153,rs1,23.15981625880022,31.62441745517567,8.464601196375451,4,23.15981625880022,31.62441745517567,8.464601196375451,80.2309515867141,positive_cross,toward_S1,3.5650739225969263
6,cx30,2024-03-29 22:43:04+00:00,40.288362,-88.126183,45.069845836904186,358.0,-11.675097570043938,rs3,20.264164956225635,34.565081226415316,14.300916270189681,3,20.264164956225635,34.565081226415316,14.300916270189681,26.33125891160298,positive_cross,toward_S1,3.3470108689870592
6,cx30,2024-03-29 22:43:05+00:00,40.288466,-88.12618,33.50286501443028,359.0,-11.566980822473909,rs3,9.680348673037432,33.20985877204153,23.529510099004096,3,9.680348673037432,45.97636851216188,36.296019839124455,26.33125891160298,positive_cross,toward_S1,3.1328075204227277
6,cx30,2024-03-29 22:43:06+00:00,40.288583,-88.126178,20.492115397777972,360.0,-13.010749616652305,rs3,7.648171282591855,33.162482657331545,25.51431137473969,3,7.648171282591855,48.91954857515845,41.2713772925666,26.33125891160298,positive_cross,toward_S1,2.891867712706944
6,cx30,2024-03-29 22:43:07+00:00,40.2887,-88.126174,7.478305696193647,361.0,-13.013809701584325,rs3,18.97974438340025,35.956745988072456,16.977001604672207,3,18.97974438340025,35.956745988072456,16.977001604672207,26.33125891160298,positive_cross,toward_S1,2.650871236751679
6,cx30,2024-03-29 22:43:08+00:00,40.28882,-88.12617,-5.869034506933584,362.0,-13.347340203127231,rs6,22.728795106220723,31.966670334506425,9.237875228285702,2,22.728795106220723,31.966670334506425,9.237875228285702,-27.632700444717127,positive_cross,toward_S1,2.4030308506996954
6,cx30,2024-03-29 22:43:09+00:00,40.288936,-88.126163,-18.776257503841478,363.0,-12.907222996907894,rs6,10.147019964453406,31.897382385301896,21.75036242084849,2,10.147019964453406,44.69881624403304,34.551796279579634,-27.632700444717127,positive_cross,toward_S1,2.1640082026088083
6,cx30,2024-03-29 22:43:10+00:00,40.289053,-88.126161,-31.78700712049379,364.0,-13.010749616652312,rs6,5.167792632250086,31.10722602380165,25.939433391551567,2,5.167792632250086,47.79929333559652,42.63150070334644,-27.632700444717127,positive_cross,toward_S1,1.9230683948930247
6,cx30,2024-03-29 22:43:11+00:00,40.289162,-88.126162,-43.90375193883896,365.0,-12.116744818345168,rs6,16.193882231127745,34.800762846824654,18.60688061569691,2,16.193882231127745,35.71907326419808,19.525191033070335,-27.632700444717127,positive_cross,toward_S1,1.6986842315903363
6,cx30,2024-03-29 22:43:12+00:00,40.289268,-88.126161,-55.690026342986606,366.0,-11.786274404147647,rs8,23.990958170335748,27.784711986913013,3.793753816577265,1,23.990958170335748,27.784711986913013,3.793753816577265,-78.92951005359993,positive_cross,toward_S1,1.4303608094558022
6,cx30,2024-03-29 22:43:13+00:00,40.289366,-88.126162,-66.58382599251065,367.0,-10.893799649524048,rs8,13.28566210290879,29.551699652738897,16.26603754983011,1,13.28566210290879,38.62396107294834,25.338298970039553,-78.92951005359993,positive_cross,toward_S1,1.2286237789090606
6,cx30,2024-03-29 22:43:14+00:00,40.289458,-88.126166,-76.80597451193499,368.0,-10.222148519424337,rs8,4.466338617270921,26.631757843645243,22.165419226374322,1,4.466338617270921,48.845561472340286,44.379222855069365,-78.92951005359993,positive_cross,toward_S1,1.0393247322530543
6,cx30,2024-03-29 22:43:15+00:00,40.289534,-88.126167,-85.25388382223693,369.0,-8.447909310301938,rs8,6.875171325375856,27.24282634821731,20.367655022841454,1,6.875171325375856,57.27939343480205,50.4042221094262,-78.92951005359993,positive_cross,toward_S1,0.8828819672474629
6,cx30,2024-03-29 22:43:16+00:00,40.289602,-88.126169,-92.81084842076537,370.0,-7.556964598528438,rs8,13.913215843625222,29.796607597868842,15.88339175424362,1,13.913215843625222,64.83606439810333,50.92284855447811,-78.92951005359993,positive_cross,toward_S1,0.7429381783858251
6,cx30,2024-03-29 22:43:17+00:00,40.289659,-88.126186,-99.1219172065614,371.0,-6.311068785796039,rs8,20.40795630762804,32.121701015943145,11.713744708315105,1,20.40795630762804,71.26581413761933,50.85785782999129,-78.92951005359993,positive_cross,toward_S1,0.626066534204417
6,cx30,2024-03-29 22:43:18+00:00,40.289698,-88.126233,-103.38590170170579,372.0,-4.263984495144385,rs8,25.776242879133058,32.32276117841061,6.546518299277551,1,25.776242879133058,76.00026065593408,50.22401777680103,-78.92951005359993,positive_cross,toward_S1,0.5471038583684099
6,cx30,2024-03-29 22:43:19+00:00,40.28972,-88.126294,-105.73845942550543,373.0,-2.3525577237996345,rs8,30.18185748451434,31.341514134858937,1.1596566503445978,1,30.18185748451434,79.24011941556016,49.05826193104582,-78.92951005359993,positive_cross,toward_S1,0.5035379745943427
6,cx30,2024-03-29 22:43:20+00:00,40.289718,-88.126361,-105.4135928854126,374.0,0.32486654009282745,rs10,28.707857186700767,33.10405712918004,4.396199942479274,1,28.707857186700767,79.37722429602009,50.669367109319325,-78.92951005359993,negative_cross,ambiguous,0.5095540216330987
6,cx30,2024-03-29 22:43:21+00:00,40.289685,-88.126423,-101.64989471828503,375.0,3.763698167127572,rs10,23.715967493323667,34.00085717581429,10.284889682490622,1,23.715967493323667,74.9824629379145,51.26649544459084,-78.92951005359993,negative_cross,toward_S4,0.5792521358391649
6,cx30,2024-03-29 22:43:22+00:00,40.289625,-88.126454,-94.93185337373468,376.0,6.718041344550343,rs10,16.696871556867862,32.24079805258167,15.543926495713805,1,16.696871556867862,68.07648523255727,51.37961367568941,-78.92951005359993,negative_cross,toward_S4,0.7036603088863934
6,cx30,2024-03-29 22:43:23+00:00,40.289555,-88.126458,-87.14335485051413,377.0,7.788498523220554,rs10,8.954793388377592,29.51627986859975,20.561486480222158,1,8.954793388377592,60.29183012079444,51.33703673241685,-78.92951005359993,negative_cross,toward_S4,0.8478917630201074
6,cx30,2024-03-29 22:43:24+00:00,40.289481,-88.12646,-78.9132090790141,378.0,8.230145771500034,rs10,1.7016384926927226,28.540992396142727,26.839353903450004,1,1.7016384926927226,52.08459389915521,50.382955406462486,-78.92951005359993,negative_cross,toward_S4,1.0003018698997377
6,cx30,2024-03-29 22:43:25+00:00,40.2894,-88.126463,-69.90329542905435,379.0,9.009913649959742,rs10,8.572486532049044,30.19857977367768,21.626093241628634,1,8.572486532049044,43.103687547397854,34.53120101534881,-78.92951005359993,negative_cross,toward_S4,1.1671521226767698
6,cx30,2024-03-29 22:43:26+00:00,40.28931,-88.126461,-59.90044049128201,380.0,10.00285493777234,rs10,18.53770714533731,33.21545198493381,14.677744839596496,1,18.53770714533731,33.21545198493381,14.677744839596496,-78.92951005359993,negative_cross,toward_S4,1.3523901770799613
6,cx30,2024-03-29 22:43:27+00:00,40.289215,-88.126458,-49.343231428254605,381.0,10.557209063027408,rs7,22.913091984088993,29.09580018706818,6.182708202979185,2,22.913091984088993,29.09580018706818,6.182708202979185,-27.632700444717127,negative_cross,toward_S4,1.5979531299344911
6,cx30,2024-03-29 22:43:28+00:00,40.289114,-88.126458,-38.114371235127486,382.0,11.228860193127119,rs7,12.335261054810989,30.699542170764378,18.36428111595339,2,12.335261054810989,40.31444850465878,27.97918744984779,-27.632700444717127,negative_cross,toward_S4,1.805894985362771
6,cx30,2024-03-29 22:43:29+00:00,40.289014,-88.12646,-26.99362779036036,383.0,11.120743444767125,rs7,5.457295100735384,29.05882561777386,23.601530517038476,2,5.457295100735384,51.422965611467966,45.96567051073258,-27.632700444717127,negative_cross,toward_S4,2.0118346787843846
6,cx30,2024-03-29 22:43:30+00:00,40.288915,-88.126464,-15.981001093141515,384.0,11.012626697218845,rs7,12.273140129846347,31.64138570800648,19.368245578160135,2,12.273140129846347,43.69548968654072,31.42234955669437,-27.632700444717127,negative_cross,toward_S4,2.215772210214363
6,cx30,2024-03-29 22:43:31+00:00,40.28881,-88.126473,-4.293663179289276,385.0,11.68733791385224,rs7,23.24586629129821,32.12057875423858,8.87471246294037,2,23.24586629129821,32.12057875423858,8.87471246294037,-27.632700444717127,negative_cross,toward_S4,2.4322043938042195
6,cx30,2024-03-29 22:43:32+00:00,40.288708,-88.126496,7.081564833291292,386.0,11.375228012580568,rs5,20.650717134980976,34.264085261541254,13.613368126560278,3,20.650717134980976,34.264085261541254,13.613368126560278,26.33125891160298,negative_cross,toward_S4,2.643524183734969
6,cx30,2024-03-29 22:43:33+00:00,40.288605,-88.126518,18.566439637103713,387.0,11.48487480381242,rs5,9.217428368336803,35.27435526503713,26.056926896700325,3,9.217428368336803,45.63929845318978,36.421870084852976,26.33125891160298,negative_cross,toward_S4,2.8562070504722357
6,cx30,2024-03-29 22:43:34+00:00,40.288502,-88.126537,30.046724311488855,388.0,11.480284674385143,rs5,3.737461542306944,36.23925780854848,32.501796266241534,3,3.737461542306944,51.42323300980489,47.68577146749794,26.33125891160298,negative_cross,toward_S4,3.0688049148127012
6,cx30,2024-03-29 22:43:35+00:00,40.288395,-88.126545,41.954885849074984,389.0,11.908161537586128,rs5,15.022374574598834,39.50770048139215,24.485325906793314,3,15.022374574598834,39.50770048139215,24.485325906793314,26.33125891160298,negative_cross,toward_S4,3.2893264247680003
6,cx30,2024-03-29 22:43:36+00:00,40.288288,-88.126548,53.85539717230184,390.0,11.900511323226858,rs5,26.878207943190404,27.603811717963517,0.7256037747731128,3,26.878207943190404,27.603811717963517,0.7256037747731128,26.33125891160298,negative_cross,toward_S4,3.509706264087016
6,cx30,2024-03-29 22:43:37+00:00,40.288185,-88.126547,65.30508098997456,391.0,11.449683817672714,rs2,16.157399641451846,38.32891923935534,22.171519597903497,4,16.157399641451846,38.32891923935534,22.171519597903497,80.2309515867141,negative_cross,toward_S4,3.7235949889492677
6,cx30,2024-03-29 22:43:38+00:00,40.288094,-88.126546,75.42064280393251,392.0,10.115561813957953,rs2,6.078055465696985,36.88238658242712,30.804331116730133,4,6.078055465696985,48.448179192493356,42.37012372679637,80.2309515867141,negative_cross,toward_S4,3.910920207726267
6,cx30,2024-03-29 22:43:39+00:00,40.288012,-88.126546,84.53714315856871,393.0,9.116500354636202,rs2,3.2193570410463783,36.956597241357876,33.7372402003115,4,3.2193570410463783,57.56553425268663,54.34617721164025,80.2309515867141,negative_cross,toward_S4,4.079744288367678
6,cx30,2024-03-29 22:43:40+00:00,40.287941,-88.126543,92.42610821574645,394.0,7.888965057177742,rs2,11.056292700213852,38.55306765358202,27.496774953368167,4,11.056292700213852,65.46648869182117,54.41019599160732,80.2309515867141,negative_cross,toward_S4,4.22583623387097
6,cx30,2024-03-29 22:43:41+00:00,40.287889,-88.126507,98.15222201876331,395.0,5.726113803016858,rs2,17.293313690745357,38.13728841441282,20.843974723667465,4,17.293313690745357,71.38482514097198,54.091511450226626,80.2309515867141,negative_cross,toward_S4,4.331875378371282
6,cx30,2024-03-29 22:43:42+00:00,40.287862,-88.126457,101.07749438234553,396.0,2.9252723635822235,rs2,21.49946483399433,36.19496268821492,14.69549785422059,4,21.49946483399433,74.77017267697809,53.27070784298376,80.2309515867141,negative_cross,toward_S4,4.38604708880799
6,cx30,2024-03-29 22:43:43+00:00,40.287849,-88.126396,102.42946060316162,397.0,1.351966220816081,rs2,25.206284933820843,33.169318148051204,7.963033214230361,4,25.206284933820843,76.98556865825283,51.77928372443199,80.2309515867141,negative_cross,toward_S4,4.411083500304583
6,cx30,2024-03-29 22:43:44+00:00,40.287861,-88.126329,100.99282572756144,398.0,-1.436634875600177,rs2,27.698449204984996,28.303777663107187,0.6053284581221909,4,27.698449204984996,76.93802099158793,49.23957178660294,80.2309515867141,negative_cross,toward_S1,4.384479150756432
6,cx30,2024-03-29 22:43:45+00:00,40.287897,-88.126268,96.89712710257452,399.0,-4.095698624986923,rs1,21.95121662827837,29.156701428218454,7.205484799940084,4,21.95121662827837,72.2924170227046,50.341200394426224,80.2309515867141,positive_cross,toward_S1,4.308632879923341
6,cx30,2024-03-29 22:43:46+00:00,40.287957,-88.12623,90.16837545789943,400.0,-6.728751644675086,rs1,14.732495025053376,29.163608591922976,14.4311135668696,4,14.732495025053376,65.17099209369688,50.43849706864351,80.2309515867141,positive_cross,toward_S1,4.184026367984914
6,cx30,2024-03-29 22:43:47+00:00,40.288021,-88.126207,83.017867121489,401.0,-7.150508336410425,rs1,8.768595728297413,29.693489400543225,20.924893672245812,4,8.768595728297413,57.84349897210968,49.074903243812265,80.2309515867141,positive_cross,toward_S1,4.051609546940276
6,cx30,2024-03-29 22:43:48+00:00,40.288091,-88.126198,75.22171838390919,402.0,-7.796148737579813,rs1,8.121979894769954,30.909612234317496,22.787632339547542,4,8.121979894769954,50.028178948574364,41.906199053804414,80.2309515867141,positive_cross,toward_S1,3.9072364221702793
6,cx30,2024-03-29 22:43:49+00:00,40.288165,-88.126187,66.97780222651893,403.0,-8.24391615739026,rs1,13.636138991870302,34.26794340743221,20.63180441556191,4,13.636138991870302,41.75013038236007,28.113991390489765,80.2309515867141,positive_cross,toward_S1,3.7545713081445338
6,cx30,2024-03-29 22:43:50+00:00,40.288245,-88.126183,58.07753536700108,404.0,-8.90026685951785,rs1,21.849316604502725,32.91955317485698,11.070236570354254,4,21.849316604502725,32.91955317485698,11.070236570354254,80.2309515867141,positive_cross,toward_S1,3.589751551486796
6,cx30,2024-03-29 22:43:51+00:00,40.288335,-88.126184,48.07315038714684,405.0,-10.004384979854244,rs3,23.171583706605105,31.624950127214237,8.453366420609132,3,23.171583706605105,31.624950127214237,8.453366420609132,26.33125891160298,positive_cross,toward_S1,3.402627619917479
6,cx30,2024-03-29 22:43:52+00:00,40.288434,-88.126184,37.06664386064722,406.0,-11.00650652649962,rs3,12.877125942427767,33.820841842099476,20.94371589967171,3,12.877125942427767,42.49163086517175,29.614504922743983,26.33125891160298,positive_cross,toward_S1,3.1988034249823007
6,cx30,2024-03-29 22:43:53+00:00,40.288539,-88.126182,25.39001624773142,407.0,-11.676627612915798,rs3,5.931448466174061,32.30049272080995,26.369044254635888,3,5.931448466174061,53.82241763466985,47.890969168495786,26.33125891160298,positive_cross,toward_S1,2.9825695802986747
6,cx30,2024-03-29 22:43:54+00:00,40.28865,-88.12618,13.046327633353224,408.0,-12.343688614378197,rs3,13.923616603541102,35.11548523397625,21.19186863043515,3,13.923616603541102,41.53701034082305,27.61339373728195,26.33125891160298,positive_cross,toward_S1,2.753982754106486
6,cx30,2024-03-29 22:43:55+00:00,40.288765,-88.126175,0.25334155550279475,409.0,-12.79298607785043,rs3,26.02215256809362,28.821625692157244,2.799473124063624,3,26.02215256809362,28.821625692157244,2.799473124063624,26.33125891160298,positive_cross,toward_S1,2.517075604516663
6,cx30,2024-03-29 22:43:56+00:00,40.288878,-88.126171,-12.315760812058318,410.0,-12.569102367561113,rs6,16.473875297134807,33.64091011417273,17.167034817037926,2,16.473875297134807,38.36514631117101,21.891271014036203,-27.632700444717127,positive_cross,toward_S1,2.2836470302344223
6,cx30,2024-03-29 22:43:57+00:00,40.288992,-88.126173,-24.986859756470253,411.0,-12.671098944411934,rs6,5.6631116320470944,29.917667373964065,24.25455574191697,2,5.6631116320470944,50.98085999651773,45.31774836447063,-27.632700444717127,positive_cross,toward_S1,2.0489970497823493
6,cx30,2024-03-29 22:43:58+00:00,40.28911,-88.126172,-38.10725616354271,412.0,-13.120396407072455,rs6,10.982759269410561,31.69164928156698,20.70889001215642,2,10.982759269410561,41.557330965130184,30.574571695719623,-27.632700444717127,positive_cross,toward_S1,1.8060267459476744
6,cx30,2024-03-29 22:43:59+00:00,40.289227,-88.126171,-51.116475736511475,413.0,-13.009219572968767,rs6,23.421727492820935,28.624377260624527,5.202649767803592,2,23.421727492820935,28.624377260624527,5.202649767803592,-27.632700444717127,positive_cross,toward_S1,1.5651152723741788
6,cx30,2024-03-29 22:44:00+00:00,40.289339,-88.126169,-63.57134118499337,414.0,-12.454865448481897,rs8,16.343505177841454,30.401996896991797,14.058491719150343,1,16.343505177841454,35.70403408932178,19.360528911480326,-78.92951005359993,positive_cross,toward_S1,1.284410534603825
6,cx30,2024-03-29 22:44:01+00:00,40.289432,-88.126166,-73.91537683787793,415.0,-10.344035652884557,rs8,6.604688026742142,27.004771103113654,20.400083076371512,1,6.604688026742142,45.9645568984972,39.359868871755054,-78.92951005359993,positive_cross,toward_S1,1.0928543188096667
6,cx30,2024-03-29 22:44:02+00:00,40.289515,-88.126166,-83.14305402661783,416.0,-9.227677188739904,rs8,5.1552606037615565,26.905712098538906,21.75045149477735,1,5.1552606037615565,55.16559432442691,50.01033372066536,-78.92951005359993,positive_cross,toward_S1,0.9219714079070758
6,cx30,2024-03-29 22:44:03+00:00,40.289585,-88.126174,-90.91319203531086,417.0,-7.770138008693024,rs8,12.249154065680438,28.57135606620562,16.32220200052518,1,12.249154065680438,62.980436400200276,50.73128233451984,-78.92951005359993,positive_cross,toward_S1,0.7780799633016494
6,cx30,2024-03-29 22:44:04+00:00,40.289639,-88.126213,-96.85706937710786,418.0,-5.943877341797005,rs8,19.05906029739692,28.94135893442192,9.882298637025002,1,19.05906029739692,69.2790522721344,50.219991974737475,-78.92951005359993,positive_cross,toward_S1,0.668008160675779
6,cx30,2024-03-29 22:44:05+00:00,40.289676,-88.126266,-100.88951994758186,419.0,-4.032450570473998,rs8,24.749323585157043,28.651875793274474,3.902552208117431,1,24.749323585157043,73.9989707242164,49.24964713905936,-78.92951005359993,positive_cross,toward_S1,0.5933331501114456
6,cx30,2024-03-29 22:44:06+00:00,40.289688,-88.126332,-102.12265912070319,420.0,-1.2331391731213301,rs10,26.66525815075066,28.959071657288664,2.2938135065380045,1,26.66525815075066,76.45026753944798,49.78500938869732,-78.92951005359993,negative_cross,toward_S1,0.5704972394980877
6,cx30,2024-03-29 22:44:07+00:00,40.289673,-88.126393,-100.3616740016464,421.0,1.7609851190567838,rs10,23.08393267882811,31.219838851080397,8.135906172252287,1,23.08393267882811,73.99688389204375,50.91295121321565,-78.92951005359993,negative_cross,toward_S4,0.6031080750361764
6,cx30,2024-03-29 22:44:08+00:00,40.289634,-88.126439,-95.95539551904965,422.0,4.406278482596761,rs10,17.887519355790197,31.664345890771106,13.77682653498091,1,17.887519355790197,69.19523519650903,51.307715840718835,-78.92951005359993,negative_cross,toward_S4,0.6847058247138942
6,cx30,2024-03-29 22:44:09+00:00,40.289566,-88.126452,-88.37548027737812,423.0,7.579915241671529,rs10,10.25828554909616,29.39395648125871,19.135670932162547,1,10.25828554909616,61.55872900004577,51.300443450949615,-78.92951005359993,negative_cross,toward_S4,0.8250746254855891
6,cx30,2024-03-29 22:44:10+00:00,40.289495,-88.126451,-80.48345513522484,424.0,7.8920251421532726,rs10,3.17214665319335,27.816046679280195,24.643900026086843,1,3.17214665319335,53.71648494149824,50.544338288304886,-78.92951005359993,negative_cross,toward_S4,0.9712232392291682
6,cx30,2024-03-29 22:44:11+00:00,40.289418,-88.126447,-71.92895911945654,425.0,8.554496015768308,rs10,7.009394589939365,28.340714550459246,21.33131996051988,1,7.009394589939365,45.268438818736016,38.259044228796654,-78.92951005359993,negative_cross,toward_S4,1.1296398321137664
6,cx30,2024-03-29 22:44:12+00:00,40.289332,-88.126448,-62.36622138790353,426.0,9.562737731553007,rs10,16.2420791087805,32.17321652525095,15.931137416470449,1,16.2420791087805,35.815268626534944,19.573189517754443,-78.92951005359993,negative_cross,toward_S4,1.3067275678832666
6,cx30,2024-03-29 22:44:13+00:00,40.289239,-88.126453,-52.01912564927524,427.0,10.34709573862829,rs7,25.60613908698381,26.46386237252092,0.8577232855371122,2,25.60613908698381,26.46386237252092,0.8577232855371122,-27.632700444717127,negative_cross,toward_S4,1.548399533248924
6,cx30,2024-03-29 22:44:14+00:00,40.289139,-88.126462,-40.88767190357166,428.0,11.131453745703581,rs7,14.739073782583588,32.059456924469394,17.320383141885806,2,14.739073782583588,37.52213104991539,22.7830572673318,-27.632700444717127,negative_cross,toward_S4,1.7545375655767679
6,cx30,2024-03-29 22:44:15+00:00,40.289041,-88.126463,-29.990812168303883,429.0,10.896859735267775,rs7,5.934641018509397,29.394065082951897,23.4594240644425,2,5.934641018509397,48.4136166424135,42.478975623904105,-27.632700444717127,negative_cross,toward_S4,1.956331264378023
6,cx30,2024-03-29 22:44:16+00:00,40.288942,-88.126464,-18.98277559972236,430.0,11.008036568581524,rs7,9.625133983763122,30.655882545896805,21.03074856213368,2,9.625133983763122,46.646699886970765,37.021565903207645,-27.632700444717127,negative_cross,toward_S4,2.160183793425829
6,cx30,2024-03-29 22:44:17+00:00,40.288846,-88.126478,-8.288378974472659,431.0,10.6943966252497,rs7,19.235985365521998,35.93663915239295,16.70065378687095,2,19.235985365521998,35.93663915239295,16.70065378687095,-27.632700444717127,negative_cross,toward_S4,2.3582281753748977
6,cx30,2024-03-29 22:44:18+00:00,40.288747,-88.1265,2.7517884944831055,432.0,11.040167468955765,rs5,24.776936755844762,29.913159969366433,5.136223213521671,3,24.776936755844762,29.913159969366433,5.136223213521671,26.33125891160298,negative_cross,toward_S4,2.563343140423706
6,cx30,2024-03-29 22:44:19+00:00,40.28865,-88.126524,13.572662382598574,433.0,10.820873888115468,rs5,13.805882645413412,37.168121531468465,23.362238886055053,3,13.805882645413412,40.630990914184764,26.825108268771352,26.33125891160298,negative_cross,toward_S4,2.763729693907326
6,cx30,2024-03-29 22:44:20+00:00,40.288551,-88.12653,24.58834916556113,434.0,11.015686782962556,rs5,3.657216086101674,35.48672675372059,31.829510667618916,3,3.657216086101674,51.644655160452544,47.98743907435087,26.33125891160298,negative_cross,toward_S4,2.9677238935918178
6,cx30,2024-03-29 22:44:21+00:00,40.288452,-88.12653,35.5948556912708,435.0,11.006506525709671,rs5,9.039732968146817,36.65812272313922,27.618389754992407,3,9.039732968146817,45.889835333535956,36.85010236538914,26.33125891160298,negative_cross,toward_S4,3.1715480885123672
6,cx30,2024-03-29 22:44:22+00:00,40.288352,-88.126532,46.71559913603793,436.0,11.120743444767129,rs5,19.90051486888858,34.77390942567322,14.873394556784639,3,19.90051486888858,34.77390942567322,14.873394556784639,26.33125891160298,negative_cross,toward_S4,3.3774877819339806
6,cx30,2024-03-29 22:44:23+00:00,40.28825,-88.126531,58.0541061203969,437.0,11.338506984358972,rs2,23.46548770857519,31.191347729719865,7.725860021144676,4,23.46548770857519,31.191347729719865,7.725860021144676,80.2309515867141,negative_cross,toward_S4,3.5893176765496815
6,cx30,2024-03-29 22:44:24+00:00,40.288147,-88.126529,69.50225989440779,438.0,11.448153774010883,rs2,12.13220912535934,36.62900042381788,24.49679129845854,4,12.13220912535934,42.627814177246584,30.495605051887246,80.2309515867141,negative_cross,toward_S4,3.8013205242165498
6,cx30,2024-03-29 22:44:25+00:00,40.288054,-88.126529,79.84170541865505,439.0,10.339445524247267,rs2,2.783193947479205,35.19371838264779,32.41052443516858,4,2.783193947479205,52.95333701818151,50.1701430707023,80.2309515867141,negative_cross,toward_S4,3.992791737628536
6,cx30,2024-03-29 22:44:26+00:00,40.287978,-88.126533,88.29726494331629,440.0,8.45555952466124,rs2,7.158433873837815,36.56849989101132,29.410066017173506,4,7.158433873837815,61.38125539726135,54.222821523423534,80.2309515867141,negative_cross,toward_S4,4.149376173270411
6,cx30,2024-03-29 22:44:27+00:00,40.28792,-88.126528,94.73787107772179,441.0,6.440606134405499,rs2,13.54746912570628,38.215324383900295,24.667855258194017,4,13.54746912570628,67.84450650392458,54.2970373782183,80.2309515867141,negative_cross,toward_S4,4.268646657240883
6,cx30,2024-03-29 22:44:28+00:00,40.287872,-88.126494,100.0223376324374,442.0,5.284466554715607,rs2,19.40392581217456,38.155552699233255,18.751626887058695,4,19.40392581217456,73.3508021712869,53.94687635911234,80.2309515867141,negative_cross,toward_S4,4.3665071489948755
6,cx30,2024-03-29 22:44:29+00:00,40.287844,-88.126439,103.0511366149741,443.0,3.028798982536699,rs2,23.947436637875988,36.2470486491326,12.299612011256613,4,23.947436637875988,76.95126257817412,53.003825940298135,80.2309515867141,negative_cross,toward_S4,4.422596019041852
6,cx30,2024-03-29 22:44:30+00:00,40.287842,-88.126374,103.17403749545991,444.0,0.12290088048581538,rs2,26.89274440011056,32.41663910625405,5.523894706143494,4,26.89274440011056,78.111765359691,51.21902095958045,80.2309515867141,negative_cross,ambiguous,4.4248719612730705
6,cx30,2024-03-29 22:44:31+00:00,40.287869,-88.126307,100.06975011541373,445.0,-3.1042873800461876,rs1,26.434942289237146,28.425314232793987,1.9903719435568412,4,26.434942289237146,76.00667372597616,49.571731436739014,80.2309515867141,positive_cross,toward_S1,4.367385157938882
6,cx30,2024-03-29 22:44:32+00:00,40.287918,-88.12626,94.55017325445948,446.0,-5.5195768609542455,rs1,19.687524288637224,28.54753198579193,8.860007697154707,4,19.687524288637224,69.8723461721329,50.18482188349567,80.2309515867141,positive_cross,toward_S1,4.2651707716249145
6,cx30,2024-03-29 22:44:33+00:00,40.287978,-88.126222,87.8214216089727,447.0,-6.728751645486781,rs1,12.58338184506997,29.170476154351768,16.587094309281795,4,12.58338184506997,62.75955519512599,50.17617335005602,80.2309515867141,positive_cross,toward_S1,4.140564259671455
6,cx30,2024-03-29 22:44:34+00:00,40.288043,-88.126191,80.54749609627369,448.0,-7.273925512699009,rs1,6.667359680268039,30.978398398549064,24.311038718281026,4,6.667359680268039,55.2406560819606,48.57329640169256,80.2309515867141,positive_cross,toward_S1,4.005861935362215
6,cx30,2024-03-29 22:44:35+00:00,40.288119,-88.126179,72.07969622857237,449.0,-8.467799867701316,rs1,8.932920866653431,33.182201364747,24.24928049809357,4,8.932920866653431,46.72637272667554,37.79345186002211,80.2309515867141,positive_cross,toward_S1,3.8490508267010792
6,cx30,2024-03-29 22:44:36+00:00,40.288199,-88.126169,63.17024911261332,450.0,-8.909447115959054,rs1,16.60302745776224,37.30704179265592,20.70401433489368,4,16.60302745776224,37.79179632310788,21.18876886534564,80.2309515867141,positive_cross,toward_S1,3.68406106529443
6,cx30,2024-03-29 22:44:37+00:00,40.288288,-88.126173,53.28163109389845,451.0,-9.888618018714872,rs1,26.31509466526495,28.062328248482103,1.7472335832171524,4,26.31509466526495,28.062328248482103,1.7472335832171524,80.2309515867141,positive_cross,toward_S1,3.5009385093923027
6,cx30,2024-03-29 22:44:38+00:00,40.288385,-88.126176,42.502068364243556,452.0,-10.779562729654891,rs3,17.64592272246723,36.51396241399534,18.868039691528107,3,17.64592272246723,37.00023740864587,19.354314686178643,26.33125891160298,positive_cross,toward_S1,3.299459434308159
6,cx30,2024-03-29 22:44:39+00:00,40.288487,-88.126176,31.162031337012717,453.0,-11.340037027230839,rs3,7.6814086695449495,33.12929278411065,25.447884114565703,3,7.6814086695449495,48.25761878390957,40.57621011436462,26.33125891160298,positive_cross,toward_S1,3.0894587486186986
6,cx30,2024-03-29 22:44:40+00:00,40.288597,-88.126173,18.92798951305467,454.0,-12.234041823958048,rs3,8.523107337292382,33.89099173903429,25.36788440174191,3,8.523107337292382,47.327216308855576,38.804108971563195,26.33125891160298,positive_cross,toward_S1,2.8629024185454015
6,cx30,2024-03-29 22:44:41+00:00,40.28871,-88.126167,6.355827059749838,455.0,-12.57216245330483,rs3,19.904029513450215,34.77813052414859,14.874101010698372,3,19.904029513450215,34.77813052414859,14.874101010698372,26.33125891160298,positive_cross,toward_S1,2.630084595336053
6,cx30,2024-03-29 22:44:42+00:00,40.288828,-88.126165,-6.76609939019448,456.0,-13.121926449944318,rs6,21.774540385488343,32.78558030251263,11.011039917024284,2,21.774540385488343,32.78558030251263,11.011039917024284,-27.632700444717127,positive_cross,toward_S1,2.3864185380467156
6,cx30,2024-03-29 22:44:43+00:00,40.288947,-88.126168,-19.991552459071514,457.0,-13.225453068877034,rs6,9.216066592181896,31.16936639577376,21.953299803591865,2,9.216066592181896,45.95851649845438,36.74244990627248,-27.632700444717127,positive_cross,toward_S1,2.1415027404749187
6,cx30,2024-03-29 22:44:44+00:00,40.289064,-88.126173,-32.991591775599076,458.0,-13.000039316527563,rs6,6.753514622975692,30.293406986882008,23.539892363906315,2,6.753514622975692,46.65898774620531,39.90547312322962,-27.632700444717127,positive_cross,toward_S1,1.9007612716503344
6,cx30,2024-03-29 22:44:45+00:00,40.289174,-88.126174,-45.21951342802621,459.0,-12.227921652427135,rs6,17.74184071946249,34.50147628495897,16.759635565496477,2,17.74184071946249,34.50147628495897,16.759635565496477,-27.632700444717127,positive_cross,toward_S1,1.6743182780868688
6,cx30,2024-03-29 22:44:46+00:00,40.289278,-88.126171,-56.78649425052187,460.0,-11.566980822495658,rs8,23.021893730575115,29.007894042016705,5.98600031144159,1,23.021893730575115,29.007894042016705,5.98600031144159,-78.92951005359993,positive_cross,toward_S1,1.4100558482051493
6,cx30,2024-03-29 22:44:47+00:00,40.289461,-88.12617,-77.13338484115704,461.0,-20.34689059063517,rs8,4.566146083634279,26.269930828542098,21.703784744907818,1,4.566146083634279,49.20756671149219,44.64142062785791,-78.92951005359993,positive_cross,toward_S1,1.0332615780082017
6,cx30,2024-03-29 22:44:48+00:00,40.289538,-88.126169,-85.69553107051642,462.0,-8.562146229359385,rs8,7.342381683024315,27.187227866270693,19.84484618324638,1,7.342381683024315,57.73568398921264,50.393302306188325,-78.92951005359993,positive_cross,toward_S1,0.8747033145015464
6,cx30,2024-03-29 22:44:49+00:00,40.289598,-88.126171,-92.36308100018677,463.0,-6.6675499296703435,rs8,13.5357028977189,29.439404089598607,15.903701191879707,1,13.5357028977189,64.40388769918732,50.86818480146842,-78.92951005359993,positive_cross,toward_S1,0.7512301676557993
6,cx30,2024-03-29 22:44:50+00:00,40.289651,-88.126201,-98.20955189456019,464.0,-5.846470894373425,rs8,19.932281819237726,30.57351775811983,10.641235938882105,1,19.932281819237726,70.49534269846798,50.56306087923025,-78.92951005359993,positive_cross,toward_S1,0.6429621881303654
6,cx30,2024-03-29 22:44:51+00:00,40.289687,-88.126252,-102.1338857174642,465.0,-3.9243338229040035,rs8,25.290145338387237,30.350847442952556,5.060702104565319,1,25.290145338387237,75.01519313625066,49.725047797863425,-78.92951005359993,positive_cross,toward_S1,0.570289339558069
6,cx30,2024-03-29 22:44:52+00:00,40.289701,-88.126317,-103.59090860087481,466.0,-1.457022883410616,rs10,28.542048778000076,29.388098212073636,0.84604943407356,1,28.542048778000076,77.5679764619989,49.025927683998816,-78.92951005359993,negative_cross,toward_S1,0.5433074343097244
6,cx30,2024-03-29 22:44:53+00:00,40.289682,-88.126384,-101.37603588970849,467.0,2.214872711166322,rs10,24.2784298468942,31.36774150825448,7.089311661360281,1,24.2784298468942,75.1038948235883,50.82546497669411,-78.92951005359993,negative_cross,toward_S4,0.5843235956276192
6,cx30,2024-03-29 22:44:55+00:00,40.289634,-88.126431,-95.967635862068,469.0,2.704200013820248,rs10,18.028611913733464,31.092872695140407,13.064260781406944,1,18.028611913733464,69.26951250904843,51.24090059531496,-78.92951005359993,negative_cross,toward_S4,0.6844791516950358
6,cx30,2024-03-29 22:44:56+00:00,40.289566,-88.12645,-88.37854036312183,470.0,7.589095498946165,rs10,10.297505339210403,29.233165573273006,18.935660234062603,1,10.297505339210403,61.57586889926364,51.278363560053236,-78.92951005359993,negative_cross,toward_S4,0.8250179572310758
6,cx30,2024-03-29 22:44:57+00:00,40.289494,-88.126455,-80.36615812961195,471.0,8.012382233509882,rs10,2.847811790124619,28.149366608523167,25.301554818398547,1,2.847811790124619,53.56769772447144,50.71988593434682,-78.92951005359993,negative_cross,toward_S4,0.9733954059997774
6,cx30,2024-03-29 22:44:58+00:00,40.289415,-88.126459,-71.57706810421953,472.0,8.789090025392412,rs10,7.0045648134218155,29.410016962003304,22.40545214858149,1,7.0045648134218155,44.80104644107922,37.79648162765741,-78.92951005359993,negative_cross,toward_S4,1.1361563323959332
6,cx30,2024-03-29 22:44:59+00:00,40.289322,-88.126458,-61.239152622844145,473.0,10.33791548137539,rs10,17.232332781210502,33.478935987524046,16.246603206313544,1,17.232332781210502,34.57377780179905,17.341445020588544,-78.92951005359993,negative_cross,toward_S4,1.3275992116806625
6,cx30,2024-03-29 22:45:00+00:00,40.289217,-88.126457,-49.567115138543926,474.0,11.672037484300219,rs7,23.149582025793404,28.879127602469378,5.729545576675974,2,23.149582025793404,28.879127602469378,5.729545576675974,-27.632700444717127,negative_cross,toward_S4,1.5938071352995038
6,cx30,2024-03-29 22:45:01+00:00,40.289103,-88.126458,-36.89142606551641,475.0,12.675689073027513,rs7,11.260220175141674,30.306500506893524,19.046280331751852,2,11.260220175141674,41.53677804440025,30.276557869258575,-27.632700444717127,negative_cross,toward_S4,1.8285421181333466
6,cx30,2024-03-29 22:45:02+00:00,40.288978,-88.126463,-22.98667165215863,476.0,13.904754413357782,rs7,6.652889203368753,29.681688041792096,23.02879883842334,2,6.652889203368753,50.605233987105194,43.95234478373644,-27.632700444717127,negative_cross,toward_S4,2.086037570232565
6,cx30,2024-03-29 22:45:03+00:00,40.288848,-88.126476,-8.513792727655574,477.0,14.472878924503057,rs7,19.054046532963415,35.94885808223166,16.894811549268244,2,19.054046532963415,36.18867725810918,17.134630725145765,-27.632700444717127,negative_cross,toward_S4,2.354053846612251
6,cx30,2024-03-29 22:45:04+00:00,40.288717,-88.126495,6.079443288225822,478.0,14.593236015881395,rs5,21.63769907002104,33.27181435447336,11.634115284452324,3,21.63769907002104,33.27181435447336,11.634115284452324,26.33125891160298,negative_cross,toward_S4,2.6249663773448675
6,cx30,2024-03-29 22:45:05+00:00,40.288589,-88.126516,20.342208888308026,479.0,14.262765600082204,rs5,7.714239867437838,34.763142178174256,27.048902310736416,3,7.714239867437838,47.42101873324016,39.70677886580232,26.33125891160298,negative_cross,toward_S4,2.8890916662352786
6,cx30,2024-03-29 22:45:06+00:00,40.288465,-88.126529,34.148026811370414,480.0,13.805817923062389,rs5,7.7062708528579105,36.2337106427609,28.527439789902985,3,7.7062708528579105,47.33818981878482,39.63191896592691,26.33125891160298,negative_cross,toward_S4,3.144754961106804
6,cx30,2024-03-29 22:45:07+00:00,40.288346,-88.126531,47.381130095418435,481.0,13.23310328404802,rs5,20.573239451223447,34.11292009067545,13.539680639452005,3,20.573239451223447,34.11292009067545,13.539680639452005,26.33125891160298,negative_cross,toward_S4,3.3898124293299157
6,cx30,2024-03-29 22:45:08+00:00,40.288236,-88.12653,59.609051747867326,482.0,12.227921652448892,rs2,21.923607604785605,32.75009611544592,10.826488510660315,4,21.923607604785605,32.75009611544592,10.826488510660315,80.2309515867141,negative_cross,toward_S4,3.618112965947282
6,cx30,2024-03-29 22:45:09+00:00,40.288138,-88.126528,70.50132135449778,483.0,10.89226960663045,rs2,11.168730395933995,36.28209300729049,25.113362611356497,4,11.168730395933995,43.63228434466224,32.46355394872825,80.2309515867141,negative_cross,toward_S4,3.8198216623663646
6,cx30,2024-03-29 22:45:10+00:00,40.288046,-88.126527,80.72806000176946,484.0,10.226738647271688,rs2,2.5604834842082584,35.04013857759736,32.479655093389106,4,2.5604834842082584,53.851110467101975,51.29062698289372,80.2309515867141,negative_cross,toward_S4,4.009205711389914
6,cx30,2024-03-29 22:45:11+00:00,40.287975,-88.126526,88.62008514392272,485.0,7.892025142153258,rs2,7.657018506705088,36.07326823332736,28.416249726622272,4,7.657018506705088,61.7415964886662,54.08457798196111,80.2309515867141,negative_cross,toward_S4,4.1553543251334935
6,cx30,2024-03-29 22:45:12+00:00,40.287922,-88.126506,94.48185646705825,486.0,5.861771323135528,rs2,13.785296757421552,36.41655021676627,22.631253459344716,4,13.785296757421552,67.7287349299671,53.943438172545555,80.2309515867141,negative_cross,toward_S4,4.263905645932299
6,cx30,2024-03-29 22:45:13+00:00,40.287883,-88.12646,98.74737100505273,487.0,4.265514537994477,rs2,19.262175337845147,35.06787669012633,15.805701352281186,4,19.262175337845147,72.42075115810734,53.158575820262186,80.2309515867141,negative_cross,toward_S4,4.34289665589516
6,cx30,2024-03-29 22:45:14+00:00,40.287864,-88.126401,100.76945831388662,488.0,2.022087308833889,rs2,23.578486916481037,32.35333006779932,8.774843151318283,4,23.578486916481037,75.26774126682527,51.68925435034423,80.2309515867141,negative_cross,toward_S4,4.380342717169862
6,cx30,2024-03-29 22:45:15+00:00,40.287868,-88.126334,100.22223810637632,489.0,-0.5472202075102928,rs2,26.845060487420255,27.993403202289134,1.1483427148688783,4,26.845060487420255,76.07674519183924,49.23168470441898,80.2309515867141,negative_cross,toward_S1,4.370209009623375
6,cx30,2024-03-29 22:45:16+00:00,40.287889,-88.126269,97.78807181432624,490.0,-2.4341662920500795,rs1,22.721847450626925,29.581248096976516,6.859400646349592,4,22.721847450626925,73.18278307305982,50.4609356224329,80.2309515867141,positive_cross,toward_S1,4.325131856066892
6,cx30,2024-03-29 22:45:17+00:00,40.287935,-88.126221,92.60049541123136,491.0,-5.18757640309488,rs1,16.196875799615174,30.73217082843233,14.535295028817156,4,16.196875799615174,67.48138030946501,51.28450450984984,80.2309515867141,positive_cross,toward_S1,4.229065626379949
6,cx30,2024-03-29 22:45:18+00:00,40.287996,-88.126199,85.78504761844577,492.0,-6.815447792785591,rs1,9.790656949253501,30.688680404163,20.8980234549095,4,9.790656949253501,60.512028077759105,50.7213711285056,80.2309515867141,positive_cross,toward_S1,4.102853630217253
6,cx30,2024-03-29 22:45:19+00:00,40.288066,-88.126194,77.99501905235337,493.0,-7.790028566092403,rs1,6.8667762555088645,30.85879484997665,23.992018594467787,4,6.8667762555088645,52.73505816417431,45.868281908665445,80.2309515867141,positive_cross,toward_S1,3.958593841956283
6,cx30,2024-03-29 22:45:20+00:00,40.288143,-88.126188,69.42522260861293,494.0,-8.569796443740444,rs1,11.553841346833572,33.26975633195553,21.715914985121955,4,11.553841346833572,44.18251100874194,32.62866966190837,80.2309515867141,positive_cross,toward_S1,3.7998939078129412
6,cx30,2024-03-29 22:45:21+00:00,40.288229,-88.126183,59.856364704760814,495.0,-9.568857903852113,rs1,20.139992905319716,34.67081743076693,14.530824525447215,4,20.139992905319716,34.67081743076693,14.530824525447215,80.2309515867141,positive_cross,toward_S1,3.6226928355193837
6,cx30,2024-03-29 22:45:22+00:00,40.288325,-88.126178,49.17573846540132,496.0,-10.680626239359498,rs3,24.123620336599835,30.438433869907097,6.314813533307262,3,24.123620336599835,30.438433869907097,6.314813533307262,26.33125891160298,positive_cross,toward_S1,3.423045917662932
6,cx30,2024-03-29 22:45:23+00:00,40.288431,-88.126175,37.38640397550996,497.0,-11.78933448989136,rs3,12.836776601794355,34.65065220937954,21.81387560758518,3,12.836776601794355,42.06077300489334,29.223996403098987,26.33125891160298,positive_cross,toward_S1,3.20472490859087
6,cx30,2024-03-29 22:45:24+00:00,40.28855,-88.126175,24.156360777995605,498.0,-13.230043197514352,rs3,5.551034464352055,32.956483921466656,27.4054494571146,3,5.551034464352055,52.54702962080659,46.99599515645453,26.33125891160298,positive_cross,toward_S1,2.9597241086369004
6,cx30,2024-03-29 22:45:25+00:00,40.28868,-88.126175,9.703372410870188,499.0,-14.452988367125418,rs3,16.879585784696985,36.89801336513972,20.018427580442733,3,16.879585784696985,38.17336567397977,21.29377988928278,26.33125891160298,positive_cross,toward_S1,2.692076175912356
6,cx30,2024-03-29 22:45:26+00:00,40.288813,-88.126181,-5.0739661997335475,500.0,-14.777338610603735,rs6,23.687178364434345,31.357779414054576,7.670601049620231,2,23.687178364434345,31.357779414054576,7.670601049620231,-27.632700444717127,positive_cross,toward_S1,2.417754337870066
6,cx30,2024-03-29 22:45:27+00:00,40.288941,-88.126182,-19.30307085735961,501.0,-14.229104657626063,rs6,10.384939014536464,30.194575028977827,19.809636014441363,2,10.384939014536464,45.43427005371843,35.049331039181965,-27.632700444717127,positive_cross,toward_S1,2.15425239976588
6,cx30,2024-03-29 22:45:28+00:00,40.289067,-88.12618,-33.3144119761838,502.0,-14.011341118824188,rs6,7.409002505062897,29.771915109069266,22.362912604006368,2,7.409002505062897,46.38416864450915,38.97516613944626,-27.632700444717127,positive_cross,toward_S1,1.8947831197876543
6,cx30,2024-03-29 22:45:29+00:00,40.28919,-88.126179,-46.9906925506367,503.0,-13.676280574452903,rs6,19.570057162043856,32.79442653435512,13.224369372311262,2,19.570057162043856,32.79442653435512,13.224369372311262,-27.632700444717127,positive_cross,toward_S1,1.6415186647051931
6,cx30,2024-03-29 22:45:30+00:00,40.289298,-88.126177,-59.000850665073656,504.0,-12.010158114436955,rs8,20.939406333019225,31.285013414624725,10.3456070816055,1,20.939406333019225,31.285013414624725,10.3456070816055,-78.92951005359993,positive_cross,toward_S1,1.3690492479356717
6,cx30,2024-03-29 22:45:31+00:00,40.289389,-88.126177,-69.11794252190346,505.0,-10.117091856829802,rs8,11.272341560573834,27.392633315544927,16.120291754971092,1,11.272341560573834,41.30661432951852,30.034272768944682,-78.92951005359993,positive_cross,toward_S1,1.1816956950314161
6,cx30,2024-03-29 22:45:32+00:00,40.289474,-88.126178,-78.566443334399,506.0,-9.448500812495539,rs8,4.696236878466492,25.538516937824287,20.842280059357794,1,4.696236878466492,50.71184964826792,46.01561276980143,-78.92951005359993,positive_cross,toward_S1,1.0067234577629802
6,cx30,2024-03-29 22:45:33+00:00,40.289546,-88.126181,-86.56658522489049,507.0,-8.000141890491491,rs8,8.643277925375624,26.451309828643645,17.80803190326802,1,8.643277925375624,58.707506950666186,50.06422902529056,-78.92951005359993,positive_cross,toward_S1,0.8585726820131377
6,cx30,2024-03-29 22:45:34+00:00,40.289605,-88.126195,-93.10459780674132,508.0,-6.538012581850836,rs8,14.982337999377016,28.03794057398439,13.055602574607374,1,14.982337999377016,65.353674853606,50.37133685422898,-78.92951005359993,positive_cross,toward_S1,0.737498374941826
6,cx30,2024-03-29 22:45:35+00:00,40.289657,-88.126236,-98.82306139535538,509.0,-5.718463588614057,rs8,21.6950964335469,28.807845043012573,7.1127486094656724,1,21.6950964335469,71.51570227354541,49.820605839998514,-78.92951005359993,positive_cross,toward_S1,0.6316009010786027
6,cx30,2024-03-29 22:45:36+00:00,40.289693,-88.126293,-102.73821496100646,510.0,-3.9151535656510816,rs8,27.538841730440897,28.8278053532,1.288963622759102,1,27.538841730440897,76.27656962772244,48.737727897281545,-78.92951005359993,positive_cross,toward_S1,0.5590980572702493
6,cx30,2024-03-29 22:45:37+00:00,40.289698,-88.126367,-103.18087595635504,511.0,-0.44266099534857517,rs10,26.447145059188625,31.697135663825858,5.249990604637233,1,26.447145059188625,77.09807641749005,50.65093135830142,-78.92951005359993,negative_cross,ambiguous,0.550900631430461
6,cx30,2024-03-29 22:45:38+00:00,40.289664,-88.126432,-99.30141082729814,512.0,3.8794651290568964,rs10,21.276439430094477,33.09543661007344,11.818997179978965,1,21.276439430094477,72.57624192033565,51.29980249024117,-78.92951005359993,negative_cross,toward_S4,0.6227425782648479
6,cx30,2024-03-29 22:45:39+00:00,40.289614,-88.126467,-93.68901764672425,513.0,5.612393180573889,rs10,15.371864998327604,32.63499772747627,17.263132729148666,1,15.371864998327604,66.76842973865278,51.39656474032518,-78.92951005359993,negative_cross,toward_S4,0.7266757853125125
6,cx30,2024-03-29 22:45:40+00:00,40.289558,-88.12647,-87.45852483673956,514.0,6.230492809984696,rs10,9.141384015475484,30.586952112361413,21.44556809688593,1,9.141384015475484,60.53808398845399,51.39669997297851,-78.92951005359993,negative_cross,toward_S4,0.8420552817937106
6,cx30,2024-03-29 22:45:41+00:00,40.289498,-88.126456,-80.809335421575,515.0,6.649189415164557,rs10,3.121094164278564,28.258986457411375,25.13789229313281,1,3.121094164278564,54.0007669537912,50.87967278951263,-78.92951005359993,negative_cross,toward_S4,0.9651884191115727
6,cx30,2024-03-29 22:45:42+00:00,40.289434,-88.126448,-73.70625841434439,516.0,7.10307700723061,rs10,5.370703758304601,28.03156626197741,22.66086250367281,1,5.370703758304601,47.018235395323686,41.647531637019085,-78.92951005359993,negative_cross,toward_S4,1.096726882208436
6,cx30,2024-03-29 22:45:43+00:00,40.289362,-88.126442,-65.71070665246847,517.0,7.995551761875916,rs10,13.073404461450773,30.12132991330966,17.047925451858887,1,13.073404461450773,39.18924446732821,26.115840005877438,-78.92951005359993,negative_cross,toward_S4,1.2447926555765083
6,cx30,2024-03-29 22:45:44+00:00,40.289281,-88.126438,-56.711503303445156,518.0,8.999203349023318,rs10,21.97729318757759,30.4463553533256,8.46906216574801,1,21.97729318757759,30.4463553533256,8.46906216574801,-78.92951005359993,negative_cross,toward_S4,1.4114445694473106
6,cx30,2024-03-29 22:45:45+00:00,40.289192,-88.126437,-46.8182951561147,519.0,9.893208147330455,rs7,21.003039097155916,31.79968476433477,10.796645667178854,2,21.003039097155916,31.79968476433477,10.796645667178854,-27.632700444717127,negative_cross,toward_S4,1.644711209048193
6,cx30,2024-03-29 22:45:46+00:00,40.289097,-88.126443,-36.2473157071971,520.0,10.570979448917598,rs7,11.408563268806773,28.892524718080296,17.483961449273522,2,11.408563268806773,42.276382853130904,30.86781958432413,-27.632700444717127,negative_cross,toward_S4,1.8404700877318523
6,cx30,2024-03-29 22:45:47+00:00,40.289,-88.126453,-25.44786242014283,521.0,10.799453287054273,rs7,6.284088019964238,28.546529232050716,22.26244121208648,2,6.284088019964238,53.000786538435165,46.71669851847093,-27.632700444717127,negative_cross,toward_S4,2.0404599634180425
6,cx30,2024-03-29 22:45:48+00:00,40.288905,-88.126465,-14.867702713972339,522.0,10.580159706170491,rs7,13.25982709968713,32.147899019186454,18.888071919499325,2,13.25982709968713,42.58772858934343,29.3279014896563,-27.632700444717127,negative_cross,toward_S4,2.236388846865644
6,cx30,2024-03-29 22:45:49+00:00,40.28881,-88.126481,-4.2814228362926725,523.0,10.586279877679665,rs7,23.12839455822707,31.966924311620854,8.838529753393786,2,23.12839455822707,31.966924311620854,8.838529753393786,-27.632700444717127,negative_cross,toward_S4,2.432431066822675
6,cx30,2024-03-29 22:45:50+00:00,40.288716,-88.126501,6.1998003787924585,524.0,10.48122321508513,rs5,21.40068125524151,33.34868716948321,11.948005914241705,3,21.40068125524151,33.34868716948321,11.948005914241705,26.33125891160298,negative_cross,toward_S4,2.627195212355361
6,cx30,2024-03-29 22:45:51+00:00,40.288623,-88.126517,16.563726589054667,525.0,10.363926210262209,rs5,11.103461777745373,35.68169617374861,24.57823439600324,3,11.103461777745373,43.63848959016267,32.5350278124173,26.33125891160298,negative_cross,toward_S4,2.819119771804661
6,cx30,2024-03-29 22:45:52+00:00,40.28853,-88.126519,26.906232199045643,526.0,10.342505609990976,rs5,3.691282918610177,34.52066715219267,30.829384233582495,3,3.691282918610177,53.98001700474978,50.288734086139605,26.33125891160298,negative_cross,toward_S4,3.0106476534711604
6,cx30,2024-03-29 22:45:53+00:00,40.288435,-88.126519,37.46803139071035,527.0,10.561799191664708,rs5,11.129520952606311,36.29645150961628,25.16693055700997,3,11.129520952606311,44.05811413482314,32.92859318221683,26.33125891160298,negative_cross,toward_S4,3.2062365273908773
6,cx30,2024-03-29 22:45:54+00:00,40.288342,-88.126522,47.81206704357319,528.0,10.344035652862836,rs5,21.125147333374827,33.725802445228545,12.600655111853719,3,21.125147333374827,33.725802445228545,12.600655111853719,26.33125891160298,negative_cross,toward_S4,3.3977927431846333
6,cx30,2024-03-29 22:45:55+00:00,40.28825,-88.126526,58.04645590601587,529.0,10.234388862442685,rs2,23.507783523392266,31.23055601790345,7.722772494511183,4,23.507783523392266,31.23055601790345,7.722772494511183,80.2309515867141,negative_cross,toward_S4,3.5891760059129956
6,cx30,2024-03-29 22:45:56+00:00,40.288161,-88.126529,67.94578422406553,530.0,9.899328318049662,rs2,13.664344993911078,37.09089079065861,23.426545796747533,4,13.664344993911078,41.074241792695844,27.409896798784764,80.2309515867141,negative_cross,toward_S4,3.772496900691693
6,cx30,2024-03-29 22:45:57+00:00,40.288079,-88.12653,77.06381462157358,531.0,9.11803039750805,rs2,4.8802700765868385,35.37310991589549,30.49283983930865,4,4.8802700765868385,50.17217436876303,45.29190429217619,80.2309515867141,negative_cross,toward_S4,3.9413493154603607
6,cx30,2024-03-29 22:45:58+00:00,40.288007,-88.126528,85.06548655493694,532.0,8.001671933363355,rs2,4.3674716095663815,35.5237828935614,31.156311283995024,4,4.3674716095663815,58.17832305820584,53.81085144863946,80.2309515867141,negative_cross,toward_S4,4.08952842533746
6,cx30,2024-03-29 22:45:59+00:00,40.287949,-88.126516,91.49538238921772,533.0,6.429895834280785,rs2,10.667564386754298,36.09698347209927,25.429419085344968,4,10.667564386754298,64.67621008043908,54.00864569368478,80.2309515867141,negative_cross,toward_S4,4.208600570416734
6,cx30,2024-03-29 22:46:00+00:00,40.287906,-88.126477,96.21631456140364,534.0,4.720932172185911,rs2,16.335458339007513,34.996206065831366,18.660747726823853,4,16.335458339007513,69.71692925786256,53.381470918855044,80.2309515867141,negative_cross,toward_S4,4.296025240272028
6,cx30,2024-03-29 22:46:01+00:00,40.287881,-88.126427,98.91923325759015,535.0,2.702918696186515,rs2,20.79282140641215,32.892264196187234,12.099442789775086,4,20.79282140641215,73.02970942842573,52.23688802201359,80.2309515867141,negative_cross,toward_S4,4.346079290201408
6,cx30,2024-03-29 22:46:02+00:00,40.287879,-88.126366,99.04825430958513,536.0,0.12902105199498237,rs2,24.09185295019994,29.028870138715458,4.937017188515519,4,24.09185295019994,74.23784039535352,50.14598744515358,80.2309515867141,negative_cross,ambiguous,4.348468568942057
6,cx30,2024-03-29 22:46:03+00:00,40.287899,-88.126313,96.74362536456462,537.0,-2.304628945020511,rs1,24.254288214608554,25.904026295894788,1.649738081286234,4,24.254288214608554,72.87067524685688,48.616387032248326,80.2309515867141,positive_cross,toward_S1,4.30579025514538
6,cx30,2024-03-29 22:46:04+00:00,40.287932,-88.126275,93.0166482272603,538.0,-3.726977137304317,rs1,19.376026510115114,26.698989047198218,7.322962537083104,4,19.376026510115114,68.58596094610273,49.20993443598762,80.2309515867141,positive_cross,toward_S1,4.236772160010115
6,cx30,2024-03-29 22:46:05+00:00,40.287977,-88.126244,87.96625938634422,539.0,-5.050388840916085,rs1,14.06784500680281,27.388394280804015,13.320549274001205,4,14.06784500680281,63.173108181129436,49.10526317432662,80.2309515867141,positive_cross,toward_S1,4.143246440733891
6,cx30,2024-03-29 22:46:06+00:00,40.28803,-88.126217,82.03257604805745,540.0,-5.9336833382867695,rs1,9.178422487520699,28.79160722411869,19.61318473659799,4,9.178422487520699,56.97857972387,47.8001572363493,80.2309515867141,positive_cross,toward_S1,4.033363415950803
6,cx30,2024-03-29 22:46:07+00:00,40.288091,-88.12619,75.20947804089084,541.0,-6.823098007166607,rs1,7.534955493150484,31.577035622969944,24.04208012981946,4,7.534955493150484,49.93393036579798,42.39897487264749,80.2309515867141,positive_cross,toward_S1,3.9070097491514213
6,cx30,2024-03-29 22:46:08+00:00,40.28816,-88.126173,67.51226579439637,542.0,-7.697212246494473,rs1,12.628115420373412,35.14157602313538,22.513460602761967,4,12.628115420373412,42.13804377735528,29.509928356981867,80.2309515867141,positive_cross,toward_S1,3.7644687816237457
6,cx30,2024-03-29 22:46:09+00:00,40.288235,-88.126171,59.17094318879261,543.0,-8.341322605603757,rs1,20.51688390274141,33.84878321768468,13.331899314943268,4,20.51688390274141,33.84878321768468,13.331899314943268,80.2309515867141,positive_cross,toward_S1,3.6099998444829353
6,cx30,2024-03-29 22:46:10+00:00,40.288317,-88.12617,50.05291279128458,544.0,-9.118030397508036,rs3,24.84730490885834,29.4465124962738,4.59920758741546,3,24.84730490885834,29.4465124962738,4.59920758741546,26.33125891160298,positive_cross,toward_S1,3.43928988666077
6,cx30,2024-03-29 22:46:11+00:00,40.288407,-88.126168,40.043937682024804,545.0,-10.008975109259772,rs3,15.109068905551963,36.13350275569275,21.024433850140788,3,15.109068905551963,39.339527021584274,24.23045811603231,26.33125891160298,positive_cross,toward_S1,3.253938495748552
6,cx30,2024-03-29 22:46:12+00:00,40.288503,-88.126166,29.36790157128089,546.0,-10.676036110743915,rs3,5.857269133797536,33.76825018236349,27.91098104856595,3,5.857269133797536,49.94528137717389,44.088012243376355,26.33125891160298,positive_cross,toward_S1,3.0562341233273687
6,cx30,2024-03-29 22:46:13+00:00,40.288606,-88.126165,17.91515766786445,547.0,-11.45274390341644,rs3,8.982607984245613,34.78470260484663,25.802094620601018,3,8.982607984245613,46.267304220488626,37.284696236243015,26.33125891160298,positive_cross,toward_S1,2.8441462732641014
6,cx30,2024-03-29 22:46:14+00:00,40.288711,-88.126165,6.241590140692372,548.0,-11.673567527172077,rs3,19.973454609512796,34.64761233646696,14.674157726954167,3,19.973454609512796,34.64761233646696,14.674157726954167,26.33125891160298,positive_cross,toward_S1,2.6279690968349887
6,cx30,2024-03-29 22:46:15+00:00,40.288815,-88.126169,-5.314680381656782,549.0,-11.556270522349154,rs6,23.258381552725357,31.404106051706663,8.145724498981306,2,23.258381552725357,31.404106051706663,8.145724498981306,-27.632700444717127,positive_cross,toward_S1,2.4132966678344507
6,cx30,2024-03-29 22:46:16+00:00,40.288919,-88.126172,-16.872480946899536,550.0,-11.557800565242754,rs6,12.186201035638762,31.751280730569523,19.56507969493076,2,12.186201035638762,42.90075791004008,30.714556874401318,-27.632700444717127,positive_cross,toward_S1,2.199263324033659
6,cx30,2024-03-29 22:46:17+00:00,40.28902,-88.126175,-28.096751011389344,551.0,-11.224270064489808,rs6,4.870168088224378,29.640129381338717,24.76996129311434,2,4.870168088224378,51.54911524691741,46.678947158693035,-27.632700444717127,positive_cross,toward_S1,1.9914064709875516
6,cx30,2024-03-29 22:46:18+00:00,40.289119,-88.126174,-39.10478757997087,552.0,-11.008036568581524,rs6,11.965393365740889,31.880020675943975,19.914627310203088,2,11.965393365740889,40.57884315935148,28.61344979361059,-27.632700444717127,positive_cross,toward_S1,1.7875539419397455
6,cx30,2024-03-29 22:46:19+00:00,40.289214,-88.126172,-49.669646857401034,553.0,-10.564859277430166,rs6,22.02249694935393,30.068134243129936,8.045637293776007,2,22.02249694935393,30.068134243129936,8.045637293776007,-27.632700444717127,positive_cross,toward_S1,1.591908399765113
6,cx30,2024-03-29 22:46:20+00:00,40.289306,-88.126168,-59.904035719821984,554.0,-10.23438886242095,rs8,19.913139832784566,32.052751697349734,12.139611864565168,1,19.913139832784566,32.052751697349734,12.139611864565168,-78.92951005359993,positive_cross,toward_S1,1.3523235987736655
6,cx30,2024-03-29 22:46:21+00:00,40.289394,-88.126165,-69.6921872045579,555.0,-9.788151484735913,rs8,10.378138256775,28.16201553184071,17.78387727506571,1,10.378138256775,41.74830572498597,31.37016746821097,-78.92951005359993,positive_cross,toward_S1,1.1710615342415192
6,cx30,2024-03-29 22:46:22+00:00,40.289475,-88.126165,-78.69751072588032,556.0,-9.005323521322424,rs8,3.5929682746601284,26.6406758196453,23.047707544985172,1,3.5929682746601284,50.72316755511823,47.1301992804581,-78.92951005359993,positive_cross,toward_S1,1.0042962838466594
6,cx30,2024-03-29 22:46:23+00:00,40.289544,-88.126169,-86.36259207197884,557.0,-7.665081346098518,rs8,7.9182787568285695,27.363845956320183,19.445567199491613,1,7.9182787568285695,58.40115739328286,50.48287863645429,-78.92951005359993,positive_cross,toward_S1,0.8623503329929831
6,cx30,2024-03-29 22:46:24+00:00,40.289605,-88.126175,-93.1351986642437,558.0,-6.772606592264864,rs8,14.380256783529816,29.508920895419358,15.128664111889542,1,14.380256783529816,65.20503401277782,50.824777229248,-78.92951005359993,positive_cross,toward_S1,0.7369316923954856
6,cx30,2024-03-29 22:46:25+00:00,40.289656,-88.126197,-98.77155623419628,559.0,-5.63635756995258,rs8,20.351792374740796,31.189910011052316,10.83811763631152,1,20.351792374740796,71.01569240503227,50.66390003029147,-78.92951005359993,positive_cross,toward_S1,0.6325547003593268
6,cx30,2024-03-29 22:46:26+00:00,40.289692,-88.126247,-102.69742009997215,560.0,-3.9258638657758667,rs8,25.616872693493207,31.04986328104452,5.432990587551313,1,25.616872693493207,75.50206048299806,49.885187789504855,-78.92951005359993,positive_cross,toward_S1,0.5598535176597736
6,cx30,2024-03-29 22:46:27+00:00,40.289709,-88.126305,-104.49868378426044,561.0,-1.801263684288287,rs8,29.588279774927102,29.815769119637853,0.22748934471075088,1,29.588279774927102,78.22333458146615,48.635054806539046,-78.92951005359993,positive_cross,toward_S1,0.5264967827655461
6,cx30,2024-03-29 22:46:28+00:00,40.289704,-88.126363,-103.8540571293266,562.0,0.6446266549338304,rs10,27.19198124188406,31.989823100005005,4.797841858120943,1,27.19198124188406,77.81441221323752,50.62243097135345,-78.92951005359993,negative_cross,toward_S4,0.538434313412469
6,cx30,2024-03-29 22:46:29+00:00,40.289677,-88.126421,-100.76354013517063,563.0,3.0905169941559762,rs10,22.880782915078274,33.287187508438286,10.406404593360012,1,22.880782915078274,74.1184597517151,51.23767683663682,-78.92951005359993,negative_cross,toward_S4,0.5956661096005426
6,cx30,2024-03-29 22:46:30+00:00,40.289623,-88.126458,-94.70337953480806,564.0,6.060160600362565,rs10,16.436003136993847,32.427975791215225,15.991972654221378,1,16.436003136993847,67.82590291015173,51.38989977315788,-78.92951005359993,negative_cross,toward_S4,0.707891305903553
6,cx30,2024-03-29 22:46:31+00:00,40.289558,-88.12646,-87.47382526550162,565.0,7.229554269306448,rs10,9.250966785930535,29.772682248802912,20.52171546287238,1,9.250966785930535,60.60855293411876,51.357586148188226,-78.92951005359993,negative_cross,toward_S4,0.8417719405203391
6,cx30,2024-03-29 22:46:32+00:00,40.28949,-88.126457,-79.91839070982329,566.0,7.555434555678332,rs10,2.4236690369303506,28.301025976895122,25.87735693996477,1,2.4236690369303506,53.10699108396555,50.683322047035205,-78.92951005359993,negative_cross,toward_S4,0.9816873952551229
6,cx30,2024-03-29 22:46:33+00:00,40.289417,-88.126458,-71.80095181450886,567.0,8.117438895314422,rs10,6.8106529024794025,29.27236940650597,22.46171650402657,1,6.8106529024794025,45.032319128414315,38.22166622593491,-78.92951005359993,negative_cross,toward_S4,1.1320103377609456
6,cx30,2024-03-29 22:46:34+00:00,40.289344,-88.126462,-63.67892279055712,568.0,8.122029023951747,rs10,14.76362148948491,32.545556834397814,17.781935344912903,1,14.76362148948491,36.94021181860805,22.176590329123137,-78.92951005359993,negative_cross,toward_S4,1.282418282648941
6,cx30,2024-03-29 22:46:35+00:00,40.289272,-88.126467,-55.66654055704725,569.0,8.012382233509868,rs10,22.72411501157797,28.962722811224744,6.238607799646772,1,22.72411501157797,28.962722811224744,6.238607799646772,-78.92951005359993,negative_cross,toward_S4,1.4307957314176423
6,cx30,2024-03-29 22:46:36+00:00,40.289192,-88.126469,-46.7693337840848,570.0,8.897206772962448,rs7,20.205954729262427,31.610791642651787,11.40483691338936,2,20.205954729262427,31.610791642651787,11.40483691338936,-27.632700444717127,negative_cross,toward_S4,1.645617901122821
6,cx30,2024-03-29 22:46:37+00:00,40.289107,-88.126469,-37.31930292871741,571.0,9.450030855367388,rs7,11.226834478191053,31.33104068743413,20.104206209243074,2,11.226834478191053,41.06240893922226,29.835574461031207,-27.632700444717127,negative_cross,toward_S4,1.8206184725185133
6,cx30,2024-03-29 22:46:38+00:00,40.289017,-88.126466,-27.31797803383867,572.0,10.001324894878742,rs7,4.949936281789821,29.561579211756335,24.611642929966514,2,4.949936281789821,51.075923992828365,46.12598771103855,-27.632700444717127,negative_cross,toward_S4,2.0058281927940453
6,cx30,2024-03-29 22:46:39+00:00,40.288929,-88.126466,-17.534416677740076,573.0,9.783561356098595,rs7,10.798321626114099,31.25850972526538,20.46018809915128,2,10.798321626114099,45.19384554835072,34.39552392223662,-27.632700444717127,negative_cross,toward_S4,2.1870052549440193
6,cx30,2024-03-29 22:46:40+00:00,40.288842,-88.126478,-7.843671640427705,574.0,9.690745037312372,rs7,19.67172494772615,35.500788027904775,15.829063080178624,2,19.67172494772615,35.500788027904775,15.829063080178624,-27.632700444717127,negative_cross,toward_S4,2.3664634963757303
6,cx30,2024-03-29 22:46:41+00:00,40.288754,-88.126494,1.964370402454059,575.0,9.808042042881764,rs5,25.64855964872838,29.176915867339346,3.5283562186109663,3,25.64855964872838,29.176915867339346,3.5283562186109663,26.33125891160298,negative_cross,toward_S4,2.5487613239046496
6,cx30,2024-03-29 22:46:42+00:00,40.288665,-88.126511,11.885119320753214,576.0,9.920748918299156,rs5,15.702463904278252,36.75197337646189,21.049509472183637,3,15.702463904278252,38.97892451424236,23.276460609964104,26.33125891160298,negative_cross,toward_S4,2.732478896465745
6,cx30,2024-03-29 22:46:43+00:00,40.288576,-88.126524,21.799748068354898,577.0,9.914628747601684,rs5,6.126564743693026,35.220551785395735,29.093987041702707,3,6.126564743693026,48.861738921282765,42.73517417758974,26.33125891160298,negative_cross,toward_S4,2.916083132532443
6,cx30,2024-03-29 22:46:44+00:00,40.288487,-88.126532,31.706726600763847,578.0,9.90697853240895,rs5,5.379304331417771,36.031758614878015,30.652454283460244,3,5.379304331417771,49.771316783745995,44.392012452328224,26.33125891160298,negative_cross,toward_S4,3.0995456979474234
6,cx30,2024-03-29 22:46:45+00:00,40.288396,-88.126538,41.8329987156365,579.0,10.126272114872652,rs5,14.982490744444522,39.33935730111359,24.356866556669065,3,14.982490744444522,39.63745988043165,24.654969135987127,26.33125891160298,negative_cross,toward_S4,3.2870692556302505
6,cx30,2024-03-29 22:46:46+00:00,40.288302,-88.126537,52.28209103032564,580.0,10.449092314689139,rs5,25.385232794445045,29.197429903789963,3.8121971093449183,3,25.385232794445045,29.197429903789963,3.8121971093449183,26.33125891160298,negative_cross,toward_S4,3.480570965161531
6,cx30,2024-03-29 22:46:47+00:00,40.288212,-88.126536,62.28647601096984,581.0,10.004384980644204,rs2,19.217868316499473,35.374763796420275,16.156895479920802,4,19.217868316499473,35.374763796420275,16.156895479920802,80.2309515867141,negative_cross,toward_S4,3.6676948967454766
6,cx30,2024-03-29 22:46:48+00:00,40.288128,-88.126534,71.62226994727976,582.0,9.33579393630992,rs2,9.97682326960889,36.51394612151522,26.53712285190633,4,9.97682326960889,44.71168638021015,34.73486311060127,80.2309515867141,negative_cross,toward_S4,3.840579969640105
6,cx30,2024-03-29 22:46:49+00:00,40.288058,-88.126537,79.40923842760671,583.0,7.786968480326948,rs2,2.5843831235843386,35.87287199236539,33.28848886878105,4,2.5843831235843386,52.476715425440936,49.8923323018566,80.2309515867141,negative_cross,toward_S4,3.9847830896461596
6,cx30,2024-03-29 22:46:50+00:00,40.287999,-88.126539,85.97173169545071,584.0,6.562493267844005,rs2,4.774907365774181,36.58925865420628,31.8143512884321,4,4.774907365774181,59.028134899607714,54.25322753383353,80.2309515867141,negative_cross,toward_S4,4.106310742754382
6,cx30,2024-03-29 22:46:51+00:00,40.287941,-88.126539,92.41998804423727,585.0,6.448256348786558,rs2,11.095547992938027,38.23297691776817,27.137428924830143,4,11.095547992938027,65.47594422452758,54.38039623158956,80.2309515867141,negative_cross,toward_S4,4.22572289736154
6,cx30,2024-03-29 22:46:52+00:00,40.287893,-88.126519,97.72587519922413,586.0,5.305887154986863,rs2,16.63958796069917,38.820747681101054,22.181159720401883,4,16.63958796069917,70.88059547659722,54.24100751589805,80.2309515867141,negative_cross,toward_S4,4.323980066898334
6,cx30,2024-03-29 22:46:53+00:00,40.28786,-88.12647,101.31973860635065,587.0,3.59386340712652,rs2,21.30138020651736,37.21673522917956,15.915355022662201,4,21.30138020651736,74.86738837277893,53.56600816626157,80.2309515867141,negative_cross,toward_S4,4.3905330929562325
6,cx30,2024-03-29 22:46:54+00:00,40.287844,-88.126414,103.01288554306895,588.0,1.6931469367182927,rs2,24.902328633421636,34.661853055247065,9.759524421825429,4,24.902328633421636,77.26866264030744,52.36633400688581,80.2309515867141,negative_cross,toward_S4,4.421887665858423
6,cx30,2024-03-29 22:46:55+00:00,40.287847,-88.126353,102.58602242691526,589.0,-0.4268631161536831,rs2,27.51865241737078,30.81132464726783,3.2926722298970503,4,27.51865241737078,77.95435475694853,50.43570233957775,80.2309515867141,negative_cross,ambiguous,4.413982793337059
6,cx30,2024-03-29 22:46:56+00:00,40.287867,-88.126298,100.27833339696271,590.0,-2.307689029952556,rs1,26.147580904840936,29.143861929692036,2.9962810248511005,4,26.147580904840936,76.06190264602557,49.91432174118464,80.2309515867141,positive_cross,toward_S1,4.371247811300901
6,cx30,2024-03-29 22:46:57+00:00,40.287904,-88.126246,96.0852283245305,591.0,-4.193105072432203,rs1,20.242183665330007,30.343110299687435,10.100926634357428,4,20.242183665330007,71.20578217420484,50.96359850887484,80.2309515867141,positive_cross,toward_S1,4.29359771736697
6,cx30,2024-03-29 22:46:58+00:00,40.287958,-88.126218,90.0388381092682,592.0,-6.046390215262306,rs1,13.987395988018886,30.097376218220063,16.109980230201177,4,13.987395988018886,64.91247790128848,50.925081913269594,80.2309515867141,positive_cross,toward_S1,4.181627528195446
6,cx30,2024-03-29 22:46:59+00:00,40.288014,-88.126203,83.78998478556771,593.0,-6.248853323700487,rs1,8.847342860789439,30.09654674393927,21.249203883149832,4,8.847342860789439,58.56901511300119,49.721672252211754,80.2309515867141,positive_cross,toward_S1,4.0659080222009925
6,cx30,2024-03-29 22:47:00+00:00,40.288078,-88.126189,76.65324683504753,594.0,-7.136737950520185,rs1,6.813798055839033,31.433127813714762,24.61932975787573,4,6.813798055839033,51.356705668291454,44.542907612452424,80.2309515867141,positive_cross,toward_S1,3.933746208302471
6,cx30,2024-03-29 22:47:01+00:00,40.288149,-88.126178,68.74286117838845,595.0,-7.910385656659074,rs1,11.704345505152585,34.297852234877574,22.59350672972499,4,11.704345505152585,43.405110829698266,31.70076532454568,80.2309515867141,positive_cross,toward_S1,3.7872575850310066
6,cx30,2024-03-29 22:47:02+00:00,40.288225,-88.12617,60.28118148221808,596.0,-8.461679696170371,rs1,19.41663290558568,34.93727446389977,15.52064155831409,4,19.41663290558568,34.93727446389977,15.52064155831409,80.2309515867141,positive_cross,toward_S1,3.6305598128797034
6,cx30,2024-03-29 22:47:03+00:00,40.288307,-88.126167,51.160090998154615,597.0,-9.121090484063465,rs3,25.891704623773848,28.307888798739437,2.41618417496559,3,25.891704623773848,28.307888798739437,2.41618417496559,26.33125891160298,positive_cross,toward_S1,3.4597931867879934
6,cx30,2024-03-29 22:47:04+00:00,40.288392,-88.126162,41.7024099284062,598.0,-9.457681069748418,rs3,16.564526631134733,37.258254375522995,20.693727744388262,3,16.564526631134733,37.62462815720005,21.060101526065317,26.33125891160298,positive_cross,toward_S1,3.284650944755615
6,cx30,2024-03-29 22:47:05+00:00,40.288481,-88.126159,31.803081610378282,599.0,-9.899328318027916,rs3,7.293102800779827,34.654930397858145,27.361827597078317,3,7.293102800779827,47.457025359926305,40.16392255914648,26.33125891160298,positive_cross,toward_S1,3.1013300499773204
6,cx30,2024-03-29 22:47:06+00:00,40.288577,-88.126159,21.130105585399814,600.0,-10.672976024978468,rs3,6.046676758838378,34.64119542454868,28.5945186657103,3,6.046676758838378,49.44268500929977,43.39600825046139,26.33125891160298,positive_cross,toward_S1,2.9036823458110526
6,cx30,2024-03-29 22:47:07+00:00,40.288679,-88.126161,9.793128643912702,601.0,-11.336976941487112,rs3,16.435423516349417,37.91124587340884,21.47582235705942,3,16.435423516349417,38.1507844649338,21.715360948584383,26.33125891160298,positive_cross,toward_S1,2.693738328376106
6,cx30,2024-03-29 22:47:08+00:00,40.288772,-88.12616,-0.5478469232064154,602.0,-10.340975567119118,rs3,26.560853682849288,27.861831199012215,1.3009775161629271,3,26.560853682849288,27.861831199012215,1.3009775161629271,26.33125891160298,positive_cross,toward_S1,2.502238780836863
6,cx30,2024-03-29 22:47:09+00:00,40.288864,-88.126161,-10.77458557047811,603.0,-10.226738647271693,rs6,17.78123318167681,35.11807101480119,17.336837833124378,2,17.78123318167681,36.71643041089653,18.935197229219717,-27.632700444717127,positive_cross,toward_S1,2.3121873124859076
6,cx30,2024-03-29 22:47:10+00:00,40.288958,-88.126161,-21.225207928829075,604.0,-10.450622358350966,rs6,7.856796294067759,31.475326933681366,23.618530639613606,2,7.856796294067759,47.1197711971845,39.26297490311674,-27.632700444717127,positive_cross,toward_S1,2.1186572688127416
6,cx30,2024-03-29 22:47:11+00:00,40.289051,-88.126161,-31.564653453076332,605.0,-10.339445524247257,rs6,5.014214680302833,31.07802169176241,26.063807011459577,2,5.014214680302833,48.021257599391994,43.00704291908916,-27.632700444717127,positive_cross,toward_S1,1.9271860554007554
6,cx30,2024-03-29 22:47:12+00:00,40.289143,-88.126161,-41.79292214400984,606.0,-10.228268690933511,rs6,14.124743219364106,33.93843553947201,19.813692320107904,2,14.124743219364106,37.816842681612904,23.692099462248798,-27.632700444717127,positive_cross,toward_S1,1.73777367223532
6,cx30,2024-03-29 22:47:13+00:00,40.289234,-88.126158,-51.91460412945521,607.0,-10.12168198544537,rs6,24.003931323556927,27.715982889128714,3.7120515655717874,2,24.003931323556927,27.715982889128714,3.7120515655717874,-27.632700444717127,positive_cross,toward_S1,1.5503351169492947
6,cx30,2024-03-29 22:47:14+00:00,40.289325,-88.126157,-62.03322602915688,608.0,-10.118621899701665,rs8,17.669005049694512,32.07473007449533,14.405725024800816,1,17.669005049694512,34.044055976589185,16.375050926894673,-78.92951005359993,positive_cross,toward_S1,1.3128941486007972
6,cx30,2024-03-29 22:47:15+00:00,40.289409,-88.126155,-71.37514013697599,609.0,-9.341914107819107,rs8,8.524260642495967,28.483966622173227,19.95970597967726,1,8.524260642495967,43.33887397969133,34.81461333719536,-78.92951005359993,positive_cross,toward_S1,1.1398957391967397
6,cx30,2024-03-29 22:47:16+00:00,40.28948,-88.126155,-79.26869532200111,610.0,-7.8935551850251215,rs8,2.6715516602426885,27.492236478457478,24.82068481821479,1,2.6715516602426885,51.21801291380241,48.54646125355972,-78.92951005359993,positive_cross,toward_S1,0.993718791325904
6,cx30,2024-03-29 22:47:17+00:00,40.289546,-88.126158,-86.60177621103018,611.0,-7.333080889029077,rs8,7.71414656321589,28.322288245085357,20.608141681869466,1,7.71414656321589,58.560962822069676,50.846816258853785,-78.92951005359993,positive_cross,toward_S1,0.8579209970846249
6,cx30,2024-03-29 22:47:18+00:00,40.289606,-88.126163,-93.26473601206322,612.0,-6.66295980103304,rs8,14.212998824577447,30.45541603652878,16.242417211951334,1,14.212998824577447,65.24793982265646,51.034940998079016,-78.92951005359993,positive_cross,toward_S1,0.7345328526210501
6,cx30,2024-03-29 22:47:19+00:00,40.289653,-88.126192,-98.44567594784611,613.0,-5.180939935782888,rs8,19.906602586822288,31.305702501528124,11.399099914705836,1,19.906602586822288,70.64435794939425,50.73775536257196,-78.92951005359993,positive_cross,toward_S1,0.6385895204769225
6,cx30,2024-03-29 22:47:20+00:00,40.289685,-88.126242,-101.92683247878703,614.0,-3.481156530940922,rs8,24.733005355344712,30.72761636443355,5.994611009088839,1,24.733005355344712,74.67069659269657,49.937691237351856,-78.92951005359993,positive_cross,toward_S1,0.5741236587928313
6,cx30,2024-03-29 22:47:21+00:00,40.289695,-88.126303,-102.94526819968361,615.0,-1.0184357208965764,rs8,28.177929041271284,28.56165073689085,0.3837216956195668,1,28.177929041271284,76.6643292513894,48.48640021011812,-78.92951005359993,positive_cross,toward_S1,0.5552637380354873
6,cx30,2024-03-29 22:47:22+00:00,40.289683,-88.126366,-101.5147534947809,616.0,1.4305147049027056,rs10,24.929879417697453,30.393337095989096,5.463457678291643,1,24.929879417697453,75.4704719675371,50.540592549839644,-78.92951005359993,negative_cross,toward_S4,0.5817547510892411
6,cx30,2024-03-29 22:47:23+00:00,40.289646,-88.12642,-97.31858833662676,617.0,4.196165158154145,rs10,19.54908720467069,31.079402971231836,11.530315766561145,1,19.54908720467069,70.70637718396587,51.15728997929518,-78.92951005359993,negative_cross,toward_S4,0.6594615132772809
6,cx30,2024-03-29 22:47:24+00:00,40.289589,-88.126444,-90.94478779291059,618.0,6.373800543716172,rs10,12.903774433303283,29.683396682947645,16.779622249644362,1,12.903774433303283,64.17321339676587,51.26943896346259,-78.92951005359993,negative_cross,toward_S4,0.7774948566794322
6,cx30,2024-03-29 22:47:25+00:00,40.289529,-88.126446,-84.27111769175283,619.0,6.673670101157754,rs10,6.516039214874028,27.852305749089563,21.336266534215536,1,6.516039214874028,57.521865718405046,51.00582650353102,-78.92951005359993,negative_cross,toward_S4,0.9010813400342054
6,cx30,2024-03-29 22:47:26+00:00,40.289464,-88.126444,-77.04768359393384,620.0,7.223434097818995,rs10,3.2602208498953975,27.255387280598875,23.995166430703478,1,3.2602208498953975,50.37012363838841,47.10990278849301,-78.92951005359993,negative_cross,toward_S4,1.0348486381419646
6,cx30,2024-03-29 22:47:27+00:00,40.289399,-88.126448,-69.8150692388837,621.0,7.232614355050146,rs10,8.969811761721308,29.02272055452785,20.05290879280654,1,8.969811761721308,43.16571454748031,34.195902785759,-78.92951005359993,negative_cross,toward_S4,1.1687859410132635
6,cx30,2024-03-29 22:47:28+00:00,40.28933,-88.12645,-62.14080763472061,622.0,7.674261604163085,rs10,16.435378121380428,32.43373872117976,15.99836059979933,1,16.435378121380428,35.566035531575395,19.130657410194967,-78.92951005359993,negative_cross,toward_S4,1.3109018966459134
6,cx30,2024-03-29 22:47:29+00:00,40.289262,-88.126451,-54.57925290755484,623.0,7.56155472716577,rs10,23.931757546438142,28.1354516366777,4.2036940902395585,1,23.931757546438142,28.1354516366777,4.2036940902395585,-78.92951005359993,negative_cross,toward_S4,1.450930687889724
6,cx30,2024-03-29 22:47:30+00:00,40.289193,-88.126451,-46.90805138915722,624.0,7.671201518397616,rs7,20.72021956025498,31.577661649452576,10.857442089197598,2,20.72021956025498,31.577661649452576,10.857442089197598,-27.632700444717127,negative_cross,toward_S4,1.6430490565844427
6,cx30,2024-03-29 22:47:31+00:00,40.289125,-88.126452,-39.346496661991445,625.0,7.5615547271657775,rs7,13.656672197002601,30.664138136924645,17.007465939922042,2,13.656672197002601,39.11869788094601,25.46202568394341,-27.632700444717127,negative_cross,toward_S4,1.7830778478282534
6,cx30,2024-03-29 22:47:32+00:00,40.289058,-88.126454,-31.894588725267564,626.0,7.451907936723881,rs7,7.6243639558886525,28.84581488903895,21.2214509331503,2,7.6243639558886525,46.552079902687524,38.92771594679887,-27.632700444717127,negative_cross,toward_S4,1.9210761429527696
6,cx30,2024-03-29 22:47:33+00:00,40.288987,-88.126458,-23.994913368733275,627.0,7.8996753565342885,rs7,6.445883348492913,29.118377792174343,22.67249444368143,2,6.445883348492913,51.663621901442326,45.21773855294941,-27.632700444717127,negative_cross,toward_S4,2.067366427333034
6,cx30,2024-03-29 22:47:34+00:00,40.288918,-88.126468,-16.308411422363545,628.0,7.686501946369731,rs7,11.82958092412148,31.835954824477547,20.006373900356067,2,11.82958092412148,43.959894059179895,32.130313135058415,-27.632700444717127,negative_cross,toward_S4,2.209709055969511
6,cx30,2024-03-29 22:47:35+00:00,40.288849,-88.126478,-8.621909475203864,629.0,7.68650194715968,rs7,18.909460811521924,36.033531384105856,17.124070572583932,2,18.909460811521924,36.263671809307766,17.35421099778584,-27.632700444717127,negative_cross,toward_S4,2.352051684620616
6,cx30,2024-03-29 22:47:36+00:00,40.288781,-88.126492,-1.040464190660456,630.0,7.581445284543408,rs7,26.204022840684722,28.616646928434086,2.4126240877493643,2,26.204022840684722,28.616646928434086,2.4126240877493643,-27.632700444717127,negative_cross,toward_S4,2.492448819519568
6,cx30,2024-03-29 22:47:37+00:00,40.28871,-88.126502,6.8683914231267265,631.0,7.908855613787182,rs5,20.732933106893643,34.010069378033506,13.277136271139863,3,20.732933106893643,34.010069378033506,13.277136271139863,26.33125891160298,negative_cross,toward_S4,2.6395765279911805
6,cx30,2024-03-29 22:47:38+00:00,40.288639,-88.126515,14.781837165529481,632.0,7.913445742402755,rs5,12.839288253150706,36.04393325920559,23.204645006054882,3,12.839288253150706,41.86190950420008,29.022621251049372,26.33125891160298,negative_cross,toward_S4,2.7861218195171573
6,cx30,2024-03-29 22:47:39+00:00,40.288568,-88.126527,22.693752865850332,633.0,7.911915700320851,rs5,5.244471561526671,35.372475890712884,30.12800432918621,3,5.244471561526671,49.75207040750665,44.50759884597998,26.33125891160298,negative_cross,toward_S4,2.9326387769305065
6,cx30,2024-03-29 22:47:40+00:00,40.288492,-88.126535,31.155432562042467,634.0,8.461679696192135,rs5,4.769512456572032,36.20401813932064,31.434505682748608,3,4.769512456572032,50.317285588309254,45.54777313173722,26.33125891160298,negative_cross,toward_S4,3.089336549082213
6,cx30,2024-03-29 22:47:41+00:00,40.288416,-88.126543,39.61711225821284,635.0,8.461679696170375,rs5,12.721110418111236,38.911239491427715,26.190129073316477,3,12.721110418111236,41.84699004680985,29.125879628698613,26.33125891160298,negative_cross,toward_S4,3.246034321233516
6,cx30,2024-03-29 22:47:42+00:00,40.288337,-88.126543,48.40008211211783,636.0,8.782969853904987,rs5,21.463806181148755,33.0640324520533,11.600226270904543,3,21.463806181148755,33.0640324520533,11.600226270904543,26.33125891160298,negative_cross,toward_S4,3.4086819111206452
6,cx30,2024-03-29 22:47:43+00:00,40.288256,-88.12654,57.4008155048247,637.0,9.00073339270687,rs2,24.07479623406807,30.469142177501737,6.394345943433667,4,24.07479623406807,30.469142177501737,6.394345943433667,80.2309515867141,negative_cross,toward_S4,3.577219702187233
6,cx30,2024-03-29 22:47:44+00:00,40.288171,-88.126536,66.84472618868293,638.0,9.443910683858228,rs2,14.681156928286871,38.01553231517654,23.334375386889672,4,14.681156928286871,39.926875697767436,25.245718769480565,80.2309515867141,negative_cross,toward_S4,3.752106937073497
6,cx30,2024-03-29 22:47:45+00:00,40.288089,-88.126534,75.95816645757539,639.0,9.113440268892461,rs2,5.774136851895546,35.80948246488872,30.035345612993172,4,5.774136851895546,49.04372673469749,43.269589882801945,80.2309515867141,negative_cross,toward_S4,3.9208743494603944
6,cx30,2024-03-29 22:47:46+00:00,40.288015,-88.126534,84.18525214333171,640.0,8.227085685756322,rs2,3.344568355088429,35.90396839923864,32.559400044150216,4,3.344568355088429,57.26590402166034,53.92133566657191,80.2309515867141,negative_cross,toward_S4,4.073227788085512
6,cx30,2024-03-29 22:47:47+00:00,40.287953,-88.12653,91.07209565465405,641.0,6.88684351132234,rs2,9.915992460294223,37.081351805480296,27.165359345186072,4,9.915992460294223,64.17013486035161,54.25414240005739,80.2309515867141,negative_cross,toward_S4,4.2007619271840735
6,cx30,2024-03-29 22:47:48+00:00,40.2879,-88.126497,96.91397642039018,642.0,5.841880765736136,rs2,16.348521307695922,36.80689528441535,20.458373976719425,4,16.348521307695922,70.22608868327679,53.87756737558087,80.2309515867141,negative_cross,toward_S4,4.308944904327335
6,cx30,2024-03-29 22:47:49+00:00,40.287866,-88.126448,100.61901666162044,643.0,3.7050402412302503,rs2,21.406584065500105,35.31668382342831,13.910099757928208,4,21.406584065500105,74.4243020116804,53.01771794618029,80.2309515867141,negative_cross,toward_S4,4.377556760646414
6,cx30,2024-03-29 22:47:50+00:00,40.287851,-88.126385,102.19027646411023,644.0,1.5712598024897915,rs2,25.537915171034406,32.346062904085755,6.808147733051349,4,25.537915171034406,76.9441124391979,51.40619726816349,80.2309515867141,negative_cross,toward_S4,4.406654164396224
6,cx30,2024-03-29 22:47:51+00:00,40.287863,-88.12632,100.75670167427549,645.0,-1.4335747898347364,rs1,27.645422175531344,28.078634933375202,0.43321275784385804,4,27.645422175531344,76.90354295595743,49.25812078042609,80.2309515867141,positive_cross,toward_S1,4.380106483102988
6,cx30,2024-03-29 22:47:52+00:00,40.287886,-88.126267,98.11854222931375,646.0,-2.638159444961744,rs1,22.898448941408354,29.91083620079357,7.012387259385218,4,22.898448941408354,73.48040830793038,50.58195936652202,80.2309515867141,positive_cross,toward_S1,4.331251678566661
6,cx30,2024-03-29 22:47:53+00:00,40.28793,-88.126227,93.16555983584296,647.0,-4.952982393470791,rs1,16.942991342090654,30.480579914126174,13.53758857203552,4,16.942991342090654,68.10326647111715,51.1602751290265,80.2309515867141,positive_cross,toward_S1,4.239529782391275
6,cx30,2024-03-29 22:47:54+00:00,40.287986,-88.126211,86.91517646924885,648.0,-6.250383366594107,rs1,11.293907953344965,29.887072418441324,18.593164465096358,4,11.293907953344965,61.746133885368266,50.4522259320233,80.2309515867141,positive_cross,toward_S1,4.123781942269162
6,cx30,2024-03-29 22:47:55+00:00,40.288047,-88.126206,80.12573940535006,649.0,-6.789437063898788,rs1,7.848543505310585,29.714316978609258,21.865773473298674,4,7.848543505310585,54.96883053008046,47.12028702476987,80.2309515867141,positive_cross,toward_S1,3.998051626271036
6,cx30,2024-03-29 22:47:56+00:00,40.288115,-88.126195,72.54888424942223,650.0,-7.576855155927831,rs1,9.5131348891925,31.75539959233351,22.24226470314101,4,9.5131348891925,47.350318142876986,37.837183253684486,80.2309515867141,positive_cross,toward_S1,3.8577394937538543
6,cx30,2024-03-29 22:47:57+00:00,40.28819,-88.126185,64.19532130082187,651.0,-8.353562948600356,rs1,16.100251188444663,35.637939329126745,19.537688140682082,4,16.100251188444663,38.97682469197316,22.876573503528494,80.2309515867141,positive_cross,toward_S1,3.7030438835945882
6,cx30,2024-03-29 22:47:58+00:00,40.288274,-88.126177,54.844226935749894,652.0,-9.35109436507198,rs1,24.858447921210455,29.655384395105028,4.796936473894572,4,24.858447921210455,29.655384395105028,4.796936473894572,80.2309515867141,positive_cross,toward_S1,3.529875469426589
6,cx30,2024-03-29 22:47:59+00:00,40.288362,-88.126174,45.056075451035724,653.0,-9.78815148471417,rs3,20.051080418022753,34.4443517501169,14.393271332094148,3,20.051080418022753,34.4443517501169,14.393271332094148,26.33125891160298,positive_cross,toward_S1,3.346755861841347
6,cx30,2024-03-29 22:48:00+00:00,40.288452,-88.126171,35.04557029888235,654.0,-10.010505152153371,rs3,10.591498804185644,34.3136291772477,23.722130373062054,3,10.591498804185644,44.34165154288354,33.75015273869789,26.33125891160298,positive_cross,toward_S1,3.16137613680147
6,cx30,2024-03-29 22:48:01+00:00,40.288548,-88.126171,24.372594273903893,655.0,-10.67297602497846,rs3,5.16424156396039,33.28047580820528,28.116234244244893,3,5.16424156396039,52.73829112697707,47.57404956301668,26.33125891160298,positive_cross,toward_S1,2.963728432635202
6,cx30,2024-03-29 22:48:02+00:00,40.288645,-88.126168,13.583851286206146,656.0,-10.788742987697747,rs3,13.01524105382935,35.85532548667112,22.84008443284177,3,13.01524105382935,41.972755194613164,28.957514140783815,26.33125891160298,positive_cross,toward_S1,2.7639368958259847
6,cx30,2024-03-29 22:48:03+00:00,40.288744,-88.126166,2.5742846747310217,657.0,-11.009566611475124,rs3,23.581074501016985,31.015997395528718,7.4349228945117325,3,23.581074501016985,31.015997395528718,7.4349228945117325,26.33125891160298,positive_cross,toward_S1,2.560056032650519
6,cx30,2024-03-29 22:48:04+00:00,40.288845,-88.126165,-8.65610556126796,658.0,-11.230390235998982,rs6,19.919282593640187,34.6596571749496,14.740374581309414,2,19.919282593640187,34.6596571749496,14.740374581309414,-27.632700444717127,positive_cross,toward_S1,2.3514184237675773
6,cx30,2024-03-29 22:48:05+00:00,40.288948,-88.126165,-20.107319421022577,659.0,-11.451213859754617,rs6,9.001120726230939,31.389569831658164,22.388449105427227,2,9.001120726230939,46.04369233047137,37.042571604240436,-27.632700444717127,positive_cross,toward_S1,2.139358907846195
6,cx30,2024-03-29 22:48:06+00:00,40.289053,-88.126168,-31.776296820347298,660.0,-11.66897739932472,rs6,5.606465876843011,30.51885354953121,24.9123876726882,2,5.606465876843011,47.84238852901016,42.23592265216715,-27.632700444717127,positive_cross,toward_S1,1.9232667337846265
6,cx30,2024-03-29 22:48:07+00:00,40.289159,-88.126168,-43.56104118083312,661.0,-11.784744360485824,rs6,15.99802716813177,34.1947259074545,18.196698739322727,2,15.99802716813177,36.100937005854334,20.102909837722564,-27.632700444717127,positive_cross,toward_S1,1.705030727108963
6,cx30,2024-03-29 22:48:08+00:00,40.289265,-88.12617,-55.34272545636519,662.0,-11.781684275532065,rs8,24.43309628386976,27.5668112491649,3.133714965295141,1,24.43309628386976,27.5668112491649,3.133714965295141,-78.92951005359993,positive_cross,toward_S1,1.4367923073561988
6,cx30,2024-03-29 22:48:09+00:00,40.289361,-88.126168,-66.01876156708738,663.0,-10.676036110722194,rs8,13.954215179982315,29.32763787779463,15.373422697812314,1,13.954215179982315,38.12425468162407,24.17003950164176,-78.92951005359993,positive_cross,toward_S1,1.2390879349354176
6,cx30,2024-03-29 22:48:10+00:00,40.289447,-88.126167,-75.58149929945208,664.0,-9.562737732364695,rs8,5.342314605189249,26.667863842628126,21.325549237438878,1,5.342314605189249,47.633904091363796,42.291589486174544,-78.92951005359993,positive_cross,toward_S1,1.062000199150886
6,cx30,2024-03-29 22:48:11+00:00,40.289516,-88.126165,-83.25576090280344,665.0,-7.674261603351368,rs8,5.177579661773861,27.007507113528842,21.82992745175498,1,5.177579661773861,55.27027472925207,50.09269506747821,-78.92951005359993,positive_cross,toward_S1,0.9198842435332681
6,cx30,2024-03-29 22:48:12+00:00,40.289579,-88.12617,-90.25225120535761,666.0,-6.9964903025541645,rs8,11.505624724553169,28.60558817550199,17.09996345094882,1,11.505624724553169,62.289887235187386,50.78426251063422,-78.92951005359993,positive_cross,toward_S1,0.7903196083007836
6,cx30,2024-03-29 22:48:13+00:00,40.289634,-88.126215,-96.29812512321547,667.0,-6.045873917857861,rs8,18.620210394212542,28.46275970049696,9.842549306284418,1,18.620210394212542,68.74695003919813,50.126739644985584,-78.92951005359993,positive_cross,toward_S1,0.6783589801923047
6,cx30,2024-03-29 22:48:14+00:00,40.289665,-88.126272,-99.65739452071792,668.0,-3.3592693975024446,rs8,23.952664949348648,27.383957580778254,3.4312926314296064,1,23.952664949348648,72.8833903005816,48.93072535123295,-78.92951005359993,positive_cross,toward_S1,0.6161502876459632
6,cx30,2024-03-29 22:48:15+00:00,40.289673,-88.126331,-100.45653665994075,669.0,-0.7991421392228375,rs10,25.244775165339608,27.60234765517685,2.357572489837242,1,25.244775165339608,74.81026167788438,49.56548651254478,-78.92951005359993,negative_cross,toward_S1,0.6013513591418366
6,cx30,2024-03-29 22:48:16+00:00,40.289654,-88.126391,-98.2523742488992,670.0,2.204162411041551,rs10,21.14886338538543,29.6905991682382,8.541735782852772,1,21.14886338538543,71.93485422199926,50.785990836613834,-78.92951005359993,negative_cross,toward_S4,0.642169181568532
6,cx30,2024-03-29 22:48:17+00:00,40.289614,-88.126431,-93.74409919026333,671.0,4.508275058635874,rs10,15.86953830130508,29.939922902446327,14.070384601141246,1,15.86953830130508,67.06004016464873,51.19050186334364,-78.92951005359993,negative_cross,toward_S4,0.7256557567284556
6,cx30,2024-03-29 22:48:18+00:00,40.289556,-88.126448,-87.26983211258995,672.0,6.474267077673375,rs10,9.268005725632138,28.733479087257237,19.4654733616251,1,9.268005725632138,60.4874811574658,51.219475431833665,-78.92951005359993,negative_cross,toward_S4,0.8455495915001847
6,cx30,2024-03-29 22:48:19+00:00,40.289493,-88.126452,-80.25957142493552,673.0,7.010260687654437,rs10,2.963246590498542,27.88995004731076,24.926703456812216,1,2.963246590498542,53.48573764568095,50.52249105518241,-78.92951005359993,negative_cross,toward_S4,0.9753692338641557
6,cx30,2024-03-29 22:48:20+00:00,40.289429,-88.126452,-73.14425407468656,674.0,7.115317350248958,rs10,5.717699063552151,28.474328718251915,22.756629654699765,1,5.717699063552151,46.4214012241607,40.70370216060854,-78.92951005359993,negative_cross,toward_S4,1.1071343699798772
6,cx30,2024-03-29 22:48:21+00:00,40.289354,-88.126455,-64.80140142697917,675.0,8.342852647707389,rs10,13.732536346220718,31.505643709986852,17.773107363766137,1,13.732536346220718,38.12841862134178,24.39588227512106,-78.92951005359993,negative_cross,toward_S4,1.2616316412337176
6,cx30,2024-03-29 22:48:22+00:00,40.289271,-88.126456,-55.57219419536742,676.0,9.229207231611745,rs10,22.89583023245451,29.0249090768496,6.129078844395089,1,22.89583023245451,29.0249090768496,6.129078844395089,-78.92951005359993,negative_cross,toward_S4,1.432542886263565
6,cx30,2024-03-29 22:48:23+00:00,40.289181,-88.126455,-45.56780921472322,677.0,10.004384980644204,rs7,19.34533468694911,32.885992665179344,13.540657978230236,2,19.34533468694911,32.885992665179344,13.540657978230236,-27.632700444717127,negative_cross,toward_S4,1.6678683561109984
6,cx30,2024-03-29 22:48:24+00:00,40.289084,-88.126455,-34.78365635643102,678.0,10.784152858292202,rs7,9.641486725011902,29.4869848034398,19.845498078427898,2,9.641486725011902,43.65935793779555,34.017871212783646,-27.632700444717127,negative_cross,toward_S4,1.8675748905238168
6,cx30,2024-03-29 22:48:25+00:00,40.28898,-88.126454,-23.22279570546629,679.0,11.560860650964727,rs7,7.140745958783535,28.892626541477807,21.75188058269427,2,7.140745958783535,50.956977035950835,43.8162310771673,-27.632700444717127,negative_cross,toward_S4,2.0816649025787193
6,cx30,2024-03-29 22:48:26+00:00,40.288872,-88.126457,-11.211107548135734,680.0,12.011688157330555,rs7,16.93063426130626,33.190882886986444,16.260248625680184,2,16.93063426130626,39.14329493029742,22.212660668991163,-27.632700444717127,negative_cross,toward_S4,2.3041035721589145
6,cx30,2024-03-29 22:48:27+00:00,40.288766,-88.126468,0.5904672839840113,681.0,11.801574832119746,rs5,27.510414591490708,28.137140410372673,0.6267258188819653,3,27.510414591490708,28.137140410372673,0.6267258188819653,26.33125891160298,negative_cross,toward_S4,2.5233186735626116
6,cx30,2024-03-29 22:48:28+00:00,40.288662,-88.126485,12.17886870672915,682.0,11.588401422745138,rs5,16.147963104849218,34.59527464158989,18.44731153674067,3,16.147963104849218,39.437473244077125,23.289510139227907,26.33125891160298,negative_cross,toward_S4,2.737918699909744
6,cx30,2024-03-29 22:48:29+00:00,40.288564,-88.126506,23.10632929952105,683.0,10.9274605927919,rs5,6.147309183441203,33.55607905341451,27.408769869973305,3,6.147309183441203,50.22045475562447,44.07314557218327,26.33125891160298,negative_cross,toward_S4,2.940279081257742
6,cx30,2024-03-29 22:48:30+00:00,40.28847,-88.126519,33.57684221524965,684.0,10.470512915728598,rs5,7.567795289930365,35.28627964272543,27.718484352795066,3,7.567795289930365,47.941894849989794,40.37409956005943,26.33125891160298,negative_cross,toward_S4,3.1341774685860493
6,cx30,2024-03-29 22:48:31+00:00,40.288379,-88.126524,43.70158428646049,685.0,10.12474207121084,rs5,17.04437083505824,37.81505421678686,20.770683381728624,3,17.04437083505824,37.81505421678686,20.770683381728624,26.33125891160298,negative_cross,toward_S4,3.321672692126991
6,cx30,2024-03-29 22:48:32+00:00,40.288292,-88.126527,53.37855893786091,686.0,9.676974651400421,rs5,26.576359138464937,28.14864728913594,1.5722881506710031,3,26.576359138464937,28.14864728913594,1.5722881506710031,26.33125891160298,negative_cross,toward_S4,3.500875926412184
6,cx30,2024-03-29 22:48:33+00:00,40.288204,-88.126529,63.16518037972496,687.0,9.78662144186405,rs2,18.39649386742219,36.304482006085344,17.907988138663153,4,18.39649386742219,36.304482006085344,17.907988138663153,80.2309515867141,negative_cross,toward_S4,3.6839671998705716
6,cx30,2024-03-29 22:48:34+00:00,40.288112,-88.126527,73.39038898489301,688.0,10.22520860516805,rs2,8.390877163210728,35.57891625390491,27.18803909069418,4,8.390877163210728,46.52347480333634,38.13259764012561,80.2309515867141,negative_cross,toward_S4,3.873322914781091
6,cx30,2024-03-29 22:48:35+00:00,40.288029,-88.126524,82.61347604422737,689.0,9.223087059334361,rs2,2.981143296067758,34.895595511021796,31.91445221495404,4,2.981143296067758,55.753432027100885,52.77228873103313,80.2309515867141,negative_cross,toward_S4,4.044120823287283
6,cx30,2024-03-29 22:48:36+00:00,40.287964,-88.126519,89.83232001340905,690.0,7.218843969181677,rs2,9.009815092331674,35.82727808906456,26.81746299673289,4,9.009815092331674,62.99557960580028,53.98576451346861,80.2309515867141,negative_cross,toward_S4,4.17780311901287
6,cx30,2024-03-29 22:48:37+00:00,40.287918,-88.126488,94.89902303011274,691.0,5.066703016703698,rs2,14.738265161747208,35.21923600400657,20.48097084225936,4,14.738265161747208,68.29691065789233,53.55864549614512,80.2309515867141,negative_cross,toward_S4,4.2716309526555305
6,cx30,2024-03-29 22:48:38+00:00,40.287883,-88.126435,98.70911993316932,692.0,3.810096903056575,rs2,20.251400097263264,33.313558019937794,13.06215792267453,4,20.251400097263264,72.70595727223787,52.4545571749746,80.2309515867141,negative_cross,toward_S4,4.342188302712134
6,cx30,2024-03-29 22:48:39+00:00,40.287877,-88.126368,99.27366806195636,693.0,0.5645481287870382,rs2,24.145063687235115,29.304401508314005,5.159337821078889,4,24.145063687235115,74.41681552102283,50.27175183378771,80.2309515867141,negative_cross,toward_S4,4.352642897689671
6,cx30,2024-03-29 22:48:40+00:00,40.287894,-88.126302,97.28267906107936,694.0,-1.9909890008769935,rs1,24.028177933594975,26.983866190680825,2.95568825708585,4,24.028177933594975,73.20055318190471,49.172375248309734,80.2309515867141,positive_cross,toward_S1,4.315772731006764
6,cx30,2024-03-29 22:48:41+00:00,40.287933,-88.126254,92.8733404927606,695.0,-4.409338568318759,rs1,18.081508818487965,28.254910170240194,10.17340135175223,4,18.081508818487965,68.1399763799055,50.058467561417544,80.2309515867141,positive_cross,toward_S1,4.234118313074935
6,cx30,2024-03-29 22:48:42+00:00,40.287984,-88.12622,87.15130052176656,696.0,-5.722039970994047,rs1,12.0073589287686,29.185979794419456,17.178620865650856,4,12.0073589287686,62.074440405857075,50.06708147708848,80.2309515867141,positive_cross,toward_S1,4.128154609908379
6,cx30,2024-03-29 22:48:43+00:00,40.288046,-88.126202,80.23079606717639,697.0,-6.920504454590173,rs1,7.527010401285671,30.050857000134922,22.52384659884925,4,7.527010401285671,55.03087599142076,47.503865590135085,80.2309515867141,positive_cross,toward_S1,3.999997120008561
6,cx30,2024-03-29 22:48:44+00:00,40.288116,-88.126191,72.43158724383109,698.0,-7.799208823345296,rs1,9.351012244415875,32.11208549618573,22.76107325176985,4,9.351012244415875,47.191051167121806,37.84003892270593,80.2309515867141,positive_cross,toward_S1,3.855567326983648
6,cx30,2024-03-29 22:48:45+00:00,40.288193,-88.126186,63.86332084296254,699.0,-8.568266400868552,rs1,16.441554709808948,35.72086382305054,19.279309113241595,4,16.441554709808948,38.661048511183516,22.21949380137457,80.2309515867141,positive_cross,toward_S1,3.6968957269675635
6,cx30,2024-03-29 22:48:46+00:00,40.288282,-88.126183,53.96399252412292,700.0,-9.899328318839615,rs1,25.838509259294707,28.883035011443013,3.0445257521483065,4,25.838509259294707,28.883035011443013,3.0445257521483065,80.2309515867141,positive_cross,toward_S1,3.5135748321742373
6,cx30,2024-03-29 22:48:47+00:00,40.288379,-88.12618,43.17524953721513,701.0,-10.788742986907792,rs3,18.38559171047486,36.390254098634614,18.004662388159755,3,18.38559171047486,36.390254098634614,18.004662388159755,26.33125891160298,positive_cross,toward_S1,3.311925752326151
6,cx30,2024-03-29 22:48:48+00:00,40.288482,-88.126176,31.71791550516138,702.0,-11.457334032053751,rs3,8.085496920288207,33.21302204411481,25.1275251238266,3,8.085496920288207,47.7048178006142,39.61932088032599,26.33125891160298,positive_cross,toward_S1,3.099752899880711
6,cx30,2024-03-29 22:48:49+00:00,40.288587,-88.12617,20.03516772073641,703.0,-11.682747784424969,rs3,7.498421816432108,33.91162010303067,26.413198286598565,3,7.498421816432108,48.41006883973009,40.91164702329798,26.33125891160298,positive_cross,toward_S1,2.8834057186876563
6,cx30,2024-03-29 22:48:50+00:00,40.288696,-88.126169,7.915362815857568,704.0,-12.119804904878842,rs3,18.437160085796474,36.344404723321,17.907244637524524,3,18.437160085796474,36.344404723321,17.907244637524524,26.33125891160298,positive_cross,toward_S1,2.658964887115826
6,cx30,2024-03-29 22:48:51+00:00,40.288809,-88.126171,-4.644559294450658,705.0,-12.559922110308225,rs6,23.945755794500126,30.771876639163022,6.826120844662896,2,23.945755794500126,30.771876639163022,6.826120844662896,-27.632700444717127,positive_cross,toward_S1,2.4257063175975273
6,cx30,2024-03-29 22:48:52+00:00,40.288923,-88.126169,-17.321778409560064,706.0,-12.677219115109406,rs6,11.678232076905475,31.844801277335883,20.16656920043041,2,11.678232076905475,43.3135158409748,31.635283764069328,-27.632700444717127,positive_cross,toward_S1,2.190943000651057
6,cx30,2024-03-29 22:48:53+00:00,40.289038,-88.126172,-30.102524144413888,707.0,-12.780745734853824,rs6,5.013420736471531,29.99649091755318,24.98307018108165,2,5.013420736471531,49.53275741281017,44.51933667633864,-27.632700444717127,positive_cross,toward_S1,1.9542625240796896
6,cx30,2024-03-29 22:48:54+00:00,40.28915,-88.126175,-42.549739378514765,708.0,-12.447215234100877,rs6,15.215348643052407,33.207352589794034,17.992003946741626,2,15.215348643052407,37.161660913965704,21.946312270913296,-27.632700444717127,positive_cross,toward_S1,1.7237585382630067
6,cx30,2024-03-29 22:48:55+00:00,40.289254,-88.126172,-54.11672020101041,709.0,-11.566980822495644,rs8,25.667957650238606,26.38922358459058,0.7212659343519761,1,25.667957650238606,26.38922358459058,0.7212659343519761,-78.92951005359993,positive_cross,toward_S1,1.4594961083812874
6,cx30,2024-03-29 22:48:56+00:00,40.289439,-88.126166,-74.69361467344406,710.0,-20.57689447243365,rs8,5.966810403569726,26.87425799491717,20.90744759134744,1,5.966810403569726,46.740079779695755,40.77326937612603,-78.92951005359993,positive_cross,toward_S1,1.0784425070399235
6,cx30,2024-03-29 22:48:57+00:00,40.28951,-88.126166,-82.5871698584692,711.0,-7.893555185025136,rs8,4.7727061473450565,26.821898567401536,22.049192420056478,1,4.7727061473450565,54.61102118281278,49.83831503546772,-78.92951005359993,positive_cross,toward_S1,0.9322655591690876
6,cx30,2024-03-29 22:48:58+00:00,40.289568,-88.126175,-89.02165582136553,712.0,-6.434485962896332,rs8,10.532874393743349,27.743615661646796,17.210741267903447,1,10.532874393743349,61.10192653976574,50.56905214602239,-78.92951005359993,positive_cross,toward_S1,0.8131084117080445
6,cx30,2024-03-29 22:48:59+00:00,40.289609,-88.126214,-93.520234326134,713.0,-4.498578504768474,rs8,16.09316959221451,26.907198910920936,10.814029318706424,1,16.09316959221451,65.9767288769298,49.88355928471529,-78.92951005359993,positive_cross,toward_S1,0.7298014023604801
6,cx30,2024-03-29 22:49:00+00:00,40.289638,-88.126268,-96.66174018485628,714.0,-3.141505858722283,rs8,21.258683755443222,25.39174209718047,4.133058341737247,1,21.258683755443222,69.8684918128817,48.60980805743848,-78.92951005359993,positive_cross,toward_S1,0.6716253679396971
6,cx30,2024-03-29 22:49:01+00:00,40.289645,-88.126331,-97.34358531925622,715.0,-0.6818451343999357,rs10,22.596170974409556,25.280958196156988,2.684787221747431,1,22.596170974409556,71.79246431010081,49.19629333569125,-78.92951005359993,negative_cross,toward_S1,0.65899860619155
6,cx30,2024-03-29 22:49:02+00:00,40.289627,-88.126393,-95.24753965657465,716.0,2.0960456626815755,rs10,18.301421835933713,27.986429923307746,9.685008087374033,1,18.301421835933713,68.9430856145392,50.64166377860549,-78.92951005359993,negative_cross,toward_S4,0.6978142666115793
6,cx30,2024-03-29 22:49:03+00:00,40.289581,-88.12644,-90.06149329553989,717.0,5.186046361034755,rs10,12.127749106371551,29.02311995214888,16.89537084577733,1,12.127749106371551,63.325932721700894,51.19818361532934,-78.92951005359993,negative_cross,toward_S4,0.793852162186297
6,cx30,2024-03-29 22:49:04+00:00,40.28952,-88.126454,-83.25828584656261,718.0,6.803207448977275,rs10,5.32362133520568,28.35196893363607,23.02834759843039,1,5.32362133520568,56.45190364693162,51.12828231172594,-78.92951005359993,negative_cross,toward_S4,0.9198374853155058
6,cx30,2024-03-29 22:49:05+00:00,40.289456,-88.126449,-76.15061871069469,719.0,7.107667135867928,rs10,3.387695714985049,27.75633663945591,24.36864092447086,1,3.387695714985049,49.432022790965846,46.044327075980796,-78.92951005359993,negative_cross,toward_S4,1.0514609507945414
6,cx30,2024-03-29 22:49:06+00:00,40.289385,-88.12645,-68.25553348277596,720.0,7.895085227918727,rs10,10.427160621507793,29.71184962752283,19.284689006015036,1,10.427160621507793,41.600760794542786,31.17360017303499,-78.92951005359993,negative_cross,toward_S4,1.1976662327930365
6,cx30,2024-03-29 22:49:07+00:00,40.289304,-88.126448,-59.253270047218976,721.0,9.002263435556983,rs10,19.321896179310176,32.75706207469134,13.435165895381164,1,19.321896179310176,32.75706207469134,13.435165895381164,-78.92951005359993,negative_cross,toward_S4,1.3643748149329806
6,cx30,2024-03-29 22:49:08+00:00,40.289217,-88.126447,-49.582415567305986,722.0,9.67085447991299,rs7,23.373314069186996,28.946347558972416,5.57303348978542,2,23.373314069186996,28.946347558972416,5.57303348978542,-27.632700444717127,negative_cross,toward_S4,1.5935237940261322
6,cx30,2024-03-29 22:49:09+00:00,40.289122,-88.126447,-39.020616375641275,723.0,10.561799191664711,rs7,13.559407976656372,30.145406117111197,16.585998140454826,2,13.559407976656372,39.47871218443591,25.91930420777954,-27.632700444717127,negative_cross,toward_S4,1.7891126679458491
6,cx30,2024-03-29 22:49:11+00:00,40.289019,-88.126453,-27.56022225863376,725.0,5.730197058503757,rs7,6.063259650830759,28.45663211621979,22.39337246538903,2,6.063259650830759,50.88939318757926,44.8261335367485,-27.632700444717127,negative_cross,toward_S4,2.0013421886311735
6,cx30,2024-03-29 22:49:12+00:00,40.28891,-88.126467,-15.42052679635554,726.0,12.13969546227822,rs7,12.681013910184939,32.08662758216219,19.40561367197725,2,12.681013910184939,43.101182682934876,30.42016877274994,-27.632700444717127,negative_cross,toward_S4,2.226151363858548
6,cx30,2024-03-29 22:49:13+00:00,40.288794,-88.126484,-2.498003370685586,727.0,12.922523425669954,rs7,24.850731320864867,30.17468706083115,5.323955739966284,2,24.850731320864867,30.17468706083115,5.323955739966284,-27.632700444717127,negative_cross,toward_S4,2.4654573532228063
6,cx30,2024-03-29 22:49:14+00:00,40.288679,-88.126503,10.316403307414337,728.0,12.814406678099923,rs5,17.388376320996176,36.77426624349974,19.385889922503562,3,17.388376320996176,37.449047637354965,20.06067131635879,26.33125891160298,negative_cross,toward_S4,2.7034285999224323
6,cx30,2024-03-29 22:49:15+00:00,40.288565,-88.126519,23.015043023584937,729.0,12.6986397161706,rs5,5.412947322744,34.664603555848736,29.251656233104736,3,5.412947322744,50.08724058562222,44.674293262878216,26.33125891160298,negative_cross,toward_S4,2.9385885946663324
6,cx30,2024-03-29 22:49:16+00:00,40.288454,-88.126526,35.36638185234417,730.0,12.351338828759232,rs5,8.939958346857235,36.273488527589954,27.33353018073272,3,8.939958346857235,46.12957325727739,37.18961491042016,26.33125891160298,negative_cross,toward_S4,3.167317091495207
6,cx30,2024-03-29 22:49:17+00:00,40.288346,-88.126532,47.38266013829029,731.0,12.016278285946122,rs5,20.56238997184319,34.10772865162972,13.545338679786532,3,20.56238997184319,34.10772865162972,13.545338679786532,26.33125891160298,negative_cross,toward_S4,3.3898407634571726
6,cx30,2024-03-29 22:49:18+00:00,40.288238,-88.126534,59.392818251959035,732.0,12.010158113668744,rs2,22.113575939090428,32.50142941140564,10.38785347231521,4,22.113575939090428,32.50142941140564,10.38785347231521,80.2309515867141,negative_cross,toward_S4,3.61410864194898
6,cx30,2024-03-29 22:49:19+00:00,40.288134,-88.126535,70.95673898868921,733.0,11.563920736730175,rs2,10.61839596877376,36.74912084080303,26.13072487202927,4,10.61839596877376,44.04074340604288,33.42234743726912,80.2309515867141,negative_cross,toward_S4,3.8282553222587983
6,cx30,2024-03-29 22:49:20+00:00,40.288044,-88.126538,80.96724414082085,734.0,10.010505152131643,rs2,1.6019530652966965,35.980348819733145,34.37839575443645,4,1.6019530652966965,54.029267715371304,52.42731465007461,80.2309515867141,negative_cross,toward_S4,4.013635047298274
6,cx30,2024-03-29 22:49:21+00:00,40.287968,-88.126536,89.41362340825091,735.0,8.44637926743006,rs2,8.176983016460104,37.09273012527471,28.915747108814607,4,8.176983016460104,62.48293364814193,54.305950631681824,80.2309515867141,negative_cross,toward_S4,4.170049478176607
6,cx30,2024-03-29 22:49:22+00:00,40.287913,-88.126512,95.49162822650476,736.0,6.078004818253845,rs2,14.602132387267313,37.296697838632,22.69456545136469,4,14.602132387267313,68.69366860911335,54.091536221846034,80.2309515867141,negative_cross,toward_S4,4.282605122959087
6,cx30,2024-03-29 22:49:23+00:00,40.287875,-88.126466,99.64596593118549,737.0,4.154337704680728,rs2,19.87052903626976,35.98419397476119,16.11366493849143,4,19.87052903626976,73.24555248524825,53.375023448978496,80.2309515867141,negative_cross,toward_S4,4.359537302675396
6,cx30,2024-03-29 22:49:24+00:00,40.287853,-88.126407,102.00158374075058,738.0,2.3556178095650893,rs2,24.33470284758832,33.54762563676327,9.21292278917495,4,24.33470284758832,76.3815381617511,52.04683531416278,80.2309515867141,negative_cross,toward_S4,4.403159854704379
6,cx30,2024-03-29 22:49:25+00:00,40.287856,-88.126345,101.57319058172502,739.0,-0.4283931590255605,rs2,27.187783490557912,29.611187549012364,2.4234040584544516,4,27.187783490557912,77.13957604921433,49.951792558656415,80.2309515867141,negative_cross,ambiguous,4.395226648055758
6,cx30,2024-03-29 22:49:26+00:00,40.287871,-88.126287,99.81679559049388,740.0,-1.756394991231133,rs1,25.23849045012253,29.566807689115805,4.328317238993275,4,25.23849045012253,75.43769903533106,50.19920858520854,80.2309515867141,positive_cross,toward_S1,4.3627008148848105
6,cx30,2024-03-29 22:49:27+00:00,40.287914,-88.126241,94.96580977385217,741.0,-4.85098581664171,rs1,19.082477466756256,30.1797722300943,11.097294763338045,4,19.082477466756256,70.04052939337873,50.958051926622474,80.2309515867141,positive_cross,toward_S1,4.272867744206261
6,cx30,2024-03-29 22:49:28+00:00,40.287969,-88.126213,88.80824272608777,742.0,-6.1575670477644024,rs1,12.777371790806088,30.15918220402592,17.38181041321983,4,12.777371790806088,63.64257444879022,50.865202657984135,80.2309515867141,positive_cross,toward_S1,4.158838724803216
6,cx30,2024-03-29 22:49:29+00:00,40.288032,-88.126197,81.77962152313764,743.0,-7.028621202950134,rs1,7.503360487393292,30.48008715775152,22.97672667035823,4,7.503360487393292,56.51789187842684,49.01453139103354,80.2309515867141,positive_cross,toward_S1,4.0286790728967325
6,cx30,2024-03-29 22:49:30+00:00,40.288102,-88.126188,73.98347278553605,744.0,-7.796148737601584,rs1,8.107172423992132,31.98568420042163,23.878511776429498,4,8.107172423992132,48.69874689180197,40.591574467809835,80.2309515867141,positive_cross,toward_S1,3.8843059481263325
6,cx30,2024-03-29 22:49:31+00:00,40.288176,-88.126183,65.7487368853987,745.0,-8.234735900137352,rs1,14.59835699926304,35.088570659030566,20.490213659767527,4,14.59835699926304,40.48954692918695,25.89118992992391,80.2309515867141,positive_cross,toward_S1,3.7318108388645297
6,cx30,2024-03-29 22:49:32+00:00,40.288259,-88.12618,56.51646956883319,746.0,-9.232267316565512,rs1,23.291275286656262,31.342101204429706,8.050825917773444,4,23.291275286656262,31.342101204429706,8.050825917773444,80.2309515867141,positive_cross,toward_S1,3.5608429255947978
6,cx30,2024-03-29 22:49:33+00:00,40.288353,-88.126176,46.05972703897305,747.0,-10.456742529860136,rs3,21.061886176527967,33.48071363003087,12.418827453502903,3,21.061886176527967,33.48071363003087,12.418827453502903,26.33125891160298,positive_cross,toward_S1,3.365342002358705
6,cx30,2024-03-29 22:49:34+00:00,40.288449,-88.126172,35.38063084248542,748.0,-10.679096196487635,rs3,10.926117892084582,34.316943878731365,23.39082598664678,3,10.926117892084582,44.01933517029316,33.09321727820858,26.33125891160298,positive_cross,toward_S1,3.167580961683008
6,cx30,2024-03-29 22:49:35+00:00,40.288547,-88.12617,24.482241064345782,749.0,-10.898389778139634,rs3,5.054257784492835,33.35844369983565,28.304185915342813,3,5.054257784492835,52.8419014068654,47.78764362237256,26.33125891160298,positive_cross,toward_S1,2.9657589287544965
6,cx30,2024-03-29 22:49:36+00:00,40.28865,-88.126167,13.026437075953845,750.0,-11.455803988391937,rs3,13.505345551239015,36.13725902310138,22.63191347186236,3,13.505345551239015,41.41088276587168,27.905537214632666,26.33125891160298,positive_cross,toward_S1,2.753614410450942
6,cx30,2024-03-29 22:49:37+00:00,40.288758,-88.126164,1.0147489186450322,751.0,-12.011688157308813,rs3,25.08031103254452,29.450095241719108,4.369784209174586,3,25.08031103254452,29.450095241719108,4.369784209174586,26.33125891160298,positive_cross,toward_S1,2.531175740871149
6,cx30,2024-03-29 22:49:38+00:00,40.288864,-88.126164,-10.769995441840795,752.0,-11.784744360485828,rs6,17.835679709860564,34.89488328401088,17.059203574150317,2,17.835679709860564,36.746002766103494,18.91032305624293,-27.632700444717127,positive_cross,toward_S1,2.31227231486808
6,cx30,2024-03-29 22:49:39+00:00,40.288969,-88.126168,-22.437442798293652,753.0,-11.667447356452858,rs6,7.139274344863632,30.664940637630245,23.525666292766612,2,7.139274344863632,48.39313501438336,41.25386066951973,-27.632700444717127,positive_cross,toward_S1,2.096208474933768
6,cx30,2024-03-29 22:49:40+00:00,40.289073,-88.126173,-33.99218327779269,754.0,-11.554740479499038,rs6,7.504733688698046,30.48831160902676,22.983577920328713,2,7.504733688698046,45.66208592804721,38.157352239349166,-27.632700444717127,positive_cross,toward_S1,1.8822317993874895
6,cx30,2024-03-29 22:49:41+00:00,40.289178,-88.126174,-45.66422076207117,755.0,-11.672037484278476,rs6,18.170655026561853,34.060045775360216,15.889390748798363,2,18.170655026561853,34.060045775360216,15.889390748798363,-27.632700444717127,positive_cross,toward_S1,1.6660829570860363
6,cx30,2024-03-29 22:49:42+00:00,40.289281,-88.126173,-57.11696466550935,756.0,-11.452743903438183,rs8,22.724103425512457,29.364207366441615,6.6401039409291585,1,22.724103425512457,29.364207366441615,6.6401039409291585,-78.92951005359993,positive_cross,toward_S1,1.403936025705381
6,cx30,2024-03-29 22:49:43+00:00,40.289383,-88.126171,-68.46006177769395,757.0,-11.343097112184601,rs8,11.70189188799341,28.10831905748645,16.406427169493043,1,11.70189188799341,40.58434754167004,28.88245565367663,-78.92951005359993,positive_cross,toward_S1,1.1938786717760366
6,cx30,2024-03-29 22:49:44+00:00,40.289479,-88.126169,-79.13609788841613,758.0,-10.67603611072218,rs8,3.864397263412572,26.30300384949844,22.438606586085868,1,3.864397263412572,51.194475709068996,47.330078445656426,-78.92951005359993,positive_cross,toward_S1,0.9961742993552555
6,cx30,2024-03-29 22:49:45+00:00,40.289561,-88.126168,-88.25412828592417,759.0,-9.118030397508036,rs8,9.580755152082823,28.024732569417594,18.44397741733477,1,9.580755152082823,60.280813915673356,50.70005876359053,-78.92951005359993,positive_cross,toward_S1,0.8273218845865882
6,cx30,2024-03-29 22:49:46+00:00,40.289622,-88.126171,-95.03132500682635,760.0,-6.777196720902182,rs8,16.10413842664729,30.760219203099815,14.656080776452526,1,16.10413842664729,67.06696959191729,50.962831165269996,-78.92951005359993,positive_cross,toward_S1,0.7018182416069181
6,cx30,2024-03-29 22:49:47+00:00,40.289663,-88.126194,-99.55438419760978,761.0,-4.523059190783428,rs8,21.020644283937674,31.887599880160483,10.866955596222809,1,21.020644283937674,71.76736785497995,50.74672357104228,-78.92951005359993,positive_cross,toward_S1,0.6180578862220398
6,cx30,2024-03-29 22:49:48+00:00,40.289693,-88.126234,-102.82848749068525,762.0,-3.27410329307547,rs8,25.289511442452895,31.844685622228308,6.555174179775413,1,25.289511442452895,75.45985374188676,50.17034229943387,-78.92951005359993,positive_cross,toward_S1,0.5574263437576792
6,cx30,2024-03-29 22:49:49+00:00,40.289706,-88.12629,-104.18810392667234,763.0,-1.3596164359870926,rs8,28.655896122579524,30.182738120428066,1.5268419978485426,1,28.655896122579524,77.64688995920855,48.99099383662903,-78.92951005359993,positive_cross,toward_S1,0.5322482616097701
6,cx30,2024-03-29 22:49:50+00:00,40.289699,-88.126351,-103.31653347568374,764.0,0.8715704509885995,rs10,27.066494240382774,30.916790637830584,3.85029639744781,1,27.066494240382774,77.45381265229952,50.387318411916745,-78.92951005359993,negative_cross,toward_S4,0.5483884551465961
6,cx30,2024-03-29 22:49:51+00:00,40.289665,-88.126406,-99.45236877536716,765.0,3.8641647003165787,rs10,21.9044881993298,31.45248921500799,9.548001015678189,1,21.9044881993298,72.95744126292504,51.05295306359524,-78.92951005359993,negative_cross,toward_S4,0.6199470607080142
6,cx30,2024-03-29 22:49:52+00:00,40.289611,-88.126442,-93.39373821789817,766.0,6.058630557468987,rs10,15.32929551972961,30.59817135634545,15.26887583661584,1,15.32929551972961,66.62444071548353,51.29514519575392,-78.92951005359993,negative_cross,toward_S4,0.7321439228833657
6,cx30,2024-03-29 22:49:53+00:00,40.289549,-88.12646,-86.473233763308,767.0,6.920504454590173,rs10,8.267084895179881,29.503327234560967,21.236242339381086,1,8.267084895179881,59.611647300073834,51.34456240489395,-78.92951005359993,negative_cross,toward_S4,0.8603014127831838
6,cx30,2024-03-29 22:49:54+00:00,40.289487,-88.126453,-79.59098038060127,768.0,6.882253382706736,rs10,2.5171005603672767,27.95294261453984,25.435842054172564,1,2.5171005603672767,52.81305332720788,50.29595276684061,-78.92951005359993,negative_cross,toward_S4,0.9877505494999752
6,cx30,2024-03-29 22:49:55+00:00,40.289427,-88.126445,-72.9326107081838,769.0,6.658369672417464,rs10,6.176240030867284,27.94115445015131,21.764914419284025,1,6.176240030867284,46.28350360578064,40.107263574913354,-78.92951005359993,negative_cross,toward_S4,1.1110536915817801
6,cx30,2024-03-29 22:49:56+00:00,40.289358,-88.126445,-65.26140918978618,770.0,7.671201518397623,rs10,13.448834706943106,30.54775508424456,17.098920377301454,1,13.448834706943106,38.7064863804055,25.257651673462394,-78.92951005359993,negative_cross,toward_S4,1.253112978959514
6,cx30,2024-03-29 22:49:57+00:00,40.289283,-88.126449,-56.91702649843873,771.0,8.344382691347448,rs10,21.628096380581386,30.45295825572387,8.824861875142485,1,21.628096380581386,30.45295825572387,8.824861875142485,-78.92951005359993,negative_cross,toward_S4,1.407638584354837
6,cx30,2024-03-29 22:49:58+00:00,40.289202,-88.126452,-47.907112849268934,772.0,9.009913649169796,rs7,21.65299845030699,30.57308002054646,8.920081570239471,2,21.65299845030699,30.57308002054646,8.920081570239471,-27.632700444717127,negative_cross,toward_S4,1.6245479184342257
6,cx30,2024-03-29 22:49:59+00:00,40.289119,-88.126455,-38.67484553189172,773.0,9.232267317377215,rs7,12.946299402713352,30.654750275746935,17.708450873033584,2,12.946299402713352,39.77108652847895,26.824787125765603,-27.632700444717127,negative_cross,toward_S4,1.795515831718989
6,cx30,2024-03-29 22:50:00+00:00,40.289033,-88.126461,-29.104457585957693,774.0,9.570387945934026,rs7,5.720005218861139,29.16863071533478,23.44862549647364,2,5.720005218861139,49.308047572942314,43.588042354081175,-27.632700444717127,negative_cross,toward_S4,1.9727452381251747
6,cx30,2024-03-29 22:50:01+00:00,40.288943,-88.12647,-19.08477217657318,775.0,10.019685409384515,rs7,9.267815770091339,31.113286488727827,21.845470718636488,2,9.267815770091339,46.6678314799668,37.40001570987546,-27.632700444717127,negative_cross,toward_S4,2.1582949679285917
6,cx30,2024-03-29 22:50:02+00:00,40.288851,-88.126483,-8.836612928262031,776.0,10.248159248311147,rs7,18.607389826502427,36.27817043499496,17.670780608492535,2,18.607389826502427,36.400772111498505,17.793382284996078,-27.632700444717127,negative_cross,toward_S4,2.3480756947491686
6,cx30,2024-03-29 22:50:03+00:00,40.288756,-88.126495,1.7435467779302036,777.0,10.580159706192235,rs5,25.84634396698508,28.947925731588736,3.1015817646036545,3,25.84634396698508,28.947925731588736,3.1015817646036545,26.33125891160298,negative_cross,toward_S4,2.544671997524578
6,cx30,2024-03-29 22:50:04+00:00,40.288663,-88.126512,12.10900303106427,778.0,10.365456253134067,rs5,15.4652007219738,36.74400743382949,21.278806711855687,3,15.4652007219738,39.198934035287174,23.733733313313373,26.33125891160298,negative_cross,toward_S4,2.736624891101135
6,cx30,2024-03-29 22:50:05+00:00,40.288569,-88.126526,22.58104598887477,779.0,10.4720429578105,rs5,5.384254803050891,35.299456104940845,29.915201301889955,3,5.384254803050891,49.640526227683154,44.25627142463226,26.33125891160298,negative_cross,toward_S4,2.9305516125420703
6,cx30,2024-03-29 22:50:06+00:00,40.288471,-88.126534,33.48861602428904,780.0,10.907570035414267,rs5,6.931085033109035,36.50985463085252,29.578769597743488,3,6.931085033109035,47.98632346911728,41.055238436008246,26.33125891160298,negative_cross,toward_S4,3.132543650234927
6,cx30,2024-03-29 22:50:07+00:00,40.288374,-88.126538,44.27888905485864,781.0,10.790273030569601,rs5,17.409115929213876,37.1924383405727,19.783322411358824,3,17.409115929213876,37.1924383405727,19.783322411358824,26.33125891160298,negative_cross,toward_S4,3.332363521171401
6,cx30,2024-03-29 22:50:08+00:00,40.288281,-88.126541,54.6229247077432,782.0,10.344035652884564,rs2,26.847256325598813,27.68877561565245,0.8415192900536361,4,26.847256325598813,27.68877561565245,0.8415192900536361,80.2309515867141,negative_cross,toward_S4,3.5257772800190574
6,cx30,2024-03-29 22:50:09+00:00,40.288185,-88.12654,65.29437068984981,783.0,10.671445982106611,rs2,16.196646916722397,38.3538893241579,22.1572424074355,4,16.196646916722397,38.3538893241579,22.1572424074355,80.2309515867141,negative_cross,toward_S4,3.723396650058069
6,cx30,2024-03-29 22:50:10+00:00,40.288091,-88.126539,75.74346300451722,784.0,10.44909231466741,rs2,5.86591550664203,36.25486817917835,30.388952672536323,4,5.86591550664203,48.80237440764473,42.936458901002695,80.2309515867141,negative_cross,toward_S4,3.916898359588947
6,cx30,2024-03-29 22:50:11+00:00,40.288006,-88.126538,85.19196381701276,785.0,9.448500812495539,rs2,4.071303753670763,36.37926529711629,32.30796154344553,4,4.071303753670763,58.25296651184804,54.181662758177275,80.2309515867141,negative_cross,toward_S4,4.091870596857382
6,cx30,2024-03-29 22:50:12+00:00,40.287942,-88.126529,92.29351078139324,786.0,7.101546964380475,rs2,11.129161866378082,37.39647623678949,26.267314370411405,4,11.129161866378082,65.39614824245699,54.266986376078904,80.2309515867141,negative_cross,toward_S4,4.223380725827392
6,cx30,2024-03-29 22:50:13+00:00,40.287896,-88.126493,97.35256358292595,787.0,5.059052801532715,rs2,16.877104941041825,36.72091719751217,19.843812256470347,4,16.877104941041825,70.69710458577214,53.819999644730316,80.2309515867141,negative_cross,toward_S4,4.317066888818738
6,cx30,2024-03-29 22:50:14+00:00,40.287862,-88.12644,101.05148365345873,788.0,3.698920070532779,rs2,22.10343766248657,35.046480952365194,12.943043289878624,4,22.10343766248657,74.95651993387732,52.85308227139075,80.2309515867141,negative_cross,toward_S4,4.385565408643419
6,cx30,2024-03-29 22:50:15+00:00,40.287849,-88.126377,102.40038978853109,789.0,1.3489061350723546,rs2,26.110336258087827,32.0268321666628,5.916495908574973,4,26.110336258087827,77.29761294018219,51.187276682094364,80.2309515867141,negative_cross,toward_S4,4.4105451518855
6,cx30,2024-03-29 22:50:16+00:00,40.287856,-88.126313,101.52422920969512,790.0,-0.8761605788359645,rs1,27.890201031294346,29.04825921277453,1.1580581814801825,4,27.890201031294346,77.52892715169675,49.6387261204024,80.2309515867141,positive_cross,toward_S1,4.39431995598113
6,cx30,2024-03-29 22:50:17+00:00,40.287886,-88.126255,98.10018171480796,791.0,-3.424047494887162,rs1,22.337798611784134,30.7512717454802,8.413473133696066,4,22.337798611784134,73.30527500252397,50.96747639073983,80.2309515867141,positive_cross,toward_S1,4.330911669038775
6,cx30,2024-03-29 22:50:18+00:00,40.287932,-88.126217,92.92790574045338,792.0,-5.1722759743545765,rs1,16.290310516108047,31.173339156310735,14.883028640202689,4,16.290310516108047,67.76657434069055,51.4762638245825,80.2309515867141,positive_cross,toward_S1,4.235128780624802
6,cx30,2024-03-29 22:50:19+00:00,40.287987,-88.126196,86.78104899200207,793.0,-6.146856748451313,rs1,10.322569656398015,31.11368433600126,20.791114679603247,4,10.322569656398015,61.47578790432748,51.153218247929466,80.2309515867141,positive_cross,toward_S1,4.121298100097925
6,cx30,2024-03-29 22:50:20+00:00,40.288046,-88.126185,80.20478533828957,794.0,-6.576263653712502,rs1,6.103061934559275,31.492851112692648,25.389789178133373,4,6.103061934559275,54.84978976322023,48.74672782866095,80.2309515867141,positive_cross,toward_S1,3.9995154398439903
6,cx30,2024-03-29 22:50:21+00:00,40.288111,-88.126179,72.96911089745224,795.0,-7.235674440837329,rs1,8.24979939315961,32.9574461291098,24.70764673595019,4,8.24979939315961,47.609736230811706,39.3599368376521,80.2309515867141,positive_cross,toward_S1,3.865521468717373
6,cx30,2024-03-29 22:50:22+00:00,40.288182,-88.126175,65.06943554093968,796.0,-7.89967535651256,rs1,14.965067242361135,35.99014447002321,21.025077227662074,4,14.965067242361135,39.73299767624617,24.767930433885034,80.2309515867141,positive_cross,toward_S1,3.7192311843375108
6,cx30,2024-03-29 22:50:23+00:00,40.288261,-88.12617,56.278815472653676,797.0,-8.790620068286003,rs1,23.320377678118206,30.977866364485493,7.657488686367287,4,23.320377678118206,30.977866364485493,7.657488686367287,80.2309515867141,positive_cross,toward_S1,3.5564419238136957
6,cx30,2024-03-29 22:50:24+00:00,40.288345,-88.126166,46.933841279090856,798.0,-9.34497419356282,rs3,21.72907440721212,32.476525783507796,10.747451376295675,3,21.72907440721212,32.476525783507796,10.747451376295675,26.33125891160298,positive_cross,toward_S1,3.3815293031016274
6,cx30,2024-03-29 22:50:25+00:00,40.288434,-88.126166,37.03910308888855,799.0,-9.894738190202304,rs3,12.22891147157538,35.274165462939685,23.045253991364305,3,12.22891147157538,42.305824282226055,30.076912810650676,26.33125891160298,positive_cross,toward_S1,3.1982934106904737
6,cx30,2024-03-29 22:50:26+00:00,40.288529,-88.126168,26.480363983779252,800.0,-10.5587391051093,rs3,4.797845876044513,33.470675850758425,28.672829974713913,3,4.797845876044513,52.840949101446895,48.04310322540238,26.33125891160298,positive_cross,toward_S1,3.002761205040301
6,cx30,2024-03-29 22:50:27+00:00,40.288629,-88.126169,15.364210666837737,801.0,-11.116153316941515,rs3,11.411529298089164,35.17577953521313,23.764250237123967,3,11.411529298089164,43.751868157667666,32.3403388595785,26.33125891160298,positive_cross,toward_S1,2.796906513985829
6,cx30,2024-03-29 22:50:28+00:00,40.288735,-88.126169,3.579466305561951,802.0,-11.784744361275786,rs3,22.65258086572751,32.042144590159374,9.389563724431863,3,22.65258086572751,32.042144590159374,9.389563724431863,26.33125891160298,positive_cross,toward_S1,2.5786705072955365
6,cx30,2024-03-29 22:50:29+00:00,40.288847,-88.12617,-8.870809013514425,803.0,-12.450275319076376,rs6,19.792411272354215,34.93727129581292,15.144860023458705,2,19.792411272354215,34.93727129581292,15.144860023458705,-27.632700444717127,positive_cross,toward_S1,2.3474424339111613
6,cx30,2024-03-29 22:50:30+00:00,40.28896,-88.126169,-21.43532125322818,804.0,-12.564512239713757,rs6,8.009371138510634,30.765707066227765,22.75633592771713,2,8.009371138510634,47.405550512576184,39.396179374065554,-27.632700444717127,positive_cross,toward_S1,2.1147662813238695
6,cx30,2024-03-29 22:50:31+00:00,40.289076,-88.126169,-34.33183395001133,805.0,-12.896512696783148,rs6,7.567143051763145,30.891366974557997,23.32422392279485,2,7.567143051763145,45.2997080332958,37.732564981532654,-27.632700444717127,positive_cross,toward_S1,1.8759419721241815
6,cx30,2024-03-29 22:50:32+00:00,40.289185,-88.126167,-46.453168897783776,806.0,-12.121334947772446,rs6,18.78147777970501,33.21669704256657,14.435219262861562,2,18.78147777970501,33.21669704256657,14.435219262861562,-27.632700444717127,positive_cross,toward_S1,1.6514728064246917
6,cx30,2024-03-29 22:50:33+00:00,40.289291,-88.126168,-58.236383215376,807.0,-11.783214317592225,rs8,21.55372162573965,30.400084629629916,8.846363003890264,1,21.55372162573965,30.400084629629916,8.846363003890264,-78.92951005359993,positive_cross,toward_S1,1.3832060525597023
6,cx30,2024-03-29 22:50:34+00:00,40.289386,-88.126169,-68.79665236416886,808.0,-10.560269148792862,rs8,11.330310091583723,28.145608041412622,16.8152979498289,1,11.330310091583723,40.89751650856714,29.56720641698342,-78.92951005359993,positive_cross,toward_S1,1.1876455127672418
6,cx30,2024-03-29 22:50:35+00:00,40.289466,-88.126169,-77.6907990513876,809.0,-8.894146687218736,rs8,4.233786630160814,26.32500898719492,22.091222357034106,1,4.233786630160814,49.75394127319796,45.520154643037145,-78.92951005359993,positive_cross,toward_S1,1.0229390926335615
6,cx30,2024-03-29 22:50:36+00:00,40.289534,-88.126172,-85.2462336078559,810.0,-7.555434556468299,rs8,7.1113948711741175,26.83082695008661,19.719432078912494,1,7.1113948711741175,57.31199511211043,50.20060024093631,-78.92951005359993,positive_cross,toward_S1,0.8830236378841486
6,cx30,2024-03-29 22:50:37+00:00,40.289595,-88.126177,-92.02037024220266,811.0,-6.77413663434676,rs8,13.381134847495048,28.83394295418423,15.452808106689183,1,13.381134847495048,64.10904665760681,50.72791181011176,-78.92951005359993,positive_cross,toward_S1,0.7575766631740235
6,cx30,2024-03-29 22:50:38+00:00,40.289641,-88.126202,-97.09625351615922,812.0,-5.075883273956563,rs8,18.915337425474004,29.81119624610683,10.895858820632828,1,18.915337425474004,69.39748922637432,50.48215180090031,-78.92951005359993,positive_cross,toward_S1,0.6635788247674204
6,cx30,2024-03-29 22:50:39+00:00,40.289679,-88.126246,-101.25365130583721,813.0,-4.157397789677987,rs8,24.26796258476343,30.00144864571191,5.733486060948479,1,24.26796258476343,74.05925691998073,49.791294335217295,-78.92951005359993,positive_cross,toward_S1,0.5865899768104207
6,cx30,2024-03-29 22:50:40+00:00,40.289697,-88.126305,-103.16456178054567,814.0,-1.9109104747084587,rs8,28.456802147090098,28.663757246607492,0.2069550995173941,1,28.456802147090098,76.91695875738849,48.460156610298384,-78.92951005359993,positive_cross,toward_S1,0.5512027457973011
6,cx30,2024-03-29 22:50:41+00:00,40.289691,-88.126368,-102.40110807791704,815.0,0.7634537026286239,rs10,25.690850899682474,31.16697697229769,5.476126072615216,1,25.690850899682474,76.31657645089764,50.62572555121517,-78.92951005359993,negative_cross,toward_S4,0.5653407773274608
6,cx30,2024-03-29 22:50:42+00:00,40.289664,-88.126424,-99.31365117029475,816.0,3.087456907622297,rs10,21.414027272642574,32.5614813039796,11.147454031337023,1,21.414027272642574,72.65261092466217,51.2385836520196,-78.92951005359993,negative_cross,toward_S4,0.6225159052463922
6,cx30,2024-03-29 22:50:43+00:00,40.28961,-88.126457,-93.25961074144134,817.0,6.054040428853412,rs10,15.00971450365958,31.677122302802882,16.6674077991433,1,15.00971450365958,66.3922927632802,51.382578259620615,-78.92951005359993,negative_cross,toward_S4,0.734627765039974
6,cx30,2024-03-29 22:50:44+00:00,40.289551,-88.12646,-86.69558743072547,818.0,6.564023310715868,rs10,8.48537852182637,29.560466577040525,21.075088055214156,1,8.48537852182637,59.833169963479904,51.347791441653534,-78.92951005359993,negative_cross,toward_S4,0.856183752275453
6,cx30,2024-03-29 22:50:45+00:00,40.28949,-88.126461,-79.9122705383141,819.0,6.783316892411364,rs10,2.1731232976480515,28.64021982532023,26.46709652767218,1,2.1731232976480515,53.07157576206823,50.898452464420174,-78.92951005359993,negative_cross,toward_S4,0.9818007317645523
6,cx30,2024-03-29 22:50:46+00:00,40.289421,-88.126463,-72.23800893417278,820.0,7.674261604141321,rs10,6.277110879411537,29.578824687402065,23.301713807990527,1,6.277110879411537,45.423250057028575,39.14613917761704,-78.92951005359993,negative_cross,toward_S4,1.123916687396799
6,cx30,2024-03-29 22:50:47+00:00,40.289346,-88.126466,-63.89515628648714,821.0,8.342852647685639,rs10,14.512519704903008,32.74210987316306,18.229590168260053,1,14.512519704903008,37.113637534241484,22.601117829338477,-78.92951005359993,negative_cross,toward_S4,1.2784139586502368
6,cx30,2024-03-29 22:50:48+00:00,40.289268,-88.12647,-55.21724309438673,822.0,8.677913192100412,rs10,23.158793477793456,28.481951898747578,5.3231584209541225,1,23.158793477793456,28.481951898747578,5.3231584209541225,-78.92951005359993,negative_cross,toward_S4,1.4391160548002444
6,cx30,2024-03-29 22:50:49+00:00,40.289184,-88.12647,-45.878389072333086,823.0,9.338854022053646,rs7,19.321162151551835,32.49818646854727,13.177024316995432,2,19.321162151551835,32.49818646854727,13.177024316995432,-27.632700444717127,negative_cross,toward_S4,1.6621168772663713
6,cx30,2024-03-29 22:50:50+00:00,40.289097,-88.126471,-36.20447450667638,824.0,9.673914565656709,rs7,10.150198079876953,31.170353628697875,21.020155548820924,2,10.150198079876953,42.171368886166235,32.021170806289284,-27.632700444717127,negative_cross,toward_S4,1.841263443297051
6,cx30,2024-03-29 22:50:51+00:00,40.289005,-88.126473,-25.973145730767364,825.0,10.231328775909013,rs7,4.500675566061202,30.20167328664955,25.70099772058835,2,4.500675566061202,52.401202657234265,47.90052709117306,-27.632700444717127,negative_cross,toward_S4,2.0307324947027734
6,cx30,2024-03-29 22:50:52+00:00,40.288911,-88.126473,-15.522523372416401,826.0,10.450622358350962,rs7,12.390508112675516,32.51572727111612,20.125219158440604,2,12.390508112675516,43.117875714857426,30.72736760218191,-27.632700444717127,negative_cross,toward_S4,2.2242625383759393
6,cx30,2024-03-29 22:50:53+00:00,40.288813,-88.126478,-4.61954346563945,827.0,10.902979906776952,rs7,22.841407779759923,32.34824079140724,9.50683301164732,2,22.841407779759923,32.34824079140724,9.50683301164732,-27.632700444717127,negative_cross,toward_S4,2.426169573686624
6,cx30,2024-03-29 22:50:54+00:00,40.288717,-88.126493,6.076383202460363,828.0,10.695926668099812,rs5,21.68322782746738,33.28492247577971,11.601694648312328,3,21.68322782746738,33.28492247577971,11.601694648312328,26.33125891160298,negative_cross,toward_S4,2.6249097090899514
6,cx30,2024-03-29 22:50:55+00:00,40.288624,-88.126512,16.44489954135989,829.0,10.368516338899529,rs5,11.360913458678631,35.304240563071566,23.943327104392935,3,11.360913458678631,43.53537708386237,32.17446362518374,26.33125891160298,negative_cross,toward_S4,2.8169192709214244
6,cx30,2024-03-29 22:50:56+00:00,40.288533,-88.12653,26.589532169948356,830.0,10.144632628588464,rs5,2.786325568358652,35.44906077295719,32.66273520459854,3,2.786325568358652,53.64664482401945,50.8603192556608,26.33125891160298,negative_cross,toward_S4,3.004782838117507
6,cx30,2024-03-29 22:50:57+00:00,40.28844,-88.126542,36.947338208701396,831.0,10.35780603875304,rs5,10.09460235041125,37.99679386363961,27.90219151322836,3,10.09460235041125,44.51773616185557,34.423133811444316,26.33125891160298,negative_cross,toward_S4,3.196594061057378
6,cx30,2024-03-29 22:50:58+00:00,40.288346,-88.126547,47.40561078143339,832.0,10.458272572731993,rs5,20.441257114635675,34.055136612790164,13.613879498154489,3,20.441257114635675,34.055136612790164,13.613879498154489,26.33125891160298,negative_cross,toward_S4,3.39026577536723
6,cx30,2024-03-29 22:50:59+00:00,40.288247,-88.126546,58.4105872642712,833.0,11.004976482837812,rs2,23.050909147878784,31.441499854632287,8.390590706753503,4,23.050909147878784,31.441499854632287,8.390590706753503,80.2309515867141,negative_cross,toward_S4,3.5959191792140204
6,cx30,2024-03-29 22:51:00+00:00,40.288151,-88.12654,69.07438303199676,834.0,10.66379576772556,rs2,12.432516177504972,37.649419991336856,25.216903813831884,4,12.432516177504972,42.13131830632352,29.69880212881855,80.2309515867141,negative_cross,toward_S4,3.7933968786163454
6,cx30,2024-03-29 22:51:01+00:00,40.288065,-88.126537,78.6310005920406,835.0,9.556617560043847,rs2,3.228020564102825,35.88686892463248,32.65884836052965,4,3.228020564102825,51.698802967193814,48.470782403090986,80.2309515867141,negative_cross,toward_S4,3.9703712778764166
6,cx30,2024-03-29 22:51:02+00:00,40.287995,-88.126537,86.41337894375198,836.0,7.7823783517113725,rs2,5.250403821044607,36.50178939062979,31.25138556958518,4,5.250403821044607,59.4787188301838,54.228315009139195,80.2309515867141,negative_cross,toward_S4,4.114489395500701
6,cx30,2024-03-29 22:51:03+00:00,40.287939,-88.126529,92.62704128212447,837.0,6.213662338372487,rs2,11.45584946536755,37.51063225227258,26.05478278690503,4,11.45584946536755,65.72951357026217,54.27366410489462,80.2309515867141,negative_cross,toward_S4,4.229557216581673
6,cx30,2024-03-29 22:51:04+00:00,40.287892,-88.126499,97.80645117501376,838.0,5.179409892889296,rs2,17.14890382120531,37.3819465631592,20.233042741953888,4,17.14890382120531,71.10008462611515,53.95118080490984,80.2309515867141,negative_cross,toward_S4,4.3254722145981415
6,cx30,2024-03-29 22:51:05+00:00,40.287862,-88.126449,101.06525403932719,839.0,3.2588028643134237,rs2,21.77387477959088,35.651840624531026,13.877965844940146,4,21.77387477959088,74.85446139880091,53.080586619210024,80.2309515867141,negative_cross,toward_S4,4.385820415789131
6,cx30,2024-03-29 22:51:06+00:00,40.287851,-88.126385,102.19027646411023,840.0,1.1250224247830403,rs2,25.537915171034406,32.346062904085755,6.808147733051349,4,25.537915171034406,76.9441124391979,51.40619726816349,80.2309515867141,negative_cross,toward_S4,4.406654164396224
6,cx30,2024-03-29 22:51:07+00:00,40.287861,-88.126324,100.98517551318041,841.0,-1.2051009509298183,rs2,27.995210831830207,28.03250669847326,0.03729586664305273,4,27.995210831830207,77.04834453647373,49.05313370464353,80.2309515867141,negative_cross,toward_S1,4.384337480119746
6,cx30,2024-03-29 22:51:08+00:00,40.287886,-88.126265,98.11548214357002,842.0,-2.8696933696103883,rs1,22.802807750331596,30.050145607230654,7.247337856899058,4,22.802807750331596,73.45026838638869,50.64746063605709,80.2309515867141,positive_cross,toward_S1,4.331195010312147
6,cx30,2024-03-29 22:51:09+00:00,40.287938,-88.126223,92.27002499624386,843.0,-5.845457147326158,rs1,16.018577181519593,30.449484036716683,14.43090685519709,4,16.018577181519593,67.17439000633487,51.155812824815285,80.2309515867141,positive_cross,toward_S1,4.22294580388018
6,cx30,2024-03-29 22:51:10+00:00,40.288005,-88.126204,84.79210633063319,844.0,-7.477918665610673,rs1,9.478876707645405,30.124665202687087,20.645788495041682,4,9.478876707645405,59.572533729502005,50.0936570218566,80.2309515867141,positive_cross,toward_S1,4.084465828591094
6,cx30,2024-03-29 22:51:11+00:00,40.288073,-88.126185,77.20301083170872,845.0,-7.589095498924465,rs1,6.307609782940976,31.700048238949044,25.39243845600807,4,6.307609782940976,51.86688269078599,45.55927290784501,80.2309515867141,positive_cross,toward_S1,3.943927023055456
6,cx30,2024-03-29 22:51:12+00:00,40.288146,-88.126174,69.07027150763226,846.0,-8.132739324076468,rs1,11.252496345544417,34.499925935708795,23.24742959016438,4,11.252496345544417,43.69401649554291,32.441520149998496,80.2309515867141,positive_cross,toward_S1,3.793320739276262
6,cx30,2024-03-29 22:51:13+00:00,40.288225,-88.126166,60.27506131070891,847.0,-8.79521019692335,rs1,19.33668583755394,34.89125650275113,15.554570665197193,4,19.33668583755394,34.89125650275113,15.554570665197193,80.2309515867141,positive_cross,toward_S1,3.6304464763702744
6,cx30,2024-03-29 22:51:14+00:00,40.288312,-88.126161,50.59502657354303,848.0,-9.680034737165876,rs3,25.25638242116132,28.782514384180832,3.5261319630195125,3,25.25638242116132,28.782514384180832,3.5261319630195125,26.33125891160298,positive_cross,toward_S1,3.4493290307766675
6,cx30,2024-03-29 22:51:15+00:00,40.288401,-88.126157,40.694168211853295,849.0,-9.900858361689735,rs3,15.489169519584754,37.25039906125217,21.76122954166741,3,15.489169519584754,38.57774292688219,23.08857340729743,26.33125891160298,positive_cross,toward_S1,3.265979801856487
6,cx30,2024-03-29 22:51:16+00:00,40.288495,-88.126155,30.24048576852683,850.0,-10.453682443326464,rs3,5.829444399986115,34.78469020808142,28.955245808095306,3,5.829444399986115,48.98419814138762,43.15475374140151,26.33125891160298,positive_cross,toward_S1,3.0723930899430343
6,cx30,2024-03-29 22:51:17+00:00,40.288595,-88.126156,19.124332451585314,851.0,-11.116153316941517,rs3,7.541493181077402,35.252118949388816,27.710625768311413,3,7.541493181077402,47.427718638665006,39.88622545758761,26.33125891160298,positive_cross,toward_S1,2.8665383988885615
6,cx30,2024-03-29 22:51:18+00:00,40.288695,-88.126158,8.009709178327357,852.0,-11.114623273257957,rs3,18.10685969343321,36.354996653240974,18.248136959807763,3,18.10685969343321,36.354996653240974,18.248136959807763,26.33125891160298,positive_cross,toward_S1,2.6607120419763772
6,cx30,2024-03-29 22:51:19+00:00,40.288802,-88.126157,-3.8877420591340335,853.0,-11.897451237461391,rs6,24.520756448689315,29.829364881512465,5.308608432823149,2,24.520756448689315,29.829364881512465,5.308608432823149,-27.632700444717127,positive_cross,toward_S1,2.439721451584872
6,cx30,2024-03-29 22:51:20+00:00,40.288914,-88.126161,-16.333427250384798,854.0,-12.445685191250764,rs6,12.394086124536786,32.81811540915337,20.424029284616587,2,12.394086124536786,42.24693023277331,29.852844108236525,-27.632700444717127,positive_cross,toward_S1,2.209245799895043
6,cx30,2024-03-29 22:51:21+00:00,40.289025,-88.126167,-28.664875522556354,855.0,-12.331448272171556,rs6,4.2223376225973315,30.33345174220797,26.11111411961064,2,4.2223376225973315,50.94144458785494,46.71910696525761,-27.632700444717127,positive_cross,toward_S1,1.9808856467066809
6,cx30,2024-03-29 22:51:22+00:00,40.289132,-88.126169,-40.55773663138042,856.0,-11.892861108824068,rs6,13.156617637137348,32.82037836820363,19.66376073106628,2,13.156617637137348,39.09717798409945,25.940560346962105,-27.632700444717127,positive_cross,toward_S1,1.7606474780247539
6,cx30,2024-03-29 22:51:23+00:00,40.289234,-88.126169,-51.8977736578213,857.0,-11.340037026440875,rs6,24.15486503056805,27.829737368035616,3.6748723374675656,2,24.15486503056805,27.829737368035616,3.6748723374675656,-27.632700444717127,positive_cross,toward_S1,1.5506467923499228
6,cx30,2024-03-29 22:51:24+00:00,40.289328,-88.126166,-62.35298614401962,858.0,-10.45521248619832,rs8,17.480754084251917,31.249738791984562,13.768984707732645,1,17.480754084251917,34.45877128837034,16.978017204118427,-78.92951005359993,positive_cross,toward_S1,1.306972664992228
6,cx30,2024-03-29 22:51:25+00:00,40.289415,-88.126162,-72.03149083831363,859.0,-9.678504694294013,rs8,8.11281989406193,27.740260859170192,19.627440965108264,1,8.11281989406193,44.05127591047227,35.93845601641034,-78.92951005359993,positive_cross,toward_S1,1.127741096579376
6,cx30,2024-03-29 22:51:26+00:00,40.289491,-88.126161,-80.48246023435928,860.0,-8.45096939604565,rs8,3.3340086914957228,27.03061207445441,23.69660338295869,1,3.3340086914957228,52.47247038775894,49.138461696263214,-78.92951005359993,positive_cross,toward_S1,0.9712416633192712
6,cx30,2024-03-29 22:51:27+00:00,40.289555,-88.126159,-87.60083767035195,861.0,-7.11837743599267,rs8,8.678066391194525,28.532534693153682,19.85446830195916,1,8.678066391194525,59.56525532574621,50.88718893455168,-78.92951005359993,positive_cross,toward_S1,0.8394198589490366
6,cx30,2024-03-29 22:51:28+00:00,40.289612,-88.126171,-93.91955667052902,862.0,-6.318719000177069,rs8,15.029680089357356,30.188223946932702,15.158543857575346,1,15.029680089357356,65.9572897427056,50.92760965334824,-78.92951005359993,positive_cross,toward_S1,0.7224065441309427
6,cx30,2024-03-29 22:51:29+00:00,40.289657,-88.126214,-98.85672233862323,863.0,-4.9371656680942095,rs8,20.941870715875798,30.171815532447834,9.229944816572036,1,20.941870715875798,71.27748500070764,50.33561428483185,-78.92951005359993,positive_cross,toward_S1,0.6309775502773463
6,cx30,2024-03-29 22:51:30+00:00,40.289684,-88.126267,-101.77740457358986,864.0,-2.920682234966634,rs8,25.569866933585782,29.295577522552005,3.7257105889662228,1,25.569866933585782,74.89027317381661,49.320406240230824,-78.92951005359993,positive_cross,toward_S1,0.5768908422224086
6,cx30,2024-03-29 22:51:31+00:00,40.289688,-88.126324,-102.13489946372152,865.0,-0.3574948901316617,rs10,26.989381485675263,28.549728835193385,1.5603473495181213,1,26.989381485675263,76.29162080320354,49.302239317528276,-78.92951005359993,negative_cross,ambiguous,0.5702705664792297
6,cx30,2024-03-29 22:51:32+00:00,40.289671,-88.126388,-100.14697054858824,866.0,1.9879289151332813,rs10,23.011826528068156,30.75799756208261,7.746171034014456,1,23.011826528068156,73.84221751692962,50.83039098886147,-78.92951005359993,negative_cross,toward_S4,0.6070840649076238
6,cx30,2024-03-29 22:51:33+00:00,40.289626,-88.126436,-95.07057097880711,867.0,5.076399569781131,rs10,17.06729629179818,30.979655600144394,13.912359308346215,1,17.06729629179818,68.33780213634502,51.27050584454684,-78.92951005359993,negative_cross,toward_S4,0.7010914643480151
6,cx30,2024-03-29 22:51:34+00:00,40.289562,-88.126456,-87.92465277103402,868.0,7.145918207773093,rs10,9.751579009068843,29.578633006276675,19.827053997207834,1,9.751579009068843,61.08292552332456,51.33134651425572,-78.92951005359993,negative_cross,toward_S4,0.8334232830104797
6,cx30,2024-03-29 22:51:35+00:00,40.289495,-88.12645,-80.4849851780967,869.0,7.439667592937326,rs10,3.236172103190935,27.73132330027687,24.495151197085935,1,3.236172103190935,53.726373515187746,50.49020141199681,-78.92951005359993,negative_cross,toward_S4,0.9711949051019118
6,cx30,2024-03-29 22:51:36+00:00,40.289423,-88.12644,-72.49555358772992,870.0,7.989431590366777,rs10,6.76983472119015,27.629236304502076,20.859401583311925,1,6.76983472119015,45.907544965856296,39.137710244666145,-78.92951005359993,negative_cross,toward_S4,1.1191473419605558
6,cx30,2024-03-29 22:51:37+00:00,40.289346,-88.126436,-63.94105757275158,871.0,8.554496014978334,rs10,14.923343279733823,30.50646940442637,15.583126124692546,1,14.923343279733823,37.537713211165126,22.614369931431305,-78.92951005359993,negative_cross,toward_S4,1.2775639348305248
6,cx30,2024-03-29 22:51:38+00:00,40.289265,-88.12644,-54.92961387991996,872.0,9.01144369283162,rs10,23.711880069877893,28.679362702848664,4.967482632970771,1,23.711880069877893,28.679362702848664,4.967482632970771,-78.92951005359993,negative_cross,toward_S4,1.444442521734814
6,cx30,2024-03-29 22:51:39+00:00,40.289181,-88.126446,-45.58157960061342,873.0,9.348034279306539,rs7,19.590919534680072,32.94208843061794,13.351168895937871,2,19.590919534680072,32.94208843061794,13.351168895937871,-27.632700444717127,negative_cross,toward_S4,1.6676133489648834
6,cx30,2024-03-29 22:51:40+00:00,40.289095,-88.126454,-36.00813156893569,874.0,9.573448031677735,rs7,10.684476891779486,29.72269843939932,19.038221547619834,2,10.684476891779486,42.44139338501022,31.756916493230737,-27.632700444717127,negative_cross,toward_S4,1.8448994236255822
6,cx30,2024-03-29 22:51:41+00:00,40.289005,-88.126458,-25.996096373910458,875.0,10.01203519502523,rs7,5.740542219319864,28.931172700447092,23.19063048112723,2,5.740542219319864,52.429012183263055,46.68846996394319,-27.632700444717127,negative_cross,toward_S4,2.030307482792716
6,cx30,2024-03-29 22:51:42+00:00,40.288914,-88.126464,-15.86982425903781,876.0,10.126272114872648,rs7,12.374329193163323,31.682764139233626,19.308434946070303,2,12.374329193163323,43.58632176760837,31.211992574445045,-27.632700444717127,negative_cross,toward_S4,2.217831040475543
6,cx30,2024-03-29 22:51:43+00:00,40.288819,-88.126478,-5.286604467101859,877.0,10.58321979193595,rs7,22.18428968060507,32.999334087501445,10.815044406896376,2,22.18428968060507,32.999334087501445,10.815044406896376,-27.632700444717127,negative_cross,toward_S4,2.4138165921780605
6,cx30,2024-03-29 22:51:44+00:00,40.288722,-88.1265,5.531209334436449,878.0,10.817813801538307,rs5,22.068731981384097,32.687768092177635,10.619036110793537,3,22.068731981384097,32.687768092177635,10.619036110793537,26.33125891160298,negative_cross,toward_S4,2.6148138967191383
6,cx30,2024-03-29 22:51:45+00:00,40.288624,-88.126521,16.458669927228353,879.0,10.927460592791904,rs5,11.095499647439928,36.0385174867024,24.943017839262474,3,11.095499647439928,43.52376839541276,32.42826874797283,26.33125891160298,negative_cross,toward_S4,2.8171742780671365
6,cx30,2024-03-29 22:51:46+00:00,40.288522,-88.126529,27.810947296687566,880.0,11.352277369459213,rs5,2.9590241981927283,35.39691776573313,32.4378935675404,3,2.9590241981927283,53.67149192280327,50.71246772461054,26.33125891160298,negative_cross,toward_S4,3.0274016367608256
6,cx30,2024-03-29 22:51:47+00:00,40.288418,-88.126535,39.382518247798785,881.0,11.57157095111122,rs5,12.60837442676811,38.197375224847,25.589000798078892,3,12.60837442676811,42.092765832095544,29.484391405327436,26.33125891160298,negative_cross,toward_S4,3.2416899877073297
6,cx30,2024-03-29 22:51:48+00:00,40.288315,-88.12654,50.8413823227244,882.0,11.458864074925614,rs5,23.923213710853783,30.628842000687303,6.70562828983352,3,23.923213710853783,30.628842000687303,6.70562828983352,26.33125891160298,negative_cross,toward_S4,3.4538911742800265
6,cx30,2024-03-29 22:51:49+00:00,40.288214,-88.12654,62.07024251506156,883.0,11.228860192337159,rs2,19.412625112412677,35.132690047428916,15.72006493501624,4,19.412625112412677,35.132690047428916,15.72006493501624,80.2309515867141,negative_cross,toward_S4,3.6636905727471754
6,cx30,2024-03-29 22:51:50+00:00,40.288117,-88.126541,72.85592541701558,884.0,10.785682901954026,rs2,8.670720699821914,36.84762064513036,28.17689994530845,4,8.670720699821914,45.90600017301667,37.23527947319476,80.2309515867141,negative_cross,toward_S4,3.8634254413018794
6,cx30,2024-03-29 22:51:51+00:00,40.288033,-88.126541,82.19477943906924,885.0,9.338854022053653,rs2,1.4934262260492004,36.2992572383014,34.8058310122522,4,1.4934262260492004,55.24288140716752,53.74945518111832,80.2309515867141,negative_cross,toward_S4,4.036367182451021
6,cx30,2024-03-29 22:51:52+00:00,40.287968,-88.126538,89.41668349399463,886.0,7.221904054925389,rs2,8.14328479285186,37.256471897648396,29.113187104796538,4,8.14328479285186,62.47705784861649,54.33377305576463,80.2309515867141,negative_cross,toward_S4,4.170106146431121
6,cx30,2024-03-29 22:51:53+00:00,40.28791,-88.126514,95.82821881376962,887.0,6.411535319774998,rs2,14.883282584236621,37.59295671046494,22.709674126228318,4,14.883282584236621,69.01637611822207,54.133093533985445,80.2309515867141,negative_cross,toward_S4,4.2888382819825095
6,cx30,2024-03-29 22:51:54+00:00,40.287869,-88.12647,100.31914710415707,888.0,4.490928290387444,rs2,20.363941796977716,36.640253767878164,16.276311970900448,4,20.363941796977716,73.87194088094951,53.5079990839718,80.2309515867141,negative_cross,toward_S4,4.3720036206933885
6,cx30,2024-03-29 22:51:55+00:00,40.287844,-88.126414,103.01288554306895,889.0,2.693738438911879,rs2,24.902328633421636,34.661853055247065,9.759524421825429,4,24.902328633421636,77.26866264030744,52.36633400688581,80.2309515867141,negative_cross,toward_S4,4.421887665858423
6,cx30,2024-03-29 22:51:56+00:00,40.287843,-88.126351,103.0276696752165,890.0,0.014784132147553919,rs2,27.97217242077029,31.037777072664856,3.065604651894567,4,27.97217242077029,78.42625753728274,50.454085116512445,80.2309515867141,negative_cross,ambiguous,4.422161446083377
6,cx30,2024-03-29 22:51:57+00:00,40.287862,-88.126286,100.81585705058384,891.0,-2.211812624632657,rs1,26.012161105900066,30.276903959625873,4.2647428537258065,4,26.012161105900066,76.40303407818648,50.39087297228642,80.2309515867141,positive_cross,toward_S1,4.3812019530346245
6,cx30,2024-03-29 22:51:58+00:00,40.287902,-88.126235,96.2907515195241,892.0,-4.525105531059751,rs1,19.93240265249981,31.26434769184086,11.33194503934105,4,19.93240265249981,71.2830221172565,51.35061946475668,80.2309515867141,positive_cross,toward_S1,4.2974037024594445
6,cx30,2024-03-29 22:51:59+00:00,40.287959,-88.126206,89.90930076144866,893.0,-6.381450758075431,rs1,13.279532719007056,31.03684823429658,17.757315515289527,4,13.279532719007056,64.66915226987119,51.38961955086413,80.2309515867141,positive_cross,toward_S1,4.17922868842101
6,cx30,2024-03-29 22:52:00+00:00,40.288023,-88.126198,82.7817430682031,894.0,-7.1275576932455635,rs1,7.986198254133745,30.440669565125607,22.454471310991863,4,7.986198254133745,57.52160170421707,49.53540345008332,80.2309515867141,positive_cross,toward_S1,4.047236879286833
6,cx30,2024-03-29 22:52:01+00:00,40.288088,-88.12619,75.54300854162204,895.0,-7.238734526581055,rs1,7.366590569968523,31.518685297647405,24.152094727678882,4,7.366590569968523,50.26470048135986,42.89810991139134,80.2309515867141,positive_cross,toward_S1,3.9131862399057025
6,cx30,2024-03-29 22:52:02+00:00,40.288158,-88.126181,67.74685980404222,896.0,-7.796148737579827,rs1,12.711824880454337,34.42925673221281,21.71743185175847,4,12.711824880454337,42.44683691356455,29.735012033110216,80.2309515867141,positive_cross,toward_S1,3.768813115135706
6,cx30,2024-03-29 22:52:03+00:00,40.288234,-88.126176,59.2897702364874,897.0,-8.457089567554817,rs1,20.513099008225627,34.02370701336486,13.510608005139236,4,20.513099008225627,34.02370701336486,13.510608005139236,80.2309515867141,positive_cross,toward_S1,3.612200345366172
6,cx30,2024-03-29 22:52:04+00:00,40.288317,-88.126173,50.05750291990015,898.0,-9.232267316587247,rs3,24.89879011413767,29.488504929685757,4.589714815548085,3,24.89879011413767,29.488504929685757,4.589714815548085,26.33125891160298,positive_cross,toward_S1,3.4393748890425404
6,cx30,2024-03-29 22:52:05+00:00,40.288402,-88.12617,40.602881935917175,899.0,-9.454620983982977,rs3,15.690369531764995,36.19049047796203,20.500120946197036,3,15.690369531764995,38.807540410272324,23.11717087850733,26.33125891160298,positive_cross,toward_S1,3.264289315265078
