run_id,label,timestamp,latitude,longitude,axis_m,elapsed_s,axis_velocity_mps,nearest_sensor,nearest_sensor_distance_m,second_sensor_distance_m,sensor_margin_m,nearest_station,nearest_station_distance_m,second_station_distance_m,station_margin_m,nearest_station_axis_m,side_label,direction,lap_progress_stationized
7,cx30,2024-03-29 22:52:06+00:00,40.288494,-88.126167,30.370023116346356,0.0,0.0,rs3,6.590900911909617,33.78571703472414,27.19481612281452,3,6.590900911909617,48.95589735498078,42.36499644307116,26.33125891160298,positive_cross,toward_S1,3.07479192971747
7,cx30,2024-03-29 22:52:07+00:00,40.288593,-88.126165,19.360456504892976,1.0,-11.00956661145338,rs3,7.762875429907076,34.45907462482086,26.69619919491378,3,7.762875429907076,47.70793979548241,39.945064365575334,26.33125891160298,positive_cross,toward_S1,2.8709110665424076
7,cx30,2024-03-29 22:52:08+00:00,40.288695,-88.12616,8.012769264071073,2.0,-11.347687240821903,rs3,18.144032060850343,36.37138738323094,18.227355322380596,3,18.144032060850343,36.37138738323094,18.227355322380596,26.33125891160298,positive_cross,toward_S1,2.6607687102308906
7,cx30,2024-03-29 22:52:09+00:00,40.288803,-88.126157,-3.998918893237741,3.0,-12.011688157308814,rs6,24.41057320914341,29.93968790031036,5.529114691166949,2,24.41057320914341,29.93968790031036,5.529114691166949,-27.632700444717127,positive_cross,toward_S1,2.4376626213236925
7,cx30,2024-03-29 22:52:10+00:00,40.288908,-88.126161,-15.666366248922385,4.0,-11.667447355684644,rs6,13.03282063716541,33.05317990042673,20.02035926326132,2,13.03282063716541,41.58283622909493,28.550015591929522,-27.632700444717127,positive_cross,toward_S1,2.2215987814036064
7,cx30,2024-03-29 22:52:11+00:00,40.289012,-88.126165,-27.22263677127154,5.0,-11.556270522349154,rs6,4.128643380918955,30.486156458034444,26.357513077115488,2,4.128643380918955,52.372055130179525,48.243411749260574,-27.632700444717127,positive_cross,toward_S1,2.0075937717304737
7,cx30,2024-03-29 22:52:12+00:00,40.289118,-88.126165,-39.00738113254732,6.0,-11.784744361275784,rs6,11.576648037329534,32.55385132230325,20.97720328497372,2,11.576648037329534,40.61630633846754,29.039658301138005,-27.632700444717127,positive_cross,toward_S1,1.7893577650401815
7,cx30,2024-03-29 22:52:13+00:00,40.289221,-88.126162,-50.463185120939265,7.0,-11.455803988391942,rs6,22.62776762225454,29.19021034816936,6.562442725914817,2,22.62776762225454,29.19021034816936,6.562442725914817,-27.632700444717127,positive_cross,toward_S1,1.577213246736627
7,cx30,2024-03-29 22:52:14+00:00,40.289318,-88.12616,-61.25039806576515,8.0,-10.787212944825882,rs8,18.478763757437846,32.27572952418519,13.796965766747341,1,18.478763757437846,33.29585890362546,14.817095146187611,-78.92951005359993,positive_cross,toward_S1,1.327390962737681
7,cx30,2024-03-29 22:52:15+00:00,40.289404,-88.12616,-70.81160575444629,9.0,-9.561207688681144,rs8,9.18796984800732,28.22772924136487,19.03975939335755,1,9.18796984800732,42.81780591897759,33.62983607097027,-78.92951005359993,positive_cross,toward_S1,1.1503315610954377
7,cx30,2024-03-29 22:52:16+00:00,40.289477,-88.126164,-78.9213944353797,10.0,-8.109788680933406,rs8,3.4689474464122827,26.725423973403878,23.256476526991595,1,3.4689474464122827,50.938295901488516,47.469348455076236,-78.92951005359993,positive_cross,toward_S1,1.0001502892263006
7,cx30,2024-03-29 22:52:17+00:00,40.289541,-88.126166,-86.03365169988491,11.0,-7.112257264505217,rs8,7.503167085254737,27.51917031347738,20.016003228222644,1,7.503167085254737,58.049855378477325,50.54668829322259,-78.92951005359993,positive_cross,toward_S1,0.8684418213650928
7,cx30,2024-03-29 22:52:18+00:00,40.289595,-88.12617,-92.0310805423274,12.0,-5.997428842442488,rs8,13.191896699273938,29.362949086189097,16.171052386915157,1,13.191896699273938,64.06509618008319,50.87319948080925,-78.92951005359993,positive_cross,toward_S1,0.7573783242828245
7,cx30,2024-03-29 22:52:19+00:00,40.289641,-88.126194,-97.10849385917757,13.0,-5.077413316850169,rs8,18.68746402501605,30.34914016145621,11.661676136440157,1,18.68746402501605,69.33074171706892,50.64327769205286,-78.92951005359993,positive_cross,toward_S1,0.6633521517485621
7,cx30,2024-03-29 22:52:20+00:00,40.289676,-88.126243,-100.92471093372156,14.0,-3.816217074543985,rs8,23.85762137372891,29.920983495204677,6.063362121475766,1,23.85762137372891,73.69204672144954,49.83442534772063,-78.92951005359993,positive_cross,toward_S1,0.5926814651829329
7,cx30,2024-03-29 22:52:21+00:00,40.289692,-88.126304,-102.61020765605883,15.0,-1.6854967223372768,rs8,27.94407922224073,28.23303438898727,0.28895516674653976,1,27.94407922224073,76.35530728032992,48.41122805808919,-78.92951005359993,positive_cross,toward_S1,0.5614685629174276
7,cx30,2024-03-29 22:52:22+00:00,40.289682,-88.126371,-101.39592644708613,16.0,1.2142812089727073,rs10,24.666537348835014,30.60093734162607,5.934399992791057,1,24.666537348835014,75.28657975387905,50.62004240504404,-78.92951005359993,negative_cross,toward_S4,0.5839552519724778
7,cx30,2024-03-29 22:52:23+00:00,40.289642,-88.126432,-96.855520488076,17.0,4.54040595901013,rs10,18.878390686272237,31.656241470312047,12.77785078403981,1,18.878390686272237,70.14404535621188,51.265654669939636,-78.92951005359993,negative_cross,toward_S4,0.6680368438059987
7,cx30,2024-03-29 22:52:24+00:00,40.289584,-88.126459,-90.3659529816406,18.0,6.489567506435392,rs10,12.120684852326889,30.64244781362089,18.521762961294,1,12.120684852326889,63.496579257249245,51.375894404922356,-78.92951005359993,negative_cross,toward_S4,0.7882140198510985
7,cx30,2024-03-29 22:52:25+00:00,40.28952,-88.126457,-83.2536957179253,19.0,7.112257263715307,rs10,5.227427953647235,28.60364600527561,23.376218051628378,1,5.227427953647235,56.42557933283125,51.19815137918401,-78.92951005359993,negative_cross,toward_S4,0.9199224876976784
7,cx30,2024-03-29 22:52:26+00:00,40.28945,-88.126457,-75.47131736621392,20.0,7.7823783517113725,rs10,3.4512849363648037,28.50661416937765,25.055329233012845,1,3.4512849363648037,48.68607746197552,45.234792525610715,-78.92951005359993,negative_cross,toward_S4,1.064040605321963
7,cx30,2024-03-29 22:52:27+00:00,40.289373,-88.126454,-66.91529130757375,21.0,8.556026058640171,rs10,11.661944468390637,30.532403601627145,18.87045913323651,1,11.661944468390637,40.230252958463275,28.56830849007264,-78.92951005359993,negative_cross,toward_S4,1.222485532333818
7,cx30,2024-03-29 22:52:28+00:00,40.289284,-88.126453,-57.02208316103327,22.0,9.89320814654048,rs10,21.480147441401648,30.4925824433113,9.012435001909651,1,21.480147441401648,30.4925824433113,9.012435001909651,-78.92951005359993,negative_cross,toward_S4,1.4056930906030862
7,cx30,2024-03-29 22:52:29+00:00,40.289189,-88.126452,-46.46181401224041,23.0,10.560269148792862,rs7,20.27043013159445,32.01514132423472,11.74471119264027,2,20.27043013159445,32.01514132423472,11.74471119264027,-27.632700444717127,negative_cross,toward_S4,1.651312711712532
7,cx30,2024-03-29 22:52:30+00:00,40.289086,-88.126453,-35.00907010882398,24.0,11.452743903416433,rs7,9.921266752190006,29.37674276371454,19.45547601152453,2,9.921266752190006,43.445433544669065,33.52416679247906,-27.632700444717127,negative_cross,toward_S4,1.8634005617757992
7,cx30,2024-03-29 22:52:31+00:00,40.288977,-88.126455,-22.887735161841483,25.0,12.121334946982493,rs7,7.260644509517967,29.030057592293755,21.769413082775788,2,7.260644509517967,50.61346630766357,43.352821798145605,-27.632700444717127,negative_cross,toward_S4,2.08786972746066
7,cx30,2024-03-29 22:52:32+00:00,40.288868,-88.126464,-10.755689913966034,26.0,12.13204524787545,rs7,17.163836134640455,33.92751059311868,16.763674458478228,2,17.163836134640455,38.57731205412265,21.413475919482195,-27.632700444717127,negative_cross,toward_S4,2.3125372320509463
7,cx30,2024-03-29 22:52:33+00:00,40.288758,-88.126483,1.502832595985227,27.0,12.258522509951261,rs5,26.305782795605047,28.83225229373277,2.526469498127721,3,26.305782795605047,28.83225229373277,2.526469498127721,26.33125891160298,negative_cross,toward_S4,2.54021432748856
7,cx30,2024-03-29 22:52:34+00:00,40.288647,-88.126508,13.881712197314828,28.0,12.3788796013296,rs5,13.873464667132565,35.77854658462325,21.905081917490683,3,13.873464667132565,40.98799883113272,27.114534164000155,26.33125891160298,negative_cross,toward_S4,2.7694528386242934
7,cx30,2024-03-29 22:52:35+00:00,40.288537,-88.126527,26.14023470726609,29.0,12.258522509951261,rs5,3.1283080558064174,35.19313540374151,32.06482734793509,3,3.1283080558064174,53.20005284706498,50.07174479125857,26.33125891160298,negative_cross,toward_S4,2.996462514734502
7,cx30,2024-03-29 22:52:36+00:00,40.288428,-88.126537,38.27380999724517,30.0,12.133575289979085,rs5,11.483986747411578,37.99056253292549,26.50657578551391,3,11.483986747411578,43.197350335696726,31.713363588285148,26.33125891160298,negative_cross,toward_S4,3.2211583534378185
7,cx30,2024-03-29 22:52:37+00:00,40.288319,-88.126542,50.3997350736332,31.0,12.125925076388029,rs5,23.466567292942095,31.066314110405205,7.59974681746311,3,23.466567292942095,31.066314110405205,7.59974681746311,26.33125891160298,negative_cross,toward_S4,3.445712521519078
7,cx30,2024-03-29 22:52:38+00:00,40.288212,-88.126543,62.29718631109459,32.0,11.89745123746139,rs2,19.174293765913166,35.34198675173083,16.167692985817663,4,19.174293765913166,35.34198675173083,16.167692985817663,80.2309515867141,negative_cross,toward_S4,3.667893235636676
7,cx30,2024-03-29 22:52:39+00:00,40.28811,-88.126539,73.63110316602628,33.0,11.333916854931687,rs2,7.930800219937476,36.54416508046645,28.613364860528975,4,7.930800219937476,46.690918139765806,38.76011791982833,80.2309515867141,negative_cross,toward_S4,3.8777805848020774
7,cx30,2024-03-29 22:52:40+00:00,40.288024,-88.126537,83.18925076975367,34.0,9.558147603727392,rs2,2.3986796921145848,36.044832404250734,33.64615271213615,4,2.3986796921145848,56.25541181875482,53.85673212664024,80.2309515867141,negative_cross,toward_S4,4.054783318204437
7,cx30,2024-03-29 22:52:41+00:00,40.287955,-88.126533,90.85433211664211,35.0,7.665081346888442,rs2,9.644357507872627,37.25610727307726,27.611749765204635,4,9.644357507872627,63.93741875600287,54.29306124813024,80.2309515867141,negative_cross,toward_S4,4.196729269072741
7,cx30,2024-03-29 22:52:42+00:00,40.287905,-88.126514,96.38410298112832,36.0,5.52977086448621,rs2,15.4237382517095,37.836024432640826,22.412286180931325,4,15.4237382517095,69.5715263875461,54.1477881358366,80.2309515867141,negative_cross,toward_S4,4.299132433229893
7,cx30,2024-03-29 22:52:43+00:00,40.287866,-88.126474,100.65879777639745,37.0,4.274694795269127,rs2,20.558303766567054,37.109067211909014,16.55076344534196,4,20.558303766567054,74.16861437979449,53.61031061322744,80.2309515867141,negative_cross,toward_S4,4.378293447957099
7,cx30,2024-03-29 22:52:44+00:00,40.287847,-88.126413,102.6778249994659,38.0,2.0190272230684485,rs2,24.652567659595967,34.373424731195726,9.72085707159976,4,24.652567659595967,76.95340775876655,52.30084009917058,80.2309515867141,negative_cross,toward_S4,4.415682840976885
7,cx30,2024-03-29 22:52:45+00:00,40.28785,-88.126347,102.24331166893118,39.0,-0.4345133305347133,rs2,27.583914419397278,30.225632386829215,2.641717967431937,4,27.583914419397278,77.74764134059353,50.16372692119626,80.2309515867141,negative_cross,ambiguous,4.407636297818835
7,cx30,2024-03-29 22:52:46+00:00,40.287875,-88.126287,99.37208825644893,40.0,-2.8712234124822515,rs1,24.877690738162723,29.286138825168774,4.40844808700605,4,24.877690738162723,75.00152699370378,50.12383625554105,80.2309515867141,positive_cross,toward_S1,4.354465493883978
7,cx30,2024-03-29 22:52:47+00:00,40.287921,-88.126249,94.19981228209436,41.0,-5.1722759743545765,rs1,18.84860564682682,29.219649720013702,10.371044073186884,4,18.84860564682682,69.38189892284477,50.53329327601795,80.2309515867141,positive_cross,toward_S1,4.258682605470005
7,cx30,2024-03-29 22:52:48+00:00,40.287975,-88.126217,88.14730189532285,42.0,-6.052510386771502,rs1,12.515604046702933,29.662313553642065,17.146709506939132,4,12.515604046702933,63.02831355812648,50.512709511423544,80.2309515867141,positive_cross,toward_S1,4.146599079789051
7,cx30,2024-03-29 22:52:49+00:00,40.288036,-88.126194,81.33032406045537,43.0,-6.816977834867487,rs1,7.11627310385222,30.725011850288702,23.608738746436483,4,7.11627310385222,56.044546479443014,48.92827337559079,80.2309515867141,positive_cross,toward_S1,4.020358749513727
7,cx30,2024-03-29 22:52:50+00:00,40.288104,-88.126186,73.75805903316484,44.0,-7.572265027290527,rs1,8.122234919354323,32.19991146655408,24.077676547199754,4,8.122234919354323,48.45603256146855,40.33379764211422,80.2309515867141,positive_cross,toward_S1,3.8801316193787176
7,cx30,2024-03-29 22:52:51+00:00,40.288178,-88.126181,65.52332313223752,45.0,-8.234735900927319,rs1,14.73642964420711,35.337854447472694,20.601424803265584,4,14.73642964420711,40.2446074457787,25.508177801571588,80.2309515867141,positive_cross,toward_S1,3.7276365101022857
7,cx30,2024-03-29 22:52:52+00:00,40.288259,-88.126177,56.51187944019588,46.0,-9.011443692041645,rs1,23.231580718285933,31.2963861341026,8.064805415816668,4,23.231580718285933,31.2963861341026,8.064805415816668,80.2309515867141,positive_cross,toward_S1,3.5607579232126256
7,cx30,2024-03-29 22:52:53+00:00,40.288344,-88.126175,47.0587884982948,47.0,-9.453090941901074,rs3,22.010108409687238,32.47882332106025,10.46871491137301,3,22.010108409687238,32.47882332106025,10.46871491137301,26.33125891160298,positive_cross,toward_S1,3.3838431404942932
7,cx30,2024-03-29 22:52:54+00:00,40.288434,-88.126172,37.048283346141446,48.0,-10.010505152153357,rs3,12.427899716471476,34.789021213412504,22.361121496941028,3,12.427899716471476,42.36173339592262,29.933833679451144,26.33125891160298,positive_cross,toward_S1,3.198463415454416
7,cx30,2024-03-29 22:52:55+00:00,40.288526,-88.126168,26.813894484510456,49.0,-10.23438886163099,rs3,4.863153535375842,33.472783338766845,28.609629803391,3,4.863153535375842,52.50852529699829,47.64537176162245,26.33125891160298,positive_cross,toward_S1,3.008937695794583
7,cx30,2024-03-29 22:52:56+00:00,40.288637,-88.126163,14.465615740704981,50.0,-12.348278743805475,rs3,12.032289669995347,35.94567833016809,23.913388660172746,3,12.032289669995347,42.817787508988715,30.78549783899337,26.33125891160298,positive_cross,toward_S1,2.7802658672055927
7,cx30,2024-03-29 22:52:57+00:00,40.288746,-88.126164,2.348870921569851,51.0,-12.11674481913513,rs3,23.76739761630232,30.773350060360762,7.005952444058444,3,23.76739761630232,30.773350060360762,7.005952444058444,26.33125891160298,positive_cross,toward_S1,2.5558817038882755
7,cx30,2024-03-29 22:52:58+00:00,40.288855,-88.126159,-9.777054154028209,52.0,-12.12592507559806,rs6,18.729153301903203,35.70268711285746,16.973533810954258,2,18.729153301903203,35.70268711285746,16.973533810954258,-27.632700444717127,positive_cross,toward_S1,2.330660116494239
7,cx30,2024-03-29 22:52:59+00:00,40.288969,-88.126167,-22.438972841187255,53.0,-12.661918687159046,rs6,7.0887834433650045,30.748581609804468,23.659798166439465,2,7.0887834433650045,48.384908618506984,41.29612517514198,-27.632700444717127,positive_cross,toward_S1,2.096180140806109
7,cx30,2024-03-29 22:53:00+00:00,40.289084,-88.12617,-35.21971857601934,54.0,-12.780745734832085,rs6,8.355004606784906,31.015727142236482,22.660722535451576,2,8.355004606784906,44.42062283402864,36.06561822724373,-27.632700444717127,positive_cross,toward_S1,1.8594996642351442
7,cx30,2024-03-29 22:53:01+00:00,40.289196,-88.126165,-47.6791741523486,55.0,-12.459455576329262,rs6,19.94106818289778,31.981954870524923,12.040886687627143,2,19.94106818289778,31.981954870524923,12.040886687627143,-27.632700444717127,positive_cross,toward_S1,1.6287690054142319
7,cx30,2024-03-29 22:53:02+00:00,40.289304,-88.126162,-59.690862309679154,56.0,-12.011688157330553,rs8,20.042606176044547,31.767924837462783,11.725318661418235,1,20.042606176044547,31.767924837462783,11.725318661418235,-78.92951005359993,positive_cross,toward_S1,1.3562712545170514
7,cx30,2024-03-29 22:53:03+00:00,40.289396,-88.126166,-69.91301082910347,57.0,-10.222148519424316,rs8,10.198708025267196,28.01022297837914,17.811514953111946,1,10.198708025267196,41.977943914684175,31.77923588941698,-78.92951005359993,positive_cross,toward_S1,1.1669722078610456
7,cx30,2024-03-29 22:53:04+00:00,40.289472,-88.126167,-78.36092013940542,58.0,-8.447909310301952,rs8,3.840093961048654,26.474639267382866,22.63454530633421,1,3.840093961048654,50.40437171744307,46.56427775639442,-78.92951005359993,positive_cross,toward_S1,1.0105294428554539
7,cx30,2024-03-29 22:53:05+00:00,40.289537,-88.126175,-85.57517397994977,59.0,-7.214253840544345,rs8,7.530809945914307,26.666611045751836,19.13580109983753,1,7.530809945914307,57.66553390182441,50.134723955910104,-78.92951005359993,positive_cross,toward_S1,0.87693214951204
7,cx30,2024-03-29 22:53:06+00:00,40.289597,-88.126184,-92.23201360949537,60.0,-6.656839629545601,rs8,13.800001052454581,28.41211765099164,14.612116598537058,1,13.800001052454581,64.38006120470067,50.580060152246084,-78.92951005359993,positive_cross,toward_S1,0.7536573415574919
7,cx30,2024-03-29 22:53:07+00:00,40.28965,-88.126217,-98.07389437523152,61.0,-5.84188076573615,rs8,20.317305076222567,29.46579153554133,9.148486459318764,1,20.317305076222567,70.53407915883619,50.216774082613625,-78.92951005359993,positive_cross,toward_S1,0.6454743644142298
7,cx30,2024-03-29 22:53:08+00:00,40.289687,-88.126268,-102.10940503144924,62.0,-4.035510656217724,rs8,25.903859107824047,29.5081231636819,3.604264055857854,1,25.903859107824047,75.23350274025798,49.32964363243393,-78.92951005359993,positive_cross,toward_S1,0.570742685595383
7,cx30,2024-03-29 22:53:09+00:00,40.289699,-88.126329,-103.35019441895157,63.0,-1.240789387502332,rs10,27.86788409955546,29.787750727508296,1.9198666279528354,1,27.86788409955546,77.57992688076614,49.71204278121068,-78.92951005359993,negative_cross,toward_S1,0.5477651043453399
7,cx30,2024-03-29 22:53:10+00:00,40.289693,-88.126393,-102.58521067345107,64.0,0.7649837455005013,rs10,25.204221968107685,32.77563729221698,7.571415324109292,1,25.204221968107685,76.1967942253055,50.99257225719781,-78.92951005359993,negative_cross,toward_S4,0.5619314700027566
7,cx30,2024-03-29 22:53:11+00:00,40.289669,-88.126446,-99.83587439517558,65.0,2.749336278275493,rs10,21.637465232882448,34.376240966178806,12.738775733296357,1,21.637465232882448,73.01151014564566,51.37404491276321,-78.92951005359993,negative_cross,toward_S4,0.612845104785636
7,cx30,2024-03-29 22:53:12+00:00,40.289619,-88.126475,-94.23266147187631,66.0,5.603212923299267,rs10,15.897866964475423,33.49204929733937,17.594182332863948,1,15.897866964475423,67.27749127535927,51.37962431088384,-78.92951005359993,negative_cross,toward_S4,0.7166083070689558
7,cx30,2024-03-29 22:53:13+00:00,40.289564,-88.12647,-88.12558583820197,67.0,6.1070756336743415,rs10,9.806568277053488,30.778551715137123,20.971983438083633,1,9.806568277053488,61.20352789923405,51.39695962218056,-78.92951005359993,negative_cross,toward_S4,0.8297023002851474
7,cx30,2024-03-29 22:53:14+00:00,40.289514,-88.126444,-82.60652527305058,68.0,5.519060565151392,rs10,5.1563562266342124,27.418295436381417,22.261939209747204,1,5.1563562266342124,55.88539852159717,50.72904229496295,-78.92951005359993,negative_cross,toward_S4,0.9319071255657286
7,cx30,2024-03-29 22:53:15+00:00,40.289463,-88.126427,-76.96251748871693,69.0,5.6440077843336525,rs10,4.64616941425267,25.825863579761094,21.179694165508423,1,4.64616941425267,50.4756633062334,45.82949389198073,-78.92951005359993,negative_cross,toward_S4,1.0364257882385741
7,cx30,2024-03-29 22:53:16+00:00,40.289408,-88.126423,-70.85391181296073,70.0,6.108605675756195,rs10,8.941294123910678,26.695066136128528,17.75377201221785,1,8.941294123910678,44.516117487512304,35.574823363601624,-78.92951005359993,negative_cross,toward_S4,1.1495481155673926
7,cx30,2024-03-29 22:53:17+00:00,40.289347,-88.126429,-64.06294470619008,71.0,6.790967106770651,rs10,14.97282706650127,29.936060779247125,14.963233712745854,1,14.97282706650127,37.76937685333737,22.7965497868361,-78.92951005359993,negative_cross,toward_S4,1.275306765692775
7,cx30,2024-03-29 22:53:18+00:00,40.289285,-88.12644,-57.15315055172466,72.0,6.909794154465423,rs10,21.511357971755533,30.83859411251937,9.327236140763837,1,21.511357971755533,30.83859411251937,9.327236140763837,-78.92951005359993,negative_cross,toward_S4,1.403265916701394
7,cx30,2024-03-29 22:53:19+00:00,40.289222,-88.126449,-50.13523964971094,73.0,7.017910902013718,rs7,23.861623923350724,28.37699255096283,4.515368627612105,2,23.861623923350724,28.37699255096283,4.515368627612105,-27.632700444717127,negative_cross,toward_S4,1.583286311018633
7,cx30,2024-03-29 22:53:20+00:00,40.289161,-88.126455,-43.344272542918546,74.0,6.790967106792394,rs7,17.239301971293877,32.6190163303122,15.379714359018323,2,17.239301971293877,35.10652149146702,17.867219520173144,-27.632700444717127,negative_cross,toward_S4,1.7090449611444183
7,cx30,2024-03-29 22:53:21+00:00,40.289097,-88.126458,-36.224365064054005,75.0,7.1199074788645405,rs7,10.687299594113847,30.110911343683856,19.423611749570007,2,10.687299594113847,42.203531588029506,31.51623199391566,-27.632700444717127,negative_cross,toward_S4,1.8408950996419096
7,cx30,2024-03-29 22:53:22+00:00,40.289033,-88.126464,-29.099867457342118,76.0,7.124497606711888,rs7,5.481728113685585,29.422867057466327,23.941138943780743,2,5.481728113685585,49.30082080551938,43.819092691833795,-27.632700444717127,negative_cross,toward_S4,1.9728302405069447
7,cx30,2024-03-29 22:53:23+00:00,40.288899,-88.126466,-14.199111669638073,77.0,14.900755787704044,rs7,13.849061984186669,32.49727977373441,18.648217789547743,2,13.849061984186669,41.916626807904876,28.067564823718207,-27.632700444717127,negative_cross,toward_S4,2.2487701625014638
7,cx30,2024-03-29 22:53:24+00:00,40.288834,-88.12647,-6.966497314566188,78.0,7.2326143550718855,rs7,20.684894165778612,34.77663404701894,14.091739881240326,2,20.684894165778612,34.77663404701894,14.091739881240326,-27.632700444717127,negative_cross,toward_S4,2.3827074653731657
7,cx30,2024-03-29 22:53:25+00:00,40.288771,-88.126481,0.05447367400294495,79.0,7.0209709885691325,rs7,27.419809495417248,27.747664237188044,0.3278547417707962,2,27.419809495417248,27.747664237188044,0.3278547417707962,-27.632700444717127,negative_cross,toward_S4,2.512725446642964
7,cx30,2024-03-29 22:53:26+00:00,40.288709,-88.126497,6.971918042849401,80.0,6.917444368846456,rs5,20.73483384955277,34.14727344990603,13.41243960035326,3,20.73483384955277,34.14727344990603,13.41243960035326,26.33125891160298,negative_cross,toward_S4,2.6414936876156743
7,cx30,2024-03-29 22:53:27+00:00,40.288648,-88.126513,13.77818557759215,81.0,6.80626753474275,rs5,13.843842548709407,36.21511057879863,22.371268030089222,3,13.843842548709407,40.86468345838825,27.020840909678842,26.33125891160298,negative_cross,toward_S4,2.7675356789997996
7,cx30,2024-03-29 22:53:28+00:00,40.288587,-88.126523,20.57527285587197,82.0,6.797087278279818,rs5,7.230231632240406,35.31217022901481,28.081938596774407,3,7.230231632240406,47.638370205938244,40.40813857369784,26.33125891160298,negative_cross,toward_S4,2.893407665634611
7,cx30,2024-03-29 22:53:29+00:00,40.288525,-88.126529,27.477416795956362,83.0,6.902143940084393,rs5,2.884073482473677,35.38380822300129,32.499734740527614,3,2.884073482473677,54.00486651196451,51.120793029490834,26.33125891160298,negative_cross,toward_S4,3.021225146006544
7,cx30,2024-03-29 22:53:30+00:00,40.288462,-88.126529,34.48155731210162,84.0,7.0041405161452595,rs5,8.01737005204026,36.30789662918773,28.29052657714747,3,8.01737005204026,47.004907417250536,38.98753736521027,26.33125891160298,negative_cross,toward_S4,3.150931451861086
7,cx30,2024-03-29 22:53:31+00:00,40.2884,-88.12653,41.376051037804984,85.0,6.894493725703363,rs5,14.654445807777767,38.54019449978683,23.88574869200906,3,14.654445807777767,40.11377432834285,25.45932852056508,26.33125891160298,negative_cross,toward_S4,3.2786072615963335
7,cx30,2024-03-29 22:53:32+00:00,40.288339,-88.12653,48.157837887322735,86.0,6.781786849517751,rs5,21.356254843313383,33.341417270312675,11.985162426999292,3,21.356254843313383,33.341417270312675,11.985162426999292,26.33125891160298,negative_cross,toward_S4,3.4041959069577734
7,cx30,2024-03-29 22:53:33+00:00,40.288278,-88.12653,54.9396247368405,87.0,6.781786849517765,rs2,26.57541212441841,28.097929980582016,1.5225178561636064,4,26.57541212441841,28.097929980582016,1.5225178561636064,80.2309515867141,negative_cross,toward_S4,3.5316420953727112
7,cx30,2024-03-29 22:53:34+00:00,40.288217,-88.126529,61.71988154269644,88.0,6.780256805855942,rs2,19.83192176020728,34.86316137831488,15.031239618107598,4,19.83192176020728,34.86316137831488,15.031239618107598,80.2309515867141,negative_cross,toward_S4,3.6572024065922655
7,cx30,2024-03-29 22:53:35+00:00,40.288156,-88.126533,68.50778856370161,89.0,6.787907021005168,rs2,13.061259983697923,37.24270562145611,24.181445637758188,4,13.061259983697923,41.607264860621875,28.546004876923952,80.2309515867141,negative_cross,toward_S4,3.7829043884627316
7,cx30,2024-03-29 22:53:36+00:00,40.288095,-88.126539,75.29875567047225,90.0,6.790967106770637,rs2,6.2979593947028825,36.30574314783275,30.007783753129868,4,6.2979593947028825,48.35784390942602,42.05988451472314,80.2309515867141,negative_cross,toward_S4,3.908663038588114
7,cx30,2024-03-29 22:53:37+00:00,40.288034,-88.126543,82.08666269070926,91.0,6.787907020237014,rs2,1.2907266332268534,36.46100380756951,35.17027717434266,4,1.2907266332268534,55.126362302901015,53.83563566967416,80.2309515867141,negative_cross,toward_S4,4.034365020444355
7,cx30,2024-03-29 22:53:38+00:00,40.287975,-88.126536,88.6353855726848,92.0,6.548722881975536,rs2,7.417296997688786,36.8956258641357,29.478328866446915,4,7.417296997688786,61.70485982914334,54.28756283145455,80.2309515867141,negative_cross,toward_S4,4.155637666406864
7,cx30,2024-03-29 22:53:39+00:00,40.287926,-88.126529,94.072340119153,93.0,5.4369545464682005,rs2,12.8756399496033,38.03518786669673,25.15954791709343,4,12.8756399496033,67.17413265424841,54.29849270464511,80.2309515867141,negative_cross,toward_S4,4.256322009859979
7,cx30,2024-03-29 22:53:40+00:00,40.287884,-88.126516,98.72187657278043,94.0,4.649536453627434,rs2,17.67080428724392,39.07511183873231,21.40430755148839,4,17.67080428724392,71.893811821356,54.22300753411207,80.2309515867141,negative_cross,toward_S4,4.342424536779006
7,cx30,2024-03-29 22:53:41+00:00,40.287846,-88.126478,102.88845461971131,95.0,4.16657804693088,rs2,22.56178959977325,38.68772936218479,16.12593976241154,4,22.56178959977325,76.34942940574541,53.78763980597216,80.2309515867141,negative_cross,toward_S4,4.419583389499948
7,cx30,2024-03-29 22:53:42+00:00,40.287821,-88.126429,105.59290335874793,96.0,2.7044487390366214,rs2,26.628661821286894,37.34736693571954,10.718705114432648,4,26.628661821286894,79.60269181794104,52.97402999665414,80.2309515867141,negative_cross,toward_S4,4.469665773556182
7,cx30,2024-03-29 22:53:43+00:00,40.287817,-88.126372,105.95039824966953,97.0,0.35749489092160047,rs2,29.302526140155575,34.39921775194214,5.096691611786564,4,29.302526140155575,80.86926500664487,51.56673886648929,80.2309515867141,negative_cross,ambiguous,4.476286049313989
7,cx30,2024-03-29 22:53:44+00:00,40.287831,-88.126316,104.3082401782858,98.0,-1.642158071383733,rs1,30.294785946508913,30.9006915572531,0.6059056107441876,4,30.294785946508913,80.29837085215925,50.00358490565034,80.2309515867141,positive_cross,toward_S1,4.445875714658735
7,cx30,2024-03-29 22:53:45+00:00,40.287855,-88.126268,101.56655411360133,99.0,-2.7416860646844725,rs1,25.857267946775888,31.94427506524085,6.08700711846496,4,25.857267946775888,76.88991156030448,51.03264361352859,80.2309515867141,positive_cross,toward_S1,4.395103750497912
7,cx30,2024-03-29 22:53:46+00:00,40.287896,-88.126226,96.94404213511804,100.0,-4.622511978483288,rs1,20.136890548705885,32.25780222390684,12.120911675200958,4,20.136890548705885,71.83666968778465,51.699779139078764,80.2309515867141,positive_cross,toward_S1,4.309501676822295
7,cx30,2024-03-29 22:53:47+00:00,40.287953,-88.126207,90.57789180578294,101.0,-6.366150329335099,rs1,13.873566839929737,31.15619153464004,17.282624694710304,4,13.873566839929737,65.34187882191277,51.468311981983035,80.2309515867141,positive_cross,toward_S1,4.19161000405683
7,cx30,2024-03-29 22:53:48+00:00,40.288007,-88.126194,84.55445223445365,102.0,-6.023439571329291,rs1,8.670701921501477,30.939124240324162,22.268422318822687,4,8.670701921501477,59.24662988383974,50.57592796233826,80.2309515867141,positive_cross,toward_S1,4.080064826809991
7,cx30,2024-03-29 22:53:49+00:00,40.288067,-88.126185,77.87007183317114,103.0,-6.68438040128251,rs1,6.137021217260908,31.629489927199494,25.492468709938585,4,6.137021217260908,52.52955195905983,46.39253074179892,80.2309515867141,positive_cross,toward_S1,3.9562800045640194
7,cx30,2024-03-29 22:53:50+00:00,40.288128,-88.126179,71.07910472637876,104.0,-6.79096710679238,rs1,9.741406717004025,33.46154034499988,23.720133627995857,4,9.741406717004025,45.732887583910326,35.9914808669063,80.2309515867141,positive_cross,toward_S1,3.8305213544382344
7,cx30,2024-03-29 22:53:51+00:00,40.288189,-88.126172,64.28660757673624,105.0,-6.792497149642514,rs1,15.616438419248917,36.565459504341625,20.94902108509271,4,15.616438419248917,38.92759383968201,23.311155420433096,80.2309515867141,positive_cross,toward_S1,3.7047343701855953
7,cx30,2024-03-29 22:53:52+00:00,40.288254,-88.126167,57.052463178792514,106.0,-7.23414439794373,rs1,22.506518336801008,31.70855221747214,9.20203388067113,4,22.506518336801008,31.70855221747214,9.20203388067113,80.2309515867141,positive_cross,toward_S1,3.5707687331866373
7,cx30,2024-03-29 22:53:53+00:00,40.288322,-88.126162,49.48478828011757,107.0,-7.5676748986749445,rs3,24.174538692723218,29.895928062060744,5.721389369337526,3,24.174538692723218,29.895928062060744,5.721389369337526,26.33125891160298,positive_cross,toward_S1,3.4287690623799
7,cx30,2024-03-29 22:53:54+00:00,40.288392,-88.126161,41.70087988553434,108.0,-7.783908394583229,rs3,16.543088642655974,37.33564816289974,20.792559520243763,3,16.543088642655974,37.61557751770264,21.072488875046666,26.33125891160298,positive_cross,toward_S1,3.2846226106283587
7,cx30,2024-03-29 22:53:55+00:00,40.288463,-88.126161,33.80732470050922,109.0,-7.8935551850251215,rs3,9.114228206612323,34.8559776571238,25.741749450511477,3,9.114228206612323,45.4761676460579,36.36193943944558,26.33125891160298,positive_cross,toward_S1,3.138445662757523
7,cx30,2024-03-29 22:53:56+00:00,40.288536,-88.126162,25.692945890938503,110.0,-8.114378809570717,rs3,4.225191424845445,33.987632499333905,29.76244107448846,3,4.225191424845445,53.575728086274395,49.35053666142895,26.33125891160298,positive_cross,toward_S1,2.9881793885062136
7,cx30,2024-03-29 22:53:57+00:00,40.28861,-88.126165,17.4704503338195,111.0,-8.222495557119004,rs3,9.370865135720821,34.89633993669298,25.525474800972162,3,9.370865135720821,45.82409899075471,36.45323385503389,26.33125891160298,positive_cross,toward_S1,2.835910952263269
7,cx30,2024-03-29 22:53:58+00:00,40.288688,-88.126167,8.801717398971975,112.0,-8.668732934847524,rs3,17.53406511492523,37.20844439645528,19.674379281530047,3,17.53406511492523,37.20844439645528,19.674379281530047,26.33125891160298,positive_cross,toward_S1,2.6753788608772036
7,cx30,2024-03-29 22:53:59+00:00,40.288764,-88.126167,0.352278045798196,113.0,-8.44943935317378,rs3,25.782291178315166,28.824772633219446,3.04248145490428,3,25.782291178315166,28.824772633219446,3.04248145490428,26.33125891160298,positive_cross,toward_S1,2.518907761744356
7,cx30,2024-03-29 22:54:00+00:00,40.288844,-88.126165,-8.544928727164251,114.0,-8.897206772962447,rs6,20.028231134870644,34.54936676829507,14.521135633424429,2,20.028231134870644,34.54936676829507,14.521135633424429,-27.632700444717127,positive_cross,toward_S1,2.353477254028757
7,cx30,2024-03-29 22:54:01+00:00,40.288925,-88.126163,-17.55331233423041,115.0,-9.008383607066158,rs6,11.28848848581324,32.25713954934981,20.96865106353657,2,11.28848848581324,43.48118754322287,32.192699057409634,-27.632700444717127,positive_cross,toward_S1,2.186655335379384
7,cx30,2024-03-29 22:54:02+00:00,40.289004,-88.126164,-26.334752145263533,116.0,-8.781439811033124,rs6,4.338774755717208,30.5946185940335,26.25584383831629,2,4.338774755717208,52.23912586599015,47.900351110272936,-27.632700444717127,positive_cross,toward_S1,2.024036079619511
7,cx30,2024-03-29 22:54:03+00:00,40.289083,-88.126169,-35.110071784787486,117.0,-8.775319639523953,rs6,8.215696258814361,31.07081883748078,22.855122578666418,2,8.215696258814361,44.523992572381324,36.30829631356696,-27.632700444717127,positive_cross,toward_S1,1.8615301603690675
7,cx30,2024-03-29 22:54:04+00:00,40.289162,-88.126171,-43.889981552948754,118.0,-8.779909768161268,rs6,16.38834103409237,34.12819184159232,17.73985080749995,2,16.38834103409237,35.796796588261174,19.408455554168803,-27.632700444717127,positive_cross,toward_S1,1.6989392387364513
7,cx30,2024-03-29 22:54:05+00:00,40.28924,-88.126169,-52.564834659283704,119.0,-8.67485310633495,rs6,24.811549408390732,27.168959345045817,2.3574099366550847,2,24.811549408390732,27.168959345045817,2.3574099366550847,-27.632700444717127,positive_cross,toward_S1,1.5382938108413597
7,cx30,2024-03-29 22:54:06+00:00,40.289317,-88.126163,-61.13463110302413,120.0,-8.569796443740422,rs8,18.632412252743876,32.1237351484936,13.491322895749725,1,18.632412252743876,33.21384062562683,14.581428372882954,-78.92951005359993,positive_cross,toward_S1,1.3295347953810333
7,cx30,2024-03-29 22:54:07+00:00,40.289393,-88.126157,-69.59325071345079,121.0,-8.458619610426659,rs8,10.27536550816361,28.840374383866525,18.565008875702915,1,10.27536550816361,41.57753142609633,31.30216591793272,-78.92951005359993,positive_cross,toward_S1,1.1728936914842434
7,cx30,2024-03-29 22:54:08+00:00,40.289465,-88.126156,-77.59951277547323,122.0,-8.006262062022444,rs8,3.323857027095754,27.431772068254805,24.10791504115905,1,3.323857027095754,49.55843562789954,46.234578600803786,-78.92951005359993,positive_cross,toward_S1,1.0246295792245685
7,cx30,2024-03-29 22:54:09+00:00,40.289533,-88.126159,-85.15494733112982,123.0,-7.555434555656589,rs8,6.438250332878848,27.87732559290703,21.439075260028183,1,6.438250332878848,57.12271618758515,50.6844658547063,-78.92951005359993,positive_cross,toward_S1,0.8847141244901872
7,cx30,2024-03-29 22:54:10+00:00,40.289589,-88.126163,-91.37472984098973,124.0,-6.219782509859911,rs8,12.383178965174363,29.60521528110623,17.222036315931867,1,12.383178965174363,63.3604880277117,50.977309062537344,-78.92951005359993,positive_cross,toward_S1,0.7695329669001888
7,cx30,2024-03-29 22:54:11+00:00,40.289636,-88.126175,-96.58168050565946,125.0,-5.206950664669733,rs8,17.696822525072125,31.3294410339277,13.632618508855575,1,17.696822525072125,68.64390348069324,50.94708095562112,-78.92951005359993,positive_cross,toward_S1,0.6731079545914901
7,cx30,2024-03-29 22:54:12+00:00,40.289675,-88.126207,-100.86861564394688,126.0,-4.286935138287419,rs8,22.623908324151408,31.968285915179514,9.344377591028106,1,22.623908324151408,73.20277772088171,50.578869396730305,-78.92951005359993,positive_cross,toward_S1,0.5937202668454268
7,cx30,2024-03-29 22:54:13+00:00,40.289702,-88.12625,-103.80459830686394,127.0,-2.9359826629170556,rs8,26.736950302627275,31.761538357468922,5.024588054841647,1,26.736950302627275,76.63956551256395,49.90261520993667,-78.92951005359993,positive_cross,toward_S1,0.539350217532148
7,cx30,2024-03-29 22:54:14+00:00,40.289712,-88.126305,-104.83221428499164,128.0,-1.0276159781276988,rs8,29.873770876767257,30.106130170268003,0.23235929350074613,1,29.873770876767257,78.55007742594088,48.67630654917363,-78.92951005359993,positive_cross,toward_S1,0.5203202920112646
7,cx30,2024-03-29 22:54:15+00:00,40.289703,-88.12636,-103.74747042462842,129.0,1.0847438603632185,rs10,27.181833458724096,31.742538077012856,4.56070461828876,1,27.181833458724096,77.75015170363578,50.56831824491168,-78.92951005359993,negative_cross,toward_S4,0.5404081412772501
7,cx30,2024-03-29 22:54:16+00:00,40.289682,-88.126413,-101.3316646463159,130.0,2.4158057783125173,rs10,23.57613219370189,33.14670250785548,9.570570314153588,1,23.57613219370189,74.75342201210583,51.177289818403935,-78.92951005359993,negative_cross,toward_S4,0.5851452853200745
7,cx30,2024-03-29 22:54:17+00:00,40.289635,-88.126443,-96.06045218087597,131.0,5.27121246543993,rs10,17.935839485338015,32.010725232854824,14.07488574751681,1,17.935839485338015,69.27123724298649,51.33539775764847,-78.92951005359993,negative_cross,toward_S4,0.6827603309763696
7,cx30,2024-03-29 22:54:18+00:00,40.289579,-88.126454,-89.81771902866289,132.0,6.242733152213077,rs10,11.64007034064161,30.044347520075146,18.404277179433535,1,11.64007034064161,62.98134380366936,51.34127346302775,-78.92951005359993,negative_cross,toward_S4,0.7983665004617969
7,cx30,2024-03-29 22:54:19+00:00,40.289526,-88.126454,-83.92534684802503,133.0,5.892372180637864,rs10,5.941675770023697,28.45962830080843,22.517952530784733,1,5.941675770023697,57.115569908183865,51.173894138160165,-78.92951005359993,negative_cross,toward_S4,0.9074845038069426
7,cx30,2024-03-29 22:54:20+00:00,40.289466,-88.126447,-77.26544713194576,134.0,6.659899716079266,rs10,2.938183443779242,27.494132215170396,24.555948771391154,1,2.938183443779242,50.55689398357464,47.618710539795394,-78.92951005359993,negative_cross,toward_S4,1.0308159800306327
7,cx30,2024-03-29 22:54:21+00:00,40.289403,-88.126441,-70.2704868730534,135.0,6.9949602588923625,rs10,8.746517318441615,28.31930315882607,19.572785840384455,1,8.746517318441615,43.69775335628653,34.95123603784492,-78.92951005359993,negative_cross,toward_S4,1.160352281121232
7,cx30,2024-03-29 22:54:22+00:00,40.289342,-88.126438,-63.493290152172946,136.0,6.777196720880454,rs10,15.315706637712944,30.875661590771447,15.559954953058503,1,15.315706637712944,37.06797438815806,21.75226775044512,-78.92951005359993,negative_cross,toward_S4,1.2858559241004996
7,cx30,2024-03-29 22:54:23+00:00,40.289276,-88.126439,-56.15408909240289,137.0,7.339201059770055,rs10,22.513641436914668,29.8861854496248,7.372544012710133,1,22.513641436914668,29.8861854496248,7.372544012710133,-78.92951005359993,negative_cross,toward_S4,1.421767054836982
7,cx30,2024-03-29 22:54:24+00:00,40.289206,-88.126444,-48.36406052631049,138.0,7.790028566092403,rs7,22.278143375190176,30.188635001385663,7.910491626195487,2,22.278143375190176,30.188635001385663,7.910491626195487,-27.632700444717127,negative_cross,toward_S4,1.6160859244149377
7,cx30,2024-03-29 22:54:25+00:00,40.289135,-88.12645,-40.46132508403249,139.0,7.902735442278001,rs7,14.730749422445557,30.948465969740283,16.217716547294728,2,14.730749422445557,38.01900299079321,23.288253568347656,-27.632700444717127,negative_cross,toward_S4,1.7624328770497155
7,cx30,2024-03-29 22:54:26+00:00,40.289061,-88.126456,-32.22505914023331,140.0,8.236265943799175,rs7,7.708205662054198,29.063690074817575,21.355484412763378,2,7.708205662054198,46.21127367815402,38.503068016099824,-27.632700444717127,negative_cross,toward_S4,1.914956320453404
7,cx30,2024-03-29 22:54:27+00:00,40.288983,-88.126459,-23.548675991816463,141.0,8.67638314841685,rs7,6.603099621320269,29.262455583434498,22.65935596211423,2,6.603099621320269,51.21075736685577,44.607657745535505,-27.632700444717127,negative_cross,toward_S4,2.0756300824611236
7,cx30,2024-03-29 22:54:28+00:00,40.288904,-88.126458,-14.767236180783337,142.0,8.781439811033126,rs7,13.597544687013492,31.649617091065814,18.05207240405232,2,13.597544687013492,42.59826425781154,29.00071957079805,-27.632700444717127,negative_cross,toward_S4,2.2382493382209963
7,cx30,2024-03-29 22:54:29+00:00,40.288823,-88.126457,-5.763442702332754,143.0,9.003793478450582,rs7,22.137863357325216,33.86055502442497,11.722691667099753,2,22.137863357325216,33.86055502442497,11.722691667099753,-27.632700444717127,negative_cross,toward_S4,2.4049862544885996
7,cx30,2024-03-29 22:54:30+00:00,40.288741,-88.126464,3.363767952428181,144.0,9.127210654760935,rs5,24.9751806946253,30.93535633769396,5.960175643068659,3,24.9751806946253,30.93535633769396,5.960175643068659,26.33125891160298,negative_cross,toward_S4,2.574676093348615
7,cx30,2024-03-29 22:54:31+00:00,40.288663,-88.126488,12.072282002030972,145.0,8.70851404960279,rs5,16.148297165195338,34.873041417204114,18.724744252008776,3,16.148297165195338,39.30588418500879,23.157587019813455,26.33125891160298,negative_cross,toward_S4,2.735944872044963
7,cx30,2024-03-29 22:54:32+00:00,40.288587,-88.126512,20.55844238423805,146.0,8.486160382207077,rs5,7.7073101594614535,34.391342506532254,26.6840323470708,3,7.7073101594614535,47.649671388179854,39.9423612287184,26.33125891160298,negative_cross,toward_S4,2.8930959902339826
7,cx30,2024-03-29 22:54:33+00:00,40.288511,-88.126524,29.026242251917605,147.0,8.467799867679556,rs5,3.85463542247493,35.04891475092988,31.19427932845495,3,3.85463542247493,52.469459997590356,48.61482457511543,26.33125891160298,negative_cross,toward_S4,3.0499070988947152
7,cx30,2024-03-29 22:54:34+00:00,40.288434,-88.126533,37.6006288242736,148.0,8.574386572355994,rs5,10.902181648372355,37.461274534357585,26.55909288598523,3,10.902181648372355,43.87809422685458,32.97591257848222,26.33125891160298,negative_cross,toward_S4,3.2086920354198263
7,cx30,2024-03-29 22:54:35+00:00,40.288357,-88.126537,46.167365183060255,149.0,8.566736358786656,rs5,19.297086317096245,35.307081736379246,16.009995419283,3,19.297086317096245,35.307081736379246,16.009995419283,26.33125891160298,negative_cross,toward_S4,3.367335301323283
7,cx30,2024-03-29 22:54:36+00:00,40.28828,-88.126536,54.72645132667593,150.0,8.559086143615673,rs2,26.75983987331834,27.83081642957958,1.0709765562612397,4,26.75983987331834,27.83081642957958,1.0709765562612397,80.2309515867141,negative_cross,toward_S4,3.527694439628923
7,cx30,2024-03-29 22:54:37+00:00,40.288203,-88.126531,63.27941729878242,151.0,8.552965972106492,rs2,18.265584541899145,36.40251686431303,18.136932322413884,4,18.265584541899145,36.40251686431303,18.136932322413884,80.2309515867141,negative_cross,toward_S4,3.6860826983716355
7,cx30,2024-03-29 22:54:38+00:00,40.288127,-88.12653,71.72732660908436,152.0,8.447909310301938,rs2,9.937676542774113,36.15842387419424,26.220747331420128,4,9.937676542774113,44.84233894632714,34.904662403553026,80.2309515867141,negative_cross,toward_S4,3.842525463377227
7,cx30,2024-03-29 22:54:39+00:00,40.288053,-88.126532,79.95747238137434,153.0,8.230145772289987,rs2,2.5107735506202893,35.449014195896396,32.93824064527611,4,2.5107735506202893,53.05137893939831,50.54060538877802,80.2309515867141,negative_cross,toward_S4,3.994935570271486
7,cx30,2024-03-29 22:54:40+00:00,40.287981,-88.126531,87.96067435684138,154.0,8.003201975467036,rs2,6.888668234110386,36.32587056103929,29.4372023269289,4,6.888668234110386,61.05504776274939,54.166379528639006,80.2309515867141,negative_cross,toward_S4,4.143143014261616
7,cx30,2024-03-29 22:54:41+00:00,40.287925,-88.12653,94.18504699533858,155.0,6.224372638497201,rs2,12.970339161572959,38.15594425982385,25.18560509825089,4,12.970339161572959,67.2817289947542,54.311389833181245,80.2309515867141,negative_cross,toward_S4,4.258409174233787
7,cx30,2024-03-29 22:54:42+00:00,40.287882,-88.126522,98.95341049666082,156.0,4.768363501322241,rs2,17.799347841561335,39.62799359368947,21.828645752128132,4,17.799347841561335,72.08987324696702,54.29052540540568,80.2309515867141,negative_cross,toward_S4,4.34671220203605
7,cx30,2024-03-29 22:54:43+00:00,40.287843,-88.126491,103.24187567782015,157.0,4.288465181159324,rs2,22.58622907976881,39.77088148640751,17.1846524066387,4,22.58622907976881,76.58639270185652,54.00016362208771,80.2309515867141,negative_cross,toward_S4,4.426128223909371
7,cx30,2024-03-29 22:54:44+00:00,40.287817,-88.126447,106.06515146534151,158.0,2.823275787521368,rs2,26.463995585765797,38.75775517241116,12.293759586645361,4,26.463995585765797,79.84130312721848,53.37730754145268,80.2309515867141,negative_cross,toward_S4,4.478411108863471
7,cx30,2024-03-29 22:54:45+00:00,40.287809,-88.126391,106.86888373238996,159.0,0.8037322670484457,rs2,29.25389256708238,36.11737096272189,6.863478395639511,4,29.25389256708238,81.43790221015512,52.184009643072734,80.2309515867141,negative_cross,toward_S4,4.493295039734738
7,cx30,2024-03-29 22:54:46+00:00,40.287821,-88.126339,105.45519949993286,160.0,-1.4136842324571006,rs2,30.529996643143033,32.33014153892063,1.8001448957775956,4,30.529996643143033,81.04242471517657,50.51242807203353,80.2309515867141,negative_cross,toward_S1,4.467115702096644
7,cx30,2024-03-29 22:54:47+00:00,40.287846,-88.126284,102.59162630180992,161.0,-2.8635731981229355,rs1,27.41466540091265,31.592585695741118,4.177920294828468,4,27.41466540091265,78.11811147209818,50.703446071185525,80.2309515867141,positive_cross,toward_S1,4.414086568798071
7,cx30,2024-03-29 22:54:48+00:00,40.287891,-88.12624,97.5213469035162,162.0,-5.070279398293721,rs1,21.20154871036112,31.520693871464577,10.319145161103457,4,21.20154871036112,72.55577655592165,51.35422784556053,80.2309515867141,positive_cross,toward_S1,4.3201925058667054
7,cx30,2024-03-29 22:54:49+00:00,40.287944,-88.126205,91.57542322223284,163.0,-5.945923681283361,rs1,14.61862651729179,31.640834490789192,17.0222079734974,4,14.61862651729179,66.3150569241208,51.69643040682901,80.2309515867141,positive_cross,toward_S1,4.210082808065162
7,cx30,2024-03-29 22:54:50+00:00,40.288005,-88.126191,84.77221577325555,164.0,-6.80320744897729,rs1,8.617345485132995,31.218763346189174,22.601417861056177,4,8.617345485132995,59.438389170569465,50.82104368543647,80.2309515867141,positive_cross,toward_S1,4.084097484935953
7,cx30,2024-03-29 22:54:51+00:00,40.288069,-88.126186,77.64924820862554,165.0,-7.122967564630017,rs1,6.268827486453535,31.567065603054903,25.298238116601368,4,6.268827486453535,52.318735112457105,46.049907626003574,80.2309515867141,positive_cross,toward_S1,3.952190678183545
7,cx30,2024-03-29 22:54:52+00:00,40.28813,-88.126183,70.86287123047049,166.0,-6.786376978155047,rs1,10.117762975231436,33.203653859061255,23.08589088382982,4,10.117762975231436,45.55566415448116,35.43790117924972,80.2309515867141,positive_cross,toward_S1,3.826517030439933
7,cx30,2024-03-29 22:54:53+00:00,40.288192,-88.126177,63.960727290386096,167.0,-6.902143940084393,rs1,16.069216658625702,36.342016604022845,20.272799945397143,4,16.069216658625702,38.65483752638597,22.585620867760266,80.2309515867141,positive_cross,toward_S1,3.698699550068
7,cx30,2024-03-29 22:54:54+00:00,40.288254,-88.126173,57.06164343604541,168.0,-6.899083854340688,rs1,22.613346717363406,31.787184417052377,9.17383769968897,4,22.613346717363406,31.787184417052377,9.17383769968897,80.2309515867141,positive_cross,toward_S1,3.5709387379505797
7,cx30,2024-03-29 22:54:55+00:00,40.288317,-88.126171,50.05444283415643,169.0,-7.007200601888975,rs3,24.8641889824359,29.460272281583027,4.5960832991471285,3,24.8641889824359,29.460272281583027,4.5960832991471285,26.33125891160298,positive_cross,toward_S1,3.439318220788027
7,cx30,2024-03-29 22:54:56+00:00,40.288381,-88.12617,42.93759544103561,170.0,-7.116847393120821,rs3,17.923981668286572,36.49034588952113,18.566364221234558,3,17.923981668286572,36.49034588952113,18.566364221234558,26.33125891160298,positive_cross,toward_S1,3.3075247505450487
7,cx30,2024-03-29 22:54:57+00:00,40.288448,-88.126169,35.48721754718359,171.0,-7.450377893852021,rs3,10.909951295044912,34.59168854977574,23.681737254730827,3,10.909951295044912,43.88110467019696,32.97115337515205,26.33125891160298,positive_cross,toward_S1,3.169554789547789
7,cx30,2024-03-29 22:54:58+00:00,40.288518,-88.126168,27.70330915260036,172.0,-7.783908394583229,rs3,5.140178595983959,33.49465806481822,28.35447946883426,3,5.140178595983959,51.6221410028646,46.48196240688064,26.33125891160298,positive_cross,toward_S1,3.025408337796248
7,cx30,2024-03-29 22:54:59+00:00,40.28859,-88.126169,19.700107177133354,173.0,-8.003201975467007,rs3,7.700542548319955,34.059399663156846,26.35885711483689,3,7.700542548319955,48.070038428403514,40.36949588008356,26.33125891160298,positive_cross,toward_S1,2.877200893806118
7,cx30,2024-03-29 22:55:00+00:00,40.288662,-88.126171,11.698435243748243,174.0,-8.001671933385111,rs3,14.875974901123074,36.34322248434862,21.46724758322555,3,14.875974901123074,40.12015348685975,25.244178585736677,26.33125891160298,positive_cross,toward_S1,2.729021783928616
7,cx30,2024-03-29 22:55:01+00:00,40.288739,-88.126171,3.1378190572607134,175.0,-8.560616186487529,rs3,23.123510235252063,31.625299711690126,8.501789476438063,3,23.123510235252063,31.625299711690126,8.501789476438063,26.33125891160298,positive_cross,toward_S1,2.5704918545492172
7,cx30,2024-03-29 22:55:02+00:00,40.288814,-88.12617,-5.201973505471175,176.0,-8.339792562731889,rs6,23.38362666518637,31.307379213824404,7.923752548638035,2,23.38362666518637,31.307379213824404,7.923752548638035,-27.632700444717127,positive_cross,toward_S1,2.415383832208258
7,cx30,2024-03-29 22:55:04+00:00,40.288889,-88.126171,-13.538705981669388,178.0,-4.1683662380991064,rs6,15.301264156454174,33.10345703512961,17.802192878675434,2,15.301264156454174,39.5785678169462,24.277303660492024,-27.632700444717127,positive_cross,toward_S1,2.260999897463847
7,cx30,2024-03-29 22:55:05+00:00,40.288961,-88.126171,-21.543438000798215,179.0,-8.004732019128827,rs6,8.011036256348383,30.577302557390755,22.566266301042372,2,8.011036256348383,47.53371124286176,39.52267498651338,-27.632700444717127,positive_cross,toward_S1,2.112764119331832
7,cx30,2024-03-29 22:55:06+00:00,40.289034,-88.126173,-29.656286767497075,180.0,-8.11284876669886,rs6,4.93769379336391,29.87768622295093,24.939992429587022,2,4.93769379336391,49.98318762412291,45.045493830759,-27.632700444717127,positive_cross,toward_S1,1.9625261792077788
7,cx30,2024-03-29 22:55:07+00:00,40.289104,-88.126174,-37.437135076314846,181.0,-7.78084830881777,rs6,10.457527554163384,31.315049810178,20.857522256014615,2,10.457527554163384,42.2383153062171,31.78078775205372,-27.632700444717127,positive_cross,toward_S1,1.8184363957111533
7,cx30,2024-03-29 22:55:08+00:00,40.289177,-88.126175,-45.55151388588557,182.0,-8.114378809570724,rs6,18.08603889570215,34.181115662783384,16.095076767081235,2,18.08603889570215,34.181115662783384,16.095076767081235,-27.632700444717127,positive_cross,toward_S1,1.6681701214598437
7,cx30,2024-03-29 22:55:09+00:00,40.28925,-88.126173,-53.6704828240936,183.0,-8.118968938208027,rs6,25.966515866490514,26.12070884745532,0.1541929809648046,2,25.966515866490514,26.12070884745532,0.1541929809648046,-27.632700444717127,positive_cross,toward_S1,1.5178188448263616
7,cx30,2024-03-29 22:55:10+00:00,40.289318,-88.126166,-61.24121780851226,184.0,-7.570734984418664,rs8,18.570622277445707,31.850073740795043,13.279451463349336,1,18.570622277445707,33.35469709014236,14.784074812696652,-78.92951005359993,positive_cross,toward_S1,1.3275609675016233
7,cx30,2024-03-29 22:55:11+00:00,40.289387,-88.126161,-68.92006954050095,185.0,-7.678851731988686,rs8,11.011352513307946,28.74233726605334,17.730984752745393,1,11.011352513307946,40.94149467902383,29.930142165715885,-78.92951005359993,positive_cross,toward_S1,1.1853600095018328
7,cx30,2024-03-29 22:55:12+00:00,40.289453,-88.126161,-76.25774055816734,186.0,-7.337671017666395,rs8,4.5088538807079095,27.101831953587524,22.592978072879614,1,4.5088538807079095,48.25720019673108,43.74834631602317,-78.92951005359993,positive_cross,toward_S1,1.0494772128783811
7,cx30,2024-03-29 22:55:13+00:00,40.289568,-88.126166,-89.03542620725572,187.0,-12.777685649088383,rs8,10.240349499296968,28.454869278674813,18.214519779377845,1,10.240349499296968,61.04581307403813,50.80546357474116,-78.92951005359993,positive_cross,toward_S1,0.8128534045619297
7,cx30,2024-03-29 22:55:14+00:00,40.289617,-88.126168,-94.48003096729326,188.0,-5.444604760037535,rs8,15.502439331531098,30.68904794676006,15.18660861522896,1,15.502439331531098,66.49526627976392,50.992826948232825,-78.92951005359993,positive_cross,toward_S1,0.7120273904871606
7,cx30,2024-03-29 22:55:15+00:00,40.289661,-88.126185,-99.34580091685073,189.0,-4.865769949557475,rs8,20.601257515247624,32.328459582947474,11.72720206769985,1,20.601257515247624,71.48069306191456,50.87943554666694,-78.92951005359993,positive_cross,toward_S1,0.6219205395694295
7,cx30,2024-03-29 22:55:16+00:00,40.289694,-88.126226,-102.9519046669956,190.0,-3.606103750144868,rs8,25.150413002523507,32.374997265823616,7.224584263300109,1,25.150413002523507,75.48442578757886,50.33401278505535,-78.92951005359993,positive_cross,toward_S1,0.5551408404926726
7,cx30,2024-03-29 22:55:17+00:00,40.289706,-88.126279,-104.20493439830626,191.0,-1.2530297313106615,rs8,28.207807329566663,30.688736352980627,2.480929023413964,1,28.207807329566663,77.47650738591189,49.268700056345224,-78.92951005359993,positive_cross,toward_S1,0.5319365862091419
7,cx30,2024-03-29 22:55:18+00:00,40.289702,-88.126334,-103.67607470530174,192.0,0.5288596930045202,rs10,27.976032799627014,30.3069074634461,2.3308746638190883,1,27.976032799627014,78.00336082048786,50.02732802086084,-78.92951005359993,negative_cross,toward_S4,0.541730284227744
7,cx30,2024-03-29 22:55:19+00:00,40.28968,-88.126387,-101.14909209367546,193.0,2.5269826116262806,rs10,23.984671781832834,31.390905330390005,7.4062335485571715,1,23.984671781832834,74.84422535210899,50.85955357027616,-78.92951005359993,negative_cross,toward_S4,0.5885262585171197
7,cx30,2024-03-29 22:55:20+00:00,40.289635,-88.126434,-96.07422256674444,194.0,5.074869526931025,rs10,18.08153175430845,31.36695666318002,13.285424908871569,1,18.08153175430845,69.35143264810381,51.26990089379536,-78.92951005359993,negative_cross,toward_S4,0.6825053238306572
7,cx30,2024-03-29 22:55:21+00:00,40.289575,-88.126453,-89.37454173669987,195.0,6.699680830044571,rs10,11.219279436282967,29.80757518847353,18.58829575219056,1,11.219279436282967,62.546600747244646,51.32732131096168,-78.92951005359993,negative_cross,toward_S4,0.8065734873500011
7,cx30,2024-03-29 22:55:22+00:00,40.289511,-88.126451,-82.26228447219461,196.0,7.11225726450526,rs10,4.55101389485225,27.96649709269069,23.41548319783844,1,4.55101389485225,55.48452207927148,50.933508184419225,-78.92951005359993,negative_cross,toward_S4,0.9382819552112096
7,cx30,2024-03-29 22:55:23+00:00,40.289444,-88.126447,-74.8195567935136,197.0,7.44272767868101,rs10,4.4853582465102075,27.75816613953682,23.27280789302661,1,4.4853582465102075,48.13163710479336,43.646278858283154,-78.92951005359993,negative_cross,toward_S4,1.0761102455571543
7,cx30,2024-03-29 22:55:24+00:00,40.289368,-88.126446,-66.37164748321166,198.0,8.447909310301938,rs10,12.345241864606669,30.139761304586383,17.794519439979716,1,12.345241864606669,39.788034074835494,27.442792210228824,-78.92951005359993,negative_cross,toward_S4,1.2325530105627456
7,cx30,2024-03-29 22:55:25+00:00,40.289285,-88.126448,-57.14091020872805,199.0,9.230737274483609,rs10,21.417458672789735,30.688280999023824,9.27082232623409,1,21.417458672789735,30.688280999023824,9.27082232623409,-78.92951005359993,negative_cross,toward_S4,1.4034925897198496
7,cx30,2024-03-29 22:55:26+00:00,40.289195,-88.126453,-47.127344970830954,200.0,10.013565237897097,rs7,20.882738542224054,31.34344485726502,10.460706315040966,2,20.882738542224054,31.34344485726502,10.460706315040966,-27.632700444717127,negative_cross,toward_S4,1.6389880643312253
7,cx30,2024-03-29 22:55:27+00:00,40.2891,-88.126458,-36.55789556478521,201.0,10.569449406045742,rs7,10.972425611960462,30.20702129914936,19.2345956871889,2,10.972425611960462,41.870152408515146,30.897726796554686,-27.632700444717127,negative_cross,toward_S4,1.834718608887628
7,cx30,2024-03-29 22:55:28+00:00,40.288998,-88.12646,-25.21479845260063,202.0,11.343097112184584,rs7,5.784788287353762,29.15675291888357,23.371964631529806,2,5.784788287353762,52.84118641676575,47.05639812941199,-27.632700444717127,negative_cross,toward_S4,2.0447759628169724
7,cx30,2024-03-29 22:55:29+00:00,40.288894,-88.12646,-13.652407758742301,203.0,11.562390693858328,rs7,14.552961131693833,32.27329964510528,17.72033851341145,2,14.552961131693833,41.475093440575655,26.92213230888182,-27.632700444717127,negative_cross,toward_S4,2.2588943089995337
7,cx30,2024-03-29 22:55:30+00:00,40.288795,-88.126466,-2.6367209757797436,204.0,11.015686782962558,rs7,24.99742400073072,30.655273257762662,5.657849257031941,2,24.99742400073072,30.655273257762662,5.657849257031941,-27.632700444717127,negative_cross,toward_S4,2.4628885086840255
7,cx30,2024-03-29 22:55:31+00:00,40.288697,-88.126487,8.290739617012157,205.0,10.9274605927919,rs5,19.711398625407266,35.5445037885787,15.833105163171435,3,19.711398625407266,35.5445037885787,15.833105163171435,26.33125891160298,negative_cross,toward_S4,2.6659163093594294
7,cx30,2024-03-29 22:55:32+00:00,40.2886,-88.126507,19.10549333282849,206.0,10.814753715816334,rs5,9.156187305830079,34.24412677125463,25.087939465424547,3,9.156187305830079,46.21561390071566,37.05942659488558,26.33125891160298,negative_cross,toward_S4,2.866189526318991
7,cx30,2024-03-29 22:55:33+00:00,40.288504,-88.12652,29.798359915184587,207.0,10.692866582356096,rs5,4.580778157844956,34.781655460285705,30.200877302440748,3,4.580778157844956,51.710932016209625,47.13015385836467,26.33125891160298,negative_cross,toward_S4,3.0642055741404
7,cx30,2024-03-29 22:55:34+00:00,40.288405,-88.126523,40.80945657032153,208.0,11.011096655136942,rs5,14.236628388159568,37.77669592412265,23.540067535963082,3,14.236628388159568,40.70572752522014,26.469099137060574,26.33125891160298,negative_cross,toward_S4,3.2681147714577508
7,cx30,2024-03-29 22:55:36+00:00,40.288307,-88.126523,51.70478626192749,210.0,5.447664845802979,rs5,24.962722808910282,29.84099520894914,4.878272400038856,3,24.962722808910282,29.84099520894914,4.878272400038856,26.33125891160298,negative_cross,toward_S4,3.4698801361171205
7,cx30,2024-03-29 22:55:37+00:00,40.288209,-88.126523,62.60011595432341,211.0,10.895329692395919,rs2,19.016878116799877,35.794152997914566,16.77727488111469,4,19.016878116799877,35.794152997914566,16.77727488111469,80.2309515867141,negative_cross,toward_S4,3.673503043844617
7,cx30,2024-03-29 22:55:38+00:00,40.288111,-88.126523,73.49544564671933,212.0,10.895329692395926,rs2,8.392033613358654,35.22529810946024,26.833264496101584,4,8.392033613358654,46.657616358442056,38.2655827450834,80.2309515867141,negative_cross,toward_S4,3.8752684085186155
7,cx30,2024-03-29 22:55:39+00:00,40.288015,-88.126522,84.1668916288042,213.0,10.671445982084862,rs2,4.005095562492807,34.894203635599176,30.88910807310637,4,4.005095562492807,57.31792092638771,53.3128253638949,80.2309515867141,negative_cross,toward_S4,4.072887778557224
7,cx30,2024-03-29 22:55:40+00:00,40.287933,-88.126521,93.2818619405685,214.0,9.11497031176431,rs2,12.257364723078652,37.11473533946683,24.85737061638818,4,12.257364723078652,66.42877059720365,54.171405874125,80.2309515867141,negative_cross,toward_S4,4.241683525071378
7,cx30,2024-03-29 22:55:41+00:00,40.287873,-88.126509,99.93411144226674,215.0,6.652249501698236,rs2,18.988925593771686,39.17847118456728,20.189545590795593,4,18.988925593771686,73.14993930474145,54.16101371096977,80.2309515867141,negative_cross,toward_S4,4.364873330658382
7,cx30,2024-03-29 22:55:42+00:00,40.287834,-88.12648,104.22563670916979,216.0,4.291525266903051,rs2,23.794261638337783,39.63947978943864,15.845218151100855,4,23.794261638337783,77.66287188104963,53.86861024271184,80.2309515867141,negative_cross,toward_S4,4.444346020786217
7,cx30,2024-03-29 22:55:43+00:00,40.287809,-88.126432,106.93161549028832,217.0,2.7059787811185316,rs2,27.75673228505499,38.470167320552484,10.713435035497493,4,27.75673228505499,80.88881719008222,53.13208490502723,80.2309515867141,negative_cross,toward_S4,4.494456738955078
7,cx30,2024-03-29 22:55:44+00:00,40.287806,-88.126373,107.17487346136248,218.0,0.2432579710741578,rs2,30.301123634710105,35.40464054238202,5.103516907671914,4,30.301123634710105,82.05176708493643,51.75064345022632,80.2309515867141,negative_cross,ambiguous,4.498961516197192
7,cx30,2024-03-29 22:55:45+00:00,40.287818,-88.12632,105.75965918603353,219.0,-1.4152142753289496,rs1,31.684016392130594,31.787188359270843,0.10317196714024846,4,31.684016392130594,81.75759275143967,50.07357635930908,80.2309515867141,positive_cross,toward_S1,4.472753844431841
7,cx30,2024-03-29 22:55:46+00:00,40.287851,-88.126275,102.02197174779278,220.0,-3.737687438240755,rs1,26.542647489858545,31.784471516052307,5.241824026193761,4,26.542647489858545,77.43196532543496,50.88931783557641,80.2309515867141,positive_cross,toward_S1,4.403537410390346
7,cx30,2024-03-29 22:55:47+00:00,40.287897,-88.126242,96.85734598781924,221.0,-5.164625759973532,rs1,20.715971172526707,31.029364013001626,10.313392840474918,4,20.715971172526707,71.92176893147995,51.20579775895324,80.2309515867141,positive_cross,toward_S1,4.307896192613058
7,cx30,2024-03-29 22:55:48+00:00,40.287954,-88.126224,90.492725701356,222.0,-6.36462028646325,rs1,14.654015623442627,29.75246506834709,15.098449444904462,4,14.654015623442627,65.42500204066208,50.770986417219454,80.2309515867141,positive_cross,toward_S1,4.1900328539748495
7,cx30,2024-03-29 22:55:49+00:00,40.288011,-88.126207,84.12963545778634,223.0,-6.363090243569658,rs1,9.31187907199773,29.792900557602373,20.481021485604643,4,9.31187907199773,58.94516006831464,49.63328099631691,80.2309515867141,positive_cross,toward_S1,4.072197849464301
7,cx30,2024-03-29 22:55:50+00:00,40.288078,-88.126198,76.66701722093772,224.0,-7.462618236848613,rs1,7.530135339427485,30.676677580423863,23.14654224099638,4,7.530135339427485,51.4591622687522,43.92902692932472,80.2309515867141,positive_cross,toward_S1,3.9340012154485855
7,cx30,2024-03-29 22:55:51+00:00,40.288148,-88.126189,68.87086848333612,225.0,-7.796148737601598,rs1,12.06939787519534,33.38635044922821,21.316952574032868,4,12.06939787519534,43.64496339384893,31.57556551865359,80.2309515867141,positive_cross,toward_S1,3.789628090678186
7,cx30,2024-03-29 22:55:52+00:00,40.288223,-88.126183,60.52342570622322,226.0,-8.347442777112903,rs1,19.502239103312636,35.32827221704257,15.826033113729931,4,19.502239103312636,35.32827221704257,15.826033113729931,80.2309515867141,positive_cross,toward_S1,3.6350458170279465
7,cx30,2024-03-29 22:55:53+00:00,40.288304,-88.126175,51.505861842694124,227.0,-9.017563863529098,rs3,26.348854336693307,28.095131468815644,1.7462771321223372,3,26.348854336693307,28.095131468815644,1.7462771321223372,26.33125891160298,positive_cross,toward_S1,3.466196350575762
7,cx30,2024-03-29 22:55:54+00:00,40.28839,-88.126168,41.93394385309829,228.0,-9.571917989595832,rs3,16.91507590795008,36.88753187400143,19.972455966051353,3,16.91507590795008,37.46209316278267,20.547017254832593,26.33125891160298,positive_cross,toward_S1,3.288938610027691
7,cx30,2024-03-29 22:55:55+00:00,40.288482,-88.126165,31.70108503352746,229.0,-10.232858819570833,rs3,7.492838263144507,34.13478609222753,26.641947829083023,3,7.492838263144507,47.61127672414338,40.118438460998874,26.33125891160298,positive_cross,toward_S1,3.099441224480083
7,cx30,2024-03-29 22:55:56+00:00,40.288577,-88.126166,21.140815885524564,230.0,-10.560269148002895,rs3,6.452238996121298,34.05439142983829,27.60215243371699,3,6.452238996121298,49.48842248833835,43.036183492217056,26.33125891160298,positive_cross,toward_S1,2.9038806847022514
7,cx30,2024-03-29 22:55:57+00:00,40.288676,-88.126166,10.134309359024936,231.0,-11.006506526499628,rs3,16.226911886877144,37.38379386548053,21.156881978603383,3,16.226911886877144,38.52582364842031,22.298911761543163,26.33125891160298,positive_cross,toward_S1,2.700056489767073
7,cx30,2024-03-29 22:55:58+00:00,40.288779,-88.126168,-1.3138444149642259,232.0,-11.448153773989162,rs6,27.18840582343992,27.439495253273567,0.2510894298336481,2,27.18840582343992,27.439495253273567,0.2510894298336481,-27.632700444717127,positive_cross,toward_S1,2.487386222773202
7,cx30,2024-03-29 22:55:59+00:00,40.288884,-88.126169,-12.985881900054402,233.0,-11.672037485090176,rs6,15.785597755780874,33.49588886686893,17.710291111088058,2,15.785597755780874,39.00560695658865,23.220009200807777,-27.632700444717127,positive_cross,toward_S1,2.271237380456717
7,cx30,2024-03-29 22:56:00+00:00,40.288989,-88.126172,-24.654859298610905,234.0,-11.668977398556503,rs6,5.787907695991691,30.03285554656745,24.24494785057576,2,5.787907695991691,50.64033408827496,44.85242639228327,-27.632700444717127,positive_cross,toward_S1,2.0551452064093745
7,cx30,2024-03-29 22:56:01+00:00,40.289091,-88.126174,-35.99183623928632,235.0,-11.336976940675417,rs6,9.195671829955582,30.8900076672394,21.694335837283816,2,9.195671829955582,43.67707443971468,34.4814026097591,-27.632700444717127,positive_cross,toward_S1,1.8452011889894593
7,cx30,2024-03-29 22:56:02+00:00,40.289191,-88.126176,-47.10645951335598,236.0,-11.114623274069658,rs6,19.611445709830065,32.64872118577163,13.037275475941563,2,19.611445709830065,32.64872118577163,13.037275475941563,-27.632700444717127,positive_cross,toward_S1,1.6393748320622434
7,cx30,2024-03-29 22:56:03+00:00,40.289288,-88.126179,-57.88602224303262,237.0,-10.779562729676641,rs8,22.062164273247717,30.216598724712068,8.15443445146435,1,22.062164273247717,30.216598724712068,8.15443445146435,-78.92951005359993,positive_cross,toward_S1,1.3896942187142094
7,cx30,2024-03-29 22:56:04+00:00,40.28938,-88.126179,-68.11429093396612,238.0,-10.228268690933497,rs8,12.259653507297163,27.605934839955022,15.34628133265786,1,12.259653507297163,40.33480458917679,28.07515108187963,-78.92951005359993,positive_cross,toward_S1,1.2002818355487743
7,cx30,2024-03-29 22:56:05+00:00,40.289461,-88.126178,-77.12114449816043,239.0,-9.006853564194316,rs8,5.162779676331673,25.59261993903464,20.429840262702967,1,5.162779676331673,49.27352528708472,44.11074561075305,-78.92951005359993,positive_cross,toward_S1,1.0334882510266572
7,cx30,2024-03-29 22:56:06+00:00,40.289532,-88.126178,-85.01469968318555,240.0,-7.8935551850251215,rs8,7.244178472187514,26.28342995118701,19.039251478999496,1,7.244178472187514,57.13367483471679,49.88949636252928,-78.92951005359993,positive_cross,toward_S1,0.8873113031558217
7,cx30,2024-03-29 22:56:07+00:00,40.289592,-88.126178,-91.6853096985996,241.0,-6.6706100154140415,rs8,13.0973083919227,28.606668174155725,15.509359782233025,1,13.0973083919227,63.78316595856402,50.68585756664132,-78.92951005359993,positive_cross,toward_S1,0.7637814880555617
7,cx30,2024-03-29 22:56:08+00:00,40.289643,-88.126195,-97.32931748293322,242.0,-5.644007784333624,rs8,18.92536754948049,30.416839704921422,11.491472155440931,1,18.92536754948049,69.56018133461386,50.63481378513337,-78.92951005359993,positive_cross,toward_S1,0.6592628253827169
7,cx30,2024-03-29 22:56:09+00:00,40.289683,-88.126238,-101.71059898287876,243.0,-4.381281499945544,rs8,24.392882907509176,30.7841079630205,6.391225055511324,1,24.392882907509176,74.4031322155204,50.010249308011225,-78.92951005359993,positive_cross,toward_S1,0.5781279827911326
7,cx30,2024-03-29 22:56:10+00:00,40.289702,-88.126293,-103.7388064632001,244.0,-2.028207480321342,rs8,28.3975453680761,29.67059875044229,1.273053382366193,1,28.3975453680761,77.25861742256177,48.861072054485675,-78.92951005359993,positive_cross,toward_S1,0.540568585007404
7,cx30,2024-03-29 22:56:11+00:00,40.289694,-88.126353,-102.75758922179133,245.0,0.9812172414087712,rs10,26.489094316990645,30.591878274087712,4.102783957097067,1,26.489094316990645,76.87560617028844,50.38651185329779,-78.92951005359993,negative_cross,toward_S4,0.5587392746631221
7,cx30,2024-03-29 22:56:12+00:00,40.289663,-88.126402,-99.2361352794589,246.0,3.5214539423324283,rs10,21.79053062816672,31.049895429234347,9.259364801067626,1,21.79053062816672,72.78471499365892,50.9941843654922,-78.92951005359993,negative_cross,toward_S4,0.6239513847063152
7,cx30,2024-03-29 22:56:13+00:00,40.289617,-88.126433,-94.07456960522907,247.0,5.161565674229834,rs10,16.150428694115273,30.252319762451286,14.101891068336013,1,16.150428694115273,67.37167751099983,51.221248816884554,-78.92951005359993,negative_cross,toward_S4,0.7195359342290899
7,cx30,2024-03-29 22:56:14+00:00,40.28956,-88.126442,-87.72371970467775,248.0,6.350849900551324,rs10,9.845732788629235,28.379437273930137,18.533704485300902,1,9.845732788629235,60.986034653105776,51.14030186447654,-78.92951005359993,negative_cross,toward_S4,0.837144265720781
7,cx30,2024-03-29 22:56:15+00:00,40.289502,-88.126446,-81.26934318438205,249.0,6.454376520295696,rs10,4.017162409911929,27.445180706250927,23.428018296338998,1,4.017162409911929,54.539951986437266,50.52278957652534,-78.92951005359993,negative_cross,toward_S4,0.9566697568373681
7,cx30,2024-03-29 22:56:16+00:00,40.289435,-88.126449,-73.8159052047863,250.0,7.453437979595748,rs10,5.232215411395683,28.094051743217417,22.861836331821735,1,5.232215411395683,47.11682614424477,41.88461073284908,-78.92951005359993,negative_cross,toward_S4,1.0946963860891412
7,cx30,2024-03-29 22:56:17+00:00,40.289366,-88.126452,-66.1401135585413,251.0,7.675791646245003,rs10,12.458430360084677,30.695172035317448,18.23674167523277,1,12.458430360084677,39.48644568643825,27.028015326353575,-78.92951005359993,negative_cross,toward_S4,1.236840675834419
7,cx30,2024-03-29 22:56:18+00:00,40.289289,-88.126454,-57.576437285520115,252.0,8.563676273021187,rs10,20.918260986989672,31.021432502919655,10.103171515929983,1,20.918260986989672,31.021432502919655,10.103171515929983,-78.92951005359993,negative_cross,toward_S4,1.3954272734829596
7,cx30,2024-03-29 22:56:19+00:00,40.289205,-88.126456,-48.23452317849097,253.0,9.341914107029147,rs7,21.880898462463442,30.216536616888995,8.335638154425553,2,21.880898462463442,30.216536616888995,8.335638154425553,-27.632700444717127,negative_cross,toward_S4,1.6184847641893734
7,cx30,2024-03-29 22:56:20+00:00,40.289113,-88.126456,-38.006254487557456,254.0,10.228268690933511,rs7,12.31530402299918,30.502229654787417,18.186925631788235,2,12.31530402299918,40.433400385486294,28.118096362487115,-27.632700444717127,negative_cross,toward_S4,1.8078971473548087
7,cx30,2024-03-29 22:56:21+00:00,40.289016,-88.126458,-27.21904154273157,255.0,10.787212944825885,rs7,5.625603133702674,28.884565932221186,23.25896279851851,2,5.625603133702674,51.20624595952361,45.58064282582094,-27.632700444717127,negative_cross,toward_S4,2.0076603500367693
7,cx30,2024-03-29 22:56:22+00:00,40.288912,-88.126463,-15.64900063528217,256.0,11.570040907449402,rs7,12.611965349485502,31.688049972893324,19.076084623407823,2,12.611965349485502,43.38444646364357,30.77248111415807,-27.632700444717127,negative_cross,toward_S4,2.2219203668413883
7,cx30,2024-03-29 22:56:23+00:00,40.288808,-88.126478,-4.063659298280748,257.0,11.58534133700142,rs7,23.389449147086843,31.806178076888443,8.4167289298016,2,23.389449147086843,31.806178076888443,8.4167289298016,-27.632700444717127,negative_cross,toward_S4,2.436463724934007
7,cx30,2024-03-29 22:56:24+00:00,40.2887,-88.126498,7.9740395879148736,258.0,12.03769888619562,rs5,19.74856177163787,35.140581278263944,15.392019506626074,3,19.74856177163787,35.140581278263944,15.392019506626074,26.33125891160298,negative_cross,toward_S4,2.660051494005776
7,cx30,2024-03-29 22:56:25+00:00,40.288593,-88.126519,19.90209168290039,259.0,11.928052094985517,rs5,7.978879242052754,35.09165619999192,27.11277695793916,3,7.978879242052754,46.97303682220867,38.994157580155914,26.33125891160298,negative_cross,toward_S4,2.8809413476166186
7,cx30,2024-03-29 22:56:26+00:00,40.288489,-88.126538,31.49355319138924,260.0,11.591461508488848,rs5,4.9510366737983444,36.50252006722864,31.551483393430292,3,4.9510366737983444,49.97535041811288,45.02431374431454,26.33125891160298,negative_cross,toward_S4,3.095598042218264
7,cx30,2024-03-29 22:56:27+00:00,40.288387,-88.126549,42.85042068946403,261.0,11.356867498074791,rs5,15.879991922712684,38.61136283952919,22.73137091681651,3,15.879991922712684,38.61136283952919,22.73137091681651,26.33125891160298,negative_cross,toward_S4,3.305910403293723
7,cx30,2024-03-29 22:56:28+00:00,40.288288,-88.12655,53.858457258045554,262.0,11.008036568581524,rs5,26.87097595656461,27.600108431605094,0.7291324750404833,3,26.87097595656461,27.600108431605094,0.7291324750404833,26.33125891160298,negative_cross,toward_S4,3.509762932341529
7,cx30,2024-03-29 22:56:29+00:00,40.288194,-88.126544,64.29989935914364,263.0,10.441442101098083,rs2,17.170696541736604,37.33832085109616,20.167624309359553,4,17.170696541736604,37.33832085109616,20.167624309359553,80.2309515867141,negative_cross,toward_S4,3.7049805143042507
7,cx30,2024-03-29 22:56:30+00:00,40.288113,-88.126536,73.29298253667953,264.0,8.993083177535894,rs2,8.307565894238756,36.350174599035505,28.04260870479675,4,8.307565894238756,46.369190233662096,38.06162433942334,80.2309515867141,negative_cross,toward_S4,3.8715190916660265
7,cx30,2024-03-29 22:56:31+00:00,40.288039,-88.126533,81.51547809458846,265.0,8.222495557908928,rs2,1.9624471389351412,35.58110671445051,33.61865957551537,4,1.9624471389351412,54.602792176360424,52.640345037425284,80.2309515867141,negative_cross,toward_S4,4.0237875279235995
7,cx30,2024-03-29 22:56:32+00:00,40.287976,-88.126529,88.51349843924629,266.0,6.9980203446578315,rs2,7.47002339894498,36.292521217612055,28.822497818667074,4,7.47002339894498,61.618245198904084,54.1482217999591,80.2309515867141,negative_cross,toward_S4,4.153380497269115
7,cx30,2024-03-29 22:56:33+00:00,40.28792,-88.126508,94.7072702202194,267.0,6.193771780973108,rs2,13.94648393958564,36.662529630970255,22.716045691384615,4,13.94648393958564,67.93887162195858,53.99238768237294,80.2309515867141,negative_cross,toward_S4,4.268079974694542
7,cx30,2024-03-29 22:56:34+00:00,40.287879,-88.126455,99.18442812552836,268.0,4.477157905308957,rs2,19.845793283693933,34.96188980177012,15.116096518076187,4,19.845793283693933,72.91430564655182,53.06851236285789,80.2309515867141,negative_cross,toward_S4,4.350990306274338
7,cx30,2024-03-29 22:56:35+00:00,40.287867,-88.126386,100.41297717001233,269.0,1.2285490444839695,rs2,24.04400046512691,31.181784034579355,7.137783569452445,4,24.04400046512691,75.18277148519037,51.13877102006346,80.2309515867141,negative_cross,toward_S4,4.373741214505523
7,cx30,2024-03-29 22:56:36+00:00,40.287878,-88.126322,99.0921092563632,270.0,-1.3208679136491241,rs1,26.48563670650121,26.80987217669598,0.3242354701947683,4,26.48563670650121,75.27133255411265,48.785695847611436,80.2309515867141,positive_cross,toward_S1,4.349280697586094
7,cx30,2024-03-29 22:56:37+00:00,40.287907,-88.126273,95.79300898144818,271.0,-3.29910027491502,rs1,21.33255135700322,28.203443456849733,6.870892099846515,4,21.33255135700322,71.27917355141585,49.94662219441263,80.2309515867141,positive_cross,toward_S1,4.288186248050631
7,cx30,2024-03-29 22:56:38+00:00,40.287951,-88.126239,90.8492068452303,272.0,-4.943802136217883,rs1,15.739502703563963,28.663528839223012,12.92402613565905,4,15.739502703563963,65.95078467880089,50.21128197523692,80.2309515867141,positive_cross,toward_S1,4.196634356639189
7,cx30,2024-03-29 22:56:39+00:00,40.288012,-88.126218,84.03528909531657,273.0,-6.813917749913728,rs1,10.059070124468104,28.853067256359363,18.79399713189126,4,10.059070124468104,58.96980960857978,48.91073948411167,80.2309515867141,positive_cross,toward_S1,4.07045069460375
7,cx30,2024-03-29 22:56:40+00:00,40.288076,-88.126202,76.89549105986436,274.0,-7.139798035452216,rs1,7.78395363039417,30.31032284069729,22.52636921030312,4,7.78395363039417,51.72828295180688,43.94432932141271,80.2309515867141,positive_cross,toward_S1,3.9382322124657456
7,cx30,2024-03-29 22:56:41+00:00,40.288147,-88.126191,68.98510540241533,275.0,-7.9103856574490266,rs1,12.065718736436795,33.18802009309724,21.12230135666045,4,12.065718736436795,43.78053762886482,31.714818892428028,80.2309515867141,positive_cross,toward_S1,3.7917435891796525
7,cx30,2024-03-29 22:56:42+00:00,40.288227,-88.12619,60.089428672303015,276.0,-8.895676730112314,rs1,20.109184213979944,34.99706845692012,14.887884242940174,4,20.109184213979944,34.99706845692012,14.887884242940174,80.2309515867141,positive_cross,toward_S1,3.627008834918313
7,cx30,2024-03-29 22:56:43+00:00,40.288311,-88.126188,50.74751456450565,277.0,-9.341914107797365,rs3,25.839047962023066,29.078231564485918,3.2391836024628518,3,25.839047962023066,29.078231564485918,3.2391836024628518,26.33125891160298,positive_cross,toward_S1,3.4521528824611605
7,cx30,2024-03-29 22:56:44+00:00,40.288404,-88.126185,40.40347891164283,278.0,-10.344035652862821,rs3,15.928207562299756,34.933584257158046,19.005376694858292,3,15.928207562299756,39.20307675704008,23.274869194740326,26.33125891160298,positive_cross,toward_S1,3.2605966666674044
7,cx30,2024-03-29 22:56:45+00:00,40.288502,-88.126181,29.502029047737725,279.0,-10.901449863905103,rs3,6.955162540535375,32.51084893617488,25.555686395639505,3,6.955162540535375,49.96280751395034,43.00764497341496,26.33125891160298,positive_cross,toward_S1,3.058717965483977
7,cx30,2024-03-29 22:56:46+00:00,40.288608,-88.126177,17.71116451495277,280.0,-11.790864532784955,rs3,9.71385720727751,33.85527647345194,24.141419266174427,3,9.71385720727751,46.14576483661,36.431907629332485,26.33125891160298,positive_cross,toward_S1,2.8403686222842555
7,cx30,2024-03-29 22:56:47+00:00,40.28872,-88.126172,5.251708938623506,281.0,-12.459455576329265,rs3,21.085167611005673,33.72966618036364,12.644498569357964,3,21.085167611005673,33.72966618036364,12.644498569357964,26.33125891160298,positive_cross,toward_S1,2.609637963463343
7,cx30,2024-03-29 22:56:48+00:00,40.288839,-88.126169,-7.982924388296378,282.0,-13.234633326919884,rs6,20.642360819260706,34.04438539689387,13.402024577633167,2,20.642360819260706,34.04438539689387,13.402024577633167,-27.632700444717127,positive_cross,toward_S1,2.3638847417855695
7,cx30,2024-03-29 22:56:49+00:00,40.288964,-88.126166,-21.884618715910452,283.0,-13.901694327614074,rs6,7.497665727223649,30.92997925324474,23.43231352602109,2,7.497665727223649,47.82320777923041,40.32554205200676,-27.632700444717127,positive_cross,toward_S1,2.1064459579408643
7,cx30,2024-03-29 22:56:50+00:00,40.289093,-88.126166,-36.22643024972213,284.0,-14.341811533811676,rs6,9.059166651484734,31.603695189675754,22.54452853819102,2,9.059166651484734,43.39416494215407,34.33499829066933,-27.632700444717127,positive_cross,toward_S1,1.8408568554628704
7,cx30,2024-03-29 22:56:51+00:00,40.289227,-88.12617,-51.11800577938333,285.0,-14.891575529661203,rs6,23.40546398972994,28.612580850349627,5.207116860619685,2,23.40546398972994,28.612580850349627,5.207116860619685,-27.632700444717127,positive_cross,toward_S1,1.5650869382469221
7,cx30,2024-03-29 22:56:52+00:00,40.289354,-88.126176,-65.2282833893146,286.0,-14.110277609931266,rs8,14.89372112961496,29.073944574181315,14.180223444566355,1,14.89372112961496,37.43446308675419,22.540741957139232,-78.92951005359993,positive_cross,toward_S1,1.2537264197089875
7,cx30,2024-03-29 22:56:53+00:00,40.289465,-88.126179,-77.56432178933352,287.0,-12.336038400018921,rs8,5.058063689234254,25.482534108262165,20.424470419027912,1,5.058063689234254,49.72485628044339,44.66679259120914,-78.92951005359993,positive_cross,toward_S1,1.0252812641530815
7,cx30,2024-03-29 22:56:54+00:00,40.289553,-88.126181,-87.34482305966667,288.0,-9.780501270333147,rs8,9.296868735913797,26.690531515508905,17.393662779595108,1,9.296868735913797,59.48285914127118,50.18599040535738,-78.92951005359993,positive_cross,toward_S1,0.8441608702580233
7,cx30,2024-03-29 22:56:55+00:00,40.28962,-88.126186,-94.78602069626578,289.0,-7.441197636599114,rs8,16.257622608362947,29.56567856716671,13.308055958803763,1,16.257622608362947,66.94332465644696,50.68570204808401,-78.92951005359993,positive_cross,toward_S1,0.7063609140247065
7,cx30,2024-03-29 22:56:56+00:00,40.28967,-88.126214,-100.30202117565176,290.0,-5.51600047938598,rs8,22.293641018133595,31.154715115469692,8.861074097336097,1,22.293641018133595,72.71406605309073,50.420425034957134,-78.92951005359993,positive_cross,toward_S1,0.6042127569990401
7,cx30,2024-03-29 22:56:57+00:00,40.289708,-88.12627,-104.44105845080223,291.0,-4.139037275150471,rs8,28.058383040980647,31.300495681993286,3.242112641012639,1,28.058383040980647,77.56453179443534,49.506148753454696,-78.92951005359993,positive_cross,toward_S1,0.5275639185703277
7,cx30,2024-03-29 22:56:58+00:00,40.289714,-88.126331,-105.01478683686386,292.0,-0.5737283860616316,rs10,29.28889304005605,31.25136382588199,1.9624707858259427,1,29.28889304005605,79.24265909348283,49.953766053426776,-78.92951005359993,negative_cross,toward_S1,0.5169393188284457
7,cx30,2024-03-29 22:56:59+00:00,40.289698,-88.126391,-103.14415492734348,293.0,1.8706319095203838,rs10,25.78566241421722,33.05982305026755,7.274160636050333,1,25.78566241421722,76.77180669380371,50.98614427958649,-78.92951005359993,negative_cross,toward_S4,0.5515806504862305
7,cx30,2024-03-29 22:57:00+00:00,40.289659,-88.126437,-98.73787644476845,294.0,4.406278482575033,rs10,20.653021831709406,33.09767052001802,12.444648688308614,1,20.653021831709406,71.97849385674111,51.3254720250317,-78.92951005359993,negative_cross,toward_S4,0.6331784001635459
7,cx30,2024-03-29 22:57:01+00:00,40.289603,-88.126456,-92.48290294874708,295.0,6.254973496021364,rs10,14.248873739278956,31.257796063480296,17.00892232420134,1,14.248873739278956,65.62406455157975,51.375190812300794,-78.92951005359993,negative_cross,toward_S4,0.7490112426824601
7,cx30,2024-03-29 22:57:02+00:00,40.28954,-88.126456,-85.47876243260184,296.0,7.004140516145242,rs10,7.370375872957209,28.93488651027831,21.564510637321103,1,7.370375872957209,58.64744137971324,51.27706550675603,-78.92951005359993,negative_cross,toward_S4,0.8787175485370016
7,cx30,2024-03-29 22:57:03+00:00,40.289472,-88.126453,-77.92332787694524,297.0,7.555434555656603,rs10,2.2525371881873557,27.96821041472034,25.715673226532985,1,2.2525371881873557,51.15599570034299,48.90345851215564,-78.92951005359993,negative_cross,toward_S4,1.018633003271383
7,cx30,2024-03-29 22:57:04+00:00,40.289391,-88.126455,-68.91494426985734,298.0,9.008383607087893,rs10,9.681901849343697,29.875468363754056,20.193566514410357,1,9.681901849343697,42.19934083945395,32.51743899011026,-78.92951005359993,negative_cross,toward_S4,1.185454921921159
7,cx30,2024-03-29 22:57:05+00:00,40.289302,-88.126458,-59.01561595103946,299.0,9.899328318817886,rs10,19.446297912595107,32.38091322033748,12.934615307742376,1,19.446297912595107,32.38091322033748,12.934615307742376,-78.92951005359993,negative_cross,toward_S4,1.3687758167140829
7,cx30,2024-03-29 22:57:06+00:00,40.2892,-88.126463,-47.66792871021756,300.0,11.347687240821898,rs7,21.191611501561365,30.73958119759459,9.547969696033224,2,21.191611501561365,30.73958119759459,9.547969696033224,-27.632700444717127,negative_cross,toward_S4,1.6289772543425847
7,cx30,2024-03-29 22:57:07+00:00,40.289091,-88.126465,-35.546593762466856,301.0,12.121334947750704,rs7,9.808476506626887,30.502417247428237,20.693940740801352,2,9.808476506626887,42.84973044135201,33.04125393472512,-27.632700444717127,negative_cross,toward_S4,1.8534464200416716
7,cx30,2024-03-29 22:57:08+00:00,40.288972,-88.126468,-22.31196043631519,302.0,13.234633326151666,rs7,6.783149264563059,30.212337697552492,23.429188432989434,2,6.783149264563059,49.8774049878529,43.09425572328984,-27.632700444717127,negative_cross,toward_S4,2.0985322223778136
7,cx30,2024-03-29 22:57:09+00:00,40.288848,-88.12648,-8.5076725561464,303.0,13.80428788016879,rs7,18.98395229363866,36.12138267508702,17.13743038144836,2,18.98395229363866,36.12138267508702,17.13743038144836,-27.632700444717127,negative_cross,toward_S4,2.35416718312168
7,cx30,2024-03-29 22:57:10+00:00,40.288728,-88.126497,4.859558204358467,304.0,13.367230760504867,rs5,22.77786224544183,32.03916073682643,9.2612984913846,3,22.77786224544183,32.03916073682643,9.2612984913846,26.33125891160298,negative_cross,toward_S4,2.6023759128288053
7,cx30,2024-03-29 22:57:11+00:00,40.288612,-88.126518,17.788201801537596,305.0,12.928643597179128,rs5,9.932822412604024,35.45189537067381,25.519072958069785,3,9.932822412604024,44.860768379097266,34.92794596649324,26.33125891160298,negative_cross,toward_S4,2.8417952387024927
7,cx30,2024-03-29 22:57:12+00:00,40.288503,-88.126536,29.93401743530325,306.0,12.145815633765654,rs5,3.69829125511746,36.14341394373979,32.44512268862233,3,3.69829125511746,51.53714192185944,47.838850666741976,26.33125891160298,negative_cross,toward_S4,3.066717750438894
7,cx30,2024-03-29 22:57:13+00:00,40.288397,-88.12654,41.72488196729825,307.0,11.790864531995002,rs5,14.84958212713418,39.45152090347547,24.60193877634129,3,14.84958212713418,39.742408877303916,24.892826750169736,26.33125891160298,negative_cross,toward_S4,3.2850670936239865
7,cx30,2024-03-29 22:57:14+00:00,40.288295,-88.126541,53.066449037400936,308.0,11.341567070102684,rs5,26.13519099408295,28.402748348052953,2.267557353970002,3,26.13519099408295,28.402748348052953,2.267557353970002,26.33125891160298,negative_cross,toward_S4,3.495096113440703
7,cx30,2024-03-29 22:57:15+00:00,40.288197,-88.12654,63.960248686925,309.0,10.893799649524063,rs2,17.52696923945948,37.02088709648483,19.493917857025348,4,17.52696923945948,37.02088709648483,19.493917857025348,80.2309515867141,negative_cross,toward_S4,3.6986906870409424
7,cx30,2024-03-29 22:57:16+00:00,40.288108,-88.126542,73.85804696208108,310.0,9.897798275156077,rs2,7.668401954232528,36.75936226413523,29.090960309902698,4,7.668401954232528,46.90304065783651,39.234638703603984,80.2309515867141,negative_cross,toward_S4,3.881983247691981
7,cx30,2024-03-29 22:57:17+00:00,40.288027,-88.126545,82.86796061201908,311.0,9.009913649938,rs2,1.7162843952315876,36.68985073403573,34.97356633880414,4,1.7162843952315876,55.89983644598797,54.18355205075638,80.2309515867141,negative_cross,toward_S4,4.048833500468611
7,cx30,2024-03-29 22:57:18+00:00,40.287962,-88.126546,90.09598483847539,312.0,7.228024226456313,rs2,8.706803862702468,38.08913097731952,29.382327114617052,4,8.706803862702468,63.125351550004105,54.41854768730164,80.2309515867141,negative_cross,toward_S4,4.182685800958542
7,cx30,2024-03-29 22:57:19+00:00,40.287914,-88.126527,95.40340203631234,313.0,5.307417197836955,rs2,14.219383457127229,38.40640114648546,24.18701768935823,4,14.219383457127229,68.5149265355445,54.295543078417275,80.2309515867141,negative_cross,toward_S4,4.28097130462219
7,cx30,2024-03-29 22:57:20+00:00,40.287877,-88.126487,99.45574316416402,314.0,4.052341127851676,rs2,19.043668258647404,37.35647527397789,18.31280701533049,4,19.043668258647404,72.84625292258528,53.80258466393788,80.2309515867141,negative_cross,toward_S4,4.356014658841665
7,cx30,2024-03-29 22:57:21+00:00,40.287857,-88.126434,101.59818756356455,315.0,2.1424443994005316,rs2,22.829101496154838,34.99491810471132,12.16581660855648,4,22.829101496154838,75.57907167843422,52.749970182279384,80.2309515867141,negative_cross,toward_S4,4.39568955512686
7,cx30,2024-03-29 22:57:22+00:00,40.287855,-88.126373,101.7272086155595,316.0,0.12902105199495395,rs2,25.773707761279876,31.312275480934964,5.538567719655088,4,25.773707761279876,76.71476252811473,50.94105476683485,80.2309515867141,negative_cross,ambiguous,4.398078833867507
7,cx30,2024-03-29 22:57:23+00:00,40.287877,-88.126318,99.19716591816778,317.0,-2.530042697391721,rs1,26.344762158951646,27.136395511282856,0.7916333523312105,4,26.344762158951646,75.34918922605604,49.004427067104395,80.2309515867141,positive_cross,toward_S1,4.351226191323216
7,cx30,2024-03-29 22:57:24+00:00,40.287915,-88.12627,94.89900418395274,318.0,-4.298161734215043,rs1,20.485159570978105,27.968048280142376,7.482888709164271,4,20.485159570978105,70.35714109600585,49.87198152502774,80.2309515867141,positive_cross,toward_S1,4.271630603652567
7,cx30,2024-03-29 22:57:25+00:00,40.287966,-88.126233,89.17237408432139,319.0,-5.72663009963135,rs1,14.182239330628466,28.618836846347072,14.436597515718606,4,14.182239330628466,64.22210855426533,50.03986922363687,80.2309515867141,positive_cross,toward_S1,4.165581898103839
7,cx30,2024-03-29 22:57:26+00:00,40.288024,-88.126207,82.68433662075782,320.0,-6.488037463563572,rs1,8.626929087350035,29.671732510868303,21.044803423518267,4,8.626929087350035,57.51308022862203,48.886151141271995,80.2309515867141,positive_cross,toward_S1,4.045433056185995
7,cx30,2024-03-29 22:57:27+00:00,40.288088,-88.126194,75.54912871313122,321.0,-7.135207907626594,rs1,7.664658042609871,31.18428805227743,23.51963000966756,4,7.664658042609871,50.31039240149538,42.645734358885505,80.2309515867141,positive_cross,toward_S1,3.913299576415132
7,cx30,2024-03-29 22:57:28+00:00,40.288156,-88.126185,67.97533364296882,322.0,-7.573795070162404,rs1,12.670425205713155,34.03076641468881,21.360341208975658,4,12.670425205713155,42.71493923354524,30.044514027832083,80.2309515867141,positive_cross,toward_S1,3.7730441121528653
7,cx30,2024-03-29 22:57:29+00:00,40.288228,-88.126184,59.96907158173637,323.0,-8.006262061232448,rs1,20.05845206464313,34.79512067821668,14.736668613573553,4,20.05845206464313,34.79512067821668,14.736668613573553,80.2309515867141,positive_cross,toward_S1,3.62477999990782
7,cx30,2024-03-29 22:57:30+00:00,40.288304,-88.126188,51.52575240007176,324.0,-8.443319181664613,rs3,26.593837449501116,28.31840833677052,1.7245708872694046,3,26.593837449501116,28.31840833677052,1.7245708872694046,26.33125891160298,positive_cross,toward_S1,3.4665646942309034
7,cx30,2024-03-29 22:57:31+00:00,40.288386,-88.12619,42.41231213038934,325.0,-9.113440269682421,rs3,17.942265887563067,35.40083235145667,17.458566463893604,3,17.942265887563067,37.296712239988416,19.35444635242535,26.33125891160298,positive_cross,toward_S1,3.297797281829377
7,cx30,2024-03-29 22:57:32+00:00,40.288474,-88.126188,32.625690688547024,326.0,-9.786621441842314,rs3,9.429451104805645,32.36577739607105,22.93632629126541,3,9.429451104805645,46.94542074950098,37.51596964469534,26.33125891160298,positive_cross,toward_S1,3.1165635514248895
7,cx30,2024-03-29 22:57:33+00:00,40.288569,-88.126185,22.059301368266734,327.0,-10.56638932028029,rs3,7.184881992461367,32.329743593952216,25.14486160149085,3,7.184881992461367,50.53217193935055,43.34728994688918,26.33125891160298,positive_cross,toward_S1,2.920889675123403
7,cx30,2024-03-29 22:57:34+00:00,40.288668,-88.126178,11.04208454241058,328.0,-11.017216825856154,rs3,15.707444201525737,36.081280936172085,20.373836734646346,3,15.707444201525737,39.52973267190192,23.82228847037618,26.33125891160298,positive_cross,toward_S1,2.7168671413112517
7,cx30,2024-03-29 22:57:35+00:00,40.288773,-88.12617,-0.6437233277581016,329.0,-11.68580787016868,rs3,26.81290777728003,27.874216189835,1.0613084125549683,3,26.81290777728003,27.874216189835,1.0613084125549683,26.33125891160298,positive_cross,toward_S1,2.5004632918636838
7,cx30,2024-03-29 22:57:36+00:00,40.288879,-88.126168,-12.431527774777601,330.0,-11.7878044470195,rs6,16.298344935894537,33.8178907319749,17.51954579608036,2,16.298344935894537,38.44325694481729,22.144912008922756,-27.632700444717127,positive_cross,toward_S1,2.281503197591473
7,cx30,2024-03-29 22:57:37+00:00,40.288982,-88.126168,-23.88274163453222,331.0,-11.451213859754619,rs6,6.043755444919748,30.455485352369205,24.411729907449455,2,6.043755444919748,49.83234239982691,43.78858695490717,-27.632700444717127,positive_cross,toward_S1,2.0694436816700907
7,cx30,2024-03-29 22:57:38+00:00,40.289085,-88.12617,-35.33089540933308,332.0,-11.448153774800861,rs6,8.449384726177005,31.04331658519534,22.593931859018333,2,8.449384726177005,44.30983523270401,35.860450506527,-27.632700444717127,positive_cross,toward_S1,1.8574408339885935
7,cx30,2024-03-29 22:57:39+00:00,40.289188,-88.12617,-46.78210926987766,333.0,-11.451213860544577,rs6,19.164328544154415,32.91456650890474,13.750237964750326,2,19.164328544154415,32.91456650890474,13.750237964750326,-27.632700444717127,positive_cross,toward_S1,1.6453813180525827
7,cx30,2024-03-29 22:57:40+00:00,40.289289,-88.12617,-58.01096946221484,334.0,-11.22886019233718,rs8,21.802783493723695,30.204368796555144,8.40158530283145,1,21.802783493723695,30.204368796555144,8.40158530283145,-78.92951005359993,positive_cross,toward_S1,1.387380381321946
7,cx30,2024-03-29 22:57:41+00:00,40.289379,-88.126168,-68.01994457147461,335.0,-10.008975109259772,rs8,12.038609229019965,28.510642632880323,16.472033403860358,1,12.038609229019965,40.11432430411309,28.075715075093125,-78.92951005359993,positive_cross,toward_S1,1.202028990409728
7,cx30,2024-03-29 22:57:42+00:00,40.289463,-88.126167,-77.36032863642184,336.0,-9.34038406494723,rs8,4.234465240324242,26.510784499441865,22.27631925911762,1,4.234465240324242,49.40687146689389,45.17240622656965,-78.92951005359993,positive_cross,toward_S1,1.0290589151329275
7,cx30,2024-03-29 22:57:43+00:00,40.289534,-88.126166,-85.25541386510878,337.0,-7.895085228686938,rs8,6.8301082329381515,27.325271067702634,20.495162834764482,1,6.8301082329381515,57.27324791935644,50.44313968641829,-78.92951005359993,positive_cross,toward_S1,0.8828536331202065
7,cx30,2024-03-29 22:57:44+00:00,40.289595,-88.126175,-92.02343032794637,338.0,-6.768016462837593,rs8,13.32464020009628,28.984831053662237,15.660190853565958,1,13.32464020009628,64.09593093790473,50.77129073780844,-78.92951005359993,positive_cross,toward_S1,0.7575199949195103
7,cx30,2024-03-29 22:57:45+00:00,40.289642,-88.126209,-97.19672004934823,339.0,-5.173289721401858,rs8,19.235248409028028,29.414930214062093,10.179681805034065,1,19.235248409028028,69.5718135619764,50.33656515294837,-78.92951005359993,positive_cross,toward_S1,0.6617183334120684
7,cx30,2024-03-29 22:57:46+00:00,40.289673,-88.12626,-100.56516970410357,340.0,-3.368449654755338,rs8,24.211242593159955,28.720390054004326,4.509147460844371,1,24.211242593159955,73.58488881240324,49.373646219243284,-78.92951005359993,positive_cross,toward_S1,0.5993396361017844
7,cx30,2024-03-29 22:57:47+00:00,40.289679,-88.126318,-101.1434882187808,341.0,-0.5783185146772354,rs10,26.379724944598692,27.44304733149304,1.0633223868943489,1,26.379724944598692,75.20093573977427,48.821210795175574,-78.92951005359993,negative_cross,toward_S1,0.5886300339781319
7,cx30,2024-03-29 22:57:48+00:00,40.28966,-88.126373,-98.94697602212025,342.0,2.1965121966605494,rs10,22.344260342052355,28.992774919460643,6.648514577408289,1,22.344260342052355,72.84752653676468,50.503266194712324,-78.92951005359993,negative_cross,toward_S4,0.6293061857681421
7,cx30,2024-03-29 22:57:49+00:00,40.289621,-88.126408,-94.55752801117917,343.0,4.389448010941081,rs10,17.205633186085834,28.669233929692577,11.463600743606744,1,17.205633186085834,68.08854546478345,50.88291227869762,-78.92951005359993,negative_cross,toward_S4,0.7105922600448288
7,cx30,2024-03-29 22:57:50+00:00,40.289568,-88.126427,-88.63608501667896,344.0,5.921442994500211,rs10,11.133148262984387,27.468634572280187,16.335486309295803,1,11.133148262984387,62.02659509871055,50.89344683572617,-78.92951005359993,negative_cross,toward_S4,0.8202486117948327
7,cx30,2024-03-29 22:57:51+00:00,40.289509,-88.126435,-82.06441149158206,345.0,6.571673525096898,rs10,5.227472200337867,26.592451949887487,21.36497974954962,1,5.227472200337867,55.43265047281782,50.205178272479955,-78.92951005359993,negative_cross,toward_S4,0.9419462696669975
7,cx30,2024-03-29 22:57:52+00:00,40.289445,-88.126442,-74.93838384120835,346.0,7.1260276503737146,rs10,4.671182042564132,27.322041391002376,22.650859348438246,1,4.671182042564132,48.301327035047876,43.63014499248374,-78.92951005359993,negative_cross,toward_S4,1.073909744673918
7,cx30,2024-03-29 22:57:53+00:00,40.289373,-88.126445,-66.92906169344221,347.0,8.009322147766142,rs10,11.824685286147837,29.832896481505244,18.008211195357408,1,11.824685286147837,40.35052599536387,28.52584070921603,-78.92951005359993,negative_cross,toward_S4,1.2222305251881058
7,cx30,2024-03-29 22:57:54+00:00,40.289291,-88.126444,-57.81409138167789,348.0,9.114970311764317,rs10,20.80104229002141,31.412790429731835,10.611748139710425,1,20.80104229002141,31.412790429731835,10.611748139710425,-78.92951005359993,negative_cross,toward_S4,1.39102627170226
7,cx30,2024-03-29 22:57:55+00:00,40.289205,-88.126444,-48.25288369299675,349.0,9.561207688681144,rs7,22.17227166298967,30.299323928624833,8.127052265635164,2,22.17227166298967,30.299323928624833,8.127052265635164,-27.632700444717127,negative_cross,toward_S4,1.6181447546614884
7,cx30,2024-03-29 22:57:56+00:00,40.289113,-88.126445,-38.02308495919137,350.0,10.229798733805374,rs7,12.780993784535221,29.62545237359893,16.844458589063706,2,12.780993784535221,40.48917315365868,27.708179369123464,-27.632700444717127,negative_cross,toward_S4,1.8075854719541806
7,cx30,2024-03-29 22:57:57+00:00,40.289013,-88.126448,-26.900811470762427,351.0,11.122273488428945,rs7,6.4785432733999,28.044075291990627,21.565532018590726,2,6.4785432733999,51.5760239762049,45.097480702805,-27.632700444717127,negative_cross,toward_S4,2.0135534995176796
7,cx30,2024-03-29 22:57:58+00:00,40.288909,-88.126456,-15.326180433885755,352.0,11.574631036876672,rs7,13.16704302462909,31.270351915885723,18.10330889125663,2,13.16704302462909,43.177563347927645,30.010520323298557,-27.632700444717127,negative_cross,toward_S4,2.2278985187190994
7,cx30,2024-03-29 22:57:59+00:00,40.2888,-88.126471,-3.184954929547373,353.0,12.141225504338381,rs7,24.370266092007846,31.082901827551666,6.71263573554382,2,24.370266092007846,31.082901827551666,6.71263573554382,-27.632700444717127,negative_cross,toward_S4,2.452736028058699
7,cx30,2024-03-29 22:58:00+00:00,40.288688,-88.126492,9.298981333586802,354.0,12.483936263134176,rs5,18.626990709215143,36.38921207076558,17.762221361550438,3,18.626990709215143,36.50738198362101,17.880391274405866,26.33125891160298,negative_cross,toward_S4,2.6845874522589597
7,cx30,2024-03-29 22:58:01+00:00,40.288578,-88.126512,21.559033886431664,355.0,12.260052552844861,rs5,6.897691243253216,34.240470427782604,27.342779184529387,3,6.897691243253216,48.650473311741415,41.7527820684882,26.33125891160298,negative_cross,toward_S4,2.9116254624968274
7,cx30,2024-03-29 22:58:02+00:00,40.288466,-88.126527,34.0337898922912,356.0,12.47475600585954,rs5,7.668046317009172,36.043932579452374,28.375886262443203,3,7.668046317009172,47.45781040669235,39.78976408968318,26.33125891160298,negative_cross,toward_S4,3.1426394626053376
7,cx30,2024-03-29 22:58:03+00:00,40.288356,-88.126533,46.27242184486484,357.0,12.238631952573634,rs5,19.44837219901776,35.2132306229321,15.76485842391434,3,19.44837219901776,35.2132306229321,15.76485842391434,26.33125891160298,negative_cross,toward_S4,3.369280795060405
7,cx30,2024-03-29 22:58:04+00:00,40.288249,-88.126534,58.16987308234797,358.0,11.897451237483132,rs2,23.332890176476248,31.281462795171535,7.948572618695287,4,23.332890176476248,31.281462795171535,7.948572618695287,80.2309515867141,negative_cross,toward_S4,3.591461509178405
7,cx30,2024-03-29 22:58:05+00:00,40.288155,-88.126534,68.62049543990896,359.0,10.450622357560995,rs2,12.93873631911637,37.29056795536926,24.351831636252893,4,12.93873631911637,41.7132861216195,28.774549802503127,80.2309515867141,negative_cross,toward_S4,3.7849915528369418
7,cx30,2024-03-29 22:58:06+00:00,40.288068,-88.126531,78.2882898340565,360.0,9.667794394147535,rs2,3.782011455451406,35.38934801338009,31.607336557928686,4,3.782011455451406,51.38937673130921,47.60736527585781,80.2309515867141,negative_cross,toward_S4,3.9640247823581927
7,cx30,2024-03-29 22:58:07+00:00,40.287994,-88.126528,86.51078539196547,361.0,8.222495557908971,rs2,5.634533551337931,35.7728203651496,30.138286813811668,4,5.634533551337931,59.62247865102639,53.98794509968846,80.2309515867141,negative_cross,toward_S4,4.116293218615766
7,cx30,2024-03-29 22:58:08+00:00,40.287935,-88.126507,93.03808767369155,362.0,6.5273022817260795,rs2,12.3890307212531,35.92907578397687,23.54004506272377,4,12.3890307212531,66.28041602998829,53.89138530873519,80.2309515867141,negative_cross,toward_S4,4.237169186795879
7,cx30,2024-03-29 22:58:09+00:00,40.287897,-88.126466,97.20007559196334,363.0,4.161987918271791,rs2,17.637018312022708,34.676907424767954,17.039889112745247,4,17.637018312022708,70.81443640164335,53.177418089620645,80.2309515867141,negative_cross,toward_S4,4.314243037134245
7,cx30,2024-03-29 22:58:10+00:00,40.287876,-88.126412,99.45216678259573,364.0,2.2520911906323846,rs2,21.950128198313188,32.21633228881342,10.266204090500231,4,21.950128198313188,73.78851240396014,51.83838420564695,80.2309515867141,negative_cross,toward_S4,4.355948429553363
7,cx30,2024-03-29 22:58:11+00:00,40.287876,-88.126353,99.36189425291694,365.0,-0.09027252967878496,rs2,25.085210693651554,28.460361624730712,3.3751509310791583,4,25.085210693651554,74.81737381258198,49.73216311893042,80.2309515867141,negative_cross,ambiguous,4.354276716040793
7,cx30,2024-03-29 22:58:12+00:00,40.287894,-88.126298,97.27655888959194,366.0,-2.085335363325001,rs1,23.8044849088034,27.255775551417987,3.4512906426145875,4,23.8044849088034,73.12664394146194,49.32215903265853,80.2309515867141,positive_cross,toward_S1,4.315659394497738
7,cx30,2024-03-29 22:58:13+00:00,40.287926,-88.126251,93.64698819968943,367.0,-3.6295706899025078,rs1,18.515541701498513,28.819678349804832,10.304136648306319,4,18.515541701498513,68.86248221445143,50.34694051295292,80.2309515867141,positive_cross,toward_S1,4.248445122462506
7,cx30,2024-03-29 22:58:14+00:00,40.287973,-88.126218,88.3711856056122,368.0,-5.275802594077234,rs1,12.734617915833267,29.635099672707344,16.90048175687408,4,12.734617915833267,63.2605325794026,50.52591466356933,80.2309515867141,positive_cross,toward_S1,4.150745074424039
7,cx30,2024-03-29 22:58:15+00:00,40.288028,-88.126201,82.23044902945998,369.0,-6.1407365761522215,rs1,7.982944660480289,30.1571047934203,22.17416013294001,4,7.982944660480289,57.00306754768633,49.02012288720604,80.2309515867141,positive_cross,toward_S1,4.03702773042122
7,cx30,2024-03-29 22:58:16+00:00,40.288086,-88.126194,75.77148238054866,370.0,-6.458966648911314,rs1,7.562942390030208,31.146895454746794,23.583953064716585,4,7.562942390030208,50.53072766694091,42.9677852769107,80.2309515867141,positive_cross,toward_S1,3.917417236922862
7,cx30,2024-03-29 22:58:17+00:00,40.288145,-88.12619,69.2059290269392,371.0,-6.5655533536094595,rs1,11.832775301023743,33.18821843800891,21.355443136985166,4,11.832775301023743,43.98758270472127,32.154807403697525,80.2309515867141,positive_cross,toward_S1,3.795832915559724
7,cx30,2024-03-29 22:58:18+00:00,40.288213,-88.126185,61.63825412828599,372.0,-7.567674898653209,rs1,18.498375768421457,36.453198323986825,17.954822555565368,4,18.498375768421457,36.453198323986825,17.954822555565368,80.2309515867141,positive_cross,toward_S1,3.655690787806887
7,cx30,2024-03-29 22:58:19+00:00,40.288282,-88.126184,53.96552256699478,373.0,-7.672731561291215,rs1,25.857808598100092,28.900799343948847,3.042990745848755,4,25.857808598100092,28.900799343948847,3.042990745848755,80.2309515867141,positive_cross,toward_S1,3.513603166301494
7,cx30,2024-03-29 22:58:20+00:00,40.288359,-88.126183,45.403376337635386,374.0,-8.562146229359392,rs3,20.583084344102048,34.23624117186733,13.65315682776528,3,20.583084344102048,34.23624117186733,13.65315682776528,26.33125891160298,positive_cross,toward_S1,3.353187359741341
7,cx30,2024-03-29 22:58:21+00:00,40.288441,-88.12618,36.28228585438363,375.0,-9.121090483251756,rs3,12.030825915568604,33.90935254451069,21.878526628942083,3,12.030825915568604,43.217604403451446,31.18677848788284,26.33125891160298,positive_cross,toward_S1,3.1842782767181603
7,cx30,2024-03-29 22:58:22+00:00,40.288525,-88.126176,26.937311660820807,376.0,-9.344974193562823,rs3,5.54954595587274,32.79555331392989,27.246007358057145,3,5.54954595587274,52.4612071559189,46.91166120004616,26.33125891160298,positive_cross,toward_S1,3.0112231990595895
7,cx30,2024-03-29 22:58:23+00:00,40.288615,-88.126171,16.923746422923724,377.0,-10.013565237897083,rs3,10.104314819915686,34.553696837187196,24.44938201727151,3,10.104314819915686,45.31819782929852,35.21388300938283,26.33125891160298,positive_cross,toward_S1,2.825786805765199
7,cx30,2024-03-29 22:58:24+00:00,40.288708,-88.126166,6.576650684295434,378.0,-10.34709573862829,rs3,19.667936128100656,34.98891338760238,15.320977259501724,3,19.667936128100656,34.98891338760238,15.320977259501724,26.33125891160298,positive_cross,toward_S1,2.6341739217165268
7,cx30,2024-03-29 22:58:25+00:00,40.288805,-88.126164,-4.210562260530451,379.0,-10.787212944825885,rs6,24.27943120238324,30.24094015730452,5.961508954921282,2,24.27943120238324,30.24094015730452,5.961508954921282,-27.632700444717127,positive_cross,toward_S1,2.4337432997071606
7,cx30,2024-03-29 22:58:26+00:00,40.288907,-88.126163,-15.55212932984318,380.0,-11.341567069312728,rs6,13.188110837341474,32.93551613109104,19.747405293749566,2,13.188110837341474,41.48944806777347,28.301337230431997,-27.632700444717127,positive_cross,toward_S1,2.223714279905073
7,cx30,2024-03-29 22:58:27+00:00,40.289011,-88.12617,-27.103809723576763,381.0,-11.551680393733584,rs6,4.567038491327264,30.06353861295125,25.496500121623985,2,4.567038491327264,52.51312807569188,47.946089584364614,-27.632700444717127,positive_cross,toward_S1,2.0097942726137106
7,cx30,2024-03-29 22:58:28+00:00,40.28912,-88.126173,-39.217494456178216,382.0,-12.113684732601453,rs6,12.034029443583712,31.99944031002372,19.965410866440006,2,12.034029443583712,40.459360937720675,28.425331494136962,-27.632700444717127,positive_cross,toward_S1,1.7854667775655355
7,cx30,2024-03-29 22:58:29+00:00,40.289222,-88.126171,-50.56059156915277,383.0,-11.343097112974554,rs6,22.876352385381487,29.17509773370952,6.298745348328033,2,22.876352385381487,29.17509773370952,6.298745348328033,-27.632700444717127,positive_cross,toward_S1,1.575409423621562
7,cx30,2024-03-29 22:58:30+00:00,40.289317,-88.126166,-61.13004097440856,384.0,-10.569449405255789,rs8,18.679754305814182,31.91161832120607,13.231864015391889,1,18.679754305814182,33.244319697622565,14.564565391808383,-78.92951005359993,positive_cross,toward_S1,1.329619797762803
7,cx30,2024-03-29 22:58:31+00:00,40.289406,-88.126162,-71.03089933612004,385.0,-9.900858361711485,rs8,9.0385382414546,28.002324886464017,18.963786645009417,1,9.0385382414546,43.05399077840608,34.015452536951486,-78.92951005359993,positive_cross,toward_S1,1.1462705688422201
7,cx30,2024-03-29 22:58:32+00:00,40.289479,-88.126164,-79.14374810279716,386.0,-8.112848766677118,rs8,3.44173681287806,26.727182554414846,23.285445741536787,1,3.44173681287806,51.16008615236706,47.718349339488995,-78.92951005359993,positive_cross,toward_S1,0.9960326287185697
7,cx30,2024-03-29 22:58:33+00:00,40.289539,-88.126165,-85.81282807533934,387.0,-6.669079972542178,rs8,7.26734286413285,27.54370888217381,20.27636601804096,1,7.26734286413285,57.82199938564478,50.55465652151193,-78.92951005359993,positive_cross,toward_S1,0.8725311477455664
7,cx30,2024-03-29 22:58:34+00:00,40.289596,-88.12617,-92.14225737643112,388.0,-6.329429301091778,rs8,13.298096546673827,29.41321191490343,16.115115368229603,1,13.298096546673827,64.1760548551403,50.87795830846647,-78.92951005359993,positive_cross,toward_S1,0.7553194940216446
7,cx30,2024-03-29 22:58:35+00:00,40.289641,-88.126197,-97.10390373054025,389.0,-4.961646354109135,rs8,18.7703647745969,30.146745324606467,11.376380550009568,1,18.7703647745969,69.35500115714066,50.58463638254376,-78.92951005359993,positive_cross,toward_S1,0.6634371541307347
7,cx30,2024-03-29 22:58:36+00:00,40.289672,-88.126244,-100.47847355680476,390.0,-3.374569826264505,rs8,23.492341509336327,29.534534167370037,6.042192658033709,1,23.492341509336327,73.26420144153,49.77185993219368,-78.92951005359993,positive_cross,toward_S1,0.6009451203110217
7,cx30,2024-03-29 22:58:37+00:00,40.289684,-88.126298,-101.72997324443182,391.0,-1.25149968762706,rs8,26.920861574469004,27.758527420549157,0.8376658460801529,1,26.920861574469004,75.38001009289384,48.45914851842484,-78.92951005359993,positive_cross,toward_S1,0.5777692001697798
7,cx30,2024-03-29 22:58:38+00:00,40.289677,-88.126357,-100.86146287920869,392.0,0.8685103652231305,rs10,24.626264071571562,29.385492610642693,4.759228539071131,1,24.626264071571562,74.95470177190357,50.32843770033201,-78.92951005359993,negative_cross,toward_S4,0.5938527254516897
7,cx30,2024-03-29 22:58:39+00:00,40.28964,-88.126412,-96.66376767816094,393.0,4.19769520104775,rs10,19.095688279572173,30.138388752623406,11.042700473051234,1,19.095688279572173,70.13329628643869,51.03760800686652,-78.92951005359993,negative_cross,toward_S4,0.6715878217673887
7,cx30,2024-03-29 22:58:40+00:00,40.28958,-88.126434,-89.95949671947903,394.0,6.704270958681903,rs10,12.170745360985807,28.510148711140694,16.33940335015489,1,12.170745360985807,63.27503520630687,51.10428984532106,-78.92951005359993,negative_cross,toward_S4,0.7957409876689054
7,cx30,2024-03-29 22:58:41+00:00,40.289517,-88.126442,-82.94311585954722,395.0,7.0163808599318145,rs10,5.527125830304355,27.295933665992422,21.768807835688065,1,5.527125830304355,56.23741964408586,50.710293813781504,-78.92951005359993,negative_cross,toward_S4,0.9256739665565317
7,cx30,2024-03-29 22:58:42+00:00,40.289445,-88.126446,-74.93226366969918,396.0,8.010852189848038,rs10,4.450219494404663,27.657626405318933,23.20740691091427,1,4.450219494404663,48.25343569326964,43.80321619886497,-78.92951005359993,negative_cross,toward_S4,1.074023081183347
7,cx30,2024-03-29 22:58:43+00:00,40.28936,-88.126447,-65.48070277145995,397.0,9.451560898239237,rs10,13.195691655202605,30.600184799843337,17.404493144640732,1,13.195691655202605,38.89660220657143,25.700910551368825,-78.92951005359993,negative_cross,toward_S4,1.249051986706296
7,cx30,2024-03-29 22:58:44+00:00,40.289267,-88.126446,-55.14278729008453,398.0,10.337915481375418,rs10,23.425345200429078,28.773063438030714,5.347718237601637,1,23.425345200429078,28.773063438030714,5.347718237601637,-78.92951005359993,negative_cross,toward_S4,1.440494865991026
7,cx30,2024-03-29 22:58:45+00:00,40.289164,-88.126447,-43.690043386668094,399.0,11.452743903416433,rs7,17.792188484911232,32.18927792191778,14.397089437006546,2,17.792188484911232,34.81974739614275,17.02755891123152,-27.632700444717127,negative_cross,toward_S4,1.7026417973712784
7,cx30,2024-03-29 22:58:46+00:00,40.289051,-88.126446,-31.12859123348801,400.0,12.561452153180085,rs7,7.739435077377953,28.069410826684496,20.32997574930654,2,7.739435077377953,47.36513983716485,39.62570475978689,-27.632700444717127,negative_cross,toward_S4,1.9352612816894281
7,cx30,2024-03-29 22:58:47+00:00,40.288936,-88.126455,-18.32948498412841,401.0,12.7991062493596,rs7,10.60030359410248,30.12586720549671,19.525563611394233,2,10.60030359410248,46.13515909154504,35.534855497442564,-27.632700444717127,negative_cross,toward_S4,2.17228176778868
7,cx30,2024-03-29 22:58:48+00:00,40.288821,-88.12647,-5.521198477537662,402.0,12.808286506590747,rs7,22.096864729596316,33.36958638122885,11.272721651632533,2,22.096864729596316,33.36958638122885,11.272721651632533,-27.632700444717127,negative_cross,toward_S4,2.4094722586514714
7,cx30,2024-03-29 22:58:49+00:00,40.28871,-88.126493,6.854621037236521,403.0,12.375819514774182,rs5,20.935056385550993,34.06108158366164,13.126025198110646,3,20.935056385550993,34.06108158366164,13.126025198110646,26.33125891160298,negative_cross,toward_S4,2.6393215208450655
7,cx30,2024-03-29 22:58:50+00:00,40.288601,-88.126509,18.997376585258458,404.0,12.142755548021936,rs5,9.166554497985285,34.433305763982865,25.26675126599758,3,9.166554497985285,46.09935366645074,36.93279916846545,26.33125891160298,negative_cross,toward_S4,2.8641873643269533
7,cx30,2024-03-29 22:58:51+00:00,40.288494,-88.126523,30.91471838011923,405.0,11.917341794860771,rs5,5.1705396639818675,35.16527065566998,29.99473099168811,3,5.1705396639818675,50.58589554477409,45.41535588079222,26.33125891160298,negative_cross,toward_S4,3.084878879046597
7,cx30,2024-03-29 22:58:52+00:00,40.288388,-88.126527,42.705582912882434,406.0,11.790864532763205,rs5,16.013214169743264,38.796529524063025,22.78331535431976,3,16.013214169743264,38.796529524063025,22.78331535431976,26.33125891160298,negative_cross,toward_S4,3.3032282222459157
7,cx30,2024-03-29 22:58:53+00:00,40.288281,-88.126524,54.5969139788564,407.0,11.891331065973965,rs2,26.954613844953833,27.82104706326438,0.8664332183105472,4,26.954613844953833,27.82104706326438,0.8664332183105472,80.2309515867141,negative_cross,toward_S4,3.525295599854487
7,cx30,2024-03-29 22:58:54+00:00,40.288182,-88.12652,65.5973003330569,408.0,11.000386354200494,rs2,16.099299721651708,37.18520346513548,21.085903743483772,4,16.099299721651708,38.80791350172009,22.70861378006838,80.2309515867141,negative_cross,toward_S4,3.7290064582656073
7,cx30,2024-03-29 22:58:55+00:00,40.288093,-88.126518,75.48897843672553,409.0,9.891678103668639,rs2,6.732875203046426,34.51020274683244,27.777327543786015,4,6.732875203046426,48.68579116634062,41.952915963294195,80.2309515867141,negative_cross,toward_S4,3.9121856824076193
7,cx30,2024-03-29 22:58:56+00:00,40.28802,-88.126519,83.60641733203995,410.0,8.117438895314422,rs2,3.848014215605139,34.57356042370432,30.725546208099182,4,3.848014215605139,56.77877579138219,52.93076157577705,80.2309515867141,negative_cross,toward_S4,4.062508624913442
7,cx30,2024-03-29 22:58:57+00:00,40.28796,-88.126521,90.28008743398769,411.0,6.673670101947735,rs2,9.372678451950511,36.118582832899115,26.745904380948602,4,9.372678451950511,63.43008055482649,54.057402102875976,80.2309515867141,negative_cross,toward_S4,4.186095108282844
7,cx30,2024-03-29 22:58:58+00:00,40.287906,-88.126495,96.24385533318404,412.0,5.963767899196355,rs2,15.769625643876122,36.34672954520035,20.577103901324225,4,15.769625643876122,69.57460550169107,53.80497985781494,80.2309515867141,negative_cross,toward_S4,4.296535254564258
7,cx30,2024-03-29 22:58:59+00:00,40.28787,-88.126444,100.16818915608805,413.0,3.9243338229040035,rs2,21.155832714860082,34.779069735321535,13.623237020461453,4,21.155832714860082,74.02855295157674,52.87272023671666,80.2309515867141,negative_cross,toward_S4,4.369208103136555
7,cx30,2024-03-29 22:59:00+00:00,40.287858,-88.126374,101.39520815770015,414.0,1.2270190016121063,rs2,25.45666383044389,31.135277990161615,5.678614159717725,4,25.45666383044389,76.37071352027561,50.91404968983173,80.2309515867141,negative_cross,toward_S4,4.391930677240483
7,cx30,2024-03-29 22:59:01+00:00,40.287865,-88.126309,100.51751753601407,415.0,-0.8776906216860851,rs1,26.889815426359714,28.600117346954395,1.7103019205946808,4,26.889815426359714,76.47786267491381,49.58804724855409,80.2309515867141,positive_cross,toward_S1,4.375677147209259
7,cx30,2024-03-29 22:59:02+00:00,40.287888,-88.126245,97.86252761862843,416.0,-2.6549899173856346,rs1,21.704331221510017,31.339169864949447,9.63483864343943,4,21.704331221510017,72.9500414752566,51.24571025374658,80.2309515867141,positive_cross,toward_S1,4.326510667257673
7,cx30,2024-03-29 22:59:03+00:00,40.287935,-88.126199,92.56683446796353,417.0,-5.295693150664903,rs1,15.231406239762943,32.4667174616666,17.235311221903654,4,15.231406239762943,67.25147130267864,52.02006506291569,80.2309515867141,positive_cross,toward_S1,4.2284422755786935
7,cx30,2024-03-29 22:59:04+00:00,40.287991,-88.126182,86.31492105770762,418.0,-6.251913410255909,rs1,9.21290528790734,32.20272407162311,22.98981878371577,4,9.21290528790734,60.90694699913677,51.69404171122943,80.2309515867141,positive_cross,toward_S1,4.112666101314695
7,cx30,2024-03-29 22:59:05+00:00,40.288052,-88.126186,79.53925437969902,419.0,-6.775666678008605,rs1,6.10567042562105,31.429524666616302,25.323854240995253,4,6.10567042562105,54.19646528246219,48.09079485684114,80.2309515867141,positive_cross,toward_S1,3.9871907924626835
7,cx30,2024-03-29 22:59:06+00:00,40.288115,-88.126185,72.53358382068191,420.0,-7.005670559017105,rs1,8.921146944068527,32.57472294259871,23.653575998530187,4,8.921146944068527,47.23189490811537,38.31074796404685,80.2309515867141,positive_cross,toward_S1,3.8574561524808852
7,cx30,2024-03-29 22:59:07+00:00,40.288187,-88.126182,64.52426167291576,421.0,-8.009322147766156,rs1,15.696098884278955,35.708897879214035,20.012798994935082,4,15.696098884278955,39.26713060151503,23.571031717236075,80.2309515867141,positive_cross,toward_S1,3.7091353719666973
7,cx30,2024-03-29 22:59:08+00:00,40.288265,-88.126179,55.847878523687214,422.0,-8.676383149228542,rs1,23.920070501944654,30.670532576940836,6.750462074996182,4,23.920070501944654,30.670532576940836,6.750462074996182,80.2309515867141,positive_cross,toward_S1,3.5484616099439465
7,cx30,2024-03-29 22:59:09+00:00,40.28835,-88.126175,46.391727496832395,423.0,-9.456151026854819,rs3,21.363210501222888,33.137879771056845,11.774669269833957,3,21.363210501222888,33.137879771056845,11.774669269833957,26.33125891160298,positive_cross,toward_S1,3.37149015898573
7,cx30,2024-03-29 22:59:10+00:00,40.288436,-88.12617,36.82286959377022,424.0,-9.568857903062174,rs3,12.155724036822622,34.883767359791335,22.728043322968713,3,12.155724036822622,42.56349031021571,30.40776627339309,26.33125891160298,positive_cross,toward_S1,3.194289086706801
7,cx30,2024-03-29 22:59:11+00:00,40.288529,-88.126166,26.477303898013794,425.0,-10.345565695756427,rs3,4.630490517949584,33.6403621220624,29.009871604112817,3,4.630490517949584,52.82656145805454,48.19607094010496,26.33125891160298,positive_cross,toward_S1,3.0027045367853855
7,cx30,2024-03-29 22:59:12+00:00,40.288628,-88.126161,15.463147157133136,426.0,-11.014156740880658,rs3,11.038710848897763,35.78638091097752,24.747670062079756,3,11.038710848897763,43.80026707187743,32.761556222979664,26.33125891160298,positive_cross,toward_S1,2.7987386712135214
7,cx30,2024-03-29 22:59:13+00:00,40.288735,-88.126158,3.562635833928031,427.0,-11.900511323205105,rs3,22.47254691306759,31.928516887129366,9.455969974061777,3,22.47254691306759,31.928516887129366,9.455969974061777,26.33125891160298,positive_cross,toward_S1,2.578358831894908
7,cx30,2024-03-29 22:59:14+00:00,40.288846,-88.126157,-8.779522737578311,428.0,-12.342158571506342,rs6,19.68379663028501,34.689035859209206,15.005239228924196,2,19.68379663028501,34.689035859209206,15.005239228924196,-27.632700444717127,positive_cross,toward_S1,2.3491329205025706
7,cx30,2024-03-29 22:59:15+00:00,40.288961,-88.12616,-21.560268472432135,429.0,-12.780745734853824,rs6,7.522709812030132,31.492724802200083,23.97001499016995,2,7.522709812030132,47.44484113506489,39.92213132303476,-27.632700444717127,positive_cross,toward_S1,2.1124524439312036
7,cx30,2024-03-29 22:59:16+00:00,40.289077,-88.126165,-34.44913095483425,430.0,-12.888862482402118,rs6,7.4702718333366525,31.246860545517464,23.77658871218081,2,7.4702718333366525,45.161224007285334,37.69095217394868,-27.632700444717127,positive_cross,toward_S1,1.8737698053682013
7,cx30,2024-03-29 22:59:17+00:00,40.289186,-88.126163,-46.57046590258496,431.0,-12.121334947750704,rs6,18.81752732723905,33.07013285169071,14.25260552445166,2,18.81752732723905,33.07013285169071,14.25260552445166,-27.632700444717127,positive_cross,toward_S1,1.6493006396691143
7,cx30,2024-03-29 22:59:18+00:00,40.289295,-88.126165,-58.68568067884822,432.0,-12.115214776263265,rs8,21.07188864876936,30.806371278505353,9.734482629735993,1,21.07188864876936,30.806371278505353,9.734482629735993,-78.92951005359993,positive_cross,toward_S1,1.3748857291620686
7,cx30,2024-03-29 22:59:19+00:00,40.289398,-88.126167,-70.13383445285913,433.0,-11.448153774010912,rs8,10.021721599531704,27.859638023678297,17.83791642414659,1,10.021721599531704,42.20767568156122,32.18595408202952,-78.92951005359993,positive_cross,toward_S1,1.1628828814952
7,cx30,2024-03-29 22:59:20+00:00,40.289487,-88.126171,-80.02245247155227,434.0,-9.888618018693137,rs8,4.062889754030559,26.15944927144023,22.096559517409673,1,4.062889754030559,52.095589983299355,48.0327002292688,-78.92951005359993,positive_cross,toward_S1,0.9797603255934751
7,cx30,2024-03-29 22:59:21+00:00,40.289561,-88.126171,-88.24953815730859,435.0,-8.227085685756322,rs8,9.683658515415914,27.785223652104992,18.10156513668908,1,9.683658515415914,60.2994033827661,50.61574486735019,-78.92951005359993,positive_cross,toward_S1,0.8274068869683581
7,cx30,2024-03-29 22:59:22+00:00,40.289615,-88.126174,-94.24849704262289,436.0,-5.998958885314295,rs8,15.420085009596363,30.137855416084854,14.71777040648849,1,15.420085009596363,66.30806634755729,50.88798133796092,-78.92951005359993,positive_cross,toward_S1,0.716315055758834
7,cx30,2024-03-29 22:59:23+00:00,40.289661,-88.1262,-99.32285027372939,437.0,-5.0743532311065,rs8,20.959255322023058,31.3569961816169,10.397740859593842,1,20.959255322023058,71.5937415572101,50.63448623518704,-78.92951005359993,positive_cross,toward_S1,0.6223455514790841
7,cx30,2024-03-29 22:59:24+00:00,40.28969,-88.126246,-102.47659647544826,438.0,-3.1537462017188744,rs8,25.379175764485634,30.932293645785016,5.553117881299382,1,25.379175764485634,75.26965306816629,49.890477303680655,-78.92951005359993,positive_cross,toward_S1,0.5639428440398457
7,cx30,2024-03-29 22:59:25+00:00,40.289685,-88.126366,-101.73710716219834,439.0,0.7394893132499192,rs10,25.135370646841565,30.557500457071416,5.422129810229851,1,25.135370646841565,75.68938422934622,50.55401358250465,-78.92951005359993,negative_cross,toward_S4,0.5776370905815109
7,cx30,2024-03-29 22:59:26+00:00,40.289644,-88.126418,-97.09929475574296,440.0,4.637812406455382,rs10,19.378759445901213,30.811491192557614,11.432731746656401,1,19.378759445901213,70.50718282540626,51.12842337950505,-78.92951005359993,negative_cross,toward_S4,0.6635225055158698
7,cx30,2024-03-29 22:59:27+00:00,40.289581,-88.126436,-90.06761346704907,441.0,7.031681288693889,rs10,12.224700160442046,28.709522597994404,16.48482243755236,1,12.224700160442046,63.365159171434314,51.14045901099227,-78.92951005359993,negative_cross,toward_S4,0.7937388256768677
7,cx30,2024-03-29 22:59:28+00:00,40.28951,-88.126439,-82.16946815338666,442.0,7.898145313662411,rs10,5.072897077967491,26.942366228948405,21.869469150980912,1,5.072897077967491,55.49756118146843,50.42466410350094,-78.92951005359993,negative_cross,toward_S4,0.9400007759298753
7,cx30,2024-03-29 22:59:29+00:00,40.289435,-88.126443,-73.82508546203918,443.0,8.344382691347477,rs10,5.497868186356744,27.593974962774492,22.09610677641775,1,5.497868186356744,47.188544746690276,41.69067656033353,-78.92951005359993,negative_cross,toward_S4,1.0945263813251989
7,cx30,2024-03-29 22:59:31+00:00,40.289351,-88.126446,-64.4816413121382,445.0,4.671722074950495,rs10,14.193300445574874,30.98140952830118,16.788109082726308,1,14.193300445574874,37.92504219389159,23.73174174831672,-78.92951005359993,negative_cross,toward_S4,1.2675531248418839
7,cx30,2024-03-29 22:59:32+00:00,40.28916,-88.126445,-43.24839613836685,446.0,21.233245173771344,rs7,17.444125346495586,31.822630773863153,14.378505427367568,2,17.444125346495586,35.27678518049486,17.832659833999276,-27.632700444717127,negative_cross,toward_S4,1.7108204501175976
7,cx30,2024-03-29 22:59:34+00:00,40.289062,-88.126445,-32.35306644597093,448.0,5.447664846197959,rs7,8.49980234186576,28.160191121881404,19.660388780015644,2,8.49980234186576,46.14907163561363,37.64926929374787,-27.632700444717127,negative_cross,toward_S4,1.9125858147915962
7,cx30,2024-03-29 22:59:35+00:00,40.288961,-88.126455,-21.108905824081752,449.0,11.24416062188918,rs7,8.428895769678858,29.378440238711782,20.949544469032922,2,8.428895769678858,48.86403022765429,40.43513445797543,-27.632700444717127,negative_cross,toward_S4,2.1208110114932475
7,cx30,2024-03-29 22:59:36+00:00,40.288857,-88.126475,-9.515914272721044,450.0,11.592991551360708,rs7,18.097137456216437,35.35221637507902,17.25507891886258,2,18.097137456216437,37.18631290157774,19.089175445361306,-27.632700444717127,negative_cross,toward_S4,2.3354960402221496
7,cx30,2024-03-29 22:59:37+00:00,40.288751,-88.1265,2.3070811604381523,451.0,11.822995433159196,rs5,25.21171338685018,29.46932851510051,4.257615128250329,3,25.21171338685018,29.46932851510051,4.257615128250329,26.33125891160298,negative_cross,toward_S4,2.5551078194228736
7,cx30,2024-03-29 22:59:38+00:00,40.288641,-88.126518,14.564073627539301,452.0,12.25699246710115,rs5,12.97434538820019,36.35620066353029,23.381855275330096,3,12.97434538820019,41.63545114606,28.661105757859808,26.33125891160298,negative_cross,toward_S4,2.782089161406228
7,cx30,2024-03-29 22:59:39+00:00,40.288531,-88.126527,26.807295708728496,453.0,12.243222081189195,rs5,3.017186831729237,35.19735502389563,32.18016819216639,3,3.017186831729237,53.867404792288276,50.850217960559036,26.33125891160298,negative_cross,toward_S4,3.008815496243065
7,cx30,2024-03-29 22:59:40+00:00,40.288418,-88.126531,39.37639807628961,454.0,12.569102367561115,rs5,12.675564044959518,37.87884426672113,25.203280221761613,3,12.675564044959518,42.108564521236815,29.433000476277297,26.33125891160298,negative_cross,toward_S4,3.2415766511979007
7,cx30,2024-03-29 22:59:41+00:00,40.288308,-88.126537,51.61503002886324,455.0,12.238631952573627,rs5,24.720368300490776,29.86378224576617,5.143413945275395,3,24.720368300490776,29.86378224576617,5.143413945275395,26.33125891160298,negative_cross,toward_S4,3.4682179836529676
7,cx30,2024-03-29 22:59:42+00:00,40.2882,-88.126539,63.62518814251023,456.0,12.010158113646995,rs2,17.86634175901881,36.692168513840116,18.825826754821307,4,17.86634175901881,36.692168513840116,18.825826754821307,80.2309515867141,negative_cross,toward_S4,3.692485862144373
7,cx30,2024-03-29 22:59:43+00:00,40.288105,-88.12654,74.18851737706855,457.0,10.563329234558317,rs2,7.3685551393498265,36.54026244607913,29.171707306729306,4,7.3685551393498265,47.24304416103578,39.87448902168596,80.2309515867141,negative_cross,toward_S4,3.888103070191749
7,cx30,2024-03-29 22:59:44+00:00,40.288022,-88.126538,83.413134480043,458.0,9.224617102974449,rs2,2.514394729259962,36.15165799439363,33.63726326513367,4,2.514394729259962,56.47451408976749,53.96011936050753,80.2309515867141,negative_cross,toward_S4,4.058929312839424
7,cx30,2024-03-29 22:59:45+00:00,40.287955,-88.126535,90.85739220240757,459.0,7.4442577223645685,rs2,9.611310305746251,37.41797990141135,27.8066695956651,4,9.611310305746251,63.93100105581209,54.31969075006584,80.2309515867141,negative_cross,toward_S4,4.196785937327657
7,cx30,2024-03-29 22:59:46+00:00,40.287901,-88.126505,96.81503993007304,460.0,5.957647727665474,rs2,16.04614726986811,37.35582248523314,21.30967521536503,4,16.04614726986811,70.06468189434831,54.018534624480196,80.2309515867141,negative_cross,toward_S4,4.307112747099239
7,cx30,2024-03-29 22:59:47+00:00,40.287867,-88.126459,100.52467029994058,461.0,3.70963036986754,rs2,20.92135357395399,36.00445392279574,15.08310034884175,4,20.92135357395399,74.19779645674605,53.276442882792054,80.2309515867141,negative_cross,toward_S4,4.37580960580049
7,cx30,2024-03-29 22:59:48+00:00,40.287856,-88.126399,101.65581289702277,462.0,1.1311425970821887,rs2,24.41412200567783,32.82142185225904,8.407299846581214,4,24.41412200567783,76.17357447778565,51.759452472107824,80.2309515867141,negative_cross,toward_S4,4.3967566909316425
7,cx30,2024-03-29 22:59:49+00:00,40.28787,-88.126335,100.0014144826207,463.0,-1.654398414402067,rs2,26.627239248508918,27.88482349511575,1.2575842466068323,4,26.627239248508918,75.84002000876208,49.21278076025317,80.2309515867141,negative_cross,toward_S1,4.36611968325753
7,cx30,2024-03-29 22:59:50+00:00,40.287903,-88.126274,96.239246358365,464.0,-3.762168124255709,rs1,21.73214289060615,28.367530331970208,6.63538744136406,4,21.73214289060615,71.7320927300719,49.99994983946575,80.2309515867141,positive_cross,toward_S1,4.29644990317872
7,cx30,2024-03-29 22:59:51+00:00,40.287956,-88.126225,90.27190207683212,465.0,-5.967344281532874,rs1,14.537709484542217,29.60124704557967,15.063537561037451,4,14.537709484542217,65.21730412493994,50.679594640397724,80.2309515867141,positive_cross,toward_S1,4.1859435275947785
7,cx30,2024-03-29 22:59:52+00:00,40.288018,-88.126199,83.33915727922363,466.0,-6.932744797608493,rs1,8.327528237481742,30.395494951041147,22.067966713559407,4,8.327528237481742,58.084000915324495,49.75647267784275,80.2309515867141,positive_cross,toward_S1,4.057559364676102
7,cx30,2024-03-29 22:59:53+00:00,40.288086,-88.126186,75.75924203755206,467.0,-7.579915241671571,rs1,6.961881624110655,31.816581396973618,24.854699772862965,4,6.961881624110655,50.44198498677841,43.480103362667755,80.2309515867141,positive_cross,toward_S1,3.9171905639044065
7,cx30,2024-03-29 22:59:54+00:00,40.28816,-88.126181,67.52450613741472,468.0,-8.234735900137338,rs1,12.9113249394137,34.514741432112025,21.603416492698326,4,12.9113249394137,42.22650877930495,29.31518383989125,80.2309515867141,positive_cross,toward_S1,3.764695454642604
7,cx30,2024-03-29 22:59:55+00:00,40.28824,-88.126174,58.61964914928127,469.0,-8.904856988133446,rs1,21.11756529046695,33.33790899794632,12.220343707479373,4,21.11756529046695,33.33790899794632,12.220343707479373,80.2309515867141,positive_cross,toward_S1,3.5997906956030956
7,cx30,2024-03-29 22:59:56+00:00,40.288324,-88.126171,49.27620499859031,470.0,-9.343444150690964,rs3,24.10194351549981,30.22863743573183,6.126693920232022,3,24.10194351549981,30.22863743573183,6.126693920232022,26.33125891160298,positive_cross,toward_S1,3.4249064090182837
7,cx30,2024-03-29 22:59:57+00:00,40.288414,-88.126169,39.267229889330544,471.0,-10.008975109259765,rs3,14.399934923849386,35.76820257122592,21.368267647376534,3,14.399934923849386,40.12269746372059,25.722762539871205,26.33125891160298,positive_cross,toward_S1,3.239555018106066
7,cx30,2024-03-29 22:59:58+00:00,40.288508,-88.126168,28.815077488897685,472.0,-10.452152400432858,rs3,5.666766007683919,33.55517949282832,27.888413485144405,3,5.666766007683919,50.51433006123504,44.847564053551125,26.33125891160298,positive_cross,toward_S1,3.0459966403202725
7,cx30,2024-03-29 22:59:59+00:00,40.288607,-88.126166,17.80551087742256,473.0,-11.009566611475126,rs3,9.121345536868375,34.72992475446802,25.608579217599647,3,9.121345536868375,46.163969458178684,37.04262392131031,26.33125891160298,positive_cross,toward_S1,2.842115777144807
7,cx30,2024-03-29 23:00:00+00:00,40.288711,-88.126167,6.244650226436088,474.0,-11.560860650986472,rs3,20.012195631436587,34.66771742153498,14.655521790098394,3,20.012195631436587,34.66771742153498,14.655521790098394,26.33125891160298,positive_cross,toward_S1,2.628025765089502
7,cx30,2024-03-29 23:00:01+00:00,40.288823,-88.126168,-6.205625093408504,475.0,-12.450275319844593,rs6,22.368599639029366,32.27111067858411,9.902511039554742,2,22.368599639029366,32.27111067858411,9.902511039554742,-27.632700444717127,positive_cross,toward_S1,2.3967976916909004
7,cx30,2024-03-29 23:00:02+00:00,40.288926,-88.126169,-17.655308910291264,476.0,-11.44968381688276,rs6,11.3693736851337,31.738800295704014,20.369426610570315,2,11.3693736851337,43.64513892859665,32.27576524346295,-27.632700444717127,positive_cross,toward_S1,2.1847665098967752
7,cx30,2024-03-29 23:00:03+00:00,40.289028,-88.126172,-28.990755808906528,477.0,-11.335446898615263,rs6,4.692208777808217,29.92340487997143,25.23119610216321,2,4.692208777808217,50.64127606725383,45.94906728944561,-27.632700444717127,positive_cross,toward_S1,1.9748508265890852
7,cx30,2024-03-29 23:00:04+00:00,40.289123,-88.126172,-39.55255499978128,478.0,-10.561799190874751,rs6,12.30983043942805,32.201115275718955,19.891284836290907,2,12.30983043942805,40.11871916480001,27.808888725371965,-27.632700444717127,positive_cross,toward_S1,1.7792619526839972
7,cx30,2024-03-29 23:00:05+00:00,40.289217,-88.126169,-50.00776748674782,479.0,-10.455212486966538,rs6,22.29770147386488,29.703539551767463,7.405838077902583,2,22.29770147386488,29.703539551767463,7.405838077902583,-27.632700444717127,positive_cross,toward_S1,1.5856469066290613
7,cx30,2024-03-29 23:00:06+00:00,40.289314,-88.126167,-60.79498043080548,480.0,-10.787212944057664,rs8,19.023535639080617,32.027699465279596,13.00416382619898,1,19.023535639080617,32.923914677932586,13.90037903885197,-78.92951005359993,positive_cross,toward_S1,1.3358246226443415
7,cx30,2024-03-29 23:00:07+00:00,40.289411,-88.126167,-71.57913328988765,481.0,-10.78415285908217,rs8,8.693161905190733,27.4431937879807,18.75003188278997,1,8.693161905190733,43.64670778528784,34.9535458800971,-78.92951005359993,positive_cross,toward_S1,1.136118088216894
7,cx30,2024-03-29 23:00:08+00:00,40.289498,-88.12617,-81.24692768403519,482.0,-9.667794394147535,rs8,4.329444125984268,26.329100029812313,21.999655903828046,1,4.329444125984268,53.3074076452423,48.97796351925803,-78.92951005359993,positive_cross,toward_S1,0.9570848586956433
7,cx30,2024-03-29 23:00:09+00:00,40.289567,-88.126173,-88.9135390730273,483.0,-7.666611388992109,rs8,10.361942571495398,27.860877591645572,17.498935020150174,1,10.361942571495398,60.97774049508707,50.61579792359167,-78.92951005359993,positive_cross,toward_S1,0.8151105737143081
7,cx30,2024-03-29 23:00:10+00:00,40.289624,-88.126179,-95.24143833124718,484.0,-6.327899258219887,rs8,16.50001043007791,30.305917333928488,13.805906903850577,1,16.50001043007791,67.33802059432384,50.83801016424593,-78.92951005359993,positive_cross,toward_S1,0.6979272541176434
7,cx30,2024-03-29 23:00:11+00:00,40.289668,-88.126214,-100.0796675082343,485.0,-4.838229176987113,rs8,22.084899879200705,31.001138597623388,8.916238718422683,1,22.084899879200705,72.49302935498761,50.40812947578691,-78.92951005359993,positive_cross,toward_S1,0.608330417506771
7,cx30,2024-03-29 23:00:12+00:00,40.289696,-88.126264,-103.11611670513028,486.0,-3.036449196895987,rs8,26.63656277981309,30.51165237776802,3.875089597954929,1,26.63656277981309,76.16414536000433,49.527582580191236,-78.92951005359993,positive_cross,toward_S1,0.5520998768235119
7,cx30,2024-03-29 23:00:13+00:00,40.289702,-88.126324,-103.6913751340638,487.0,-0.5752584289335232,rs10,28.35935197979847,29.815074456984966,1.455722477186498,1,28.35935197979847,77.80803518361752,49.44868320381905,-78.92951005359993,negative_cross,toward_S1,0.5414469429543727
7,cx30,2024-03-29 23:00:14+00:00,40.289686,-88.126389,-101.81309301016236,488.0,1.8782821239014424,rs10,24.563383556242666,31.982353211758934,7.418969655516268,1,24.563383556242666,75.47752909901148,50.91414554276881,-78.92951005359993,negative_cross,toward_S4,0.5762299452488437
7,cx30,2024-03-29 23:00:15+00:00,40.289633,-88.126432,-95.85492898588238,489.0,5.958164024279981,rs10,17.901188182724482,31.103792563465998,13.202604380741516,1,17.901188182724482,69.14935649510075,51.248168312376265,-78.92951005359993,negative_cross,toward_S4,0.6865663160688434
7,cx30,2024-03-29 23:00:16+00:00,40.289571,-88.126441,-88.94819491716068,490.0,6.906734068721704,rs10,11.03676518970596,28.698366904219423,17.661601714513463,1,11.03676518970596,62.2112175815019,51.17445239179594,-78.92951005359993,negative_cross,toward_S4,0.8144687988229491
7,cx30,2024-03-29 23:00:17+00:00,40.289505,-88.126442,-81.60899385662242,491.0,7.339201060538258,rs10,4.492985802132315,27.136660032682624,22.64367423055031,1,4.492985802132315,54.91328166856486,50.42029586643255,-78.92951005359993,negative_cross,toward_S4,0.9503799295736576
7,cx30,2024-03-29 23:00:18+00:00,40.289432,-88.126448,-73.48390474692692,492.0,8.125089109695494,rs10,5.565722869732888,28.074607871486673,22.508885001753786,1,5.565722869732888,46.79791121480889,41.232188345076004,-78.92951005359993,negative_cross,toward_S4,1.1008445427161666
7,cx30,2024-03-29 23:00:19+00:00,40.28935,-88.126451,-64.36281426365343,493.0,9.121090483273491,rs10,14.22539990793052,31.408332365091606,17.182932457161087,1,14.22539990793052,37.743328520879764,23.517928612949245,-78.92951005359993,negative_cross,toward_S4,1.26975362573975
7,cx30,2024-03-29 23:00:20+00:00,40.28926,-88.126453,-54.353839154393675,494.0,10.008975109259758,rs10,24.137023027981964,27.881237343536544,3.7442143155545793,1,24.137023027981964,27.881237343536544,3.7442143155545793,-78.92951005359993,negative_cross,toward_S4,1.4551050166519677
7,cx30,2024-03-29 23:00:21+00:00,40.289163,-88.126453,-43.569686296101466,495.0,10.78415285829221,rs7,17.506489026812954,32.57792719301501,15.071438166202054,2,17.506489026812954,34.89476136712286,17.388272340309907,-27.632700444717127,negative_cross,toward_S4,1.7048706323817715
7,cx30,2024-03-29 23:00:22+00:00,40.289062,-88.126453,-32.34082610297433,496.0,11.228860193127133,rs7,7.973341464756364,28.829922375197903,20.85658091044154,2,7.973341464756364,46.111621862099625,38.13828039734326,-27.632700444717127,negative_cross,toward_S4,1.9128124878100516
7,cx30,2024-03-29 23:00:23+00:00,40.288962,-88.126455,-21.2200826573955,497.0,11.120743445578832,rs7,8.349558765898282,29.35362668706635,21.004067921168065,2,8.349558765898282,48.97330625627146,40.62374749037318,-27.632700444717127,negative_cross,toward_S4,2.118752181246697
7,cx30,2024-03-29 23:00:24+00:00,40.288863,-88.126468,-10.193685574308201,498.0,11.0263970830873,rs7,17.600346586349723,34.50075700962572,16.900410423276,2,17.600346586349723,37.96145359712992,20.361107010780195,-27.632700444717127,negative_cross,toward_S4,2.3229447198223876
7,cx30,2024-03-29 23:00:25+00:00,40.288766,-88.126487,0.6195380986145355,499.0,10.813223672922737,rs5,27.084539069435237,27.90873027808721,0.8241912086519712,3,27.084539069435237,27.90873027808721,0.8241912086519712,26.33125891160298,negative_cross,toward_S4,2.5238570219816956
7,cx30,2024-03-29 23:00:26+00:00,40.288671,-88.126506,11.210408104931517,500.0,10.590870006316981,rs5,16.463001782619184,36.63026760700222,20.167265824383033,3,16.463001782619184,38.32669123765786,21.863689455038678,26.33125891160298,negative_cross,toward_S4,2.719984244320899
7,cx30,2024-03-29 23:00:27+00:00,40.288575,-88.126518,21.901744644415757,501.0,10.69133653948424,rs5,6.322890784513433,34.70155120231709,28.37866041780366,3,6.322890784513433,48.975875474062114,42.65298468954868,26.33125891160298,negative_cross,toward_S4,2.9179719580150514
7,cx30,2024-03-29 23:00:28+00:00,40.288476,-88.126522,32.914371341612856,502.0,11.0126266971971,rs5,6.8618247030705035,35.40343630954028,28.54161160646978,3,6.8618247030705035,48.59201388496474,41.73018918189424,26.33125891160298,negative_cross,toward_S4,3.1219094894446275
7,cx30,2024-03-29 23:00:29+00:00,40.288373,-88.126524,44.368645287922895,503.0,11.454273946310039,rs5,17.69982106759132,37.14946031669766,19.449639249106344,3,17.69982106759132,37.14946031669766,19.449639249106344,26.33125891160298,negative_cross,toward_S4,3.334025673635554
7,cx30,2024-03-29 23:00:30+00:00,40.288266,-88.126526,56.26762656825614,504.0,11.898981280333246,rs2,25.277611766089677,29.460233653164945,4.182621887075268,4,25.277611766089677,29.460233653164945,4.182621887075268,80.2309515867141,negative_cross,toward_S4,3.5562347218804082
7,cx30,2024-03-29 23:00:31+00:00,40.288162,-88.126528,67.8330773478582,505.0,11.565450779602052,rs2,13.788414669216724,37.0457458338617,23.257331164644977,4,13.788414669216724,40.969257115279504,27.18084244606278,80.2309515867141,negative_cross,toward_S4,3.7704097363174833
7,cx30,2024-03-29 23:00:32+00:00,40.288064,-88.12653,78.73146712601955,506.0,10.89838977816136,rs2,3.4769304545751853,35.29012872545939,31.813198270884204,4,3.4769304545751853,51.83812902550065,48.36119857092547,80.2309515867141,negative_cross,toward_S4,3.972231769246397
7,cx30,2024-03-29 23:00:33+00:00,40.287979,-88.126532,88.18455806713067,507.0,9.453090941111114,rs2,7.075574056013222,36.45987917206935,29.384305116056126,4,7.075574056013222,61.27364622956526,54.198072173552035,80.2309515867141,negative_cross,toward_S4,4.147289008896603
7,cx30,2024-03-29 23:00:34+00:00,40.287917,-88.126527,95.06987153558116,508.0,6.885313468450491,rs2,13.890893702269846,38.27067882367811,24.379785121408265,4,13.890893702269846,68.18157165980458,54.290677957534726,80.2309515867141,negative_cross,toward_S4,4.274794813867908
7,cx30,2024-03-29 23:00:35+00:00,40.28787,-88.126492,100.24163121411117,509.0,5.171759678530009,rs2,19.664365920889402,38.13238774397583,18.46802182308643,4,19.664365920889402,73.58615630966601,53.92179038877661,80.2309515867141,negative_cross,toward_S4,4.370568141248094
7,cx30,2024-03-29 23:00:36+00:00,40.287836,-88.126439,103.94055128385396,510.0,3.6989200697427975,rs2,24.75980809370262,36.831297204199004,12.071489110496383,4,24.75980809370262,77.83287997361506,53.07307187991245,80.2309515867141,negative_cross,toward_S4,4.4390666610581455
7,cx30,2024-03-29 23:00:37+00:00,40.287824,-88.126377,105.17981062848443,511.0,1.2392593446304687,rs2,28.417703260760423,34.0779635930759,5.660260332315477,4,28.417703260760423,80.0220264770895,51.60432321632908,80.2309515867141,negative_cross,toward_S4,4.462015908180932
7,cx30,2024-03-29 23:00:38+00:00,40.287836,-88.126313,103.74776588149982,512.0,-1.4320447469846158,rs1,29.69231981710824,30.655395714303427,0.9630758971951892,4,29.69231981710824,79.70058024470183,50.008260427593584,80.2309515867141,positive_cross,toward_S1,4.43549656101455
7,cx30,2024-03-29 23:00:39+00:00,40.287871,-88.126264,99.78160460435419,513.0,-3.9661612771456305,rs1,24.157194337802196,31.098414401693805,6.94122006389161,4,24.157194337802196,75.0784469532965,50.92125261549431,80.2309515867141,positive_cross,toward_S1,4.362049129956298
7,cx30,2024-03-29 23:00:40+00:00,40.28793,-88.126226,93.16402979297109,514.0,-6.6175748113830934,rs1,16.895211629429305,30.55832119050718,13.663109561077874,4,16.895211629429305,68.09118402683768,51.195972397408376,80.2309515867141,positive_cross,toward_S1,4.2395014482640185
7,cx30,2024-03-29 23:00:41+00:00,40.287995,-88.126203,85.90234462326869,515.0,-7.261685169702403,rs1,10.116575088905567,30.37176731762501,20.255192228719444,4,10.116575088905567,60.66459164548962,50.54801655658406,80.2309515867141,positive_cross,toward_S1,4.1050257969732336
7,cx30,2024-03-29 23:00:42+00:00,40.288064,-88.126182,78.19901220526502,516.0,-7.703332418003669,rs1,5.826017052574158,31.853058712329187,26.027041659755028,4,5.826017052574158,52.8317946400815,47.00577758750734,80.2309515867141,positive_cross,toward_S1,3.962371492936128
7,cx30,2024-03-29 23:00:43+00:00,40.28814,-88.126171,69.73274238045735,517.0,-8.466269824807668,rs1,10.542318583017709,34.51821541968373,23.975896836666017,4,10.542318583017709,44.327257328394225,33.784938745376515,80.2309515867141,positive_cross,toward_S1,3.8055887184026527
7,cx30,2024-03-29 23:00:44+00:00,40.288222,-88.126166,60.608591811440114,518.0,-9.124150569017239,rs1,19.011890908664093,35.222094875453614,16.21020396678952,4,19.011890908664093,35.222094875453614,16.21020396678952,80.2309515867141,positive_cross,toward_S1,3.636622967124556
7,cx30,2024-03-29 23:00:45+00:00,40.288308,-88.126164,51.044324036225305,519.0,-9.564267775214809,rs3,25.73761135270466,28.378708094539803,2.641096741835142,3,25.73761135270466,28.378708094539803,2.641096741835142,26.33125891160298,positive_cross,toward_S1,3.4576493541596727
7,cx30,2024-03-29 23:00:46+00:00,40.288397,-88.126165,41.15111588889486,520.0,-9.893208147330448,rs3,16.096391371500513,36.80021221233156,20.703820840831046,3,16.096391371500513,38.205443352207276,22.109051980706763,26.33125891160298,positive_cross,toward_S1,3.2744417958757754
7,cx30,2024-03-29 23:00:47+00:00,40.288495,-88.126165,30.25578619728889,521.0,-10.895329691605966,rs3,6.392500822816099,33.941534484222025,27.549033661405925,3,6.392500822816099,49.05145690231831,42.65895607950221,26.33125891160298,positive_cross,toward_S1,3.0726764312164057
7,cx30,2024-03-29 23:00:48+00:00,40.288596,-88.126163,19.023865918418053,522.0,-11.231920278870838,rs3,7.944372813964207,34.69487273067025,26.75049991670604,3,7.944372813964207,47.36135443740759,39.416981623443384,26.33125891160298,positive_cross,toward_S1,2.8646779075336126
7,cx30,2024-03-29 23:00:49+00:00,40.288703,-88.126161,7.1248846380630635,523.0,-11.89898128035499,rs3,19.03064914069075,35.494749799138376,16.464100658447627,3,19.03064914069075,35.494749799138376,16.464100658447627,26.33125891160298,positive_cross,toward_S1,2.6443264023418536
7,cx30,2024-03-29 23:00:50+00:00,40.288805,-88.126161,-4.215152389167766,524.0,-11.34003702723083,rs6,24.239462877029,30.204999628090864,5.965536751061865,2,24.239462877029,30.204999628090864,5.965536751061865,-27.632700444717127,positive_cross,toward_S1,2.433658297324988
7,cx30,2024-03-29 23:00:51+00:00,40.288908,-88.126165,-15.660246077413213,525.0,-11.445093688245446,rs6,13.132738792294512,32.73693324625231,19.604194453957803,2,13.132738792294512,41.617996946525444,28.485258154230934,-27.632700444717127,positive_cross,toward_S1,2.2217121179130355
7,cx30,2024-03-29 23:00:52+00:00,40.289015,-88.126167,-27.553107186259034,526.0,-11.892861108845821,rs6,4.234041567102759,30.314279282713976,26.08023771561122,2,4.234041567102759,52.05086069322124,47.81681912611848,-27.632700444717127,positive_cross,toward_S1,2.0014739492307054
7,cx30,2024-03-29 23:00:53+00:00,40.289119,-88.126167,-39.11549788011736,527.0,-11.562390693858326,rs6,11.74051151537518,32.43439714765902,20.693885632283838,2,11.74051151537518,40.52056478005031,28.780053264675125,-27.632700444717127,positive_cross,toward_S1,1.787355603048144
7,cx30,2024-03-29 23:00:54+00:00,40.289224,-88.126164,-50.793655535905,528.0,-11.678157655787643,rs6,22.98531064722521,28.878288518983876,5.892977871758667,2,22.98531064722521,28.878288518983876,5.892977871758667,-27.632700444717127,positive_cross,toward_S1,1.5710934242372616
7,cx30,2024-03-29 23:00:55+00:00,40.289324,-88.126163,-61.91286893859024,529.0,-11.11921340268524,rs8,17.867006384578552,31.701492820930994,13.834486436352442,1,17.867006384578552,33.98729151311312,16.12028512853457,-78.92951005359993,positive_cross,toward_S1,1.3151229836112903
7,cx30,2024-03-29 23:00:56+00:00,40.289416,-88.126165,-72.13807754378004,530.0,-10.225208605189799,rs8,8.117921847869859,27.466279601033566,19.348357753163707,1,8.117921847869859,44.184534631727715,36.066612783857856,-78.92951005359993,positive_cross,toward_S1,1.1257672687003681
7,cx30,2024-03-29 23:00:57+00:00,40.289499,-88.126167,-81.36269464598625,531.0,-9.22461710220621,rs8,4.14947006401974,26.5929674148937,22.44349735087396,1,4.14947006401974,53.39766672006217,49.24819665604243,-78.92951005359993,positive_cross,toward_S1,0.9549410260669199
7,cx30,2024-03-29 23:00:58+00:00,40.289565,-88.126167,-88.70036566365268,532.0,-7.337671017666423,rs8,9.959682030269647,28.257221640112988,18.29753960984334,1,9.959682030269647,60.718691356963475,50.75900932669383,-78.92951005359993,positive_cross,toward_S1,0.8190582294434676
7,cx30,2024-03-29 23:00:59+00:00,40.289615,-88.126178,-94.24237687113546,533.0,-5.542011207482787,rs8,15.51761861562198,29.84697646991674,14.32935785429476,1,15.51761861562198,66.33342040674518,50.81580179112319,-78.92951005359993,positive_cross,toward_S1,0.7164283922678605
7,cx30,2024-03-29 23:01:00+00:00,40.289658,-88.126221,-98.9571888726022,534.0,-4.71481200146674,rs8,21.269036388979522,29.807286496530935,8.538250107551413,1,21.269036388979522,71.45845489499354,50.189418506014015,-78.92951005359993,positive_cross,toward_S1,0.6291170589073652
7,cx30,2024-03-29 23:01:01+00:00,40.28968,-88.126282,-101.30974659561188,535.0,-2.3525577230096815,rs8,25.81840891367392,28.172544195205482,2.354135281531562,1,25.81840891367392,74.67902060352536,48.86061168985144,-78.92951005359993,positive_cross,toward_S1,0.5855511751479268
7,cx30,2024-03-29 23:01:02+00:00,40.289675,-88.126347,-100.65440964134324,536.0,0.6553369542686482,rs10,24.796049861901928,28.65337725061568,3.8573273887137525,1,24.796049861901928,74.90205230166708,50.106002439765156,-78.92951005359993,negative_cross,toward_S4,0.5976870446714202
7,cx30,2024-03-29 23:01:03+00:00,40.289636,-88.126409,-96.2236504727533,537.0,4.43075916858993,rs10,18.750478560580593,29.672755845076935,10.922277284496342,1,18.750478560580593,69.72779446033942,50.977315899758835,-78.92951005359993,negative_cross,toward_S4,0.6797381403860485
7,cx30,2024-03-29 23:01:04+00:00,40.289573,-88.126437,-89.17666875529734,538.0,7.046981717455964,rs10,11.351617795573196,28.458696648367983,17.107078852794785,1,11.351617795573196,62.47156198898371,51.11994419341051,-78.92951005359993,negative_cross,toward_S4,0.8102378018204183
7,cx30,2024-03-29 23:01:05+00:00,40.289503,-88.12644,-81.38970027573862,539.0,7.786968479558723,rs10,4.460987098878712,26.947374224184127,22.486387125305416,1,4.460987098878712,54.71456418938979,50.25357709051108,-78.92951005359993,negative_cross,toward_S4,0.9544409218122465
7,cx30,2024-03-29 23:01:06+00:00,40.289427,-88.126444,-72.93414075105566,540.0,8.455559524682954,rs10,6.2163184369074855,27.858361841119727,21.64204340421224,1,6.2163184369074855,46.29591280440086,40.07959436749337,-78.92951005359993,negative_cross,toward_S4,1.1110253574545235
7,cx30,2024-03-29 23:01:07+00:00,40.289344,-88.12645,-63.69728330506289,541.0,9.236857445992776,rs10,14.897580887343786,31.651051369174343,16.753470481830558,1,14.897580887343786,37.09957669047694,22.20199580313315,-78.92951005359993,negative_cross,toward_S4,1.2820782731210563
7,cx30,2024-03-29 23:01:08+00:00,40.289254,-88.126455,-53.683718067165806,542.0,10.013565237897083,rs10,24.787147514940774,27.192968524315035,2.405821009374261,1,24.787147514940774,27.192968524315035,2.405821009374261,-78.92951005359993,negative_cross,toward_S4,1.4675146664154468
7,cx30,2024-03-29 23:01:09+00:00,40.289157,-88.126457,-42.89650512312988,543.0,10.787212944035929,rs7,16.76320155942502,32.55804863403089,15.794847074605869,2,16.76320155942502,35.54137207309619,18.77817051367117,-27.632700444717127,negative_cross,toward_S4,1.7173369503997638
7,cx30,2024-03-29 23:01:10+00:00,40.289052,-88.126454,-31.227527723805157,544.0,11.66897739932472,rs7,7.227533598247727,28.756643501400795,21.529109903153067,2,7.227533598247727,47.218754676366935,39.99122107811921,-27.632700444717127,negative_cross,toward_S4,1.9334291244613329
7,cx30,2024-03-29 23:01:11+00:00,40.288946,-88.126457,-19.438193234682014,545.0,11.789334489123142,rs7,9.59250290362775,29.96106996470555,20.3685670610778,2,9.59250290362775,47.193505284224074,37.60100238059633,-27.632700444717127,negative_cross,toward_S4,2.151750133519169
7,cx30,2024-03-29 23:01:12+00:00,40.288842,-88.126467,-7.860502112061625,546.0,11.57769112262039,rs7,19.879132984077522,35.67218913291072,15.793056148833195,2,19.879132984077522,35.7009615795596,15.821828595482081,-27.632700444717127,negative_cross,toward_S4,2.366151820975102
7,cx30,2024-03-29 23:01:13+00:00,40.288738,-88.126484,3.7278993106835103,547.0,11.588401422745136,rs5,24.13881194341856,31.032004880411666,6.893192936993106,3,24.13881194341856,31.032004880411666,6.893192936993106,26.33125891160298,negative_cross,toward_S4,2.5814192666496396
7,cx30,2024-03-29 23:01:14+00:00,40.288635,-88.126506,15.21277411449593,548.0,11.48487480381242,rs5,12.686046403934343,35.1789891042515,22.49294270031716,3,12.686046403934343,42.32786348340955,29.64181707947521,26.33125891160298,negative_cross,toward_S4,2.7941021333869065
7,cx30,2024-03-29 23:01:15+00:00,40.28853,-88.126522,26.910822327661215,549.0,11.698048213165285,rs5,3.4367979736729137,34.77514954759873,31.338351573925816,3,3.4367979736729137,53.97849677578944,50.54169880211652,26.33125891160298,negative_cross,toward_S4,3.01073265585293
7,cx30,2024-03-29 23:01:16+00:00,40.288422,-88.126532,38.93322078511652,550.0,12.022398457455303,rs5,12.222776388783542,37.806914245758286,25.584137856974742,3,12.222776388783542,42.548744865823224,30.32596847703968,26.33125891160298,negative_cross,toward_S4,3.2333696643243246
7,cx30,2024-03-29 23:01:17+00:00,40.288313,-88.126535,51.05608577497087,551.0,12.12286498985435,rs5,24.18220139096315,30.42862107791843,6.246419686955278,3,24.18220139096315,30.42862107791843,6.246419686955278,26.33125891160298,negative_cross,toward_S4,3.4578671641364425
7,cx30,2024-03-29 23:01:18+00:00,40.288202,-88.126535,63.39671430439531,552.0,12.340628529424443,rs2,18.118447982228506,36.49017355492255,18.371725572694043,4,18.118447982228506,36.49017355492255,18.371725572694043,80.2309515867141,negative_cross,toward_S4,3.6882548651422447
7,cx30,2024-03-29 23:01:19+00:00,40.288097,-88.126534,75.06875178869552,553.0,11.672037484300212,rs2,6.622032304306783,35.91242230289453,29.29038999858774,4,6.622032304306783,48.15501813122267,41.53298582691588,80.2309515867141,negative_cross,toward_S4,3.9044037074441005
7,cx30,2024-03-29 23:01:20+00:00,40.288009,-88.126536,84.85537323053785,554.0,9.786621441842328,rs2,3.836730023141037,36.16212167021719,32.32539164707615,4,3.836730023141037,57.92583931275689,54.089109289615855,80.2309515867141,negative_cross,toward_S4,4.085637437848588
7,cx30,2024-03-29 23:01:21+00:00,40.287936,-88.126535,92.96975204010856,555.0,8.11437880957071,rs2,11.694255490030466,38.10395820747084,26.409702717440375,4,11.694255490030466,66.04293876089766,54.34868327086719,80.2309515867141,negative_cross,toward_S4,4.235903712099898
7,cx30,2024-03-29 23:01:22+00:00,40.287881,-88.126512,99.04928690202419,556.0,6.079534861915633,rs2,18.065581408037044,38.944794537148056,20.87921312911101,4,18.065581408037044,72.24632263548195,54.1807412274449,80.2309515867141,negative_cross,toward_S4,4.348487691024261
7,cx30,2024-03-29 23:01:23+00:00,40.28784,-88.126469,103.5417452352835,557.0,4.492458333259307,rs2,23.430065797971434,38.49365468970769,15.063588891736256,4,23.430065797971434,77.08869696503035,53.658631167058914,80.2309515867141,negative_cross,toward_S4,4.431681363862396
7,cx30,2024-03-29 23:01:24+00:00,40.287816,-88.126414,106.12583688375348,558.0,2.584091648469979,rs2,27.668451923850508,36.848441637838064,9.179989713987556,4,27.668451923850508,80.34292469271261,52.6744727688621,80.2309515867141,negative_cross,toward_S4,4.479534912908137
7,cx30,2024-03-29 23:01:25+00:00,40.287818,-88.126358,105.81780081529458,559.0,-0.30803606845890386,rs2,29.86055934440745,33.56876176607198,3.708202421664531,4,29.86055934440745,81.00636499151766,51.14580564711021,80.2309515867141,negative_cross,ambiguous,4.473830541270009
7,cx30,2024-03-29 23:01:26+00:00,40.287837,-88.126301,103.61822853289034,560.0,-2.199572282404233,rs1,29.032764266797425,31.26909216061436,2.2363278938169344,4,29.032764266797425,79.38022976398409,50.34746549718666,80.2309515867141,positive_cross,toward_S1,4.433097721225486
7,cx30,2024-03-29 23:01:27+00:00,40.287877,-88.126261,99.10995347425447,561.0,-4.508275058635874,rs1,23.456138353083016,30.9057179888289,7.449579635745884,4,23.456138353083016,74.37744300805934,50.921304654976325,80.2309515867141,positive_cross,toward_S1,4.349611146065563
7,cx30,2024-03-29 23:01:28+00:00,40.287926,-88.126229,93.61332725642158,562.0,-5.496626217832883,rs1,17.406327318780225,30.50726620603701,13.100938887256785,4,17.406327318780225,68.56794603846929,51.16161871968906,80.2309515867141,positive_cross,toward_S1,4.24782177166125
7,cx30,2024-03-29 23:01:29+00:00,40.287981,-88.1262,87.45423016497365,563.0,-6.159097091447933,rs1,11.046518676048079,30.91501084744704,19.868492171398962,4,11.046518676048079,62.17846082287322,51.13194214682514,80.2309515867141,positive_cross,toward_S1,4.133764418115917
7,cx30,2024-03-29 23:01:30+00:00,40.288043,-88.126178,80.52760553887431,564.0,-6.92662462609934,rs1,5.594311139164359,32.08130211252681,26.486990973362445,4,5.594311139164359,55.118041438074485,49.523730298910124,80.2309515867141,positive_cross,toward_S1,4.005493591706671
7,cx30,2024-03-29 23:01:31+00:00,40.288115,-88.126168,72.50757309179511,565.0,-8.020032447079203,rs1,8.021164171159837,33.970853132928625,25.949688961768786,4,8.021164171159837,47.06500530858919,39.043841137429354,80.2309515867141,positive_cross,toward_S1,3.856974472316315
7,cx30,2024-03-29 23:01:32+00:00,40.288193,-88.126165,63.83118994256655,566.0,-8.676383149228556,rs1,15.867941743968252,37.29676803545218,21.42882629148393,4,15.867941743968252,38.412745170670455,22.544803426702202,80.2309515867141,positive_cross,toward_S1,3.696300710293564
7,cx30,2024-03-29 23:01:33+00:00,40.288275,-88.126163,54.71162950218665,567.0,-9.1195604403799,rs1,24.740841909929276,29.348283571708752,4.607441661779475,4,24.740841909929276,29.348283571708752,4.607441661779475,80.2309515867141,positive_cross,toward_S1,3.52741996139764
7,cx30,2024-03-29 23:01:34+00:00,40.288364,-88.126161,44.81383122621889,568.0,-9.897798275967766,rs3,19.57383572491599,34.52020527230716,14.946369547391168,3,19.57383572491599,34.52020527230716,14.946369547391168,26.33125891160298,positive_cross,toward_S1,3.3422698576780725
7,cx30,2024-03-29 23:01:35+00:00,40.288458,-88.12616,34.36167882578602,569.0,-10.452152400432865,rs3,9.576749177232893,35.06067006255769,25.4839208853248,3,9.576749177232893,44.914766290994734,35.33801711376184,26.33125891160298,positive_cross,toward_S1,3.1487114798922784
7,cx30,2024-03-29 23:01:36+00:00,40.28856,-88.126158,23.018581713601435,570.0,-11.343097112184587,rs3,4.714387486584678,34.487426555832926,29.77303906924825,3,4.714387486584678,51.32319501780799,46.60880753122331,26.33125891160298,positive_cross,toward_S1,2.9386541259629344
7,cx30,2024-03-29 23:01:37+00:00,40.288666,-88.126154,11.227717180816478,571.0,-11.790864532784957,rs3,14.887988836104421,37.842420738493495,22.954431902389075,3,14.887988836104421,39.53940738278924,24.651418546684823,26.33125891160298,positive_cross,toward_S1,2.720304782763213
7,cx30,2024-03-29 23:01:38+00:00,40.288779,-88.126151,-1.339855143872778,572.0,-12.567572324689257,rs6,26.99916156797037,27.227734475131452,0.2285729071610838,2,26.99916156797037,27.227734475131452,0.2285729071610838,-27.632700444717127,positive_cross,toward_S1,2.4869045426082286
7,cx30,2024-03-29 23:01:39+00:00,40.288898,-88.126152,-14.568368299283485,573.0,-13.228513155410706,rs6,13.923433188440082,34.17534590735703,20.251912718916945,2,13.923433188440082,40.40528413661251,26.481850948172426,-27.632700444717127,positive_cross,toward_S1,2.2419320767672897
7,cx30,2024-03-29 23:01:40+00:00,40.289014,-88.126161,-27.451110610198175,574.0,-12.88274231091469,rs6,3.7503459711624467,30.823655893831006,27.07330992266856,2,3.7503459711624467,52.12834756352036,48.37800159235791,-27.632700444717127,positive_cross,toward_S1,2.003362774713314
7,cx30,2024-03-29 23:01:41+00:00,40.289123,-88.126166,-39.56173525703417,575.0,-12.110624646835998,rs6,12.128150805036219,32.67418409155427,20.546033286518046,2,12.128150805036219,40.06981463691173,27.94166383187551,-27.632700444717127,positive_cross,toward_S1,1.7790919479200547
7,cx30,2024-03-29 23:01:42+00:00,40.289231,-88.126165,-51.57036332859927,576.0,-12.008628071565099,rs6,23.766973814746706,28.115832890308592,4.3488590755618866,2,23.766973814746706,28.115832890308592,4.3488590755618866,-27.632700444717127,positive_cross,toward_S1,1.5567099465947751
7,cx30,2024-03-29 23:01:43+00:00,40.289328,-88.126164,-62.35604622976333,577.0,-10.785682901164058,rs8,17.446625580097706,31.394061445858856,13.94743586576115,1,17.446625580097706,34.43896243727743,16.992336857179726,-78.92951005359993,positive_cross,toward_S1,1.3069159967377146
7,cx30,2024-03-29 23:01:44+00:00,40.289418,-88.126164,-72.3619612532794,578.0,-10.005915023516074,rs8,7.880685462206848,27.49544636630319,19.614760904096343,1,7.880685462206848,44.39846546822089,36.51778000601404,-78.92951005359993,positive_cross,toward_S1,1.1216212740800098
7,cx30,2024-03-29 23:01:45+00:00,40.289504,-88.126164,-81.9231689427505,579.0,-9.56120768947109,rs8,4.224408609163533,26.90479369085509,22.680385081691558,1,4.224408609163533,53.93292467479948,49.70851606563595,-78.92951005359993,positive_cross,toward_S1,0.9445618724231377
7,cx30,2024-03-29 23:01:46+00:00,40.289574,-88.126166,-89.70248720871814,580.0,-7.779318265967646,rs8,10.867704240951335,28.70135813305524,17.833653892103904,1,10.867704240951335,61.711675888567385,50.84397164761605,-78.92951005359993,positive_cross,toward_S1,0.8005004230533664
7,cx30,2024-03-29 23:01:47+00:00,40.289631,-88.126177,-96.02273625176709,581.0,-6.320249043048946,rs8,17.202296370403225,30.876161344295927,13.673864973892702,1,17.202296370403225,68.10153119097552,50.899234820572296,-78.92951005359993,positive_cross,toward_S1,0.6834587741080156
7,cx30,2024-03-29 23:01:48+00:00,40.289679,-88.126217,-101.2980225492298,582.0,-5.2752862974627135,rs8,23.32137578656417,31.676747312524242,8.35537152596007,1,23.32137578656417,73.73751295333263,50.41613716676845,-78.92951005359993,positive_cross,toward_S1,0.5857682871179652
7,cx30,2024-03-29 23:01:49+00:00,40.289705,-88.126275,-104.09987773568997,583.0,-2.8018551864601733,rs8,27.95195728063515,30.78562638689149,2.833669106256341,1,27.95195728063515,77.30768984916077,49.35573256852562,-78.92951005359993,positive_cross,toward_S1,0.5338820799612954
7,cx30,2024-03-29 23:01:50+00:00,40.289707,-88.126336,-104.2288987877067,584.0,-0.12902105201672498,rs10,28.403667310095805,30.85686714402367,2.453199833927865,1,28.403667310095805,78.5764592492532,50.1727919391574,-78.92951005359993,negative_cross,ambiguous,0.531492801220245
7,cx30,2024-03-29 23:01:51+00:00,40.289681,-88.126392,-101.25261871339812,585.0,2.976280074308576,rs10,23.95578271353625,31.77176663319442,7.815983919658169,1,23.95578271353625,74.889342868189,50.93356015465275,-78.92951005359993,negative_cross,toward_S4,0.586609098892626
7,cx30,2024-03-29 23:01:52+00:00,40.289632,-88.126427,-95.75140236613798,586.0,5.50121634726014,rs10,17.892620863494994,30.687099364729292,12.794478501234298,1,17.892620863494994,69.08824984939136,51.19562898589636,-78.92951005359993,negative_cross,toward_S4,0.6884834756937397
7,cx30,2024-03-29 23:01:53+00:00,40.289572,-88.126445,-89.05325157896525,587.0,6.698150787172736,rs10,11.049776467879145,29.055264514339623,18.005488046460478,1,11.049776467879145,62.2841529717461,51.234376503866955,-78.92951005359993,negative_cross,toward_S4,0.8125233050858274
7,cx30,2024-03-29 23:01:54+00:00,40.28951,-88.126449,-82.15416772464634,588.0,6.899083854318903,rs10,4.549238321337865,27.785192730425045,23.23595440908718,1,4.549238321337865,55.393311558148426,50.84407323681056,-78.92951005359993,negative_cross,toward_S4,0.9402841172028442
7,cx30,2024-03-29 23:01:55+00:00,40.289442,-88.126452,-74.58955291171509,589.0,7.564614812931254,rs10,4.430907135887495,28.211605352383085,23.78069821649559,1,4.430907135887495,47.85504574563826,43.42413860975076,-78.92951005359993,negative_cross,toward_S4,1.080369576701571
7,cx30,2024-03-29 23:01:56+00:00,40.289366,-88.126453,-66.13858351566944,590.0,8.45096939604565,rs10,12.443109879883282,30.772204159895075,18.329094280011795,1,12.443109879883282,39.47335464860061,27.03024476871733,-78.92951005359993,negative_cross,toward_S4,1.2368690099616757
7,cx30,2024-03-29 23:01:57+00:00,40.289282,-88.126453,-56.79972949361582,591.0,9.338854022053617,rs10,21.70143603136478,30.274583363946935,8.573147332582156,1,21.70143603136478,30.274583363946935,8.573147332582156,-78.92951005359993,negative_cross,toward_S4,1.4098107511108169
7,cx30,2024-03-29 23:01:58+00:00,40.28919,-88.126455,-46.56840071691684,592.0,10.23132877669898,rs7,20.301297545217093,31.88693652185158,11.585638976634488,2,20.301297545217093,31.88693652185158,11.585638976634488,-27.632700444717127,negative_cross,toward_S4,1.6493388838481535
7,cx30,2024-03-29 23:01:59+00:00,40.289091,-88.126457,-35.55883410546346,593.0,11.00956661145338,rs7,10.173328252708385,29.847065996823588,19.6737377441152,2,10.173328252708385,42.87391378510693,32.70058553239854,-27.632700444717127,negative_cross,toward_S4,1.8532197470232161
7,cx30,2024-03-29 23:02:00+00:00,40.288988,-88.126461,-24.101500074199663,594.0,11.457334031263798,rs7,6.16951215221574,29.356982314761115,23.187470162545374,2,6.16951215221574,51.73022181132537,45.560709659109634,-27.632700444717127,negative_cross,toward_S4,2.065392599454027
7,cx30,2024-03-29 23:02:01+00:00,40.288886,-88.126472,-12.744632575334913,595.0,11.35686749886475,rs7,15.050542447498923,33.57925827521629,18.528715827717367,2,15.050542447498923,40.39968563044332,25.3491431829444,-27.632700444717127,negative_cross,toward_S4,2.275704960544115
7,cx30,2024-03-29 23:02:02+00:00,40.288792,-88.126483,-2.2771797461617305,596.0,10.467452829173183,rs7,25.082798635154965,29.976737324861897,4.893938689706932,2,25.082798635154965,29.976737324861897,4.893938689706932,-27.632700444717127,negative_cross,toward_S4,2.4695466796028778
7,cx30,2024-03-29 23:02:03+00:00,40.288698,-88.126498,8.196393255332328,597.0,10.473573001494058,rs5,19.5349175450831,35.362587866122134,15.827670321039033,3,19.5349175450831,35.362587866122134,15.827670321039033,26.33125891160298,negative_cross,toward_S4,2.664169154513506
7,cx30,2024-03-29 23:02:04+00:00,40.288609,-88.126517,18.12020225939694,598.0,9.923809004064612,rs5,9.658619986214996,35.29124503005682,25.632625043841827,3,9.658619986214996,45.19550694794899,35.536886961734,26.33125891160298,negative_cross,toward_S4,2.847943395329518
7,cx30,2024-03-29 23:02:05+00:00,40.28852,-88.126534,28.04095117848606,599.0,9.920748919089121,rs5,2.6343889279658517,35.83108803595705,33.1966991079912,3,2.6343889279658517,53.43267637756905,50.7982874496032,26.33125891160298,negative_cross,toward_S4,3.031660967905242
7,cx30,2024-03-29 23:02:06+00:00,40.288431,-88.126536,37.93874945364212,600.0,9.897798275156056,rs5,11.173222919727614,37.80567389198508,26.632450972257466,3,11.173222919727614,43.53403730038236,32.360814380654745,26.33125891160298,negative_cross,toward_S4,3.2149535285562805
7,cx30,2024-03-29 23:02:07+00:00,40.288341,-88.126538,47.9477245629019,601.0,10.00897510925978,rs5,21.05788827012013,33.525441740355355,12.467553470235224,3,21.05788827012013,33.525441740355355,12.467553470235224,26.33125891160298,negative_cross,toward_S4,3.4003049194684984
7,cx30,2024-03-29 23:02:08+00:00,40.288251,-88.126536,57.95057950067422,602.0,10.002854937772327,rs2,23.54173006521825,31.046931029622563,7.505200964404313,4,23.54173006521825,31.046931029622563,7.505200964404313,80.2309515867141,negative_cross,toward_S4,3.5874005169251877
7,cx30,2024-03-29 23:02:09+00:00,40.288159,-88.126533,68.17425806297042,603.0,10.2236785622962,rs2,13.391254644843514,37.34401498991086,23.952760345067347,4,13.391254644843514,41.27419498537604,27.882940340532528,80.2309515867141,negative_cross,toward_S4,3.7767278977084504
7,cx30,2024-03-29 23:02:10+00:00,40.288065,-88.12653,78.62029029191586,604.0,10.446032228945441,rs2,3.5633850817507993,35.293213255732205,31.729828173981407,4,3.5633850817507993,51.72706048701285,48.16367540526205,80.2309515867141,negative_cross,toward_S4,3.970172938985218
7,cx30,2024-03-29 23:02:11+00:00,40.287977,-88.12653,88.4038516488044,605.0,9.78356135688854,rs2,7.338229320472283,36.34785442442233,29.009625103950047,4,7.338229320472283,61.503275215598464,54.165045895126184,80.2309515867141,negative_cross,toward_S4,4.151350001149821
7,cx30,2024-03-29 23:02:12+00:00,40.287903,-88.126529,96.62940729168886,606.0,8.225555642884459,rs2,15.39950352072369,39.07723123016386,23.67772770944017,4,15.39950352072369,69.73013157370329,54.3306280529796,80.2309515867141,negative_cross,toward_S4,4.303675105647681
7,cx30,2024-03-29 23:02:13+00:00,40.287852,-88.126518,102.28259533327538,607.0,5.653188041586517,rs2,21.14794484725788,41.07404376353671,19.92609891627883,4,21.14794484725788,75.43926178783344,54.29131694057557,80.2309515867141,negative_cross,toward_S4,4.408363773084468
7,cx30,2024-03-29 23:02:14+00:00,40.287818,-88.126485,106.01211626052059,608.0,3.729520927245204,rs2,25.407634117883216,41.09421670463855,15.686582586755332,4,25.407634117883216,79.39915632306217,53.99152220517895,80.2309515867141,negative_cross,toward_S4,4.477428975440861
7,cx30,2024-03-29 23:02:15+00:00,40.287796,-88.126434,108.37997441308231,609.0,2.3678581525617233,rs2,29.038806355096668,39.63049553854146,10.591689183444792,4,29.038806355096668,82.29873697351142,53.25993061841476,80.2309515867141,negative_cross,toward_S4,4.5212782004883
7,cx30,2024-03-29 23:02:16+00:00,40.287806,-88.126379,107.18405371861536,610.0,-1.195920694466949,rs2,30.043313676175543,35.72258910452624,5.679275428350699,4,30.043313676175543,81.95353779307493,51.910224116899386,80.2309515867141,negative_cross,toward_S1,4.499131520961134
7,cx30,2024-03-29 23:02:17+00:00,40.287833,-88.126335,104.11495732549888,611.0,-3.0690963931164816,rs2,29.68982601326689,31.056461528187146,1.3666355149202545,4,29.68982601326689,79.82675064671811,50.136924633451216,80.2309515867141,negative_cross,toward_S1,4.442296402570088
7,cx30,2024-03-29 23:02:18+00:00,40.287871,-88.126294,99.82750589061862,612.0,-4.2874514348802535,rs1,25.588058057390324,29.110637961840716,3.5225799044503923,4,25.588058057390324,75.5567017593135,49.96864370192317,80.2309515867141,positive_cross,toward_S1,4.362899153776009
7,cx30,2024-03-29 23:02:19+00:00,40.287913,-88.126248,95.08769690731242,613.0,-4.7398089833062045,rs1,19.51386236086575,29.707632736515873,10.193770375650121,4,19.51386236086575,70.24536261320088,50.73150025233513,80.2309515867141,positive_cross,toward_S1,4.275124913344413
7,cx30,2024-03-29 23:02:20+00:00,40.287965,-88.126213,89.25295006013275,614.0,-5.834746847179673,rs1,13.116398438709965,30.278561113445413,17.16216267473545,4,13.116398438709965,64.08347244872822,50.96707401001825,80.2309515867141,positive_cross,toward_S1,4.167074045804049
7,cx30,2024-03-29 23:02:21+00:00,40.288028,-88.126189,82.2120885149542,615.0,-7.040861545178544,rs1,7.0546526881353175,31.174281703469884,24.119629015334567,4,7.0546526881353175,56.877456024682566,49.822803336547246,80.2309515867141,positive_cross,toward_S1,4.036687720893335
7,cx30,2024-03-29 23:02:22+00:00,40.288101,-88.126174,74.07322901939028,616.0,-8.13885949556392,rs1,7.150456134521771,33.12346499846169,25.97300886393992,4,7.150456134521771,48.6667399941248,41.51628385960303,80.2309515867141,positive_cross,toward_S1,3.8859681006051146
7,cx30,2024-03-29 23:02:23+00:00,40.288176,-88.126166,65.7227261565119,617.0,-8.350502862878386,rs1,14.083811553305196,36.395102556773544,22.311291003468348,4,14.083811553305196,40.30081568043551,26.217004127130316,80.2309515867141,positive_cross,toward_S1,3.731329158699959
7,cx30,2024-03-29 23:02:24+00:00,40.288257,-88.126159,56.706692335064716,618.0,-9.01603382144718,rs1,22.710207635095472,31.28514867738844,8.57494104229297,4,22.710207635095472,31.28514867738844,8.57494104229297,80.2309515867141,positive_cross,toward_S1,3.5643655694139005
7,cx30,2024-03-29 23:02:25+00:00,40.288344,-88.126158,47.032777769408,619.0,-9.673914565656716,rs3,21.706109876248032,32.28116629839865,10.57505642215062,3,21.706109876248032,32.28116629839865,10.57505642215062,26.33125891160298,positive_cross,toward_S1,3.3833614603297226
7,cx30,2024-03-29 23:02:26+00:00,40.288434,-88.126159,37.02839278876381,620.0,-10.00438498064419,rs3,12.019865923441165,35.84100555480722,23.82113963136605,3,12.019865923441165,42.248256641880005,30.22839071843884,26.33125891160298,positive_cross,toward_S1,3.1980950717992744
7,cx30,2024-03-29 23:02:27+00:00,40.288527,-88.126162,26.69353739313212,621.0,-10.334855395631688,rs3,4.342156168919475,33.9807545758678,29.638598406948326,3,4.342156168919475,52.5776177342836,48.235461565364126,26.33125891160298,positive_cross,toward_S1,3.006708860769058
7,cx30,2024-03-29 23:02:28+00:00,40.288618,-88.12616,16.5733854505586,622.0,-10.120151942573521,rs3,9.981568884860778,35.542842319923324,25.561273435062546,3,9.981568884860778,44.90181365411995,34.92024476925917,26.33125891160298,positive_cross,toward_S1,2.819298639610289
7,cx30,2024-03-29 23:02:29+00:00,40.288712,-88.126156,6.116642921488419,623.0,-10.456742529070182,rs3,19.925435233119902,34.45657449048343,14.531139257363531,3,19.925435233119902,34.45657449048343,14.531139257363531,26.33125891160298,positive_cross,toward_S1,2.625655259442323
7,cx30,2024-03-29 23:02:30+00:00,40.28881,-88.126154,-4.781746856651214,624.0,-10.898389778139633,rs6,23.604916854930167,30.681670290079257,7.07675343514909,2,23.604916854930167,30.681670290079257,7.07675343514909,-27.632700444717127,positive_cross,toward_S1,2.4231658071864057
7,cx30,2024-03-29 23:02:31+00:00,40.288911,-88.126153,-16.012137092650196,625.0,-11.230390235998982,rs6,12.533345787348063,33.570257634486936,21.036911847138875,2,12.533345787348063,41.85327451527633,29.31992872792827,-27.632700444717127,positive_cross,toward_S1,2.215195617630869
7,cx30,2024-03-29 23:02:32+00:00,40.28901,-88.126161,-27.006403275363258,626.0,-10.994266182713062,rs6,3.8595915610716034,30.82895426691028,26.969362705838677,2,3.8595915610716034,52.57243490240043,48.71284334132883,-27.632700444717127,positive_cross,toward_S1,2.0115980957287753
7,cx30,2024-03-29 23:02:33+00:00,40.289108,-88.126163,-37.89867288199372,627.0,-10.89226960663046,rs6,10.477172306020982,32.34121182540183,21.864039519380846,2,10.477172306020982,41.710571989153465,31.233399683132482,-27.632700444717127,positive_cross,toward_S1,1.8098893993096927
7,cx30,2024-03-29 23:02:34+00:00,40.289204,-88.126157,-48.58082916422507,628.0,-10.682156282231354,rs6,20.692943287795774,31.028347049582717,10.335403761786942,2,20.692943287795774,31.028347049582717,10.335403761786942,-27.632700444717127,positive_cross,toward_S1,1.6120716903794825
7,cx30,2024-03-29 23:02:35+00:00,40.2893,-88.126152,-59.26145540358456,629.0,-10.68062623935949,rs8,20.364001354001495,31.235537075992756,10.871535721991261,1,20.364001354001495,31.235537075992756,10.871535721991261,-78.92951005359993,positive_cross,toward_S1,1.3642232342595437
7,cx30,2024-03-29 23:02:36+00:00,40.28939,-88.126151,-69.26890046999422,630.0,-10.007445066409659,rs8,10.471867627722608,29.429913225352717,18.95804559763011,1,10.471867627722608,41.20680768719026,30.734940059467654,-78.92951005359993,positive_cross,toward_S1,1.1789001774741796
7,cx30,2024-03-29 23:02:37+00:00,40.289472,-88.126158,-78.37469052527388,631.0,-9.105790055279655,rs8,3.115471734494412,27.238107369469915,24.122635634975502,1,3.115471734494412,50.34662936908732,47.231157634592904,-78.92951005359993,positive_cross,toward_S1,1.0102744357097417
7,cx30,2024-03-29 23:02:38+00:00,40.289547,-88.126164,-86.70377278709107,632.0,-8.329082261817192,rs8,8.021186793968877,27.864416322512252,19.843229528543375,1,8.021186793968877,58.703937475049564,50.68275068108069,-78.92951005359993,positive_cross,toward_S1,0.8560321716020158
7,cx30,2024-03-29 23:02:39+00:00,40.289607,-88.126169,-93.36673258812408,633.0,-6.662959801033011,rs8,14.448430994952519,30.061978002555826,15.613547007603307,1,14.448430994952519,65.39094741822555,50.942516423273034,-78.92951005359993,positive_cross,toward_S1,0.7326440271384416
7,cx30,2024-03-29 23:02:40+00:00,40.289657,-88.126199,-98.87967298176632,634.0,-5.512940393642239,rs8,20.510001299183823,31.13170928510995,10.621707985926125,1,20.510001299183823,71.14268953600534,50.63268823682151,-78.92951005359993,positive_cross,toward_S1,0.630552538367289
7,cx30,2024-03-29 23:02:41+00:00,40.289688,-88.126251,-102.2465925936498,635.0,-3.3669196118834748,rs8,25.35428398531511,30.49064900519957,5.136365019884462,1,25.35428398531511,75.11229799650924,49.758014011194135,-78.92951005359993,positive_cross,toward_S1,0.5682021751842616
7,cx30,2024-03-29 23:02:42+00:00,40.289695,-88.126312,-102.93149781379341,636.0,-0.6849052201436194,rs10,28.16997015311524,28.59760450549173,0.42763435237649006,1,28.16997015311524,76.82463306490206,48.654662911786815,-78.92951005359993,negative_cross,toward_S1,0.5555187451816022
7,cx30,2024-03-29 23:02:43+00:00,40.289678,-88.126371,-100.95121911304118,637.0,1.9802787007522369,rs10,24.254030724342684,30.278729500004182,6.0246987756614985,1,24.254030724342684,74.84840332323618,50.5943725988935,-78.92951005359993,negative_cross,toward_S4,0.5921905729733101
7,cx30,2024-03-29 23:02:44+00:00,40.289636,-88.126417,-96.21141012973496,638.0,4.739808983306219,rs10,18.546676204305843,30.22917063875557,11.682494434449726,1,18.546676204305843,69.63581524366985,51.089139039364014,-78.92951005359993,negative_cross,toward_S4,0.6799648134049068
7,cx30,2024-03-29 23:02:45+00:00,40.289578,-88.126442,-89.72490270906498,639.0,6.48650742066998,rs10,11.760655799373941,29.055606142972735,17.294950343598792,1,11.760655799373941,62.975360201654205,51.21470440228026,-78.92951005359993,negative_cross,toward_S4,0.8000853211950917
7,cx30,2024-03-29 23:02:46+00:00,40.289511,-88.12645,-82.26381451506646,640.0,7.4610881939985205,rs10,4.595870196830218,27.882230898372832,23.286360701542613,1,4.595870196830218,55.49409560247744,50.89822540564722,-78.92951005359993,negative_cross,toward_S4,0.9382536210839532
7,cx30,2024-03-29 23:02:47+00:00,40.289442,-88.126456,-74.58343274020591,641.0,7.68038177486055,rs10,4.2653608999799095,28.546819152221413,24.281458252241503,1,4.2653608999799095,47.81272972412219,43.54736882414228,-78.92951005359993,negative_cross,toward_S4,1.0804829132110003
7,cx30,2024-03-29 23:02:48+00:00,40.289366,-88.126459,-66.12940325841656,642.0,8.454029481789348,rs10,12.363020897977972,31.235246884809897,18.872225986831925,1,12.363020897977972,39.398554014449644,27.035533116471672,-78.92951005359993,negative_cross,toward_S4,1.2370390147256178
7,cx30,2024-03-29 23:02:49+00:00,40.289286,-88.126461,-57.23219648464242,643.0,8.897206773774137,rs10,21.19920636134193,30.584190001547523,9.384983640205594,1,21.19920636134193,30.584190001547523,9.384983640205594,-78.92951005359993,negative_cross,toward_S4,1.4018021031288428
7,cx30,2024-03-29 23:02:50+00:00,40.289198,-88.126463,-47.4455750428001,644.0,9.786621441842321,rs7,20.97603318342357,30.961818428446726,9.985785245023155,2,20.97603318342357,30.961818428446726,9.985785245023155,-27.632700444717127,negative_cross,toward_S4,1.6330949148503153
7,cx30,2024-03-29 23:02:51+00:00,40.289105,-88.126464,-37.104599475680985,645.0,10.340975567119116,rs7,11.212229854402205,30.859090826499223,19.646860972097016,2,11.212229854402205,41.295710133133035,30.083480278730832,-27.632700444717127,negative_cross,toward_S4,1.8245944623895582
7,cx30,2024-03-29 23:02:52+00:00,40.289006,-88.126462,-26.101153035715033,646.0,11.003446439965952,rs7,5.385959350737521,29.26365613164643,23.87769678090891,2,5.385959350737521,52.30739261690176,46.921433266164236,-27.632700444717127,negative_cross,toward_S4,2.028361989055594
7,cx30,2024-03-29 23:02:53+00:00,40.288903,-88.126464,-14.64687908942674,647.0,11.454273946288293,rs7,13.497838050441446,32.15980952450053,18.661971474059087,2,13.497838050441446,42.38618107734378,28.888343026902334,-27.632700444717127,negative_cross,toward_S4,2.2404781732461183
7,cx30,2024-03-29 23:02:54+00:00,40.288804,-88.126475,-3.6235420920831523,648.0,11.023336997343588,rs7,23.8714328268793,31.432023475579705,7.560590648700405,2,23.8714328268793,31.432023475579705,7.560590648700405,-27.632700444717127,negative_cross,toward_S4,2.444614043567296
7,cx30,2024-03-29 23:02:55+00:00,40.288711,-88.126493,6.743444203922772,649.0,10.366986296005924,rs5,21.041802915631273,33.950194911389715,12.908391995758443,3,21.041802915631273,33.950194911389715,12.908391995758443,26.33125891160298,negative_cross,toward_S4,2.6372626905985146
7,cx30,2024-03-29 23:02:56+00:00,40.288622,-88.126518,16.67643346603023,650.0,9.932989262107457,rs5,10.969752745784115,35.73343273208339,24.76367998629928,3,10.969752745784115,43.7485859140626,32.77883316827849,26.33125891160298,negative_cross,toward_S4,2.8212069361930974
7,cx30,2024-03-29 23:02:57+00:00,40.288527,-88.126534,27.262713342919945,651.0,10.586279876889716,rs5,2.4327217466829634,35.80086255699998,33.368140810317016,3,2.4327217466829634,54.2107881256714,51.778066378988434,26.33125891160298,negative_cross,toward_S4,3.0172491561354993
7,cx30,2024-03-29 23:02:58+00:00,40.288429,-88.126539,38.165693249675144,652.0,10.9029799067552,rs5,11.343719937896998,38.11670597181076,26.77298603391376,3,11.343719937896998,43.30248125930765,31.95876132141065,26.33125891160298,negative_cross,toward_S4,3.219156191445781
7,cx30,2024-03-29 23:02:59+00:00,40.288333,-88.12654,48.84019931754721,653.0,10.674506067872066,rs5,21.92810566038354,32.629046298803786,10.700940638420246,3,21.92810566038354,32.629046298803786,10.700940638420246,26.33125891160298,negative_cross,toward_S4,3.416832229739708
7,cx30,2024-03-29 23:03:00+00:00,40.288235,-88.12654,59.73552900994312,654.0,10.895329692395912,rs2,21.74320976194507,32.80063298961196,11.057423227666892,4,21.74320976194507,32.80063298961196,11.057423227666892,80.2309515867141,negative_cross,toward_S4,3.620455137467204
7,cx30,2024-03-29 23:03:01+00:00,40.288138,-88.126542,70.522741954769,655.0,10.787212944825882,rs2,10.97668830312042,37.43267871544237,26.455990412321952,4,10.97668830312042,43.568721119250064,32.592032816129645,80.2309515867141,negative_cross,toward_S4,3.820218340149165
7,cx30,2024-03-29 23:03:02+00:00,40.288049,-88.126542,80.41748014418135,656.0,9.894738189412351,rs2,1.567034081433618,36.303830658365825,34.73679657693221,4,1.567034081433618,53.46143516067727,51.89440107924365,80.2309515867141,negative_cross,toward_S4,4.00345423254569
7,cx30,2024-03-29 23:03:03+00:00,40.287977,-88.126542,88.42221216331018,657.0,8.004732019128824,rs2,7.097680060391339,37.336820551314155,30.239140490922814,4,7.097680060391339,61.46604478387058,54.36836472347924,80.2309515867141,negative_cross,toward_S4,4.151690010677705
7,cx30,2024-03-29 23:03:04+00:00,40.287923,-88.126525,94.39975044837502,658.0,5.977538285064838,rs2,13.26739611705758,37.85025733225406,24.58286121519648,4,13.26739611705758,67.52265432652902,54.25525820947144,80.2309515867141,negative_cross,toward_S4,4.262385164104832
7,cx30,2024-03-29 23:03:05+00:00,40.28788,-88.126485,99.11915257768908,659.0,4.719402129314062,rs2,18.780292596536366,37.035758950677284,18.255466354140918,4,18.780292596536366,72.52905909548473,53.748766498948356,80.2309515867141,negative_cross,toward_S4,4.34978149983287
7,cx30,2024-03-29 23:03:06+00:00,40.287853,-88.126427,102.03218459827471,660.0,2.913032020585632,rs2,23.497347507952878,34.822856423659445,11.325508915706568,4,23.497347507952878,76.10679626706425,52.60944875911137,80.2309515867141,negative_cross,toward_S4,4.4037265372511225
7,cx30,2024-03-29 23:03:07+00:00,40.287847,-88.126363,102.60132285567732,661.0,0.5691382574026136,rs2,26.995477279956866,31.37574827891565,4.380270998958785,4,26.995477279956866,77.76528656244122,50.76980928248435,80.2309515867141,negative_cross,toward_S4,4.41426613461043
7,cx30,2024-03-29 23:03:08+00:00,40.287858,-88.126296,101.27586481339085,662.0,-1.3254580422864706,rs1,26.8599127406199,29.938759225347365,3.078846484727464,4,26.8599127406199,77.00694280887156,50.14703006825165,80.2309515867141,positive_cross,toward_S1,4.389720615308828
7,cx30,2024-03-29 23:03:09+00:00,40.28789,-88.126234,97.623343480367,663.0,-3.6525213330238557,rs1,21.047219618460606,32.012734288542376,10.96551467008177,4,21.047219618460606,72.59154000748144,51.54432038902084,80.2309515867141,positive_cross,toward_S1,4.322081331363942
7,cx30,2024-03-29 23:03:10+00:00,40.287944,-88.126196,91.56165283634263,664.0,-6.061690644024367,rs1,14.231026587611108,32.36075506116253,18.12972847355142,4,14.231026587611108,66.22873686888764,51.997710281276525,80.2309515867141,positive_cross,toward_S1,4.209827800919047
7,cx30,2024-03-29 23:03:11+00:00,40.288008,-88.126187,84.43256510101516,665.0,-7.129087735327474,rs1,8.142423817193711,31.516224769963408,23.3738009527697,4,8.142423817193711,59.06941488660409,50.926991069410384,80.2309515867141,positive_cross,toward_S1,4.077807657672242
7,cx30,2024-03-29 23:03:12+00:00,40.288071,-88.126188,77.42995462695181,666.0,-7.002610474063346,rs1,6.488607676927176,31.42198725799382,24.933379581066646,4,6.488607676927176,52.11855434950171,45.62994667257453,80.2309515867141,positive_cross,toward_S1,3.948129685930328
7,cx30,2024-03-29 23:03:13+00:00,40.288137,-88.126182,70.08310335282245,667.0,-7.346851274129364,rs1,10.71730531878987,33.52719148354622,22.80988616475635,4,10.71730531878987,44.7726944104794,34.055389091689534,80.2309515867141,positive_cross,toward_S1,3.812076884557562
7,cx30,2024-03-29 23:03:14+00:00,40.288212,-88.126176,61.735660575709545,668.0,-8.347442777112903,rs1,18.158183598347048,36.44159961069156,18.283416012344514,4,18.158183598347048,36.44159961069156,18.283416012344514,80.2309515867141,positive_cross,toward_S1,3.657494610907323
7,cx30,2024-03-29 23:03:15+00:00,40.288293,-88.126169,52.71962675426235,669.0,-9.016033821447195,rs1,26.800392578130925,27.454263788310374,0.6538712101794495,4,26.800392578130925,27.454263788310374,0.6538712101794495,80.2309515867141,positive_cross,toward_S1,3.4905310216212637
7,cx30,2024-03-29 23:03:16+00:00,40.288379,-88.126165,43.15229889407204,670.0,-9.56732786019031,rs3,18.02798111596299,36.21685419252984,18.188873076566846,3,18.02798111596299,36.21685419252984,18.188873076566846,26.33125891160298,positive_cross,toward_S1,3.311500740416094
7,cx30,2024-03-29 23:03:17+00:00,40.288468,-88.126165,33.257560703869736,671.0,-9.894738190202304,rs3,8.790495353931536,34.4097053201928,25.619209966261263,3,8.790495353931536,46.06071724432114,37.27022189038961,26.33125891160298,positive_cross,toward_S1,3.1282648480049398
7,cx30,2024-03-29 23:03:18+00:00,40.288565,-88.126168,22.47799797421484,672.0,-10.779562729654895,rs3,5.728645751063293,33.704042126263886,27.975396375200592,3,5.728645751063293,50.83264930897317,45.10400355790988,26.33125891160298,positive_cross,toward_S1,2.9286433159742935
7,cx30,2024-03-29 23:03:19+00:00,40.288668,-88.126168,11.02678411367026,673.0,-11.45121386054458,rs3,15.42629586057404,36.850156348428015,21.423860487853975,3,15.42629586057404,39.428721070063965,24.002425209489925,26.33125891160298,positive_cross,toward_S1,2.716583800038283
7,cx30,2024-03-29 23:03:20+00:00,40.288775,-88.126164,-0.8752572524284462,674.0,-11.902041366098706,rs3,26.94393937605761,27.5773752861248,0.6334359100671882,3,26.94393937605761,27.5773752861248,0.6334359100671882,26.33125891160298,positive_cross,toward_S1,2.4961756265920108
7,cx30,2024-03-29 23:03:21+00:00,40.288886,-88.126162,-13.21894586682839,675.0,-12.343688614399944,rs6,15.41614847278385,33.9364851672371,18.520336694453253,2,15.41614847278385,39.15783845057193,23.74168997778808,-27.632700444717127,positive_cross,toward_S1,2.2669213810720135
7,cx30,2024-03-29 23:03:22+00:00,40.289002,-88.126164,-26.11239847863603,676.0,-12.893452611807641,rs6,4.436891847582633,30.604564732884555,26.167672885301922,2,4.436891847582633,52.017465190206465,47.580573342623836,-27.632700444717127,positive_cross,toward_S1,2.028153740112613
7,cx30,2024-03-29 23:03:23+00:00,40.289119,-88.126167,-39.11549788011736,677.0,-13.003099401481329,rs6,11.74051151537518,32.43439714765902,20.693885632283838,2,11.74051151537518,40.52056478005031,28.780053264675125,-27.632700444717127,positive_cross,toward_S1,1.787355603048144
7,cx30,2024-03-29 23:03:24+00:00,40.289234,-88.126165,-51.90389382933047,678.0,-12.788395949213111,rs6,24.095907516768307,27.784799245372408,3.6888917286041014,2,24.095907516768307,27.784799245372408,3.6888917286041014,-27.632700444717127,positive_cross,toward_S1,1.5505334558404935
7,cx30,2024-03-29 23:03:25+00:00,40.289337,-88.126165,-63.355107689875055,679.0,-11.451213860544584,rs8,16.484141597500173,30.807174606268138,14.323033008767965,1,16.484141597500173,35.44314899939394,18.959007401893768,-78.92951005359993,positive_cross,toward_S1,1.2884148585874975
7,cx30,2024-03-29 23:03:26+00:00,40.289428,-88.126165,-73.47219954670484,680.0,-10.117091856829788,rs8,6.9386860580798615,27.172292765374223,20.233606707294364,1,6.9386860580798615,45.51387292606996,38.5751868679901,-78.92951005359993,positive_cross,toward_S1,1.1010613056832423
7,cx30,2024-03-29 23:03:27+00:00,40.289514,-88.126167,-83.0303471496423,681.0,-9.558147602937453,rs8,5.13665567950241,26.804260582206105,21.667604902703694,1,5.13665567950241,55.0610703187433,49.92441463924089,-78.92951005359993,positive_cross,toward_S1,0.9240585722955117
7,cx30,2024-03-29 23:03:28+00:00,40.289583,-88.12617,-90.69695853940259,682.0,-7.666611389760291,rs8,11.924649365417647,28.78648343475615,16.861834069338503,1,11.924649365417647,62.73366603013257,50.80901666471492,-78.92951005359993,positive_cross,toward_S1,0.7820842872999507
7,cx30,2024-03-29 23:03:29+00:00,40.289638,-88.126193,-96.77649340052827,683.0,-6.07953486112568,rs8,18.34418949958584,30.216744646651936,11.872555147066095,1,18.34418949958584,68.99061264951709,50.64642314993125,-78.92951005359993,positive_cross,toward_S1,0.6695003083902159
7,cx30,2024-03-29 23:03:30+00:00,40.289679,-88.126238,-101.26589164883381,684.0,-4.489398248305548,rs8,23.985367197401196,30.452952140232004,6.467584942830808,1,23.985367197401196,73.96246512428199,49.977097926880795,-78.92951005359993,positive_cross,toward_S1,0.5863633037919651
7,cx30,2024-03-29 23:03:31+00:00,40.289695,-88.126295,-102.95750854268022,685.0,-1.6916168938464011,rs8,27.81716757609276,28.922284679971025,1.1051171038782641,1,27.81716757609276,76.52795137697424,48.71078380088149,-78.92951005359993,positive_cross,toward_S1,0.5550370650170318
7,cx30,2024-03-29 23:03:32+00:00,40.289683,-88.126355,-101.53158396641481,686.0,1.4259245762654018,rs10,25.30344750759315,29.769777341099324,4.4663298335061725,1,25.30344750759315,75.642128187074,50.338680679480845,-78.92951005359993,negative_cross,toward_S4,0.5814430756886132
7,cx30,2024-03-29 23:03:33+00:00,40.289648,-88.126405,-97.56389264716555,687.0,3.967691319249269,rs10,20.124217742189987,30.194666118039756,10.070448375849768,1,20.124217742189987,71.09707681580467,50.972859073614686,-78.92951005359993,negative_cross,toward_S4,0.6549188408598959
7,cx30,2024-03-29 23:03:34+00:00,40.289589,-88.126431,-90.96467835030997,688.0,6.599214296855578,rs10,13.201295600555746,28.676767753720508,15.475472153164763,1,13.201295600555746,64.2996596266562,51.09836402610045,-78.92951005359993,negative_cross,toward_S4,0.7771265130238881
7,cx30,2024-03-29 23:03:35+00:00,40.289527,-88.126441,-84.05641423871639,689.0,6.9082641115935814,rs10,6.5150466969483505,27.394120165214154,20.879073468265805,1,6.5150466969483505,57.35163582593665,50.836589128988294,-78.92951005359993,negative_cross,toward_S4,0.9050573299052508
7,cx30,2024-03-29 23:03:36+00:00,40.289458,-88.126455,-76.3637921208375,690.0,7.692622117878884,rs10,2.8634083809842967,28.240989999026276,25.37758161804198,1,2.8634083809842967,49.58968957641024,46.72628119542594,-78.92951005359993,negative_cross,toward_S4,1.047513295051156
7,cx30,2024-03-29 23:03:37+00:00,40.289383,-88.12646,-68.0178793866182,691.0,8.345912734219297,rs10,10.479892165536276,30.583381208121217,20.10348904258494,1,10.479892165536276,41.26016679905042,30.78027463351414,-78.92951005359993,negative_cross,toward_S4,1.2020672345737355
7,cx30,2024-03-29 23:03:38+00:00,40.289301,-88.12646,-58.901379031981996,692.0,9.116500354636209,rs10,19.542331111596763,32.242239848484964,12.6999087368882,1,19.542331111596763,32.242239848484964,12.6999087368882,-78.92951005359993,negative_cross,toward_S4,1.3708913152151467
7,cx30,2024-03-29 23:03:39+00:00,40.289211,-88.126459,-48.89699405133779,693.0,10.004384980644204,rs7,22.460989516507304,29.534887393634616,7.073897877127312,2,22.460989516507304,29.534887393634616,7.073897877127312,-27.632700444717127,negative_cross,toward_S4,1.6062167850625801
7,cx30,2024-03-29 23:03:40+00:00,40.289115,-88.126462,-38.21942789772203,694.0,10.677566153615764,rs7,12.284557284329075,31.056522943122864,18.77196565879379,2,12.284557284329075,40.1897214103095,27.905164125980427,-27.632700444717127,negative_cross,toward_S4,1.8039494916110204
7,cx30,2024-03-29 23:03:41+00:00,40.28902,-88.126463,-27.656098663185453,695.0,10.563329234536575,rs7,5.227057964529045,29.304665563213682,24.077607598684637,2,5.227057964529045,50.7484937436962,45.521435779167156,-27.632700444717127,negative_cross,toward_S4,1.999566699657994
7,cx30,2024-03-29 23:03:42+00:00,40.288928,-88.126468,-17.42017975787091,696.0,10.235918905314545,rs7,10.82134755928577,31.455183957979692,20.633836398693923,2,10.82134755928577,45.05395814010774,34.23261058082197,-27.632700444717127,negative_cross,toward_S4,2.189120753460115
7,cx30,2024-03-29 23:03:43+00:00,40.288833,-88.126478,-6.843080137444133,697.0,10.577099620426775,rs7,20.653567990078844,34.520967626164506,13.867399636085661,2,20.653567990078844,34.520967626164506,13.867399636085661,-27.632700444717127,negative_cross,toward_S4,2.3849929686532034
7,cx30,2024-03-29 23:03:44+00:00,40.288739,-88.126495,3.633552949003682,698.0,10.476633086447816,rs5,24.006152795016547,30.83221626700642,6.8260634719898725,3,24.006152795016547,30.83221626700642,6.8260634719898725,26.33125891160298,negative_cross,toward_S4,2.579672111803717
7,cx30,2024-03-29 23:03:45+00:00,40.288643,-88.126515,14.337129831484528,699.0,10.703576882480846,rs5,13.26244388779105,36.1878010807968,22.925357193005752,3,13.26244388779105,41.41708402047873,28.154640132687682,26.33125891160298,negative_cross,toward_S4,2.7778864985163247
7,cx30,2024-03-29 23:03:46+00:00,40.288546,-88.126527,25.13964320507247,700.0,10.802513373587942,rs5,3.5328146096605373,35.21052929523324,31.677714685572706,3,3.5328146096605373,52.19902522216689,48.66621061250635,26.33125891160298,negative_cross,toward_S4,2.977933042471657
7,cx30,2024-03-29 23:03:47+00:00,40.288448,-88.126535,36.04721323969678,701.0,10.90757003462431,rs5,9.349626100421524,37.183118122970846,27.833492022549322,3,9.349626100421524,45.426758621499,36.07713252107747,26.33125891160298,negative_cross,toward_S4,3.1799250801498853
7,cx30,2024-03-29 23:03:48+00:00,40.288348,-88.126535,47.16489659951016,702.0,11.117683359813377,rs5,20.310914834366578,34.31556423855678,14.004649404190204,3,20.310914834366578,34.31556423855678,14.004649404190204,26.33125891160298,negative_cross,toward_S4,3.3858081053316145
7,cx30,2024-03-29 23:03:49+00:00,40.288246,-88.126536,58.50646366882288,703.0,11.341567069312724,rs2,22.98709473528065,31.601628224278777,8.614533488998127,4,22.98709473528065,31.601628224278777,8.614533488998127,80.2309515867141,negative_cross,toward_S4,3.5976946681871995
7,cx30,2024-03-29 23:03:50+00:00,40.288145,-88.126536,69.73532386195002,704.0,11.22886019312714,rs2,11.813625469297941,37.139881882068764,25.326256412770825,4,11.813625469297941,42.814481588405656,31.000856119107716,80.2309515867141,negative_cross,toward_S4,3.80563652361548
7,cx30,2024-03-29 23:03:51+00:00,40.28806,-88.126538,79.18841480306111,705.0,9.453090941111085,rs2,2.712272137421158,35.959983777756506,33.247711640335346,4,2.712272137421158,52.251008640429184,49.538736503008025,80.2309515867141,negative_cross,toward_S4,3.9806937632656854
7,cx30,2024-03-29 23:03:52+00:00,40.287991,-88.126539,86.86114636433061,706.0,7.672731561269501,rs2,5.629145761711711,36.7530816188353,31.12393585712359,4,5.629145761711711,59.917445436123124,54.28829967441141,80.2309515867141,negative_cross,toward_S4,4.1227813847706765
7,cx30,2024-03-29 23:03:53+00:00,40.287939,-88.126533,92.6331614536119,707.0,5.772015089281297,rs2,11.392586674822462,37.82922356367512,26.43663688885266,4,11.392586674822462,65.71571310613791,54.32312643131545,80.2309515867141,negative_cross,toward_S4,4.2296705530907
7,cx30,2024-03-29 23:03:54+00:00,40.287895,-88.126503,97.47904084579173,708.0,4.845879392179825,rs2,16.734540853664647,37.518597189670984,20.784056336006337,4,16.734540853664647,70.74234195931649,54.00780110565184,80.2309515867141,negative_cross,toward_S4,4.31940906035329
7,cx30,2024-03-29 23:03:55+00:00,40.287863,-88.126459,100.96937763398553,709.0,3.490336788193801,rs2,21.33103282368594,36.26560915104084,14.9345763273549,4,21.33103282368594,74.63959360482541,53.30856078113946,80.2309515867141,negative_cross,toward_S4,4.384044926801323
7,cx30,2024-03-29 23:03:56+00:00,40.287841,-88.126402,103.32805552929439,710.0,2.3586778953088583,rs2,25.69756559807526,34.15423006355524,8.456664465479978,4,25.69756559807526,77.76969290620023,52.072127308124976,80.2309515867141,negative_cross,toward_S4,4.42772414708482
7,cx30,2024-03-29 23:03:57+00:00,40.287841,-88.126339,103.2316628281282,711.0,-0.09639270116619514,rs2,28.787254433885373,30.56214498925245,1.774890555367076,4,28.787254433885373,78.88136586414066,50.09411143025529,80.2309515867141,negative_cross,ambiguous,4.425939097063224
7,cx30,2024-03-29 23:03:58+00:00,40.287864,-88.126284,100.59044329742267,712.0,-2.641219530705527,rs1,25.732833349922124,30.261246049711087,4.528412699788962,4,25.732833349922124,76.15211428608791,50.419280936165784,80.2309515867141,positive_cross,toward_S1,4.377027624272381
7,cx30,2024-03-29 23:03:59+00:00,40.287899,-88.126236,96.62581206314893,713.0,-3.964631234273739,rs1,20.26245758081914,31.35587907784458,11.093421497025439,4,20.26245758081914,71.62552719275278,51.36306961193364,80.2309515867141,positive_cross,toward_S1,4.303608527341385
7,cx30,2024-03-29 23:04:00+00:00,40.287952,-88.126206,90.6875385970148,714.0,-5.9382734661341345,rs1,13.917631054158415,31.271456105151092,17.353825050992675,4,13.917631054158415,65.44188881120792,51.524257757049504,80.2309515867141,positive_cross,toward_S1,4.193640500190754
7,cx30,2024-03-29 23:04:01+00:00,40.28801,-88.12619,84.21480156221328,715.0,-6.472737034801511,rs1,8.197388996855226,31.23885945169923,23.041470454844003,4,8.197388996855226,58.87624745021732,50.678858453362096,80.2309515867141,positive_cross,toward_S1,4.0737749995462815
7,cx30,2024-03-29 23:04:02+00:00,40.288074,-88.126186,77.0933640404769,716.0,-7.121437521736382,rs1,6.422838982630452,31.628924869826534,25.206085887196082,4,6.422838982630452,51.76664327233575,45.3438042897053,80.2309515867141,positive_cross,toward_S1,3.9418965269215334
7,cx30,2024-03-29 23:04:03+00:00,40.288138,-88.126186,69.97804669101788,717.0,-7.115317349459019,rs1,10.995644535162072,33.242428366938235,22.246783831776163,4,10.995644535162072,44.70871286615154,33.713068330989465,80.2309515867141,positive_cross,toward_S1,3.81013139082044
7,cx30,2024-03-29 23:04:04+00:00,40.288208,-88.126183,62.191078210669204,718.0,-7.786968480348676,rs1,17.917291336294404,36.764582034755335,18.84729069846093,4,17.917291336294404,36.97346167836306,19.056170342068654,80.2309515867141,positive_cross,toward_S1,3.6659282708139833
7,cx30,2024-03-29 23:04:05+00:00,40.288286,-88.126178,53.511634975696936,719.0,-8.679443234972268,rs1,26.181117807104357,28.361464453037946,2.1803466459335894,4,26.181117807104357,28.361464453037946,2.1803466459335894,80.2309515867141,positive_cross,toward_S1,3.5051978405367192
7,cx30,2024-03-29 23:04:06+00:00,40.288369,-88.126174,44.27783761546961,720.0,-9.233797360227328,rs3,19.300661431202496,35.21462997239189,15.913968541189394,3,19.300661431202496,35.21462997239189,15.913968541189394,26.33125891160298,positive_cross,toward_S1,3.332344050071604
7,cx30,2024-03-29 23:04:07+00:00,40.288453,-88.126173,34.93745355131232,721.0,-9.340384064157284,rs3,10.575239548344413,34.12152631712481,23.546286768780398,3,10.575239548344413,44.470936588139445,33.89569703979503,26.33125891160298,positive_cross,toward_S1,3.1593739748094323
7,cx30,2024-03-29 23:04:08+00:00,40.288543,-88.126175,24.934598613561725,722.0,-10.002854937750598,rs3,5.384738208081054,32.911521620272325,27.52678341219127,3,5.384738208081054,53.32231190302505,47.937573694944,26.33125891160298,positive_cross,toward_S1,2.9741359204066433
7,cx30,2024-03-29 23:04:09+00:00,40.288637,-88.12617,14.476326040829727,723.0,-10.458272572731998,rs3,12.257576697330371,35.38621327164454,23.12863657431417,3,12.257576697330371,42.875294608497725,30.617717911167354,26.33125891160298,positive_cross,toward_S1,2.7804642060967915
7,cx30,2024-03-29 23:04:10+00:00,40.288735,-88.126162,3.5687560054154615,724.0,-10.907570035414267,rs3,22.53370836947661,31.96673040234836,9.433022032871751,3,22.53370836947661,31.96673040234836,9.433022032871751,26.33125891160298,positive_cross,toward_S1,2.578472168403935
7,cx30,2024-03-29 23:04:11+00:00,40.288838,-88.126156,-7.891638111592048,725.0,-11.46039411700751,rs6,20.547614489181186,33.795288970888585,13.2476744817074,2,20.547614489181186,33.795288970888585,13.2476744817074,-27.632700444717127,positive_cross,toward_S1,2.3655752283912053
7,cx30,2024-03-29 23:04:12+00:00,40.288948,-88.126157,-20.11955976401918,726.0,-12.227921652427131,rs6,8.719041995876864,32.049137595259225,23.33009559938236,2,8.719041995876864,45.98261792593534,37.26357593005847,-27.632700444717127,positive_cross,toward_S1,2.13913223482774
7,cx30,2024-03-29 23:04:13+00:00,40.289054,-88.126165,-31.89206378229836,727.0,-11.772504018279182,rs6,5.48994255692402,30.786341222779537,25.296398665855516,2,5.48994255692402,47.71209558388999,42.22215302696597,-27.632700444717127,positive_cross,toward_S1,1.921122901155903
7,cx30,2024-03-29 23:04:14+00:00,40.289159,-88.126164,-43.567161352342296,728.0,-11.675097570043935,rs6,15.91067913490938,34.49510614195396,18.58442700704458,2,15.91067913490938,36.06710443981933,20.156425304909952,-27.632700444717127,positive_cross,toward_S1,1.7049173905995338
7,cx30,2024-03-29 23:04:15+00:00,40.289259,-88.126161,-54.68943484079299,729.0,-11.122273488450695,rs8,24.983551762327473,26.792832821709453,1.8092810593819806,1,24.983551762327473,26.792832821709453,1.8092810593819806,-78.92951005359993,positive_cross,toward_S1,1.448890281718647
7,cx30,2024-03-29 23:04:16+00:00,40.28935,-88.126161,-64.80652669762277,730.0,-10.11709185682978,rs8,14.999111210947065,30.407689544085823,15.408578333138758,1,14.999111210947065,36.84465697039131,21.84554575944425,-78.92951005359993,positive_cross,toward_S1,1.2615367288143917
7,cx30,2024-03-29 23:04:17+00:00,40.289435,-88.126163,-74.25349746722473,731.0,-9.446970769601961,rs8,6.1862969003754396,27.197030706138456,21.010733805763017,1,6.1862969003754396,46.275030124300194,40.088733223924756,-78.92951005359993,positive_cross,toward_S1,1.0865928256736148
7,cx30,2024-03-29 23:04:18+00:00,40.289516,-88.126167,-83.25270081705973,732.0,-8.999203349835,rs8,5.294160907536914,26.84014416492243,21.54598325738552,1,5.294160907536914,55.28288019495656,49.98871928741965,-78.92951005359993,positive_cross,toward_S1,0.9199409117877814
7,cx30,2024-03-29 23:04:19+00:00,40.28958,-88.126172,-90.36036795292766,733.0,-7.107667135867928,rs8,11.668826954277682,28.49508588111888,16.8262589268412,1,11.668826954277682,62.41314905615208,50.744322101874396,-78.92951005359993,positive_cross,toward_S1,0.7883174463087457
7,cx30,2024-03-29 23:04:20+00:00,40.289633,-88.126189,-96.22672940467874,734.0,-5.866361451751075,rs8,17.709132130983438,30.16482042783279,12.455688296849353,1,17.709132130983438,68.406008447476,50.69687631649256,-78.92951005359993,positive_cross,toward_S1,0.6796811231281702
7,cx30,2024-03-29 23:04:21+00:00,40.289677,-88.126228,-101.05883841017841,735.0,-4.8321090054996745,rs8,23.448652456518023,30.867557875056193,7.41890541853817,1,23.448652456518023,73.62941904573154,50.18076658921352,-78.92951005359993,positive_cross,toward_S1,0.5901976230263244
7,cx30,2024-03-29 23:04:22+00:00,40.289705,-88.12628,-104.09222752133068,736.0,-3.0333891111522746,rs8,28.14942022050189,30.549149440623093,2.399729220121202,1,28.14942022050189,77.38209624929452,49.232676028792625,-78.92951005359993,positive_cross,toward_S1,0.5340237505975786
7,cx30,2024-03-29 23:04:23+00:00,40.289712,-88.126343,-104.77407265570885,737.0,-0.6818451343781646,rs10,28.66330309219236,31.655533180465905,2.992230088273544,1,28.66330309219236,79.00328047121519,50.33997737902283,-78.92951005359993,negative_cross,toward_S1,0.5213969888498348
7,cx30,2024-03-29 23:04:24+00:00,40.289691,-88.126407,-102.34143640576241,738.0,2.432636249946441,rs10,24.670765174329084,33.459654977848345,8.788889803519261,1,24.670765174329084,75.81168923021946,51.14092405589037,-78.92951005359993,negative_cross,toward_S4,0.5664458082932874
7,cx30,2024-03-29 23:04:25+00:00,40.289645,-88.126448,-97.16457030279227,739.0,5.176866102970138,rs10,18.969345673442934,32.96968390753538,14.000338234092442,1,18.969345673442934,70.33775041955884,51.368404746115914,-78.92951005359993,negative_cross,toward_S4,0.6623136990890306
7,cx30,2024-03-29 23:04:26+00:00,40.289585,-88.126465,-90.4679495584914,740.0,6.696620744300873,rs10,12.170648089683086,31.156555236927268,18.985907147244184,1,12.170648089683086,63.56506654799747,51.394418458314384,-78.92951005359993,negative_cross,toward_S4,0.7863251943538616
7,cx30,2024-03-29 23:04:27+00:00,40.289519,-88.126462,-83.13486866944055,741.0,7.333080889050848,rs10,4.9848302178653014,29.007144145470583,24.022313927605282,1,4.9848302178653014,56.27349592131603,51.288665703450725,-78.92951005359993,negative_cross,toward_S4,0.922122988595544
7,cx30,2024-03-29 23:04:28+00:00,40.289452,-88.12646,-75.68908090422585,742.0,7.445787765214703,rs10,3.1279248900065353,28.732679782119792,25.604754892113256,1,3.1279248900065353,48.8779396115803,45.75001472157377,-78.92951005359993,negative_cross,toward_S4,1.0600079472106312
7,cx30,2024-03-29 23:04:29+00:00,40.289377,-88.126459,-67.35234842802764,743.0,8.336732476198208,rs10,11.152374247053153,30.750940169807514,19.59856592275436,1,11.152374247053153,40.61025120743259,29.457876960379437,-78.92951005359993,negative_cross,toward_S4,1.2143918819550423
7,cx30,2024-03-29 23:04:30+00:00,40.289294,-88.12646,-58.12314119641589,744.0,9.229207231611753,rs10,20.31836367143964,31.475156938485988,11.156793267046346,1,20.31836367143964,31.475156938485988,11.156793267046346,-78.92951005359993,negative_cross,toward_S4,1.3853031269848897
7,cx30,2024-03-29 23:04:31+00:00,40.289203,-88.126465,-47.99839912520505,745.0,10.12474207121084,rs7,21.474854953703947,30.399128401492888,8.924273447788941,2,21.474854953703947,30.399128401492888,8.924273447788941,-27.632700444717127,negative_cross,toward_S4,1.6228574318428164
7,cx30,2024-03-29 23:04:32+00:00,40.289105,-88.12647,-37.0954192184281,746.0,10.902979906776949,rs7,10.989293730055415,31.344287150543188,20.354993420487773,2,10.989293730055415,41.28315798767716,30.293864257621742,-27.632700444717127,negative_cross,toward_S4,1.8247644671535006
7,cx30,2024-03-29 23:04:33+00:00,40.289002,-88.126467,-25.648795487289046,747.0,11.446623731139052,rs7,5.081570711201832,29.714567562923342,24.63299685172151,2,5.081570711201832,52.74223643183137,47.66066572062954,-27.632700444717127,negative_cross,toward_S4,2.0367389806931127
7,cx30,2024-03-29 23:04:34+00:00,40.288904,-88.126464,-14.75805592353045,748.0,10.890739563758597,rs7,13.394977010676598,32.1148085170568,18.719831506380203,2,13.394977010676598,42.49522974938491,29.100252738708313,-27.632700444717127,negative_cross,toward_S4,2.2384193429849386
7,cx30,2024-03-29 23:04:35+00:00,40.288805,-88.12647,-3.742369140567891,749.0,11.015686782962558,rs7,23.840265915232244,31.64264993055002,7.802384015317777,2,23.840265915232244,31.64264993055002,7.802384015317777,-27.632700444717127,negative_cross,toward_S4,2.4424135426694304
7,cx30,2024-03-29 23:04:36+00:00,40.288709,-88.126486,6.955087571215481,750.0,10.697456711783373,rs5,21.004217651824554,34.2232461473659,13.219028495541345,3,21.004217651824554,34.2232461473659,13.219028495541345,26.33125891160298,negative_cross,toward_S4,2.6411820122150464
7,cx30,2024-03-29 23:04:37+00:00,40.288614,-88.126509,17.552077748229934,751.0,10.596990177014453,rs5,10.447338308308124,34.76565220456874,24.318313896260612,3,10.447338308308124,44.65400313620484,34.20666482789672,26.33125891160298,negative_cross,toward_S4,2.837422571048647
7,cx30,2024-03-29 23:04:38+00:00,40.288517,-88.126528,28.36530142194263,752.0,10.813223673712695,rs5,3.235749171792049,35.34104951161275,32.1053003398207,3,3.235749171792049,53.119616407009616,49.883867235217565,26.33125891160298,negative_cross,toward_S4,3.0376674538951787
7,cx30,2024-03-29 23:04:39+00:00,40.288418,-88.126538,39.38710837641436,753.0,11.021806954471732,rs5,12.56376369103079,38.43650755890201,25.87274386787122,3,12.56376369103079,42.08270903274285,29.518945341712058,26.33125891160298,negative_cross,toward_S4,3.2417749900890995
7,cx30,2024-03-29 23:04:40+00:00,40.288313,-88.126538,51.06067590358644,754.0,11.673567527172082,rs5,24.158971724124868,30.414707684396767,6.255735960271899,3,24.158971724124868,30.414707684396767,6.255735960271899,26.33125891160298,negative_cross,toward_S4,3.4579521665182122
7,cx30,2024-03-29 23:04:41+00:00,40.288207,-88.126539,62.846950307734076,755.0,11.786274404147633,rs2,18.642462055561026,35.91475935825506,17.272297302694035,4,18.642462055561026,35.91475935825506,17.272297302694035,80.2309515867141,negative_cross,toward_S4,3.6780740503892586
7,cx30,2024-03-29 23:04:42+00:00,40.288103,-88.126539,74.4093410015924,756.0,11.562390693858319,rs2,7.166770045858529,36.42358669746277,29.25681665160424,4,7.166770045858529,47.46880398442399,40.302033938565465,80.2309515867141,negative_cross,toward_S4,3.8921923965718204
7,cx30,2024-03-29 23:04:43+00:00,40.288014,-88.126539,84.30407919179471,757.0,9.894738190202318,rs2,3.2254763997088753,36.33887068748376,33.11339428777489,4,3.2254763997088753,57.360719460623635,54.13524306091476,80.2309515867141,negative_cross,toward_S4,4.075428288982974
7,cx30,2024-03-29 23:04:44+00:00,40.28794,-88.126536,92.52657474893547,758.0,8.22249555714076,rs2,11.24161689986334,38.03062164066098,26.789004740797644,4,11.24161689986334,65.5953500894318,54.353733189568466,80.2309515867141,negative_cross,toward_S4,4.227696725226322
7,cx30,2024-03-29 23:04:45+00:00,40.287887,-88.12651,98.37916581479635,759.0,5.852591065860878,rs2,17.45049029151808,38.46793019465907,21.01743990314099,4,17.45049029151808,71.59050755807353,54.140017266555446,80.2309515867141,negative_cross,toward_S4,4.336078041260782
7,cx30,2024-03-29 23:04:46+00:00,40.287849,-88.126466,102.53656360445257,760.0,4.1573977896562155,rs2,22.567285216637185,37.67587070791834,15.108585491281158,4,22.567285216637185,76.12000034117939,53.5527151245422,80.2309515867141,negative_cross,toward_S4,4.413066889217379
7,cx30,2024-03-29 23:04:47+00:00,40.287825,-88.126407,105.11453508143514,761.0,2.577971476982569,rs2,27.043666438141866,35.71514570277892,8.671479264637053,4,27.043666438141866,79.45088775728699,52.40722131914512,80.2309515867141,negative_cross,toward_S4,4.460807101754093
7,cx30,2024-03-29 23:04:48+00:00,40.287824,-88.126347,105.13390934219825,762.0,0.019374260763115103,rs2,29.856315248575143,32.46968381735605,2.6133685687809063,4,29.856315248575143,80.56129355324904,50.7049783046739,80.2309515867141,negative_cross,ambiguous,4.461165884360818
7,cx30,2024-03-29 23:04:49+00:00,40.287845,-88.126284,102.70280313591361,763.0,-2.431106206284639,rs1,27.50935797790617,31.668619168047815,4.159261190141645,4,27.50935797790617,78.22738719589815,50.718029217991976,80.2309515867141,positive_cross,toward_S1,4.41614539905925
7,cx30,2024-03-29 23:04:50+00:00,40.287887,-88.126236,97.9599340668637,764.0,-4.742869069049917,rs1,21.42135979883159,32.04383772995474,10.62247793112315,4,21.42135979883159,72.94607635662443,51.52471655779284,80.2309515867141,positive_cross,toward_S1,4.328314490373141
7,cx30,2024-03-29 23:04:51+00:00,40.287944,-88.126212,91.58613352235758,765.0,-6.3738005445061106,rs1,14.94013649593989,31.08233745037057,16.142200954430677,4,14.94013649593989,66.38818946676066,51.448052970820775,80.2309515867141,positive_cross,toward_S1,4.210281146956361
7,cx30,2024-03-29 23:04:52+00:00,40.288005,-88.126201,84.78751620199587,766.0,-6.798617320361714,rs1,9.275524285638104,30.377092437393994,21.10156815175589,4,9.275524285638104,59.539790628483146,50.26426634284504,80.2309515867141,positive_cross,toward_S1,4.084380826208922
7,cx30,2024-03-29 23:04:53+00:00,40.288073,-88.126189,77.20913100319616,767.0,-7.578385198799708,rs1,6.631615916729304,31.362994330436738,24.731378413707432,4,6.631615916729304,51.90839097343744,45.27677505670814,80.2309515867141,positive_cross,toward_S1,3.944040359564483
7,cx30,2024-03-29 23:04:54+00:00,40.288146,-88.126178,69.07639167911968,768.0,-8.132739324076482,rs1,11.40953957710316,34.18122003070758,22.771680453604418,4,11.40953957710316,43.736039442812135,32.326499865708975,80.2309515867141,positive_cross,toward_S1,3.7934340757852887
7,cx30,2024-03-29 23:04:55+00:00,40.288225,-88.126171,60.28271152508994,769.0,-8.793680154029744,rs1,19.43749415962256,34.94928440796537,15.511790248342813,4,19.43749415962256,34.94928440796537,15.511790248342813,80.2309515867141,positive_cross,toward_S1,3.63058814700696
7,cx30,2024-03-29 23:04:56+00:00,40.288309,-88.126164,50.93314720291155,770.0,-9.349564322178388,rs3,25.628025610610138,28.48869954476658,2.8606739341564413,3,25.628025610610138,28.48869954476658,2.8606739341564413,26.33125891160298,positive_cross,toward_S1,3.4555905239131217
7,cx30,2024-03-29 23:04:57+00:00,40.288398,-88.126159,41.030758798328215,771.0,-9.902388404583334,rs3,15.854501285530482,37.22348032894721,21.36897904341673,3,15.854501285530482,38.26204254234845,22.40754125681797,26.33125891160298,positive_cross,toward_S1,3.272212960865282
7,cx30,2024-03-29 23:04:58+00:00,40.288497,-88.126158,30.02272222974669,772.0,-11.008036568581524,rs3,5.823773799921727,34.507775843003465,28.684002043081737,3,5.823773799921727,49.224658044130216,43.40088424420849,26.33125891160298,positive_cross,toward_S1,3.068360431817476
7,cx30,2024-03-29 23:04:59+00:00,40.288597,-88.126161,18.90962899854889,773.0,-11.113093231197801,rs3,7.9483377239088595,34.88446907681652,26.936131352907662,3,7.9483377239088595,47.23696737045446,39.2886296465456,26.33125891160298,positive_cross,toward_S1,2.862562409017517
7,cx30,2024-03-29 23:05:00+00:00,40.288703,-88.126166,7.132534852444095,774.0,-11.777094146104794,rs3,19.127424311479512,35.54126169317968,16.413837381700166,3,19.127424311479512,35.54126169317968,16.413837381700166,26.33125891160298,positive_cross,toward_S1,2.644468072978539
7,cx30,2024-03-29 23:05:01+00:00,40.288813,-88.126166,-5.096916842876642,775.0,-12.229451695320737,rs6,23.430981421304693,31.145988245541762,7.715006824237069,2,23.430981421304693,31.145988245541762,7.715006824237069,-27.632700444717127,positive_cross,toward_S1,2.417329325960009
7,cx30,2024-03-29 23:05:02+00:00,40.288923,-88.126165,-17.32789858106924,776.0,-12.230981738192597,rs6,11.555792736272863,32.16623885514099,20.610446118868126,2,11.555792736272863,43.27707138528415,31.72127864901129,-27.632700444717127,positive_cross,toward_S1,2.1908296641416274
7,cx30,2024-03-29 23:05:03+00:00,40.289032,-88.126169,-29.440053271567052,777.0,-12.112154690497814,rs6,4.547769632034148,30.20174578223364,25.65397615019949,2,4.547769632034148,50.17766872688733,45.62989909485319,-27.632700444717127,positive_cross,toward_S1,1.9665305032064828
7,cx30,2024-03-29 23:05:04+00:00,40.289136,-88.126168,-41.00397400829723,778.0,-11.563920736730175,rs6,13.550160187897687,33.07638501520735,19.52622482730966,2,13.550160187897687,38.64609972058688,25.095939532689194,-27.632700444717127,positive_cross,toward_S1,1.7523838228966648
7,cx30,2024-03-29 23:05:05+00:00,40.289239,-88.126167,-52.45671791173542,779.0,-11.45274390343819,rs6,24.67267142672918,27.255624825162517,2.582953398433336,2,24.67267142672918,27.255624825162517,2.582953398433336,-27.632700444717127,positive_cross,toward_S1,1.5402959728329946
7,cx30,2024-03-29 23:05:06+00:00,40.289338,-88.126169,-63.46016435167962,780.0,-11.003446439944206,rs8,16.45161925412788,30.457938326707016,14.006319072579135,1,16.45161925412788,35.59364311151119,19.14202385738331,-78.92951005359993,positive_cross,toward_S1,1.286469364850376
7,cx30,2024-03-29 23:05:07+00:00,40.289434,-88.126173,-74.12702020517065,781.0,-10.666855853491029,rs8,6.769975740748752,26.38058273964163,19.610606998892877,1,6.769975740748752,46.2427108907617,39.47273515001295,-78.92951005359993,positive_cross,toward_S1,1.0889349971931348
7,cx30,2024-03-29 23:05:08+00:00,40.289518,-88.126175,-83.46281414145885,782.0,-9.335793936288198,rs8,5.935411144208946,26.20963009881148,20.274218954602535,1,5.935411144208946,55.56006968971926,49.624658545510314,-78.92951005359993,positive_cross,toward_S1,0.9160499242989089
7,cx30,2024-03-29 23:05:09+00:00,40.289586,-88.126177,-91.01977874000904,783.0,-7.556964598550195,rs8,12.443837365091897,28.3887543620887,15.944916996996804,1,12.443837365091897,63.111156444637686,50.66731907954579,-78.92951005359993,positive_cross,toward_S1,0.7761061354368681
7,cx30,2024-03-29 23:05:10+00:00,40.289637,-88.12619,-96.66990669585184,784.0,-5.650127955842791,rs8,18.15831323868645,30.355807048849833,12.197493810163383,1,18.15831323868645,68.85669390087335,50.698380662186906,-78.92951005359993,positive_cross,toward_S1,0.6714741362545943
7,cx30,2024-03-29 23:05:11+00:00,40.289679,-88.126234,-101.272011820343,785.0,-4.60210512449116,rs8,23.85005799565606,30.681843030371926,6.8317850347158675,1,23.85005799565606,73.91635892339306,50.066300927737004,-78.92951005359993,positive_cross,toward_S1,0.5862499672825358
7,cx30,2024-03-29 23:05:12+00:00,40.289696,-88.126292,-103.07327550460955,786.0,-1.8012636842665586,rs8,27.780290020256768,29.153706610556025,1.3734165902992572,1,27.780290020256768,76.58742777551453,48.807137755257756,-78.92951005359993,positive_cross,toward_S1,0.5528932323887106
7,cx30,2024-03-29 23:05:13+00:00,40.289693,-88.126354,-102.64488234558398,787.0,0.42839315902557473,rs10,26.353108810535712,30.560345562184274,4.207236751648562,1,26.353108810535712,76.75037129284254,50.39726248230683,-78.92951005359993,negative_cross,ambiguous,0.5608264390373323
7,cx30,2024-03-29 23:05:14+00:00,40.289667,-88.12641,-99.66860227127543,788.0,2.976280074308548,rs10,22.02533298013718,31.855163782927804,9.829830802790624,1,22.02533298013718,73.13201110100034,51.106678120863165,-78.92951005359993,negative_cross,toward_S4,0.6159427367097128
7,cx30,2024-03-29 23:05:15+00:00,40.289618,-88.126446,-94.16585588116519,789.0,5.5027463901102465,rs10,16.029424400745373,31.26790239116521,15.238477990419838,1,16.029424400745373,67.3644737651697,51.335049364424336,-78.92951005359993,negative_cross,toward_S4,0.7178454476376803
7,cx30,2024-03-29 23:05:16+00:00,40.289554,-88.126455,-87.03676814581598,790.0,7.129087735349202,rs10,8.900576194048403,29.240971225657926,20.340395031609525,1,8.900576194048403,60.20541339632996,51.304837202281554,-78.92951005359993,negative_cross,toward_S4,0.8498655908848878
7,cx30,2024-03-29 23:05:17+00:00,40.289489,-88.126454,-79.81180400514685,791.0,7.22496414066913,rs10,2.560773790832614,28.04323690693909,25.482463116106477,1,2.560773790832614,53.024437629694404,50.46366383886179,-78.92951005359993,negative_cross,toward_S4,0.9836612231195013
7,cx30,2024-03-29 23:05:18+00:00,40.289414,-88.126456,-71.47048139952138,792.0,8.341322605625479,rs10,7.177509103503607,29.19235282870485,22.014843725201242,1,7.177509103503607,44.722942273742504,37.545433170238894,-78.92951005359993,negative_cross,toward_S4,1.138130160260714
7,cx30,2024-03-29 23:05:19+00:00,40.289333,-88.126458,-62.46209779245521,793.0,9.008383607066165,rs10,16.01589962976488,32.84575180000335,16.829852170238468,1,16.01589962976488,35.78151950838777,19.765619878622886,-78.92951005359993,negative_cross,toward_S4,1.3049520789100875
7,cx30,2024-03-29 23:05:20+00:00,40.289243,-88.12646,-52.453122683195446,794.0,10.008975109259765,rs7,25.90713035054539,25.976925160532673,0.06979480998728249,2,25.90713035054539,25.976925160532673,0.06979480998728249,-27.632700444717127,negative_cross,toward_S4,1.5403625511392904
7,cx30,2024-03-29 23:05:21+00:00,40.28915,-88.126461,-42.11214711605459,795.0,10.340975567140859,rs7,15.915670673768,32.505904125911435,16.590233452143437,2,15.915670673768,36.30304605369547,20.38737537992747,-27.632700444717127,negative_cross,toward_S4,1.731862098678936
7,cx30,2024-03-29 23:05:22+00:00,40.289057,-88.126459,-31.77576167757279,796.0,10.336385438481798,rs7,7.225397344042684,29.249923201050837,22.024525857008154,2,7.225397344042684,46.64583365205779,39.420436308015105,-27.632700444717127,negative_cross,toward_S4,1.9232766438360063
7,cx30,2024-03-29 23:05:23+00:00,40.288958,-88.126463,-20.763134980353946,797.0,11.012626697218842,rs7,8.22602218557913,30.11533002346769,21.88930783788856,2,8.22602218557913,48.41330037693985,40.18727819136072,-27.632700444717127,negative_cross,toward_S4,2.1272141752659848
7,cx30,2024-03-29 23:05:24+00:00,40.288853,-88.126475,-9.071206938676092,798.0,11.691928041677855,rs7,18.53028168516995,35.58298694944124,17.052705264271292,2,18.53028168516995,36.75047088311596,18.22018919794601,-27.632700444717127,negative_cross,toward_S4,2.343731361222982
7,cx30,2024-03-29 23:05:25+00:00,40.288746,-88.126487,2.8430747704192187,799.0,11.91428170909531,rs5,24.928674494637487,30.119965883841964,5.191291389204476,3,24.928674494637487,30.119965883841964,5.191291389204476,26.33125891160298,negative_cross,toward_S4,2.5650336270151155
7,cx30,2024-03-29 23:05:26+00:00,40.288628,-88.126504,15.987951863506629,800.0,13.144877093087409,rs5,12.037768202605328,34.780898509857735,22.743130307252407,3,12.037768202605328,43.1123787555852,31.07461055297987,26.33125891160298,negative_cross,toward_S4,2.8084572768871046
7,cx30,2024-03-29 23:05:27+00:00,40.288514,-88.126517,28.68200145106166,801.0,12.69404958755503,rs5,4.223317021870976,34.43159433843273,30.208277316561755,3,4.223317021870976,52.83665378182087,48.613336759949895,26.33125891160298,negative_cross,toward_S4,3.043532269249235
7,cx30,2024-03-29 23:05:28+00:00,40.288403,-88.126529,41.04099049420192,802.0,12.358989043140262,rs5,14.343435427043241,38.332168310397265,23.988732883354025,3,14.343435427043241,40.45168251567747,26.10824708863423,26.33125891160298,negative_cross,toward_S4,3.272402436714795
7,cx30,2024-03-29 23:05:29+00:00,40.288291,-88.126539,53.50809628568044,803.0,12.467105791478517,rs5,26.591214061902928,27.966592339605306,1.375378277702378,3,26.591214061902928,27.966592339605306,1.375378277702378,26.33125891160298,negative_cross,toward_S4,3.5032747661866197
7,cx30,2024-03-29 23:05:30+00:00,40.288179,-88.126543,65.96602181992778,804.0,12.457925534247337,rs2,15.511455344806016,38.880019806927635,23.36856446212162,4,15.511455344806016,39.00881053947187,23.49735519466585,80.2309515867141,negative_cross,toward_S4,3.7358346339484014
7,cx30,2024-03-29 23:05:31+00:00,40.28808,-88.126539,76.96640817412829,805.0,11.000386354200515,rs2,4.6902108303849515,36.14284236593681,31.452631535551856,4,4.6902108303849515,50.024867646040015,45.334656815655066,80.2309515867141,negative_cross,toward_S4,3.939545492359522
7,cx30,2024-03-29 23:05:32+00:00,40.288001,-88.126529,85.73407759929296,806.0,8.76766942516467,rs2,4.899694732335296,35.71524986085559,30.815555128520298,4,4.899694732335296,58.84068617307178,53.94099144073648,80.2309515867141,negative_cross,toward_S4,4.101909740973682
7,cx30,2024-03-29 23:05:33+00:00,40.287938,-88.126518,92.72138764459424,807.0,6.987310045301285,rs2,11.78592975702401,36.67598556248759,24.890055805463582,4,11.78592975702401,65.88752242683164,54.10159266980763,80.2309515867141,negative_cross,toward_S4,4.231304371442225
7,cx30,2024-03-29 23:05:34+00:00,40.287889,-88.126492,98.12927137562022,808.0,5.407883731025976,rs2,17.643178153783357,37.03033128059043,19.387153126807075,4,17.643178153783357,71.48005532329736,53.83687716951401,80.2309515867141,negative_cross,toward_S4,4.331450366461224
7,cx30,2024-03-29 23:05:35+00:00,40.287857,-88.126446,101.61654807807032,809.0,3.487276702450103,rs2,22.385486180946387,35.79009281845299,13.404606637506603,4,22.385486180946387,75.43893329580679,53.053447114860404,80.2309515867141,negative_cross,toward_S4,4.396029564654745
7,cx30,2024-03-29 23:05:36+00:00,40.28784,-88.126388,103.41781176235862,810.0,1.8012636842883012,rs2,26.415327539879033,33.39518838654424,6.979860846665208,4,26.415327539879033,78.0956529789803,51.68032543910127,80.2309515867141,negative_cross,toward_S4,4.429386299548972
7,cx30,2024-03-29 23:05:37+00:00,40.287845,-88.126326,102.76706493670558,811.0,-0.6507468256530444,rs2,29.173068043044015,29.53195679719306,0.35888875414904575,4,29.173068043044015,78.72346073752581,49.5503926944818,80.2309515867141,negative_cross,toward_S1,4.41733543240725
7,cx30,2024-03-29 23:05:38+00:00,40.287873,-88.126271,99.56996123785142,812.0,-3.197103698854164,rs1,24.28845411432938,30.491277563527206,6.202823449197826,4,24.28845411432938,74.96376370072862,50.67530958639924,80.2309515867141,positive_cross,toward_S1,4.358129808354395
7,cx30,2024-03-29 23:05:39+00:00,40.287917,-88.126227,94.61085867287149,813.0,-4.959102564979929,rs1,18.154547725973543,31.088686077253126,12.934138351279582,4,18.154547725973543,69.53465224897008,51.38010452299653,80.2309515867141,positive_cross,toward_S1,4.266294575669582
7,cx30,2024-03-29 23:05:40+00:00,40.287973,-88.126201,88.34517487672538,814.0,-6.2656837961461065,rs1,11.783292359163214,31.033351724148776,19.25005936498556,4,11.783292359163214,63.072031362388955,51.28873900322574,80.2309515867141,positive_cross,toward_S1,4.150263394259468
7,cx30,2024-03-29 23:05:41+00:00,40.288038,-88.12619,81.10185022152872,815.0,-7.243324655196659,rs1,6.7257444752160644,31.062043321000687,24.336298845784622,4,6.7257444752160644,55.78263710831698,49.056892633100915,80.2309515867141,positive_cross,toward_S1,4.016127752496567
7,cx30,2024-03-29 23:05:42+00:00,40.288108,-88.126177,73.29958131243974,816.0,-7.80226890908898,rs1,7.888516182368431,33.04412214019496,25.155605957826527,4,7.888516182368431,47.921295032452065,40.03277885008363,80.2309515867141,positive_cross,toward_S1,3.8716412912171414
7,cx30,2024-03-29 23:05:43+00:00,40.288263,-88.126164,56.04728154798333,817.0,-17.25229976445641,rs1,23.441157677385988,30.681192827364182,7.240035149978194,4,23.441157677385988,30.681192827364182,7.240035149978194,80.2309515867141,positive_cross,toward_S1,3.5521542585420227
7,cx30,2024-03-29 23:05:44+00:00,40.288347,-88.126159,46.700777311548656,818.0,-9.346504236434676,rs3,21.39348922047939,32.62242624254126,11.22893702206187,3,21.39348922047939,32.62242624254126,11.22893702206187,26.33125891160298,positive_cross,toward_S1,3.377213303702698
7,cx30,2024-03-29 23:05:45+00:00,40.288437,-88.126157,36.691802202288876,819.0,-10.00897510925978,rs3,11.648971609459993,35.9061918900302,24.25722028057021,3,11.648971609459993,42.565781332128395,30.916809722668404,26.33125891160298,positive_cross,toward_S1,3.1918619127904795
7,cx30,2024-03-29 23:05:46+00:00,40.288531,-88.126158,26.242709887599734,820.0,-10.449092314689143,rs3,3.9254133477390023,34.3195392820869,30.394125934347898,3,3.9254133477390023,52.996330740368904,49.0709173926299,26.33125891160298,positive_cross,toward_S1,2.998360203259199
7,cx30,2024-03-29 23:05:48+00:00,40.288632,-88.126157,15.01231965160075,822.0,-5.615195117999492,rs3,11.334076398054256,36.2471752748046,24.91309887675034,3,11.334076398054256,43.32945041894507,31.995374020890814,26.33125891160298,positive_cross,toward_S1,2.7903900137036626
7,cx30,2024-03-29 23:05:49+00:00,40.288738,-88.126159,3.2306353760686837,823.0,-11.781684275532067,rs3,22.815884906822774,31.606102883531474,8.7902179767087,3,22.815884906822774,31.606102883531474,8.7902179767087,26.33125891160298,positive_cross,toward_S1,2.5722106752678835
7,cx30,2024-03-29 23:05:50+00:00,40.288844,-88.126159,-8.55410898441714,824.0,-11.784744360485822,rs6,19.932255177388804,34.48705581075461,14.554800633365808,2,19.932255177388804,34.48705581075461,14.554800633365808,-27.632700444717127,positive_cross,toward_S1,2.3533072492648146
7,cx30,2024-03-29 23:05:51+00:00,40.28897,-88.126156,-22.566980146134924,825.0,-14.012871161717785,rs6,6.483776835855449,31.65115749095868,25.167380655103234,2,6.483776835855449,48.415059614499455,41.931282778644004,-27.632700444717127,positive_cross,toward_S1,2.0938096351589297
7,cx30,2024-03-29 23:05:52+00:00,40.289076,-88.126161,-34.34407429302968,826.0,-11.777094146894754,rs6,7.19739493148397,31.55404747596926,24.35665254448529,2,7.19739493148397,45.247049110621184,38.049654179137214,-27.632700444717127,positive_cross,toward_S1,1.8757152991053232
7,cx30,2024-03-29 23:05:53+00:00,40.289182,-88.126162,-46.127288610643646,827.0,-11.783214317613968,rs6,18.364677409569364,33.504433303946826,15.139755894377462,2,18.364677409569364,33.504433303946826,15.139755894377462,-27.632700444717127,positive_cross,toward_S1,1.6575076265569164
7,cx30,2024-03-29 23:05:54+00:00,40.289286,-88.12616,-57.69273939024569,828.0,-11.565450779602045,rs8,21.995993490450893,29.759934846197158,7.763941355746265,1,21.995993490450893,29.759934846197158,7.763941355746265,-78.92951005359993,positive_cross,toward_S1,1.393273530802856
7,cx30,2024-03-29 23:05:55+00:00,40.289379,-88.126156,-68.03830508600214,829.0,-10.345565695756449,rs8,11.75985846200325,29.455398290894898,17.695539828891647,1,11.75985846200325,40.01860296428727,28.258744502284017,-78.92951005359993,positive_cross,toward_S1,1.2016889808814404
7,cx30,2024-03-29 23:05:56+00:00,40.289462,-88.12616,-77.25986210323282,830.0,-9.22155701723068,rs8,3.7930635070259533,27.110007776246853,23.3169442692209,1,3.7930635070259533,49.249108320277045,45.45604481325109,-78.92951005359993,positive_cross,toward_S1,1.0309194064882798
7,cx30,2024-03-29 23:05:57+00:00,40.289537,-88.126166,-85.58894436583996,831.0,-8.329082262607145,rs8,7.115926540348113,27.405830377578692,20.28990383723058,1,7.115926540348113,57.60607315238664,50.49014661203853,-78.92951005359993,positive_cross,toward_S1,0.8766771423659252
7,cx30,2024-03-29 23:05:58+00:00,40.289598,-88.126169,-92.3661410859305,832.0,-6.777196720090529,rs8,13.486262468759392,29.590123916959104,16.103861448199712,1,13.486262468759392,64.39217349330427,50.90591102454488,-78.92951005359993,positive_cross,toward_S1,0.7511734994012857
7,cx30,2024-03-29 23:05:59+00:00,40.289654,-88.126194,-98.55379269541616,833.0,-6.18765160948567,rs8,20.062884547665657,31.244225933437463,11.181341385771805,1,20.062884547665657,70.77047989917118,50.70759535150552,-78.92951005359993,positive_cross,toward_S1,0.6365873584848845
7,cx30,2024-03-29 23:06:00+00:00,40.289688,-88.126252,-102.24506255077794,834.0,-3.6912698553617815,rs8,25.39056915456164,30.436894065268692,5.046324910707053,1,25.39056915456164,75.12512886381768,49.73455970925604,-78.92951005359993,positive_cross,toward_S1,0.5682305093115182
7,cx30,2024-03-29 23:06:01+00:00,40.289696,-88.126323,-103.02584417547325,835.0,-0.7807816246953081,rs10,27.810083277225115,29.220135487692083,1.4100522104669686,1,27.810083277225115,77.13873336992167,49.32865009269655,-78.92951005359993,negative_cross,toward_S1,0.5537715903356791
7,cx30,2024-03-29 23:06:02+00:00,40.28968,-88.126392,-101.14144187929443,836.0,1.8844022961788198,rs10,23.849992433013625,31.694302458161633,7.844310025148008,1,23.849992433013625,74.77937483326276,50.92938240024914,-78.92951005359993,negative_cross,toward_S4,0.5886679291538055
7,cx30,2024-03-29 23:06:03+00:00,40.289632,-88.126442,-95.72845172301663,837.0,5.4129901562778,rs10,17.62204155340437,31.762166566623154,14.140125013218785,1,17.62204155340437,68.94776511014477,51.3257235567404,-78.92951005359993,negative_cross,toward_S4,0.6889084876033944
7,cx30,2024-03-29 23:06:04+00:00,40.289565,-88.126466,-88.24288284381485,838.0,7.485568879201779,rs10,9.949344957736082,30.488244940246652,20.53889998251057,1,9.949344957736082,61.34087165303434,51.39152669529826,-78.92951005359993,negative_cross,toward_S4,0.8275301335145384
7,cx30,2024-03-29 23:06:05+00:00,40.289498,-88.126458,-80.80627533583129,839.0,7.436607507983567,rs10,3.0179115553433085,28.42832723265265,25.41041567730934,1,3.0179115553433085,53.98282200888381,50.9649104535405,-78.92951005359993,negative_cross,toward_S4,0.9652450873660859
7,cx30,2024-03-29 23:06:06+00:00,40.289419,-88.126462,-72.01718531041713,840.0,8.789090025414154,rs10,6.512739850587202,29.548031360002422,23.03529150941522,1,6.512739850587202,45.2121077562903,38.6993679057031,-78.92951005359993,negative_cross,toward_S4,1.1280060137626444
7,cx30,2024-03-29 23:06:07+00:00,40.289343,-88.12646,-63.57080604300882,841.0,8.446379267408311,rs10,14.891731169888772,32.44873674868312,17.557005578794346,1,14.891731169888772,36.85486834995034,21.963137180061565,-78.92951005359993,negative_cross,toward_S4,1.284420444640576
7,cx30,2024-03-29 23:06:08+00:00,40.289266,-88.126457,-55.01477998434691,842.0,8.556026058661914,rs10,23.443078744934763,28.463048646789364,5.019969901854601,1,23.443078744934763,28.463048646789364,5.019969901854601,-78.92951005359993,negative_cross,toward_S4,1.4428653716528337
7,cx30,2024-03-29 23:06:09+00:00,40.289182,-88.126454,-45.680516090930574,843.0,9.334263893416335,rs7,19.47714222045318,32.7803608246275,13.303218604174319,2,19.47714222045318,32.7803608246275,13.303218604174319,-27.632700444717127,negative_cross,toward_S4,1.665781191736788
7,cx30,2024-03-29 23:06:10+00:00,40.289095,-88.126455,-36.00660152604209,844.0,9.673914564888484,rs7,10.63734786453127,29.80417736831729,19.16682950378602,2,10.63734786453127,42.437237895612235,31.799890031080963,-27.632700444717127,negative_cross,toward_S4,1.8449277577532415
7,cx30,2024-03-29 23:06:11+00:00,40.289001,-88.126459,-25.549858996203696,845.0,10.456742529838394,rs7,5.764015145506902,29.04552748614641,23.281512340639505,2,5.764015145506902,52.87087180372096,47.106856658214056,-27.632700444717127,negative_cross,toward_S4,2.038571137935434
7,cx30,2024-03-29 23:06:12+00:00,40.288902,-88.126471,-14.524991955988245,846.0,11.024867040215451,rs7,13.388746253880708,32.74800756608828,19.359261312207575,2,13.388746253880708,42.163765299756435,28.775019045875727,-27.632700444717127,negative_cross,toward_S4,2.242735342383868
7,cx30,2024-03-29 23:06:13+00:00,40.288805,-88.126491,-3.710238240171909,847.0,10.814753715816336,rs7,23.560906312322807,31.248459301157116,7.687552988834309,2,23.560906312322807,31.248459301157116,7.687552988834309,-27.632700444717127,negative_cross,toward_S4,2.44300855934343
7,cx30,2024-03-29 23:06:14+00:00,40.288708,-88.126514,7.109105605049959,848.0,10.819343845221868,rs5,20.286732886874447,34.19102455849074,13.904291671616292,3,20.286732886874447,34.19102455849074,13.904291671616292,26.33125891160298,negative_cross,toward_S4,2.644034198026796
7,cx30,2024-03-29 23:06:15+00:00,40.288614,-88.126531,17.585738691497774,849.0,10.476633086447816,rs5,9.781919150949744,36.57611509364742,26.794195942697673,3,9.781919150949744,44.63875083309838,34.85683168214864,26.33125891160298,negative_cross,toward_S4,2.8380459218499037
7,cx30,2024-03-29 23:06:16+00:00,40.288513,-88.126537,28.82377914187779,850.0,11.238040450380016,rs5,2.8298632518377858,36.13207426173025,33.30221100989247,3,2.8298632518377858,52.646129228387224,49.81626597654944,26.33125891160298,negative_cross,toward_S4,3.046157782042126
7,cx30,2024-03-29 23:06:17+00:00,40.288408,-88.12654,40.50193679847714,851.0,11.67815765659935,rs5,13.63715129499238,38.988303133407285,25.351151838414907,3,13.63715129499238,40.965197322108075,27.328046027115697,26.33125891160298,negative_cross,toward_S4,3.2624199608680398
7,cx30,2024-03-29 23:06:18+00:00,40.288301,-88.126543,52.402448121682255,852.0,11.900511323205116,rs5,25.45791263654997,29.062458762374302,3.6045461258243314,3,25.45791263654997,29.062458762374302,3.6045461258243314,26.33125891160298,negative_cross,toward_S4,3.4827998001866534
7,cx30,2024-03-29 23:06:19+00:00,40.288197,-88.126545,63.967898901284286,853.0,11.565450779602031,rs2,17.499018843052326,37.00143781383219,19.502418970779864,4,17.499018843052326,37.00143781383219,19.502418970779864,80.2309515867141,negative_cross,toward_S4,3.6988323576772255
7,cx30,2024-03-29 23:06:20+00:00,40.288099,-88.126546,74.86475863578387,854.0,10.896859734499586,rs2,6.6290959855423495,36.950748718208374,30.321652732666024,4,6.6290959855423495,47.89228238782659,41.26318640228424,80.2309515867141,negative_cross,toward_S4,3.900626056464255
7,cx30,2024-03-29 23:06:21+00:00,40.288003,-88.126544,85.53467457499687,855.0,10.669915939212999,rs2,4.230699001118941,36.93398411328661,32.70328511216767,4,4.230699001118941,58.57058206637661,54.339883065257666,80.2309515867141,negative_cross,toward_S4,4.098217092375607
7,cx30,2024-03-29 23:06:22+00:00,40.287926,-88.126532,94.07693024776857,856.0,8.542255672771702,rs2,12.832630929440093,38.27082298124315,25.438192051803057,4,12.832630929440093,67.16384442863792,54.33121349919782,80.2309515867141,negative_cross,toward_S4,4.256407012241749
7,cx30,2024-03-29 23:06:23+00:00,40.287874,-88.126493,99.7984539221481,857.0,5.721523674379526,rs2,19.213393971622466,37.96504248226985,18.751648510647385,4,19.213393971622466,73.13584264547701,53.92244867385455,80.2309515867141,negative_cross,toward_S4,4.362361154359889
7,cx30,2024-03-29 23:06:24+00:00,40.287843,-88.126438,103.16078340539426,858.0,3.3623294832461568,rs2,24.08385881624437,36.25506838082079,12.171209564576419,4,24.08385881624437,77.07303663587454,52.98917781963017,80.2309515867141,negative_cross,toward_S4,4.424626515160743
7,cx30,2024-03-29 23:06:25+00:00,40.287838,-88.126373,103.61721478663301,859.0,0.45643138123875815,rs2,27.30627744712484,32.687203835591035,5.380926388466193,4,27.30627744712484,78.5646173812393,51.25833993411446,80.2309515867141,negative_cross,ambiguous,4.433078948146647
7,cx30,2024-03-29 23:06:26+00:00,40.287854,-88.126309,101.74046270483518,860.0,-1.8767520817978323,rs1,27.865062252011572,29.445984384160358,1.5809221321487854,4,27.865062252011572,77.67229603789724,49.80723378588567,80.2309515867141,positive_cross,toward_S1,4.398324279965205
7,cx30,2024-03-29 23:06:27+00:00,40.287887,-88.126253,97.9859447957505,861.0,-3.754517909084683,rs1,22.15322554299411,30.83089109830946,8.67766555531535,4,22.15322554299411,73.1676845971972,51.01445905420309,80.2309515867141,positive_cross,toward_S1,4.328796170537711
7,cx30,2024-03-29 23:06:28+00:00,40.287932,-88.126212,92.92025552607235,862.0,-5.0656892696781455,rs1,16.0671757620298,31.56528318011409,15.498107418084288,4,16.0671757620298,67.71221899164658,51.645043229616775,80.2309515867141,positive_cross,toward_S1,4.234987109988116
7,cx30,2024-03-29 23:06:29+00:00,40.287992,-88.126198,86.22822490961886,863.0,-6.6920306164534935,rs1,10.037418817192503,30.84617079882594,20.80875198163344,4,10.037418817192503,60.943457815301734,50.90603899810923,80.2309515867141,positive_cross,toward_S1,4.111060617090829
7,cx30,2024-03-29 23:06:30+00:00,40.288056,-88.126189,79.09913717426964,864.0,-7.129087735349216,rs1,6.346404261757733,31.197600911731175,24.851196649973442,4,6.346404261757733,53.784806060019335,47.4384017982616,80.2309515867141,positive_cross,toward_S1,3.979040473843621
7,cx30,2024-03-29 23:06:31+00:00,40.288126,-88.126179,71.30145839379621,865.0,-7.797678780473433,rs1,9.558593576557945,33.39707400171993,23.838480425161983,4,9.558593576557945,45.95363373400252,36.395040157444576,80.2309515867141,positive_cross,toward_S1,3.834639014945965
7,cx30,2024-03-29 23:06:32+00:00,40.2882,-88.126175,63.0682525357625,866.0,-8.233205858033713,rs1,16.858569187142805,36.91321091606992,20.054641728927116,4,16.858569187142805,37.749961055138144,20.89139186799534,80.2309515867141,positive_cross,toward_S1,3.6821722397971923
7,cx30,2024-03-29 23:06:33+00:00,40.288277,-88.126173,54.50457626350951,867.0,-8.563676272252984,rs1,25.114863654667168,29.265833443701734,4.150969789034566,4,25.114863654667168,29.265833443701734,4.150969789034566,80.2309515867141,positive_cross,toward_S1,3.523585642162878
7,cx30,2024-03-29 23:06:34+00:00,40.288358,-88.126173,45.499252742187075,868.0,-9.005323521322438,rs3,20.4592789360307,33.991807001021044,13.532528064990345,3,20.4592789360307,33.991807001021044,13.532528064990345,26.33125891160298,positive_cross,toward_S1,3.3549628487145204
7,cx30,2024-03-29 23:06:35+00:00,40.28844,-88.126172,36.38122234467903,869.0,-9.118030397508043,rs3,11.821826658063053,34.5913081987623,22.769481540699246,3,11.821826658063053,43.02467398083539,31.202847322772335,26.33125891160298,positive_cross,toward_S1,3.186110433945853
7,cx30,2024-03-29 23:06:36+00:00,40.288528,-88.126166,26.588480731327543,870.0,-9.792741613351488,rs3,4.6504851611315425,33.64069334579529,28.99020818466375,3,4.6504851611315425,52.71572151831157,48.06523635718003,26.33125891160298,positive_cross,toward_S1,3.0047633670319365
7,cx30,2024-03-29 23:06:37+00:00,40.288624,-88.126159,15.904794406224335,871.0,-10.683686325103208,rs3,10.562645331896332,35.814716906299005,25.25207157440267,3,10.562645331896332,44.2298144569532,33.667169125056866,26.33125891160298,positive_cross,toward_S1,2.8069173239744694
7,cx30,2024-03-29 23:06:38+00:00,40.288725,-88.126152,4.665223912972464,872.0,-11.239570493251872,rs3,21.291257686762965,32.985634795583216,11.694377108820252,3,21.291257686762965,32.985634795583216,11.694377108820252,26.33125891160298,positive_cross,toward_S1,2.5987771296549904
7,cx30,2024-03-29 23:06:39+00:00,40.28883,-88.126156,-7.002223442712183,873.0,-11.667447355684647,rs6,21.4266335534888,32.911019480979064,11.484385927490266,2,21.4266335534888,32.911019480979064,11.484385927490266,-27.632700444717127,positive_cross,toward_S1,2.382045870407499
7,cx30,2024-03-29 23:06:40+00:00,40.288941,-88.126162,-19.333671714883735,874.0,-12.331448272171553,rs6,9.601224605564472,31.830024304884386,22.228799699319914,2,9.601224605564472,45.24438639540939,35.643161789844925,-27.632700444717127,positive_cross,toward_S1,2.153685717219137
7,cx30,2024-03-29 23:06:41+00:00,40.289058,-88.126166,-32.33524107347146,875.0,-13.001569358587723,rs6,5.861092715157627,30.767862665681363,24.90676995052374,2,5.861092715157627,47.27478905969709,41.41369634453947,-27.632700444717127,positive_cross,toward_S1,1.912915914282327
7,cx30,2024-03-29 23:06:42+00:00,40.28917,-88.126164,-44.79010652195337,876.0,-12.454865448481911,rs6,17.098807005082246,34.849346177363955,17.75053917228171,2,17.098807005082246,34.849346177363955,17.75053917228171,-27.632700444717127,positive_cross,toward_S1,1.6822702578289586
7,cx30,2024-03-29 23:06:43+00:00,40.289276,-88.12616,-56.58097105473832,877.0,-11.790864532784951,rs8,23.097767618074997,28.6561426597041,5.558375041629102,1,23.097767618074997,28.6561426597041,5.558375041629102,-78.92951005359993,positive_cross,toward_S1,1.413861833312252
7,cx30,2024-03-29 23:06:44+00:00,40.289371,-88.126158,-67.14583033214674,878.0,-10.564859277408424,rs8,12.664755223666832,29.63715802005477,16.97240279638794,1,12.664755223666832,39.146305339075454,26.481550115408623,-78.92951005359993,positive_cross,toward_S1,1.2182162911380219
7,cx30,2024-03-29 23:06:45+00:00,40.289459,-88.126157,-76.93092173111721,879.0,-9.785091398970465,rs8,3.802773526318485,27.385262265711148,23.582488739392662,1,3.802773526318485,48.89826760858868,45.0954940822702,-78.92951005359993,positive_cross,toward_S1,1.037010894860791
7,cx30,2024-03-29 23:06:46+00:00,40.289537,-88.126161,-85.596594580221,880.0,-8.665672849103785,rs8,6.911175305390895,27.817076410612014,20.90590110522112,1,6.911175305390895,57.57738866402952,50.66621335863863,-78.92951005359993,positive_cross,toward_S1,0.8765354717292395
7,cx30,2024-03-29 23:06:47+00:00,40.289598,-88.126171,-92.36308100018677,881.0,-6.766486419965773,rs8,13.5357028977189,29.439404089598607,15.903701191879707,1,13.5357028977189,64.40388769918732,50.86818480146842,-78.92951005359993,positive_cross,toward_S1,0.7512301676557993
7,cx30,2024-03-29 23:06:48+00:00,40.289645,-88.12621,-97.5287205072076,882.0,-5.165639507020828,rs8,19.576364722516075,29.559838058661168,9.983473336145092,1,19.576364722516075,69.91288585170076,50.33652112918469,-78.92951005359993,positive_cross,toward_S1,0.6555701767850433
7,cx30,2024-03-29 23:06:49+00:00,40.289674,-88.126263,-100.67175640880174,883.0,-3.1430359015941463,rs8,24.43119253670492,28.641777288589765,4.210584751884845,1,24.43119253670492,73.73676269595414,49.30557015924922,-78.92951005359993,positive_cross,toward_S1,0.5973658082370035
7,cx30,2024-03-29 23:06:50+00:00,40.289672,-88.126324,-100.35607012675173,884.0,0.3156862820500095,rs10,25.45007859302132,27.1408061128743,1.690727519852981,1,25.45007859302132,74.56063297245969,49.11055437943837,-78.92951005359993,negative_cross,ambiguous,0.6032118504971888
7,cx30,2024-03-29 23:06:51+00:00,40.289649,-88.12638,-97.71332055238446,885.0,2.642749574367272,rs10,20.985274897433683,28.619282383530784,7.634007486097101,1,20.985274897433683,71.53948194174123,50.554207044307546,-78.92951005359993,negative_cross,toward_S4,0.652151657429916
7,cx30,2024-03-29 23:06:52+00:00,40.289605,-88.126422,-92.75727807393817,886.0,4.956042478446292,rs10,15.130715137885812,28.787438736925367,13.656723599039555,1,15.130715137885812,66.16193954834486,51.031224410459046,-78.92951005359993,negative_cross,toward_S4,0.7439302218455881
7,cx30,2024-03-29 23:06:53+00:00,40.289544,-88.126438,-85.95101053842721,887.0,6.806267535510955,rs10,8.314858454345728,27.556882290885547,19.24202383653982,1,8.314858454345728,59.25944030229208,50.94458184794635,-78.92951005359993,negative_cross,toward_S4,0.8699722132439391
7,cx30,2024-03-29 23:06:54+00:00,40.289477,-88.126446,-78.48992234442869,888.0,7.4610881939985205,rs10,2.8015756656141133,27.358276088402665,24.556700422788552,1,2.8015756656141133,51.78110536701387,48.979529701399755,-78.92951005359993,negative_cross,toward_S4,1.0081405131328007
7,cx30,2024-03-29 23:06:55+00:00,40.289406,-88.126452,-70.58718690215069,889.0,7.902735442278001,rs10,8.126509626568344,29.109783392306447,20.983273765738105,1,8.126509626568344,43.88692996966351,35.76042034309517,-78.92951005359993,negative_cross,toward_S4,1.1544874657675783
7,cx30,2024-03-29 23:06:56+00:00,40.289326,-88.126451,-61.694570257803804,890.0,8.892616644346887,rs10,16.863240293937135,32.739506289676186,15.87626599573905,1,16.863240293937135,35.11313691832817,18.249896624391038,-78.92951005359993,negative_cross,toward_S4,1.3191655517740024
7,cx30,2024-03-29 23:06:57+00:00,40.289243,-88.126445,-52.476073326316794,891.0,9.21849693148701,rs10,26.08683968085569,26.204664036282995,0.11782435542730596,1,26.08683968085569,26.204664036282995,0.11782435542730596,-78.92951005359993,negative_cross,toward_S4,1.4898784579126505
7,cx30,2024-03-29 23:06:58+00:00,40.289154,-88.126441,-42.587455308413624,892.0,9.88861801790317,rs7,16.96888620076613,31.203563514894803,14.234677314128675,2,16.96888620076613,35.970777515070054,19.001891314303926,-27.632700444717127,negative_cross,toward_S4,1.7230600951167316
7,cx30,2024-03-29 23:06:59+00:00,40.289058,-88.126439,-31.917539368388915,893.0,10.669915940024708,rs7,8.656308082295421,27.587239608731835,18.930931526436414,2,8.656308082295421,46.6273996811302,37.971091598834775,-27.632700444717127,negative_cross,toward_S4,1.920651131043115
7,cx30,2024-03-29 23:07:00+00:00,40.288963,-88.126443,-21.34962000602673,894.0,10.567919362362186,rs7,9.023161283454709,28.336383271763513,19.313221988308804,2,9.023161283454709,49.2819335924875,40.25877230903279,-27.632700444717127,negative_cross,toward_S4,2.1163533414572298
7,cx30,2024-03-29 23:07:01+00:00,40.288873,-88.126453,-11.328404553748616,895.0,10.021215452278113,rs7,16.944139411274804,32.84121896689087,15.897079555616067,2,16.944139411274804,39.3303609103646,22.386221499089793,-27.632700444717127,negative_cross,toward_S4,2.3019314053883058
7,cx30,2024-03-29 23:07:02+00:00,40.288784,-88.126472,-1.4045955488940423,896.0,9.923809004854574,rs7,26.106514336881936,29.340725957111758,3.2342116202298214,2,26.106514336881936,29.340725957111758,3.2342116202298214,-27.632700444717127,negative_cross,toward_S4,2.485705646218946
7,cx30,2024-03-29 23:07:03+00:00,40.288695,-88.126492,8.520743498810646,897.0,9.925339047704687,rs5,19.36595481124942,35.73104203131074,16.365087220061323,3,19.36595481124942,35.73104203131074,16.365087220061323,26.33125891160298,negative_cross,toward_S4,2.6701756405038455
7,cx30,2024-03-29 23:07:04+00:00,40.288607,-88.126512,18.33490571243337,898.0,9.814162213622723,rs5,9.636110092634668,34.82743271011292,25.191322617478257,3,9.636110092634668,45.425704215822016,35.78959412318735,26.33125891160298,negative_cross,toward_S4,2.8519193852005627
7,cx30,2024-03-29 23:07:05+00:00,40.288519,-88.126524,28.136827583037743,899.0,9.801921870604374,rs5,3.4652367339207792,34.98956307490581,31.52432634098503,3,3.4652367339207792,53.35809123454354,49.89285450062276,26.33125891160298,negative_cross,toward_S4,3.0334364568784213
7,cx30,2024-03-29 23:07:06+00:00,40.288426,-88.126526,38.479333193028715,900.0,10.342505609990972,rs5,11.910437940794077,37.17895352916877,25.268515588374697,3,11.910437940794077,43.02035737194176,31.109919431147688,26.33125891160298,negative_cross,toward_S4,3.224964338544921
7,cx30,2024-03-29 23:07:07+00:00,40.288334,-88.126527,48.70913192683409,901.0,10.229798733805374,rs5,21.94133837280008,32.804708419132695,10.863370046332616,3,21.94133837280008,32.804708419132695,10.863370046332616,26.33125891160298,negative_cross,toward_S4,3.414405055837613
7,cx30,2024-03-29 23:07:08+00:00,40.288241,-88.126526,59.04704740820948,902.0,10.33791548137539,rs2,22.51293367548873,32.226812502088215,9.713878826599487,4,22.51293367548873,32.226812502088215,9.713878826599487,80.2309515867141,negative_cross,toward_S4,3.6077054781758404
7,cx30,2024-03-29 23:07:09+00:00,40.288148,-88.126526,69.38649293245672,903.0,10.339445524247239,rs2,12.2917882356384,36.41571473875239,24.123926503113992,4,12.2917882356384,42.53460954706565,30.24282131142725,80.2309515867141,negative_cross,toward_S4,3.7991766915878262
7,cx30,2024-03-29 23:07:10+00:00,40.288061,-88.126526,79.05887745524157,904.0,9.672384522784853,rs2,3.4683878071892082,34.94364999190281,31.4752621847136,4,3.4683878071892082,52.19037596103632,48.72198815384711,80.2309515867141,negative_cross,toward_S4,3.9782949234912497
7,cx30,2024-03-29 23:07:11+00:00,40.287987,-88.126525,87.28443309812607,905.0,8.225555642884501,rs2,6.448442414593459,35.68164416916279,29.23320175456933,4,6.448442414593459,60.41300626797931,53.964563853385854,80.2309515867141,negative_cross,toward_S4,4.130620027989111
7,cx30,2024-03-29 23:07:12+00:00,40.28793,-88.126524,93.61998256993705,906.0,6.335549471810978,rs2,12.523500652038946,37.47475912913921,24.95125847710026,4,12.523500652038946,66.74904297790481,54.22554232586586,80.2309515867141,negative_cross,toward_S4,4.247945018207832
7,cx30,2024-03-29 23:07:13+00:00,40.287882,-88.126496,98.91362938190555,907.0,5.2936468119685,rs2,18.287901149765677,37.717313848402554,19.429412698636877,4,18.287901149765677,72.22863616676824,53.94073501700257,80.2309515867141,negative_cross,toward_S4,4.345975514725768
7,cx30,2024-03-29 23:07:14+00:00,40.287851,-88.126456,102.29890950829478,908.0,3.385280126389233,rs2,22.66222976864282,36.86954509311331,14.207315324470489,4,22.66222976864282,75.99504618844001,53.3328164197972,80.2309515867141,negative_cross,toward_S4,4.40866588743668
7,cx30,2024-03-29 23:07:15+00:00,40.287834,-88.126399,104.10170323624493,909.0,1.8027937279501458,rs2,26.497938132327167,34.52445168053779,8.02651354821062,4,26.497938132327167,78.58090015667148,52.08296202434431,80.2309515867141,negative_cross,toward_S4,4.4420509564727935
7,cx30,2024-03-29 23:07:16+00:00,40.287837,-88.126337,103.67331007642943,910.0,-0.4283931598154993,rs2,29.238145599252253,30.806614875946835,1.5684692766945822,4,29.238145599252253,79.35403748184604,50.115891882593786,80.2309515867141,negative_cross,ambiguous,4.434117749809543
7,cx30,2024-03-29 23:07:17+00:00,40.287862,-88.126286,100.81585705058384,911.0,-2.8574530258455866,rs1,26.012161105900066,30.276903959625873,4.2647428537258065,4,26.012161105900066,76.40303407818648,50.39087297228642,80.2309515867141,positive_cross,toward_S1,4.3812019530346245
7,cx30,2024-03-29 23:07:18+00:00,40.287903,-88.126237,96.1826347719758,912.0,-4.633222278608045,rs1,19.92529073622218,31.061919566353616,11.136628830131436,4,19.92529073622218,71.1980299590323,51.27273922281012,80.2309515867141,positive_cross,toward_S1,4.295401540467809
7,cx30,2024-03-29 23:07:19+00:00,40.287963,-88.126206,89.46459342740371,913.0,-6.718041344572086,rs1,12.921822213452366,30.910793131228207,17.98897091777584,4,12.921822213452366,64.2276519491567,51.30582973570433,80.2309515867141,positive_cross,toward_S1,4.170993367420178
7,cx30,2024-03-29 23:07:20+00:00,40.288029,-88.126192,82.1055018094878,914.0,-7.359091617915908,rs1,7.238134197106292,30.915419834599177,23.677285637492886,4,7.238134197106292,56.79674245433622,49.55860825722993,80.2309515867141,positive_cross,toward_S1,4.034713893014328
7,cx30,2024-03-29 23:07:21+00:00,40.288094,-88.12618,74.86064711141931,915.0,-7.244854698068494,rs1,7.022400303242715,32.47215041738255,25.449750114139835,4,7.022400303242715,49.497439115029145,42.47503881178643,80.2309515867141,positive_cross,toward_S1,3.9005499171241707
7,cx30,2024-03-29 23:07:22+00:00,40.288163,-88.126171,67.17567520792146,916.0,-7.684971903497853,rs1,12.870831941760187,35.426206887994006,22.55537494623382,4,12.870831941760187,41.786296359003046,28.91546441724286,80.2309515867141,positive_cross,toward_S1,3.758235622614951
7,cx30,2024-03-29 23:07:23+00:00,40.288238,-88.126168,58.832822559445844,917.0,-8.342852648475613,rs1,20.783995362750233,33.48184716089708,12.69785179814685,4,20.783995362750233,33.48184716089708,12.69785179814685,80.2309515867141,positive_cross,toward_S1,3.6037383513468844
7,cx30,2024-03-29 23:07:24+00:00,40.288317,-88.126164,50.04373253403169,918.0,-8.789090025414154,rs3,24.751866567354284,29.368966010546945,4.617099443192661,3,24.751866567354284,29.368966010546945,4.617099443192661,26.33125891160298,positive_cross,toward_S1,3.439119881896828
7,cx30,2024-03-29 23:07:25+00:00,40.288403,-88.126159,40.474874630179556,919.0,-9.568857903852134,rs3,15.316726129124296,37.00865839665506,21.69193226753076,3,15.316726129124296,38.81546261969269,23.49873649056839,26.33125891160298,positive_cross,toward_S1,3.26191880960327
7,cx30,2024-03-29 23:07:26+00:00,40.288493,-88.126155,30.46283943515433,920.0,-10.012035195025227,rs3,6.005064585567346,34.80986188161592,28.804797296048577,3,6.005064585567346,48.76230415047428,42.75723956490693,26.33125891160298,positive_cross,toward_S1,3.076510750436136
7,cx30,2024-03-29 23:07:27+00:00,40.288587,-88.12615,20.004566863212286,921.0,-10.458272571942043,rs3,6.516368540616665,35.579370985401226,29.063002444784562,3,6.516368540616665,48.28381124430855,41.767442703691884,26.33125891160298,positive_cross,toward_S1,2.882839036140913
7,cx30,2024-03-29 23:07:28+00:00,40.288681,-88.126147,9.54935437703571,922.0,-10.455212486176576,rs3,16.395855002046684,37.83254002396363,21.436685021916947,3,16.395855002046684,37.83254002396363,21.436685021916947,26.33125891160298,positive_cross,toward_S1,2.689223990100606
7,cx30,2024-03-29 23:07:29+00:00,40.288776,-88.126149,-1.0093847288852884,923.0,-10.558739105921,rs3,26.876292954513257,27.31394806145806,0.4376551069448027,3,26.876292954513257,27.31394806145806,0.4376551069448027,26.33125891160298,positive_cross,toward_S1,2.4936917844354025
7,cx30,2024-03-29 23:07:30+00:00,40.28887,-88.126157,-11.447766744217907,924.0,-10.438382015332618,rs6,17.059164505967352,35.104118320320985,18.044953814353633,2,17.059164505967352,37.343540344175,20.284375838207644,-27.632700444717127,positive_cross,toward_S1,2.2997209944536894
7,cx30,2024-03-29 23:07:31+00:00,40.28896,-88.126163,-21.44450151048107,925.0,-9.996734766263165,rs6,7.743982801013809,31.26465135201438,23.52066855100057,2,7.743982801013809,47.35650939049307,39.612526589479266,-27.632700444717127,positive_cross,toward_S1,2.114596276559927
7,cx30,2024-03-29 23:07:32+00:00,40.28905,-88.126164,-31.44888649112527,926.0,-10.004384980644197,rs6,5.13194005817021,30.811467304729216,25.679527246559005,2,5.13194005817021,48.14969083291471,43.0177507747445,-27.632700444717127,positive_cross,toward_S1,1.929329888029479
7,cx30,2024-03-29 23:07:33+00:00,40.289139,-88.126159,-41.35127489491864,927.0,-9.90238840379337,rs6,13.651070234635128,33.90967678340724,20.258606548772114,2,13.651070234635128,38.24649843997795,24.59542820534282,-27.632700444717127,positive_cross,toward_S1,1.7459523249962683
7,cx30,2024-03-29 23:07:34+00:00,40.28923,-88.126153,-51.477547009791294,928.0,-10.126272114872656,rs6,23.50571100944157,28.117650836108623,4.611939826667054,2,23.50571100944157,28.117650836108623,4.611939826667054,-27.632700444717127,positive_cross,toward_S1,1.5584287673134414
7,cx30,2024-03-29 23:07:35+00:00,40.289322,-88.12615,-61.71040582857216,929.0,-10.23285881878087,rs8,17.914542692423357,32.75542143015931,14.840878737735952,1,17.914542692423357,33.658304633440395,15.743761941017038,-78.92951005359993,positive_cross,toward_S1,1.318872300463477
7,cx30,2024-03-29 23:07:36+00:00,40.289414,-88.126152,-71.93561443374023,930.0,-10.225208605168064,rs8,7.91673184241351,28.590251404470578,20.673519562057066,1,7.91673184241351,43.87586638696223,35.95913454454872,-78.92951005359993,positive_cross,toward_S1,1.1295165855529574
7,cx30,2024-03-29 23:07:37+00:00,40.289496,-88.12616,-81.03987444537981,931.0,-9.104260011639582,rs8,3.468692922361031,27.154958540851528,23.686265618490495,1,3.468692922361031,53.02142168660371,49.55272876424268,-78.92951005359993,positive_cross,toward_S1,0.9609191779300021
7,cx30,2024-03-29 23:07:38+00:00,40.289563,-88.126173,-88.46883173898232,932.0,-7.428957293602508,rs8,9.956682082832526,27.70252826051584,17.745846177683315,1,9.956682082832526,60.534168537473164,50.577486454640635,-78.92951005359993,positive_cross,toward_S1,0.8233458947151409
7,cx30,2024-03-29 23:07:39+00:00,40.289624,-88.126213,-95.18941687345183,933.0,-6.720585134469516,rs8,17.541045781839824,27.927179821194635,10.386134039354811,1,17.541045781839824,67.62236367184026,50.081317890000435,-78.92951005359993,positive_cross,toward_S1,0.6988906144471869
7,cx30,2024-03-29 23:07:40+00:00,40.289659,-88.12627,-98.99339360499923,934.0,-3.803976731547394,rs8,23.296661699837966,26.986517481025192,3.6898557811872266,1,23.296661699837966,72.19641733134009,48.89975563150212,-78.92951005359993,positive_cross,toward_S1,0.6284466009000129
7,cx30,2024-03-29 23:07:41+00:00,40.28966,-88.126335,-99.00511765140305,935.0,-0.011724046403827515,rs10,23.825372725090283,26.73085371560608,2.905480990515798,1,23.825372725090283,73.48419530931079,49.65882258422051,-78.92951005359993,negative_cross,ambiguous,0.6282294889295716
7,cx30,2024-03-29 23:07:42+00:00,40.289638,-88.126393,-96.47048482539573,936.0,2.534632826007325,rs10,19.429595958103643,28.709858593192255,9.280262635088611,1,19.429595958103643,70.15077678774753,50.721180829643885,-78.92951005359993,negative_cross,toward_S4,0.6751671338556333
7,cx30,2024-03-29 23:07:43+00:00,40.289592,-88.126439,-91.28596850802283,937.0,5.184516317372896,rs10,13.330354933054865,29.43279855094242,16.102443617887552,1,13.330354933054865,64.55119873142894,51.22084379837408,-78.92951005359993,negative_cross,toward_S4,0.7711766952884647
7,cx30,2024-03-29 23:07:44+00:00,40.289528,-88.126451,-84.15229064326809,938.0,7.133677864754745,rs10,6.24234052816952,28.248580441832065,22.006239913662544,1,6.24234052816952,57.36384654081659,51.12150601264707,-78.92951005359993,negative_cross,toward_S4,0.9032818409320711
7,cx30,2024-03-29 23:07:45+00:00,40.289456,-88.126446,-76.15520883931026,939.0,7.997081803957826,rs10,3.5828670804931733,27.503187086576457,23.920320006083283,1,3.5828670804931733,49.465561928189366,45.88269484769619,-78.92951005359993,negative_cross,toward_S4,1.0513759484127716
7,cx30,2024-03-29 23:07:46+00:00,40.289377,-88.126445,-67.37376902827712,940.0,8.781439811033138,rs10,11.393738401175222,29.655212532585722,18.261474131410502,1,11.393738401175222,40.78927060236533,29.395532201190107,-78.92951005359993,negative_cross,toward_S4,1.2139952041726445
7,cx30,2024-03-29 23:07:47+00:00,40.289288,-88.126445,-57.47903083807482,941.0,9.894738190202304,rs10,21.11960208917105,31.06865469148166,9.949052602310612,1,21.11960208917105,31.06865469148166,9.949052602310612,-78.92951005359993,negative_cross,toward_S4,1.3972310965837984
7,cx30,2024-03-29 23:07:48+00:00,40.289193,-88.126444,-46.91876168928197,942.0,10.560269148792848,rs7,20.906148728114346,31.627885178699493,10.721736450585148,2,20.906148728114346,31.627885178699493,10.721736450585148,-27.632700444717127,negative_cross,toward_S4,1.6428507176932436
7,cx30,2024-03-29 23:07:49+00:00,40.288991,-88.126449,-24.453391089458393,943.0,22.46537059982358,rs7,6.936855433249653,28.30636029075082,21.36950485750117,2,6.936855433249653,52.23734030826349,45.30048487501384,-27.632700444717127,negative_cross,toward_S4,2.058876099171458
7,cx30,2024-03-29 23:07:50+00:00,40.288891,-88.126461,-13.317347215117495,944.0,11.136043874340897,rs7,14.831903175205,32.49609549753071,17.66419232232571,2,14.831903175205,41.131044321365884,26.299141146160885,-27.632700444717127,negative_cross,toward_S4,2.2650991338814745
7,cx30,2024-03-29 23:07:51+00:00,40.288791,-88.126478,-2.1736531272072703,945.0,11.143694087910225,rs7,25.255435699541042,29.967021656546006,4.711585957004964,2,25.255435699541042,29.967021656546006,4.711585957004964,-27.632700444717127,negative_cross,toward_S4,2.4714638392131456
7,cx30,2024-03-29 23:07:52+00:00,40.288692,-88.126501,8.868044385432052,946.0,11.041697512639322,rs5,18.823065181386028,36.01377291719269,17.19070773580666,3,18.823065181386028,36.01377291719269,17.19070773580666,26.33125891160298,negative_cross,toward_S4,2.676607138404242
7,cx30,2024-03-29 23:07:53+00:00,40.288593,-88.126517,19.899031597156675,947.0,11.030987211724623,rs5,8.058773023749742,34.92477562552793,26.866002601778185,3,8.058773023749742,46.97496765038332,38.916194626633576,26.33125891160298,negative_cross,toward_S4,2.8808846793621057
7,cx30,2024-03-29 23:07:54+00:00,40.288492,-88.126528,31.14472226189598,948.0,11.245690664739303,rs5,5.086486358986617,35.61565719294517,30.529170833958553,3,5.086486358986617,50.34191461404232,45.2554282550557,26.33125891160298,negative_cross,toward_S4,3.0891382101906113
7,cx30,2024-03-29 23:07:55+00:00,40.288387,-88.126534,42.82747004634268,949.0,11.682747784446704,rs5,16.022144870532497,38.65217013253299,22.63002526200049,3,16.022144870532497,38.65217013253299,22.63002526200049,26.33125891160298,negative_cross,toward_S4,3.3054853913840687
7,cx30,2024-03-29 23:07:56+00:00,40.288279,-88.126538,54.840688245733396,950.0,12.013218199390714,rs2,26.63851989102215,27.928538846436137,1.2900189554139878,4,26.63851989102215,27.928538846436137,1.2900189554139878,80.2309515867141,negative_cross,toward_S4,3.5298099381299872
7,cx30,2024-03-29 23:07:57+00:00,40.288169,-88.126534,67.06401976956668,951.0,12.223331523833288,rs2,14.481225597066059,37.781055184416275,23.299829587350217,4,14.481225597066059,40.15883723267925,25.67761163561319,80.2309515867141,negative_cross,toward_S4,3.756167929312085
7,cx30,2024-03-29 23:07:58+00:00,40.288068,-88.126528,78.28369970541918,952.0,11.219679935852497,rs2,3.930965110664507,35.13500826404596,31.204043153381452,4,3.930965110664507,51.40324238672102,47.47227727605651,80.2309515867141,negative_cross,toward_S4,3.96393977997602
7,cx30,2024-03-29 23:07:59+00:00,40.287983,-88.126524,87.72761039008911,953.0,9.44391068466993,rs2,6.889907735642253,35.69691776124413,28.807010025601876,4,6.889907735642253,60.86179335329365,53.971885617651395,80.2309515867141,negative_cross,toward_S4,4.138827014877315
7,cx30,2024-03-29 23:08:00+00:00,40.287919,-88.126512,94.82456722504233,954.0,7.096956834953218,rs2,13.958102351091028,37.017621782507355,23.059519431416327,4,13.958102351091028,68.02762266616688,54.06952031507585,80.2309515867141,negative_cross,toward_S4,4.270252141450523
7,cx30,2024-03-29 23:08:01+00:00,40.287877,-88.126467,99.42514230666163,955.0,4.600575081619297,rs2,19.632557879291124,35.93106950724415,16.29851162795303,4,19.632557879291124,73.01503426426547,53.38247638497434,80.2309515867141,negative_cross,toward_S4,4.355447976295324
7,cx30,2024-03-29 23:08:02+00:00,40.287854,-88.126407,101.89040690664686,956.0,2.4652645999852325,rs2,24.2397553601395,33.47297750845131,9.233222148311807,4,24.2397553601395,76.2719859904939,52.032230630354405,80.2309515867141,negative_cross,toward_S4,4.401101024443199
7,cx30,2024-03-29 23:08:03+00:00,40.287849,-88.126338,102.34071811637644,957.0,0.45031120972957694,rs2,28.164873564986497,29.817935795984873,1.6530622309983762,4,28.164873564986497,78.03860624504911,49.873732680062616,80.2309515867141,negative_cross,ambiguous,4.4094401209196725
7,cx30,2024-03-29 23:08:04+00:00,40.287873,-88.126276,99.57761145223245,958.0,-2.76310666414399,rs1,24.52338065498281,30.15584633760071,5.632465682617902,4,24.52338065498281,75.04116837420229,50.51778771921948,80.2309515867141,positive_cross,toward_S1,4.358271478991081
7,cx30,2024-03-29 23:08:05+00:00,40.28792,-88.126224,94.27273804350294,959.0,-5.304873408729506,rs1,17.736865473648326,31.17329036770587,13.436424894057545,4,17.736865473648326,69.1689142579072,51.43204878425888,80.2309515867141,positive_cross,toward_S1,4.260033082533127
7,cx30,2024-03-29 23:08:06+00:00,40.287982,-88.126198,87.33999324591619,960.0,-6.93274479758675,rs1,10.85117271124726,31.05761137256288,20.206438661315623,4,10.85117271124726,62.04790024233135,51.19672753108409,80.2309515867141,positive_cross,toward_S1,4.131648919614854
7,cx30,2024-03-29 23:08:07+00:00,40.288051,-88.126187,79.65196125588463,961.0,-7.688031990031561,rs1,6.198711947001778,31.34018043609301,25.14146848909123,4,6.198711947001778,54.31679596538138,48.118084018379605,80.2309515867141,positive_cross,toward_S1,3.9892779568364913
7,cx30,2024-03-29 23:08:08+00:00,40.288124,-88.126178,71.52228201755185,962.0,-8.129679238332784,rs1,9.328004366242194,33.41541071199193,24.087406345749738,4,9.328004366242194,46.16405918847823,36.836054822236036,80.2309515867141,positive_cross,toward_S1,3.83872834131181
7,cx30,2024-03-29 23:08:10+00:00,40.288289,-88.126162,53.153623788950775,964.0,-9.184329114300535,rs1,26.264108317490802,27.795915270181872,1.5318069526910705,4,26.264108317490802,27.795915270181872,1.5318069526910705,80.2309515867141,positive_cross,toward_S1,3.498568003745124
7,cx30,2024-03-29 23:08:12+00:00,40.288381,-88.12616,42.92229501227355,966.0,-5.115664388338612,rs3,17.710664130652276,36.38999493930677,18.67933080865449,3,17.710664130652276,36.38999493930677,18.67933080865449,26.33125891160298,positive_cross,toward_S1,3.3072414092716773
7,cx30,2024-03-29 23:08:13+00:00,40.288478,-88.126159,32.136612111109486,967.0,-10.785682901164066,rs3,7.5751712600193875,34.708330698913144,27.133159438893756,3,7.5751712600193875,47.12442590467834,39.54925464465895,26.33125891160298,positive_cross,toward_S1,3.107506540731602
7,cx30,2024-03-29 23:08:14+00:00,40.288582,-88.126159,20.574221417251156,968.0,-11.56239069385833,rs3,6.476404391975696,34.730539222464756,28.25413483048906,3,6.476404391975696,48.88797440542503,42.41157001344933,26.33125891160298,positive_cross,toward_S1,2.8933881945490403
7,cx30,2024-03-29 23:08:15+00:00,40.288692,-88.126159,8.344769721930417,969.0,-12.229451695320739,rs3,17.7998330952909,36.69522679551086,18.895393700219962,3,17.7998330952909,36.69522679551086,18.895393700219962,26.33125891160298,positive_cross,toward_S1,2.6669168668579157
7,cx30,2024-03-29 23:08:16+00:00,40.288806,-88.126159,-4.32938930822523,970.0,-12.674159030155646,rs6,24.104222580879924,30.292471176200074,6.18824859532015,2,24.104222580879924,30.292471176200074,6.18824859532015,-27.632700444717127,positive_cross,toward_S1,2.4315427988239238
7,cx30,2024-03-29 23:08:17+00:00,40.288927,-88.126159,-17.781786173157037,971.0,-13.452396864931806,rs6,10.966281409833396,32.51192190138714,21.545640491553744,2,10.966281409833396,43.670386643469534,32.70410523363614,-27.632700444717127,positive_cross,toward_S1,2.1824243383622237
7,cx30,2024-03-29 23:08:18+00:00,40.289047,-88.126159,-31.123006203985135,972.0,-13.341220030828097,rs6,4.592490720434307,31.19290777598183,26.600417055547524,2,4.592490720434307,48.4543858571631,43.8618951367288,-27.632700444717127,positive_cross,toward_S1,1.9353647081617036
7,cx30,2024-03-29 23:08:19+00:00,40.289163,-88.126163,-44.01339873004907,973.0,-12.890392526063934,rs6,16.3218916696165,34.77824804089977,18.456356371283267,2,16.3218916696165,35.61617473854032,19.29428306892382,-27.632700444717127,positive_cross,toward_S1,1.6966537354568159
7,cx30,2024-03-29 23:08:20+00:00,40.289268,-88.126169,-55.67778599996826,974.0,-11.664387269919189,rs8,24.090125675647624,27.88277900162564,3.7926533259780157,1,24.090125675647624,27.88277900162564,3.7926533259780157,-78.92951005359993,positive_cross,toward_S1,1.4305874824746605
7,cx30,2024-03-29 23:08:21+00:00,40.289369,-88.126172,-66.90205606447982,975.0,-11.224270064511565,rs8,13.201234778634788,28.64131873088541,15.440083952250621,1,13.201234778634788,39.04723659843648,25.84600181980169,-78.92951005359993,positive_cross,toward_S1,1.2227306294281501
7,cx30,2024-03-29 23:08:22+00:00,40.289452,-88.126173,-76.12820320955788,976.0,-9.226147145078059,rs8,5.343438595000928,26.09968057186401,20.75624197686308,1,5.343438595000928,48.2348453233364,42.891406728335475,-78.92951005359993,positive_cross,toward_S1,1.0518760526674453
7,cx30,2024-03-29 23:08:23+00:00,40.289511,-88.126174,-82.68610634876457,977.0,-6.557903139206687,rs8,5.369613904983047,26.16634576505162,20.796731860068572,1,5.369613904983047,54.777047784691554,49.407433879708506,-78.92951005359993,positive_cross,toward_S1,0.9304334019413956
7,cx30,2024-03-29 23:08:24+00:00,40.289563,-88.12618,-88.45812143883583,978.0,-5.772015090071264,rs8,10.2208842297502,27.146746901310944,16.925862671560743,1,10.2208842297502,60.58317590482823,50.36229167507803,-78.92951005359993,positive_cross,toward_S1,0.8235442336067424
7,cx30,2024-03-29 23:08:25+00:00,40.289602,-88.126211,-92.74658661999514,979.0,-4.28846518115931,rs8,15.288100009097768,26.703846350862857,11.41574634176509,1,15.288100009097768,65.17278452049209,49.88468451139432,-78.92951005359993,positive_cross,toward_S1,0.7441282117334219
7,cx30,2024-03-29 23:08:26+00:00,40.289623,-88.126259,-95.00785806706874,980.0,-2.2612714470735966,rs8,19.458080972065336,24.80641882093703,5.348337848871694,1,19.458080972065336,68.09016358477881,48.632082612713475,-78.92951005359993,positive_cross,toward_S1,0.7022528145653923
7,cx30,2024-03-29 23:08:27+00:00,40.289641,-88.126302,-96.94324922860383,981.0,-1.9353911615350938,rs8,23.2946022055397,23.704669717017488,0.41006751147778786,1,23.2946022055397,70.77781512794432,47.48321292240462,-78.92951005359993,positive_cross,toward_S1,0.6664122374999277
7,cx30,2024-03-29 23:08:28+00:00,40.289671,-88.126323,-100.2464233355199,982.0,-3.3031741069160745,rs10,25.399024058595234,27.00096054816543,1.6019364895701962,1,25.399024058595234,74.43261294989644,49.03358889130121,-78.92951005359993,negative_cross,toward_S1,0.6052423466311114
7,cx30,2024-03-29 23:08:29+00:00,40.289682,-88.126325,-101.46630841938726,983.0,-1.2198850838673536,rs10,26.366458389295225,28.068008143206168,1.7015497539109425,1,26.366458389295225,75.66192212161802,49.295463732322794,-78.92951005359993,negative_cross,toward_S1,0.5826518821150494
7,cx30,2024-03-29 23:08:30+00:00,40.28971,-88.126298,-104.62057091769894,984.0,-3.154262498311681,rs8,29.379797330201274,30.20997177122213,0.8301744410208549,1,29.379797330201274,78.2138589276128,48.834061597411534,-78.92951005359993,positive_cross,toward_S1,0.524239613627796
7,cx30,2024-03-29 23:08:31+00:00,40.289717,-88.126285,-105.41869931066442,985.0,-0.7981283929654808,rs8,29.527609431153223,31.44599445057228,1.9183850194190555,1,29.527609431153223,78.77122232652606,49.243612895372834,-78.92951005359993,positive_cross,toward_S1,0.5094594582025094
7,cx30,2024-03-29 23:08:32+00:00,40.289722,-88.12625,-106.0281349786686,986.0,-0.6094356680041813,rs8,28.78852898699844,33.54893123700905,4.7604022500106105,1,28.78852898699844,78.8407419291042,50.052212942105754,-78.92951005359993,positive_cross,toward_S1,0.49817361249872816
7,cx30,2024-03-29 23:08:33+00:00,40.289702,-88.12621,-103.86580002189044,987.0,2.1623349567781673,rs8,25.565482797491452,33.94381176701217,8.37832896952072,1,25.565482797491452,76.21611935934423,50.65063656185278,-78.92951005359993,positive_cross,toward_S4,0.5382168524390647
7,cx30,2024-03-29 23:08:34+00:00,40.289659,-88.126198,-99.10355669205563,988.0,4.762243329834803,rs8,20.695438173323243,31.340434350898228,10.644996177574985,1,20.695438173323243,71.3559343457485,50.660496172425255,-78.92951005359993,positive_cross,toward_S4,0.6264065437323016
7,cx30,2024-03-29 23:08:35+00:00,40.289619,-88.126203,-94.64883313406526,989.0,4.454723557990377,rs8,16.680980320590805,28.30112245827209,11.620142137681285,1,16.680980320590805,66.97317257241215,50.29219225182135,-78.92951005359993,positive_cross,toward_S4,0.7089014244358272
7,cx30,2024-03-29 23:08:36+00:00,40.289577,-88.126204,-89.97787608016655,990.0,4.670957053898704,rs8,12.595698477646115,25.890355966539698,13.294657488893582,1,12.595698477646115,62.341052941080335,49.74535446343422,-78.92951005359993,positive_cross,toward_S4,0.7954006291376551
7,cx30,2024-03-29 23:08:37+00:00,40.289524,-88.126196,-84.09774424254701,991.0,5.880131837619544,rs8,7.730611018173027,24.594278725115277,16.863667706942252,1,7.730611018173027,56.407145573958346,48.67653455578532,-78.92951005359993,positive_cross,toward_S4,0.9042919594639429
7,cx30,2024-03-29 23:08:38+00:00,40.28946,-88.126185,-76.99925736391023,992.0,7.098486878636777,rs8,5.745967977160682,25.007755003086086,19.261787025925404,1,5.745967977160682,49.22835162264974,43.48238364548906,-78.92951005359993,positive_cross,toward_S4,1.0357454201794387
7,cx30,2024-03-29 23:08:39+00:00,40.289387,-88.126173,-68.90170902599517,993.0,8.097548337915057,rs8,11.346695809524544,27.78888256645079,16.442186756926247,1,11.346695809524544,41.04558690025824,29.6988910907337,-78.92951005359993,positive_cross,toward_S4,1.1857000190297176
7,cx30,2024-03-29 23:08:40+00:00,40.289302,-88.126167,-59.46085842788067,994.0,9.440850598114501,rs8,20.334652054418115,31.600514310525227,11.265862256107113,1,20.334652054418115,31.600514310525227,11.265862256107113,-78.92951005359993,positive_cross,toward_S4,1.3605305856614676
7,cx30,2024-03-29 23:08:41+00:00,40.289213,-88.126162,-49.5737704520594,995.0,9.887087975821274,rs6,21.7508783781378,30.074625554293522,8.323747176155724,2,21.7508783781378,30.074625554293522,8.323747176155724,-27.632700444717127,positive_cross,toward_S4,1.593683888752921
7,cx30,2024-03-29 23:08:42+00:00,40.289116,-88.126159,-38.79420772238276,996.0,10.779562729676641,rs6,11.198360581382598,32.95475317143346,21.75639259005086,2,11.198360581382598,40.79729902102586,29.59893843964326,-27.632700444717127,positive_cross,toward_S4,1.7933054207839698
7,cx30,2024-03-29 23:08:43+00:00,40.289016,-88.126161,-27.67346427682567,997.0,11.120743445557089,rs6,3.714549022214364,30.82341462245696,27.108865600242595,2,3.714549022214364,51.90630914874201,48.19176012652765,-27.632700444717127,positive_cross,toward_S4,1.9992451142202121
7,cx30,2024-03-29 23:08:44+00:00,40.288915,-88.126164,-16.440013955851185,998.0,11.233450320974484,rs6,12.366581793296305,32.54087599312563,20.174294199829326,2,12.366581793296305,42.38325899417547,30.016677200879165,-27.632700444717127,positive_cross,toward_S4,2.207271972016036
7,cx30,2024-03-29 23:08:45+00:00,40.288811,-88.126166,-4.874563176249144,999.0,11.565450779602042,rs6,23.650023380953375,30.925954634181085,7.275931253227711,2,23.650023380953375,30.925954634181085,7.275931253227711,-27.632700444717127,positive_cross,toward_S4,2.4214469864531107
7,cx30,2024-03-29 23:08:46+00:00,40.288707,-88.126166,6.6878275176091835,1000.0,11.562390693858328,rs3,19.55976370522865,35.099373489644115,15.539609784415465,3,19.55976370522865,35.099373489644115,15.539609784415465,26.33125891160298,positive_cross,toward_S4,2.6362327519630777
7,cx30,2024-03-29 23:08:47+00:00,40.288599,-88.126166,18.694925546302425,1001.0,12.007098028693242,rs3,8.362829308173062,34.519550480335724,26.156721172162662,3,8.362829308173062,47.05031948102253,38.687490172849465,26.33125891160298,positive_cross,toward_S4,2.858586419161101
7,cx30,2024-03-29 23:08:48+00:00,40.288491,-88.126165,30.700493531333844,1002.0,12.00556798503142,rs3,6.717126983111849,33.994563577205966,27.277436594094116,3,6.717126983111849,48.6082880995075,41.89116111639565,26.33125891160298,positive_cross,toward_S4,3.0809117522172382
7,cx30,2024-03-29 23:08:49+00:00,40.288388,-88.126165,42.15170739187842,1003.0,11.451213860544573,rs3,17.060154862184806,37.210967998687345,20.15081313650254,3,17.060154862184806,37.210967998687345,20.15081313650254,26.33125891160298,positive_cross,toward_S4,3.292971268153249
7,cx30,2024-03-29 23:08:50+00:00,40.288294,-88.126167,52.60538983518315,1004.0,10.453682443304736,rs1,26.88114072015167,27.315377317548354,0.4342365973966835,4,26.88114072015167,27.315377317548354,0.4342365973966835,80.2309515867141,positive_cross,toward_S4,3.488415523119797
7,cx30,2024-03-29 23:08:51+00:00,40.288205,-88.126173,62.50930828263835,1005.0,9.903918447455197,rs1,17.339277663728595,37.175554185692256,19.83627652196366,4,17.339277663728595,37.175554185692256,19.83627652196366,80.2309515867141,positive_cross,toward_S4,3.6718214202948936
7,cx30,2024-03-29 23:08:52+00:00,40.288119,-88.126182,72.08428635720968,1006.0,9.574978074571327,rs1,9.091788841771066,32.93684903375287,23.845060191981805,4,9.091788841771066,46.75792786187198,37.666139020100914,80.2309515867141,positive_cross,toward_S4,3.8491358290832514
7,cx30,2024-03-29 23:08:53+00:00,40.288046,-88.126191,80.21396559554246,1007.0,8.129679238332784,rs1,6.604720426328708,30.983908284938856,24.37918785861015,4,6.604720426328708,54.90944473226267,48.30472430593396,80.2309515867141,positive_cross,toward_S4,3.9996854446079326
7,cx30,2024-03-29 23:08:54+00:00,40.287979,-88.126209,87.6903542182813,1008.0,7.476388622738838,rs1,11.724846015546321,30.218278237754326,18.493432222208007,4,11.724846015546321,62.49507364646467,50.77022763091835,80.2309515867141,positive_cross,toward_S4,4.138137085769763
7,cx30,2024-03-29 23:08:55+00:00,40.287926,-88.126243,93.63474785669283,1009.0,5.944393638411526,rs1,18.09778836591874,29.430845987504338,11.3330576215856,4,18.09778836591874,68.7496609066747,50.65187254075597,80.2309515867141,positive_cross,toward_S4,4.2482184494440505
7,cx30,2024-03-29 23:08:56+00:00,40.287886,-88.12629,98.15373321545344,1010.0,4.518985358760617,rs1,24.057092623606664,28.332600890394048,4.275508266787384,4,24.057092623606664,73.85416045404752,49.79706783044085,80.2309515867141,positive_cross,toward_S4,4.331903363495173
7,cx30,2024-03-29 23:08:57+00:00,40.287864,-88.126345,100.68377591284515,1011.0,2.530042697391707,rs2,26.524818289718382,28.949704149781276,2.4248858600628935,4,26.524818289718382,76.27589782428281,49.751079534564425,80.2309515867141,negative_cross,toward_S4,4.378756006039464
7,cx30,2024-03-29 23:08:58+00:00,40.287857,-88.126408,101.55840644878754,1012.0,0.8746305359423872,rs2,23.9110588409244,33.313697284346496,9.402638443422095,4,23.9110588409244,75.92866527695607,52.01760643603167,80.2309515867141,negative_cross,toward_S4,4.3949528678161744
7,cx30,2024-03-29 23:08:59+00:00,40.287872,-88.12646,99.97031617466378,1013.0,-1.5880902741237577,rs2,20.377232089805823,35.752713985791004,15.375481895985182,4,20.377232089805823,73.63553429331873,53.258302203512905,80.2309515867141,negative_cross,toward_S1,4.365543788665735
7,cx30,2024-03-29 23:09:00+00:00,40.287902,-88.1265,96.69621288158828,1014.0,-3.2741032930754983,rs2,16.059665515394233,36.92817923563677,20.868513720242536,4,16.059665515394233,69.98458996891354,53.92492445351931,80.2309515867141,negative_cross,toward_S1,4.304912246201374
7,cx30,2024-03-29 23:09:01+00:00,40.287948,-88.126526,91.62185965129353,1015.0,-5.074353230294747,rs2,10.535894250695264,36.9352337729734,26.399339522278133,4,10.535894250695264,64.74110307520505,54.20520882450978,80.2309515867141,negative_cross,toward_S1,4.210942741936656
7,cx30,2024-03-29 23:09:02+00:00,40.288006,-88.126538,85.19196381701276,1016.0,-6.429895834280771,rs2,4.071303753670763,36.37926529711629,32.30796154344553,4,4.071303753670763,58.25296651184804,54.181662758177275,80.2309515867141,negative_cross,toward_S1,4.091870596857382
7,cx30,2024-03-29 23:09:03+00:00,40.288066,-88.12654,78.52441388736418,1017.0,-6.667549929648587,rs2,3.2083280118897033,36.14464946089516,32.936321449005455,4,3.2083280118897033,51.57762658660074,48.36929857471104,80.2309515867141,negative_cross,toward_S1,3.9683974500120383
7,cx30,2024-03-29 23:09:04+00:00,40.288133,-88.126534,71.0663857791311,1018.0,-7.45802810823308,rs2,10.523564008725677,36.640440764057175,26.116876755331496,4,10.523564008725677,44.15637876546433,33.632814756738654,80.2309515867141,negative_cross,toward_S1,3.8302858183780923
7,cx30,2024-03-29 23:09:05+00:00,40.288205,-88.126529,63.054003546411224,1019.0,-8.012382232719872,rs2,18.50685327788336,36.19359809907838,17.68674482119502,4,18.50685327788336,36.19359809907838,17.68674482119502,80.2309515867141,negative_cross,toward_S1,3.6819083696240207
7,cx30,2024-03-29 23:09:06+00:00,40.288284,-88.126526,54.26644356386891,1020.0,-8.787559982542312,rs2,27.2701922150139,27.470057462983167,0.1998652479692673,4,27.2701922150139,27.470057462983167,0.1998652479692673,80.2309515867141,negative_cross,toward_S1,3.519175777354719
7,cx30,2024-03-29 23:09:07+00:00,40.288367,-88.126523,45.03417624651344,1021.0,-9.232267317355472,rs5,18.371416991044732,36.49036242676601,18.11894543572128,3,18.371416991044732,36.49036242676601,18.11894543572128,26.33125891160298,negative_cross,toward_S1,3.3463503210168604
7,cx30,2024-03-29 23:09:08+00:00,40.288457,-88.126522,35.02673118010379,1022.0,-10.007445066409652,rs5,8.755256770684467,35.861905188621385,27.106648417936917,3,8.755256770684467,46.48263285716624,37.72737608648177,26.33125891160298,negative_cross,toward_S1,3.1610272642314965
7,cx30,2024-03-29 23:09:09+00:00,40.288548,-88.126523,24.91116936616759,1023.0,-10.115561813936196,rs5,3.9384297292740604,34.87913108006574,30.94070135079168,3,3.9384297292740604,51.97618691027627,48.037757181002206,26.33125891160298,negative_cross,toward_S1,2.9737020454549
7,cx30,2024-03-29 23:09:10+00:00,40.288641,-88.126519,14.565603670411157,1024.0,-10.345565695756434,rs5,12.94991052946146,36.43655735765825,23.48664682819679,3,12.94991052946146,41.63444837847511,28.68453784901365,26.33125891160298,negative_cross,toward_S1,2.782117495533485
7,cx30,2024-03-29 23:09:11+00:00,40.288718,-88.126511,5.992747140115322,1025.0,-8.572856530295835,rs5,21.42751606552287,33.086839140225656,11.659323074702787,3,21.42751606552287,33.086839140225656,11.659323074702787,26.33125891160298,negative_cross,toward_S1,2.6233608931205987
7,cx30,2024-03-29 23:09:12+00:00,40.288789,-88.126498,-1.9206986022874326,1026.0,-7.913445742402754,rs7,25.269232863224016,29.388356287211046,4.1191234239870305,2,25.269232863224016,29.388356287211046,4.1191234239870305,-27.632700444717127,negative_cross,toward_S1,2.4761481822672167
7,cx30,2024-03-29 23:09:13+00:00,40.288861,-88.12648,-9.952971392384967,1027.0,-8.032272790097535,rs7,17.56896450987752,35.49242096126255,17.923456451385032,2,17.56896450987752,37.54096324295948,19.971998733081957,-27.632700444717127,negative_cross,toward_S1,2.327402389858003
7,cx30,2024-03-29 23:09:14+00:00,40.288943,-88.126458,-19.103132691078955,1028.0,-9.150161298693988,rs7,9.813753200386577,30.136241080988345,20.32248788060177,2,9.813753200386577,46.84979549679342,37.03604229640684,-27.632700444717127,negative_cross,toward_S1,2.157954958400707
7,cx30,2024-03-29 23:09:15+00:00,40.289028,-88.126454,-28.559283717955523,1029.0,-9.456151026876569,rs7,6.1294242895764945,28.55356223595383,22.424137946377336,2,6.1294242895764945,49.88563649338233,43.75621220380583,-27.632700444717127,negative_cross,toward_S1,1.9828410504955853
7,cx30,2024-03-29 23:09:16+00:00,40.289115,-88.126457,-38.22707811210306,1030.0,-9.667794394147535,rs7,12.47296346594062,30.65773608043483,18.18477261449421,2,12.47296346594062,40.207180421005226,27.734216955064607,-27.632700444717127,negative_cross,toward_S1,1.8038078209743347
7,cx30,2024-03-29 23:09:17+00:00,40.28921,-88.126459,-48.78581721723409,1031.0,-10.558739105131032,rs7,22.353216664568837,29.64593070905178,7.292714044482942,2,22.353216664568837,29.64593070905178,7.292714044482942,-27.632700444717127,negative_cross,toward_S1,1.6082756153237598
7,cx30,2024-03-29 23:09:18+00:00,40.289305,-88.126459,-59.34761640889881,1032.0,-10.561799191664718,rs10,19.106325109050402,32.69508682441811,13.58876171536771,1,19.106325109050402,32.69508682441811,13.58876171536771,-78.92951005359993,negative_cross,toward_S1,1.3626276600870577
7,cx30,2024-03-29 23:09:19+00:00,40.289384,-88.126458,-68.13211630567567,1033.0,-8.784499896776857,rs10,10.39773193584938,30.385093736501137,19.987361800651755,1,10.39773193584938,41.39313669700777,30.99540476115839,-78.92951005359993,negative_cross,toward_S1,1.1999517360726715
7,cx30,2024-03-29 23:09:20+00:00,40.289461,-88.126458,-76.69273249295314,1034.0,-8.560616187277475,rs10,2.4485042360390312,28.465344280993286,26.016840044954254,1,2.4485042360390312,49.891693316720925,47.4431890806819,-78.92951005359993,negative_cross,toward_S1,1.0414218066786443
7,cx30,2024-03-29 23:09:21+00:00,40.289527,-88.126455,-84.03499363844514,1035.0,-7.342261145492003,rs10,6.016463068615829,28.562565878537608,22.546102809921777,1,6.016463068615829,57.217408813463365,51.20094574484754,-78.92951005359993,negative_cross,toward_S1,0.9054540076880515
7,cx30,2024-03-29 23:09:22+00:00,40.289586,-88.12645,-90.6020770349265,1036.0,-6.567083396481351,rs10,12.468934451144907,30.01987338740155,17.550938936256642,1,12.468934451144907,63.78911442573433,51.32017997458942,-78.92951005359993,negative_cross,toward_S1,0.7838413521976562
7,cx30,2024-03-29 23:09:23+00:00,40.289633,-88.12643,-95.8579890716261,1037.0,-5.255912036699598,rs10,17.93974870239356,30.961186428922044,13.021437726528486,1,17.93974870239356,69.1687781608533,51.229029458459735,-78.92951005359993,negative_cross,toward_S1,0.6865096478143302
7,cx30,2024-03-29 23:09:24+00:00,40.289674,-88.12639,-100.47744096357573,1038.0,-4.6194518919496375,rs10,23.27082214912013,31.11030673317858,7.83948458405845,1,23.27082214912013,74.14553206521417,50.87470991609404,-78.92951005359993,negative_cross,toward_S1,0.6009642424078554
7,cx30,2024-03-29 23:09:25+00:00,40.289699,-88.126334,-103.34254420457054,1039.0,-2.865103240994813,rs10,27.67673572828719,30.037893322053122,2.361157593765931,1,27.67673572828719,77.67909622551292,50.00236049722573,-78.92951005359993,negative_cross,toward_S1,0.5479067749820257
7,cx30,2024-03-29 23:09:26+00:00,40.289703,-88.126266,-103.89129445495267,1040.0,-0.5487502503821275,rs8,27.40954173483574,31.040163666253903,3.630621931418162,1,27.40954173483574,76.95998939600469,49.550447661168946,-78.92951005359993,positive_cross,toward_S1,0.5377447333082825
7,cx30,2024-03-29 23:09:27+00:00,40.289687,-88.126194,-102.22262820424936,1041.0,1.6686662507033105,rs8,23.59224352365988,33.68872343998386,10.096479916323979,1,23.59224352365988,74.42628026738035,50.83403674372047,-78.92951005359993,positive_cross,toward_S4,0.5686459601731586
7,cx30,2024-03-29 23:09:28+00:00,40.28965,-88.126134,-98.20088793392185,1042.0,4.021740270327513,rs8,18.729066953585637,35.08394031360138,16.354873360015745,1,18.729066953585637,70.04192713677593,51.31286018319029,-78.92951005359993,positive_cross,toward_S4,0.6431226318458904
7,cx30,2024-03-29 23:09:29+00:00,40.289606,-88.126105,-93.35347849887015,1043.0,4.847409435051702,rs8,13.904153424711344,34.865491794734446,20.9613383700231,1,13.904153424711344,65.14291818164429,51.238764756932945,-78.92951005359993,positive_cross,toward_S4,0.7328894732357367
7,cx30,2024-03-29 23:09:30+00:00,40.28957,-88.126107,-89.34805240354028,1044.0,4.005426095329867,rs8,9.91074319258752,33.24440280287739,23.33365961028987,1,9.91074319258752,61.1366128517992,51.22586965921168,-78.92951005359993,positive_cross,toward_S4,0.8070640305566601
7,cx30,2024-03-29 23:09:31+00:00,40.289535,-88.12613,-85.42167224193986,1045.0,3.92638016160042,rs8,5.942102556043039,30.325929496485845,24.383826940442805,1,5.942102556043039,57.246743601987085,51.304641045944045,-78.92951005359993,positive_cross,toward_S4,0.8797747742900013
7,cx30,2024-03-29 23:09:32+00:00,40.289503,-88.126172,-81.79975176644014,1046.0,3.6219204754997207,rs8,4.735218089775838,26.21777859481693,21.482560505041093,1,4.735218089775838,53.87589307677516,49.140674986999315,-78.92951005359993,positive_cross,toward_S4,0.9468473756881443
7,cx30,2024-03-29 23:09:33+00:00,40.289461,-88.126205,-77.07983334051156,1047.0,4.719918425928583,rs8,7.28334418376935,23.30730794142267,16.02396375765332,1,7.28334418376935,49.564155452991564,42.28081126922221,-78.92951005359993,positive_cross,toward_S4,1.0342532724645994
7,cx30,2024-03-29 23:09:34+00:00,40.289405,-88.126212,-70.84322035901772,1048.0,6.236612981493835,rs8,11.367474072548237,23.993546927019988,12.62607285447175,1,11.367474072548237,43.52095388029185,32.15347980774361,-78.92951005359993,positive_cross,toward_S4,1.149746105455226
7,cx30,2024-03-29 23:09:35+00:00,40.289338,-88.126206,-63.403552765290435,1049.0,7.439667593727286,rs8,17.45546053830882,27.79233699925024,10.336876460941419,1,17.45546053830882,36.11289248671248,18.657431948403662,-78.92951005359993,positive_cross,toward_S4,1.287517727561287
7,cx30,2024-03-29 23:09:36+00:00,40.289266,-88.126198,-55.41106108915821,1050.0,7.992491676132225,rs8,24.81877371469736,28.15598385231852,3.3372101376211596,1,24.81877371469736,28.15598385231852,3.3372101376211596,-78.92951005359993,positive_cross,toward_S4,1.4355268326748467
7,cx30,2024-03-29 23:09:37+00:00,40.289188,-88.12619,-46.75150841237527,1051.0,8.659552676782937,rs6,19.62748875917757,33.16033510966497,13.5328463504874,2,19.62748875917757,33.16033510966497,13.5328463504874,-27.632700444717127,positive_cross,toward_S4,1.6459480005989233
7,cx30,2024-03-29 23:09:38+00:00,40.289102,-88.126181,-37.204071108772645,1052.0,9.547437303602628,rs6,10.550301616577078,30.681322319344588,20.131020702767508,2,10.550301616577078,42.523546897447886,31.973245280870806,-27.632700444717127,positive_cross,toward_S4,1.822752395110083
7,cx30,2024-03-29 23:09:39+00:00,40.289009,-88.126176,-26.872275798906415,1053.0,10.33179530986623,rs6,5.114478958007659,29.55898571054107,24.44450675253341,2,5.114478958007659,52.7753999533218,47.66092099531414,-27.632700444717127,positive_cross,toward_S4,2.0140819378853836
7,cx30,2024-03-29 23:09:40+00:00,40.28891,-88.126175,-15.867299316068607,1054.0,11.004976482837808,rs6,13.209843732781575,31.8659614164859,18.656117683704323,2,13.209843732781575,41.93848967348981,28.728645940708237,-27.632700444717127,positive_cross,toward_S4,2.217877798678676
7,cx30,2024-03-29 23:09:41+00:00,40.288806,-88.126174,-4.306438665082137,1055.0,11.56086065098647,rs6,24.322282693144786,30.48540480148613,6.163122108341344,2,24.322282693144786,30.48540480148613,6.163122108341344,-27.632700444717127,positive_cross,toward_S4,2.4319678107339815
7,cx30,2024-03-29 23:09:42+00:00,40.288694,-88.126174,8.145366697656057,1056.0,12.451805362738193,rs3,18.3392843124102,36.61827579677148,18.278991484361278,3,18.3392843124102,36.61827579677148,18.278991484361278,26.33125891160298,positive_cross,toward_S4,2.6632242182602424
7,cx30,2024-03-29 23:09:43+00:00,40.288583,-88.126176,20.489055312034257,1057.0,12.3436886143782,rs3,7.525204852696463,33.32941844731384,25.80421359461738,3,7.525204852696463,48.902064514908105,41.37685966221164,26.33125891160298,positive_cross,toward_S4,2.891811044452431
7,cx30,2024-03-29 23:09:44+00:00,40.288475,-88.126178,32.499213426471215,1058.0,12.010158114436958,rs3,8.786351818808935,33.17862017578008,24.392268356971147,3,8.786351818808935,46.9502896073293,38.16393778852037,26.33125891160298,positive_cross,toward_S4,3.114221379904967
7,cx30,2024-03-29 23:09:45+00:00,40.288373,-88.126181,43.8438405815494,1059.0,11.344627155078186,rs3,19.04642170191696,35.7442972095494,16.697875507632443,3,19.04642170191696,35.7442972095494,16.697875507632443,26.33125891160298,positive_cross,toward_S4,3.324307067961971
7,cx30,2024-03-29 23:09:46+00:00,40.288273,-88.126183,54.96458402710648,1060.0,11.120743445557082,rs1,24.864379943936473,29.86290963505763,4.998529691121156,4,24.864379943936473,29.86290963505763,4.998529691121156,80.2309515867141,positive_cross,toward_S4,3.532104304451711
7,cx30,2024-03-29 23:09:47+00:00,40.288178,-88.126184,65.5279132608531,1061.0,10.563329233746614,rs1,14.836181677771807,35.10880074236735,20.272619064595546,4,14.836181677771807,40.282312700523065,25.44613102275126,80.2309515867141,positive_cross,toward_S4,3.7277215124840555
7,cx30,2024-03-29 23:09:48+00:00,40.288089,-88.126189,75.43030166543645,1062.0,9.902388404583348,rs1,7.348069408464141,31.621320600916317,24.273251192452175,4,7.348069408464141,50.143343783917466,42.795274375453324,80.2309515867141,positive_cross,toward_S4,3.9110990755318955
7,cx30,2024-03-29 23:09:49+00:00,40.288008,-88.126195,84.44480544401175,1063.0,9.014503778575303,rs1,8.668595800896956,30.841883785118767,22.173287984221812,4,8.668595800896956,59.146187952656845,50.47759215175989,80.2309515867141,positive_cross,toward_S4,4.078034330690698
7,cx30,2024-03-29 23:09:50+00:00,40.287948,-88.126204,91.12918584531603,1064.0,6.684380401304281,rs1,14.196729889197641,31.573897587551574,17.377167698353933,4,14.196729889197641,65.86323259737362,51.66650270817598,80.2309515867141,positive_cross,toward_S4,4.201819152937073
7,cx30,2024-03-29 23:09:51+00:00,40.287907,-88.12624,95.74251756654643,1065.0,4.613331721230395,rs1,19.6842830108219,30.623100066562788,10.938817055740888,4,19.6842830108219,70.79663918095504,51.11235617013314,80.2309515867141,positive_cross,toward_S4,4.287251221848747
7,cx30,2024-03-29 23:09:52+00:00,40.287876,-88.126293,99.27009168038806,1066.0,3.527574113841638,rs1,25.092365613240812,28.82054843226161,3.728182819020798,4,25.092365613240812,74.99496750771765,49.90260189447683,80.2309515867141,positive_cross,toward_S4,4.35257666840137
7,cx30,2024-03-29 23:09:53+00:00,40.28786,-88.126355,101.14378367565217,1067.0,1.8736919952641102,rs2,26.296399879449883,29.853040824755556,3.5566409453056735,4,26.296399879449883,76.50798699297823,50.21158711352835,80.2309515867141,negative_cross,toward_S4,4.387274668313668
7,cx30,2024-03-29 23:09:54+00:00,40.287863,-88.126421,100.91123600470274,1068.0,-0.23254767094942963,rs2,22.771244739665136,33.71874842503742,10.947503685372283,4,22.771244739665136,75.0871921232451,52.31594738357997,80.2309515867141,negative_cross,ambiguous,4.382968229962753
7,cx30,2024-03-29 23:09:55+00:00,40.287918,-88.126516,94.94186423063347,1069.0,-5.969371774069273,rs2,13.97883837658672,37.372752918189974,23.39391454160325,4,13.97883837658672,68.1181305271422,54.13929215055548,80.2309515867141,negative_cross,toward_S1,4.272424308220729
7,cx30,2024-03-29 23:09:56+00:00,40.287967,-88.126541,89.53245045594569,1070.0,-5.409413774687778,rs2,8.208987912691212,37.53126826144732,29.32228034875611,4,8.208987912691212,62.58028635459699,54.37129844190578,80.2309515867141,negative_cross,toward_S1,4.172249979059845
7,cx30,2024-03-29 23:09:57+00:00,40.288031,-88.126538,82.41254297784936,1071.0,-7.119907478096337,rs2,1.827080499968569,36.06161184256576,34.234531342597194,4,1.827080499968569,55.474167553541065,53.6470870535725,80.2309515867141,negative_cross,toward_S1,4.040399840576579
7,cx30,2024-03-29 23:09:58+00:00,40.288101,-88.126534,74.62404445465057,1072.0,-7.788498523198783,rs2,7.049855454336176,35.97203662085689,28.922181166520716,4,7.049855454336176,47.71067923659317,40.660823782257,80.2309515867141,negative_cross,toward_S1,3.896168386443268
7,cx30,2024-03-29 23:09:59+00:00,40.288178,-88.126533,66.06189822447948,1073.0,-8.562146230171095,rs2,15.48488828564518,38.047384113681574,22.562495828036393,4,15.48488828564518,39.16499326317038,23.6801049775252,80.2309515867141,negative_cross,toward_S1,3.737610122921581
7,cx30,2024-03-29 23:10:00+00:00,40.288261,-88.12653,56.82963090791398,1074.0,-9.232267316565498,rs2,24.691642717847714,29.980225054836037,5.288582336988323,4,24.691642717847714,29.980225054836037,5.288582336988323,80.2309515867141,negative_cross,toward_S1,3.5666422096518495
7,cx30,2024-03-29 23:10:01+00:00,40.28835,-88.126527,46.93030258907435,1075.0,-9.899328318839629,rs5,20.180042613891224,34.579541891905926,14.399499278014702,3,20.180042613891224,34.579541891905926,14.399499278014702,26.33125891160298,negative_cross,toward_S1,3.3814637718050253
7,cx30,2024-03-29 23:10:02+00:00,40.288444,-88.126528,36.4812102743852,1076.0,-10.449092314689153,rs5,9.939503813303231,36.73194471895704,26.792440905653805,3,9.939503813303231,45.00975074015089,35.07024692684766,26.33125891160298,negative_cross,toward_S1,3.187962062273745
7,cx30,2024-03-29 23:10:03+00:00,40.288542,-88.126527,25.584350539117427,1077.0,-10.896859735267771,rs5,3.322019242634014,35.199285268264404,31.87726602563039,3,3.322019242634014,52.643926344118185,49.32190710148417,26.33125891160298,negative_cross,toward_S1,2.9861683634724896
7,cx30,2024-03-29 23:10:04+00:00,40.288644,-88.126514,14.224422955298921,1078.0,-11.359927583818505,rs5,13.394274541479612,36.14450111495728,22.75022657347767,3,13.394274541479612,41.30758571291393,27.913311171434316,26.33125891160298,negative_cross,toward_S1,2.7757993341425173
7,cx30,2024-03-29 23:10:05+00:00,40.288751,-88.126498,2.304021074694437,1079.0,-11.920401880604484,rs5,25.24794787573491,29.481685680592363,4.233737804857455,3,25.24794787573491,29.481685680592363,4.233737804857455,26.33125891160298,negative_cross,toward_S1,2.5550511511683602
7,cx30,2024-03-29 23:10:06+00:00,40.28886,-88.126478,-9.844854644814932,1080.0,-12.14887571950937,rs7,17.714485522546276,35.401447198099135,17.68696167555286,2,17.714485522546276,37.46379440814263,19.749308885596356,-27.632700444717127,negative_cross,toward_S1,2.3294045518500406
7,cx30,2024-03-29 23:10:08+00:00,40.289084,-88.126465,-34.7683559276907,1082.0,-12.461750641437884,rs7,9.148841713309803,30.31131718304702,21.162475469737217,2,9.148841713309803,43.62802099135255,34.47917927804275,-27.632700444717127,negative_cross,toward_S1,1.8678582317967858
7,cx30,2024-03-29 23:10:10+00:00,40.289191,-88.12646,-46.67192733666126,1084.0,-5.951785704485282,rs7,20.289631715334334,31.75157668117038,11.461944965836047,2,20.289631715334334,31.75157668117038,11.461944965836047,-27.632700444717127,negative_cross,toward_S1,1.6474217242232567
7,cx30,2024-03-29 23:10:11+00:00,40.289293,-88.126457,-58.016554491717706,1085.0,-11.344627155056443,rs10,20.450899196345123,31.410889478879906,10.959990282534783,1,20.450899196345123,31.410889478879906,10.959990282534783,-78.92951005359993,negative_cross,toward_S1,1.3872769548496708
7,cx30,2024-03-29 23:10:12+00:00,40.289384,-88.126454,-68.13823647718485,1086.0,-10.121681985467141,rs10,10.461228141632466,30.068463995577027,19.60723585394456,1,10.461228141632466,41.44061868622945,30.97939054459698,-78.92951005359993,negative_cross,toward_S1,1.1998383995632422
7,cx30,2024-03-29 23:10:13+00:00,40.289467,-88.126451,-77.37050379454028,1087.0,-9.232267317355436,rs10,2.5822145929595988,27.826013130209862,25.243798537250264,1,2.5822145929595988,50.62437340116509,48.042158808205485,-78.92951005359993,negative_cross,toward_S1,1.0288704862788822
7,cx30,2024-03-29 23:10:14+00:00,40.289537,-88.126448,-85.15747227488896,1088.0,-7.786968480348676,rs10,7.266376830752975,28.199236815957892,20.932859985204917,1,7.266376830752975,58.386756116821836,51.12037928606886,-78.92951005359993,negative_cross,toward_S1,0.8846673662724254
7,cx30,2024-03-29 23:10:15+00:00,40.289601,-88.126433,-92.29574026746934,1089.0,-7.138267992580381,rs10,14.429958039368747,29.408279064454337,14.97832102508559,1,14.429958039368747,65.60417709677657,51.17421905740782,-78.92951005359993,negative_cross,toward_S1,0.7524772182616775
7,cx30,2024-03-29 23:10:16+00:00,40.289654,-88.126389,-98.25543433464293,1090.0,-5.9596940671735865,rs10,21.209360286188073,29.561145637613798,8.351785351425725,1,21.209360286188073,71.96172680158749,50.752366515399416,-78.92951005359993,negative_cross,toward_S1,0.6421125133140184
7,cx30,2024-03-29 23:10:17+00:00,40.289687,-88.126334,-102.00842220164571,1091.0,-3.752987867002787,rs10,26.48776494750046,28.975290335278647,2.487525387778188,1,26.48776494750046,76.38284878667207,49.89508383917161,-78.92951005359993,negative_cross,toward_S1,0.5726127379991521
7,cx30,2024-03-29 23:10:18+00:00,40.289701,-88.12627,-103.66282061602607,1092.0,-1.6543984143803527,rs8,27.362412868228812,30.662070966270957,3.299658098042144,1,27.362412868228812,76.79695129445575,49.434538426226936,-78.92951005359993,positive_cross,toward_S1,0.5419757303254418
7,cx30,2024-03-29 23:10:19+00:00,40.289694,-88.126203,-102.9870956531353,1093.0,0.6757249628907687,rs8,24.54475405784969,33.70044929164119,9.155695233791501,1,24.54475405784969,75.27159694768461,50.72684288983493,-78.92951005359993,positive_cross,toward_S4,0.5544891555641598
7,cx30,2024-03-29 23:10:20+00:00,40.289662,-88.126159,-99.4967588649415,1094.0,3.490336788193801,rs8,20.266764825227277,34.126643761102045,13.859878935874768,1,20.266764825227277,71.44921062906316,51.18244580383588,-78.92951005359993,positive_cross,toward_S4,0.6191250220121931
7,cx30,2024-03-29 23:10:21+00:00,40.289613,-88.12615,-94.06286440502872,1095.0,5.4338944599127785,rs8,14.76378822995428,31.796123210603135,17.032334980648855,1,14.76378822995428,65.97002684012912,51.20623861017484,-78.92951005359993,positive_cross,toward_S4,0.7197526971957631
7,cx30,2024-03-29 23:10:22+00:00,40.289563,-88.126163,-88.48413216772263,1096.0,5.578732237306085,rs8,9.630345434224393,28.49916880978193,18.86882337555754,1,9.630345434224393,60.47420745268781,50.84386201846341,-78.92951005359993,positive_cross,toward_S4,0.823062553442172
7,cx30,2024-03-29 23:10:23+00:00,40.289503,-88.126177,-81.79210155205911,1097.0,6.692030615663526,rs8,5.10746085528578,25.796385403766397,20.688924548480617,1,5.10746085528578,53.91389096250628,48.8064301072205,-78.92951005359993,positive_cross,toward_S4,0.9469890463248299
7,cx30,2024-03-29 23:10:24+00:00,40.289434,-88.126184,-74.11018973353673,1098.0,7.68191181852238,rs8,7.384207756998536,25.462679035987914,18.07847127898938,1,7.384207756998536,46.34687139165905,38.962663634660515,-78.92951005359993,positive_cross,toward_S4,1.0892466725937628
7,cx30,2024-03-29 23:10:25+00:00,40.289354,-88.126187,-65.21145291768067,1099.0,8.898736815856054,rs8,15.198420049135047,28.2521177040914,13.053697654956354,1,15.198420049135047,37.56937979878037,22.370959749645323,-78.92951005359993,positive_cross,toward_S4,1.2540380951096157
7,cx30,2024-03-29 23:10:26+00:00,40.289266,-88.126183,-55.43401173230131,1100.0,9.777441185379367,rs8,24.526001726876665,27.87502245680055,3.349020729923886,1,24.526001726876665,27.87502245680055,3.349020729923886,-78.92951005359993,positive_cross,toward_S4,1.4351018207647892
7,cx30,2024-03-29 23:10:27+00:00,40.28917,-88.126181,-44.76409579306656,1101.0,10.669915939234748,rs6,17.487294069584216,33.82927781802615,16.341983748441933,2,17.487294069584216,35.02063187936465,17.533337809780434,-27.632700444717127,positive_cross,toward_S4,1.682751937993529
7,cx30,2024-03-29 23:10:28+00:00,40.28907,-88.126181,-33.64641243404314,1102.0,11.117683359023417,rs6,7.705142114035447,29.75510520805543,22.049963094019983,2,7.705142114035447,46.06117571561972,38.35603360158427,-27.632700444717127,positive_cross,toward_S4,1.8886349631606294
7,cx30,2024-03-29 23:10:29+00:00,40.288963,-88.126175,-21.759671496706495,1103.0,11.886740937336647,rs6,8.029759636296262,30.201056598122168,22.171296961825906,2,8.029759636296262,47.79158568464756,39.761826048351296,-27.632700444717127,positive_cross,toward_S4,2.10875979533353
7,cx30,2024-03-29 23:10:30+00:00,40.288848,-88.126169,-8.98351589048999,1104.0,12.776155606216506,rs6,19.665054449308485,35.03562922902771,15.370574779719227,2,19.665054449308485,35.03562922902771,15.370574779719227,-27.632700444717127,positive_cross,toward_S4,2.3453552695227247
7,cx30,2024-03-29 23:10:31+00:00,40.288733,-88.126165,3.7956998014702337,1105.0,12.779215691960223,rs3,22.36482943895505,32.21842367800635,9.853594239051304,3,22.36482943895505,32.21842367800635,9.853594239051304,26.33125891160298,positive_cross,toward_S4,2.582674831293838
7,cx30,2024-03-29 23:10:32+00:00,40.288613,-88.126165,17.13691983308829,1106.0,13.341220031618056,rs3,9.665263114613392,34.983547454734214,25.318284340120822,3,9.665263114613392,45.491716849812775,35.82645373519938,26.33125891160298,positive_cross,toward_S4,2.829734461508987
7,cx30,2024-03-29 23:10:33+00:00,40.288496,-88.126164,30.14307932031333,1107.0,13.006159487225041,rs3,6.2537222040393825,34.013510223543804,27.75978801950442,3,6.2537222040393825,49.15488843836813,42.90116623432875,26.33125891160298,positive_cross,toward_S4,3.0705892668279695
7,cx30,2024-03-29 23:10:34+00:00,40.288382,-88.126163,42.81570830759713,1108.0,12.672628987283797,rs3,17.66279067947166,36.528561240418874,18.865770560947215,3,17.66279067947166,36.528561240418874,18.865770560947215,26.33125891160298,positive_cross,toward_S4,3.305267581407299
7,cx30,2024-03-29 23:10:35+00:00,40.288275,-88.126169,54.72080975943954,1109.0,11.905101451842413,rs1,24.83110576551062,29.427351791379294,4.596246025868673,4,24.83110576551062,29.427351791379294,4.596246025868673,80.2309515867141,positive_cross,toward_S4,3.527589966161582
7,cx30,2024-03-29 23:10:36+00:00,40.288179,-88.126173,65.39990595590541,1110.0,10.67909619646587,rs1,14.593414223263894,35.99800332113105,21.40458909786716,4,14.593414223263894,40.041474008685086,25.448059785421194,80.2309515867141,positive_cross,toward_S4,3.7253510068368763
7,cx30,2024-03-29 23:10:37+00:00,40.288095,-88.12618,74.74947027810555,1111.0,9.349564322200138,rs1,7.090424414636292,32.492945134940605,25.402520720304313,4,7.090424414636292,49.38696813146381,42.296543716827514,80.2309515867141,positive_cross,toward_S4,3.8984910868776192
7,cx30,2024-03-29 23:10:38+00:00,40.288031,-88.126193,81.88467818573214,1112.0,7.135207907626594,rs1,7.2281461515771275,30.822694894240836,23.594548742663708,4,7.2281461515771275,56.586098196023656,49.35795204444653,80.2309515867141,positive_cross,toward_S4,4.030624566648482
7,cx30,2024-03-29 23:10:39+00:00,40.287982,-88.126224,87.37977436067146,1113.0,5.49509617493932,rs1,12.408956962839316,28.903235966214037,16.49427900337472,4,12.408956962839316,62.34520484518014,49.93624788234082,80.2309515867141,positive_cross,toward_S4,4.132385606925136
7,cx30,2024-03-29 23:10:40+00:00,40.287933,-88.126258,92.87946066426977,1114.0,5.49968630359831,rs1,18.305925860708356,27.947411755766893,9.641485895058537,4,18.305925860708356,68.2007145007973,49.89478864008895,80.2309515867141,positive_cross,toward_S4,4.234231649584364
7,cx30,2024-03-29 23:10:41+00:00,40.287886,-88.126293,98.15832334409076,1115.0,5.278862679820989,rs1,24.2157274992007,28.130196392542565,3.9144688933418657,4,24.2157274992007,73.90657004642252,49.69084254722182,80.2309515867141,positive_cross,toward_S4,4.331988365877345
7,cx30,2024-03-29 23:10:42+00:00,40.287859,-88.126357,101.2580205954996,1116.0,3.0996972514088412,rs2,26.271706098929478,30.050306687727314,3.7786005887978362,4,26.271706098929478,76.57741985990256,50.305713760973084,80.2309515867141,negative_cross,toward_S4,4.389390166829362
7,cx30,2024-03-29 23:10:43+00:00,40.287854,-88.126424,101.91641763553368,1117.0,0.6583970400340746,rs2,23.519227408020647,34.55695329639861,11.037725888377963,4,23.519227408020647,76.03576811666888,52.51654070864823,80.2309515867141,negative_cross,toward_S4,4.40158270460777
7,cx30,2024-03-29 23:10:44+00:00,40.287871,-88.126485,100.1197440798827,1118.0,-1.7966735556509832,rs2,19.730903265833692,37.57359603746283,17.842692771629135,4,19.730903265833692,73.52602998813794,53.795126722304246,80.2309515867141,negative_cross,toward_S1,4.368310972095715
7,cx30,2024-03-29 23:10:45+00:00,40.287908,-88.126524,96.0658729091592,1119.0,-4.053871170723497,rs2,14.92140860168233,38.454763764646266,23.533355162963936,4,14.92140860168233,69.19319438751009,54.27178578582776,80.2309515867141,negative_cross,toward_S1,4.293239283748983
7,cx30,2024-03-29 23:10:46+00:00,40.287955,-88.126542,90.86810250253231,1120.0,-5.197770406626887,rs2,9.518591253672101,37.985071300465684,28.466480046793585,4,9.518591253672101,63.91208198026874,54.39349072659664,80.2309515867141,negative_cross,toward_S1,4.196984276218855
7,cx30,2024-03-29 23:10:47+00:00,40.288014,-88.126535,84.29795902030729,1121.0,-6.570143482225021,rs2,3.3916994743728432,36.00229713761162,32.61059766323878,4,3.3916994743728432,57.37351841885262,53.98181894447978,80.2309515867141,negative_cross,toward_S1,4.075314952473948
7,cx30,2024-03-29 23:10:48+00:00,40.288077,-88.126527,77.2815781603537,1122.0,-7.0163808599535855,rs2,4.80871260061053,35.10355349755031,30.294840896939778,4,4.80871260061053,50.40886009896206,45.60014749835153,80.2309515867141,negative_cross,toward_S1,3.945381973585919
7,cx30,2024-03-29 23:10:49+00:00,40.288144,-88.126524,69.82814018075798,1123.0,-7.453437979595719,rs2,11.894653775419272,36.12947291797426,24.23481914255499,4,11.894653775419272,42.99090625590279,31.09625248048352,80.2309515867141,negative_cross,toward_S1,3.807355344334146
7,cx30,2024-03-29 23:10:50+00:00,40.288219,-88.126522,61.48681757592245,1124.0,-8.341322604835533,rs2,20.12963617239684,34.695231712816124,14.565595540419285,4,20.12963617239684,34.695231712816124,14.565595540419285,80.2309515867141,negative_cross,toward_S1,3.652886407207562
7,cx30,2024-03-29 23:10:51+00:00,40.288299,-88.12652,52.58961080217004,1125.0,-8.897206773752409,rs5,25.878990146468773,28.981048499089333,3.10205835262056,3,25.878990146468773,28.981048499089333,3.10205835262056,26.33125891160298,negative_cross,toward_S1,3.486265775751242
7,cx30,2024-03-29 23:10:52+00:00,40.288383,-88.126516,43.24463660860723,1126.0,-9.344974193562813,rs5,16.754649276020587,38.25347561528892,21.498826339268334,3,16.754649276020587,38.31311713045721,21.55846785443662,26.33125891160298,negative_cross,toward_S1,3.3132106980926714
7,cx30,2024-03-29 23:10:53+00:00,40.288476,-88.126512,32.89907091287254,1127.0,-10.345565695734692,rs5,7.323602960206479,34.570583694635886,27.246980734429407,3,7.323602960206479,48.64990220044679,41.32629924024031,26.33125891160298,negative_cross,toward_S1,3.1216261481716585
7,cx30,2024-03-29 23:10:54+00:00,40.28857,-88.126506,22.43926829805864,1128.0,-10.4598026148139,rs5,6.585691944799034,33.62458127133952,27.038889326540488,3,6.585691944799034,49.553420003484526,42.967728058685495,26.33125891160298,negative_cross,toward_S1,2.927926099749179
7,cx30,2024-03-29 23:10:55+00:00,40.288668,-88.126493,11.524048048263344,1129.0,-10.915220249795295,rs5,16.505211927745503,35.48776058135864,18.98254865361314,3,16.505211927745503,38.72008134430759,22.214869416562085,26.33125891160298,negative_cross,toward_S1,2.7257923914196365
7,cx30,2024-03-29 23:10:56+00:00,40.288757,-88.126478,1.606359215729646,1130.0,-9.917688832533699,rs5,26.310702500845643,28.99707342667282,2.686370925827177,3,26.310702500845643,28.99707342667282,2.686370925827177,26.33125891160298,negative_cross,toward_S1,2.5421314871134566
7,cx30,2024-03-29 23:10:57+00:00,40.288843,-88.126465,-7.974739031140831,1131.0,-9.581098246870477,rs7,19.813708560299595,35.469308238321624,15.655599678022028,2,19.813708560299595,35.84806999473598,16.034361434436384,-27.632700444717127,negative_cross,toward_S1,2.364036322473635
7,cx30,2024-03-29 23:10:58+00:00,40.288936,-88.126457,-18.326424898384694,1132.0,-10.351685867243862,rs7,10.507134124908164,30.28715007026379,19.78001594535563,2,10.507134124908164,46.10191337836955,35.59477925346139,-27.632700444717127,negative_cross,toward_S1,2.1723384360431934
7,cx30,2024-03-29 23:10:59+00:00,40.289033,-88.126457,-29.110577757466864,1133.0,-10.78415285908217,rs7,6.039770960362765,28.829656924286724,22.789885963923957,2,6.039770960362765,49.31972495844711,43.279953998084345,-27.632700444717127,negative_cross,toward_S1,1.9726319016157456
7,cx30,2024-03-29 23:11:00+00:00,40.289131,-88.126459,-40.00284736332911,1134.0,-10.892269605862246,rs7,14.010791507815364,31.469273545592404,17.45848203777704,2,14.010791507815364,38.42169858992666,24.4109070821113,-27.632700444717127,negative_cross,toward_S1,1.7709232052108892
7,cx30,2024-03-29 23:11:01+00:00,40.289231,-88.126459,-51.12053072314249,1135.0,-11.117683359813377,rs7,24.622897706473665,27.314333867702715,2.691436161229049,2,24.622897706473665,27.314333867702715,2.691436161229049,-27.632700444717127,negative_cross,toward_S1,1.56504018002916
7,cx30,2024-03-29 23:11:02+00:00,40.28932,-88.126459,-61.01526891255483,1136.0,-9.894738189412344,rs10,17.445151809798233,33.66924030030957,16.224088490511335,1,17.445151809798233,34.34051834234634,16.89536653254811,-78.92951005359993,negative_cross,toward_S1,1.3317452063156499
7,cx30,2024-03-29 23:11:03+00:00,40.289402,-88.126456,-70.13635939659655,1137.0,-9.121090484041716,rs10,8.469727808488724,29.565277779339183,21.09554997085046,1,8.469727808488724,43.39982200574568,34.93009419725696,-78.92951005359993,negative_cross,toward_S1,1.1628361232778404
7,cx30,2024-03-29 23:11:04+00:00,40.289474,-88.126454,-78.14415150070089,1138.0,-8.00779210410434,rs10,2.133872752139455,28.045225124910612,25.911352372771155,1,2.133872752139455,51.36697384537995,49.2331010932405,-78.92951005359993,negative_cross,toward_S1,1.0145436769055378
7,cx30,2024-03-29 23:11:05+00:00,40.289537,-88.126452,-85.15135210337979,1139.0,-7.007200602678907,rs10,7.15054254189655,28.530558989311302,21.380016447414754,1,7.15054254189655,58.35010431124427,51.199561769347724,-78.92951005359993,negative_cross,toward_S1,0.8847807027818544
7,cx30,2024-03-29 23:11:06+00:00,40.289596,-88.126442,-91.72608571424217,1140.0,-6.574733610862381,rs10,13.700518146068381,29.850973830651945,16.150455684583562,1,13.700518146068381,64.96546901532012,51.26495086925174,-78.92951005359993,negative_cross,toward_S1,0.7630263766547731
7,cx30,2024-03-29 23:11:07+00:00,40.289643,-88.126411,-96.99882822176399,1141.0,-5.272742507521812,rs10,19.43950455116385,30.266019463046767,10.826514911882917,1,19.43950455116385,70.47541843444509,51.03591388328124,-78.92951005359993,negative_cross,toward_S1,0.6653829968858507
7,cx30,2024-03-29 23:11:08+00:00,40.289671,-88.126356,-100.19593192061815,1142.0,-3.197103698854164,rs10,24.059033154138348,28.837842311230858,4.77880915709251,1,24.059033154138348,74.31578131487709,50.25674816073874,-78.92951005359993,negative_cross,toward_S1,0.6061773728329958
7,cx30,2024-03-29 23:11:09+00:00,40.289688,-88.126296,-102.17774066424226,1143.0,-1.9818087436241143,rs8,27.202020068087638,28.22321680185564,1.0211967337680008,1,27.202020068087638,75.78162823331218,48.57960816522454,-78.92951005359993,positive_cross,toward_S1,0.5694772109140307
7,cx30,2024-03-29 23:11:10+00:00,40.289684,-88.126229,-101.83554620287266,1144.0,0.3421944613696013,rs8,24.20256071675346,31.378360710806366,7.175799994052905,1,24.20256071675346,74.41247223955985,50.20991152280639,-78.92951005359993,positive_cross,ambiguous,0.5758141453838381
7,cx30,2024-03-29 23:11:11+00:00,40.289648,-88.126178,-97.91121237996869,1145.0,3.924333822903975,rs8,19.05327762540413,31.90182878652633,12.848551161122199,1,19.05327762540413,69.99349480827924,50.9402171828751,-78.92951005359993,positive_cross,toward_S4,0.648486993956134
7,cx30,2024-03-29 23:11:12+00:00,40.2896,-88.126154,-92.61144539649102,1146.0,5.299766983477667,rs8,13.397560900597158,30.82563176229634,17.428070861699183,1,13.397560900597158,64.54071666150126,51.14315576090411,-78.92951005359993,positive_cross,toward_S4,0.7466308269834983
7,cx30,2024-03-29 23:11:13+00:00,40.289546,-88.126155,-86.6063663396675,1147.0,6.005079056823519,rs8,7.621492000347374,28.567121892586258,20.945629892238884,1,7.621492000347374,58.54661650780652,50.925124507459145,-78.92951005359993,positive_cross,toward_S4,0.8578359947024523
7,cx30,2024-03-29 23:11:14+00:00,40.289481,-88.126168,-79.35998159870542,1148.0,7.246384740962085,rs8,3.7680362235492937,26.39149570686921,22.623459483319916,1,3.7680362235492937,51.408996885191144,47.64096066164185,-78.92951005359993,positive_cross,toward_S4,0.9920283047202687
7,cx30,2024-03-29 23:11:15+00:00,40.289407,-88.126175,-71.1221856120344,1149.0,8.237795986671017,rs8,9.393359653673153,26.912770746450146,17.51941109277699,1,9.393359653673153,43.27499704524173,33.88163739156858,-78.92951005359993,positive_cross,toward_S4,1.1445800822512135
7,cx30,2024-03-29 23:11:16+00:00,40.289323,-88.126176,-61.78180154789885,1150.0,9.340384064135549,rs8,18.21364828215089,30.835638223510202,12.621989941359313,1,18.21364828215089,34.01984419653861,15.806195914387718,-78.92951005359993,positive_cross,toward_S4,1.3175501575129829
7,cx30,2024-03-29 23:11:17+00:00,40.289227,-88.126172,-51.11494569363961,1151.0,10.66685585425924,rs6,23.438286827508463,28.636420177602773,5.198133350094309,2,23.438286827508463,28.636420177602773,5.198133350094309,-27.632700444717127,positive_cross,toward_S4,1.5651436065014355
7,cx30,2024-03-29 23:11:18+00:00,40.289125,-88.126166,-39.78408892445162,1152.0,11.330856769187989,rs6,12.337694593330756,32.756393568830305,20.41869897549955,2,12.337694593330756,39.84826522075098,27.510570627420226,-27.632700444717127,positive_cross,toward_S4,1.7749742874123242
7,cx30,2024-03-29 23:11:19+00:00,40.289016,-88.126164,-27.66887414818835,1153.0,12.115214776263272,rs6,3.966999789364065,30.56888764306039,26.601887853696326,2,3.966999789364065,51.92249024541973,47.955490456055664,-27.632700444717127,positive_cross,toward_S4,1.9993301166023847
7,cx30,2024-03-29 23:11:20+00:00,40.288895,-88.126163,-14.218007326128403,1154.0,13.450866822059949,rs6,14.469881317039025,33.4467537716183,18.976872454579272,2,14.469881317039025,40.16219270049582,25.692311383456797,-27.632700444717127,positive_cross,toward_S4,2.2484202429368283
7,cx30,2024-03-29 23:11:21+00:00,40.288779,-88.126162,-1.323024672238858,1155.0,12.894982653889544,rs6,27.113004685918547,27.35626125158977,0.24325656567122422,2,27.113004685918547,27.35626125158977,0.24325656567122422,-27.632700444717127,positive_cross,toward_S4,2.487216218008857
7,cx30,2024-03-29 23:11:22+00:00,40.288662,-88.126164,11.687724943623495,1156.0,13.010749615862354,rs3,14.687466170839455,36.88680969818521,22.199343527345754,3,14.687466170839455,40.057433527106504,25.369967356267047,26.33125891160298,positive_cross,toward_S4,2.728823445037417
7,cx30,2024-03-29 23:11:23+00:00,40.288548,-88.126164,24.361883973779147,1157.0,12.674159030155652,rs3,4.593083364341494,33.873249716046296,29.2801663517048,3,4.593083364341494,52.69059315932234,48.097509794980844,26.33125891160298,positive_cross,toward_S4,2.9635300937440032
7,cx30,2024-03-29 23:11:24+00:00,40.288436,-88.126166,36.81674942226105,1158.0,12.4548654484819,rs3,12.022822890895876,35.20788708546124,23.185064194565363,3,12.022822890895876,42.52707964168064,30.50425675078477,26.33125891160298,positive_cross,toward_S4,3.1941757501973718
7,cx30,2024-03-29 23:11:25+00:00,40.288333,-88.126169,48.27255341065299,1159.0,11.455803988391942,rs3,23.0874989385537,31.191534972738356,8.104036034184656,3,23.0874989385537,31.191534972738356,8.104036034184656,26.33125891160298,positive_cross,toward_S4,3.406320268500926
7,cx30,2024-03-29 23:11:26+00:00,40.288237,-88.126173,58.95164960711888,1160.0,10.679096196465892,rs1,20.77327580078579,33.65436706966381,12.881091268878023,4,20.77327580078579,33.65436706966381,12.881091268878023,80.2309515867141,positive_cross,toward_S4,3.605938852229718
7,cx30,2024-03-29 23:11:27+00:00,40.288145,-88.126176,69.18450842668972,1161.0,10.232858819570836,rs1,11.231538403066962,34.302459814296604,23.07092141122964,4,11.231538403066962,43.82507619314507,32.59353779007811,80.2309515867141,positive_cross,toward_S4,3.7954362377773263
7,cx30,2024-03-29 23:11:28+00:00,40.288065,-88.126182,78.08783537116133,1162.0,8.903326944471615,rs1,5.844673564508049,31.862611354899318,26.01793779039127,4,5.844673564508049,52.72127074622484,46.87659718171679,80.2309515867141,positive_cross,toward_S4,3.9603126626749487
7,cx30,2024-03-29 23:11:29+00:00,40.288002,-88.126189,85.10268618822128,1163.0,7.014850817059951,rs1,8.714973198092636,31.43015385271783,22.715180654625193,4,8.714973198092636,59.751219738957055,51.03624654086442,80.2309515867141,positive_cross,toward_S4,4.090217307435318
7,cx30,2024-03-29 23:11:30+00:00,40.287949,-88.126219,91.04095965514537,1164.0,5.9382734669240875,rs1,14.829265069074943,30.335319231627015,15.506054162552072,4,14.829265069074943,65.91565259923784,51.0863875301629,80.2309515867141,positive_cross,toward_S4,4.2001853346005795
7,cx30,2024-03-29 23:11:31+00:00,40.287911,-88.126259,95.32688104636378,1165.0,4.285921391218409,rs1,20.247526582105067,28.999152471168582,8.751625889063515,4,20.247526582105067,70.62341532258408,50.37588874047901,80.2309515867141,positive_cross,toward_S4,4.279554249252772
7,cx30,2024-03-29 23:11:32+00:00,40.287882,-88.126315,98.63669162140354,1166.0,3.309810575039762,rs1,25.758701735178317,26.96087754809637,1.2021758129180533,4,25.758701735178317,74.7493068116188,48.990605076440474,80.2309515867141,positive_cross,toward_S4,4.340847037679434
7,cx30,2024-03-29 23:11:33+00:00,40.287871,-88.126382,99.96214966368998,1167.0,1.3254580422864422,rs2,23.897924387912695,30.631497335416523,6.733572947503827,4,23.897924387912695,74.81556281458259,50.917638426669896,80.2309515867141,negative_cross,toward_S4,4.365392556981035
7,cx30,2024-03-29 23:11:34+00:00,40.287882,-88.126442,98.83100706660781,1168.0,-1.1311425970821745,rs2,20.053979565171907,33.86386214678333,13.809882581611426,4,20.053979565171907,72.73008814233944,52.67610857716753,80.2309515867141,negative_cross,toward_S1,4.344445471849884
7,cx30,2024-03-29 23:11:35+00:00,40.287908,-88.126493,96.01844158000115,1169.0,-2.8125654866066583,rs2,15.617061631634696,36.09418689566904,20.477125264034342,4,15.617061631634696,69.36712848751229,53.75006685587759,80.2309515867141,negative_cross,toward_S1,4.292360925801612
7,cx30,2024-03-29 23:11:36+00:00,40.287946,-88.126527,91.84574336158283,1170.0,-4.172698218418319,rs2,10.73201250430279,37.08809026923114,26.356077764928347,4,10.73201250430279,64.95931279952708,54.227300295224296,80.2309515867141,negative_cross,toward_S1,4.215088736571643
7,cx30,2024-03-29 23:11:37+00:00,40.288,-88.126542,85.86514499077428,1171.0,-5.980598370808551,rs2,4.596342212054932,36.8211292635003,32.224787051445375,4,4.596342212054932,58.908907767913824,54.312565555858896,80.2309515867141,negative_cross,toward_S1,4.104336914890004
7,cx30,2024-03-29 23:11:38+00:00,40.288057,-88.126529,79.50817491792387,1172.0,-6.356970072850416,rs2,2.98397753465191,35.19350668892918,32.20952915427727,4,2.98397753465191,52.620142043046435,49.63616450839452,80.2309515867141,negative_cross,toward_S1,3.986615246874255
7,cx30,2024-03-29 23:11:39+00:00,40.288121,-88.126519,72.37755713970279,1173.0,-7.13061777822108,rs2,9.553882651058167,35.10433810880897,25.5504554577508,4,9.553882651058167,45.57452285566855,36.02064020461038,80.2309515867141,negative_cross,toward_S1,3.8545667694997907
7,cx30,2024-03-29 23:11:40+00:00,40.28819,-88.126518,64.70482557843332,1174.0,-7.672731561269472,rs2,17.005141894724403,37.37479310905572,20.36965121433132,4,17.005141894724403,37.93855301323668,20.933411118512275,80.2309515867141,negative_cross,toward_S1,3.7124791479948005
7,cx30,2024-03-29 23:11:41+00:00,40.288269,-88.126524,55.931035981781214,1175.0,-8.773789596652101,rs2,25.627083130777855,29.146952953514592,3.5198698227367373,4,25.627083130777855,29.146952953514592,3.5198698227367373,80.2309515867141,negative_cross,toward_S1,3.5500015628716133
7,cx30,2024-03-29 23:11:42+00:00,40.288348,-88.126527,47.15265625649181,1176.0,-8.778379725289405,rs5,20.400030630806867,34.35766061865723,13.95762998785036,3,20.400030630806867,34.35766061865723,13.95762998785036,26.33125891160298,negative_cross,toward_S1,3.385581432312756
7,cx30,2024-03-29 23:11:43+00:00,40.288437,-88.126526,37.25638802341764,1177.0,-9.896268233074167,rs5,10.733742403566207,36.79446653875695,26.060724135190743,3,10.733742403566207,44.241749116944085,33.50800671337788,26.33125891160298,negative_cross,toward_S1,3.2023172057743454
7,cx30,2024-03-29 23:11:44+00:00,40.288529,-88.126516,27.01281890451203,1178.0,-10.243569118905612,rs5,3.945460112664838,34.26853235887281,30.32307224620797,3,3.945460112664838,54.093954206261294,50.148494093596454,26.33125891160298,negative_cross,toward_S1,3.0126214813501675
7,cx30,2024-03-29 23:11:45+00:00,40.288616,-88.126506,17.325133952986864,1179.0,-9.687684951525167,rs5,10.759101686605621,34.575812345453684,23.816710658848063,3,10.759101686605621,44.43980941957037,33.68070773296475,26.33125891160298,negative_cross,toward_S1,2.8332199081737754
7,cx30,2024-03-29 23:11:46+00:00,40.288696,-88.126494,8.412626750450652,1180.0,-8.912507202536212,rs5,19.42031948450792,35.60749154640518,16.187172061897257,3,19.42031948450792,35.60749154640518,16.187172061897257,26.33125891160298,negative_cross,toward_S1,2.668173478497179
7,cx30,2024-03-29 23:11:47+00:00,40.288775,-88.126479,-0.39329374657568217,1181.0,-8.805920497026335,rs7,27.00261029617115,28.220870103301987,1.2182598071308384,2,27.00261029617115,28.220870103301987,1.2182598071308384,-27.632700444717127,negative_cross,toward_S1,2.50443345737299
7,cx30,2024-03-29 23:11:48+00:00,40.288857,-88.126464,-9.532744744354964,1182.0,-9.139450997779281,rs7,18.3353384147976,34.5550507895609,16.2197123747633,2,18.3353384147976,37.38381549930703,19.048477084509432,-27.632700444717127,negative_cross,toward_S1,2.3351843648215214
7,cx30,2024-03-29 23:11:49+00:00,40.288947,-88.126455,-19.55243015373948,1183.0,-10.019685409384515,rs7,9.606268221588097,29.767325043120557,20.161056821532462,2,9.606268221588097,47.33511977821381,37.72885155662571,-27.632700444717127,negative_cross,toward_S1,2.1496346350181046
7,cx30,2024-03-29 23:11:50+00:00,40.289039,-88.126454,-29.782228887566593,1184.0,-10.229798733827113,rs7,6.520989538741184,28.615925500315342,22.09493596157416,2,6.520989538741184,48.66328094410102,42.142291405359835,-27.632700444717127,negative_cross,toward_S1,1.9601939177250098
7,cx30,2024-03-29 23:11:51+00:00,40.289135,-88.126458,-40.44908474103588,1185.0,-10.66685585346929,rs7,14.453317352555016,31.568202753210116,17.114885400655098,2,14.453317352555016,37.98111776213099,23.527800409575974,-27.632700444717127,negative_cross,toward_S1,1.7626595500681712
7,cx30,2024-03-29 23:11:52+00:00,40.289235,-88.126458,-51.5667681000593,1186.0,-11.117683359023417,rs7,25.075490688665347,26.87579315301488,1.8003024643495316,2,25.075490688665347,26.87579315301488,1.8003024643495316,-27.632700444717127,negative_cross,toward_S1,1.5567765249010708
7,cx30,2024-03-29 23:11:53+00:00,40.289331,-88.126456,-62.24280421078148,1187.0,-10.67603611072218,rs10,16.256484802986716,32.812449166400356,16.55596436341364,1,16.256484802986716,35.5890845858998,19.332599782913082,-78.92951005359993,negative_cross,toward_S1,1.3090130711633046
7,cx30,2024-03-29 23:11:54+00:00,40.289417,-88.126453,-71.8086020288899,1188.0,-9.565797818108415,rs10,6.933726562936976,28.861407975675636,21.92768141273866,1,6.933726562936976,45.08727252949892,38.15354596656194,-78.92951005359993,negative_cross,toward_S1,1.13186866712426
7,cx30,2024-03-29 23:11:55+00:00,40.289493,-88.12645,-80.26263151067923,1189.0,-8.454029481789334,rs10,3.096292142409787,27.720436419217812,24.624144276808025,1,3.096292142409787,53.50546372456195,50.40917158215216,-78.92951005359993,negative_cross,toward_S1,0.9753125656096425
7,cx30,2024-03-29 23:11:56+00:00,40.28956,-88.126449,-87.713009404553,1190.0,-7.450377893873778,rs10,9.672771954429816,28.94532230591436,19.272550351484544,1,9.672771954429816,60.92089427179184,51.24812231736202,-78.92951005359993,negative_cross,toward_S1,0.8373426046119801
7,cx30,2024-03-29 23:11:57+00:00,40.28962,-88.126438,-94.40044989160097,1191.0,-6.687440487047965,rs10,16.379108271916007,30.78637357790038,14.407265305984374,1,16.379108271916007,67.65593196978821,51.2768236978722,-78.92951005359993,negative_cross,toward_S1,0.7135011141110918
7,cx30,2024-03-29 23:11:58+00:00,40.289667,-88.126402,-99.68084261429378,1192.0,-5.28039272269281,rs10,22.21537148068388,31.340506527392073,9.125135046708191,1,22.21537148068388,73.22510358851427,51.00973210783039,-78.92951005359993,negative_cross,toward_S1,0.6157160636908545
7,cx30,2024-03-29 23:11:59+00:00,40.289694,-88.126351,-102.76064930753505,1193.0,-3.0798066932412667,rs10,26.558026575111487,30.48420560411675,3.9261790290052616,1,26.558026575111487,76.90786578521923,50.349839210107746,-78.92951005359993,negative_cross,toward_S1,0.5586826064086089
7,cx30,2024-03-29 23:12:00+00:00,40.289706,-88.12629,-104.18810392667234,1194.0,-1.4274546191372934,rs8,28.655896122579524,30.182738120428066,1.5268419978485426,1,28.655896122579524,77.64688995920855,48.99099383662903,-78.92951005359993,positive_cross,toward_S1,0.5322482616097701
7,cx30,2024-03-29 23:12:01+00:00,40.289699,-88.126226,-103.5077888351443,1195.0,0.680315091528044,rs8,25.673029587098785,32.7933950285898,7.120365441491014,1,25.673029587098785,76.03644445062801,50.36341486352923,-78.92951005359993,positive_cross,toward_S4,0.5448466892306598
7,cx30,2024-03-29 23:12:02+00:00,40.289664,-88.126174,-99.69616188921584,1196.0,3.8116269459284524,rs8,20.71165107725454,33.26250040638164,12.5508493291271,1,20.71165107725454,71.74502520718436,51.03337412992981,-78.92951005359993,positive_cross,toward_S4,0.6154323734145201
7,cx30,2024-03-29 23:12:03+00:00,40.289607,-88.126151,-93.39427335990449,1197.0,6.301888529311356,rs8,14.118239875922477,31.406784762438107,17.28854488651563,1,14.118239875922477,65.306880701469,51.18864082554652,-78.92951005359993,positive_cross,toward_S4,0.7321340128462118
7,cx30,2024-03-29 23:12:04+00:00,40.28954,-88.126158,-85.9347152095678,1198.0,7.45955815033669,rs8,7.100885561899208,28.146410041450185,21.045524479550977,1,7.100885561899208,57.89476207435995,50.79387651246074,-78.92951005359993,positive_cross,toward_S4,0.8702739785931876
7,cx30,2024-03-29 23:12:05+00:00,40.289464,-88.126164,-77.47609559914113,1199.0,8.458619610426666,rs8,3.958318629490671,26.759104714384325,22.800786084893655,1,3.958318629490671,49.496804193830194,45.538485564339524,-78.92951005359993,positive_cross,toward_S4,1.0269150824899778
7,cx30,2024-03-29 23:12:06+00:00,40.289382,-88.126167,-68.35500511588937,1200.0,9.121090483251763,rs8,11.695162922582329,28.46480283545386,16.769639912871533,1,11.695162922582329,40.43723605511193,28.742073132529605,-78.92951005359993,positive_cross,toward_S4,1.1958241655131585
7,cx30,2024-03-29 23:12:07+00:00,40.289294,-88.126166,-58.57297380187267,1201.0,9.782031314016699,rs8,21.195801193606517,30.707330661338464,9.511529467731947,1,21.195801193606517,30.707330661338464,9.511529467731947,-78.92951005359993,positive_cross,toward_S4,1.3769728935505048
7,cx30,2024-03-29 23:12:08+00:00,40.289198,-88.126161,-47.90764799127523,1202.0,10.665325810597437,rs6,20.094050920849302,31.725119084762206,11.631068163912904,2,20.094050920849302,31.725119084762206,11.631068163912904,-27.632700444717127,positive_cross,toward_S4,1.6245380083970722
7,cx30,2024-03-29 23:12:09+00:00,40.289096,-88.126159,-36.57067105057807,1203.0,11.336976940697163,rs6,9.112845583100937,32.26659212009291,23.153746536991974,2,9.112845583100937,43.01610141417865,33.903255831077715,-27.632700444717127,positive_cross,toward_S4,1.83448202581739
7,cx30,2024-03-29 23:12:10+00:00,40.288986,-88.126158,-24.342749398129197,1204.0,12.227921652448874,rs6,5.136966801794475,31.24825528660876,26.111288484814285,2,5.136966801794475,50.20246597906872,45.06549917727425,-27.632700444717127,positive_cross,toward_S4,2.060925019381258
7,cx30,2024-03-29 23:12:11+00:00,40.288869,-88.12616,-11.331999781498626,1205.0,13.010749616630571,rs6,17.219617019106845,34.930041774411535,17.71042475530469,2,17.219617019106845,37.25973759958193,20.040120580475087,-27.632700444717127,positive_cross,toward_S4,2.301864827096639
7,cx30,2024-03-29 23:12:12+00:00,40.288753,-88.126162,1.5675730010282345,1206.0,12.89957278252686,rs3,24.503148718761167,29.97953422728093,5.476385508519762,3,24.503148718761167,29.97953422728093,5.476385508519762,26.33125891160298,positive_cross,toward_S4,2.541413223878245
7,cx30,2024-03-29 23:12:13+00:00,40.288637,-88.126164,14.467145783576838,1207.0,12.899572782548603,rs3,12.062941027665655,35.86568694929935,23.802745921633697,3,12.062941027665655,42.8255032859667,30.762562258301042,26.33125891160298,positive_cross,toward_S4,2.780294201332849
7,cx30,2024-03-29 23:12:14+00:00,40.288523,-88.126166,27.144364899476205,1208.0,12.677219115899367,rs3,4.788110295353702,33.64786491259716,28.859754617243453,3,4.788110295353702,52.161546493382154,47.37343619802845,26.33125891160298,positive_cross,toward_S4,3.0150575182939487
7,cx30,2024-03-29 23:12:15+00:00,40.288412,-88.126169,39.489583556748,1209.0,12.345218657271797,rs3,14.609750365803926,35.84863212327737,21.238881757473443,3,14.609750365803926,39.90175173414355,25.292001368339626,26.33125891160298,positive_cross,toward_S4,3.243672678613797
7,cx30,2024-03-29 23:12:16+00:00,40.288305,-88.126172,51.39009487995311,1210.0,11.900511323205109,rs3,26.18943763696289,28.159033432027268,1.9695957950643788,3,26.18943763696289,28.159033432027268,1.9695957950643788,26.33125891160298,positive_cross,toward_S4,3.46405251793241
7,cx30,2024-03-29 23:12:17+00:00,40.288204,-88.126174,62.622015158845684,1211.0,11.231920278892574,rs1,17.25753714821625,37.203790687622856,19.946253539406605,4,17.25753714821625,37.29754047080533,20.04000332258908,80.2309515867141,positive_cross,toward_S4,3.6739085846691033
7,cx30,2024-03-29 23:12:18+00:00,40.288117,-88.126177,72.2989898102461,1212.0,9.676974651400414,rs1,8.653155503211378,33.28784589243281,24.634690389221433,4,8.653155503211378,46.92700820585544,38.27385270264406,80.2309515867141,positive_cross,toward_S4,3.853111818954296
7,cx30,2024-03-29 23:12:19+00:00,40.288032,-88.126183,81.7582009228664,1213.0,9.459211112620295,rs1,6.404871438698508,31.66742559798707,25.262554159288563,4,6.404871438698508,56.37899483700537,49.974123398306865,80.2309515867141,positive_cross,toward_S4,4.028282395113932
7,cx30,2024-03-29 23:12:20+00:00,40.287964,-88.126201,89.34576637891897,1214.0,7.587565456052573,rs1,12.58030116462747,31.28847445842063,18.70817329379316,4,12.58030116462747,64.06601259544371,51.48571143081624,80.2309515867141,positive_cross,toward_S4,4.168792866522312
7,cx30,2024-03-29 23:12:21+00:00,40.287907,-88.126241,95.74404760941829,1215.0,6.398281230499322,rs1,19.73041650470877,30.548822754278742,10.818406249569971,4,19.73041650470877,70.80968322157179,51.07926671686302,80.2309515867141,positive_cross,toward_S4,4.287279555976004
7,cx30,2024-03-29 23:12:22+00:00,40.287868,-88.126299,100.16868660573084,1216.0,4.424638996312552,rs1,26.1092472185784,29.006730143116332,2.8974829245379325,4,26.1092472185784,75.97074925233119,49.861502033752785,80.2309515867141,positive_cross,toward_S4,4.369217315166977
7,cx30,2024-03-29 23:12:23+00:00,40.287856,-88.12637,101.61144165360844,1217.0,1.442755047877597,rs2,25.839785701017778,31.054662900694822,5.214877199677044,4,25.839785701017778,76.65983409363388,50.8200483926161,80.2309515867141,negative_cross,toward_S4,4.395935001238784
7,cx30,2024-03-29 23:12:24+00:00,40.28787,-88.126439,100.16053894170702,1218.0,-1.4509027119014206,rs2,21.349911717661332,34.4386850933351,13.088773375673771,4,21.349911717661332,74.08735900975913,52.7374472920978,80.2309515867141,negative_cross,toward_S1,4.369066432499869
7,cx30,2024-03-29 23:12:25+00:00,40.287906,-88.126492,96.23926520454674,1219.0,-3.921273737160277,rs2,15.855120476517316,36.12066488521313,20.265544408695817,4,15.855120476517316,69.5960191640154,53.74089868749809,80.2309515867141,negative_cross,toward_S1,4.296450252182086
7,cx30,2024-03-29 23:12:26+00:00,40.288013,-88.126525,84.39383542485898,1220.0,-11.845429779687763,rs2,3.98929005556201,35.17594394010412,31.18665388454211,4,3.98929005556201,57.525336146736365,53.536046091174356,80.2309515867141,negative_cross,toward_S1,4.077090441447127
7,cx30,2024-03-29 23:12:28+00:00,40.288151,-88.126512,69.03154183147603,1222.0,-7.681146796691472,rs2,12.911281390352395,35.376214566733154,22.46493317638076,4,12.911281390352395,42.30557331273889,29.3942919223865,80.2309515867141,negative_cross,toward_S1,3.792603523051147
7,cx30,2024-03-29 23:12:29+00:00,40.288233,-88.126508,59.908921305330686,1223.0,-9.122620526145347,rs2,21.862081276889597,33.29018344594579,11.428102169056196,4,21.862081276889597,33.29018344594579,11.428102169056196,80.2309515867141,negative_cross,toward_S1,3.6236661059003072
7,cx30,2024-03-29 23:12:30+00:00,40.288322,-88.126505,50.009592986491064,1224.0,-9.899328318839622,rs5,23.578552840531856,31.67506462773164,8.096511787199784,3,23.578552840531856,31.67506462773164,8.096511787199784,26.33125891160298,negative_cross,toward_S1,3.438487668053483
7,cx30,2024-03-29 23:12:32+00:00,40.288416,-88.126503,39.555910543186336,1226.0,-5.226841221652364,rs5,13.585784420173477,35.7423690634268,22.156584643253325,3,13.585784420173477,42.07412542564981,28.488341005476336,26.33125891160298,negative_cross,toward_S1,3.2449009561404325
7,cx30,2024-03-29 23:12:33+00:00,40.288518,-88.126497,28.206693258702618,1227.0,-11.349217284483718,rs5,5.700051497598563,32.70899785185673,27.008946354258164,3,5.700051497598563,53.413195849324644,47.71314435172608,26.33125891160298,negative_cross,toward_S1,3.0347302656870303
7,cx30,2024-03-29 23:12:34+00:00,40.288729,-88.126464,4.697889956142959,1228.0,-23.50880330255966,rs5,23.721608797199725,32.25244922409195,8.530840426892222,3,23.721608797199725,32.25244922409195,8.530840426892222,26.33125891160298,negative_cross,toward_S1,2.59938205638037
7,cx30,2024-03-29 23:12:36+00:00,40.288831,-88.126453,-6.658977542721792,1230.0,-5.678433749432376,rs7,21.372961180871055,34.80854674519694,13.435585564325887,2,21.372961180871055,34.80854674519694,13.435585564325887,-27.632700444717127,negative_cross,toward_S1,2.3884022759628767
7,cx30,2024-03-29 23:12:37+00:00,40.288933,-88.12645,-18.00360469777824,1231.0,-11.344627155056447,rs7,11.114513282522784,29.830136710014415,18.71562342749163,2,11.114513282522784,45.89445923005164,34.77994594752885,-27.632700444717127,negative_cross,toward_S1,2.178316587906276
7,cx30,2024-03-29 23:12:38+00:00,40.289037,-88.12645,-29.565995391636562,1232.0,-11.562390693858323,rs7,6.750071685607374,28.262050198936713,21.51197851332934,2,6.750071685607374,48.90142320799809,42.15135152239072,-27.632700444717127,negative_cross,toward_S1,1.9641982417237143
7,cx30,2024-03-29 23:12:39+00:00,40.289139,-88.12645,-40.90603241807743,1233.0,-11.340037026440868,rs7,15.134056731971059,31.13434513156598,16.000288399594922,2,15.134056731971059,37.57504128260042,22.44098455062936,-27.632700444717127,negative_cross,toward_S1,1.7541975560488834
7,cx30,2024-03-29 23:12:40+00:00,40.28924,-88.12645,-52.134892611204556,1234.0,-11.228860193127126,rs7,25.775295176263548,26.375549563047297,0.6002543867837495,2,25.775295176263548,26.375549563047297,0.6002543867837495,-27.632700444717127,negative_cross,toward_S1,1.5462557006206032
7,cx30,2024-03-29 23:12:41+00:00,40.289332,-88.12645,-62.36316130213807,1235.0,-10.228268690933511,rs10,16.215466434952067,32.31849342104875,16.103026986096683,1,16.215466434952067,35.78498790004437,19.569521465092304,-78.92951005359993,negative_cross,toward_S1,1.3067842361381825
7,cx30,2024-03-29 23:12:42+00:00,40.289419,-88.126449,-72.03707586781651,1236.0,-9.673914565678444,rs10,6.842065848204885,28.477539117662758,21.635473269457872,1,6.842065848204885,45.3542817202797,38.51221587207482,-78.92951005359993,negative_cross,toward_S1,1.1276376701071003
7,cx30,2024-03-29 23:12:43+00:00,40.289497,-88.126446,-80.71345901623336,1237.0,-8.676383148416846,rs10,3.639053499899196,27.40526006766008,23.766206567760886,1,3.639053499899196,53.98800361938819,50.34895011948899,-78.92951005359993,negative_cross,toward_S1,0.9669639080993809
7,cx30,2024-03-29 23:12:44+00:00,40.289565,-88.126434,-88.29184421582302,1238.0,-7.578385199589661,rs10,10.599492835022087,27.913552767627035,17.31405993260495,1,10.599492835022087,61.61924581350381,51.01975297848172,-78.92951005359993,negative_cross,toward_S1,0.8266234414403131
7,cx30,2024-03-29 23:12:45+00:00,40.289621,-88.126395,-94.57741856855681,1239.0,-6.285574352733789,rs10,17.622091018970906,27.747350196280454,10.125259177309548,1,17.622091018970906,68.25710544330447,50.63501442433356,-78.92951005359993,negative_cross,toward_S1,0.7102239163896873
7,cx30,2024-03-29 23:12:46+00:00,40.289655,-88.126343,-98.43699314102601,1240.0,-3.8595745724691994,rs10,23.00180438029957,26.788241669429155,3.7864372891295837,1,23.00180438029957,72.79517344069308,49.7933690603935,-78.92951005359993,negative_cross,toward_S1,0.6387503131958133
7,cx30,2024-03-29 23:12:47+00:00,40.289665,-88.12628,-99.64515417772131,1241.0,-1.2081610366953015,rs8,24.31629334089227,26.953692635085094,2.637399294192825,1,24.31629334089227,73.00843575988262,48.69214241899034,-78.92951005359993,positive_cross,toward_S1,0.6163769606644188
7,cx30,2024-03-29 23:12:48+00:00,40.289653,-88.126228,-98.39059440432878,1242.0,1.254559773392529,rs8,21.001215977609153,28.99367595490666,7.992459977297507,1,21.001215977609153,70.98248715992419,49.98127118231504,-78.92951005359993,positive_cross,toward_S4,0.6396095490605768
7,cx30,2024-03-29 23:12:49+00:00,40.289621,-88.126184,-94.900257615345,1243.0,3.4903367889837824,rs8,16.30871621576503,29.768560585515775,13.459844369750744,1,16.30871621576503,67.03966075200603,50.730944536241,-78.92951005359993,positive_cross,toward_S4,0.7042454155232394
7,cx30,2024-03-29 23:12:50+00:00,40.289574,-88.126158,-89.71472755171474,1244.0,5.185530063630253,rs8,10.66229091181585,29.3304793125539,18.668188400738053,1,10.66229091181585,61.67023054086648,51.007939629050625,-78.92951005359993,positive_cross,toward_S4,0.8002737500349107
7,cx30,2024-03-29 23:12:51+00:00,40.289518,-88.126157,-83.49035491321752,1245.0,6.224372638497229,rs8,4.923599161200133,27.713780379948894,22.79018121874876,1,4.923599161200133,55.44708448818359,50.52348532698346,-78.92951005359993,positive_cross,toward_S4,0.9155399100070817
7,cx30,2024-03-29 23:12:52+00:00,40.289458,-88.126157,-76.81974489780346,1246.0,6.670610015414056,rs8,3.8778330490409645,27.39321211793405,23.515379068893083,1,3.8778330490409645,48.78730206604068,44.909469016999715,-78.92951005359993,positive_cross,toward_S4,1.039069725107342
7,cx30,2024-03-29 23:12:53+00:00,40.289389,-88.126158,-69.14701333653397,1247.0,7.672731561269487,rs8,10.726494534934714,28.906075329949562,18.17958079501485,1,10.726494534934714,41.14106355612598,30.414569021191262,-78.92951005359993,positive_cross,toward_S4,1.1811573466123324
7,cx30,2024-03-29 23:12:54+00:00,40.289313,-88.126162,-60.691453811872776,1248.0,8.455559524661197,rs8,19.055577397232724,32.441254363548815,13.38567696631609,1,19.055577397232724,32.76211425404078,13.706536856808057,-78.92951005359993,positive_cross,toward_S4,1.3377417822542066
7,cx30,2024-03-29 23:12:55+00:00,40.28923,-88.126164,-51.46071653815737,1249.0,9.230737273715405,rs6,23.643084176663233,28.215759107640785,4.572674930977552,2,23.643084176663233,28.215759107640785,4.572674930977552,-27.632700444717127,positive_cross,toward_S4,1.5587404427140696
7,cx30,2024-03-29 23:12:56+00:00,40.289138,-88.126166,-41.229387761480154,1250.0,10.231328776677216,rs6,13.709647688693696,33.32202441758714,19.61237672889344,2,13.709647688693696,38.40844853666161,24.698800847967913,-27.632700444717127,positive_cross,toward_S4,1.748209494134018
7,cx30,2024-03-29 23:12:57+00:00,40.28904,-88.126166,-30.33405806908423,1251.0,10.895329692395926,rs6,4.649185150959352,30.52298738394313,25.873802232983778,2,4.649185150959352,49.27129411638714,44.622108965427785,-27.632700444717127,positive_cross,toward_S4,1.9499748588080166
7,cx30,2024-03-29 23:12:58+00:00,40.288935,-88.126164,-18.66355062765587,1252.0,11.67050744142836,rs6,10.282191527544061,31.84687113169697,21.56467960415291,2,10.282191527544061,44.596390594637285,34.31419906709323,-27.632700444717127,positive_cross,toward_S4,2.1660953669826157
7,cx30,2024-03-29 23:12:59+00:00,40.288824,-88.126164,-6.322922098231426,1253.0,12.340628529424443,rs6,22.19673974580068,32.33326331241541,10.13652356661473,2,22.19673974580068,32.33326331241541,10.13652356661473,-27.632700444717127,positive_cross,toward_S4,2.3946255249349204
7,cx30,2024-03-29 23:13:00+00:00,40.288709,-88.126162,6.459353679472512,1254.0,12.782275777703937,rs3,19.70057900343486,34.84013253145165,15.13955352801679,3,19.70057900343486,34.84013253145165,15.13955352801679,26.33125891160298,positive_cross,toward_S4,2.632001754960547
7,cx30,2024-03-29 23:13:01+00:00,40.288589,-88.126161,19.799043667428755,1255.0,13.339689987956243,rs3,7.20371082536562,34.70356301547361,27.499852190107994,3,7.20371082536562,48.12412057359087,40.920409748225254,26.33125891160298,positive_cross,toward_S4,2.8790330510338107
7,cx30,2024-03-29 23:13:02+00:00,40.288462,-88.126164,33.92309166246029,1256.0,14.124047995031532,rs3,9.33060593612749,34.63117626740461,25.30057033127712,3,9.33060593612749,45.388353564856885,36.057747628729395,26.33125891160298,positive_cross,toward_S4,3.1405894953862465
7,cx30,2024-03-29 23:13:03+00:00,40.28834,-88.126167,47.491255490111364,1257.0,13.568163827651077,rs3,22.290645692105887,31.93738873098534,9.646743038879453,3,22.290645692105887,31.93738873098534,9.646743038879453,26.33125891160298,positive_cross,toward_S4,3.391851788490896
7,cx30,2024-03-29 23:13:04+00:00,40.288231,-88.126171,59.61565052283757,1258.0,12.124395032726206,rs1,20.084697547257893,34.28889260718556,14.204195059927667,4,20.084697547257893,34.28889260718556,14.204195059927667,80.2309515867141,positive_cross,toward_S4,3.618235165483768
7,cx30,2024-03-29 23:13:05+00:00,40.288136,-88.126176,70.18509992888333,1259.0,10.569449406045763,rs1,10.356829019529288,33.97435708089062,23.617528061361334,4,10.356829019529288,44.818618751691744,34.46178973216246,80.2309515867141,positive_cross,toward_S4,3.813965710040171
7,cx30,2024-03-29 23:13:06+00:00,40.288053,-88.126183,79.42348741774796,1260.0,9.238387488864632,rs1,5.844973844092756,31.6887437199264,25.843769875833644,4,5.844973844092756,54.05710986953434,48.21213602544158,80.2309515867141,positive_cross,toward_S4,3.9850469598339604
7,cx30,2024-03-29 23:13:07+00:00,40.287986,-88.126195,86.8906957832339,1261.0,7.467208365485931,rs1,10.348775784855302,31.21817043745498,20.869394652599677,4,10.348775784855302,61.576532048984255,51.227756264128956,80.2309515867141,positive_cross,toward_S4,4.123328596231848
7,cx30,2024-03-29 23:13:08+00:00,40.287929,-88.126231,93.28285684145582,1262.0,6.39216105822193,rs1,17.227842615868795,30.21523369734245,12.987391081473653,4,17.227842615868795,68.26263624974058,51.034793633871786,80.2309515867141,positive_cross,toward_S4,4.241701949161884
7,cx30,2024-03-29 23:13:09+00:00,40.287889,-88.126282,97.80796237172562,1263.0,4.525105530269798,rs1,23.376727191954473,28.679834924050322,5.3031077320958495,4,23.376727191954473,73.39129965596241,50.01457246400794,80.2309515867141,positive_cross,toward_S4,4.325500199722436
7,cx30,2024-03-29 23:13:10+00:00,40.287871,-88.126348,99.91012820589462,1264.0,2.102165834169,rs2,25.780879736981305,28.55735785596235,2.7764781189810464,4,25.780879736981305,75.45888611024142,49.67800637326012,80.2309515867141,negative_cross,toward_S4,4.364429196651491
7,cx30,2024-03-29 23:13:11+00:00,40.287876,-88.126412,99.45216678259573,1265.0,-0.45796142329889733,rs2,21.950128198313188,32.21633228881342,10.266204090500231,4,21.950128198313188,73.78851240396014,51.83838420564695,80.2309515867141,negative_cross,ambiguous,4.355948429553363
7,cx30,2024-03-29 23:13:12+00:00,40.287899,-88.126467,96.9792519674395,1266.0,-2.47291481515623,rs2,17.399784320472282,34.63749588457784,17.237711564105556,4,17.399784320472282,70.58369037825122,53.18390605777894,80.2309515867141,negative_cross,toward_S1,4.310153710754174
7,cx30,2024-03-29 23:13:13+00:00,40.28794,-88.126502,92.47455329116185,1267.0,-4.504698676277641,rs2,12.0222414208905,35.32958884434288,23.307347423452377,4,12.0222414208905,65.75745522850735,53.73521380761685,80.2309515867141,negative_cross,toward_S1,4.22673336489718
7,cx30,2024-03-29 23:13:14+00:00,40.287988,-88.126519,87.16407600755942,1268.0,-5.310477283602438,rs2,6.575067705231723,35.160571580977205,28.58550387574548,4,6.575067705231723,60.33093524887472,53.75586754364299,80.2309515867141,negative_cross,toward_S1,4.128391192978617
7,cx30,2024-03-29 23:13:15+00:00,40.288045,-88.12652,80.82852653574844,1269.0,-6.335549471810978,rs2,3.1149479472402435,34.45018169044394,31.3352337432037,4,3.1149479472402435,53.99856831877533,50.88362037153508,80.2309515867141,negative_cross,toward_S1,4.011066202759896
7,cx30,2024-03-29 23:13:16+00:00,40.288109,-88.12652,73.71320918549948,1270.0,-7.115317350248958,rs2,8.273555333500022,34.936270642634106,26.662715309134086,4,8.273555333500022,46.89838021052803,38.62482487702801,80.2309515867141,negative_cross,toward_S1,3.8793010666441736
7,cx30,2024-03-29 23:13:17+00:00,40.288181,-88.126519,65.70694712349878,1271.0,-8.006262062000701,rs2,16.006586986276435,37.0646959455663,21.058108959289864,4,16.006586986276435,38.92661253687286,22.920025550596424,80.2309515867141,negative_cross,toward_S1,3.7310369543849013
7,cx30,2024-03-29 23:13:18+00:00,40.288263,-88.126517,56.587386683118886,1272.0,-9.119560440379892,rs2,25.035360773925742,29.881109894910676,4.845749120984934,4,25.035360773925742,29.881109894910676,4.845749120984934,80.2309515867141,negative_cross,toward_S1,3.5621562054889777
7,cx30,2024-03-29 23:13:19+00:00,40.288352,-88.126514,46.688058364279264,1273.0,-9.899328318839622,rs5,20.156056195521263,34.89702622468129,14.740970029160028,3,20.156056195521263,34.89702622468129,14.740970029160028,26.33125891160298,negative_cross,toward_S1,3.3769777676421535
7,cx30,2024-03-29 23:13:20+00:00,40.288452,-88.126511,35.56578487661854,1274.0,-11.122273487660728,rs5,9.65429356087487,35.10174142878011,25.44744786790524,3,9.65429356087487,45.99581528624623,36.34152172537136,26.33125891160298,negative_cross,toward_S1,3.1710097400928805
7,cx30,2024-03-29 23:13:21+00:00,40.288555,-88.126506,24.106920801714665,1275.0,-11.458864074903872,rs5,5.575539732337839,33.4780156295237,27.902475897185866,3,5.575539732337839,51.22102267618459,45.64548294384675,26.33125891160298,negative_cross,toward_S1,2.9588085535205866
7,cx30,2024-03-29 23:13:22+00:00,40.288663,-88.126489,12.073812044924573,1276.0,-12.033108756790092,rs5,16.115276747150343,34.9506294640633,18.835352716912954,3,16.115276747150343,39.29932738579801,23.184050638647665,26.33125891160298,negative_cross,toward_S1,2.735973206172622
7,cx30,2024-03-29 23:13:23+00:00,40.28877,-88.126469,0.14728999281091587,1277.0,-11.926522052113658,rs7,27.684290873402,27.91207542378864,0.22778455038664092,2,27.684290873402,27.91207542378864,0.22778455038664092,-27.632700444717127,negative_cross,toward_S1,2.5144442673616303
7,cx30,2024-03-29 23:13:24+00:00,40.288871,-88.126462,-11.092280500440953,1278.0,-11.239570493251868,rs7,16.897925193550563,33.61442869648322,16.71650350293266,2,16.897925193550563,38.93993852575237,22.042013332201805,-27.632700444717127,negative_cross,toward_S1,2.3063040730421513
7,cx30,2024-03-29 23:13:25+00:00,40.288971,-88.126461,-22.21149390233623,1279.0,-11.119213401895276,rs7,7.288431446062783,29.648543858411145,22.36011241234836,2,7.288431446062783,49.86675170690771,42.57832026084493,-27.632700444717127,negative_cross,toward_S1,2.1003927137477945
7,cx30,2024-03-29 23:13:26+00:00,40.289072,-88.126462,-33.4388240525915,1280.0,-11.22733015025527,rs7,8.228663531240853,29.77809178641837,21.549428255177517,2,8.228663531240853,44.96970081575971,36.74103728451885,-27.632700444717127,negative_cross,toward_S1,1.8924791924467708
7,cx30,2024-03-29 23:13:27+00:00,40.289177,-88.126464,-45.109331494809815,1281.0,-11.670507442218316,rs7,18.698782967622705,33.29213194716293,14.593348979540224,2,18.698782967622705,33.29213194716293,14.593348979540224,-27.632700444717127,negative_cross,toward_S1,1.6763586842575429
7,cx30,2024-03-29 23:13:28+00:00,40.289272,-88.126464,-55.67113068568457,1282.0,-10.561799190874751,rs10,22.73694034989807,29.006531186897,6.26959083699893,1,22.73694034989807,29.006531186897,6.26959083699893,-78.92951005359993,negative_cross,toward_S1,1.4307107290354697
7,cx30,2024-03-29 23:13:29+00:00,40.289359,-88.126458,-65.35269546572229,1283.0,-9.681564780037725,rs10,13.145901484188416,31.487806126443683,18.341904642255265,1,13.145901484188416,38.640120821613976,25.494219337425562,-78.92951005359993,negative_cross,toward_S1,1.2514224923681043
7,cx30,2024-03-29 23:13:30+00:00,40.289437,-88.126451,-74.03519878643829,1284.0,-8.682503320715995,rs10,4.955475100595638,28.220688020034846,23.265212919439207,1,4.955475100595638,47.314632151404766,42.35915705080913,-78.92951005359993,negative_cross,toward_S1,1.0906353938363267
7,cx30,2024-03-29 23:13:31+00:00,40.28951,-88.126445,-82.16028789613377,1285.0,-8.12508910969548,rs10,4.74745189832194,27.448020772516692,22.70056887419475,1,4.74745189832194,55.43347671687629,50.68602481855435,-78.92951005359993,negative_cross,toward_S1,0.9401707806938178
7,cx30,2024-03-29 23:13:32+00:00,40.289574,-88.126431,-89.29702584665395,1286.0,-7.136737950520185,rs10,11.625668191191094,28.02417891062362,16.398510719432522,1,11.625668191191094,62.64429225751048,51.01862406631938,-78.92951005359993,negative_cross,toward_S1,0.8080089667952959
7,cx30,2024-03-29 23:13:33+00:00,40.289622,-88.126395,-94.68859540266052,1287.0,-5.391569556006573,rs10,17.723872742065957,27.809566269637422,10.085693527571465,1,17.723872742065957,68.36688822109423,50.64301547902827,-78.92951005359993,negative_cross,toward_S1,0.7081650861285074
7,cx30,2024-03-29 23:13:34+00:00,40.289657,-88.126346,-98.65475667903793,1288.0,-3.966161276377406,rs10,23.068950589170797,27.125092240367934,4.056141651197137,1,23.068950589170797,72.95942035540496,49.89046976623416,-78.92951005359993,negative_cross,toward_S1,0.6347176550844814
7,cx30,2024-03-29 23:13:35+00:00,40.289675,-88.126285,-100.74927229963758,1289.0,-2.094515620599651,rs8,25.48108163951193,27.574137221697004,2.093055582185073,1,25.48108163951193,74.1810582924895,48.69997665297757,-78.92951005359993,positive_cross,toward_S1,0.5959303287770805
7,cx30,2024-03-29 23:13:36+00:00,40.289658,-88.126225,-98.95106870109302,1290.0,1.7982035985445606,rs8,21.403174453153355,29.55896680767666,8.155792354523307,1,21.403174453153355,71.50091115715726,50.09773670400391,-78.92951005359993,positive_cross,toward_S4,0.6292303954167946
7,cx30,2024-03-29 23:13:37+00:00,40.289624,-88.126181,-95.23837824548173,1291.0,3.7126904556112947,rs8,16.549146423199588,30.163548111147165,13.614401687947577,1,16.549146423199588,67.35135996121001,50.80221353801042,-78.92951005359993,positive_cross,toward_S4,0.6979839223725592
7,cx30,2024-03-29 23:13:38+00:00,40.289567,-88.126161,-88.93189958753307,1292.0,6.306478657948659,rs8,9.993610568838655,28.811947415094004,18.81833684625535,1,9.993610568838655,60.907722344386784,50.91411177554813,-78.92951005359993,positive_cross,toward_S4,0.8147705641864234
7,cx30,2024-03-29 23:13:39+00:00,40.289502,-88.126169,-81.69316506095203,1293.0,7.238734526581041,rs8,4.459210146877554,26.45831674056089,21.999106593683337,1,4.459210146877554,53.74382508799568,49.28461494111813,-78.92951005359993,positive_cross,toward_S4,0.9488212035675537
7,cx30,2024-03-29 23:13:40+00:00,40.289435,-88.126172,-74.23972708135628,1294.0,7.453437979595748,rs8,6.630102948623566,26.444627499966714,19.814524551343148,1,6.630102948623566,46.34483634153418,39.71473339291062,-78.92951005359993,positive_cross,toward_S4,1.0868478328193267
7,cx30,2024-03-29 23:13:41+00:00,40.289355,-88.126171,-65.34711043700939,1295.0,8.892616644346887,rs8,14.665650471762383,29.39857118476042,14.732920712998038,1,14.665650471762383,37.49108851211867,22.82543804035629,-78.92951005359993,positive_cross,toward_S4,1.2515259188257506
7,cx30,2024-03-29 23:13:42+00:00,40.289268,-88.126172,-55.67319587135268,1296.0,9.673914565656709,rs8,24.132130568228277,27.923719057241914,3.7915884890136375,1,24.132130568228277,27.923719057241914,3.7915884890136375,-78.92951005359993,positive_cross,toward_S4,1.4306724848564305
7,cx30,2024-03-29 23:13:43+00:00,40.289177,-88.126175,-45.55151388588557,1297.0,10.121681985467113,rs6,18.08603889570215,34.181115662783384,16.095076767081235,2,18.08603889570215,34.181115662783384,16.095076767081235,-27.632700444717127,positive_cross,toward_S4,1.6681701214598437
7,cx30,2024-03-29 23:13:44+00:00,40.289081,-88.126179,-34.87241768941967,1298.0,10.679096196465899,rs6,8.518744847812835,30.19377651051254,21.675031662699702,2,8.518744847812835,44.826620355429945,36.30787550761711,-27.632700444717127,positive_cross,toward_S4,1.865931162135138
7,cx30,2024-03-29 23:13:45+00:00,40.288976,-88.126177,-23.201910247201347,1299.0,11.670507442218323,rs6,7.055945984950463,29.788307715320673,22.73236173037021,2,7.055945984950463,49.24743224479768,42.19148625984722,-27.632700444717127,positive_cross,toward_S4,2.082051670324366
7,cx30,2024-03-29 23:13:46+00:00,40.288868,-88.126174,-11.19940234791364,1300.0,12.002507899287707,rs6,17.61335500863011,33.93708221791083,16.32372720928072,2,17.61335500863011,37.29753685006319,19.68418184143308,-27.632700444717127,positive_cross,toward_S4,2.3043203351259907
7,cx30,2024-03-29 23:13:47+00:00,40.288761,-88.12617,0.6903986751667166,1301.0,11.889801023080357,rs3,25.50187335345325,29.192622790808375,3.6907494373551266,3,25.50187335345325,29.192622790808375,3.6907494373551266,26.33125891160298,positive_cross,toward_S4,2.52516925488081
7,cx30,2024-03-29 23:13:48+00:00,40.288655,-88.126168,12.472082950698786,1302.0,11.781684275532069,rs3,14.057135509214675,36.269047049229144,22.21191154001447,3,14.057135509214675,40.866435994334175,26.8093004851195,26.33125891160298,positive_cross,toward_S4,2.743348593316589
7,cx30,2024-03-29 23:13:49+00:00,40.288548,-88.126168,24.36800414528832,1303.0,11.895921194589535,rs3,4.918799871941721,33.53451687842586,28.61571700648414,3,4.918799871941721,52.717035153884815,47.79823528194309,26.33125891160298,positive_cross,toward_S4,2.9636434302534322
7,cx30,2024-03-29 23:13:50+00:00,40.28844,-88.126169,36.376632216063456,1304.0,12.008628070775135,rs3,11.714844965004495,34.83517176640562,23.120326801401127,3,11.714844965004495,42.99640614571089,31.281561180706397,26.33125891160298,positive_cross,toward_S4,3.186025431564083
7,cx30,2024-03-29 23:13:51+00:00,40.288332,-88.126174,48.39138045913773,1305.0,12.014748243074273,rs3,23.288116540435297,31.147837967506188,7.859721427070891,3,23.288116540435297,31.147837967506188,7.859721427070891,26.33125891160298,positive_cross,toward_S4,3.4085207693987916
7,cx30,2024-03-29 23:13:52+00:00,40.288231,-88.126177,59.62483078009046,1306.0,11.233450320952734,rs1,20.212884134571624,34.36664793988384,14.153763805312217,4,20.212884134571624,34.36664793988384,14.153763805312217,80.2309515867141,positive_cross,toward_S4,3.6184051702477102
7,cx30,2024-03-29 23:13:53+00:00,40.28814,-88.12618,69.74651276634755,1307.0,10.121681986257087,rs1,10.91252785708263,33.79633056707409,22.883802709991457,4,10.91252785708263,44.41967595263845,33.50714809555582,80.2309515867141,positive_cross,toward_S4,3.8058437255487676
7,cx30,2024-03-29 23:13:54+00:00,40.288055,-88.126186,79.20572387896782,1308.0,9.459211112620267,rs1,6.092282704258179,31.445579578475005,25.353296874216827,4,6.092282704258179,53.86503444682714,47.77275174256896,80.2309515867141,positive_cross,toward_S4,3.9810143017084023
7,cx30,2024-03-29 23:13:55+00:00,40.287982,-88.126198,87.33999324591619,1309.0,8.134269366948374,rs1,10.85117271124726,31.05761137256288,20.206438661315623,4,10.85117271124726,62.04790024233135,51.19672753108409,80.2309515867141,positive_cross,toward_S4,4.131648919614854
7,cx30,2024-03-29 23:13:56+00:00,40.287926,-88.126226,93.60873712780601,1310.0,6.268743881889819,rs1,17.26518753698475,30.738995226443983,13.473807689459232,4,17.26518753698475,68.53162297408335,51.26643543709859,80.2309515867141,positive_cross,toward_S4,4.24773676927948
7,cx30,2024-03-29 23:13:57+00:00,40.287883,-88.126273,98.46125298729783,1311.0,4.852515859491817,rs1,23.462844371102573,29.68971688031639,6.226872509213816,4,23.462844371102573,73.90102018582697,50.43817581472439,80.2309515867141,positive_cross,toward_S4,4.337598174084884
7,cx30,2024-03-29 23:13:58+00:00,40.287852,-88.126323,101.98423697250213,1312.0,3.5229839852043057,rs1,28.76050617784986,28.773612111907333,0.0131059340574744,4,28.76050617784986,78.03673466329677,49.27622848544691,80.2309515867141,positive_cross,toward_S4,4.402838618255334
7,cx30,2024-03-29 23:13:59+00:00,40.28784,-88.126393,103.42546197671791,1313.0,1.4412250042157808,rs2,26.188715510205924,33.69166137910531,7.502945868899388,4,26.188715510205924,78.01634246226789,51.82762695206196,80.2309515867141,negative_cross,toward_S4,4.429527970185256
7,cx30,2024-03-29 23:14:00+00:00,40.287855,-88.126463,101.86491247437458,1314.0,-1.560549502343335,rs2,22.030520729945497,37.06886778791517,15.03834705796967,4,22.030520729945497,75.48458989961522,53.45406916966972,80.2309515867141,negative_cross,toward_S1,4.4006289053270455
7,cx30,2024-03-29 23:14:01+00:00,40.287895,-88.126508,97.48669106017276,1315.0,-4.378221414201818,rs2,16.625354783770394,37.89212081067016,21.266766026899763,4,16.625354783770394,70.7133356330572,54.08798084928681,80.2309515867141,negative_cross,toward_S1,4.319550730989976
7,cx30,2024-03-29 23:14:02+00:00,40.287948,-88.126521,91.6142094369125,1316.0,-5.872481623260256,rs2,10.646678990842489,36.53420458469886,25.887525593856374,4,10.646678990842489,64.76278110093823,54.11610211009574,80.2309515867141,negative_cross,toward_S1,4.21080107129997
7,cx30,2024-03-29 23:14:03+00:00,40.288002,-88.126522,85.61219046583271,1317.0,-6.002018971079792,rs2,5.112799703752913,35.11107711384476,29.998277410091845,4,5.112799703752913,58.761326706621524,53.64852700286861,80.2309515867141,negative_cross,toward_S1,4.09965257183553
7,cx30,2024-03-29 23:14:04+00:00,40.288062,-88.126527,78.94923066479971,1318.0,-6.662959801032997,rs2,3.483963900968334,35.03052986295764,31.54656596198931,4,3.483963900968334,52.07436984482311,48.590405943854776,80.2309515867141,negative_cross,toward_S1,3.9762644273719556
7,cx30,2024-03-29 23:14:05+00:00,40.288129,-88.126528,71.50191285669139,1319.0,-7.447317808108323,rs2,10.193006150698844,36.04255359444098,25.84954744374214,4,10.193006150698844,44.631116849157,34.43811069845816,80.2309515867141,negative_cross,toward_S1,3.838351134629209
7,cx30,2024-03-29 23:14:06+00:00,40.288204,-88.126529,63.16518037972496,1320.0,-8.336732476966432,rs2,18.39649386742219,36.304482006085344,17.907988138663153,4,18.39649386742219,36.304482006085344,17.907988138663153,80.2309515867141,negative_cross,toward_S1,3.6839671998705716
7,cx30,2024-03-29 23:14:07+00:00,40.288375,-88.126521,44.141701491868126,1321.0,-19.023478887856832,rs5,17.530581241629548,37.390728947734885,19.860147706105337,3,17.530581241629548,37.390728947734885,19.860147706105337,26.33125891160298,negative_cross,toward_S1,3.329823010745651
7,cx30,2024-03-29 23:14:08+00:00,40.288471,-88.126517,33.46260529540223,1322.0,-10.679096196465899,rs5,7.5561562509328555,35.097243050282614,27.54108679934976,3,7.5561562509328555,48.064295325758394,40.508139074825536,26.33125891160298,negative_cross,toward_S1,3.1320619700703562
7,cx30,2024-03-29 23:14:09+00:00,40.288572,-88.126509,22.221504759256757,1323.0,-11.24110053614547,rs5,6.561589841425948,33.90306028284515,27.341470441419204,3,6.561589841425948,49.323722191481096,42.76213235005515,26.33125891160298,negative_cross,toward_S1,2.923893441623218
7,cx30,2024-03-29 23:14:10+00:00,40.288672,-88.126498,11.086990928599421,1324.0,-11.134513830657335,rs5,16.778389621000066,36.05876334891264,19.280373727912576,3,16.778389621000066,38.249145224927034,21.470755603926968,26.33125891160298,negative_cross,toward_S1,2.71769874105549
7,cx30,2024-03-29 23:14:11+00:00,40.288774,-88.126475,-0.28823708398114845,1325.0,-11.37522801258057,rs7,27.162894077003774,28.20065188265791,1.0377578056541346,2,27.162894077003774,28.20065188265791,1.0377578056541346,-27.632700444717127,negative_cross,toward_S1,2.5063789511247405
7,cx30,2024-03-29 23:14:12+00:00,40.288871,-88.126453,-11.10605088633116,1326.0,-10.817813802350011,rs7,17.152116202592136,32.95283433111784,15.800718128525705,2,17.152116202592136,39.11423862662333,21.962122424031197,-27.632700444717127,negative_cross,toward_S1,2.3060490658960364
7,cx30,2024-03-29 23:14:13+00:00,40.288973,-88.126445,-22.458328255768638,1327.0,-11.352277369437479,rs7,8.209878115130891,28.273369886659257,20.063491771528366,2,8.209878115130891,50.337043969219025,42.12716585408813,-27.632700444717127,negative_cross,toward_S1,2.0958217072027496
7,cx30,2024-03-29 23:14:14+00:00,40.289076,-88.126449,-33.90342194482579,1328.0,-11.445093689057149,rs7,9.294983160160646,28.788885393244936,19.49390223308429,2,9.294983160160646,44.574388417511386,35.27940525735074,-27.632700444717127,negative_cross,toward_S1,1.8838755277757655
7,cx30,2024-03-29 23:14:15+00:00,40.289178,-88.126451,-45.24039888550119,1329.0,-11.336976940675406,rs7,19.13529861505913,33.24156590208,14.106267287020867,2,19.13529861505913,33.24156590208,14.106267287020867,-27.632700444717127,negative_cross,toward_S1,1.6739315103558505
7,cx30,2024-03-29 23:14:16+00:00,40.289275,-88.12645,-56.02608178745523,1330.0,-10.78568290195404,rs10,22.502532968241564,29.565331536967598,7.062798568726034,1,22.502532968241564,29.565331536967598,7.062798568726034,-78.92951005359993,negative_cross,toward_S1,1.424137560484161
7,cx30,2024-03-29 23:14:17+00:00,40.289361,-88.126449,-65.58881951902998,1331.0,-9.56273773157475,rs10,13.052718465668232,30.703589042091025,17.650870576422793,1,13.052718465668232,38.97806957538933,25.925351109721095,-78.92951005359993,negative_cross,toward_S1,1.2470498247142583
7,cx30,2024-03-29 23:14:18+00:00,40.289441,-88.126447,-74.48602629199243,1332.0,-8.897206772962448,rs10,4.755259495292649,27.810662941108127,23.05540344581548,1,4.755259495292649,47.80109180665017,43.04583231135752,-78.92951005359993,negative_cross,toward_S1,1.0822867363260646
7,cx30,2024-03-29 23:14:19+00:00,40.289517,-88.126444,-82.94005577378176,1333.0,-8.454029481789334,rs10,5.43254860023594,27.46387388099506,22.03132528075912,1,5.43254860023594,56.21660350159557,50.78405490135963,-78.92951005359993,negative_cross,toward_S1,0.9257306348114475
7,cx30,2024-03-29 23:14:20+00:00,40.289579,-88.126432,-89.85137997193073,1334.0,-6.911324198148961,rs10,12.11994716066278,28.31082476339466,16.19087760273188,1,12.11994716066278,63.185434177855186,51.0654870171924,-78.92951005359993,negative_cross,toward_S1,0.7977431496605407
7,cx30,2024-03-29 23:14:21+00:00,40.289631,-88.126407,-95.67082639034837,1335.0,-5.819446418417641,rs10,18.279833121919484,29.215006498814482,10.935173376894998,1,18.279833121919484,69.20140575422091,50.921572632301434,-78.92951005359993,negative_cross,toward_S1,0.6899756233935475
7,cx30,2024-03-29 23:14:22+00:00,40.289672,-88.126365,-100.29333836883163,1336.0,-4.62251197848326,rs10,23.839423848705277,29.445019158053267,5.60559530934799,1,23.839423848705277,74.28222047906145,50.44279663035617,-78.92951005359993,negative_cross,toward_S1,0.6043735497179314
7,cx30,2024-03-29 23:14:23+00:00,40.289698,-88.126313,-103.26349827165278,1337.0,-2.970159902821152,rs10,28.416721018260674,28.921949083023986,0.5052280647633118,1,28.416721018260674,77.16874692480246,48.75202590654179,-78.92951005359993,negative_cross,toward_S1,0.5493705885545768
7,cx30,2024-03-29 23:14:24+00:00,40.289703,-88.126252,-103.91271505522391,1338.0,-0.6492167835711342,rs8,26.90712499275862,31.74637506735978,4.839250074601157,1,26.90712499275862,76.77461092302113,49.867485930262504,-78.92951005359993,positive_cross,toward_S1,0.5373480555254817
7,cx30,2024-03-29 23:14:25+00:00,40.289682,-88.126199,-101.65909382171967,1339.0,2.253621233504248,rs8,23.168184691924235,32.99717530821652,9.828990616292284,1,23.168184691924235,73.91070812119592,50.742523429271685,-78.92951005359993,positive_cross,toward_S4,0.5790817820718567
7,cx30,2024-03-29 23:14:26+00:00,40.28964,-88.126163,-97.04474835421018,1340.0,4.61434546750948,rs8,17.91071179906198,32.42084803250156,14.510136233439582,1,17.91071179906198,69.02340110453274,51.11268930547076,-78.92951005359993,positive_cross,toward_S4,0.6645326240627729
7,cx30,2024-03-29 23:14:27+00:00,40.289582,-88.126145,-90.62403277799399,1341.0,6.420715576216196,rs8,11.291802667563708,30.687772883580674,19.395970216016966,1,11.291802667563708,62.50795644277603,51.21615377521232,-78.92951005359993,positive_cross,toward_S4,0.7834347643630729
7,cx30,2024-03-29 23:14:28+00:00,40.289522,-88.126158,-83.9335322043906,1342.0,6.690500573603387,rs8,5.3395255161299096,27.708662180852944,22.369136664723033,1,5.3395255161299096,55.89632549500338,50.55679997887347,-78.92951005359993,positive_cross,toward_S4,0.907332923133506
7,cx30,2024-03-29 23:14:29+00:00,40.289459,-88.12617,-76.91103117373957,1343.0,7.0225010306510285,rs8,4.682784194678959,26.28509078829892,21.60230659361996,1,4.682784194678959,48.98602790154833,44.303243706869374,-78.92951005359993,positive_cross,toward_S4,1.0373792385159324
7,cx30,2024-03-29 23:14:30+00:00,40.289389,-88.12618,-69.11335239326614,1344.0,7.797678780473433,rs8,11.377027900237055,27.154705767010302,15.777677866773248,1,11.377027900237055,41.33843997164037,29.961412071403316,-78.92951005359993,positive_cross,toward_S4,1.1817806974135887
7,cx30,2024-03-29 23:14:31+00:00,40.28931,-88.126186,-60.32120228210827,1345.0,8.792150111157873,rs8,19.828511662024574,30.972107858733697,11.143596196709122,1,19.828511662024574,32.729733896200294,12.90122223417572,-78.92951005359993,positive_cross,toward_S4,1.3445982920646604
7,cx30,2024-03-29 23:14:32+00:00,40.289225,-88.126184,-50.874231512506334,1346.0,9.446970769601933,rs6,23.44384157508903,29.018973749471318,5.575132174382286,2,23.44384157508903,29.018973749471318,5.575132174382286,-27.632700444717127,positive_cross,toward_S4,1.569601276522422
7,cx30,2024-03-29 23:14:33+00:00,40.289131,-88.126175,-40.437379540023834,1347.0,10.4368519724825,rs6,13.230521733078477,32.30898976219106,19.078468029112585,2,13.230521733078477,39.26114333727072,26.03062160419224,-27.632700444717127,positive_cross,toward_S4,1.7628763130498757
7,cx30,2024-03-29 23:14:34+00:00,40.289031,-88.126167,-29.33193652401876,1348.0,11.105443016005072,rs6,4.353894341231153,30.36451216514823,26.010617823917077,2,4.353894341231153,50.275855319789635,45.92196097855848,-27.632700444717127,positive_cross,toward_S4,1.9685326651981179
7,cx30,2024-03-29 23:14:35+00:00,40.288922,-88.126165,-17.21672174775549,1349.0,12.115214776263272,rs6,11.66013063375518,32.2019106417026,20.541780007947416,2,11.66013063375518,43.16644407017228,31.506313436417102,-27.632700444717127,positive_cross,toward_S4,2.1928884943881783
7,cx30,2024-03-29 23:14:36+00:00,40.288807,-88.126163,-4.434445970029805,1350.0,12.782275777725683,rs6,24.04621279840587,30.44892304401036,6.402710245604492,2,24.04621279840587,30.44892304401036,6.402710245604492,-27.632700444717127,positive_cross,toward_S4,2.4295973050868023
7,cx30,2024-03-29 23:14:37+00:00,40.288686,-88.126164,9.019480937773858,1351.0,13.453926907803663,rs3,17.253090798181013,37.40184364294623,20.14875284476522,3,17.253090798181013,37.40184364294623,20.14875284476522,26.33125891160298,positive_cross,toward_S4,2.6794115190031644
7,cx30,2024-03-29 23:14:38+00:00,40.288564,-88.126164,22.583054636019416,1352.0,13.563573698245557,rs3,5.386468394090167,34.02832975136616,28.641861357275992,3,5.386468394090167,50.916119249421094,45.52965085533093,26.33125891160298,positive_cross,toward_S4,2.9305888097114154
7,cx30,2024-03-29 23:14:39+00:00,40.288447,-88.126164,35.59074416690626,1353.0,13.007689530886847,rs3,10.830883536234117,35.03022884386326,24.199345307629144,3,10.830883536234117,43.727478987897065,32.89659545166295,26.33125891160298,positive_cross,toward_S4,3.171471949172283
7,cx30,2024-03-29 23:14:40+00:00,40.288343,-88.126166,47.15619494650831,1354.0,11.565450779602045,rs3,21.946613248265344,32.25613345074304,10.3095202024777,3,21.946613248265344,32.25613345074304,10.3095202024777,26.33125891160298,positive_cross,toward_S4,3.385646963609358
7,cx30,2024-03-29 23:14:41+00:00,40.288247,-88.126167,57.830701014358624,1355.0,10.674506067850317,rs1,21.74406499035025,32.47892192210061,10.734856931750361,4,21.74406499035025,32.47892192210061,10.734856931750361,80.2309515867141,positive_cross,toward_S4,3.5851805449563803
7,cx30,2024-03-29 23:14:42+00:00,40.288154,-88.126171,68.17626671011507,1356.0,10.345565695756449,rs1,11.94849219687541,35.05147681511741,23.102984618242,4,11.94849219687541,42.78034064057168,30.83184844369627,80.2309515867141,positive_cross,toward_S4,3.776765094877796
7,cx30,2024-03-29 23:14:43+00:00,40.28807,-88.126177,77.5243009894216,1357.0,9.348034279306532,rs1,5.560523293455435,32.338055743225446,26.77753244977001,4,5.560523293455435,52.122243944604115,46.56172065114868,80.2309515867141,positive_cross,toward_S4,3.9498768407908798
7,cx30,2024-03-29 23:14:44+00:00,40.288003,-88.126188,84.98997931124573,1358.0,7.465678321824129,rs1,8.576989994114399,31.499547694782866,22.922557700668467,4,8.576989994114399,59.63144810862055,51.054458114506154,80.2309515867141,positive_cross,toward_S4,4.088130143046882
7,cx30,2024-03-29 23:14:45+00:00,40.287946,-88.126209,91.3591897271145,1359.0,6.369210415868764,rs1,14.614047414116397,31.246476734876072,16.632429320759677,4,14.614047414116397,66.13546939541322,51.521421981296825,80.2309515867141,positive_cross,toward_S4,4.206078484081488
7,cx30,2024-03-29 23:14:46+00:00,40.287905,-88.126252,95.9832317476797,1360.0,4.624042020565199,rs1,20.436467150784896,29.84671361241181,9.410246461626915,4,20.436467150784896,71.17903774723577,50.742570596450875,80.2309515867141,positive_cross,toward_S4,4.2917088918697335
7,cx30,2024-03-29 23:14:47+00:00,40.287878,-88.126299,99.0569182702235,1361.0,3.0736865225438095,rs1,25.228714322997043,28.285949271867434,3.0572349488703914,4,25.228714322997043,74.883317744249,49.654603421251956,80.2309515867141,positive_cross,toward_S4,4.3486290126575815
7,cx30,2024-03-29 23:14:48+00:00,40.287867,-88.12635,100.357895626495,1362.0,1.3009773562714884,rs2,25.992394797630823,28.995884304552213,3.0034895069213903,4,25.992394797630823,75.85022144063774,49.857826643006916,80.2309515867141,negative_cross,toward_S4,4.372721185921868
7,cx30,2024-03-29 23:14:49+00:00,40.287868,-88.126404,100.32934110766728,1363.0,-0.02855451882771831,rs2,23.06729183297512,32.25546771489921,9.188175881924092,4,23.06729183297512,74.78412533199808,51.71683349902297,80.2309515867141,negative_cross,ambiguous,4.3721923985361695
7,cx30,2024-03-29 23:14:50+00:00,40.287889,-88.126455,98.07265978923103,1364.0,-2.25668131843625,rs2,18.848920101688066,34.34895301266544,15.500032910977374,4,18.848920101688066,71.81091298981558,52.96199288812751,80.2309515867141,negative_cross,toward_S1,4.330402003750313
7,cx30,2024-03-29 23:14:51+00:00,40.287922,-88.126496,94.46655603829619,1365.0,-3.6061037509348353,rs2,14.070079580671697,35.64376028110167,21.573680700429975,4,14.070079580671697,67.79406766190837,53.723988081236676,80.2309515867141,negative_cross,toward_S1,4.263622304658927
7,cx30,2024-03-29 23:14:52+00:00,40.287964,-88.126519,89.83232001340905,1366.0,-4.634236024887144,rs2,9.009815092331674,35.82727808906456,26.81746299673289,4,9.009815092331674,62.99557960580028,53.98576451346861,80.2309515867141,negative_cross,toward_S1,4.17780311901287
7,cx30,2024-03-29 23:14:53+00:00,40.288011,-88.126517,84.60394874927981,1367.0,-5.228371264129237,rs2,4.619278877482971,34.53485386389824,29.915574986415272,4,4.619278877482971,57.78881980619513,53.16954092871216,80.2309515867141,negative_cross,toward_S1,4.080981428936402
7,cx30,2024-03-29 23:14:54+00:00,40.288065,-88.126513,78.59427956302906,1368.0,-6.009669186250747,rs2,4.600651635769682,33.85151470686343,29.25086307109375,4,4.600651635769682,51.82396534087351,47.22331370510383,80.2309515867141,negative_cross,toward_S1,3.9696912588206477
7,cx30,2024-03-29 23:14:55+00:00,40.288131,-88.126515,71.25966863189632,1369.0,-7.334610931132744,rs2,10.715956765416898,35.021594750010955,24.305637984594057,4,10.715956765416898,44.49545719592526,33.779500430508364,80.2309515867141,negative_cross,toward_S1,3.8338651304663376
7,cx30,2024-03-29 23:14:56+00:00,40.288203,-88.126516,63.25646665563933,1370.0,-8.003201976256989,rs2,18.457293130714767,36.51801429271186,18.060721161997094,4,18.457293130714767,36.51801429271186,18.060721161997094,80.2309515867141,negative_cross,toward_S1,3.685657686461578
7,cx30,2024-03-29 23:14:57+00:00,40.288283,-88.126515,54.36078992554874,1371.0,-8.895676730090592,rs2,27.26305029671544,27.700894939685927,0.43784464297048586,4,27.26305029671544,27.700894939685927,0.43784464297048586,80.2309515867141,negative_cross,toward_S1,3.5209229322006417
7,cx30,2024-03-29 23:14:58+00:00,40.288366,-88.126511,45.12699256529967,1372.0,-9.233797360249064,rs5,18.69224895528663,36.47218986228816,17.77994090700153,3,18.69224895528663,36.47218986228816,17.77994090700153,26.33125891160298,negative_cross,toward_S1,3.348069141735124
7,cx30,2024-03-29 23:14:59+00:00,40.288457,-88.126501,34.994600279729546,1373.0,-10.132392285570127,rs5,9.595490952953359,34.137298352263365,24.541807399310006,3,9.595490952953359,46.627451747992986,37.03196079503962,26.33125891160298,negative_cross,toward_S1,3.160432247557899
7,cx30,2024-03-29 23:15:00+00:00,40.288553,-88.126488,24.30173369735171,1374.0,-10.692866582377835,rs5,6.844198943951746,31.94008909780867,25.095890153856924,3,6.844198943951746,51.512087809012264,44.66788886506052,26.33125891160298,negative_cross,toward_S1,2.962416199736088
7,cx30,2024-03-29 23:15:01+00:00,40.288654,-88.126467,13.040742603850346,1375.0,-11.260991093501366,rs5,16.05357329894527,32.839137286911665,16.785563987966395,3,16.05357329894527,40.479068097025,24.42549479807973,26.33125891160298,negative_cross,toward_S1,2.7538793276342104
7,cx30,2024-03-29 23:15:02+00:00,40.288749,-88.126447,2.4483425546615076,1376.0,-10.592400049188837,rs5,26.31773664702025,30.336959724739504,4.0192230777192535,3,26.31773664702025,30.336959724739504,4.0192230777192535,26.33125891160298,negative_cross,toward_S1,2.5577237711677503
7,cx30,2024-03-29 23:15:03+00:00,40.288845,-88.126436,-8.241463941950876,1377.0,-10.689806496612384,rs7,20.36953044036445,33.32201523557288,12.952484795208427,2,20.36953044036445,36.707118627225405,16.337588186860955,-27.632700444717127,negative_cross,toward_S1,2.359096972273449
7,cx30,2024-03-29 23:15:04+00:00,40.288942,-88.126433,-19.03020692885866,1378.0,-10.788742986907785,rs7,11.245986623257135,28.14435619176044,16.898369568503306,2,11.245986623257135,47.18890102990675,35.94291440664962,-27.632700444717127,negative_cross,toward_S1,2.1593054354788603
7,cx30,2024-03-29 23:15:05+00:00,40.289043,-88.126433,-30.25906712198578,1379.0,-11.228860193127119,rs7,8.336358286650357,26.877156599928878,18.540798313278522,2,8.336358286650357,48.329964117130125,39.993605830479765,-27.632700444717127,negative_cross,toward_S1,1.9513635800505804
7,cx30,2024-03-29 23:15:06+00:00,40.289143,-88.126439,-41.36757022454627,1380.0,-11.10850310256049,rs7,15.94106340711521,30.487945756104235,14.546882348989024,2,15.94106340711521,37.2045989730489,21.263535565933694,-27.632700444717127,negative_cross,toward_S1,1.7456505596327936
7,cx30,2024-03-29 23:15:07+00:00,40.289244,-88.126439,-52.59643041688343,1381.0,-11.228860192337159,rs10,26.037743255040247,26.446921592345582,0.4091783373053346,1,26.037743255040247,26.446921592345582,0.4091783373053346,-78.92951005359993,negative_cross,toward_S1,1.4876496229021574
7,cx30,2024-03-29 23:15:08+00:00,40.289339,-88.126439,-63.15822960854815,1382.0,-10.561799191664718,rs10,15.622199160200804,31.117974117951782,15.495774957750978,1,15.622199160200804,36.72411512616557,21.101915965964768,-78.92951005359993,negative_cross,toward_S1,1.2920607489824403
7,cx30,2024-03-29 23:15:09+00:00,40.289424,-88.126437,-72.61132054968098,1383.0,-9.453090941132835,rs10,6.8028198286723995,27.355656920866178,20.552837092193776,1,6.8028198286723995,46.057662316352925,39.25484248768053,-78.92951005359993,negative_cross,toward_S1,1.1170035093318322
7,cx30,2024-03-29 23:15:10+00:00,40.289501,-88.126434,-81.17652686557408,1384.0,-8.565206315893093,rs10,4.7166317675104725,26.421403025974058,21.704771258463587,1,4.7166317675104725,54.56317384920258,49.84654208169211,-78.92951005359993,negative_cross,toward_S1,0.9583885775560342
7,cx30,2024-03-29 23:15:11+00:00,40.289571,-88.126431,-88.96349534592274,1385.0,-7.786968480348662,rs10,11.313735109342167,27.903802119754335,16.59006701041217,1,11.313735109342167,62.31330217115366,50.99956706181149,-78.92951005359993,negative_cross,toward_S1,0.8141854575495776
7,cx30,2024-03-29 23:15:12+00:00,40.289631,-88.126422,-95.64787574720526,1386.0,-6.6843804012825245,rs10,17.894800214605503,30.27102364462961,12.376223430024108,1,17.894800214605503,69.02987529904955,51.13507508444405,-78.92951005359993,negative_cross,toward_S1,0.690400635303605
7,cx30,2024-03-29 23:15:13+00:00,40.289681,-88.126386,-101.261798970651,1387.0,-5.613923223445738,rs10,24.11749414622815,31.408923878478127,7.291429732249977,1,24.11749414622815,74.96733065776408,50.849836511535926,-78.92951005359993,negative_cross,toward_S1,0.5864390941286839
7,cx30,2024-03-29 23:15:14+00:00,40.289709,-88.126337,-104.44972241223053,1388.0,-3.187923441579528,rs10,28.569082213788384,31.08705134496085,2.5179691311724675,1,28.569082213788384,78.77712038036715,50.20803816657877,-78.92951005359993,negative_cross,toward_S1,0.527403474840174
7,cx30,2024-03-29 23:15:15+00:00,40.289714,-88.126277,-105.09740915213986,1389.0,-0.6476867399093322,rs8,28.92066542806968,31.52592841447309,2.6052629864034103,1,28.92066542806968,78.32299012651448,49.4023246984448,-78.92951005359993,positive_cross,toward_S1,0.5154092759529643
7,cx30,2024-03-29 23:15:16+00:00,40.289697,-88.126218,-103.29767551074517,1390.0,1.7997336413946954,rs8,25.240304914727183,33.076045384653874,7.835740469926691,1,25.240304914727183,75.73629153215425,50.49598661742707,-78.92951005359993,positive_cross,toward_S4,0.5487376767195327
7,cx30,2024-03-29 23:15:18+00:00,40.289668,-88.126169,-100.14851943764184,1392.0,1.5745780365516637,rs8,21.065491288151538,33.872151939153575,12.806660651002037,1,21.065491288151538,72.16206828458101,51.09657699642948,-78.92951005359993,positive_cross,toward_S4,0.6070553817770017
7,cx30,2024-03-29 23:15:19+00:00,40.289625,-88.126143,-95.40769670807826,1393.0,4.740822729563575,rs8,16.012430443819685,32.96861115825349,16.956180714433803,1,16.012430443819685,67.28196698746592,51.26953654364624,-78.92951005359993,positive_cross,toward_S4,0.6948483952874382
7,cx30,2024-03-29 23:15:20+00:00,40.28957,-88.126143,-89.29297086002293,1394.0,6.114725848055329,rs8,9.947281284449156,30.35990204862729,20.412620764178136,1,9.947281284449156,61.16797066872191,51.22068938427275,-78.92951005359993,positive_cross,toward_S4,0.8080840591403147
7,cx30,2024-03-29 23:15:21+00:00,40.289512,-88.126152,-82.83094412613613,1395.0,6.462026733886802,rs8,4.133868776625839,28.029213532959798,23.89534475633396,1,4.133868776625839,54.75670646640536,50.62283768977952,-78.92951005359993,positive_cross,toward_S4,0.9277512208789591
7,cx30,2024-03-29 23:15:22+00:00,40.289441,-88.126157,-74.92973872594004,1396.0,7.9012054001960905,rs8,5.350117012884641,27.596682063977827,22.246565051093185,1,5.350117012884641,46.90107687334737,41.55095986046273,-78.92951005359993,positive_cross,toward_S4,1.074069839401109
7,cx30,2024-03-29 23:15:23+00:00,40.289364,-88.126161,-66.36300236796505,1397.0,8.566736357974989,rs8,13.481211622946217,29.721568326423604,16.24035670347739,1,13.481211622946217,38.39434549422114,24.913133871274923,-78.92951005359993,positive_cross,toward_S4,1.2327131052895348
7,cx30,2024-03-29 23:15:24+00:00,40.289277,-88.126163,-56.68755775941475,1398.0,9.6754446085503,rs8,23.023120586562012,28.799428942080745,5.776308355518733,1,23.023120586562012,28.799428942080745,5.776308355518733,-78.92951005359993,positive_cross,toward_S4,1.4118880054478735
7,cx30,2024-03-29 23:15:25+00:00,40.289184,-88.126161,-46.35117232093296,1399.0,10.336385438481791,rs6,18.565442704341386,33.274844106326846,14.70940140198546,2,18.565442704341386,33.274844106326846,14.70940140198546,-27.632700444717127,positive_cross,toward_S4,1.653361631921929
7,cx30,2024-03-29 23:15:26+00:00,40.289085,-88.126158,-35.349255923838854,1400.0,11.001916397094107,rs6,7.960912090419847,32.030177837945224,24.069265747525378,2,7.960912090419847,44.23100851570087,36.270096425281025,-27.632700444717127,positive_cross,toward_S4,1.8571008244607088
7,cx30,2024-03-29 23:15:27+00:00,40.288979,-88.126156,-23.56757164832854,1401.0,11.781684275510315,rs6,5.640761755188832,31.507303253461398,25.866541498272568,2,5.640761755188832,49.4132033049031,43.772441549714266,-27.632700444717127,positive_cross,toward_S4,2.075280162896085
7,cx30,2024-03-29 23:15:28+00:00,40.28887,-88.126156,-11.449296787111507,1402.0,12.118274861217031,rs6,17.042742365098707,35.17945678214195,18.13671441704324,2,17.042742365098707,37.335000108542154,20.292257743443447,-27.632700444717127,positive_cross,toward_S4,2.29969266032603
7,cx30,2024-03-29 23:15:29+00:00,40.288767,-88.126156,0.0019170734330715145,1403.0,11.451213860544579,rs3,25.960633513587197,28.372429230711482,2.411795717124285,3,25.960633513587197,28.372429230711482,2.411795717124285,26.33125891160298,positive_cross,toward_S4,2.512419595589446
7,cx30,2024-03-29 23:15:30+00:00,40.288662,-88.126152,11.669364429117719,1404.0,11.667447355684647,rs3,14.415589834505754,37.82219415408982,23.40660431958407,3,14.415589834505754,39.970220232278685,25.554630397772932,26.33125891160298,positive_cross,toward_S4,2.728483435509532
7,cx30,2024-03-29 23:15:31+00:00,40.288553,-88.126152,23.787639291124705,1405.0,12.118274862006986,rs3,3.8701171501520157,34.92691024880739,31.056793098655373,3,3.8701171501520157,52.069053999222284,48.198936849070265,26.33125891160298,positive_cross,toward_S4,2.9528959329541062
7,cx30,2024-03-29 23:15:32+00:00,40.288447,-88.126154,35.5754437381442,1406.0,11.787804447019496,rs3,10.5152439865408,35.84979569417746,25.33455170763666,3,10.5152439865408,43.65366680884251,33.138422822301706,26.33125891160298,positive_cross,toward_S4,3.1711886078989115
7,cx30,2024-03-29 23:15:33+00:00,40.288343,-88.126157,47.142424560639846,1407.0,11.566980822495644,rs3,21.800595917399022,32.160991790411316,10.360395873012294,3,21.800595917399022,32.160991790411316,10.360395873012294,26.33125891160298,positive_cross,toward_S4,3.3853919564636454
7,cx30,2024-03-29 23:15:34+00:00,40.288244,-88.126162,58.1565813007088,1408.0,11.014156740068955,rs1,21.332958226465397,32.75177524461961,11.418817018154211,4,21.332958226465397,32.75177524461961,11.418817018154211,80.2309515867141,positive_cross,toward_S4,3.591215365073976
7,cx30,2024-03-29 23:15:35+00:00,40.28815,-88.126168,68.61638391554445,1409.0,10.459802614835645,rs1,11.438844732596813,35.13131171865152,23.692466986054704,4,11.438844732596813,43.19360328610693,31.754758553510115,80.2309515867141,positive_cross,toward_S4,3.7849154134968583
7,cx30,2024-03-29 23:15:36+00:00,40.288064,-88.126176,78.18983194801214,1410.0,9.573448032467695,rs1,5.323997017933834,32.36034416422015,27.036347146286317,4,5.323997017933834,52.777156726752494,47.45315970881866,80.2309515867141,positive_cross,toward_S4,3.962201488172186
7,cx30,2024-03-29 23:15:37+00:00,40.287991,-88.126196,86.33634165795712,1411.0,8.14650970994498,rs1,9.997705545209234,31.03262323192604,21.034917686716803,4,9.997705545209234,61.03388968310757,51.03618413789833,80.2309515867141,positive_cross,toward_S4,4.113062779097093
7,cx30,2024-03-29 23:15:38+00:00,40.287933,-88.126236,92.84579972100194,1412.0,6.509458063044818,rs1,17.118549554249697,29.64726144194924,12.528711887699544,4,17.118549554249697,67.88698043390879,50.76843087965909,80.2309515867141,positive_cross,toward_S4,4.233608298783108
7,cx30,2024-03-29 23:15:39+00:00,40.287887,-88.12629,98.0425563821397,1413.0,5.196756661137755,rs1,23.96992395780254,28.265539992416187,4.295616034613648,4,23.96992395780254,73.74528252897882,49.775358571176284,80.2309515867141,positive_cross,toward_S4,4.329844533248622
7,cx30,2024-03-29 23:15:40+00:00,40.28786,-88.126349,101.13460341839928,1414.0,3.0920470362595864,rs2,26.62951740529714,29.506989508244967,2.877472102947827,4,26.62951740529714,76.62672730163764,49.99720989634051,80.2309515867141,negative_cross,toward_S4,4.387104663549725
7,cx30,2024-03-29 23:15:41+00:00,40.287864,-88.126412,100.78628878552054,1415.0,-0.34831463287873987,rs2,23.070616905595116,33.0609828365162,9.990365930921087,4,23.070616905595116,75.10344749490935,52.03283058931423,80.2309515867141,negative_cross,ambiguous,4.38065439257049
7,cx30,2024-03-29 23:15:42+00:00,40.287889,-88.126462,98.08337008935577,1416.0,-2.7029186961647724,rs2,18.586171513147647,34.85037631205717,16.264204798909525,4,18.586171513147647,71.73790001177903,53.151728498631385,80.2309515867141,negative_cross,toward_S1,4.330600342641512
7,cx30,2024-03-29 23:15:43+00:00,40.287928,-88.126495,93.7979649939619,1417.0,-4.28540509539387,rs2,13.482657238113573,35.29284408497698,21.810186846863402,4,13.482657238113573,67.13623193249566,53.65357469438209,80.2309515867141,negative_cross,toward_S1,4.251240989023107
7,cx30,2024-03-29 23:15:44+00:00,40.287974,-88.126512,88.70984137777695,1418.0,-5.088123616184944,rs2,8.229573563600924,34.952816031426536,26.723242467825614,4,8.229573563600924,61.9235180854563,53.69394452185538,80.2309515867141,negative_cross,toward_S1,4.157016477612275
7,cx30,2024-03-29 23:15:45+00:00,40.288032,-88.126514,82.26464511473411,1419.0,-6.445196263042845,rs2,3.6784157504387642,34.02283276516756,30.344417014728794,4,3.6784157504387642,55.476802027862576,51.79838627742381,80.2309515867141,negative_cross,toward_S1,4.03766099125963
7,cx30,2024-03-29 23:15:46+00:00,40.288096,-88.126516,75.15238785022886,1420.0,-7.112257264505246,rs2,7.107058896590531,34.38365760366074,27.276598707070207,4,7.107058896590531,48.36666935302672,41.25961045643619,80.2309515867141,negative_cross,toward_S1,3.9059525233984216
7,cx30,2024-03-29 23:15:47+00:00,40.288167,-88.126513,67.25424253658818,1421.0,-7.898145313640683,rs2,14.602156479883606,36.02922628864083,21.427069808757224,4,14.602156479883606,40.526622755257264,25.92446627537366,80.2309515867141,negative_cross,toward_S1,3.759690573145816
7,cx30,2024-03-29 23:15:48+00:00,40.288243,-88.126508,58.79715296903336,1422.0,-8.457089567554817,rs2,22.955733119696802,32.18907234550245,9.23333922580565,4,22.955733119696802,32.18907234550245,9.23333922580565,80.2309515867141,negative_cross,toward_S1,3.6030778033762827
7,cx30,2024-03-29 23:15:49+00:00,40.288324,-88.126505,49.7872393190736,1423.0,-9.009913649959763,rs5,23.360959069610356,31.89543819946443,8.534479129854073,3,23.360959069610356,31.89543819946443,8.534479129854073,26.33125891160298,negative_cross,toward_S1,3.4343700075457524
7,cx30,2024-03-29 23:15:50+00:00,40.288413,-88.126502,39.887911001045694,1424.0,-9.899328318027905,rs5,13.927171969837678,35.78989543622016,21.862723466382477,3,13.927171969837678,41.75162237776731,27.824450407929632,26.33125891160298,negative_cross,toward_S1,3.2510491127674577
7,cx30,2024-03-29 23:15:51+00:00,40.288505,-88.126498,29.653522138603,1425.0,-10.234388862442692,rs5,6.108388268505037,32.91361919722784,26.8052309287228,3,6.108388268505037,51.96569942729463,45.85731115878959,26.33125891160298,negative_cross,toward_S1,3.061523393092593
7,cx30,2024-03-29 23:15:52+00:00,40.288603,-88.126489,18.744422060338625,1426.0,-10.909100078264377,rs5,10.290878800913667,32.82598792983165,22.53510912891798,3,10.290878800913667,45.95631476488649,35.665435963972826,26.33125891160298,negative_cross,toward_S1,2.8595030212728823
7,cx30,2024-03-29 23:15:53+00:00,40.288704,-88.126469,7.484961009687375,1427.0,-11.25946105065125,rs5,20.977865178668118,34.94119466380358,13.96332948513546,3,20.977865178668118,34.94119466380358,13.96332948513546,26.33125891160298,negative_cross,toward_S1,2.6509944832978594
7,cx30,2024-03-29 23:15:54+00:00,40.28881,-88.126451,-4.327324122557116,1428.0,-11.81228513224449,rs7,23.666479423099275,32.6123081127635,8.945828689664225,2,23.666479423099275,32.6123081127635,8.945828689664225,-27.632700444717127,negative_cross,toward_S1,2.4315810430029634
7,cx30,2024-03-29 23:15:55+00:00,40.288916,-88.126445,-16.121248741085793,1429.0,-11.793924618528678,rs7,12.932647354849113,30.10694271476761,17.174295359918496,2,12.932647354849113,44.14058084759846,31.207933492749344,-27.632700444717127,negative_cross,toward_S1,2.2131750315487286
7,cx30,2024-03-29 23:15:56+00:00,40.289031,-88.126445,-28.90658460455519,1430.0,-12.785335863469395,rs7,6.950943769260831,27.802472577507064,20.851528808246233,2,6.950943769260831,49.590814142075224,42.63987037281439,-27.632700444717127,negative_cross,toward_S1,1.9764095525955914
7,cx30,2024-03-29 23:15:57+00:00,40.289149,-88.126451,-42.016270711502905,1431.0,-13.109686106947716,rs7,16.11896180234161,31.69734653017129,15.578384727829683,2,16.11896180234161,36.459611339742835,20.340649537401227,-27.632700444717127,negative_cross,toward_S1,1.7336375876521153
7,cx30,2024-03-29 23:15:58+00:00,40.289262,-88.126452,-54.57772286468298,1432.0,-12.561452153180078,rs10,23.923484669620557,28.116820143725615,4.193335474105059,1,23.923484669620557,28.116820143725615,4.193335474105059,-78.92951005359993,negative_cross,toward_S1,1.4509590220169803
7,cx30,2024-03-29 23:15:59+00:00,40.289359,-88.126447,-65.36952593735622,1433.0,-10.791803072673233,rs10,13.304558067595037,30.64958956889357,17.345031501298536,1,13.304558067595037,38.78697283094104,25.482414763346,-78.92951005359993,negative_cross,toward_S1,1.251110816967476
7,cx30,2024-03-29 23:16:00+00:00,40.289445,-88.126441,-74.93991388408021,1434.0,-9.570387946723997,rs10,4.728615501799805,27.238159785366214,22.50954428356641,1,4.728615501799805,48.31366492756203,43.58504942576222,-78.92951005359993,negative_cross,toward_S1,1.0738814105466614
7,cx30,2024-03-29 23:16:01+00:00,40.289518,-88.126432,-83.069593122413,1435.0,-8.129679238332784,rs10,6.133508068621449,26.47325453935455,20.3397464707331,1,6.133508068621449,56.45919925720693,50.32569118858548,-78.92951005359993,negative_cross,toward_S1,0.9233317950219802
7,cx30,2024-03-29 23:16:02+00:00,40.289584,-88.126414,-90.43480491104813,1436.0,-7.365211788635136,rs10,13.207723198100389,27.133969925611165,13.926246727510776,1,13.207723198100389,63.94291049309303,50.73518729499264,-78.92951005359993,negative_cross,toward_S1,0.7869389841213295
7,cx30,2024-03-29 23:16:03+00:00,40.289638,-88.126377,-96.49496551138894,1437.0,-6.060160600340808,rs10,19.979019951939023,27.641361931571005,7.662341979631982,1,19.979019951939023,70.37910330469845,50.400083352759424,-78.92951005359993,negative_cross,toward_S1,0.6747137878187219
7,cx30,2024-03-29 23:16:04+00:00,40.289676,-88.126328,-100.79465728928751,1438.0,-4.299691777898573,rs10,25.660907990503844,27.70019292707245,2.039284936568606,1,25.660907990503844,75.07313669213629,49.41222870163244,-78.92951005359993,negative_cross,toward_S1,0.5950898660057855
7,cx30,2024-03-29 23:16:05+00:00,40.289694,-88.126266,-102.89070295196909,1439.0,-2.0960456626815755,rs8,26.514665895332953,30.231887446866835,3.717221551533882,1,26.514665895332953,75.9726160144138,49.45795011908085,-78.92951005359993,positive_cross,toward_S1,0.5562742055857562
7,cx30,2024-03-29 23:16:06+00:00,40.289685,-88.126208,-101.97885393656065,1440.0,0.9118490154084355,rs8,23.70841411080114,32.688113902717355,8.979699791916214,1,23.70841411080114,74.31785164447287,50.60943753367172,-78.92951005359993,positive_cross,toward_S4,0.5731602984636903
7,cx30,2024-03-29 23:16:07+00:00,40.289656,-88.126162,-98.82510773486351,1441.0,3.153746201697146,rs8,19.647623180205112,33.521928475347735,13.874305295142623,1,19.647623180205112,70.7957539412732,51.14813076106809,-78.92951005359993,positive_cross,toward_S4,0.6315630059025263
7,cx30,2024-03-29 23:16:08+00:00,40.289608,-88.12614,-93.52228066562037,1442.0,5.302827069243136,rs8,14.105558167647505,32.28699668146881,18.181438513821302,1,14.105558167647505,65.3842243167012,51.27866614905369,-78.92951005359993,positive_cross,toward_S4,0.7297635071848065
7,cx30,2024-03-29 23:16:09+00:00,40.28955,-88.126152,-87.05566380232803,1443.0,6.466616863292344,rs8,7.959122443512974,28.935348410477747,20.976225966964773,1,7.959122443512974,58.97772960722642,51.01860716371345,-78.92951005359993,positive_cross,toward_S4,0.84951567131985
7,cx30,2024-03-29 23:16:10+00:00,40.289488,-88.126166,-80.14127951924705,1444.0,6.914384283080977,rs8,3.662803418574035,26.588515399583493,22.925711981009457,1,3.662803418574035,52.17129355601502,48.50849013744099,-78.92951005359993,positive_cross,toward_S4,0.9775598247102385
7,cx30,2024-03-29 23:16:11+00:00,40.289416,-88.126175,-72.12277711501798,1445.0,8.018502404229068,rs8,8.519422570246112,26.644169978681212,18.1247474084351,1,8.519422570246112,44.269818599658336,35.75039602941222,-78.92951005359993,positive_cross,toward_S4,1.1260506099737397
7,cx30,2024-03-29 23:16:12+00:00,40.289337,-88.126179,-63.33368708962556,1446.0,8.789090025392419,rs8,16.777422373147463,29.7860105245111,13.008588151363636,1,16.777422373147463,35.59748808313691,18.820065709989446,-78.92951005359993,positive_cross,toward_S4,1.2888115363698955
7,cx30,2024-03-29 23:16:13+00:00,40.289157,-88.126165,-43.34327764284294,1447.0,19.99040944678262,rs6,15.716734515621392,34.31721107448164,18.60047655886025,2,15.716734515621392,36.29666847971917,20.579933964097783,-27.632700444717127,positive_cross,toward_S4,1.7090633852198924
7,cx30,2024-03-29 23:16:14+00:00,40.289057,-88.126156,-32.23936466891978,1448.0,11.103912973923165,rs6,5.214054706152047,31.589868988588435,26.375814282436387,2,5.214054706152047,47.328846408477155,42.11479170232511,-27.632700444717127,positive_cross,toward_S4,1.9146914032555065
7,cx30,2024-03-29 23:16:15+00:00,40.288952,-88.126151,-20.573447356128728,1449.0,11.665917312791048,rs6,8.118495629568251,32.444886259161926,24.326390629593675,2,8.118495629568251,46.38711258692532,38.26861695735707,-27.632700444717127,positive_cross,toward_S4,2.1307269090479335
7,cx30,2024-03-29 23:16:16+00:00,40.28884,-88.12615,-8.123172036262392,1450.0,12.450275319866336,rs6,20.25265451032973,33.96455896145631,13.711904451126582,2,20.25265451032973,33.96455896145631,13.711904451126582,-27.632700444717127,positive_cross,toward_S4,2.3612875631195323
7,cx30,2024-03-29 23:16:17+00:00,40.288724,-88.126152,4.776400746286212,1451.0,12.899572782548605,rs3,21.18144646230289,33.096426361316,11.914979899013108,3,21.18144646230289,33.096426361316,11.914979899013108,26.33125891160298,positive_cross,toward_S4,2.6008359599015414
7,cx30,2024-03-29 23:16:18+00:00,40.288601,-88.126155,18.455741407251047,1452.0,13.679340660964835,rs3,8.090425619261374,35.47894171938273,27.388516100121358,3,8.090425619261374,46.75612495297322,38.66569933371184,26.33125891160298,positive_cross,toward_S4,2.854157083252742
7,cx30,2024-03-29 23:16:19+00:00,40.288475,-88.12616,32.47167265471255,1453.0,14.015931247461502,rs3,7.904475976535985,34.68130665459105,26.776830678055063,3,7.904475976535985,46.798810225268504,38.89433424873252,26.33125891160298,positive_cross,toward_S4,3.11371136561314
7,cx30,2024-03-29 23:16:20+00:00,40.288355,-88.126167,45.82360298566539,1454.0,13.35193033095284,rs3,20.661877531168248,33.590104918664366,12.928227387496118,3,20.661877531168248,33.590104918664366,12.928227387496118,26.33125891160298,positive_cross,toward_S4,3.3609693347048593
7,cx30,2024-03-29 23:16:21+00:00,40.288247,-88.126171,57.8368211858678,1455.0,12.01321820020241,rs1,21.816511249784345,32.52923795599373,10.712726706209384,4,21.816511249784345,32.52923795599373,10.712726706209384,80.2309515867141,positive_cross,toward_S4,3.5852938814658093
7,cx30,2024-03-29 23:16:22+00:00,40.288155,-88.126176,68.07274009039239,1456.0,10.235918904524588,rs1,12.22618997418638,34.69726497099192,22.471074996805537,4,12.22618997418638,42.72155039923941,30.495360425053033,80.2309515867141,positive_cross,toward_S4,3.7748479352533018
7,cx30,2024-03-29 23:16:23+00:00,40.288069,-88.126179,77.63853790847905,1457.0,9.565797818086665,rs1,5.6934191238515615,32.157899737920275,26.464480614068712,4,5.6934191238515615,52.25098429910098,46.557565175249415,80.2309515867141,positive_cross,toward_S4,3.9519923392919436
7,cx30,2024-03-29 23:16:24+00:00,40.287999,-88.126188,85.43468664608062,1458.0,7.79614873760157,rs1,8.886981503897362,31.560600612786995,22.673619108889632,4,8.886981503897362,60.07377769841866,51.1867961945213,80.2309515867141,positive_cross,toward_S4,4.096365464062343
7,cx30,2024-03-29 23:16:25+00:00,40.287939,-88.126208,92.13589751901881,1459.0,6.701210872938191,rs1,15.225596527606584,31.59456106311593,16.368964535509345,4,15.225596527606584,66.89773558756477,51.672139059958184,80.2309515867141,positive_cross,toward_S4,4.220461961709346
7,cx30,2024-03-29 23:16:26+00:00,40.287892,-88.126253,97.43006062760183,1460.0,5.294163108583021,rs1,21.684194527041498,30.527649153972725,8.843454626931226,4,21.684194527041498,72.61907193620684,50.93487740916534,80.2309515867141,positive_cross,toward_S4,4.318502019275699
7,cx30,2024-03-29 23:16:27+00:00,40.287863,-88.126303,100.73069094536694,1461.0,3.300630317765112,rs1,26.757810927339285,29.1251659157207,2.3673549883814147,4,26.757810927339285,76.58574832651124,49.82793739917195,80.2309515867141,positive_cross,toward_S4,4.379624802938015
7,cx30,2024-03-29 23:16:28+00:00,40.287852,-88.126368,102.05308890190967,1462.0,1.32239795654273,rs2,26.29601660653001,31.25728299781339,4.961266391283381,4,26.29601660653001,77.13070969238177,50.83469308585176,80.2309515867141,negative_cross,toward_S4,4.404113653985103
7,cx30,2024-03-29 23:16:29+00:00,40.287861,-88.126428,101.14429997226671,1463.0,-0.9087889296429665,rs2,22.67312292017697,34.31925095973694,11.646128039559972,4,22.67312292017697,75.21439660735388,52.54127368717691,80.2309515867141,negative_cross,toward_S1,4.387284229362085
7,cx30,2024-03-29 23:16:30+00:00,40.287886,-88.126478,98.44138127610194,1464.0,-2.7029186961647724,rs2,18.35551166157739,36.180008312356684,17.824496650779295,4,18.35551166157739,71.92124682392874,53.56573516235135,80.2309515867141,negative_cross,toward_S1,4.337230179433108
7,cx30,2024-03-29 23:16:31+00:00,40.287928,-88.126507,93.81632550846768,1465.0,-4.625055767634251,rs2,13.124891153472161,36.22719719905288,23.10230604558072,4,13.124891153472161,67.05705592345721,53.93216476998505,80.2309515867141,negative_cross,toward_S1,4.251580998550993
7,cx30,2024-03-29 23:16:32+00:00,40.287985,-88.126518,87.49607646541877,1466.0,-6.320249043048918,rs2,6.90916824058916,35.150842378255774,28.241674137666614,4,6.90916824058916,60.66921361417347,53.76004537358431,80.2309515867141,negative_cross,toward_S1,4.134539349605642
7,cx30,2024-03-29 23:16:33+00:00,40.288044,-88.126517,80.93511324044661,1467.0,-6.560963224972156,rs2,3.34859084388498,34.199855247334064,30.851264403449083,4,3.34859084388498,54.12710457859839,50.778513734713414,80.2309515867141,negative_cross,toward_S1,4.013040030624676
7,cx30,2024-03-29 23:16:34+00:00,40.288113,-88.126519,73.26697180779271,1468.0,-7.668141432653897,rs2,8.718683392615207,34.93108820730668,26.212404814691475,4,8.718683392615207,46.461467004971105,37.7427836123559,80.2309515867141,negative_cross,toward_S1,3.871037411501456
7,cx30,2024-03-29 23:16:35+00:00,40.288189,-88.126518,64.81600241174706,1469.0,-8.45096939604565,rs2,16.89595686188126,37.330478400779704,20.434521538898444,4,16.89595686188126,38.04922882503103,21.15327196314977,80.2309515867141,negative_cross,toward_S1,3.714537978241351
7,cx30,2024-03-29 23:16:36+00:00,40.288273,-88.126516,55.47408830471792,1470.0,-9.341914107029147,rs2,26.14913520505324,28.790029980989928,2.6408947759366868,4,26.14913520505324,28.790029980989928,2.6408947759366868,80.2309515867141,negative_cross,toward_S1,3.5415395688519227
7,cx30,2024-03-29 23:16:37+00:00,40.288368,-88.126512,44.90616894156578,1471.0,-10.567919363152136,rs5,18.456151790786375,36.684671731429425,18.22851994064305,3,18.456151790786375,36.684671731429425,18.22851994064305,26.33125891160298,negative_cross,toward_S1,3.3439798153696816
7,cx30,2024-03-29 23:16:38+00:00,40.288473,-88.126505,33.22189111345725,1472.0,-11.684277828108534,rs5,7.94683833656492,34.05513603535631,26.108297698791393,3,7.94683833656492,48.366833857452164,40.41999552088724,26.33125891160298,negative_cross,toward_S1,3.127604300034338
7,cx30,2024-03-29 23:16:39+00:00,40.288582,-88.126494,21.086785780606302,1473.0,-12.135105332850944,rs5,8.246510920053485,32.79469625028326,24.548185330229774,3,8.246510920053485,48.26288850774118,40.0163775876877,26.33125891160298,negative_cross,toward_S1,2.9028801272037654
7,cx30,2024-03-29 23:16:40+00:00,40.288696,-88.12648,8.391206150201159,1474.0,-12.695579630405144,rs5,19.808233792935987,35.71290186327356,15.904668070337571,3,19.808233792935987,35.71290186327356,15.904668070337571,26.33125891160298,negative_cross,toward_S1,2.667776800714781
7,cx30,2024-03-29 23:16:41+00:00,40.28882,-88.126463,-5.420731944348661,1475.0,-13.81193809454982,rs7,22.3364308615577,33.406605540038505,11.070174678480804,2,22.3364308615577,33.406605540038505,11.070174678480804,-27.632700444717127,negative_cross,toward_S1,2.4113327500068236
7,cx30,2024-03-29 23:16:42+00:00,40.28894,-88.126451,-18.780312489682537,1476.0,-13.359580545333877,rs7,10.431774474281566,29.666450016471238,19.23467554218967,2,10.431774474281566,46.63901731968751,36.20724284540594,-27.632700444717127,negative_cross,toward_S1,2.1639331102784185
7,cx30,2024-03-29 23:16:43+00:00,40.28906,-88.126445,-32.13071277855349,1477.0,-13.35040028887095,rs7,8.365713817682973,28.124496223892983,19.75878240621001,2,8.365713817682973,46.37109140859019,38.005377590907216,-27.632700444717127,negative_cross,toward_S1,1.9167034752993266
7,cx30,2024-03-29 23:16:44+00:00,40.289175,-88.126443,-44.91910872778834,1478.0,-12.788395949234854,rs7,19.0551024501286,32.525008342829345,13.469905892700744,2,19.0551024501286,33.629240701865875,14.574138251737274,-27.632700444717127,negative_cross,toward_S1,1.6798813280912739
7,cx30,2024-03-29 23:16:45+00:00,40.289282,-88.126443,-56.81502992237788,1479.0,-11.89592119458954,rs10,21.80401805057013,30.455457795338837,8.651439744768709,1,21.80401805057013,30.455457795338837,8.651439744768709,-78.92951005359993,negative_cross,toward_S1,1.4095274098374453
7,cx30,2024-03-29 23:16:46+00:00,40.289379,-88.126443,-67.59918278067009,1480.0,-10.78415285829221,rs10,11.223659017140106,29.412069963828966,18.18841094668886,1,11.223659017140106,41.03687301346241,29.813213996322304,-78.92951005359993,negative_cross,toward_S1,1.2098208754246267
7,cx30,2024-03-29 23:16:47+00:00,40.289464,-88.126441,-77.05227372257116,1481.0,-9.453090941901067,rs10,3.49362837038256,27.00153993310189,23.50791156271933,1,3.49362837038256,50.40518069804521,46.91155232766265,-78.92951005359993,negative_cross,toward_S1,1.034763635759792
7,cx30,2024-03-29 23:16:48+00:00,40.289535,-88.126439,-84.94888899333999,1482.0,-7.896615270768834,rs10,7.378054949461204,27.405591166554743,20.027536217093537,1,7.378054949461204,58.25560425840122,50.87754930894002,-78.92951005359993,negative_cross,toward_S1,0.8885300196344432
7,cx30,2024-03-29 23:16:49+00:00,40.289593,-88.126435,-91.40326551363569,1483.0,-6.454376520295696,rs10,13.52763768778529,29.17158566354724,15.64394797576195,1,13.52763768778529,64.70058663839593,51.172948950610646,-78.92951005359993,negative_cross,toward_S1,0.7690045285178563
7,cx30,2024-03-29 23:16:50+00:00,40.289641,-88.126408,-96.7810646837738,1484.0,-5.377799170138118,rs10,19.305086712303687,29.92919504372951,10.624108331425823,1,19.305086712303687,70.29032901833021,50.98524230602652,-78.92951005359993,negative_cross,toward_S1,0.66941565499678
7,cx30,2024-03-29 23:16:52+00:00,40.289679,-88.126366,-101.07004616073596,1486.0,-2.1444907384810747,rs10,24.519785061326278,30.06725897619338,5.547473914867101,1,24.519785061326278,75.03270992222825,50.512924860901975,-78.92951005359993,negative_cross,toward_S1,0.5899900720900735
7,cx30,2024-03-29 23:16:53+00:00,40.289707,-88.126313,-104.2640897738464,1487.0,-3.1940436131104377,rs10,29.29036575123387,29.759457789008373,0.4690920377745016,1,29.29036575123387,78.1467069277022,48.85634117646833,-78.92951005359993,negative_cross,toward_S1,0.5308411162917321
7,cx30,2024-03-29 23:16:54+00:00,40.289715,-88.126252,-105.24683705814876,1488.0,-0.9827472843023628,rs8,28.132749155026588,32.817417304159925,4.684668149133337,1,28.132749155026588,78.09477511149038,49.96202595646379,-78.92951005359993,positive_cross,toward_S1,0.512642092508355
7,cx30,2024-03-29 23:16:55+00:00,40.289699,-88.126193,-103.55828025004605,1489.0,1.6885568081027031,rs8,24.86554422041292,34.690635039132864,9.825090818719943,1,24.86554422041292,75.74880172468256,50.88325750426964,-78.92951005359993,positive_cross,toward_S4,0.5439116630287755
7,cx30,2024-03-29 23:16:56+00:00,40.289664,-88.12615,-99.73288291824915,1490.0,3.825397331796907,rs8,20.388841655576243,34.87005823955795,14.481216583981706,1,20.388841655576243,71.6380335042346,51.249191848658356,-78.92951005359993,positive_cross,toward_S4,0.6147523543583477
7,cx30,2024-03-29 23:16:57+00:00,40.289614,-88.126136,-94.19546183859197,1491.0,5.537421079657179,rs8,14.741709744654074,32.8954906382386,18.153780893584525,1,14.741709744654074,66.04240997115541,51.300700226501334,-78.92951005359993,positive_cross,toward_S4,0.7172971891668141
7,cx30,2024-03-29 23:16:58+00:00,40.289558,-88.126148,-87.95119864271706,1492.0,6.2442631958749075,rs8,8.724603319645608,29.523201734657054,20.798598415011448,1,8.724603319645608,59.8508815120204,51.12627819237479,-78.92951005359993,positive_cross,toward_S4,0.8329316927941272
7,cx30,2024-03-29 23:16:59+00:00,40.289504,-88.126155,-81.93693932864069,1493.0,6.014259314076369,rs8,3.6323785435293243,27.66341580265915,24.031037259129825,1,3.6323785435293243,53.882571123543194,50.25019258001387,-78.92951005359993,positive_cross,toward_S4,0.9443068652770229
7,cx30,2024-03-29 23:17:00+00:00,40.289447,-88.12616,-75.59220959957682,1494.0,6.344729729063872,rs8,4.951709502142729,27.257462943760842,22.305753441618112,1,4.951709502142729,47.58532591768462,42.633616415541894,-78.92951005359993,positive_cross,toward_S4,1.0618018602596873
7,cx30,2024-03-29 23:17:01+00:00,40.289386,-88.126163,-68.80583262142174,1495.0,6.786376978155076,rs8,11.167519600830706,28.62187291510434,17.454353314273632,1,11.167519600830706,40.846372256392044,29.678852655561336,-78.92951005359993,positive_cross,toward_S4,1.1874755080032997
7,cx30,2024-03-29 23:17:02+00:00,40.289321,-88.126163,-61.57933843785903,1496.0,7.226494183562714,rs8,18.194900535423166,31.88081034724398,13.685909811820814,1,18.194900535423166,33.65578357401781,15.460883038594645,-78.92951005359993,positive_cross,toward_S4,1.3212994743655722
7,cx30,2024-03-29 23:17:03+00:00,40.289252,-88.126162,-53.90966696235501,1497.0,7.669671475504018,rs8,25.766610818007067,26.033997063333686,0.2673862453266196,1,25.766610818007067,26.033997063333686,0.2673862453266196,-78.92951005359993,positive_cross,toward_S4,1.4633304276156465
7,cx30,2024-03-29 23:17:04+00:00,40.289179,-88.126157,-45.80140832427173,1498.0,8.108258638083278,rs6,17.954426771324147,33.79833920002353,15.84391242869938,2,17.954426771324147,33.79833920002353,15.84391242869938,-27.632700444717127,positive_cross,toward_S4,1.6635424466749147
7,cx30,2024-03-29 23:17:05+00:00,40.289104,-88.126151,-37.472326062476284,1499.0,8.329082261795449,rs6,9.720730584781576,33.172752383762855,23.452021798981278,2,9.720730584781576,42.08556530750522,32.36483472272364,-27.632700444717127,positive_cross,toward_S4,1.8177847107822378
7,cx30,2024-03-29 23:17:06+00:00,40.289027,-88.12615,-28.91323991807066,1500.0,8.559086144405626,rs6,2.845231867669383,31.78323498763201,28.938003119962627,2,2.845231867669383,50.635304093644194,47.79007222597481,-27.632700444717127,positive_cross,toward_S4,1.9762863060490086
7,cx30,2024-03-29 23:17:07+00:00,40.288947,-88.126149,-20.020623273723782,1501.0,8.892616644346877,rs6,8.587684602888633,32.73512317518906,24.147438572300427,2,8.587684602888633,45.820524938775655,37.23284033588702,-27.632700444717127,positive_cross,toward_S4,2.1409643920554324
7,cx30,2024-03-29 23:17:08+00:00,40.288865,-88.126148,-10.90565296195945,1502.0,9.114970311764331,rs6,17.47595062388501,36.038281903315806,18.562331279430797,2,17.47595062388501,36.719306611836004,19.243355987950995,-27.632700444717127,positive_cross,toward_S4,2.3097601385695867
7,cx30,2024-03-29 23:17:09+00:00,40.288781,-88.126146,-1.5698590256495217,1503.0,9.33579393630993,rs6,26.73638367062163,27.400929072568893,0.6645454019472616,2,26.73638367062163,27.400929072568893,0.6645454019472616,-27.632700444717127,positive_cross,toward_S4,2.482645211464215
7,cx30,2024-03-29 23:17:10+00:00,40.288694,-88.126145,8.100995454241726,1504.0,9.670854479891247,rs3,17.79273419852356,36.378631264997075,18.585897066473514,3,17.79273419852356,36.378631264997075,18.585897066473514,26.33125891160298,positive_cross,toward_S4,2.6624025285673842
7,cx30,2024-03-29 23:17:11+00:00,40.288606,-88.126144,17.88302676746847,1505.0,9.782031313226742,rs3,8.240062949810293,36.51474589132032,28.274682941510022,3,8.240062949810293,46.146587082480515,37.90652413267022,26.33125891160298,positive_cross,toward_S4,2.8435512565901018
7,cx30,2024-03-29 23:17:12+00:00,40.288516,-88.126148,27.895061962493696,1506.0,10.012035195025227,rs3,3.7648691668924963,35.19908268197696,31.434213515084465,3,3.7648691668924963,51.2777367418925,47.512867575,26.33125891160298,positive_cross,toward_S4,3.0289593157572354
7,cx30,2024-03-29 23:17:13+00:00,40.288426,-88.126155,37.911687286134494,1507.0,10.016625323640799,rs3,12.762405834555585,36.4363099256838,23.673904091128215,3,12.762405834555585,41.33232646284299,28.569920628287406,26.33125891160298,positive_cross,toward_S4,3.2144523773061393
7,cx30,2024-03-29 23:17:14+00:00,40.288336,-88.126159,47.92372248115972,1508.0,10.012035195025227,rs3,22.596862021577042,31.40759326871128,8.810731247134239,3,22.596862021577042,31.40759326871128,8.810731247134239,26.33125891160298,positive_cross,toward_S4,3.399860436473273
7,cx30,2024-03-29 23:17:15+00:00,40.288254,-88.126162,57.044812964411484,1509.0,9.121090483251763,rs1,22.425934702859948,31.649131443579734,9.223196740719786,4,22.425934702859948,31.649131443579734,9.223196740719786,80.2309515867141,positive_cross,toward_S4,3.5706270625499514
7,cx30,2024-03-29 23:17:16+00:00,40.288179,-88.126165,65.3876656129088,1510.0,8.34285264849732,rs1,14.37553931990783,36.612028390370924,22.236489070463094,4,14.37553931990783,39.95970130852599,25.584161988618163,80.2309515867141,positive_cross,toward_S4,3.7251243338184206
7,cx30,2024-03-29 23:17:17+00:00,40.288113,-88.126166,72.72686667265717,1511.0,7.339201059748362,rs1,7.741690543716467,34.081604058185015,26.33991351446855,4,7.741690543716467,47.2696476205447,39.52795707682824,80.2309515867141,positive_cross,toward_S4,3.8610354645545013
7,cx30,2024-03-29 23:17:18+00:00,40.288056,-88.126173,79.07465648825469,1512.0,6.3477898155975225,rs1,4.988927266243745,32.55295702319853,27.564029756954785,4,4.988927266243745,53.637275486328164,48.64834822008442,80.2309515867141,positive_cross,toward_S4,3.9785871278063074
7,cx30,2024-03-29 23:17:19+00:00,40.288002,-88.126187,85.09962610247757,1513.0,6.024969614222883,rs1,8.592192239919543,31.598316584053062,23.006124344133518,4,8.592192239919543,59.73295319697796,51.14076095705842,80.2309515867141,positive_cross,toward_S4,4.090160639180805
7,cx30,2024-03-29 23:17:20+00:00,40.287954,-88.126205,90.46365488672548,1514.0,5.364028784247907,rs1,13.685900767375925,31.28340221109082,17.597501443714897,4,13.685900767375925,65.21079444514648,51.52489367777055,80.2309515867141,positive_cross,toward_S4,4.189494505555766
7,cx30,2024-03-29 23:17:21+00:00,40.287914,-88.126233,94.95356943085557,1515.0,4.489914544130087,rs1,18.70821639237055,30.782645298879803,12.074428906509254,4,18.70821639237055,69.93784327960977,51.22962688723922,80.2309515867141,positive_cross,toward_S4,4.272641071187805
7,cx30,2024-03-29 23:17:22+00:00,40.287879,-88.126278,98.91361053651377,1516.0,3.960041105658206,rs1,24.070861407214725,29.61429976815893,5.543438360944204,4,24.070861407214725,74.41734646139679,50.34648505418207,80.2309515867141,positive_cross,toward_S4,4.345975165737031
7,cx30,2024-03-29 23:17:23+00:00,40.287859,-88.12633,101.21670943785072,1517.0,2.303098901336952,rs2,27.800074261800596,28.528718225550282,0.7286439637496862,4,27.800074261800596,77.13125179149732,49.331177529696724,80.2309515867141,negative_cross,toward_S4,4.388625145391419
7,cx30,2024-03-29 23:17:24+00:00,40.287852,-88.126391,102.08827988804937,1518.0,0.8715704501986465,rs2,25.15954688624236,32.63229545924841,7.472748573006051,4,25.15954688624236,76.73688741329268,51.57734052705032,80.2309515867141,negative_cross,toward_S4,4.4047653389136165
7,cx30,2024-03-29 23:17:25+00:00,40.287864,-88.126452,100.84749050054704,1519.0,-1.240789387502332,rs2,21.465943347142144,35.721744565283636,14.255801218141492,4,21.465943347142144,74.60144838234831,53.135505035206165,80.2309515867141,negative_cross,toward_S1,4.381787757663573
7,cx30,2024-03-29 23:17:26+00:00,40.28789,-88.126498,98.02727479955934,1520.0,-2.8202157009877027,rs2,17.38627375030488,37.41694019983381,20.03066644952893,4,17.38627375030488,71.32835890920063,53.94208515889575,80.2309515867141,negative_cross,toward_S1,4.329561540978616
7,cx30,2024-03-29 23:17:27+00:00,40.287926,-88.126527,94.06928003338754,1521.0,-3.957994766171794,rs2,12.907021887739246,37.878233640815594,24.971211753076346,4,12.907021887739246,67.181526343282,54.274504455542754,80.2309515867141,negative_cross,toward_S1,4.256265341605063
7,cx30,2024-03-29 23:17:28+00:00,40.287966,-88.126539,89.64056720428394,1522.0,-4.428712829103603,rs2,8.346686263631318,37.39709486291898,29.050408599287664,4,8.346686263631318,62.696632348081636,54.349946084450316,80.2309515867141,negative_cross,toward_S1,4.174252141066108
7,cx30,2024-03-29 23:17:29+00:00,40.288006,-88.126535,85.18737368839719,1523.0,-4.453193515886753,rs2,4.173973559570487,36.127710197064516,31.95373663749403,4,4.173973559570487,58.26260431766806,54.08863075809757,80.2309515867141,negative_cross,toward_S1,4.0917855944756125
7,cx30,2024-03-29 23:17:30+00:00,40.288051,-88.126532,80.17982604800183,1524.0,-5.007547640395359,rs2,2.3885587835598137,35.4515971413338,33.06303835777398,4,2.3885587835598137,53.273567935878035,50.88500915231822,80.2309515867141,negative_cross,toward_S1,3.9990532307645874
7,cx30,2024-03-29 23:17:31+00:00,40.288106,-88.126532,74.06510020073645,1525.0,-6.114725847265376,rs2,7.631103878651723,35.886514681322495,28.255410802670774,4,7.631103878651723,47.1642763342834,39.53317245563168,80.2309515867141,negative_cross,toward_S1,3.88581756692634
7,cx30,2024-03-29 23:17:32+00:00,40.288166,-88.126532,67.39449018532241,1526.0,-6.6706100154140415,rs2,14.17390440218323,37.51067395278998,23.33676955060675,4,14.17390440218323,40.50240313507815,26.328498732894918,80.2309515867141,negative_cross,toward_S1,3.7622877518260798
7,cx30,2024-03-29 23:17:33+00:00,40.288232,-88.12653,60.053759081912276,1527.0,-7.3407311034101355,rs2,21.48102458423931,33.19344288352581,11.712418299286501,4,21.48102458423931,33.19344288352581,11.712418299286501,80.2309515867141,negative_cross,toward_S1,3.6263482869481143
7,cx30,2024-03-29 23:17:34+00:00,40.288301,-88.126527,52.3779674356673,1528.0,-7.675791646244974,rs5,25.582023043672873,29.145958562197173,3.5639355185243,3,25.582023043672873,29.145958562197173,3.5639355185243,26.33125891160298,negative_cross,toward_S1,3.482346454149339
7,cx30,2024-03-29 23:17:35+00:00,40.288373,-88.126521,44.36405515928558,1529.0,-8.013912276381724,rs5,17.748557087202563,37.168987168448595,19.42043008124603,3,17.748557087202563,37.168987168448595,19.42043008124603,26.33125891160298,negative_cross,toward_S1,3.3339406712533814
7,cx30,2024-03-29 23:17:36+00:00,40.288449,-88.126514,35.90390550598705,1530.0,-8.46014965329853,rs5,9.843903923149025,35.436814800051934,25.59291087690291,3,9.843903923149025,45.6426772008445,35.798773277695474,26.33125891160298,negative_cross,toward_S1,3.1772712332293347
7,cx30,2024-03-29 23:17:37+00:00,40.288528,-88.126504,27.105635223320004,1531.0,-8.798270282667044,rs5,4.965769902686401,33.25347533843738,28.287705435750983,3,4.965769902686401,54.227954429194625,49.26218452650822,26.33125891160298,negative_cross,toward_S1,3.0143403020688337
7,cx30,2024-03-29 23:17:38+00:00,40.288608,-88.126493,18.19465806367739,1532.0,-8.910977159642613,rs5,10.545106894258026,33.28599366864156,22.740886774383533,3,10.545106894258026,45.38025618955368,34.83514929529565,26.33125891160298,negative_cross,toward_S1,2.8493222065198966
7,cx30,2024-03-29 23:17:39+00:00,40.288689,-88.126479,9.167913942895419,1533.0,-9.026744120781972,rs5,19.113148168375876,35.46945469340564,16.356306525029762,3,19.113148168375876,36.49609163338114,17.382943465005265,26.33125891160298,negative_cross,toward_S1,2.6821602783572676
7,cx30,2024-03-29 23:17:40+00:00,40.288771,-88.126466,0.03152303085985131,1534.0,-9.136390912035568,rs7,27.619126541092943,28.09185736819303,0.4727308271000865,2,27.619126541092943,28.09185736819303,0.4727308271000865,-27.632700444717127,negative_cross,toward_S1,2.512300434732907
7,cx30,2024-03-29 23:17:41+00:00,40.288851,-88.126454,-8.88098417165462,1535.0,-8.91250720251447,rs7,19.22320168907728,34.1994845172324,14.97628282815512,2,19.22320168907728,36.93591122442163,17.712709535344352,-27.632700444717127,negative_cross,toward_S1,2.347254005056713
7,cx30,2024-03-29 23:17:42+00:00,40.288927,-88.126444,-17.345723953568715,1536.0,-8.464739781914096,rs7,11.952940721982602,29.577088574021644,17.624147852039044,2,11.952940721982602,45.35203378715708,33.39909306517448,-27.632700444717127,negative_cross,toward_S1,2.1904995646508967
7,cx30,2024-03-29 23:17:43+00:00,40.288999,-88.126437,-25.361166272054074,1537.0,-8.01544231848536,rs7,7.6254194549133,27.203063251800348,19.57764379688705,2,7.6254194549133,53.18559352845323,45.56017407353993,-27.632700444717127,negative_cross,toward_S1,2.0420654476419084
7,cx30,2024-03-29 23:17:44+00:00,40.289071,-88.12644,-33.36130816254558,1538.0,-8.00014189049151,rs7,9.462357029798241,27.92623887847536,18.46388184867712,2,9.462357029798241,45.179121767286986,35.716764737488745,-27.632700444717127,negative_cross,toward_S1,1.8939146718920656
7,cx30,2024-03-29 23:17:45+00:00,40.289144,-88.126443,-41.47262688637259,1539.0,-8.111318723827004,rs7,15.890015327597693,30.84127036985448,14.951255042256788,2,15.890015327597693,37.06432978382792,21.174314456230228,-27.632700444717127,negative_cross,toward_S1,1.7437050658952693
7,cx30,2024-03-29 23:17:46+00:00,40.289216,-88.126446,-49.4727687768641,1540.0,-8.000141890491513,rs7,23.290634327270137,29.06513544507541,5.774501117805272,2,23.290634327270137,29.06513544507541,5.774501117805272,-27.632700444717127,negative_cross,toward_S1,1.5955542901454265
7,cx30,2024-03-29 23:17:47+00:00,40.289285,-88.12645,-57.13785012296259,1541.0,-7.665081346098489,rs10,21.397283783862598,30.652935934144995,9.255652150282398,1,21.397283783862598,30.652935934144995,9.255652150282398,-78.92951005359993,negative_cross,toward_S1,1.4035492579747655
7,cx30,2024-03-29 23:17:48+00:00,40.289353,-88.12645,-64.69787480725651,1542.0,-7.560024684293921,rs10,13.91127295765523,31.17860252101469,17.26732956335946,1,13.91127295765523,38.08643708567119,24.175164128015965,-78.92951005359993,negative_cross,toward_S1,1.2635488008582114
7,cx30,2024-03-29 23:17:49+00:00,40.289417,-88.12645,-71.81319215750547,1543.0,-7.115317350248958,rs10,7.018850539620888,28.615016728301207,21.596166188680318,1,7.018850539620888,45.122126815501595,38.10327627588071,-78.92951005359993,negative_cross,toward_S1,1.13178366474249
7,cx30,2024-03-29 23:17:50+00:00,40.289474,-88.126447,-78.15486180082563,1544.0,-6.341669643320159,rs10,2.724973810150039,27.451621370128823,24.726647559978783,1,2.724973810150039,51.43931571008145,48.71434189993141,-78.92951005359993,negative_cross,toward_S1,1.0143453380143388
7,cx30,2024-03-29 23:17:51+00:00,40.289524,-88.126443,-83.71982365224147,1545.0,-5.564961851415845,rs10,6.1411442442861,27.502030421897274,21.360886177611174,1,6.1411442442861,56.99973211526747,50.85858787098137,-78.92951005359993,negative_cross,toward_S1,0.9112904889140454
7,cx30,2024-03-29 23:17:52+00:00,40.289574,-88.126443,-89.27866533214817,1546.0,-5.558841679906692,rs10,11.309306676081556,28.97406193909659,17.66475526301503,1,11.309306676081556,62.52380081777381,51.214494141692256,-78.92951005359993,negative_cross,toward_S1,0.8083489763231808
7,cx30,2024-03-29 23:17:53+00:00,40.28962,-88.12644,-94.3973898058355,1547.0,-5.118724473687337,rs10,16.343912727995658,30.933509136099758,14.5895964081041,1,16.343912727995658,67.63777867479844,51.29386594680278,-78.92951005359993,negative_cross,toward_S1,0.7135577823660079
7,cx30,2024-03-29 23:17:54+00:00,40.289661,-88.126424,-98.98012066956355,1548.0,-4.582730863728045,rs10,21.088492214604408,32.354862553605614,11.266370339001206,1,21.088492214604408,72.32123925944131,51.232747044836906,-78.92951005359993,negative_cross,toward_S1,0.6286923960006736
7,cx30,2024-03-29 23:17:55+00:00,40.289696,-88.126391,-102.92180125992601,1549.0,-3.9416805903624663,rs10,25.572819706340432,32.89836927437065,7.325549568030219,1,25.572819706340432,76.55178801242776,50.97896830608733,-78.92951005359993,negative_cross,toward_S1,0.5556983109939613
7,cx30,2024-03-29 23:17:56+00:00,40.28972,-88.126349,-105.65430706733582,1550.0,-2.732505807409808,rs10,29.284512767069483,32.674774274737594,3.390261507668111,1,29.284512767069483,79.77978538991876,50.49527262284927,-78.92951005359993,negative_cross,toward_S1,0.5050963515974835
7,cx30,2024-03-29 23:17:57+00:00,40.289731,-88.126303,-106.94763420924804,1551.0,-1.293327141912215,rs8,31.621719719712935,32.04344787390715,0.42172815419421283,1,31.621719719712935,80.58747609489203,48.96575637517909,-78.92951005359993,positive_cross,toward_S1,0.48114584896947943
7,cx30,2024-03-29 23:17:58+00:00,40.289728,-88.126253,-106.6906058514937,1552.0,0.2570283577543364,rs8,29.502671817221678,33.95078624771353,4.448114430491852,1,29.502671817221678,79.5377106313199,50.035038814098215,-78.92951005359993,positive_cross,ambiguous,0.4859056333723375
7,cx30,2024-03-29 23:17:59+00:00,40.28972,-88.126206,-105.87310319857679,1553.0,0.8175026529169145,rs8,27.400944793018997,35.67077861443575,8.26983382141675,1,27.400944793018997,78.1745572184883,50.77361242546931,-78.92951005359993,positive_cross,toward_S4,0.5010445713893175
7,cx30,2024-03-29 23:18:00+00:00,40.289697,-88.12616,-103.38641799753034,1554.0,2.4866852010464413,rs8,24.134311453281562,36.5536643467799,12.419352893498335,1,24.134311453281562,75.3416719794411,51.20736052615954,-78.92951005359993,positive_cross,toward_S4,0.5470942973346219
7,cx30,2024-03-29 23:18:01+00:00,40.289656,-88.126132,-98.87100902112795,1555.0,4.515408976402398,rs8,19.38873115317288,35.59644398986284,16.20771283668996,1,19.38873115317288,70.7060192272445,51.31728807407161,-78.92951005359993,positive_cross,toward_S4,0.6307129820828145
7,cx30,2024-03-29 23:18:02+00:00,40.289608,-88.12613,-93.53758109438243,1556.0,5.3334279267455145,rs8,14.047262798472927,33.04502167898395,18.99775888051102,1,14.047262798472927,65.36506570665665,51.31780290818372,-78.92951005359993,positive_cross,toward_S4,0.7294801659114352
7,cx30,2024-03-29 23:18:03+00:00,40.289562,-88.126152,-88.38978580525287,1557.0,5.1477952891295615,rs8,9.24004538936728,29.342417324977955,20.102371935610677,1,9.24004538936728,60.310846599702565,51.07080121033528,-78.92951005359993,positive_cross,toward_S4,0.8248097083027233
7,cx30,2024-03-29 23:18:04+00:00,40.289516,-88.126176,-83.23893043116952,1558.0,5.150855374083349,rs8,5.851016703383483,26.087381994217356,20.236365290833874,1,5.851016703383483,55.346007523170805,49.49499081978732,-78.92951005359993,positive_cross,toward_S4,0.9201959189338964
7,cx30,2024-03-29 23:18:05+00:00,40.289465,-88.126191,-77.545961274806,1559.0,5.692969156363517,rs8,6.01591475438217,24.46567511491695,18.449760360534782,1,6.01591475438217,49.841801432178244,43.82588667779608,-78.92951005359993,positive_cross,toward_S4,1.025621273681369
7,cx30,2024-03-29 23:18:06+00:00,40.289411,-88.126194,-71.53782213223877,1560.0,6.008139142567231,rs8,9.883732901349171,25.24086952741736,15.357136626068188,1,9.883732901349171,43.92589883228274,34.04216593093357,-78.92951005359993,positive_cross,toward_S4,1.1368831096548362
7,cx30,2024-03-29 23:18:07+00:00,40.289348,-88.126185,-64.54745200117205,1561.0,6.990370131066726,rs8,15.767476012630652,28.726125274262312,12.95864926163166,1,15.767476012630652,36.88372875750194,21.11625274487129,-78.92951005359993,positive_cross,toward_S4,1.2663344083782941
7,cx30,2024-03-29 23:18:08+00:00,40.289282,-88.126173,-57.228141498823106,1562.0,7.319310502348941,rs8,22.61479457686554,29.474004926395672,6.859210349530134,1,22.61479457686554,29.474004926395672,6.859210349530134,-78.92951005359993,positive_cross,toward_S4,1.40187719545883
7,cx30,2024-03-29 23:18:09+00:00,40.289212,-88.126163,-49.461063575852044,1563.0,7.767077922971062,rs6,21.656270678185408,30.194474723463664,8.538204045278256,2,21.656270678185408,30.194474723463664,8.538204045278256,-27.632700444717127,positive_cross,toward_S4,1.5957710531271312
7,cx30,2024-03-29 23:18:10+00:00,40.289141,-88.126156,-41.578218690973415,1564.0,7.882844884878629,rs6,13.80387213967689,34.23271638612557,20.428844246448676,2,13.80387213967689,38.00547970534178,24.201607565664887,-27.632700444717127,positive_cross,toward_S4,1.741749662106365
7,cx30,2024-03-29 23:18:11+00:00,40.289066,-88.126153,-33.24454629972896,1565.0,8.333672391244455,rs6,5.894485333110003,32.00279936722105,26.108314034111046,2,5.894485333110003,46.31513063079095,40.42064529768094,-27.632700444717127,positive_cross,toward_S4,1.896076928610892
7,cx30,2024-03-29 23:18:12+00:00,40.288988,-88.126154,-24.571223237055822,1566.0,8.673323062673138,rs6,4.745978690064908,31.563617986994807,26.817639296929897,2,4.745978690064908,50.39923731858471,45.6532586285198,-27.632700444717127,positive_cross,toward_S4,2.0566940223640984
7,cx30,2024-03-29 23:18:13+00:00,40.288905,-88.126158,-15.337425876806755,1567.0,9.233797360249067,rs6,13.285304408489418,33.41173925023825,20.126434841748832,2,13.285304408489418,41.226059542579954,27.940755134090537,-27.632700444717127,positive_cross,toward_S4,2.227690269776118
7,cx30,2024-03-29 23:18:14+00:00,40.288822,-88.126166,-6.097508345860214,1568.0,9.239917530946542,rs6,22.446122802283522,32.13655168989438,9.69042888761086,2,22.446122802283522,32.13655168989438,9.69042888761086,-27.632700444717127,positive_cross,toward_S4,2.3987998536825357
7,cx30,2024-03-29 23:18:15+00:00,40.288738,-88.126173,3.252055976318177,1569.0,9.349564322178392,rs3,23.052292607026143,31.760051476915297,8.707758869889155,3,23.052292607026143,31.760051476915297,8.707758869889155,26.33125891160298,positive_cross,toward_S4,2.5726073530502815
7,cx30,2024-03-29 23:18:16+00:00,40.288654,-88.126178,12.598560212752853,1570.0,9.346504236434676,rs3,14.262687766086735,35.443945757181694,21.18125799109496,3,14.262687766086735,41.07425750374837,26.811569737661635,26.33125891160298,positive_cross,toward_S4,2.745690764836109
7,cx30,2024-03-29 23:18:17+00:00,40.288564,-88.126175,22.599885107653336,1571.0,10.001324894900483,rs3,6.171572062435279,33.10121068270567,26.929638620270392,3,6.171572062435279,50.9967669035563,44.82519484112102,26.33125891160298,positive_cross,toward_S4,2.9309004851120437
7,cx30,2024-03-29 23:18:18+00:00,40.288473,-88.126168,32.70626666435839,1572.0,10.106381556705053,rs3,8.45664453551802,34.05345355270078,25.59680901718276,3,8.45664453551802,46.63866086647851,38.182016330960494,26.33125891160298,positive_cross,toward_S4,3.1180556991251
7,cx30,2024-03-29 23:18:19+00:00,40.288298,-88.126155,52.142321986632425,1573.0,19.436055322274036,rs3,26.71977138532274,27.171547934965748,0.4517765496430073,3,26.71977138532274,27.171547934965748,0.4517765496430073,26.33125891160298,positive_cross,toward_S4,3.4779826495375823
7,cx30,2024-03-29 23:18:20+00:00,40.288218,-88.12616,61.04411888823218,1574.0,8.901796901599752,rs1,18.465528607149444,35.601719999727166,17.13619139257772,4,18.465528607149444,35.601719999727166,17.13619139257772,80.2309515867141,positive_cross,toward_S4,3.644688283361446
7,cx30,2024-03-29 23:18:21+00:00,40.288144,-88.126169,69.28497495987871,1575.0,8.240856071646533,rs1,10.866228789911341,34.82426333292016,23.95803454300882,4,10.866228789911341,43.86624138095204,33.0000125910407,80.2309515867141,positive_cross,toward_S4,3.797296729132678
7,cx30,2024-03-29 23:18:22+00:00,40.288076,-88.126177,76.85723998795919,1576.0,7.57226502808048,rs1,5.786855666662869,32.41394202326691,26.627086356604043,4,5.786855666662869,51.458656923188734,45.67180125652587,80.2309515867141,positive_cross,toward_S4,3.9375238592823165
7,cx30,2024-03-29 23:18:23+00:00,40.288014,-88.126187,83.76550409955277,1577.0,6.9082641115935814,rs1,7.72418910293372,31.4480837270519,23.723894624118177,4,7.72418910293372,58.40596361680182,50.6817745138681,80.2309515867141,positive_cross,toward_S4,4.065454676163679
7,cx30,2024-03-29 23:18:24+00:00,40.287959,-88.126199,89.89859046132392,1578.0,6.133086361771149,rs1,12.940140127421659,31.60571655601148,18.665576428589823,4,12.940140127421659,64.59875385619958,51.65861372877792,80.2309515867141,positive_cross,toward_S4,4.179030349529811
7,cx30,2024-03-29 23:18:25+00:00,40.287911,-88.126224,95.27332954569655,1579.0,5.374739084372635,rs1,18.59614527930358,31.614489580141495,13.018344300837914,4,18.59614527930358,70.16062822733787,51.56448294803428,80.2309515867141,positive_cross,toward_S4,4.278562554795972
7,cx30,2024-03-29 23:18:26+00:00,40.287871,-88.126263,99.78007456146058,1580.0,4.506745015764025,rs1,24.112664077218408,31.166070271066015,7.053406193847607,4,24.112664077218408,75.06393907237258,50.951274995154165,80.2309515867141,positive_cross,toward_S4,4.362020795828639
7,cx30,2024-03-29 23:18:27+00:00,40.287843,-88.126317,102.97564821744288,1581.0,3.195573655982301,rs1,29.253239792737578,29.852300866440313,0.5990610737027353,4,29.253239792737578,79.0141042803892,49.76086448765163,80.2309515867141,positive_cross,toward_S4,4.421198085754237
7,cx30,2024-03-29 23:18:28+00:00,40.287836,-88.126381,103.85180879704706,1582.0,0.8761605796041749,rs2,27.111719439841902,33.309817639599345,6.1980981997574425,4,27.111719439841902,78.64666350503423,51.53494406519232,80.2309515867141,negative_cross,toward_S4,4.4374232816728325
7,cx30,2024-03-29 23:18:29+00:00,40.28785,-88.126436,102.3794854848744,1583.0,-1.4723233121726622,rs2,23.451334248451875,35.62165282027791,12.170318571826034,4,23.451334248451875,76.32554971322757,52.8742154647757,80.2309515867141,negative_cross,toward_S1,4.410158035151117
7,cx30,2024-03-29 23:18:30+00:00,40.287876,-88.126483,99.56079982675853,1584.0,-2.818685658115868,rs2,19.256135232577307,37.129321726536844,17.873186493959537,4,19.256135232577307,72.98762936845534,53.73149413587804,80.2309515867141,negative_cross,toward_S1,4.3579601525934155
7,cx30,2024-03-29 23:18:31+00:00,40.287915,-88.126517,95.27692477425828,1585.0,-4.28387505250025,rs2,14.282769781121262,37.587858723373294,23.305088942252034,4,14.282769781121262,68.44641456707582,54.16364478595456,80.2309515867141,negative_cross,toward_S1,4.27862913310267
7,cx30,2024-03-29 23:18:32+00:00,40.28797,-88.126531,89.18361952645243,1586.0,-6.093305247805844,rs2,8.061104614193052,36.625086975898824,28.563982361705772,4,8.061104614193052,62.277387848804175,54.216283234611126,80.2309515867141,negative_cross,toward_S1,4.165790147032191
7,cx30,2024-03-29 23:18:34+00:00,40.288091,-88.126524,75.72051236139588,1588.0,-6.731553582528278,rs2,6.302494337803368,34.989967904164494,28.687473566361128,4,6.302494337803368,48.87091441278792,42.56842007498455,80.2309515867141,negative_cross,toward_S1,3.9164733476792923
7,cx30,2024-03-29 23:18:36+00:00,40.288225,-88.126513,60.805986188591575,1590.0,-7.4572630864021505,rs2,20.910224801346796,34.11677827553221,13.206553474185416,4,20.910224801346796,34.11677827553221,13.206553474185416,80.2309515867141,negative_cross,toward_S1,3.6402784185532866
7,cx30,2024-03-29 23:18:37+00:00,40.288294,-88.126504,53.12101428430376,1591.0,-7.6849719042878135,rs5,26.64896798717762,28.606203310314907,1.9572353231372865,3,26.64896798717762,28.606203310314907,1.9572353231372865,26.33125891160298,negative_cross,toward_S1,3.4961065809759404
7,cx30,2024-03-29 23:18:38+00:00,40.288376,-88.126499,43.99686371528654,1592.0,-9.124150569017225,rs5,17.89250305331797,37.33210802351326,19.439604970195287,3,17.89250305331797,37.69577615858397,19.803273105265998,26.33125891160298,negative_cross,toward_S1,3.3271408296978437
7,cx30,2024-03-29 23:18:39+00:00,40.288447,-88.126496,36.09871840164583,1593.0,-7.898145313640704,rs5,10.762489698288901,34.03427312663838,23.27178342834948,3,10.762489698288901,45.566449360910276,34.803959662621374,26.33125891160298,negative_cross,toward_S1,3.180878879445238
7,cx30,2024-03-29 23:18:40+00:00,40.28852,-88.126491,27.975159334822237,1594.0,-8.123559066823596,rs5,6.155729140422843,32.18784252249821,26.032113382075366,3,6.155729140422843,53.68465435350951,47.528925213086666,26.33125891160298,negative_cross,toward_S1,3.030442600429986
7,cx30,2024-03-29 23:18:41+00:00,40.288596,-88.126485,19.516539724395564,1595.0,-8.458619610426673,rs5,9.904989082806734,32.32590191249109,22.420912829684355,3,9.904989082806734,46.756247189331496,36.85125810652476,26.33125891160298,negative_cross,toward_S1,2.873801496533196
7,cx30,2024-03-29 23:18:42+00:00,40.288673,-88.12648,10.948273322737046,1596.0,-8.568266401658517,rs5,17.438516875493914,34.727043177605864,17.28852630211195,3,17.438516875493914,38.25784823018254,20.819331354688625,26.33125891160298,negative_cross,toward_S1,2.7151298965024826
7,cx30,2024-03-29 23:18:43+00:00,40.288749,-88.126476,2.492713798054094,1597.0,-8.455559524682952,rs5,25.504026084530253,29.901706562670558,4.397680478140305,3,25.504026084530253,29.901706562670558,4.397680478140305,26.33125891160298,negative_cross,toward_S1,2.5585454608602056
7,cx30,2024-03-29 23:18:44+00:00,40.28882,-88.126469,-5.411551687095772,1598.0,-7.904265485149866,rs7,22.22341606705983,33.28161079097073,11.058194723910901,2,22.22341606705983,33.28161079097073,11.058194723910901,-27.632700444717127,negative_cross,toward_S1,2.411502754770766
7,cx30,2024-03-29 23:18:45+00:00,40.28889,-88.126466,-13.19852016744446,1599.0,-7.786968480348689,rs7,14.788396608627945,32.92581278371739,18.137416175089445,2,14.788396608627945,40.93533812334121,26.146941514713266,-27.632700444717127,negative_cross,toward_S1,2.2672996347643086
7,cx30,2024-03-29 23:18:47+00:00,40.288957,-88.126463,-20.6519581470402,1601.0,-3.7267189897978703,rs7,8.312494426537475,30.141158315067678,21.8286638885302,2,8.312494426537475,48.30378192257745,39.99128749603997,-27.632700444717127,negative_cross,toward_S1,2.1292730055125357
7,cx30,2024-03-29 23:18:48+00:00,40.289021,-88.12646,-27.771865625136517,1602.0,-7.119907478096316,rs7,5.492094568683768,29.05018044918568,23.558085880501913,2,5.492094568683768,50.64476974120396,45.15267517252019,-27.632700444717127,negative_cross,toward_S1,1.9974228670292706
7,cx30,2024-03-29 23:18:49+00:00,40.289084,-88.126456,-34.78212631355916,1603.0,-7.010260688422644,rs7,9.589983617202616,29.56935670790166,19.979373090699045,2,9.589983617202616,43.655483271364936,34.06549965416232,-27.632700444717127,negative_cross,toward_S1,1.8676032246510734
7,cx30,2024-03-29 23:18:50+00:00,40.289148,-88.126454,-41.90050374878361,1604.0,-7.118377435224453,rs7,15.919303025262847,31.875012621305245,15.955709596042398,2,15.919303025262847,36.554950692086386,20.635647666823537,-27.632700444717127,negative_cross,toward_S1,1.735781420295065
7,cx30,2024-03-29 23:18:51+00:00,40.289212,-88.126453,-49.01735114190444,1605.0,-7.116847393120828,rs7,22.69912398441403,29.457586188187744,6.758462203773714,2,22.69912398441403,29.457586188187744,6.758462203773714,-27.632700444717127,negative_cross,toward_S1,1.6039879500520868
7,cx30,2024-03-29 23:18:52+00:00,40.289268,-88.126455,-55.24019373750808,1606.0,-6.2228425956036375,rs10,23.235593811066874,28.71527677983261,5.4796829687657365,1,23.235593811066874,28.71527677983261,5.4796829687657365,-78.92951005359993,negative_cross,toward_S1,1.4386910428905897
7,cx30,2024-03-29 23:18:53+00:00,40.28933,-88.126457,-62.13009733459587,1607.0,-6.8899035970877875,rs10,16.357013855326397,32.94226673726282,16.585252881936423,1,16.357013855326397,35.46558888123544,19.108575025909044,-78.92951005359993,negative_cross,toward_S1,1.3111002355371122
7,cx30,2024-03-29 23:18:54+00:00,40.289386,-88.126456,-68.35753005883682,1608.0,-6.227432724240948,rs10,10.209709473288104,30.147375356997408,19.937665883709304,1,10.209709473288104,41.6368130966254,31.4271036233373,-78.92951005359993,negative_cross,toward_S1,1.195777407310428
7,cx30,2024-03-29 23:18:55+00:00,40.289447,-88.126453,-75.14390703699189,1609.0,-6.786376978155076,rs10,3.9168997928713636,28.213739231111088,24.296839438239726,1,3.9168997928713636,48.39596421781948,44.47906442494812,-78.92951005359993,negative_cross,toward_S1,1.0701037595668155
7,cx30,2024-03-29 23:18:56+00:00,40.289505,-88.12645,-81.59675351360407,1610.0,-6.45284647661218,rs10,4.047998275664653,27.812395284406595,23.76439700874194,1,4.047998275664653,54.831109603977566,50.78311132831291,-78.92951005359993,negative_cross,toward_S1,0.9506066025925158
7,cx30,2024-03-29 23:18:57+00:00,40.289558,-88.126447,-87.49371582287925,1611.0,-5.896962309275182,rs10,9.505407221462812,28.71708754961947,19.21168032815666,1,9.505407221462812,60.71776635987286,51.21235913841005,-78.92951005359993,negative_cross,toward_S1,0.8414035968651976
7,cx30,2024-03-29 23:18:58+00:00,40.289603,-88.126447,-92.4966733346373,1612.0,-5.002957511758041,rs10,14.373360413877894,30.570653699267737,16.197293285389843,1,14.373360413877894,65.69589313614397,51.322532722266075,-78.92951005359993,negative_cross,toward_S1,0.7487562355363451
7,cx30,2024-03-29 23:18:59+00:00,40.289643,-88.126434,-96.96363723562429,1613.0,-4.466963900986997,rs10,18.95221209538138,31.85909886007325,12.906886764691869,1,18.95221209538138,70.2358660031007,51.28365390771931,-78.92951005359993,negative_cross,toward_S1,0.6660346818143636
7,cx30,2024-03-29 23:19:00+00:00,40.289682,-88.126403,-101.34696507507796,1614.0,-4.3833278394536705,rs10,23.791918321858848,32.523235271899544,8.731316950040696,1,23.791918321858848,74.86532645851588,51.07340813665704,-78.92951005359993,negative_cross,toward_S1,0.5848619440467031
7,cx30,2024-03-29 23:19:01+00:00,40.289707,-88.12636,-104.1921777586734,1615.0,-2.8452126835954346,rs10,27.595405185877237,32.08861000018632,4.493204814309085,1,27.595405185877237,78.18788882751582,50.59248364163858,-78.92951005359993,negative_cross,toward_S1,0.5321728202764173
7,cx30,2024-03-29 23:19:02+00:00,40.289722,-88.126316,-105.92715214886508,1616.0,-1.734974390191681,rs10,30.648008870585908,31.30868988721866,0.6606810166327506,1,30.648008870585908,79.8311922139661,49.18318334338019,-78.92951005359993,negative_cross,toward_S1,0.5000436649024973
7,cx30,2024-03-29 23:19:03+00:00,40.289723,-88.12627,-106.1087109552482,1617.0,-0.18155880638312283,rs8,29.563626366308338,32.68901392860208,3.125387562293742,1,29.563626366308338,79.21007044176805,49.64644407545971,-78.92951005359993,positive_cross,ambiguous,0.4966814647842912
7,cx30,2024-03-29 23:19:04+00:00,40.289717,-88.126228,-105.50591175457774,1618.0,0.6027992006704608,rs8,27.61926038221873,34.22618093961782,6.606920557399089,1,27.61926038221873,78.04437830302666,50.425117920807935,-78.92951005359993,positive_cross,toward_S4,0.5078444129448554
7,cx30,2024-03-29 23:19:05+00:00,40.289693,-88.126185,-102.90345959158022,1619.0,2.6024521629975226,rs8,24.06167005879487,34.70150172618507,10.639831667390201,1,24.06167005879487,75.02906871357125,50.967398654776375,-78.92951005359993,positive_cross,toward_S4,0.5560379715188835
7,cx30,2024-03-29 23:19:06+00:00,40.289656,-88.126144,-98.85264850662217,1620.0,4.050811084958042,rs8,19.452778103702286,34.759130743544446,15.30635263984216,1,19.452778103702286,70.73093660252465,51.278158498822364,-78.92951005359993,positive_cross,toward_S4,0.631052991610699
7,cx30,2024-03-29 23:19:07+00:00,40.289617,-88.126128,-94.54123268234152,1621.0,4.311415824280658,rs8,15.04243433331794,33.65151957974546,18.60908524642752,1,15.04243433331794,66.36350209366887,51.32106776035093,-78.92951005359993,positive_cross,toward_S4,0.7108940253936743
7,cx30,2024-03-29 23:19:08+00:00,40.289579,-88.12613,-90.31345292038411,1622.0,4.227779761957407,rs8,10.824827607474163,31.744844981469782,20.92001737399562,1,10.824827607474163,62.13994127349173,51.31511366601757,-78.92951005359993,positive_cross,toward_S4,0.7891862432077004
7,cx30,2024-03-29 23:19:09+00:00,40.289541,-88.12615,-86.05813238589987,1623.0,4.255320534484241,rs8,6.955126212776647,28.831306789597228,21.87618057682058,1,6.955126212776647,57.96964605153072,51.01451983875407,-78.92951005359993,positive_cross,toward_S4,0.8679884753277789
7,cx30,2024-03-29 23:19:10+00:00,40.289501,-88.126169,-81.58198822763828,1624.0,4.47614415826159,rs8,4.4042168614859145,26.44643781262379,22.042220951137875,1,4.4042168614859145,53.63296627291437,49.22874941142846,-78.92951005359993,positive_cross,toward_S4,0.9508800338141046
7,cx30,2024-03-29 23:19:11+00:00,40.289455,-88.12618,-76.4510234101426,1625.0,5.130964817495681,rs8,5.637610617906723,25.476096530656093,19.83848591274937,1,5.637610617906723,48.62801674313937,42.990406125232646,-78.92951005359993,positive_cross,toward_S4,1.0458979008047653
7,cx30,2024-03-29 23:19:12+00:00,40.289403,-88.126187,-70.65911776348366,1626.0,5.7919056466589325,rs8,10.283595668687365,26.073985242713558,15.790389574026193,1,10.283595668687365,42.96061191418891,32.67701624550155,-78.92951005359993,positive_cross,toward_S4,1.1531554127799308
7,cx30,2024-03-29 23:19:13+00:00,40.289349,-88.126189,-64.6525086637883,1627.0,6.006609099695368,rs8,15.778657377797659,28.37636613700757,12.59770875920991,1,15.778657377797659,37.04759035125855,21.268932973460892,-78.92951005359993,positive_cross,toward_S4,1.2643889146261413
7,cx30,2024-03-29 23:19:14+00:00,40.289287,-88.126183,-57.7687252382097,1628.0,6.883783425578599,rs8,22.245268881504522,30.16761569564562,7.922346814141097,1,22.245268881504522,30.16761569564562,7.922346814141097,-78.92951005359993,positive_cross,toward_S4,1.3918663854701894
7,cx30,2024-03-29 23:19:15+00:00,40.289223,-88.126174,-50.6671782738292,1629.0,7.101546964380496,rs6,23.0369068867489,29.101246058063325,6.064339171314426,2,23.0369068867489,29.101246058063325,6.064339171314426,-27.632700444717127,positive_cross,toward_S4,1.573435595757184
7,cx30,2024-03-29 23:19:16+00:00,40.289155,-88.126164,-43.12245401829734,1630.0,7.544724255531861,rs6,15.479998566090027,34.29122771487316,18.811229148783134,2,15.479998566090027,36.51002064362003,21.030022077530006,-27.632700444717127,positive_cross,toward_S4,1.7131527116003664
7,cx30,2024-03-29 23:19:17+00:00,40.289084,-88.126161,-35.23348896190954,1631.0,7.888965056387796,rs6,7.974945967989826,31.756331158954808,23.781385190964983,2,7.974945967989826,44.35947298147879,36.38452701348896,-27.632700444717127,positive_cross,toward_S4,1.8592446570890293
7,cx30,2024-03-29 23:19:18+00:00,40.289009,-88.126162,-26.89369639917765,1632.0,8.339792562731894,rs6,3.97468858774082,30.746461251969237,26.771772664228415,2,3.97468858774082,52.688636971251434,48.71394838351061,-27.632700444717127,positive_cross,toward_S4,2.0136852601025828
7,cx30,2024-03-29 23:19:19+00:00,40.288932,-88.126165,-18.328490084052806,1633.0,8.565206315124843,rs6,10.62304367582153,31.860872507594305,21.237828831772774,2,10.62304367582153,44.27285230373358,33.64980862791205,-27.632700444717127,positive_cross,toward_S4,2.1723001918641542
7,cx30,2024-03-29 23:19:20+00:00,40.288851,-88.12617,-9.315516348349338,1634.0,9.012973735703468,rs6,19.359132656495596,35.178781423417384,15.819648766921787,2,19.359132656495596,35.37782720302592,16.018694546530327,-27.632700444717127,positive_cross,toward_S4,2.3392071128957
7,cx30,2024-03-29 23:19:21+00:00,40.28877,-88.126175,-0.3025426126458658,1635.0,9.012973735703472,rs3,26.5667457552308,28.27364656161112,1.7069008063803182,3,26.5667457552308,28.27364656161112,1.7069008063803182,26.33125891160298,positive_cross,toward_S4,2.506781453254651
7,cx30,2024-03-29 23:19:22+00:00,40.288686,-88.126179,9.04243158089521,1636.0,9.344974193541075,rs3,17.62030112600097,36.90618309887358,19.285881972872613,3,17.62030112600097,37.557123971241744,19.936822845240773,26.33125891160298,positive_cross,toward_S4,2.679836530912819
7,cx30,2024-03-29 23:19:23+00:00,40.288602,-88.12618,18.382815645842452,1637.0,9.340384064947242,rs3,9.326258469121704,33.44206288711532,24.115804417993616,3,9.326258469121704,46.83727500486779,37.51101653574609,26.33125891160298,positive_cross,toward_S4,2.85280660618962
7,cx30,2024-03-29 23:19:24+00:00,40.288518,-88.126182,27.724729752849854,1638.0,9.341914107007401,rs3,6.251323945857804,32.30773574440957,26.056411798551764,3,6.251323945857804,51.74069998674447,45.48937604088666,26.33125891160298,positive_cross,toward_S4,3.025805015578646
7,cx30,2024-03-29 23:19:25+00:00,40.288432,-88.12618,37.28287735657724,1639.0,9.558147603727384,rs3,12.918892120738635,34.21303285127854,21.294140730539908,3,12.918892120738635,42.225152465564044,29.30626034482541,26.33125891160298,positive_cross,toward_S4,3.2028077489810047
7,cx30,2024-03-29 23:19:26+00:00,40.288349,-88.126177,46.505964416679824,1640.0,9.223087060102586,rs3,21.513676738080793,33.05494146049149,11.541264722410698,3,21.513676738080793,33.05494146049149,11.541264722410698,26.33125891160298,positive_cross,toward_S4,3.373605657501423
7,cx30,2024-03-29 23:19:27+00:00,40.288268,-88.126176,55.509757894340446,1641.0,9.003793477660622,rs1,24.188489412757292,30.296152298886792,6.1076628861295,4,24.188489412757292,30.296152298886792,6.1076628861295,80.2309515867141,positive_cross,toward_S4,3.542200116807895
7,cx30,2024-03-29 23:19:28+00:00,40.28819,-88.126176,64.18155091493168,1642.0,8.671793020591231,rs1,15.831217576908918,36.31432303982351,20.483105462914594,4,15.831217576908918,38.86313347051104,23.031915893602118,80.2309515867141,positive_cross,toward_S4,3.7027888764484738
7,cx30,2024-03-29 23:19:29+00:00,40.288119,-88.126177,72.07663614282865,1643.0,7.8950852278969705,rs1,8.829497556875022,33.3458460298337,24.51634847295868,4,8.829497556875022,46.70609473974118,37.87659718286616,80.2309515867141,positive_cross,toward_S4,3.848994158446566
7,cx30,2024-03-29 23:19:30+00:00,40.288053,-88.126178,79.41583720336693,1644.0,7.3392010605382865,rs1,5.421358934595059,32.11252004221394,26.69116110761888,4,5.421358934595059,54.01161547681764,48.590256542222576,80.2309515867141,positive_cross,toward_S4,3.984905289197275
7,cx30,2024-03-29 23:19:31+00:00,40.287994,-88.126182,85.9813905569764,1645.0,6.5655533536094595,rs1,8.95468735847792,32.14804808074975,23.193360722271834,4,8.95468735847792,60.574857690689996,51.620170332212076,80.2309515867141,positive_cross,toward_S4,4.106489610560413
7,cx30,2024-03-29 23:19:32+00:00,40.287943,-88.126194,91.66976958470264,1646.0,5.688379027726242,rs1,14.246813267679446,32.55765900476034,18.310845737080893,4,14.246813267679446,66.32134993387825,52.07453666619881,80.2309515867141,positive_cross,toward_S4,4.211829962925713
7,cx30,2024-03-29 23:19:33+00:00,40.2879,-88.126227,96.50086484394495,1647.0,4.831095259242318,rs1,19.78644750368924,31.965240727624522,12.178793223935283,4,19.78644750368924,71.4073494636089,51.62090195991966,80.2309515867141,positive_cross,toward_S4,4.30129468994872
7,cx30,2024-03-29 23:19:34+00:00,40.287867,-88.126271,100.23702223931383,1648.0,3.7361573953688776,rs1,24.84949138896905,30.90211423784285,6.052622848873799,4,24.84949138896905,75.62034982818822,50.770858439219175,80.2309515867141,positive_cross,toward_S4,4.370482789862958
7,cx30,2024-03-29 23:19:35+00:00,40.287849,-88.126324,102.31929751610521,1649.0,2.0822752767913784,rs2,28.95912250139854,29.07596193464631,0.11683943324776891,4,28.95912250139854,78.33699234800778,49.377869846609244,80.2309515867141,negative_cross,toward_S4,4.409043443136873
7,cx30,2024-03-29 23:19:36+00:00,40.287847,-88.126384,102.63345375607331,1650.0,0.31415623996809927,rs2,25.952824422845264,32.60112715318853,6.648302730343264,4,25.952824422845264,77.39701902825576,51.44419460541049,80.2309515867141,negative_cross,ambiguous,4.41486115128443
7,cx30,2024-03-29 23:19:37+00:00,40.287864,-88.12644,100.82912998604127,1651.0,-1.8043237700320418,rs2,21.904520589306927,34.91017053866386,13.005649949356936,4,21.904520589306927,74.73622242261015,52.83170183330323,80.2309515867141,negative_cross,toward_S1,4.381447748135688
7,cx30,2024-03-29 23:19:38+00:00,40.287893,-88.126486,97.67538378432238,1652.0,-3.1537462017188886,rs2,17.38796325536834,36.36714215346784,18.979178898099498,4,17.38796325536834,71.08139439802548,53.69343114265714,80.2309515867141,negative_cross,toward_S1,4.323045040696449
7,cx30,2024-03-29 23:19:39+00:00,40.287926,-88.126518,94.05550964751909,1653.0,-3.61987413680329,rs2,13.074588280656256,37.17332428868282,24.098736008026563,4,13.074588280656256,67.22008892163383,54.14550064097757,80.2309515867141,negative_cross,toward_S1,4.256010334459352
7,cx30,2024-03-29 23:19:40+00:00,40.287966,-88.126532,89.6298569041592,1654.0,-4.4256527433598905,rs2,8.470136592341301,36.82505431815141,28.354917725810107,4,8.470136592341301,62.71832837705553,54.24819178471422,80.2309515867141,negative_cross,toward_S1,4.174053802174909
7,cx30,2024-03-29 23:19:41+00:00,40.288011,-88.126531,84.62536934952931,1655.0,-5.00448755462989,rs2,3.8558715905263106,35.71070319860398,31.85483160807767,4,3.8558715905263106,57.72164058642888,53.86576899590257,80.2309515867141,negative_cross,toward_S1,4.0813781067188
7,cx30,2024-03-29 23:19:42+00:00,40.288053,-88.126521,79.94064190974042,1656.0,-4.684727439788887,rs2,3.3153626492726715,34.51576672712245,31.200404077849775,4,3.3153626492726715,53.10508409527921,49.78972144600654,80.2309515867141,negative_cross,toward_S1,3.9946238948708577
7,cx30,2024-03-29 23:19:43+00:00,40.288098,-88.126509,74.91932388347662,1657.0,-5.021318026263799,rs2,7.598015241468619,33.82513155877153,26.22711631730291,4,7.598015241468619,48.19726336598488,40.599248124516265,80.2309515867141,negative_cross,toward_S1,3.901636524014121
7,cx30,2024-03-29 23:19:44+00:00,40.288145,-88.126503,69.68483244704825,1658.0,-5.234491436428371,rs2,12.527982864165825,34.45015846121555,21.922175597049726,4,12.527982864165825,43.05239743080123,30.524414566635404,80.2309515867141,negative_cross,toward_S1,3.8047014974135953
7,cx30,2024-03-29 23:19:45+00:00,40.288194,-88.126501,64.23410751550156,1659.0,-5.450724931546688,rs2,17.766076780126006,36.24384170732695,18.477764927200944,4,17.766076780126006,37.668457897712116,19.90238111758611,80.2309515867141,negative_cross,toward_S1,3.7037621468293973
7,cx30,2024-03-29 23:19:46+00:00,40.288245,-88.126502,58.565619044363025,1660.0,-5.668488471138538,rs2,23.269716424350598,32.04653177651553,8.776815352164931,4,23.269716424350598,32.04653177651553,8.776815352164931,80.2309515867141,negative_cross,toward_S1,3.5987901381046097
7,cx30,2024-03-29 23:19:47+00:00,40.288297,-88.126508,52.793603955081714,1661.0,-5.772015089281311,rs5,26.259320968964555,28.886023505136905,2.626702536172349,3,26.259320968964555,28.886023505136905,2.626702536172349,26.33125891160298,negative_cross,toward_S1,3.490043426731088
7,cx30,2024-03-29 23:19:48+00:00,40.288352,-88.126515,46.68958840715112,1662.0,-6.104015547930594,rs5,20.138906524545938,34.888444061270306,14.749537536724368,3,20.138906524545938,34.888444061270306,14.749537536724368,26.33125891160298,negative_cross,toward_S1,3.37700610176941
7,cx30,2024-03-29 23:19:49+00:00,40.288408,-88.126519,40.469805898081155,1663.0,-6.219782509069965,rs5,13.99817325513273,37.33529980498255,23.337126549849817,3,13.99817325513273,41.06323761627204,27.06506436113931,26.33125891160298,negative_cross,toward_S1,3.26182494419404
7,cx30,2024-03-29 23:19:50+00:00,40.288466,-88.126518,34.02001950642274,1664.0,-6.449786391658414,rs5,7.998860276989636,35.29875617910577,27.299895902116138,3,7.998860276989636,47.503656475187015,39.504796198197376,26.33125891160298,negative_cross,toward_S1,3.1423844554596254
7,cx30,2024-03-29 23:19:51+00:00,40.288524,-88.126513,27.56411294325516,1665.0,-6.455906563167581,rs5,4.2424704021564095,34.03134209258165,29.788871690425243,3,4.2424704021564095,53.968700303470726,49.72622990131432,26.33125891160298,negative_cross,toward_S1,3.0228306302157812
7,cx30,2024-03-29 23:19:52+00:00,40.288581,-88.126497,21.202552742557366,1666.0,-6.361560200697795,rs5,7.988874191598331,33.02909515926054,25.04022096766221,3,7.988874191598331,48.36109880838722,40.372224616788884,26.33125891160298,negative_cross,toward_S1,2.9050239598324885
7,cx30,2024-03-29 23:19:53+00:00,40.288637,-88.126488,14.962879675298064,1667.0,-6.239673067259302,rs5,13.534571461803974,33.80521182620969,20.27064036440572,3,13.534571461803974,42.18948669794909,28.65491523614512,26.33125891160298,negative_cross,toward_S1,2.789474458586946
7,cx30,2024-03-29 23:19:54+00:00,40.288695,-88.126479,8.50085294143301,1668.0,-6.462026733865054,rs5,19.73452070877409,35.79442976949945,16.05990906072536,3,19.73452070877409,35.832513315620496,16.097992606846404,26.33125891160298,negative_cross,toward_S1,2.6698072968487043
7,cx30,2024-03-29 23:19:55+00:00,40.288753,-88.126474,2.0449463782654256,1669.0,-6.455906563167584,rs5,25.978964642891103,29.485143426572915,3.5061787836818112,3,25.978964642891103,29.485143426572915,3.5061787836818112,26.33125891160298,negative_cross,toward_S1,2.55025347160486
7,cx30,2024-03-29 23:19:56+00:00,40.288814,-88.126471,-4.741430599889647,1670.0,-6.786376978155072,rs7,22.841967936834983,32.593042334159044,9.75107439732406,2,22.841967936834983,32.593042334159044,9.75107439732406,-27.632700444717127,negative_cross,toward_S1,2.423912404533842
7,cx30,2024-03-29 23:19:57+00:00,40.288874,-88.126468,-11.416630743919269,1671.0,-6.675200144029622,rs7,16.426133083678106,33.89630779972944,17.470174716051336,2,16.426133083678106,39.15819602141338,22.732062937735275,-27.632700444717127,negative_cross,toward_S1,2.300297587051812
7,cx30,2024-03-29 23:19:58+00:00,40.288934,-88.126457,-18.104071230967236,1672.0,-6.687440487047967,rs7,10.694556083220988,30.356836458274206,19.662280375053218,2,10.694556083220988,45.883714142845214,35.189158059624226,-27.632700444717127,negative_cross,toward_S1,2.176456096550924
7,cx30,2024-03-29 23:19:59+00:00,40.288993,-88.126456,-24.6650344559394,1673.0,-6.560963224972163,rs7,6.303273507080051,28.872035464677502,22.568761957597452,2,6.303273507080051,52.350225957123776,46.046952450043726,-27.632700444717127,negative_cross,toward_S1,2.054956777569958
7,cx30,2024-03-29 23:20:00+00:00,40.28905,-88.126458,-30.999053885668488,1674.0,-6.334019429729089,rs7,6.821839232687922,29.06746391988427,22.245624687196347,2,6.821839232687922,47.427022668505074,40.60518343581715,-27.632700444717127,negative_cross,toward_S1,1.9376601214638638
7,cx30,2024-03-29 23:20:01+00:00,40.289105,-88.126462,-37.107659561424704,1675.0,-6.108605675756216,rs7,11.290664770466762,30.697530443369327,19.406865672902565,2,11.290664770466762,41.301287639926635,30.010622869459873,-27.632700444717127,negative_cross,toward_S1,1.824537794135045
7,cx30,2024-03-29 23:20:02+00:00,40.289158,-88.126467,-42.99238152768156,1676.0,-5.884721966256855,rs7,16.59982837730912,33.361658854940714,16.761830477631595,2,16.59982837730912,35.39574477355356,18.79591639624444,-27.632700444717127,negative_cross,toward_S1,1.7155614614265846
7,cx30,2024-03-29 23:20:03+00:00,40.289212,-88.126469,-48.99287045588949,1677.0,-6.000488928207929,rs7,22.375644416151424,29.387126820109117,7.011482403957693,2,22.375644416151424,29.387126820109117,7.011482403957693,-27.632700444717127,negative_cross,toward_S1,1.6044412960894008
7,cx30,2024-03-29 23:20:04+00:00,40.289265,-88.126467,-54.888302722271085,1678.0,-5.895432266381597,rs10,23.50194348095459,28.195487820147587,4.6935443391929965,1,23.50194348095459,28.195487820147587,4.6935443391929965,-78.92951005359993,negative_cross,toward_S1,1.4452075431727565
7,cx30,2024-03-29 23:20:05+00:00,40.289316,-88.126461,-60.56750149274442,1679.0,-5.679198770473334,rs10,17.87270206344148,33.87420076621342,16.00149870277194,1,17.87270206344148,33.87420076621342,16.00149870277194,-78.92951005359993,negative_cross,toward_S1,1.3400371955713983
7,cx30,2024-03-29 23:20:06+00:00,40.289365,-88.126458,-66.01975646718472,1680.0,-5.452254974440301,rs10,12.485028737474769,31.204116448863864,18.719087711389093,1,12.485028737474769,39.30048966390695,26.81546092643218,-78.92951005359993,negative_cross,toward_S1,1.2390695108595409
7,cx30,2024-03-29 23:20:07+00:00,40.289413,-88.126453,-71.36389469484494,1681.0,-5.344138227660224,rs10,7.356878102969122,28.975716365495202,21.61883826252608,1,7.356878102969122,44.646429641813874,37.289551538844755,-78.92951005359993,negative_cross,toward_S1,1.1401039881250923
7,cx30,2024-03-29 23:20:08+00:00,40.289461,-88.126447,-76.70956296458706,1682.0,-5.34566826974212,rs10,3.192445176126425,27.535273917755525,24.3428287416291,1,3.192445176126425,50.00551338731674,46.81306821119031,-78.92951005359993,negative_cross,toward_S1,1.041110131278016
7,cx30,2024-03-29 23:20:09+00:00,40.289506,-88.126443,-81.71864064785424,1683.0,-5.009077683267179,rs10,4.515405585578779,27.23188748504702,22.716481899468242,1,4.515405585578779,55.01290482132072,50.49749923574194,-78.92951005359993,negative_cross,toward_S1,0.9483494334397349
7,cx30,2024-03-29 23:20:10+00:00,40.289555,-88.126437,-87.17548575091011,1684.0,-5.456845103055869,rs10,9.471614990001978,27.80806455667572,18.336449566673743,1,9.471614990001978,60.484074953841485,51.012459963839504,-78.92951005359993,negative_cross,toward_S1,0.8472967463461076
7,cx30,2024-03-29 23:20:11+00:00,40.289604,-88.126431,-92.632330853966,1685.0,-5.456845103055883,rs10,14.797274575065364,29.409632752926722,14.612358177861358,1,14.797274575065364,65.95568351884721,51.15840894378184,-78.92951005359993,negative_cross,toward_S1,0.7462440592524802
7,cx30,2024-03-29 23:20:12+00:00,40.289642,-88.126415,-96.88153121696281,1686.0,-4.249200362996817,rs10,19.23477438484467,30.474923541323502,11.240149156478832,1,19.23477438484467,70.31967555288422,51.08490116803955,-78.92951005359993,negative_cross,toward_S1,0.6675551636414281
7,cx30,2024-03-29 23:20:13+00:00,40.289678,-88.126386,-100.92826846991981,1687.0,-4.046737252957001,rs10,23.802428300820864,31.174439626039828,7.372011325218963,1,23.802428300820864,74.63778245749265,50.835354156671784,-78.92951005359993,negative_cross,toward_S1,0.5926155848829651
7,cx30,2024-03-29 23:20:14+00:00,40.289699,-88.126346,-103.32418369006477,1688.0,-2.395915220144957,rs10,27.239469331427074,30.65386300295699,3.414393671529915,1,27.239469331427074,77.53545975391889,50.29599042249181,-78.92951005359993,negative_cross,toward_S1,0.5482467845099103
7,cx30,2024-03-29 23:20:15+00:00,40.289707,-88.126298,-104.28704041696774,1689.0,-0.9628567269029702,rs8,29.092010236510085,29.92309919059129,0.8310889540812063,1,29.092010236510085,77.8866586299611,48.79464839345102,-78.92951005359993,positive_cross,toward_S1,0.5304161043820774
7,cx30,2024-03-29 23:20:16+00:00,40.289704,-88.12625,-104.02695197428137,1690.0,0.2600884426863672,rs8,26.940872920114895,31.93780673280714,4.9969338126922445,1,26.940872920114895,76.85962264943946,49.91874972932456,-78.92951005359993,positive_cross,ambiguous,0.5352325570244176
7,cx30,2024-03-29 23:20:17+00:00,40.289687,-88.126202,-102.21038786123101,1691.0,1.8165641130503616,rs8,23.773149284033604,33.204927678382994,9.43177839434939,1,23.773149284033604,74.48846187177,50.71531258773639,-78.92951005359993,positive_cross,toward_S4,0.5688726331920169
7,cx30,2024-03-29 23:20:18+00:00,40.289658,-88.126162,-99.04746140228097,1692.0,3.1629264589500394,rs8,19.86703054970784,33.6551859223929,13.788155372685061,1,19.86703054970784,71.01789247940953,51.15086192970168,-78.92951005359993,positive_cross,toward_S4,0.6274453453947955
7,cx30,2024-03-29 23:20:19+00:00,40.289619,-88.12614,-94.74522583523145,1693.0,4.302235567049522,rs8,15.323556161935526,32.861010081024375,17.537453919088847,1,15.323556161935526,66.60720663867616,51.28365047674063,-78.92951005359993,positive_cross,toward_S4,0.707116374414231
7,cx30,2024-03-29 23:20:20+00:00,40.289571,-88.126142,-89.40567773699848,1694.0,5.339548098232967,rs8,10.043454736727785,30.47792155511274,20.434466818384955,1,10.043454736727785,61.276203117410006,51.232748380682224,-78.92951005359993,positive_cross,toward_S4,0.8059968947518785
7,cx30,2024-03-29 23:20:21+00:00,40.28953,-88.126155,-84.82753700190779,1695.0,4.578140735090699,rs8,5.9865346703154945,28.134952683297076,22.14841801298158,1,5.9865346703154945,56.769692641434595,50.7831579711191,-78.92951005359993,positive_cross,toward_S4,0.8907772787350396
7,cx30,2024-03-29 23:20:22+00:00,40.289489,-88.126166,-80.25245635335074,1696.0,4.575080648557048,rs8,3.685363496709022,26.594284140457507,22.908920643748484,1,3.685363496709022,52.28217556203154,48.59681206532252,-78.92951005359993,positive_cross,toward_S4,0.975500994449059
7,cx30,2024-03-29 23:20:23+00:00,40.289444,-88.126175,-75.23572845570254,1697.0,5.016727897648195,rs8,6.057548026953201,26.037929488218133,19.980381461264933,1,6.057548026953201,47.366493890017814,41.308945863064615,-78.92951005359993,positive_cross,toward_S4,1.0684033629240257
7,cx30,2024-03-29 23:20:24+00:00,40.289397,-88.126182,-69.99970697640228,1698.0,5.236021479300263,rs8,10.654216085814074,26.689864417974835,16.03564833216076,1,10.654216085814074,42.242689589641266,31.588473503827192,-78.92951005359993,positive_cross,toward_S4,1.1653667236518084
7,cx30,2024-03-29 23:20:25+00:00,40.289287,-88.126181,-57.77178532395341,1699.0,12.22792165244887,rs8,22.207442240751572,30.136867303248906,7.929425062497334,1,22.207442240751572,30.136867303248906,7.929425062497334,-78.92951005359993,positive_cross,toward_S4,1.3918097172156763
7,cx30,2024-03-29 23:20:26+00:00,40.28923,-88.126185,-51.42858563776139,1700.0,6.343199686192023,rs6,24.004120297075602,28.487143793408258,4.483023496332656,2,24.004120297075602,28.487143793408258,4.483023496332656,-27.632700444717127,positive_cross,toward_S4,1.5593354593880693
7,cx30,2024-03-29 23:20:27+00:00,40.289172,-88.126184,-44.98185933186845,1701.0,6.446726305892938,rs6,17.77810231874318,33.72480817845249,15.946705859709311,2,17.77810231874318,34.83688420681677,17.05878188807359,-27.632700444717127,positive_cross,toward_S4,1.678719279867568
7,cx30,2024-03-29 23:20:28+00:00,40.289112,-88.126179,-38.318899530835424,1702.0,6.6629598010330255,rs6,11.442869640509747,31.208104963497043,19.765235322987294,2,11.442869640509747,41.39918915075878,29.95631951024903,-27.632700444717127,positive_cross,toward_S4,1.8021074243311426
7,cx30,2024-03-29 23:20:29+00:00,40.289049,-88.126176,-31.319349142515787,1703.0,6.999550388319637,rs6,5.888067118245714,29.78744808530753,23.899380967061816,2,5.888067118245714,48.3436126429643,42.45554552471859,-27.632700444717127,positive_cross,toward_S4,1.9317287278185433
7,cx30,2024-03-29 23:20:30+00:00,40.288982,-88.126169,-23.881211591660364,1704.0,7.438137550855423,rs6,6.10407763166359,30.37127423972386,24.26719660806027,2,6.10407763166359,49.840474315869535,43.73639668420594,-27.632700444717127,positive_cross,toward_S4,2.0694720157973476
7,cx30,2024-03-29 23:20:31+00:00,40.288917,-88.126162,-16.66542770824414,1705.0,7.215783883416222,rs6,12.102019797585585,32.625107707373985,20.5230879097884,2,12.102019797585585,42.58734925953376,30.485329461948176,-27.632700444717127,positive_cross,toward_S4,2.203097643268018
7,cx30,2024-03-29 23:20:32+00:00,40.288852,-88.126158,-9.445053696168864,1706.0,7.220374012075277,rs6,19.041559375710204,35.36167384071345,16.320114465003247,2,19.041559375710204,35.36167384071345,16.320114465003247,-27.632700444717127,positive_cross,toward_S4,2.3368082731212643
7,cx30,2024-03-29 23:20:33+00:00,40.288786,-88.126156,-2.110442765057863,1707.0,7.334610931111001,rs6,26.27422808486246,28.053801751121043,1.7795736662585817,2,26.27422808486246,28.053801751121043,1.7795736662585817,-27.632700444717127,positive_cross,toward_S4,2.4726344014751716
7,cx30,2024-03-29 23:20:34+00:00,40.288719,-88.126156,5.338405085922304,1708.0,7.448847850980167,rs3,20.690868587612858,33.68155869875142,12.990690111138559,3,20.690868587612858,33.68155869875142,12.990690111138559,26.33125891160298,positive_cross,toward_S4,2.61124344767258
7,cx30,2024-03-29 23:20:35+00:00,40.288651,-88.126157,12.89995981310982,1709.0,7.5615547271875165,rs3,13.343830880250216,36.96696692118607,23.623136040935854,3,13.343830880250216,41.2227707600143,27.878939879764083,26.33125891160298,positive_cross,toward_S4,2.751272238916793
7,cx30,2024-03-29 23:20:36+00:00,40.288583,-88.126157,20.459984497403735,1710.0,7.560024684293914,rs3,6.463405001095246,34.91663103840308,28.453226037307836,3,6.463405001095246,48.76511058197142,42.301705580876174,26.33125891160298,positive_cross,toward_S4,2.8912726960333472
7,cx30,2024-03-29 23:20:37+00:00,40.288516,-88.126158,27.91036239125576,1711.0,7.450377893852025,rs3,4.477511645073696,34.35143021620771,29.873918571134013,3,4.477511645073696,51.33217568849838,46.854664043424684,26.33125891160298,positive_cross,toward_S4,3.0292426570306072
7,cx30,2024-03-29 23:20:38+00:00,40.288448,-88.126157,35.46885703267781,1712.0,7.558494641422051,rs3,10.500036884843524,35.57531410177522,25.075277216931696,3,10.500036884843524,43.78493515631761,33.284898271474084,26.33125891160298,positive_cross,toward_S4,3.1692147800199044
7,cx30,2024-03-29 23:20:39+00:00,40.288379,-88.126158,43.14158859394729,1713.0,7.6727315612694795,rs3,17.88965559834835,36.150985088027774,18.261329489679422,3,17.88965559834835,36.150985088027774,18.261329489679422,26.33125891160298,positive_cross,toward_S4,3.3113024015248946
7,cx30,2024-03-29 23:20:40+00:00,40.288309,-88.126157,50.9224369027868,1714.0,7.780848308839509,rs3,25.532883569310588,28.406688829650346,2.8738052603397577,3,25.532883569310588,28.406688829650346,2.8738052603397577,26.33125891160298,positive_cross,toward_S4,3.4553921850219225
7,cx30,2024-03-29 23:20:41+00:00,40.288238,-88.126156,58.81446204491832,1715.0,7.892025142131523,rs1,20.584372699745387,33.353119208913526,12.768746509168139,4,20.584372699745387,33.353119208913526,12.768746509168139,80.2309515867141,positive_cross,toward_S4,3.603398341818597
7,cx30,2024-03-29 23:20:42+00:00,40.288171,-88.126166,66.27861032466056,1716.0,7.46414827974224,rs1,13.556561464456529,36.16732662652583,22.6107651620693,4,13.556561464456529,40.853417310679,27.29685584622247,80.2309515867141,positive_cross,toward_S4,3.7416233099619713
7,cx30,2024-03-29 23:20:43+00:00,40.288107,-88.126174,73.40616801792787,1717.0,7.127557693267306,rs1,7.635406060488884,33.26679791643377,25.631391855944884,4,7.635406060488884,48.00332034086951,40.367914280380624,80.2309515867141,positive_cross,toward_S4,3.8736151190965513
7,cx30,2024-03-29 23:20:44+00:00,40.288042,-88.126183,80.64643258735903,1718.0,7.240264569431162,rs1,6.032868900863298,31.656091994900756,25.623223094037456,4,6.032868900863298,55.2731895832772,49.2403206824139,80.2309515867141,positive_cross,toward_S4,4.0076940926045355
7,cx30,2024-03-29 23:20:45+00:00,40.28798,-88.126192,87.55316665608075,1719.0,6.906734068721718,rs1,10.69882467965837,31.601936441494274,20.903111761835902,4,10.69882467965837,62.21136433483002,51.51253965517165,80.2309515867141,positive_cross,toward_S4,4.135596575358641
7,cx30,2024-03-29 23:20:47+00:00,40.287928,-88.126208,93.35884268862986,1721.0,2.9028380162745577,rs1,16.281210056997082,32.04957360231053,15.768363545313449,4,16.281210056997082,68.11232347736043,51.83111342036335,80.2309515867141,positive_cross,toward_S4,4.243109094479921
7,cx30,2024-03-29 23:20:48+00:00,40.287884,-88.126244,98.30570491059149,1722.0,4.946862221961624,rs1,22.045347596503795,31.65219190479901,9.606844308295216,4,22.045347596503795,73.37666255922551,51.33131496272171,80.2309515867141,positive_cross,toward_S4,4.334717654145877
7,cx30,2024-03-29 23:20:49+00:00,40.287854,-88.126288,101.7083318044392,1723.0,3.40262689384771,rs1,26.846620690707336,30.740005622389848,3.8933849316825118,4,26.846620690707336,77.30886525409971,50.462244563392375,80.2309515867141,positive_cross,toward_S4,4.397729263291206
7,cx30,2024-03-29 23:20:50+00:00,40.287837,-88.126342,103.68096029078872,1724.0,1.972628486349521,rs2,28.97028159326821,31.068725882651076,2.098444289382865,4,28.97028159326821,79.25282792865603,50.28254633538782,80.2309515867141,negative_cross,toward_S4,4.4342594204458265
7,cx30,2024-03-29 23:20:51+00:00,40.287836,-88.1264,103.88087961169931,1725.0,0.1999193209105954,rs2,26.263027892894083,34.425627438088924,8.16259954519484,4,26.263027892894083,78.34697601094653,52.08394811805245,80.2309515867141,negative_cross,ambiguous,4.437961630092319
7,cx30,2024-03-29 23:20:52+00:00,40.287853,-88.126453,102.07196571302998,1726.0,-1.8089138986693314,rs2,22.553638057365497,36.5319765880104,13.978338530644905,4,22.553638057365497,75.8049494486182,53.251311391252706,80.2309515867141,negative_cross,toward_S1,4.404463224561406
7,cx30,2024-03-29 23:20:53+00:00,40.287884,-88.126495,98.68974567240619,1727.0,-3.3822200406237926,rs2,18.09849599833291,37.530788312576426,19.432292314243515,4,18.09849599833291,72.01356289647225,53.915066898139344,80.2309515867141,negative_cross,toward_S1,4.341829520105409
7,cx30,2024-03-29 23:20:54+00:00,40.287926,-88.12652,94.0585697332628,1728.0,-4.6311759391433895,rs2,13.033671903895074,37.329771301695864,24.296099397800788,4,13.033671903895074,67.21077165928399,54.177099755388916,80.2309515867141,negative_cross,toward_S1,4.2560670027138645
7,cx30,2024-03-29 23:20:55+00:00,40.287968,-88.126528,89.40138306523257,1729.0,-4.657186668030235,rs2,8.344985678057727,36.43830712252391,28.093321444466184,4,8.344985678057727,62.51103767435455,54.16605199629682,80.2309515867141,negative_cross,toward_S1,4.169822805157749
7,cx30,2024-03-29 23:20:56+00:00,40.288011,-88.126535,84.63148952103847,1730.0,-4.76989354419409,rs2,3.6793297037106556,36.04680424856996,32.367474544859306,4,3.6793297037106556,57.70692301264019,54.02759330892953,80.2309515867141,negative_cross,toward_S1,4.081491443228229
7,cx30,2024-03-29 23:20:57+00:00,40.288056,-88.126536,79.63006205215231,1731.0,-5.001427468886163,rs2,2.4728565399687805,35.78713209577768,33.3142755558089,4,2.4728565399687805,52.70253112517618,50.2296745852074,80.2309515867141,negative_cross,toward_S1,3.988872416026634
7,cx30,2024-03-29 23:20:58+00:00,40.288109,-88.12653,73.72850961426154,1732.0,-5.901552437890771,rs2,7.998391794982259,35.77269347517919,27.774301680196928,4,7.998391794982259,46.8407862351664,38.84239444018414,80.2309515867141,negative_cross,toward_S1,3.879584407917545
7,cx30,2024-03-29 23:20:59+00:00,40.288163,-88.126524,67.715780343057,1733.0,-6.012729271204535,rs2,13.960200968319606,36.76023898371068,22.800038015391074,4,13.960200968319606,40.88402994511449,26.923828976794887,80.2309515867141,negative_cross,toward_S1,3.7682375695619057
7,cx30,2024-03-29 23:21:00+00:00,40.288218,-88.126518,61.59187423774876,1734.0,-6.123906105308244,rs2,20.071425918736086,34.841053870362664,14.769627951626578,4,20.071425918736086,34.841053870362664,14.769627951626578,80.2309515867141,negative_cross,toward_S1,3.6548319009450863
7,cx30,2024-03-29 23:21:01+00:00,40.288277,-88.126512,55.023260798395576,1735.0,-6.568613439353186,rs2,26.635871464883984,28.39860445738051,1.7627329924965274,4,26.635871464883984,28.39860445738051,1.7627329924965274,80.2309515867141,negative_cross,toward_S1,3.5331909113274347
7,cx30,2024-03-29 23:21:02+00:00,40.288339,-88.126508,48.124176944054895,1736.0,-6.899083854340681,rs5,21.676423605732367,33.51717236483865,11.840748759106283,3,21.676423605732367,33.51717236483865,11.840748759106283,26.33125891160298,negative_cross,toward_S1,3.403572556156517
7,cx30,2024-03-29 23:21:03+00:00,40.288406,-88.126505,40.67073896443742,1737.0,-7.453437979617476,rs5,14.56654925055079,36.32804236922147,21.761493118670682,3,14.56654925055079,40.950117168957405,26.383567918406616,26.33125891160298,negative_cross,toward_S1,3.2655459269043416
7,cx30,2024-03-29 23:21:04+00:00,40.288474,-88.126503,33.10765419439979,1738.0,-7.5630847700376265,rs5,7.965773530909093,33.86627478233703,25.900501251427936,3,7.965773530909093,48.493083633331686,40.52731010242259,26.33125891160298,negative_cross,toward_S1,3.1254888015332742
7,cx30,2024-03-29 23:21:05+00:00,40.288543,-88.1265,25.431862548154808,1739.0,-7.675791646244985,rs5,5.514238253153466,32.91140252817598,27.39716427502251,3,5.514238253153466,52.57264249434595,47.058404241192484,26.33125891160298,negative_cross,toward_S1,2.9833445117879966
7,cx30,2024-03-29 23:21:06+00:00,40.288615,-88.126494,17.41795027177309,1740.0,-8.013912276381717,rs5,11.154616684078926,33.56371849718663,22.409101813107704,3,11.154616684078926,44.5980583229736,33.443441638894676,26.33125891160298,negative_cross,toward_S1,2.834938728892039
7,cx30,2024-03-29 23:21:07+00:00,40.288689,-88.126488,9.18168432876388,1741.0,-8.23626594300921,rs5,18.843470345001816,36.141273986728166,17.29780364172635,3,18.843470345001816,36.423594988976,17.580124643974184,26.33125891160298,negative_cross,toward_S1,2.6824152855029797
7,cx30,2024-03-29 23:21:08+00:00,40.288763,-88.126484,0.9484784707301672,1742.0,-8.233205858033713,rs5,26.822508070592434,28.26993668330155,1.4474286127091176,3,26.822508070592434,28.26993668330155,1.4474286127091176,26.33125891160298,negative_cross,toward_S1,2.529948510354207
7,cx30,2024-03-29 23:21:09+00:00,40.288839,-88.126474,-7.516261311205676,1743.0,-8.464739781935844,rs7,20.06821365504338,35.24478592675781,15.176572271714427,2,20.06821365504338,35.24478592675781,15.176572271714427,-27.632700444717127,negative_cross,toward_S1,2.3725266506205824
7,cx30,2024-03-29 23:21:10+00:00,40.288915,-88.126464,-15.981001093141515,1744.0,-8.464739781935839,rs7,12.273140129846347,31.64138570800648,19.368245578160135,2,12.273140129846347,43.69548968654072,31.42234955669437,-27.632700444717127,negative_cross,toward_S1,2.215772210214363
7,cx30,2024-03-29 23:21:11+00:00,40.28899,-88.126454,-24.334564040973653,1745.0,-8.353562947832138,rs7,6.594940501779445,28.740648358260163,22.14570785648072,2,6.594940501779445,52.05132827426318,45.45638777248373,-27.632700444717127,negative_cross,toward_S1,2.0610766000693235
7,cx30,2024-03-29 23:21:12+00:00,40.289063,-88.126453,-32.45200293628809,1746.0,-8.117438895314436,rs7,8.046242863682068,28.847982175118382,20.801739311436314,2,8.046242863682068,46.000523170298905,37.95428030661684,-27.632700444717127,negative_cross,toward_S1,1.9107536575635007
7,cx30,2024-03-29 23:21:13+00:00,40.289136,-88.126455,-40.56485170296519,1747.0,-8.112848766677104,rs7,14.65608037734784,31.380923465704846,16.724843088357005,2,14.65608037734784,37.88284222451435,23.226761847166507,-27.632700444717127,negative_cross,toward_S1,1.7605157174398507
7,cx30,2024-03-29 23:21:14+00:00,40.289206,-88.126454,-48.348760097570164,1748.0,-7.783908394604971,rs7,22.033499794057178,30.117017861263072,8.083518067205894,2,22.033499794057178,30.117017861263072,8.083518067205894,-27.632700444717127,negative_cross,toward_S1,1.6163692656879067
7,cx30,2024-03-29 23:21:15+00:00,40.289277,-88.126454,-56.242315282595285,1749.0,-7.8935551850251215,rs10,22.246509679097404,29.71272719287186,7.466217513774456,1,22.246509679097404,29.71272719287186,7.466217513774456,-78.92951005359993,negative_cross,toward_S1,1.420133236500086
7,cx30,2024-03-29 23:21:16+00:00,40.289346,-88.126455,-63.91198675809932,1750.0,-7.669671475504032,rs10,14.613106734203507,31.916990382607814,17.30388364840431,1,14.613106734203507,37.24950373808153,22.636397003878024,-78.92951005359993,negative_cross,toward_S1,1.2781022832500113
7,cx30,2024-03-29 23:21:17+00:00,40.289408,-88.126454,-70.80648048382443,1751.0,-6.894493725725113,rs10,7.865883367278625,29.20894193654861,21.343058569269985,1,7.865883367278625,44.083931755798254,36.21804838851963,-78.92951005359993,negative_cross,toward_S1,1.150426473514361
7,cx30,2024-03-29 23:21:18+00:00,40.289466,-88.126451,-77.2593269604366,1752.0,-6.452846476612166,rs10,2.6278054027916053,27.832814803726354,25.20500940093475,1,2.6278054027916053,50.51399135199988,47.88618594920827,-78.92951005359993,negative_cross,toward_S1,1.0309293165400617
7,cx30,2024-03-29 23:21:19+00:00,40.28952,-88.126446,-83.27052618955922,1753.0,-6.011199229122624,rs10,5.628578165122103,27.681084779049893,22.05250661392779,1,5.628578165122103,56.52764510329391,50.899066938171806,-78.92951005359993,negative_cross,toward_S1,0.9196108122970501
7,cx30,2024-03-29 23:21:20+00:00,40.289564,-88.12644,-88.17148712446641,1754.0,-4.900960934907189,rs10,10.321537221614449,28.358262645759655,18.036725424145207,1,10.321537221614449,61.44755468945198,51.12601746783753,-78.92951005359993,negative_cross,toward_S1,0.8288522764654355
7,cx30,2024-03-29 23:21:21+00:00,40.289608,-88.12643,-93.07856823167276,1755.0,-4.907081107206352,rs10,15.24840349285228,29.543194724495923,14.294791231643643,1,15.24840349285228,66.40756266921144,51.15915917635917,-78.92951005359993,negative_cross,toward_S1,0.7379804041097624
7,cx30,2024-03-29 23:21:22+00:00,40.289647,-88.126398,-97.46342611399828,1756.0,-4.3848578823255195,rs10,20.21270026705865,29.658268667910715,9.445568400852064,1,20.21270026705865,71.07409659632022,50.86139632926157,-78.92951005359993,negative_cross,toward_S1,0.6567793322148453
7,cx30,2024-03-29 23:21:23+00:00,40.289673,-88.12635,-100.42746584528848,1757.0,-2.9640397312901996,rs10,24.48294962558953,28.656904284268,4.173954658678468,1,24.48294962558953,74.633296111434,50.15034648584448,-78.92951005359993,negative_cross,toward_S1,0.6018897075613231
7,cx30,2024-03-29 23:21:24+00:00,40.289681,-88.126285,-101.4163333011,1758.0,-0.9888674558115156,rs8,26.046352756154036,28.112385230816535,2.0660324746624994,1,26.046352756154036,74.83617967509981,48.78982691894578,-78.92951005359993,positive_cross,toward_S1,0.5835773472685173
7,cx30,2024-03-29 23:21:25+00:00,40.289677,-88.126216,-101.0771989246842,1759.0,0.33913437641579947,rs8,23.083330763200305,31.578541778622675,8.49521101542237,1,23.083330763200305,73.50684015707806,50.42350939387775,-78.92951005359993,positive_cross,ambiguous,0.5898576134984395
7,cx30,2024-03-29 23:21:26+00:00,40.289647,-88.126161,-97.82604627554174,1760.0,3.2511526491424547,rs8,18.646557524487598,33.00351412211145,14.35695659762385,1,18.646557524487598,69.79162765391303,51.14507012942543,-78.92951005359993,positive_cross,toward_S4,0.6500641440381145
7,cx30,2024-03-29 23:21:27+00:00,40.289602,-88.126137,-92.85980979279526,1761.0,4.966236482746481,rs8,13.41765730368222,32.21831984175643,18.800662538074214,1,13.41765730368222,64.71017691495678,51.29251961127456,-78.92951005359993,positive_cross,toward_S4,0.7420314863111975
7,cx30,2024-03-29 23:21:28+00:00,40.289547,-88.126146,-86.73131355884973,1762.0,6.128496233945526,rs8,7.496841806134437,29.332320859119438,21.835479052985,1,7.496841806134437,58.621332343676706,51.12449053754227,-78.92951005359993,positive_cross,toward_S4,0.8555221573101888
7,cx30,2024-03-29 23:21:29+00:00,40.289489,-88.126149,-80.27846708223755,1763.0,6.45284647661218,rs8,2.2989774477020424,28.03460565887983,25.735628211177787,1,2.2989774477020424,52.188703586650085,49.88972613894804,-78.92951005359993,positive_cross,toward_S4,0.9750193142844884
7,cx30,2024-03-29 23:21:30+00:00,40.289422,-88.126155,-72.82043897400452,1764.0,7.458028108233037,rs8,7.165010288257678,28.139722636088486,20.97471234783081,1,7.165010288257678,44.78106078376987,37.61605049551219,-78.92951005359993,positive_cross,toward_S4,1.1131309459184335
7,cx30,2024-03-29 23:21:31+00:00,40.289343,-88.126159,-64.03134894859035,1765.0,8.789090025414168,rs8,15.727650744256007,30.92343812309411,15.195787378838105,1,15.727650744256007,36.053127450148686,20.32547670589268,-78.92951005359993,positive_cross,toward_S4,1.2758918723149921
7,cx30,2024-03-29 23:21:32+00:00,40.289257,-88.126163,-54.46402108761007,1766.0,9.567327860980278,rs8,25.226142952776772,26.596552702740127,1.370409749963354,1,25.226142952776772,26.596552702740127,1.370409749963354,-78.92951005359993,positive_cross,toward_S4,1.4530646104812937
7,cx30,2024-03-29 23:21:33+00:00,40.289166,-88.126165,-44.34386914503656,1767.0,10.120151942573514,rs6,16.686412663981447,34.78831935250503,18.10190668852358,2,16.686412663981447,35.30046249296277,18.614049828981326,-27.632700444717127,positive_cross,toward_S4,1.6905339129570476
7,cx30,2024-03-29 23:21:34+00:00,40.289066,-88.12616,-33.23383599960421,1768.0,11.110033145432347,rs6,6.218129152392466,31.41836851590929,25.200239363516822,2,6.218129152392466,46.35090960943718,40.13278045704472,-27.632700444717127,positive_cross,toward_S4,1.896275267502091
7,cx30,2024-03-29 23:21:35+00:00,40.28896,-88.126158,-21.4521517248621,1769.0,11.781684274742108,rs6,7.54196333241598,31.680684018819246,24.138720686403268,2,7.54196333241598,47.31978646747175,39.77782313505577,-27.632700444717127,positive_cross,toward_S4,2.114454605923241
7,cx30,2024-03-29 23:21:36+00:00,40.288848,-88.126155,-9.004936490761226,1770.0,12.447215234100875,rs6,19.436189437118585,34.892090168646874,15.455900731528288,2,19.436189437118585,34.892090168646874,15.455900731528288,-27.632700444717127,positive_cross,toward_S4,2.344958591739924
7,cx30,2024-03-29 23:21:37+00:00,40.288731,-88.126153,3.9996929543819117,1771.0,13.004629445143138,rs3,21.963636157589693,32.328719867780435,10.365083710190742,3,21.963636157589693,32.328719867780435,10.365083710190742,26.33125891160298,positive_cross,toward_S4,2.586452482273684
7,cx30,2024-03-29 23:21:38+00:00,40.288607,-88.126153,17.785620320044924,1772.0,13.785927365663012,rs3,8.622435835944728,35.79933113793428,27.176895301989553,3,8.622435835944728,46.0789565593654,37.456520723420674,26.33125891160298,positive_cross,toward_S4,2.8417474334896657
7,cx30,2024-03-29 23:21:39+00:00,40.288486,-88.126157,31.244137356485908,1773.0,13.458517036440984,rs3,6.736146749670847,34.740936346940195,28.004789597269347,3,6.736146749670847,47.99825527225678,41.26210852258593,26.33125891160298,positive_cross,toward_S4,3.090979230460795
7,cx30,2024-03-29 23:21:40+00:00,40.28837,-88.126162,44.14830026762833,1774.0,12.904162911142421,rs3,18.940850282673168,35.19289372062471,16.252043437951542,3,18.940850282673168,35.19289372062471,16.252043437951542,26.33125891160298,positive_cross,toward_S4,3.3299452102967657
7,cx30,2024-03-29 23:21:41+00:00,40.288261,-88.126166,56.2726953011445,1775.0,12.124395033516173,rs1,23.253855647833195,30.925957375356614,7.672101727523419,4,23.253855647833195,30.925957375356614,7.672101727523419,80.2309515867141,positive_cross,toward_S4,3.5563285873042667
7,cx30,2024-03-29 23:21:42+00:00,40.288162,-88.126173,67.28991212697892,1776.0,11.017216825834417,rs1,12.832774041357235,35.226736884161454,22.39396284280422,4,12.832774041357235,41.917273094192645,29.08449905283541,80.2309515867141,positive_cross,toward_S4,3.760351121116015
7,cx30,2024-03-29 23:21:43+00:00,40.288075,-88.126179,76.97147690701667,1777.0,9.681564780037746,rs1,5.902105113898445,32.23190731504039,26.329802201141945,4,5.902105113898445,51.587614433925395,45.68550932002695,80.2309515867141,positive_cross,toward_S4,3.939639357783381
7,cx30,2024-03-29 23:21:44+00:00,40.28801,-88.126192,84.21786164797875,1778.0,7.246384740962085,rs1,8.331179880259674,31.070141342035253,22.73896146177558,4,8.331179880259674,58.89551304925941,50.56433316899973,80.2309515867141,positive_cross,toward_S4,4.073831667801198
7,cx30,2024-03-29 23:21:45+00:00,40.287959,-88.126215,89.92307114733887,1779.0,5.705209499360123,rs1,13.741318602081561,30.306857716492658,16.565539114411095,4,13.741318602081561,64.76755482348881,51.026236221407245,80.2309515867141,positive_cross,toward_S4,4.179483695567125
7,cx30,2024-03-29 23:21:46+00:00,40.287919,-88.126254,94.42981616310288,1780.0,4.506745015764011,rs1,19.283894854662197,28.944682283219255,9.660787428557057,4,19.283894854662197,69.67322443212242,50.38932957746023,80.2309515867141,positive_cross,toward_S4,4.262941936599792
7,cx30,2024-03-29 23:21:47+00:00,40.287898,-88.126304,96.84103181279984,1781.0,2.411215649696956,rs1,23.811426793184577,26.58193778622909,2.770510993044514,4,23.811426793184577,72.80435265471924,48.99292586153466,80.2309515867141,positive_cross,toward_S4,4.307594078260847
7,cx30,2024-03-29 23:21:48+00:00,40.287895,-88.126363,97.26483484318808,1782.0,0.4238030303882425,rs2,22.98178426230211,27.66006655431121,4.678282292009101,4,22.98178426230211,72.56372578470163,49.58194152239952,80.2309515867141,negative_cross,ambiguous,4.315442282527296
7,cx30,2024-03-29 23:21:49+00:00,40.287907,-88.126423,96.02251541281389,1783.0,-1.2423194303741951,rs2,18.60195090273005,30.98353792202555,12.381587019295502,4,18.60195090273005,70.23175252857159,51.62980162584154,80.2309515867141,negative_cross,toward_S1,4.292436367149996
7,cx30,2024-03-29 23:21:50+00:00,40.287928,-88.126478,93.7719542650751,1784.0,-2.250561147738793,rs2,14.100232069368293,33.97741874234705,19.877186672978755,4,14.100232069368293,67.27461922769758,53.174387158329296,80.2309515867141,negative_cross,toward_S1,4.250759308858537
7,cx30,2024-03-29 23:21:51+00:00,40.287962,-88.126523,90.06079385233569,1785.0,-3.711160412739403,rs2,9.108284470118702,36.2161276898589,27.107843219740197,4,9.108284470118702,63.19874672000475,54.090462249886045,80.2309515867141,negative_cross,toward_S1,4.18203411603003
7,cx30,2024-03-29 23:21:52+00:00,40.288008,-88.126543,84.97726036476628,1786.0,-5.083533487569412,rs2,3.7181297252697,36.76585481438927,33.047725089119574,4,3.7181297252697,58.01700946036401,54.29887973509431,80.2309515867141,negative_cross,toward_S1,4.087894607000966
7,cx30,2024-03-29 23:21:53+00:00,40.28806,-88.126538,79.18841480306111,1787.0,-5.788845561705173,rs2,2.712272137421158,35.959983777756506,33.247711640335346,4,2.712272137421158,52.251008640429184,49.538736503008025,80.2309515867141,negative_cross,toward_S1,3.9806937632656854
7,cx30,2024-03-29 23:21:54+00:00,40.288115,-88.126523,73.05073831267438,1788.0,-6.137676490386724,rs2,8.81254580217056,35.30570151254082,26.49315571037026,4,8.81254580217056,46.213871201730534,37.40132539955997,80.2309515867141,negative_cross,toward_S1,3.867033087517783
7,cx30,2024-03-29 23:21:55+00:00,40.288175,-88.126517,66.37094803921748,1789.0,-6.679790273456902,rs2,15.38850726929697,36.66072450775747,21.272217238460502,4,15.38850726929697,39.607193490846385,24.218686221549415,80.2309515867141,negative_cross,toward_S1,3.7433332676389517
7,cx30,2024-03-29 23:21:56+00:00,40.288243,-88.126516,58.80939331202997,1790.0,-7.561554727187513,rs2,22.84483431185019,32.09859920135459,9.2537648895044,4,22.84483431185019,32.09859920135459,9.2537648895044,80.2309515867141,negative_cross,toward_S1,3.6033044763947384
7,cx30,2024-03-29 23:21:57+00:00,40.288318,-88.126517,50.47266083585349,1791.0,-8.33673247617648,rs5,23.828036902330513,31.1094280901882,7.281391187857686,3,23.828036902330513,31.1094280901882,7.281391187857686,26.33125891160298,negative_cross,toward_S1,3.4470629985972314
7,cx30,2024-03-29 23:21:58+00:00,40.288399,-88.12652,41.47192744314663,1792.0,-9.000733392706856,rs5,14.94542183051604,37.806006428020616,22.860584597504577,3,14.94542183051604,40.0586430098798,25.113221179363762,26.33125891160298,negative_cross,toward_S1,3.280382750584142
7,cx30,2024-03-29 23:21:59+00:00,40.288486,-88.126515,31.79189270598075,1793.0,-9.680034737165883,rs5,6.2883557235564504,34.624397507270935,28.336041783714485,3,6.2883557235564504,49.740453016973554,43.452097293417104,26.33125891160298,negative_cross,toward_S1,3.101122848044033
7,cx30,2024-03-29 23:22:00+00:00,40.288578,-88.126502,21.5437334576696,1794.0,-10.24815924831115,rs5,7.454416790154312,33.40017260903614,25.94575581888183,3,7.454416790154312,48.67606362324334,41.221646833089025,26.33125891160298,negative_cross,toward_S1,2.911342121223456
7,cx30,2024-03-29 23:22:01+00:00,40.288676,-88.126482,10.617802907749558,1795.0,-10.925930549920041,rs5,17.678395238297483,35.026661930316,17.34826669201852,3,17.678395238297483,37.90935731133946,20.23096207304198,26.33125891160298,negative_cross,toward_S1,2.7090100740027143
7,cx30,2024-03-29 23:22:02+00:00,40.288775,-88.12646,-0.4223645612279494,1796.0,-11.040167468977508,rs7,27.278758892445538,28.668038950982773,1.389280058537235,2,27.278758892445538,28.668038950982773,1.389280058537235,-27.632700444717127,negative_cross,toward_S1,2.503895108953503
7,cx30,2024-03-29 23:22:03+00:00,40.288876,-88.12645,-11.666525183095393,1797.0,-11.244160621867444,rs7,16.727127503115124,32.45450285812857,15.727375355013447,2,16.727127503115124,39.71507758726672,22.987950084151596,-27.632700444717127,negative_cross,toward_S1,2.2956699122522544
7,cx30,2024-03-29 23:22:04+00:00,40.288977,-88.126448,-22.898445461987976,1798.0,-11.231920278892582,rs7,7.749415222855355,28.444598953991196,20.69518373113584,2,7.749415222855355,50.72385203161543,42.974436808760075,-27.632700444717127,negative_cross,toward_S1,2.0876713885690585
7,cx30,2024-03-29 23:22:05+00:00,40.289076,-88.126449,-33.90342194482579,1799.0,-11.004976482837812,rs7,9.294983160160646,28.788885393244936,19.49390223308429,2,9.294983160160646,44.574388417511386,35.27940525735074,-27.632700444717127,negative_cross,toward_S1,1.8838755277757655
7,cx30,2024-03-29 23:22:06+00:00,40.289174,-88.12645,-44.79722159432809,1800.0,-10.893799649502306,rs7,18.74346752074517,32.97284341968776,14.229375898942592,2,18.74346752074517,33.6914383292039,14.947970808458727,-27.632700444717127,negative_cross,toward_S1,1.6821384972294267
7,cx30,2024-03-29 23:22:07+00:00,40.28927,-88.126452,-55.46713753356285,1801.0,-10.669915939234755,rs10,23.037920011256627,28.985846998602774,5.947926987346147,1,23.037920011256627,28.985846998602774,5.947926987346147,-78.92951005359993,negative_cross,toward_S1,1.4344883800006867
7,cx30,2024-03-29 23:22:08+00:00,40.28936,-88.126452,-65.47305255707892,1802.0,-10.005915023516067,rs10,13.114984364668393,30.98112618105874,17.866141816390346,1,13.114984364668393,38.82732783972497,25.712343475056578,-78.92951005359993,negative_cross,toward_S1,1.2491936573429816
7,cx30,2024-03-29 23:22:09+00:00,40.289442,-88.126448,-74.59567308322426,1803.0,-9.12262052614534,rs10,4.61550798907706,27.87649208381052,23.26098409473346,1,4.61550798907706,47.89972887233658,43.28422088325952,-78.92951005359993,negative_cross,toward_S1,1.080256240192142
7,cx30,2024-03-29 23:22:10+00:00,40.289513,-88.12644,-82.50146861124598,1804.0,-7.905795528021727,rs10,5.271934485084782,27.067386866494115,21.795452381409333,1,5.271934485084782,55.81747315975713,50.54553867467234,-78.92951005359993,negative_cross,toward_S1,0.9338526193028508
7,cx30,2024-03-29 23:22:11+00:00,40.289576,-88.126424,-89.5300898134062,1805.0,-7.028621202160224,rs10,12.051560821833785,27.55614856542924,15.504587743595454,1,12.051560821833785,62.942507302053265,50.89094648021948,-78.92951005359993,negative_cross,toward_S1,0.8036929674109948
7,cx30,2024-03-29 23:22:12+00:00,40.289628,-88.126386,-95.36942679001314,1806.0,-5.83933697660693,rs10,18.646912741057534,27.568993614972115,8.922080873914581,1,18.646912741057534,69.15114544825504,50.5042327071975,-78.92951005359993,negative_cross,toward_S1,0.6955570974738294
7,cx30,2024-03-29 23:22:13+00:00,40.289667,-88.126342,-99.7726451868444,1807.0,-4.403218396831264,rs10,24.206341179209563,27.7067674963724,3.5004263171628374,1,24.206341179209563,74.11794687861487,49.911605699405314,-78.92951005359993,negative_cross,toward_S1,0.6140160160510283
7,cx30,2024-03-29 23:22:14+00:00,40.289689,-88.126286,-102.30421792710801,1808.0,-2.531572740263613,rs8,26.85078764894923,28.790108016007732,1.939320367058503,1,26.85078764894923,75.72596890253972,48.87518125359049,-78.92951005359993,positive_cross,toward_S1,0.5671350393794798
7,cx30,2024-03-29 23:22:15+00:00,40.289689,-88.126224,-102.39908058540236,1809.0,-0.09486265829434615,rs8,24.569922618475854,32.07500615241622,7.505083533940368,1,24.569922618475854,74.91183090148961,50.34190828301375,-78.92951005359993,positive_cross,ambiguous,0.5653783234851402
7,cx30,2024-03-29 23:22:16+00:00,40.28967,-88.12617,-100.36934306218744,1810.0,2.0297375232149193,rs8,21.299749801455697,33.947204561060865,12.647454759605168,1,21.299749801455697,72.38927662454037,51.089526823084675,-78.92951005359993,positive_cross,toward_S4,0.6029660553965275
7,cx30,2024-03-29 23:22:17+00:00,40.289636,-88.126137,-96.63982213494225,1811.0,3.72952092724519,rs8,17.188740519587594,34.03283854252806,16.844098022940468,1,17.188740519587594,68.49071658261487,51.30197606302727,-78.92951005359993,positive_cross,toward_S4,0.6720312577529199
7,cx30,2024-03-29 23:22:18+00:00,40.289595,-88.126121,-92.10605264324411,1812.0,4.533769491698138,rs8,12.592754172198537,33.127633604212235,20.534879432013696,1,12.592754172198537,63.91130743468126,51.31855326248272,-78.92951005359993,positive_cross,toward_S4,0.7559899520436262
7,cx30,2024-03-29 23:22:19+00:00,40.28955,-88.126136,-87.08014448834298,1813.0,5.025908154901131,rs8,7.658242041610109,30.239356313103052,22.581114271492943,1,7.658242041610109,58.92615329775435,51.26791125614424,-78.92951005359993,positive_cross,toward_S4,0.849062325282536
7,cx30,2024-03-29 23:22:20+00:00,40.289509,-88.126162,-82.48211319666461,1814.0,4.598031291678367,rs8,4.44599903620061,27.14271958303132,22.696720546830708,1,4.44599903620061,54.475591351223066,50.029592315022455,-78.92951005359993,positive_cross,toward_S4,0.9342110529062095
7,cx30,2024-03-29 23:22:21+00:00,40.289461,-88.126185,-77.11043419801395,1815.0,5.3716789986506654,rs8,5.699923704867208,25.000036330958217,19.300112626091007,1,5.699923704867208,49.33882670551809,43.63890300065088,-78.92951005359993,positive_cross,toward_S4,1.0336865899182588
7,cx30,2024-03-29 23:22:22+00:00,40.2894,-88.126196,-70.31181687688401,1816.0,6.798617321129939,rs8,10.977724897390942,25.458585252010838,14.480860354619896,1,10.977724897390942,42.7422629699936,31.764538072602654,-78.92951005359993,positive_cross,toward_S4,1.1595869106799244
7,cx30,2024-03-29 23:22:23+00:00,40.28933,-88.126193,-62.534028653788205,1817.0,7.777788223095804,rs8,17.88138310074896,29.203606787737105,11.322223686988146,1,17.88138310074896,35.02483208415849,17.14344898340953,-78.92951005359993,positive_cross,toward_S4,1.3036200259224393
7,cx30,2024-03-29 23:22:24+00:00,40.289256,-88.126183,-54.32224339679395,1818.0,8.211785256994254,rs8,25.615550395622087,26.785932677466523,1.1703822818444358,1,25.615550395622087,26.785932677466523,1.1703822818444358,-78.92951005359993,positive_cross,toward_S4,1.4556901232741848
7,cx30,2024-03-29 23:22:25+00:00,40.289175,-88.126171,-45.335280389977285,1819.0,8.986963006816666,rs6,17.782425113745226,34.36039163282243,16.5779665190772,2,17.782425113745226,34.36039163282243,16.5779665190772,-27.632700444717127,positive_cross,toward_S4,1.672174445458145
7,cx30,2024-03-29 23:22:26+00:00,40.289089,-88.126163,-35.78631304350278,1820.0,9.548967346474505,rs6,8.547256968721147,31.730760259990074,23.183503291268927,2,8.547256968721147,43.81740226643269,35.27014529771154,-27.632700444717127,positive_cross,toward_S4,1.849007174096562
7,cx30,2024-03-29 23:22:27+00:00,40.288997,-88.126163,-25.558044353359236,1821.0,10.228268690143544,rs6,4.648742943212989,30.721139099312143,26.072396156099153,2,4.648742943212989,51.456167428729366,46.80742448551638,-27.632700444717127,positive_cross,toward_S4,2.0384195572473685
7,cx30,2024-03-29 23:22:28+00:00,40.288903,-88.126168,-15.099771780627236,1822.0,10.458272572732,rs6,13.74028482494283,32.70836726345954,18.968082438516713,2,13.74028482494283,41.09368487120437,27.353400046261537,-27.632700444717127,positive_cross,toward_S4,2.2320912715572203
7,cx30,2024-03-29 23:22:29+00:00,40.288805,-88.126174,-4.195261831768388,1823.0,10.904509948858848,rs6,24.43134503382494,30.375841980448385,5.944496946623445,2,24.43134503382494,30.375841980448385,5.944496946623445,-27.632700444717127,positive_cross,toward_S4,2.434026640980532
7,cx30,2024-03-29 23:22:30+00:00,40.288704,-88.12618,7.042778618611624,1824.0,11.238040450380012,rs3,19.551399396633418,35.58800858282462,16.036609186191203,3,19.551399396633418,35.58800858282462,16.036609186191203,26.33125891160298,positive_cross,toward_S4,2.64280592050016
7,cx30,2024-03-29 23:22:31+00:00,40.288605,-88.126184,18.055405316598684,1825.0,11.01262669798706,rs3,9.79842011759497,33.19578269440482,23.397362576809847,3,9.79842011759497,46.54560483927245,36.74718472167748,26.33125891160298,positive_cross,toward_S4,2.846743451944365
7,cx30,2024-03-29 23:22:32+00:00,40.288508,-88.126186,28.84261826065635,1826.0,10.787212944057668,rs3,6.99318230111357,32.03203173953079,25.038849438417216,3,6.99318230111357,50.67515896494548,43.68197666383191,26.33125891160298,positive_cross,toward_S4,3.0465066546120996
7,cx30,2024-03-29 23:22:33+00:00,40.288415,-88.126187,39.18359382777547,1827.0,10.340975567119116,rs3,14.879631255733692,34.30570455464557,19.42607329891188,3,14.879631255733692,40.438123798580875,25.558492542847183,26.33125891160298,positive_cross,toward_S4,3.2380062021513423
7,cx30,2024-03-29 23:22:34+00:00,40.288325,-88.126189,49.19256893703523,1828.0,10.008975109259765,rs3,24.35652796903644,30.618180902618526,6.261652933582088,3,24.35652796903644,30.618180902618526,6.261652933582088,26.33125891160298,positive_cross,toward_S4,3.4233575930635602
7,cx30,2024-03-29 23:22:35+00:00,40.288238,-88.126193,58.87107363132925,1829.0,9.67850469429402,rs1,21.35034731835127,33.846958905713244,12.496611587361972,4,21.35034731835127,33.846958905713244,12.496611587361972,80.2309515867141,positive_cross,toward_S4,3.6044467045299102
7,cx30,2024-03-29 23:22:36+00:00,40.288155,-88.126192,68.09722077640734,1830.0,9.226147145078087,rs1,12.866942245365937,33.43929824465272,20.57235599928678,4,12.866942245365937,42.91468203216513,30.047739786799195,80.2309515867141,positive_cross,toward_S4,3.7753012812906155
7,cx30,2024-03-29 23:22:37+00:00,40.288081,-88.126192,76.32430646295361,1831.0,8.227085686546275,rs1,7.175647883274161,31.228037686548507,24.052389803274345,4,7.175647883274161,51.05886840625061,43.88322052297645,80.2309515867141,positive_cross,toward_S4,3.9276547199303615
7,cx30,2024-03-29 23:22:38+00:00,40.288018,-88.126193,83.32997702197073,1832.0,7.005670559017119,rs1,7.891875782121195,30.902947615310197,23.011071833189,4,7.891875782121195,58.021654812508764,50.12977903038757,80.2309515867141,positive_cross,toward_S4,4.05738935991216
7,cx30,2024-03-29 23:22:39+00:00,40.28796,-88.126205,89.79659388526308,1833.0,6.466616863292344,rs1,13.139684458869073,31.086077375645147,17.946392916776073,4,13.139684458869073,64.54836883506557,51.408684376196504,80.2309515867141,positive_cross,toward_S4,4.177141524047204
7,cx30,2024-03-29 23:22:40+00:00,40.287912,-88.126237,95.18204326978218,1834.0,5.385449384519106,rs1,19.079190719456328,30.58364708632712,11.50445636687079,4,19.079190719456328,70.20828260515638,51.129091885700056,80.2309515867141,positive_cross,toward_S4,4.276872068204964
7,cx30,2024-03-29 23:22:41+00:00,40.287878,-88.126284,99.03396762708041,1835.0,3.8519243572982305,rs1,24.45811231183368,29.27860231504313,4.82049000320945,4,24.45811231183368,74.62433164594317,50.16621933410949,80.2309515867141,positive_cross,toward_S4,4.348204000747525
7,cx30,2024-03-29 23:22:42+00:00,40.287864,-88.126342,100.67918578420785,1836.0,1.645218157127431,rs2,26.697347869522822,28.778145973813725,2.0807981042909027,4,26.697347869522822,76.3378761854233,49.640528315900475,80.2309515867141,negative_cross,toward_S4,4.378671003657292
7,cx30,2024-03-29 23:22:43+00:00,40.287866,-88.126405,100.55322481797835,1837.0,-0.12596096622949915,rs2,23.20502887143396,32.464326825167,9.25929795373304,4,23.20502887143396,74.98779696919388,51.78276809775992,80.2309515867141,negative_cross,ambiguous,4.37633839317156
7,cx30,2024-03-29 23:22:44+00:00,40.287881,-88.126456,98.96360450098274,1838.0,-1.5896203169956067,rs2,19.608531035915387,34.90777640724277,15.299245371327384,4,19.608531035915387,72.68300910398494,53.07447806806955,80.2309515867141,negative_cross,toward_S1,4.346900979893864
7,cx30,2024-03-29 23:22:45+00:00,40.287915,-88.126497,95.24632391673416,1839.0,-3.7172805842485843,rs2,14.769405628806059,36.051969568697615,21.282563939891556,4,14.769405628806059,68.56305269044972,53.79364706164367,80.2309515867141,negative_cross,toward_S1,4.278062450555927
7,cx30,2024-03-29 23:22:46+00:00,40.28796,-88.126522,90.28161747685955,1840.0,-4.964706439874604,rs2,9.346066891583984,36.19966724590681,26.853600354322825,4,9.346066891583984,63.42542745510618,54.0793605635222,80.2309515867141,negative_cross,toward_S1,4.186123442410101
7,cx30,2024-03-29 23:22:47+00:00,40.288009,-88.126522,84.83395263026661,1841.0,-5.447664846592943,rs2,4.49251624443534,34.98704135782204,30.494525113386697,4,4.49251624443534,57.98409250251494,53.491576258079604,80.2309515867141,negative_cross,toward_S1,4.085240760065787
7,cx30,2024-03-29 23:22:48+00:00,40.288065,-88.126517,78.60039973453823,1842.0,-6.23355289572838,rs2,4.335797267108248,34.19073299269176,29.85493572558351,4,4.335797267108248,51.79756735767999,47.46177009057174,80.2309515867141,negative_cross,toward_S1,3.9698045953300767
7,cx30,2024-03-29 23:22:49+00:00,40.288124,-88.126513,72.03484638092874,1843.0,-6.565553353609488,rs2,10.043494950312114,34.67801616614143,24.634521215829317,4,10.043494950312114,45.286317552378925,35.24282260206681,80.2309515867141,negative_cross,toward_S1,3.848220273966938
7,cx30,2024-03-29 23:22:50+00:00,40.288188,-88.12651,64.91493890283245,1844.0,-7.1199074780962945,rs2,16.930608082988766,36.6637658725261,19.733157789537334,4,16.930608082988766,38.23302930434253,21.302421221353764,80.2309515867141,negative_cross,toward_S1,3.716370135483673
7,cx30,2024-03-29 23:22:51+00:00,40.288334,-88.126505,48.67547098356625,1845.0,-16.239467919266197,rs5,22.274430130283115,32.99772458176016,10.723294451477045,3,22.274430130283115,32.99772458176016,10.723294451477045,26.33125891160298,negative_cross,toward_S1,3.413781705036357
7,cx30,2024-03-29 23:22:52+00:00,40.288411,-88.126502,40.11026466767319,1846.0,-8.565206315893057,rs5,14.134202559223356,35.87551828376571,21.741315724542353,3,14.134202559223356,41.530525279541806,27.39632272031845,26.33125891160298,negative_cross,toward_S1,3.2551667732605596
7,cx30,2024-03-29 23:22:53+00:00,40.288491,-88.126498,31.209997808945275,1847.0,-8.900266858727917,rs5,6.941848440503926,33.11298254500099,26.171134104497064,3,6.941848440503926,50.41576876704568,43.47392032654175,26.33125891160298,negative_cross,toward_S1,3.09034701661745
7,cx30,2024-03-29 23:22:54+00:00,40.288577,-88.126493,21.641139905883104,1848.0,-9.56885790306217,rs5,7.9246639234191605,32.62853340063573,24.70386947721657,3,7.9246639234191605,48.82278101451361,40.89811709109445,26.33125891160298,negative_cross,toward_S1,2.913145944338521
7,cx30,2024-03-29 23:22:55+00:00,40.288665,-88.126485,11.845338205997944,1849.0,-9.79580169988516,rs5,16.45328714625361,34.73178698355026,18.278499837296646,3,16.45328714625361,39.104999128806405,22.651711982552794,26.33125891160298,negative_cross,toward_S1,2.7317422091554624
7,cx30,2024-03-29 23:22:56+00:00,40.288752,-88.126471,2.1515330829418584,1850.0,-9.693805123056086,rs5,25.947516993868767,29.63297602429072,3.6854590304219528,3,25.947516993868767,29.63297602429072,3.6854590304219528,26.33125891160298,negative_cross,toward_S1,2.5522272994692385
7,cx30,2024-03-29 23:22:57+00:00,40.288837,-88.126459,-7.316858286931312,1851.0,-9.46839136987317,rs7,20.590987171959384,35.32216041968749,14.731173247728108,2,20.590987171959384,35.32216041968749,14.731173247728108,-27.632700444717127,negative_cross,toward_S1,2.376219299218256
7,cx30,2024-03-29 23:22:58+00:00,40.288924,-88.126455,-16.99536298120359,1852.0,-9.678504694272279,rs7,11.734264625921712,30.56810087804896,18.83383625212725,2,11.734264625921712,44.82756182725192,33.09329720133021,-27.632700444717127,negative_cross,toward_S1,2.196987730805806
7,cx30,2024-03-29 23:22:59+00:00,40.289011,-88.126457,-26.664687418244725,1853.0,-9.669324437041134,rs7,5.729902690061272,28.814552726092515,23.084650036031242,2,5.729902690061272,51.765034331040866,46.03513164097959,-27.632700444717127,negative_cross,toward_S1,2.0179261671568964
7,cx30,2024-03-29 23:23:00+00:00,40.289095,-88.12646,-35.9989513116828,1854.0,-9.334263893438077,rs7,10.408877610434665,30.211849767940222,19.802972157505558,2,10.408877610434665,42.41899981430131,32.01012220386664,-27.632700444717127,negative_cross,toward_S1,1.8450694283895246
7,cx30,2024-03-29 23:23:01+00:00,40.289175,-88.126459,-44.89462804177339,1855.0,-8.895676730090585,rs7,18.606792170453552,33.53321103650792,14.92641886605437,2,18.606792170453552,33.53321103650792,14.92641886605437,-27.632700444717127,negative_cross,toward_S1,1.6803346741285878
7,cx30,2024-03-29 23:23:02+00:00,40.289255,-88.126457,-53.79183481473584,1856.0,-8.897206772962456,rs10,24.662876725272852,27.265535144716804,2.6026584194439515,1,24.662876725272852,27.265535144716804,2.6026584194439515,-78.92951005359993,negative_cross,toward_S1,1.465512504423409
7,cx30,2024-03-29 23:23:03+00:00,40.289329,-88.126451,-62.028100758535004,1857.0,-8.236265943799161,rs10,16.53295564993581,32.56411965599998,16.03116400606417,1,16.53295564993581,35.44158998040973,18.90863433047392,-78.92951005359993,negative_cross,toward_S1,1.3129890610197208
7,cx30,2024-03-29 23:23:04+00:00,40.2894,-88.126448,-69.92624607219744,1858.0,-7.8981453136624395,rs10,8.86353427776918,28.987617724154905,20.124083446385725,1,8.86353427776918,43.27568622354346,34.41215194577428,-78.92951005359993,negative_cross,toward_S1,1.1667271107667125
7,cx30,2024-03-29 23:23:05+00:00,40.289468,-88.126444,-77.49239092797879,1859.0,-7.566144855781346,rs10,3.10313365598861,27.22668470186325,24.12355104587464,1,3.10313365598861,50.810976267497885,47.70784261150928,-78.92951005359993,negative_cross,toward_S1,1.0266133171411322
7,cx30,2024-03-29 23:23:06+00:00,40.289525,-88.126438,-83.83865069993627,1860.0,-6.346259771957477,rs10,6.4561975767739765,27.10363808927017,20.647440512496193,1,6.4561975767739765,57.16292936582334,50.706731789049364,-78.92951005359993,negative_cross,toward_S1,0.9090899880308085
7,cx30,2024-03-29 23:23:07+00:00,40.289576,-88.12642,-89.53620998491539,1861.0,-5.697559284979121,rs10,12.186979866129487,27.24257481600514,15.055594949875651,1,12.186979866129487,62.989286692906184,50.8023068267767,-78.92951005359993,negative_cross,toward_S1,0.8035796309015655
7,cx30,2024-03-29 23:23:08+00:00,40.289617,-88.126382,-94.1526017918895,1862.0,-4.616391806974107,rs10,17.701199983712147,26.58496149383071,8.883761510118564,1,17.701199983712147,68.00514272825785,50.30394274454571,-78.92951005359993,negative_cross,toward_S1,0.7180908937353784
7,cx30,2024-03-29 23:23:09+00:00,40.289645,-88.126337,-97.33440506198158,1863.0,-3.1818032700920895,rs10,22.31730630437406,25.63787698669526,3.3205706823212005,1,22.31730630437406,71.81932592606276,49.5020196216887,-78.92951005359993,negative_cross,toward_S1,0.6591686109558952
7,cx30,2024-03-29 23:23:10+00:00,40.289654,-88.126283,-98.41761887947295,1864.0,-1.0832138174913695,rs8,23.446477762442413,25.846780600432915,2.400302837990502,1,23.446477762442413,71.8565758222845,48.410098059842085,-78.92951005359993,positive_cross,toward_S1,0.6391090958171661
7,cx30,2024-03-29 23:23:11+00:00,40.289647,-88.12623,-97.72047331710091,1865.0,0.6971455623720431,rs8,20.472312741482256,28.418633111204056,7.9463203697218,1,20.472312741482256,70.34382253132708,49.87150978984482,-78.92951005359993,positive_cross,toward_S4,0.6520191988240558
7,cx30,2024-03-29 23:23:12+00:00,40.289622,-88.126182,-95.01449453519244,1866.0,2.7059787819084704,rs8,16.362166245456166,29.971442692462215,13.60927644700605,1,16.362166245456166,67.13647175580067,50.774305510344504,-78.92951005359993,positive_cross,toward_S4,0.7021299170075461
7,cx30,2024-03-29 23:23:13+00:00,40.28958,-88.126154,-90.38790872468633,1867.0,4.626585810506114,rs8,11.222818574796385,29.897427297502368,18.674608722705983,1,11.222818574796385,62.318828833482144,51.09601025868576,-78.92951005359993,positive_cross,toward_S4,0.7878074320169185
7,cx30,2024-03-29 23:23:14+00:00,40.289521,-88.126153,-83.83000558545788,1868.0,6.5579031392284435,rs8,5.023150172010577,28.105741703119673,23.082591531109095,1,5.023150172010577,55.76085154874677,50.7377013767362,-78.92951005359993,positive_cross,toward_S4,0.9092500827433712
7,cx30,2024-03-29 23:23:15+00:00,40.289464,-88.126159,-77.48374581352216,1869.0,6.3462597719357206,rs8,3.597246200797856,27.1827863617892,23.585540160991346,1,3.597246200797856,49.464872460480905,45.86762625968305,-78.92951005359993,positive_cross,toward_S4,1.0267734118532919
7,cx30,2024-03-29 23:23:16+00:00,40.289404,-88.126163,-70.80701562580897,1870.0,6.67673018771319,rs8,9.27661873045244,27.983784096495484,18.707165366043043,1,9.27661873045244,42.83994066434325,33.56332193389081,-78.92951005359993,positive_cross,toward_S4,1.1504165634776102
7,cx30,2024-03-29 23:23:17+00:00,40.289336,-88.126166,-63.24240081289948,1871.0,7.56461481290949,rs8,16.610997312018988,30.789979270311186,14.178981958292198,1,16.610997312018988,35.34240040540439,18.731403093385403,-78.92951005359993,positive_cross,toward_S4,1.290502022975934
7,cx30,2024-03-29 23:23:18+00:00,40.289264,-88.12617,-55.231548623051445,1872.0,8.010852189848038,rs8,24.542875970438168,27.457046717470153,2.914170747031985,1,24.542875970438168,27.457046717470153,2.914170747031985,-78.92951005359993,positive_cross,toward_S4,1.4388511376027497
7,cx30,2024-03-29 23:23:19+00:00,40.289185,-88.126171,-46.4470487262746,1873.0,8.784499896776843,rs6,18.860112067791533,33.25602724741607,14.395915179624538,2,18.860112067791533,33.25602724741607,14.395915179624538,-27.632700444717127,positive_cross,toward_S4,1.6515861429341208
7,cx30,2024-03-29 23:23:20+00:00,40.289102,-88.126171,-37.21937153753471,1874.0,9.22767718873989,rs6,10.144027804403525,31.487880222089156,21.343852417685632,2,10.144027804403525,42.43475366921914,32.29072586481561,-27.632700444717127,positive_cross,toward_S4,1.8224690538367114
7,cx30,2024-03-29 23:23:21+00:00,40.289015,-88.12617,-27.54851705762172,1875.0,9.670854479912993,rs6,4.486140712776757,30.059751638173903,25.573610925397148,2,4.486140712776757,52.06948529211368,47.583344579336924,-27.632700444717127,positive_cross,toward_S4,2.001558951612878
7,cx30,2024-03-29 23:23:22+00:00,40.288927,-88.126167,-17.769545830160432,1876.0,9.778971227461287,rs6,11.202149585355373,31.865549911665507,20.663400326310132,2,11.202149585355373,43.73732353385963,32.53517394850426,-27.632700444717127,positive_cross,toward_S4,2.1826510113806794
7,cx30,2024-03-29 23:23:23+00:00,40.288839,-88.126165,-7.989044559805551,1877.0,9.78050127035488,rs6,20.573339495050696,33.998006210817465,13.424666715766769,2,20.573339495050696,33.998006210817465,13.424666715766769,-27.632700444717127,positive_cross,toward_S4,2.3637714052761405
7,cx30,2024-03-29 23:23:24+00:00,40.288752,-88.12616,1.675689748598268,1878.0,9.664734308403819,rs3,24.36477801510191,30.069110245582998,5.704332230481089,3,24.36477801510191,30.069110245582998,5.704332230481089,26.33125891160298,positive_cross,toward_S4,2.5434153858702833
7,cx30,2024-03-29 23:23:25+00:00,40.288663,-88.126155,11.562777724419542,1879.0,9.887087975821274,rs3,14.585023868781127,37.63172633565976,23.046702466878635,3,14.585023868781127,39.878736739001155,25.293712870220027,26.33125891160298,positive_cross,toward_S4,2.726509607644751
7,cx30,2024-03-29 23:23:26+00:00,40.288576,-88.126156,21.23669229007625,1880.0,9.673914565656707,rs3,5.796870649884657,34.876053231256144,29.079182581371487,3,5.796870649884657,49.53623991039693,43.73936926051227,26.33125891160298,positive_cross,toward_S4,2.905656173675431
7,cx30,2024-03-29 23:23:27+00:00,40.288491,-88.126163,30.69743344559013,1881.0,9.46074115551388,rs3,6.605171602679551,34.162912074568226,27.557740471888675,3,6.605171602679551,48.59353604912375,41.988364446444194,26.33125891160298,positive_cross,toward_S4,3.080855083962725
7,cx30,2024-03-29 23:23:29+00:00,40.288408,-88.126169,39.93429089158292,1883.0,4.618428722996395,rs3,15.030471609849824,36.0130747945949,20.982603184745074,3,15.030471609849824,39.45991107456469,24.42943946471486,26.33125891160298,positive_cross,toward_S4,3.251907999629258
7,cx30,2024-03-29 23:23:30+00:00,40.288322,-88.126171,49.498558666007774,1884.0,9.564267774424856,rs3,24.319622302980218,30.009050779764085,5.689428476783867,3,24.319622302980218,30.009050779764085,5.689428476783867,26.33125891160298,positive_cross,toward_S4,3.429024069526015
7,cx30,2024-03-29 23:23:31+00:00,40.288236,-88.126174,59.064356484116196,1885.0,9.565797818108422,rs1,20.685967766330318,33.777349740624416,13.091381974294098,4,20.685967766330318,33.777349740624416,13.091381974294098,80.2309515867141,positive_cross,toward_S4,3.6080260166185574
7,cx30,2024-03-29 23:23:32+00:00,40.28816,-88.126178,67.5199160087774,1886.0,8.455559524661204,rs1,12.80163876442119,34.749575827532524,21.947937063111333,4,12.80163876442119,42.19207658065007,29.390437816228875,80.2309515867141,positive_cross,toward_S4,3.7646104522604316
7,cx30,2024-03-29 23:23:33+00:00,40.288088,-88.126183,75.5322982414973,1887.0,8.0123822327199,rs1,6.854222614572497,32.10413186358988,25.24990924901738,4,6.854222614572497,50.19016160184747,43.33593898727497,80.2309515867141,positive_cross,toward_S4,3.9129879010145037
7,cx30,2024-03-29 23:23:34+00:00,40.288024,-88.126192,82.66138597763647,1888.0,7.129087736139169,rs1,7.483515836154885,30.942220480254015,23.45870464409913,4,7.483515836154885,57.34894704068862,49.865431204533735,80.2309515867141,positive_cross,toward_S4,4.04500804427634
7,cx30,2024-03-29 23:23:35+00:00,40.287968,-88.126213,88.91941955940153,1889.0,6.258033581765062,rs1,12.861523452121427,30.188456490618034,17.326933038496605,4,12.861523452121427,63.752793728599265,50.89127027647784,80.2309515867141,positive_cross,toward_S4,4.160897555049767
7,cx30,2024-03-29 23:23:36+00:00,40.287924,-88.126253,93.87240195287232,1890.0,4.952982393470791,rs1,18.7952336720005,28.7663603842722,9.971126712271701,4,18.7952336720005,69.1107971348853,50.3155634628848,80.2309515867141,positive_cross,toward_S4,4.2526194512251525
7,cx30,2024-03-29 23:23:37+00:00,40.287893,-88.126301,97.39232585231119,1891.0,3.519923899438865,rs1,24.055561400777933,27.118569819994285,3.0630084192163523,4,24.055561400777933,73.29046855678276,49.23490715600482,80.2309515867141,positive_cross,toward_S4,4.317803227140687
7,cx30,2024-03-29 23:23:38+00:00,40.287879,-88.126358,99.03601396656678,1892.0,1.6436881142555961,rs2,24.551436091600653,28.533046255421088,3.9816101638204344,4,24.551436091600653,74.3932089672877,49.841772875687056,80.2309515867141,negative_cross,toward_S4,4.348241895923198
7,cx30,2024-03-29 23:23:39+00:00,40.287883,-88.12642,98.68616929002621,1893.0,-0.3498446765405703,rs2,20.925844903375054,32.28210874538249,11.356263842007433,4,20.925844903375054,72.90617189965843,51.98032699628338,80.2309515867141,negative_cross,ambiguous,4.341763290802076
7,cx30,2024-03-29 23:23:40+00:00,40.287905,-88.126472,96.3198411803581,1894.0,-2.3663281096681175,rs2,16.614649317236715,34.67729288927268,18.062643572035963,4,16.614649317236715,69.8728971592096,53.25824784197289,80.2309515867141,negative_cross,toward_S1,4.297942399882296
7,cx30,2024-03-29 23:23:41+00:00,40.287941,-88.126507,92.37102667222912,1895.0,-3.948814508128976,rs2,11.76267214163646,35.685083228042345,23.922411086405887,4,11.76267214163646,65.61476137585477,53.85208923421831,80.2309515867141,negative_cross,toward_S1,4.224816205287315
7,cx30,2024-03-29 23:23:42+00:00,40.287984,-88.126524,87.6164335559854,1896.0,-4.754593116243726,rs2,6.787882286140717,35.67188674772972,28.884004461589004,4,6.787882286140717,60.75072761213169,53.962845325990976,80.2309515867141,negative_cross,toward_S1,4.136768184616135
7,cx30,2024-03-29 23:23:43+00:00,40.288039,-88.126525,81.50323775159185,1897.0,-6.113195804393541,rs2,2.6405411087915813,34.90329970313001,32.26275859433843,4,2.6405411087915813,54.63811186234251,51.99757075355093,80.2309515867141,negative_cross,toward_S1,4.023560854905144
7,cx30,2024-03-29 23:23:44+00:00,40.288097,-88.126518,75.04427110268058,1898.0,-6.458966648911272,rs2,7.12635086147114,34.566509234455694,27.440158372984556,4,7.12635086147114,48.24223793956107,41.11588707808993,80.2309515867141,negative_cross,toward_S1,3.9039503614067868
7,cx30,2024-03-29 23:23:45+00:00,40.28816,-88.126514,68.03401041502615,1899.0,-7.010260687654437,rs2,13.827594513347547,35.84945175016836,22.021857236820814,4,13.827594513347547,41.292552928741515,27.464958415393966,80.2309515867141,negative_cross,toward_S1,3.7741307190428155
7,cx30,2024-03-29 23:23:46+00:00,40.288228,-88.12651,60.46786555922306,1900.0,-7.566144855803088,rs2,21.28414230681952,33.81824464575984,12.534102338940322,4,21.28414230681952,33.81824464575984,12.534102338940322,80.2309515867141,negative_cross,toward_S1,3.6340169254168324
7,cx30,2024-03-29 23:23:47+00:00,40.288298,-88.126508,52.68242712176798,1901.0,-7.785438437455078,rs5,26.149839939133585,28.996138485438333,2.846298546304748,3,26.149839939133585,28.996138485438333,2.846298546304748,26.33125891160298,negative_cross,toward_S1,3.487984596484537
7,cx30,2024-03-29 23:23:48+00:00,40.288375,-88.126504,44.115690762981316,1902.0,-8.566736358786663,rs5,17.87620026707959,37.53315303710972,19.65695277003013,3,17.87620026707959,37.53315303710972,19.65695277003013,26.33125891160298,negative_cross,toward_S1,3.32934133058108
7,cx30,2024-03-29 23:23:49+00:00,40.288457,-88.126501,34.994600279729546,1903.0,-9.12109048325177,rs5,9.595490952953359,34.137298352263365,24.541807399310006,3,9.595490952953359,46.627451747992986,37.03196079503962,26.33125891160298,negative_cross,toward_S1,3.160432247557899
7,cx30,2024-03-29 23:23:50+00:00,40.288544,-88.126499,25.319155671179246,1904.0,-9.6754446085503,rs5,5.626960830379057,32.82940928558801,27.202448455208952,3,5.626960830379057,52.464904624305206,46.83794379392615,26.33125891160298,negative_cross,toward_S1,2.9812573473995605
7,cx30,2024-03-29 23:23:51+00:00,40.288634,-88.126488,15.29641017602927,1905.0,-10.022745495149977,rs5,13.240432670668783,33.69579686055522,20.45536418988644,3,13.240432670668783,42.52228245351305,29.28184978284427,26.33125891160298,negative_cross,toward_S1,2.7956509493412276
7,cx30,2024-03-29 23:23:52+00:00,40.28873,-88.126472,4.5989534650575985,1906.0,-10.697456710971672,rs5,23.596224558571294,32.041610755869335,8.445386197298042,3,23.596224558571294,32.041610755869335,8.445386197298042,26.33125891160298,negative_cross,toward_S1,2.5975498991380483
7,cx30,2024-03-29 23:23:53+00:00,40.288826,-88.126457,-6.096973203063959,1907.0,-10.695926668121558,rs7,21.815644138204238,34.18247804812608,12.36683390992184,2,21.815644138204238,34.18247804812608,12.36683390992184,-27.632700444717127,negative_cross,toward_S1,2.398809763734318
7,cx30,2024-03-29 23:23:54+00:00,40.288925,-88.126446,-17.120310200407545,1908.0,-11.023336997343586,rs7,12.041948685269734,29.81446722263384,17.772518537364107,2,12.041948685269734,45.09764881047097,33.05570012520124,-27.632700444717127,negative_cross,toward_S1,2.1946738934131402
7,cx30,2024-03-29 23:23:55+00:00,40.289022,-88.126447,-27.90293301661786,1909.0,-10.782622816210317,rs7,6.600535923021409,27.947716489667325,21.347180566645918,2,6.600535923021409,50.580798081505215,43.980262158483804,-27.632700444717127,negative_cross,toward_S1,1.9949956931129493
7,cx30,2024-03-29 23:23:56+00:00,40.289117,-88.126448,-38.46320216462075,1910.0,-10.560269148002892,rs7,13.03307338671714,30.020576593637422,16.98750320692028,2,13.03307338671714,40.02788131430773,26.994807927590585,-27.632700444717127,negative_cross,toward_S1,1.799435153335118
7,cx30,2024-03-29 23:23:57+00:00,40.289212,-88.126449,-49.023471313413616,1911.0,-10.560269148792862,rs7,22.791912622251992,29.48494158200938,6.693028959757388,2,22.791912622251992,29.48494158200938,6.693028959757388,-27.632700444717127,negative_cross,toward_S1,1.6038746135426576
7,cx30,2024-03-29 23:23:58+00:00,40.289304,-88.12645,-59.250209961453514,1912.0,-10.226738648039898,rs10,19.299530811223427,32.72395158110392,13.424420769880491,1,19.299530811223427,32.72395158110392,13.424420769880491,-78.92951005359993,negative_cross,toward_S1,1.3644314831878965
7,cx30,2024-03-29 23:23:59+00:00,40.289388,-88.126449,-68.59059402640077,1913.0,-9.340384064947251,rs10,10.124206653801707,29.513188463447612,19.388981809645905,1,10.124206653801707,41.94345609808007,31.819249444278363,-78.92951005359993,negative_cross,toward_S1,1.1914614079110957
7,cx30,2024-03-29 23:24:00+00:00,40.289465,-88.126446,-77.15580034150388,1914.0,-8.565206315103111,rs10,3.059914154779435,27.41682046015517,24.356906305375734,1,3.059914154779435,50.45770956853933,47.397795413759894,-78.92951005359993,negative_cross,toward_S1,1.0328464761499268
7,cx30,2024-03-29 23:24:01+00:00,40.289534,-88.126446,-84.8270018599015,1915.0,-7.671201518397623,rs10,7.022283551254837,27.96246441098128,20.940180859726443,1,7.022283551254837,58.074311699528565,51.05202814827373,-78.92951005359993,negative_cross,toward_S1,0.8907871887721931
7,cx30,2024-03-29 23:24:02+00:00,40.289589,-88.126437,-90.95549809305707,1916.0,-6.128496233155573,rs10,13.053244845793374,29.140499309335375,16.087254463542003,1,13.053244845793374,64.23897767324472,51.185732827451346,-78.92951005359993,negative_cross,toward_S1,0.7772965177878306
7,cx30,2024-03-29 23:24:03+00:00,40.289634,-88.126408,-96.00282684820769,1917.0,-5.047328755150616,rs10,18.56696498774801,29.475240763687502,10.908275775939494,1,18.56696498774801,69.5195400570924,50.95257506934439,-78.92951005359993,negative_cross,toward_S1,0.683827466766523
7,cx30,2024-03-29 23:24:04+00:00,40.289667,-88.12637,-99.72980398632367,1918.0,-3.726977138115984,rs10,23.15957919061301,29.348671818214687,6.189092627601678,1,23.15957919061301,73.65886558684961,50.499286396236606,-78.92951005359993,negative_cross,toward_S1,0.6148093716162268
7,cx30,2024-03-29 23:24:05+00:00,40.289685,-88.12632,-101.80748913447773,1919.0,-2.0776851481540604,rs10,26.86726752367358,28.079667070443318,1.2123995467697384,1,26.86726752367358,75.8893786738951,49.02211115022152,-78.92951005359993,negative_cross,toward_S1,0.576333720724485
7,cx30,2024-03-29 23:24:06+00:00,40.28969,-88.126265,-102.447525660796,1920.0,-0.6400365263182692,rs8,26.0802819334562,29.927795409358264,3.8475134759020655,1,26.0802819334562,75.51980303769491,49.439521104238715,-78.92951005359993,positive_cross,toward_S1,0.5644811924593319
7,cx30,2024-03-29 23:24:07+00:00,40.289677,-88.126205,-101.0940293963181,1921.0,1.3534962644778972,rs8,22.783299641124295,32.24474772979729,9.461448088672995,1,22.783299641124295,73.40670185693739,50.623402215813094,-78.92951005359993,positive_cross,toward_S4,0.5895459380978114
7,cx30,2024-03-29 23:24:08+00:00,40.28964,-88.126162,-97.04627839710379,1922.0,4.0477509992143155,rs8,17.895071417401322,32.491042101606496,14.595970684205174,1,17.895071417401322,69.01871848782957,51.12364707042825,-78.92951005359993,positive_cross,toward_S4,0.6645042899351137
7,cx30,2024-03-29 23:24:09+00:00,40.289583,-88.126155,-90.71990918254568,1923.0,6.326369214558113,rs8,11.56706591023216,29.95009400538056,18.3830280951484,1,11.56706591023216,62.656339427778136,51.089273517545976,-78.92951005359993,positive_cross,toward_S4,0.7816592753898934
7,cx30,2024-03-29 23:24:10+00:00,40.289522,-88.126162,-83.92741203290318,1924.0,6.7924971496425,rs8,5.532326618725685,27.375175729307813,21.84284911058213,1,5.532326618725685,55.91816196386361,50.38583534513793,-78.92951005359993,positive_cross,toward_S4,0.9074462596425323
7,cx30,2024-03-29 23:24:11+00:00,40.28946,-88.126161,-77.03597839294352,1925.0,6.891433639959658,rs8,3.993475688146391,27.03912970730319,23.0456540191568,1,3.993475688146391,49.03355075885102,45.04007507070463,-78.92951005359993,positive_cross,toward_S4,1.0350654011232667
7,cx30,2024-03-29 23:24:12+00:00,40.289389,-88.126158,-69.14701333653397,1926.0,7.888965056409546,rs8,10.726494534934714,28.906075329949562,18.17958079501485,1,10.726494534934714,41.14106355612598,30.414569021191262,-78.92951005359993,positive_cross,toward_S4,1.1811573466123324
7,cx30,2024-03-29 23:24:13+00:00,40.289315,-88.126156,-60.92298773654312,1927.0,8.224025599990853,rs8,18.75509596103783,32.74224253107332,13.987146570035492,1,18.75509596103783,32.928846033405286,14.173750072367454,-78.92951005359993,positive_cross,toward_S4,1.3334541169825336
7,cx30,2024-03-29 23:24:14+00:00,40.289237,-88.126156,-52.251194715951875,1928.0,8.671793020591245,rs6,24.310916771748342,27.36661693399346,3.0557001622451168,2,24.310916771748342,27.36661693399346,3.0557001622451168,-27.632700444717127,positive_cross,toward_S4,1.5441019579400972
7,cx30,2024-03-29 23:24:15+00:00,40.289155,-88.126158,-43.131634275550226,1929.0,9.11956044040165,rs6,15.358434371180879,34.745788189168636,19.38735381798776,2,15.358434371180879,36.465751799085574,21.107317427904697,-27.632700444717127,positive_cross,toward_S4,1.712982706836424
7,cx30,2024-03-29 23:24:16+00:00,40.289071,-88.126163,-33.78513003911555,1930.0,9.346504236434676,rs6,6.819952045718521,31.27340989795538,24.45345785223686,2,6.819952045718521,45.813896518156874,38.99394447243835,-27.632700444717127,positive_cross,toward_S4,1.8860661186222514
7,cx30,2024-03-29 23:24:17+00:00,40.288985,-88.12617,-24.21321204951971,1931.0,9.571917989595839,rs6,5.938681468993525,30.24807303565684,24.309391566663315,2,5.938681468993525,50.18082049099273,44.24213902199921,-27.632700444717127,positive_cross,toward_S4,2.0633238591703225
7,cx30,2024-03-29 23:24:18+00:00,40.288894,-88.126174,-14.090000021180735,1932.0,10.123212028338976,rs6,14.851033352096994,32.63937811923403,17.788344767137037,2,14.851033352096994,40.16276078166896,25.311727429571963,-27.632700444717127,positive_cross,toward_S4,2.250790748584007
7,cx30,2024-03-29 23:24:19+00:00,40.288801,-88.126175,-3.749024454061618,1933.0,10.340975567119116,rs6,24.884251054331983,29.952689288105933,5.06843823377395,2,24.884251054331983,29.952689288105933,5.06843823377395,-27.632700444717127,positive_cross,toward_S4,2.44229029612325
7,cx30,2024-03-29 23:24:20+00:00,40.288707,-88.126171,6.695477731990215,1934.0,10.444502186051832,rs3,19.66308794648321,35.15152846691195,15.488440520428739,3,19.66308794648321,35.15152846691195,15.488440520428739,26.33125891160298,positive_cross,toward_S4,2.6363744225997636
7,cx30,2024-03-29 23:24:21+00:00,40.288613,-88.126167,17.139979918832005,1935.0,10.44450218684179,rs3,9.745070460157887,34.81999413425165,25.074923674093764,3,9.745070460157887,45.507031265129825,35.761960804971935,26.33125891160298,positive_cross,toward_S4,2.8297911297635006
7,cx30,2024-03-29 23:24:22+00:00,40.288518,-88.126163,27.695658938219328,1936.0,10.555679019387323,rs3,4.752336730537419,33.918573871179774,29.166237140642355,3,4.752336730537419,51.586361097629,46.83402436709159,26.33125891160298,positive_cross,toward_S4,3.025266667159562
7,cx30,2024-03-29 23:24:23+00:00,40.288423,-88.126163,38.25745812988405,1937.0,10.561799191664722,rs3,13.287044444507716,35.901510811106625,22.61446636659891,3,13.287044444507716,41.062706150179764,27.77566170567205,26.33125891160298,positive_cross,toward_S4,3.220855541079279
7,cx30,2024-03-29 23:24:24+00:00,40.28833,-88.126165,48.599963739875015,1938.0,10.342505609990965,rs3,23.346443368906762,30.812322324112127,7.4658789552053655,3,23.346443368906762,30.812322324112127,7.4658789552053655,26.33125891160298,positive_cross,toward_S4,3.4123834227457785
7,cx30,2024-03-29 23:24:25+00:00,40.288242,-88.126168,58.38811522540089,1939.0,9.788151485525873,rs1,21.21826349286936,33.041471687891836,11.823208195022474,4,21.21826349286936,33.041471687891836,11.823208195022474,80.2309515867141,positive_cross,toward_S4,3.595503030346052
7,cx30,2024-03-29 23:24:26+00:00,40.288163,-88.126174,67.18026533655878,1940.0,8.792150111157888,rs1,12.968281924638077,35.1915921172517,22.223310192613624,4,12.968281924638077,41.8174478850131,28.849165960375025,80.2309515867141,positive_cross,toward_S4,3.7583206249971237
7,cx30,2024-03-29 23:24:27+00:00,40.288091,-88.126179,75.19264756925693,1941.0,8.012382232698158,rs1,6.755916271972388,32.49550896375852,25.73959269178613,4,6.755916271972388,49.81914893859788,43.06323266662549,80.2309515867141,positive_cross,toward_S4,3.906698073750793
7,cx30,2024-03-29 23:24:28+00:00,40.288027,-88.126186,82.31867521965238,1942.0,7.126027650395443,rs1,6.877497909245724,31.43346642448229,24.555968515236565,4,6.877497909245724,56.9594098309877,50.08191192174198,80.2309515867141,positive_cross,toward_S4,4.038661548758117
7,cx30,2024-03-29 23:24:29+00:00,40.28797,-88.126197,88.67258520596914,1943.0,6.353909986316765,rs1,11.841136459040108,31.44377146363541,19.602635004595303,4,11.841136459040108,63.36390253300313,51.52276607396302,80.2309515867141,positive_cross,toward_S4,4.156326548504723
7,cx30,2024-03-29 23:24:30+00:00,40.287919,-88.126227,94.38850500545401,1944.0,5.715919799484865,rs1,17.965897939513784,30.99151712007781,13.025619180564025,4,17.965897939513784,69.31439972128543,51.348501781771645,80.2309515867141,positive_cross,toward_S4,4.2621769151618505
7,cx30,2024-03-29 23:24:31+00:00,40.28788,-88.126279,98.80396374528192,1945.0,4.415458739827912,rs1,24.029401654888222,29.479508598645886,5.450106943757664,4,24.029401654888222,74.32423653219176,50.29483487730354,80.2309515867141,positive_cross,toward_S4,4.343944669603108
7,cx30,2024-03-29 23:24:32+00:00,40.287862,-88.126344,100.90459953739077,1946.0,2.1006357921088465,rs2,26.746332993255884,29.056936416523286,2.310603423267402,4,26.746332993255884,76.51227388316404,49.76594088990816,80.2309515867141,negative_cross,toward_S4,4.382845332419938
7,cx30,2024-03-29 23:24:33+00:00,40.287868,-88.126414,100.34464153642934,1947.0,-0.55995800096143,rs2,22.603583492866274,32.906800225380245,10.30321673251397,4,22.603583492866274,74.63622571416178,52.032642221295504,80.2309515867141,negative_cross,toward_S1,4.372475739809541
7,cx30,2024-03-29 23:24:34+00:00,40.287891,-88.126471,97.87478680780679,1948.0,-2.4698547286225505,rs2,18.06704772137867,35.383576728024956,17.316529006646284,4,18.06704772137867,71.4300116174321,53.36296389605343,80.2309515867141,negative_cross,toward_S1,4.326737689279494
7,cx30,2024-03-29 23:24:35+00:00,40.287934,-88.126508,93.15079454987712,1949.0,-4.723992257929666,rs2,12.46580360574634,36.04940545447597,23.583601848729636,4,12.46580360574634,66.38539819559655,53.91959458985021,80.2309515867141,negative_cross,toward_S1,4.2392563511696855
7,cx30,2024-03-29 23:24:36+00:00,40.28799,-88.12652,86.94325238301381,1950.0,-6.2075421668633055,rs2,6.3392262760643066,35.19659333923958,28.85736706317527,4,6.3392262760643066,60.10375098334968,53.76452470728537,80.2309515867141,negative_cross,toward_S1,4.124301866598143
7,cx30,2024-03-29 23:24:37+00:00,40.288117,-88.126516,72.81767434511042,1951.0,-14.125578037903395,rs2,9.225794324002806,34.765370029260325,25.53957570525752,4,9.225794324002806,46.03909377823149,36.813299454228684,80.2309515867141,negative_cross,toward_S1,3.8627170881184503
7,cx30,2024-03-29 23:24:38+00:00,40.288195,-88.126513,64.14129119590363,1952.0,-8.676383149206785,rs2,17.634512375726178,37.21440051222529,19.57988813649911,4,17.634512375726178,37.430444121469684,19.795931745743506,80.2309515867141,negative_cross,toward_S1,3.7020433260961023
7,cx30,2024-03-29 23:24:39+00:00,40.28828,-88.126512,54.689730297664376,1953.0,-9.451560898239258,rs2,26.966282652997737,28.068790148063428,1.1025074950656908,4,26.966282652997737,28.068790148063428,1.1025074950656908,80.2309515867141,negative_cross,toward_S1,3.5270144205731535
7,cx30,2024-03-29 23:24:40+00:00,40.288369,-88.126511,44.79346206456847,1954.0,-9.896268233095903,rs5,18.367980020642175,36.80404405178127,18.436064031139093,3,18.367980020642175,36.80404405178127,18.436064031139093,26.33125891160298,negative_cross,toward_S1,3.3418926509808426
7,cx30,2024-03-29 23:24:41+00:00,40.288464,-88.126508,34.22707274507814,1955.0,-10.566389319490334,rs5,8.619455102292832,34.52265178140761,25.903196679114778,3,8.619455102292832,47.3472941948128,38.727839092519964,26.33125891160298,negative_cross,toward_S1,3.1462187746939843
7,cx30,2024-03-29 23:24:42+00:00,40.288558,-88.126502,23.767270129474284,1956.0,-10.459802615603856,rs5,6.0387955245789104,33.16227662395409,27.123481099375184,3,6.0387955245789104,50.898982874458454,44.860187349879546,26.33125891160298,negative_cross,toward_S1,2.952518726256876
7,cx30,2024-03-29 23:24:43+00:00,40.288654,-88.126493,13.080523718605617,1957.0,-10.686746410868667,rs5,15.061084435993433,34.87236470054413,19.8112802645507,3,15.061084435993433,40.27372515880852,25.212640722815085,26.33125891160298,negative_cross,toward_S1,2.754616014944493
7,cx30,2024-03-29 23:24:44+00:00,40.288747,-88.126481,2.7227176798525816,1958.0,-10.357806038753036,rs5,25.171238994069775,30.067301671741205,4.896062677671431,3,25.171238994069775,30.067301671741205,4.896062677671431,26.33125891160298,negative_cross,toward_S1,2.562804792004622
7,cx30,2024-03-29 23:24:45+00:00,40.288838,-88.126464,-7.42038490586403,1959.0,-10.143102585716612,rs7,20.37324213010875,35.32715512815535,14.953912998046597,2,20.37324213010875,35.32715512815535,14.953912998046597,-27.632700444717127,negative_cross,toward_S1,2.3743021396083908
7,cx30,2024-03-29 23:24:46+00:00,40.288931,-88.126449,-17.782781073254384,1960.0,-10.362396167390354,rs7,11.34598544263134,29.823369293297873,18.477383850666534,2,11.34598544263134,45.694698514728536,34.3487130720972,-27.632700444717127,negative_cross,toward_S1,2.1824059142863472
7,cx30,2024-03-29 23:24:47+00:00,40.289025,-88.126447,-28.236463517349065,1961.0,-10.453682444094682,rs7,6.646483317250341,27.95183229209587,21.30534897484553,2,6.646483317250341,50.24760326533632,43.60111994808598,-27.632700444717127,negative_cross,toward_S1,1.9888192023586677
7,cx30,2024-03-29 23:24:48+00:00,40.289117,-88.12645,-38.46014207885529,1962.0,-10.223678561506226,rs7,12.949628844953189,30.1790825959819,17.22945375102871,2,12.949628844953189,40.017090070264864,27.067461225311675,-27.632700444717127,negative_cross,toward_S1,1.799491821590034
7,cx30,2024-03-29 23:24:49+00:00,40.289211,-88.12645,-48.910764437206254,1963.0,-10.450622358350962,rs7,22.6614193325043,29.588578508233905,6.9271591757296065,2,22.6614193325043,29.588578508233905,6.9271591757296065,-27.632700444717127,negative_cross,toward_S1,1.605961777916868
7,cx30,2024-03-29 23:24:50+00:00,40.289306,-88.126451,-59.47103358599912,1964.0,-10.56026914879287,rs10,19.068158680839097,32.92613563621748,13.857976955378383,1,19.068158680839097,32.92613563621748,13.857976955378383,-78.92951005359993,negative_cross,toward_S1,1.3603421568074223
7,cx30,2024-03-29 23:24:51+00:00,40.289395,-88.126447,-69.37189194692064,1965.0,-9.900858360921518,rs10,9.420168087993915,29.08690536780954,19.666737279815624,1,9.420168087993915,42.738829685687215,33.3186615976933,-78.92951005359993,negative_cross,toward_S1,1.1769929279014684
7,cx30,2024-03-29 23:24:52+00:00,40.289477,-88.126445,-78.49145238730054,1966.0,-9.1195604403799,rs10,2.886365100956047,27.27345027815286,24.387085177196813,1,2.886365100956047,51.79205838843694,48.905693287480894,-78.92951005359993,negative_cross,toward_S1,1.0081121790055443
7,cx30,2024-03-29 23:24:53+00:00,40.289542,-88.126445,-85.71794657086325,1967.0,-7.226494183562707,rs10,7.8770093923765225,28.078273160625194,20.201263768248673,1,7.8770093923765225,58.9679893011105,51.09097990873398,-78.92951005359993,negative_cross,toward_S1,0.8742882126432718
7,cx30,2024-03-29 23:24:54+00:00,40.289604,-88.12644,-92.61856046807578,1968.0,-6.900613897212537,rs10,14.605587270960164,30.088841398933766,15.483254127973602,1,14.605587270960164,65.86840349617114,51.262816225210976,-78.92951005359993,negative_cross,toward_S1,0.7464990663985952
7,cx30,2024-03-29 23:24:55+00:00,40.289657,-88.126422,-98.53847342047234,1969.0,-5.919912952396558,rs10,20.69384462791232,31.94806899613599,11.254224368223671,1,20.69384462791232,71.89972962002395,51.20588499211163,-78.92951005359993,negative_cross,toward_S1,0.6368710487616219
7,cx30,2024-03-29 23:24:56+00:00,40.289691,-88.126377,-102.38733769202685,1970.0,-3.848864271554504,rs10,25.42087674900329,31.680113369926495,6.259236620923204,1,25.42087674900329,76.18760721956534,50.766730470562045,-78.92951005359993,negative_cross,toward_S1,0.5655957844735755
7,cx30,2024-03-29 23:24:57+00:00,40.289712,-88.126325,-104.80161342748926,1971.0,-2.414275735462411,rs10,29.311418473204206,30.782319078776858,1.470900605572652,1,29.311418473204206,78.91103590362631,49.59961743042211,-78.92951005359993,negative_cross,toward_S1,0.520886974557605
7,cx30,2024-03-29 23:24:58+00:00,40.289709,-88.126263,-104.5629455850524,1972.0,0.23866784243685402,rs8,27.90127951382317,31.731462035686427,3.8301825218632573,1,27.90127951382317,77.57755229767712,49.676272783853946,-78.92951005359993,positive_cross,ambiguous,0.5253067494175467
7,cx30,2024-03-29 23:24:59+00:00,40.289681,-88.126198,-101.54944703127777,1973.0,3.013498553774639,rs8,23.03791230377311,32.98135256850774,9.94344026473463,1,23.03791230377311,73.79207800178433,50.75416569801122,-78.92951005359993,positive_cross,toward_S4,0.5811122781911511
7,cx30,2024-03-29 23:25:00+00:00,40.289627,-88.126157,-95.60862977522451,1974.0,5.940817256053251,rs8,16.396785293009778,32.06302774160487,15.666242448595092,1,16.396785293009778,67.55265742327785,51.15587213026807,-78.92951005359993,positive_cross,toward_S4,0.6911274125625076
7,cx30,2024-03-29 23:25:01+00:00,40.289558,-88.126154,-87.94201838546418,1975.0,7.666611389760334,rs8,8.859201873734625,29.03941258964676,20.180210715912132,1,8.859201873734625,59.87497857770204,51.01577670396741,-78.92951005359993,positive_cross,toward_S4,0.8331016975580694
7,cx30,2024-03-29 23:25:02+00:00,40.289494,-88.126158,-80.82058086370604,1976.0,7.121437521758139,rs8,3.2185968929733164,27.306962081077998,24.08836518810468,1,3.2185968929733164,52.78819431500797,49.569597422034654,-78.92951005359993,positive_cross,toward_S4,0.9649801701832201
7,cx30,2024-03-29 23:25:03+00:00,40.289424,-88.12616,-73.03514242625096,1977.0,7.785438437455085,rs8,7.132168215541641,27.678044980605353,20.545876765063714,1,7.132168215541641,45.03485578715318,37.90268757161154,-78.92951005359993,positive_cross,toward_S4,1.109154956062018
7,cx30,2024-03-29 23:25:04+00:00,40.289346,-88.126161,-64.36181936357784,1978.0,8.67332306267312,rs8,15.434233912157902,30.615449269680184,15.181215357522282,1,15.434233912157902,36.402006083933045,20.967772171775145,-78.92951005359993,positive_cross,toward_S4,1.2697720498152238
7,cx30,2024-03-29 23:25:05+00:00,40.289262,-88.126166,-55.01531512714316,1979.0,9.346504236434676,rs8,24.710793697136303,27.184222921868315,2.473429224732012,1,24.710793697136303,27.184222921868315,2.473429224732012,-78.92951005359993,positive_cross,toward_S4,1.4428554616010512
7,cx30,2024-03-29 23:25:07+00:00,40.289169,-88.126173,-44.66515930277115,1981.0,5.175077912186005,rs6,17.183571114599868,34.359918205711395,17.176347091111527,2,17.183571114599868,35.04313953462048,17.85956842002061,-27.632700444717127,positive_cross,toward_S4,1.6845840952212217
7,cx30,2024-03-29 23:25:08+00:00,40.289071,-88.126178,-33.7621793959942,1982.0,10.902979906776949,rs6,7.611529734302196,30.02705158293743,22.415521848635233,2,7.611529734302196,45.92429637113312,38.31276663683092,-27.632700444717127,positive_cross,toward_S4,1.886491130531906
7,cx30,2024-03-29 23:25:09+00:00,40.288968,-88.12618,-22.307905449684167,1983.0,11.454273946310035,rs6,7.87381478187202,29.681294466294034,21.807479684422013,2,7.87381478187202,48.392880626166374,40.51906584429435,-27.632700444717127,positive_cross,toward_S4,2.0986073147228326
7,cx30,2024-03-29 23:25:10+00:00,40.288863,-88.126179,-10.635867965405694,1984.0,11.672037484278473,rs6,18.26562912315117,33.841131676709665,15.575502553558493,2,18.26562912315117,36.809935543379495,18.544306420228324,-27.632700444717127,positive_cross,toward_S4,2.3147561570242856
7,cx30,2024-03-29 23:25:11+00:00,40.288757,-88.126178,1.1473463529982322,1985.0,11.783214318403926,rs3,25.20700045257224,29.741819511797726,4.534819059225484,3,25.20700045257224,29.741819511797726,4.534819059225484,26.33125891160298,positive_cross,toward_S4,2.533631248914727
7,cx30,2024-03-29 23:25:12+00:00,40.288648,-88.126176,13.262561128471546,1986.0,12.115214775473314,rs3,13.58256448447342,35.34573599128157,21.763171506808153,3,13.58256448447342,41.71598985916912,28.1334253746957,26.33125891160298,positive_cross,toward_S4,2.7579870780901588
7,cx30,2024-03-29 23:25:13+00:00,40.288536,-88.126176,25.714366491209738,1987.0,12.451805362738192,rs3,5.412996243709362,32.80011474983728,27.387118506127916,3,5.412996243709362,53.67870989104183,48.26571364733246,26.33125891160298,positive_cross,toward_S4,2.988576066289014
7,cx30,2024-03-29 23:25:14+00:00,40.288422,-88.126174,38.385465435621676,1988.0,12.671098944411938,rs3,13.721142442976642,35.05949097115359,21.33834852817695,3,13.721142442976642,41.056905611907325,27.335763168930683,26.33125891160298,positive_cross,toward_S4,3.223226046741087
7,cx30,2024-03-29 23:25:15+00:00,40.288313,-88.126175,50.50527033971056,1989.0,12.119804904088888,rs3,25.369305281874325,29.07973124005145,3.710425958177126,3,25.369305281874325,29.07973124005145,3.710425958177126,26.33125891160298,positive_cross,toward_S4,3.4476668782982887
7,cx30,2024-03-29 23:25:16+00:00,40.288212,-88.126179,61.74025070432511,1990.0,11.23498036461455,rs1,18.233310302602167,36.48027571986703,18.246965417264864,4,18.233310302602167,36.48027571986703,18.246965417264864,80.2309515867141,positive_cross,toward_S4,3.657579613289093
7,cx30,2024-03-29 23:25:17+00:00,40.288119,-88.126182,72.08428635720968,1991.0,10.344035652884564,rs1,9.091788841771066,32.93684903375287,23.845060191981805,4,9.091788841771066,46.75792786187198,37.666139020100914,80.2309515867141,positive_cross,toward_S4,3.8491358290832514
7,cx30,2024-03-29 23:25:18+00:00,40.288042,-88.126188,80.65408280174006,1992.0,8.569796444530382,rs1,6.444223624381669,31.231884585915665,24.787660961533994,4,6.444223624381669,55.320899573412355,48.876675949030684,80.2309515867141,positive_cross,toward_S4,4.007835763241221
7,cx30,2024-03-29 23:25:19+00:00,40.287981,-88.126203,87.45882029361097,1993.0,6.80473749187091,rs1,11.215887758236423,30.666307374940295,19.450419616703872,4,11.215887758236423,62.20946799312796,50.99358023489154,80.2309515867141,positive_cross,toward_S4,4.13384942049809
7,cx30,2024-03-29 23:25:20+00:00,40.287931,-88.126244,93.08039373141601,1994.0,5.62157343780504,rs1,17.71031254020601,29.118594101502513,11.408281561296501,4,17.71031254020601,68.2147383713828,50.50442583117678,80.2309515867141,positive_cross,toward_S4,4.237952632309295
7,cx30,2024-03-29 23:25:21+00:00,40.287896,-88.126297,97.05267517928085,1995.0,3.9722814478648445,rs1,23.580972363637205,27.19246109898325,3.6114887353460468,4,23.580972363637205,72.8911400282995,49.3101676646623,80.2309515867141,positive_cross,toward_S4,4.311513399862347
7,cx30,2024-03-29 23:25:22+00:00,40.28788,-88.126358,98.92483713246307,1996.0,1.8721619531822142,rs2,24.470478073641832,28.45654716223913,3.986069088597297,4,24.470478073641832,74.2850544935955,49.81457641995367,80.2309515867141,negative_cross,toward_S4,4.346183065662018
7,cx30,2024-03-29 23:25:23+00:00,40.287883,-88.126425,98.69381950440726,1997.0,-0.2310176280558096,rs2,20.69477713547119,32.62403237195138,11.929255236480191,4,20.69477713547119,72.83702414555022,52.14224701007903,80.2309515867141,negative_cross,ambiguous,4.341904961438762
7,cx30,2024-03-29 23:25:24+00:00,40.287904,-88.126485,96.45090857183942,1998.0,-2.2429109325678382,rs2,16.27492086745161,35.699276860892006,19.424355993440397,4,16.27492086745161,69.87103850807623,53.59611764062461,80.2309515867141,negative_cross,toward_S1,4.300369573798617
7,cx30,2024-03-29 23:25:25+00:00,40.287946,-88.126522,91.8380931472018,1999.0,-4.612815424637617,rs2,10.837472652307829,36.68775088352279,25.850278231214958,4,10.837472652307829,64.98036413933274,54.142891487024905,80.2309515867141,negative_cross,toward_S1,4.2149470659349575
7,cx30,2024-03-29 23:25:26+00:00,40.287999,-88.126523,85.94725100945752,2000.0,-5.890842137744286,rs2,5.346172326879313,35.252850098428034,29.906677771548722,4,5.346172326879313,59.089565270343,53.74339294346369,80.2309515867141,negative_cross,toward_S1,4.105857396717471
7,cx30,2024-03-29 23:25:27+00:00,40.288048,-88.126512,80.48275569123068,2001.0,-5.464495318226838,rs2,3.8485509506046807,33.761731795505405,29.913180844900722,4,3.8485509506046807,53.715513614432375,49.86696266382769,80.2309515867141,negative_cross,toward_S1,4.004663038972529
7,cx30,2024-03-29 23:25:28+00:00,40.288122,-88.126516,72.26179017696178,2002.0,-8.220965514268897,rs2,9.744887597290775,34.87870061003746,25.133813012746685,4,9.744887597290775,45.48503269205461,35.74014509476383,80.2309515867141,negative_cross,toward_S1,3.8524229368564384
7,cx30,2024-03-29 23:25:29+00:00,40.288183,-88.126516,65.48000332823396,2003.0,-6.781786848727819,rs2,16.276051004883204,36.91372107200043,20.637670067117224,4,16.276051004883204,38.73026691977898,22.454215914895773,80.2309515867141,negative_cross,toward_S1,3.7268342915096273
7,cx30,2024-03-29 23:25:30+00:00,40.288252,-88.126512,57.80268163834893,2004.0,-7.677321689885034,rs2,23.88597837506187,31.150258440498607,7.264280065436736,4,23.88597837506187,31.150258440498607,7.264280065436736,80.2309515867141,negative_cross,toward_S1,3.5846616676228673
7,cx30,2024-03-29 23:25:31+00:00,40.288331,-88.126509,49.01512165580662,2005.0,-8.787559982542312,rs5,22.52930549072226,32.623660536360184,10.094355045637926,3,22.52930549072226,32.623660536360184,10.094355045637926,26.33125891160298,negative_cross,toward_S1,3.420071532300067
7,cx30,2024-03-29 23:25:32+00:00,40.288416,-88.126501,39.55285045744262,2006.0,-9.462271198364,rs5,13.64974530243985,35.58501411721959,21.935268814779743,3,13.64974530243985,42.092633221725414,28.442887919285564,26.33125891160298,negative_cross,toward_S1,3.244844287885919
7,cx30,2024-03-29 23:25:33+00:00,40.288511,-88.126488,28.97116070837853,2007.0,-10.581689749064086,rs5,6.64388382272706,32.00510396572091,25.361220142993854,3,6.64388382272706,52.71631994556484,46.07243612283778,26.33125891160298,negative_cross,toward_S1,3.0488870703106583
7,cx30,2024-03-29 23:25:34+00:00,40.288601,-88.126483,18.957595470481444,2008.0,-10.013565237897087,rs5,10.436362354827702,32.27987792195464,21.843515567126943,3,10.436362354827702,46.21410436973416,35.77774201490646,26.33125891160298,negative_cross,toward_S1,2.8634506770162678
7,cx30,2024-03-29 23:25:35+00:00,40.288703,-88.126468,7.594607800919223,2009.0,-11.36298766956222,rs5,20.907329625675615,35.06287434598127,14.155544720305656,3,20.907329625675615,35.06287434598127,14.155544720305656,26.33125891160298,negative_cross,toward_S1,2.653024979431782
7,cx30,2024-03-29 23:25:36+00:00,40.288809,-88.126452,-4.214617246371511,2010.0,-11.809225047290735,rs7,23.751762140901363,32.481290127598974,8.729527986697612,2,23.751762140901363,32.481290127598974,8.729527986697612,-27.632700444717127,negative_cross,toward_S1,2.433668207376771
7,cx30,2024-03-29 23:25:37+00:00,40.28892,-88.126442,-16.570546203768057,2011.0,-12.355928957396547,rs7,12.693040226940077,29.70215271751616,17.009112490576083,2,12.693040226940077,44.631719365278514,31.938679138338436,-27.632700444717127,negative_cross,toward_S1,2.2048547081657235
7,cx30,2024-03-29 23:25:38+00:00,40.289031,-88.126436,-28.920354990445393,2012.0,-12.349808786677336,rs7,7.692430193262381,27.039595568006828,19.347165374744446,2,7.692430193262381,49.64108390174898,41.948653708486596,-27.632700444717127,negative_cross,toward_S1,1.9761545454494767
7,cx30,2024-03-29 23:25:39+00:00,40.289137,-88.126432,-40.71121952244039,2013.0,-11.790864531994995,rs7,15.638221254779202,29.660125891674753,14.02190463689555,2,15.638221254779202,37.92705916277489,22.288837907995685,-27.632700444717127,negative_cross,toward_S1,1.757805202264384
7,cx30,2024-03-29 23:25:40+00:00,40.289246,-88.126431,-52.831024427319235,2014.0,-12.119804904878848,rs10,25.915161051603242,26.853142429471646,0.9379813778684039,1,25.915161051603242,26.853142429471646,0.9379813778684039,-78.92951005359993,negative_cross,toward_S1,1.4833052893755685
7,cx30,2024-03-29 23:25:41+00:00,40.289352,-88.126432,-64.61423874572317,2015.0,-11.783214318403935,rs10,14.36763074568225,29.88402896412541,15.51639821844316,1,14.36763074568225,38.25989468034706,23.89226393466481,-78.92951005359993,negative_cross,toward_S1,1.2650976168125325
7,cx30,2024-03-29 23:25:42+00:00,40.289445,-88.12643,-74.95674435571412,2016.0,-10.342505609990951,rs10,5.408184080275977,26.31586853794381,20.907684457667834,1,5.408184080275977,48.45897918011412,43.05079509983814,-78.92951005359993,negative_cross,toward_S1,1.0735697351460334
7,cx30,2024-03-29 23:25:43+00:00,40.289521,-88.126428,-83.40924379463164,2017.0,-8.452499438917513,rs10,6.6078050098596055,26.191361665542082,19.58355665568248,1,6.6078050098596055,56.83746268428673,50.22965767442712,-78.92951005359993,negative_cross,toward_S1,0.9170419677586721
7,cx30,2024-03-29 23:25:44+00:00,40.289579,-88.126418,-89.87280057218022,2018.0,-6.46355677754859,rs10,12.560920884417717,27.216835090022336,14.655914205604619,1,12.560920884417717,63.34361045977202,50.782689575354304,-78.92951005359993,negative_cross,toward_S1,0.7973464718781427
7,cx30,2024-03-29 23:25:45+00:00,40.289631,-88.126386,-95.70295729074434,2019.0,-5.830156718564112,rs10,18.94977297663961,27.767117826032177,8.817344849392565,1,18.94977297663961,69.48000879965548,50.53023582301587,-78.92951005359993,negative_cross,toward_S1,0.689380606719548
7,cx30,2024-03-29 23:25:46+00:00,40.289665,-88.126336,-99.55947177667986,2020.0,-3.85651448593552,rs10,24.26195803552996,27.201912238304352,2.9399542027743912,1,24.26195803552996,74.00862078687037,49.74666275134041,-78.92951005359993,negative_cross,toward_S1,0.617963671794816
7,cx30,2024-03-29 23:25:47+00:00,40.289677,-88.126279,-100.98080622351799,2021.0,-1.4213344468381308,rs8,25.401049274740103,28.057825045354743,2.65677577061464,1,25.401049274740103,74.30391172819903,48.90286245345892,-78.92951005359993,positive_cross,toward_S1,0.5916426635200359
7,cx30,2024-03-29 23:25:48+00:00,40.289668,-88.126227,-100.05977695085666,2022.0,0.921029272661329,rs8,22.491727713011016,30.210790139310866,7.71906242629985,1,22.491727713011016,72.6257348354391,50.13400712242809,-78.92951005359993,positive_cross,toward_S4,0.6086987611619123
7,cx30,2024-03-29 23:25:49+00:00,40.289639,-88.12618,-96.90756079200962,2023.0,3.1522161588470397,rs8,18.12773007311741,31.173895911289765,13.046165838172357,1,18.12773007311741,69.00799358317619,50.88026351005878,-78.92951005359993,positive_cross,toward_S4,0.6670731344738946
7,cx30,2024-03-29 23:25:50+00:00,40.289596,-88.126152,-92.16979814818978,2024.0,4.737762643819835,rs8,12.928564329707184,30.782162409716367,17.853598080009185,1,12.928564329707184,64.08837291066436,51.159808580957176,-78.92951005359993,positive_cross,toward_S4,0.7548094797298175
7,cx30,2024-03-29 23:25:51+00:00,40.28954,-88.126149,-85.94848559545801,2025.0,6.221312552731774,rs8,6.822647977974097,28.88588631086876,22.063238332894663,1,6.822647977974097,57.85457624212609,51.03192826415199,-78.92951005359993,positive_cross,toward_S4,0.8700189714470725
7,cx30,2024-03-29 23:25:52+00:00,40.289482,-88.126161,-79.48186873216567,2026.0,6.466616863292344,rs8,3.1731692952461175,26.987741269434007,23.81457197418789,1,3.1731692952461175,51.47394898103146,48.30077968578534,-78.92951005359993,positive_cross,toward_S4,0.9897711355821159
7,cx30,2024-03-29 23:25:53+00:00,40.289417,-88.126164,-72.25078441996565,2027.0,7.231084312200011,rs8,7.9809869447106125,27.52180040844552,19.54081346373491,1,7.9809869447106125,44.287678312340226,36.30669136762961,-78.92951005359993,positive_cross,toward_S4,1.1236801043265605
7,cx30,2024-03-29 23:25:54+00:00,40.289347,-88.126169,-64.46075585387325,2028.0,7.790028566092403,rs8,15.480180176391281,29.965570484976173,14.485390308584892,1,15.480180176391281,36.58734407390191,21.10716389751063,-78.92951005359993,positive_cross,toward_S4,1.2679398925875311
7,cx30,2024-03-29 23:25:55+00:00,40.28927,-88.126176,-55.88942936726096,2029.0,8.571326486612293,rs8,23.9735601335206,28.200779259369067,4.2272191258484675,1,23.9735601335206,28.200779259369067,4.2272191258484675,-78.92951005359993,positive_cross,toward_S4,1.426668160858129
7,cx30,2024-03-29 23:25:56+00:00,40.289187,-88.126171,-46.6694023929021,2030.0,9.22002697435886,rs6,19.076125791835047,33.035217973085665,13.959092181250618,2,19.076125791835047,33.035217973085665,13.959092181250618,-27.632700444717127,positive_cross,toward_S4,1.647468482441019
7,cx30,2024-03-29 23:25:57+00:00,40.289098,-88.126168,-36.779254332105324,2031.0,9.890148060796776,rs6,9.632326852700412,31.597903618110873,21.96557676541046,2,9.632326852700412,42.85455436569859,33.222227512998174,-27.632700444717127,positive_cross,toward_S4,1.8306193724557742
7,cx30,2024-03-29 23:25:58+00:00,40.289005,-88.126166,-26.442868893623523,2032.0,10.336385438481802,rs6,4.449308969158539,30.420685438563563,25.971376469405023,2,4.449308969158539,52.36447711355531,47.91516814439677,-27.632700444717127,positive_cross,toward_S4,2.0220339176128443
7,cx30,2024-03-29 23:25:59+00:00,40.288905,-88.126165,-15.326715576682009,2033.0,11.116153316941514,rs6,13.450775993682685,32.86004905333071,19.40927305964803,2,13.450775993682685,41.2862722031526,27.835496209469916,-27.632700444717127,positive_cross,toward_S4,2.227888608667317
7,cx30,2024-03-29 23:26:00+00:00,40.288801,-88.126167,-3.7612647970799653,2034.0,11.565450779602044,rs6,24.760366160712852,29.839426883920968,5.079060723208116,2,24.760366160712852,29.839426883920968,5.079060723208116,-27.632700444717127,positive_cross,toward_S4,2.4420636231043917
7,cx30,2024-03-29 23:26:01+00:00,40.288693,-88.126168,8.247363273716916,2035.0,12.008628070796881,rs3,18.092905598655758,36.665703418309555,18.572797819653797,3,18.092905598655758,36.665703418309555,18.572797819653797,26.33125891160298,positive_cross,toward_S4,2.6651130437428505
7,cx30,2024-03-29 23:26:02+00:00,40.28859,-88.126169,19.700107177133354,2036.0,11.452743903416438,rs3,7.700542548319955,34.059399663156846,26.35885711483689,3,7.700542548319955,48.070038428403514,40.36949588008356,26.33125891160298,positive_cross,toward_S4,2.877200893806118
7,cx30,2024-03-29 23:26:03+00:00,40.288489,-88.126168,30.92743732738862,2037.0,11.227330150255266,rs3,7.05275440981664,33.77094557962738,26.71819116981074,3,7.05275440981664,48.41005181922048,41.357297409403834,26.33125891160298,positive_cross,toward_S4,3.0851144151071415
7,cx30,2024-03-29 23:26:04+00:00,40.288384,-88.12617,42.604064940304404,2038.0,11.676627612915784,rs3,17.603271035263962,36.82123009582774,19.217959060563775,3,17.603271035263962,36.82123009582774,19.217959060563775,26.33125891160298,positive_cross,toward_S4,3.301348259790767
7,cx30,2024-03-29 23:26:05+00:00,40.288282,-88.12617,53.944101966745286,2039.0,11.340037026440882,rs1,25.611882325911317,28.673950430276886,3.0620681043655686,4,25.611882325911317,28.673950430276886,3.0620681043655686,80.2309515867141,positive_cross,toward_S4,3.513206488519096
7,cx30,2024-03-29 23:26:06+00:00,40.28819,-88.126172,64.1754307434225,2040.0,10.23132877667721,rs1,15.722077096421756,36.61603891447982,20.893961818058067,4,15.722077096421756,38.81731896184756,23.095241865425805,80.2309515867141,positive_cross,toward_S4,3.7026755399390443
7,cx30,2024-03-29 23:26:07+00:00,40.288106,-88.126174,73.51734485124162,2041.0,9.341914107819122,rs1,7.552648680141094,33.24202163079495,25.68937295065386,4,7.552648680141094,48.113882718100704,40.56123403795961,80.2309515867141,positive_cross,toward_S4,3.8756739493431023
7,cx30,2024-03-29 23:26:08+00:00,40.288034,-88.12618,81.53125712683338,2042.0,8.013912275591764,rs1,6.082131172574783,31.916510760176877,25.834379587602093,4,6.082131172574783,56.13115801058824,50.049026838013454,80.2309515867141,positive_cross,toward_S4,4.024079732224431
7,cx30,2024-03-29 23:26:09+00:00,40.287971,-88.126192,88.55375815827436,2043.0,7.0225010314409815,rs1,11.503219678369904,31.828027335174674,20.324807656804772,4,11.503219678369904,63.20654947819407,51.70332979982417,80.2309515867141,positive_cross,toward_S4,4.154126047621486
7,cx30,2024-03-29 23:26:10+00:00,40.287918,-88.126221,94.49050158230483,2044.0,5.9367434240304675,rs1,17.79560197928335,31.498655664159138,13.703053684875787,4,17.79560197928335,69.35493598090396,51.55933400162061,80.2309515867141,positive_cross,toward_S4,4.264065740659087
7,cx30,2024-03-29 23:26:11+00:00,40.287879,-88.126272,98.9044302792609,2045.0,4.413928696956063,rs1,23.780583733638405,30.021470694719948,6.240886961081543,4,23.780583733638405,74.32279989584158,50.542216162203175,80.2309515867141,positive_cross,toward_S4,4.3458051609730886
7,cx30,2024-03-29 23:26:12+00:00,40.287867,-88.126326,100.32117459748343,2046.0,1.4167443182225412,rs2,27.403725471414944,27.630277498182018,0.22655202676707376,4,27.403725471414944,76.35984867860061,48.95612320718567,80.2309515867141,negative_cross,toward_S4,4.372041166866099
7,cx30,2024-03-29 23:26:13+00:00,40.287869,-88.126388,100.19368358836034,2047.0,-0.12749100912309075,rs2,23.764224926077155,31.158791082874707,7.394566156797552,4,23.764224926077155,74.93107704322385,51.166852117146696,80.2309515867141,negative_cross,ambiguous,4.3696802222527085
7,cx30,2024-03-29 23:26:14+00:00,40.287891,-88.126447,97.83806577879523,2048.0,-2.3556178095651177,rs2,18.97284736486264,33.6579802639636,14.68513289910096,4,18.97284736486264,71.67990234831706,52.70705498345441,80.2309515867141,negative_cross,toward_S1,4.326057670223724
7,cx30,2024-03-29 23:26:15+00:00,40.287922,-88.12649,94.4573757810433,2049.0,-3.3806899977519294,rs2,14.262462402734622,35.181759648406334,20.919297245671714,4,14.262462402734622,67.83833064614555,53.57586824341093,80.2309515867141,negative_cross,toward_S1,4.263452299894985
7,cx30,2024-03-29 23:26:16+00:00,40.287965,-88.126512,89.71043287997057,2050.0,-4.746942901072728,rs2,9.132512981140167,35.22633685428263,26.093823873142462,4,9.132512981140167,62.922194199873786,53.78968121873362,80.2309515867141,negative_cross,toward_S1,4.1755459498751195
7,cx30,2024-03-29 23:26:17+00:00,40.288016,-88.126516,84.04653453823754,2051.0,-5.663898341733031,rs2,4.317618893456112,34.37504128542215,30.057422391966035,4,4.317618893456112,57.23972759869766,52.92210870524155,80.2309515867141,negative_cross,toward_S1,4.07065894354673
7,cx30,2024-03-29 23:26:18+00:00,40.288083,-88.126514,76.59462660151368,2052.0,-7.451907936723856,rs2,5.9782680832905735,34.056183751548964,28.07791566825839,4,5.9782680832905735,49.82166100305757,43.843392919767,80.2309515867141,negative_cross,toward_S1,3.9326606484222144
7,cx30,2024-03-29 23:26:19+00:00,40.288153,-88.126501,68.79235769242467,2053.0,-7.802268909089008,rs2,13.42026227532169,34.55596782738182,21.13570555206013,4,13.42026227532169,42.189504155094234,28.769241879772544,80.2309515867141,negative_cross,toward_S1,3.7881741871427885
7,cx30,2024-03-29 23:26:20+00:00,40.288224,-88.126501,60.89880250739955,2054.0,-7.8935551850251215,rs2,21.00363485155912,34.36694415995321,13.363309308394093,4,21.00363485155912,34.36694415995321,13.363309308394093,80.2309515867141,negative_cross,toward_S1,3.641997239271953
7,cx30,2024-03-29 23:26:21+00:00,40.288309,-88.126497,51.442651480522976,2055.0,-9.456151026876576,rs5,25.13629093273335,30.348115105646574,5.211824172913225,3,25.13629093273335,30.348115105646574,5.211824172913225,26.33125891160298,negative_cross,toward_S1,3.465025788313333
7,cx30,2024-03-29 23:26:22+00:00,40.288401,-88.126493,41.2082626180803,2056.0,-10.234388862442678,rs5,15.45089517393009,35.6271621845009,20.176267010570804,3,15.45089517393009,40.51906699397835,25.068171820048256,26.33125891160298,negative_cross,toward_S1,3.2755000686384688
7,cx30,2024-03-29 23:26:23+00:00,40.288499,-88.126489,30.30681275419695,2057.0,-10.901449863883347,rs5,7.093692474205298,32.23272564345173,25.13903316924643,3,7.093692474205298,51.38038318559967,44.28669071139437,26.33125891160298,negative_cross,toward_S1,3.073621367455444
7,cx30,2024-03-29 23:26:24+00:00,40.288601,-88.126481,18.954535384737728,2058.0,-11.352277369459223,rs5,10.54682568116607,32.1145247790366,21.56769909787053,3,10.54682568116607,46.227279791130215,35.680454109964145,26.33125891160298,negative_cross,toward_S1,2.8633940087617544
7,cx30,2024-03-29 23:26:25+00:00,40.288697,-88.126473,8.269319016762665,2059.0,-10.685216367975062,rs5,20.128771192539727,35.464541184248944,15.335769991709217,3,20.128771192539727,35.669882557310835,15.541111364771108,26.33125891160298,negative_cross,toward_S1,2.6655196315770313
7,cx30,2024-03-29 23:26:26+00:00,40.288791,-88.126461,-2.199663856094079,2060.0,-10.468982872856744,rs7,25.519578511830524,30.34441539196725,4.824836880136726,2,25.519578511830524,30.34441539196725,4.824836880136726,-27.632700444717127,negative_cross,toward_S1,2.470982159048575
7,cx30,2024-03-29 23:26:27+00:00,40.288886,-88.12645,-12.778293518602753,2061.0,-10.578629662508675,rs7,15.70246728280627,31.918700720886026,16.216233438079755,2,15.70246728280627,40.79561680864551,25.093149525839245,-27.632700444717127,negative_cross,toward_S1,2.275081609742859
7,cx30,2024-03-29 23:26:28+00:00,40.288984,-88.126443,-23.684333511145162,2062.0,-10.906039992542409,rs7,7.726472141128778,27.90307142205724,20.176599280928464,2,7.726472141128778,51.56996117025775,43.84348902912897,-27.632700444717127,negative_cross,toward_S1,2.0731179061772584
7,cx30,2024-03-29 23:26:29+00:00,40.289082,-88.126443,-34.57966320354108,2063.0,-10.895329692395919,rs7,10.129995766143152,28.445253564254624,18.315257798111475,2,10.129995766143152,43.94058349934626,33.81058773320311,-27.632700444717127,negative_cross,toward_S1,1.8713525415032601
7,cx30,2024-03-29 23:26:30+00:00,40.289183,-88.126445,-45.805463310902745,2064.0,-11.225800107361664,rs7,19.82896248657697,32.72781497186118,12.898852485284209,2,19.82896248657697,32.72781497186118,12.898852485284209,-27.632700444717127,negative_cross,toward_S1,1.663467354329896
7,cx30,2024-03-29 23:26:31+00:00,40.289278,-88.126445,-56.36726250256746,2065.0,-10.561799191664718,rs10,22.221961017056007,29.9837518450909,7.7617908280348935,1,22.221961017056007,29.9837518450909,7.7617908280348935,-78.92951005359993,negative_cross,toward_S1,1.4178193990931938
7,cx30,2024-03-29 23:26:32+00:00,40.289369,-88.126446,-66.48282431652542,2066.0,-10.11556181395796,rs10,12.236939690173818,30.093219568820114,17.856279878646298,1,12.236939690173818,39.897703451174316,27.660763761000496,-78.92951005359993,negative_cross,toward_S1,1.2304941803161946
7,cx30,2024-03-29 23:26:33+00:00,40.289448,-88.126447,-75.26426412755853,2067.0,-8.78143981103311,rs10,4.1399793838231105,27.694270215390333,23.554290831567222,1,4.1399793838231105,48.572430828764574,44.432451444941464,-78.92951005359993,negative_cross,toward_S1,1.0678749245563222
7,cx30,2024-03-29 23:26:34+00:00,40.289514,-88.126447,-82.601935144435,2068.0,-7.33767101687647,rs10,5.014097971764296,27.670660606297517,22.65656263453322,1,5.014097971764296,55.85494116491822,50.84084319315393,-78.92951005359993,negative_cross,toward_S1,0.9319921279474985
7,cx30,2024-03-29 23:26:35+00:00,40.289576,-88.126439,-89.50713917026312,2069.0,-6.905204025828112,rs10,11.618207400596226,28.73727027535537,17.119062874759145,1,11.618207400596226,62.78311410869141,51.16490670809518,-78.92951005359993,negative_cross,toward_S1,0.804117979321052
7,cx30,2024-03-29 23:26:36+00:00,40.289624,-88.126411,-94.88646838406301,2070.0,-5.379329213799892,rs10,17.432702926081134,29.064007112944275,11.63130418686314,1,17.432702926081134,68.38247593764206,50.94977301156092,-78.92951005359993,negative_cross,toward_S1,0.7045007716580911
7,cx30,2024-03-29 23:26:37+00:00,40.289655,-88.126365,-98.40333219775816,2071.0,-3.516863813695153,rs10,22.124492818266592,28.11728731622603,5.992794497959437,1,22.124492818266592,72.42375117763429,50.2992583593677,-78.92951005359993,negative_cross,toward_S1,0.6393736639970697
7,cx30,2024-03-29 23:26:38+00:00,40.289666,-88.126309,-99.71195976762074,2072.0,-1.3086275698625798,rs10,25.576559683534402,25.82976605609032,0.25320637255591905,1,25.576559683534402,73.62097580937083,48.044416125836435,-78.92951005359993,negative_cross,toward_S1,0.6151398201107257
7,cx30,2024-03-29 23:26:39+00:00,40.289655,-88.12625,-98.5792871284784,2073.0,1.132672639142342,rs8,22.048168677270564,27.810505025038108,5.762336347767544,1,22.048168677270564,71.47249258556728,49.424323908296714,-78.92951005359993,positive_cross,toward_S4,0.6361152393541023
7,cx30,2024-03-29 23:26:40+00:00,40.289626,-88.126203,-95.4270709688414,2074.0,3.1522161596369926,rs8,17.396093960124556,28.74560297857416,11.349509018449602,1,17.396093960124556,67.74723956805235,50.35114560792779,-78.92951005359993,positive_cross,toward_S4,0.6944896126807134
7,cx30,2024-03-29 23:26:41+00:00,40.289575,-88.126176,-89.79836361326984,2075.0,5.628707355571564,rs8,11.27938328961111,27.961794765071584,16.682411475460476,1,11.27938328961111,61.88480022722659,50.60541693761548,-78.92951005359993,positive_cross,toward_S4,0.7987249340801867
7,cx30,2024-03-29 23:26:42+00:00,40.289445,-88.126173,-75.34996537478172,2076.0,14.448398238488124,rs8,5.85831354230102,26.191098980417415,20.332785438116396,1,5.85831354230102,47.460026976137634,41.601713433836615,-78.92951005359993,positive_cross,toward_S4,1.0662878644225595
7,cx30,2024-03-29 23:26:43+00:00,40.289374,-88.126173,-67.45641018975662,2077.0,7.893555185025093,rs8,12.701615535395442,28.3367645545554,15.63514901915996,1,12.701615535395442,39.609502415701506,26.907886880306066,-78.92951005359993,positive_cross,toward_S4,1.2124648122933945
7,cx30,2024-03-29 23:26:44+00:00,40.289295,-88.126178,-58.665790121470586,2078.0,8.790620068286039,rs8,21.283540908687897,30.96966450915434,9.686123600466445,1,21.283540908687897,30.96966450915434,9.686123600466445,-78.92951005359993,positive_cross,toward_S4,1.37525407281721
7,cx30,2024-03-29 23:26:45+00:00,40.289214,-88.126178,-49.66046660014815,2079.0,9.005323521322438,rs6,22.134780844737215,30.14187359924192,8.007092754504704,2,22.134780844737215,30.14187359924192,8.007092754504704,-27.632700444717127,positive_cross,toward_S4,1.5920784045290552
7,cx30,2024-03-29 23:26:46+00:00,40.289125,-88.126177,-39.7672584528177,2080.0,9.893208147330448,rs6,12.678895774028485,31.892183107985417,19.213287333956934,2,12.678895774028485,39.94333123184553,27.264435457817044,-27.632700444717127,positive_cross,toward_S4,1.7752859628129523
7,cx30,2024-03-29 23:26:47+00:00,40.289031,-88.126173,-29.32275626676587,2081.0,10.444502186051828,rs6,4.845891522695103,29.85631349284256,25.010421970147455,2,4.845891522695103,50.31569928408241,45.46980776138731,-27.632700444717127,positive_cross,toward_S4,1.9687026699620602
7,cx30,2024-03-29 23:26:48+00:00,40.288931,-88.12617,-18.209663035568074,2082.0,11.113093231197798,rs6,10.892227205682568,31.488175443939294,20.595948238256724,2,10.892227205682568,44.20724407058856,33.31501686490599,-27.632700444717127,positive_cross,toward_S4,2.1745006927620194
7,cx30,2024-03-29 23:26:49+00:00,40.288829,-88.126166,-6.875746180636371,2083.0,11.333916854931703,rs6,21.68114618524245,32.9074281633135,11.226281978071047,2,21.68114618524245,32.9074281633135,11.226281978071047,-27.632700444717127,positive_cross,toward_S4,2.3843880419274215
7,cx30,2024-03-29 23:26:51+00:00,40.288724,-88.126164,4.79476126079199,2085.0,5.835253720714181,rs3,21.367407405204748,33.2017003608137,11.834292955608955,3,21.367407405204748,33.2017003608137,11.834292955608955,26.33125891160298,positive_cross,toward_S4,2.601175969429426
7,cx30,2024-03-29 23:26:52+00:00,40.288615,-88.126163,16.91150607992712,2086.0,12.116744819135128,rs3,9.787014641382472,35.2066640581204,25.419649416737933,3,9.787014641382472,45.255381019513486,35.468366378131016,26.33125891160298,positive_cross,toward_S4,2.8255601327467432
7,cx30,2024-03-29 23:26:53+00:00,40.28851,-88.126163,28.585073607099197,2087.0,11.673567527172079,rs3,5.190318289519639,33.963481529156795,28.773163239637157,3,5.190318289519639,50.69947129840535,45.50915300888571,26.33125891160298,positive_cross,toward_S4,3.041737309175856
7,cx30,2024-03-29 23:26:54+00:00,40.288408,-88.126166,39.9297007629456,2088.0,11.344627155846403,rs3,14.950807788056295,36.24916170406138,21.298353916005084,3,14.950807788056295,39.43073069250011,24.479922904443818,26.33125891160298,positive_cross,toward_S4,3.2518229972470856
7,cx30,2024-03-29 23:26:55+00:00,40.288309,-88.126171,50.94385750303629,2089.0,11.01415674009069,rs3,25.736524484551154,28.5828179290306,2.8462934444794463,3,25.736524484551154,28.5828179290306,2.8462934444794463,26.33125891160298,positive_cross,toward_S4,3.4557888628043205
7,cx30,2024-03-29 23:26:56+00:00,40.288215,-88.126176,61.402130074978345,2090.0,10.458272571942054,rs1,18.477899678511488,36.11165624530444,17.63375656679295,4,18.477899678511488,36.11165624530444,17.63375656679295,80.2309515867141,positive_cross,toward_S4,3.6513181201530416
7,cx30,2024-03-29 23:26:57+00:00,40.288129,-88.126181,70.97098797883046,2091.0,9.56885790385212,rs1,9.929295095865498,33.33222900678675,23.40293391092125,4,9.929295095865498,45.64391094969154,35.71461585382604,80.2309515867141,positive_cross,toward_S4,3.8285191924465996
7,cx30,2024-03-29 23:26:58+00:00,40.288047,-88.126184,80.09207846208223,2092.0,9.121090483251763,rs1,6.000635579357103,31.580260661101338,25.579625081744236,4,6.000635579357103,54.729763774989884,48.72912819563278,80.2309515867141,positive_cross,toward_S4,3.99742827546978
7,cx30,2024-03-29 23:26:59+00:00,40.287976,-88.12619,87.99481390436023,2093.0,7.902735442278001,rs1,10.951871017718585,31.86410790913849,20.912236891419905,4,10.951871017718585,62.63553616285812,51.68366514513954,80.2309515867141,positive_cross,toward_S4,4.143775228104558
7,cx30,2024-03-29 23:27:00+00:00,40.287925,-88.126202,93.68319293210818,2094.0,5.688379027747956,rs1,16.334765552059306,32.64845023988697,16.313684687827664,4,16.334765552059306,68.38504425613812,52.050278704078806,80.2309515867141,positive_cross,toward_S4,4.249115580470261
7,cx30,2024-03-29 23:27:01+00:00,40.28788,-88.126242,98.74735215889272,2095.0,5.06415922678454,rs1,22.349045915831233,32.039102825442505,9.690056909611272,4,22.349045915831233,73.7908871773469,51.44184126151567,80.2309515867141,positive_cross,toward_S4,4.342896306892197
7,cx30,2024-03-29 23:27:02+00:00,40.287851,-88.126299,102.05869277680432,2096.0,3.311340617911597,rs1,27.644516913831897,30.286484024159222,2.6419671103273252,4,27.644516913831897,77.82099369650405,50.176476782672154,80.2309515867141,positive_cross,toward_S4,4.404217429446115
7,cx30,2024-03-29 23:27:03+00:00,40.287842,-88.126364,103.15873706669785,2097.0,1.1000442898935319,rs2,27.388984496542466,31.845799819649656,4.45681532310719,4,27.388984496542466,78.28988353334854,50.90089903680608,80.2309515867141,negative_cross,toward_S4,4.4245886199996995
7,cx30,2024-03-29 23:27:04+00:00,40.287849,-88.126429,102.47995201806337,2098.0,-0.6787850486344809,rs2,23.814540636732964,35.24097273665902,11.426432099926053,4,23.814540636732964,76.52132512652271,52.70678448978975,80.2309515867141,negative_cross,toward_S1,4.412018526506468
7,cx30,2024-03-29 23:27:05+00:00,40.287881,-88.126479,98.99879548712244,2099.0,-3.481156530940936,rs2,18.84559146926738,36.54505806436264,17.699466595095263,4,18.84559146926738,72.46628618056043,53.620694711293055,80.2309515867141,negative_cross,toward_S1,4.347552664822377
7,cx30,2024-03-29 23:27:06+00:00,40.287926,-88.126514,94.0493894760099,2100.0,-4.949406011112529,rs2,13.162603588030931,36.86078171575431,23.698178127723374,4,13.162603588030931,67.24000425535941,54.077400667328476,80.2309515867141,negative_cross,toward_S1,4.255896997949923
7,cx30,2024-03-29 23:27:07+00:00,40.287983,-88.126523,87.72608034721726,2101.0,-6.323309128792644,rs2,6.923883992069045,35.61428453409631,28.69040054202727,4,6.923883992069045,60.866405903366044,53.942521911297,80.2309515867141,negative_cross,toward_S1,4.1387986807500585
7,cx30,2024-03-29 23:27:08+00:00,40.288043,-88.126513,81.04016990225121,2102.0,-6.685910444966055,rs2,3.67298866737019,33.86518557130381,30.19219690393362,4,3.67298866737019,54.263259018084305,50.590270350714114,80.2309515867141,negative_cross,toward_S1,4.014985524361799
7,cx30,2024-03-29 23:27:09+00:00,40.288108,-88.126512,73.81214567581664,2103.0,-7.22802422643457,rs2,8.44824906755312,34.24849076233288,25.800241694779757,4,8.44824906755312,47.06620706089162,38.6179579933385,80.2309515867141,negative_cross,toward_S1,3.8811332238722693
7,cx30,2024-03-29 23:27:10+00:00,40.288175,-88.126511,66.36176778194285,2104.0,-7.450377893873792,rs2,15.50621868875384,36.18664667107762,20.680427982323778,4,15.50621868875384,39.66004601185641,24.15382732310257,80.2309515867141,negative_cross,toward_S1,3.7431632628746065
7,cx30,2024-03-29 23:27:11+00:00,40.288248,-88.126508,58.2412688008847,2105.0,-8.120498981058148,rs2,23.503214102802485,31.638809367773995,8.13559526497151,4,23.503214102802485,31.638809367773995,8.13559526497151,80.2309515867141,negative_cross,toward_S1,3.5927836521142704
7,cx30,2024-03-29 23:27:12+00:00,40.288327,-88.126507,49.45676890410786,2106.0,-8.784499896776836,rs5,22.99940267722749,32.20366232872833,9.204259651500838,3,22.99940267722749,32.20366232872833,9.204259651500838,26.33125891160298,negative_cross,toward_S1,3.4282501850463865
7,cx30,2024-03-29 23:27:13+00:00,40.288412,-88.126509,40.00979813448418,2107.0,-9.446970769623682,rs5,13.824406671769236,36.38142484095552,22.557018169186282,3,13.824406671769236,41.57979687348955,27.755390201720314,26.33125891160298,negative_cross,toward_S1,3.2533062819052074
7,cx30,2024-03-29 23:27:14+00:00,40.288499,-88.126511,30.34047369744305,2108.0,-9.66932443704113,rs5,5.5249385461183875,34.08483352180452,28.55989497568613,3,5.5249385461183875,51.20717901424682,45.682240468128434,26.33125891160298,negative_cross,toward_S1,3.0742447182562977
7,cx30,2024-03-29 23:27:15+00:00,40.288588,-88.126512,20.447265550924303,2109.0,-9.893208146518745,rs5,7.8000111920021356,34.40986292040221,26.609851728400077,3,7.8000111920021356,47.53847178598166,39.738460593979525,26.33125891160298,negative_cross,toward_S1,2.891037159987432
7,cx30,2024-03-29 23:27:16+00:00,40.288675,-88.126505,10.764170727992965,2110.0,-9.683094822931338,rs5,16.913402596307183,36.73789811042872,19.82449551412154,3,16.913402596307183,37.885727541520225,20.972324945213042,26.33125891160298,negative_cross,toward_S1,2.711720589192407
7,cx30,2024-03-29 23:27:17+00:00,40.288755,-88.12649,1.847073396862921,2111.0,-8.917097331130044,rs5,25.835596330563362,29.098102841502637,3.262506510939275,3,25.835596330563362,29.098102841502637,3.262506510939275,26.33125891160298,negative_cross,toward_S1,2.5465891571344432
7,cx30,2024-03-29 23:27:18+00:00,40.288834,-88.126472,-6.963437228800729,2112.0,-8.81051062566365,rs7,20.647764335698486,34.73873463446033,14.090970298761842,2,20.647764335698486,34.73873463446033,14.090970298761842,-27.632700444717127,negative_cross,toward_S1,2.3827641336280814
7,cx30,2024-03-29 23:27:19+00:00,40.288908,-88.126459,-15.21041347195643,2113.0,-8.2469762431557,rs7,13.157828930247753,31.54811856843255,18.390289638184797,2,13.157828930247753,43.01612617333823,29.858297243090476,-27.632700444717127,negative_cross,toward_S1,2.23004235134742
7,cx30,2024-03-29 23:27:20+00:00,40.288987,-88.126448,-24.01021379749534,2114.0,-8.799800325538909,rs7,7.198204274473518,28.27709206311268,21.07888778863916,2,7.198204274473518,51.81596425829001,44.61775998381649,-27.632700444717127,negative_cross,toward_S1,2.0670830860596627
7,cx30,2024-03-29 23:27:21+00:00,40.289067,-88.126444,-32.91048065699146,2115.0,-8.90026685949612,rs7,8.915276677489794,28.17349511713324,19.258218439643443,2,8.915276677489794,45.59948706936666,36.68421039187687,-27.632700444717127,negative_cross,toward_S1,1.9022633294023272
7,cx30,2024-03-29 23:27:22+00:00,40.289151,-88.126444,-42.249334678255146,2116.0,-9.338854021263685,rs7,16.559774917048124,31.271219828170132,14.711444911122008,2,16.559774917048124,36.28140768683012,19.721632769781998,-27.632700444717127,negative_cross,toward_S1,1.7293215882678146
7,cx30,2024-03-29 23:27:23+00:00,40.289237,-88.126445,-51.80901232485438,2117.0,-9.559677646599233,rs7,25.560251366043786,26.750206922438075,1.1899555563942883,2,25.560251366043786,26.750206922438075,1.1899555563942883,-27.632700444717127,negative_cross,toward_S1,1.552290520738199
7,cx30,2024-03-29 23:27:24+00:00,40.289321,-88.126444,-61.14939638977989,2118.0,-9.340384064925509,rs10,17.50491005278956,32.53948691442857,15.034576861639014,1,17.50491005278956,34.67771019065854,17.17280013786898,-78.92951005359993,negative_cross,toward_S1,1.3292613641448154
7,cx30,2024-03-29 23:27:25+00:00,40.289397,-88.126443,-69.60036578584725,2119.0,-8.450969396067357,rs10,9.313093279675114,28.693104756391453,19.38001147671634,1,9.313093279675114,43.01177897753915,33.698685697864036,-78.92951005359993,negative_cross,toward_S1,1.172761930884309
7,cx30,2024-03-29 23:27:26+00:00,40.289468,-88.12644,-77.49851109948796,2120.0,-7.898145313640711,rs10,3.4292997299771866,26.887863139895956,23.458563409918767,1,3.4292997299771866,50.857591530867474,47.428291800890285,-78.92951005359993,negative_cross,toward_S1,1.0264999806317032
7,cx30,2024-03-29 23:27:27+00:00,40.289534,-88.126435,-84.84383233153541,2121.0,-7.3453212320474535,rs10,7.443742998098787,27.050236072791648,19.60649307469286,1,7.443742998098787,58.18845505802764,50.74471205992886,-78.92951005359993,negative_cross,toward_S1,0.8904755133715652
7,cx30,2024-03-29 23:27:28+00:00,40.289594,-88.126423,-91.53280286145524,2122.0,-6.688970529919828,rs10,13.947743526176039,28.3016880816501,14.35394455547406,1,13.947743526176039,64.93793818417177,50.99019465799573,-78.92951005359993,negative_cross,toward_S1,0.7666056887434202
7,cx30,2024-03-29 23:27:29+00:00,40.289644,-88.126389,-97.14366599913555,2123.0,-5.610863137680312,rs10,20.175654127610134,28.852933674825785,8.677279547215651,1,20.175654127610134,70.86392803626137,50.68827390865124,-78.92951005359993,negative_cross,toward_S1,0.6627008158234144
7,cx30,2024-03-29 23:27:30+00:00,40.289682,-88.126347,-101.43264747611941,2124.0,-4.288981476983864,rs10,25.49312435522754,29.24182064448827,3.7486962892607316,1,25.49312435522754,75.6649354396055,50.171811084377964,-78.92951005359993,negative_cross,toward_S1,0.5832752329163058
7,cx30,2024-03-29 23:27:31+00:00,40.289701,-88.12629,-103.63221975852368,2125.0,-2.1995722824042616,rs8,28.17327149651125,29.713050413798,1.5397789172867498,1,28.17327149651125,77.10078592818705,48.9275144316758,-78.92951005359993,positive_cross,toward_S1,0.5425424128717824
7,cx30,2024-03-29 23:27:32+00:00,40.289698,-88.126226,-103.39661200183055,2126.0,0.2356077566931276,rs8,25.56839314860412,32.70938719101558,7.14099404241146,1,25.56839314860412,75.92603591589216,50.35764276728804,-78.92951005359993,positive_cross,ambiguous,0.5469055194772108
7,cx30,2024-03-29 23:27:33+00:00,40.289675,-88.126164,-100.93440748758897,2127.0,2.462204514241577,rs8,21.760574747915566,34.69379976642821,12.93322501851264,1,21.760574747915566,72.91511174557539,51.15453699765982,-78.92951005359993,positive_cross,toward_S4,0.5925018993705733
7,cx30,2024-03-29 23:27:34+00:00,40.289624,-88.126121,-95.33018081803236,2128.0,5.60422666955661,rs8,15.817924102074436,34.54213266699188,18.724208564917447,1,15.817924102074436,67.13684009280828,51.31891599073385,-78.92951005359993,positive_cross,toward_S4,0.6962838747327327
7,cx30,2024-03-29 23:27:35+00:00,40.289569,-88.126122,-89.21392492710515,2129.0,6.1162558909272065,rs8,9.699886990145062,32.00261721801365,22.302730227868587,1,9.699886990145062,61.01991344550234,51.32002645535728,-78.92951005359993,positive_cross,toward_S4,0.8095478727128662
7,cx30,2024-03-29 23:27:36+00:00,40.289524,-88.126151,-84.16659617195455,2130.0,5.047328755150602,rs8,5.2378809985728765,28.333585200107375,23.0957042015345,1,5.2378809985728765,56.08521968644672,50.847338687873844,-78.92951005359993,positive_cross,toward_S4,0.9030169237341736
7,cx30,2024-03-29 23:27:37+00:00,40.289472,-88.126171,-78.35479996789624,2131.0,5.811796204058311,rs8,4.166616899974006,26.135322175342033,21.968705275368027,1,4.166616899974006,50.433724780956595,46.26710788098259,-78.92951005359993,positive_cross,toward_S4,1.0106427793648831
7,cx30,2024-03-29 23:27:38+00:00,40.289409,-88.126184,-71.3307688935834,2132.0,7.024031074312845,rs8,9.582588441874144,26.11746355302302,16.534875111148875,1,9.582588441874144,43.58814164919088,34.00555320731674,-78.92951005359993,positive_cross,toward_S4,1.140717428889195
7,cx30,2024-03-29 23:27:39+00:00,40.289335,-88.12618,-63.1098033793145,2133.0,8.220965514268897,rs8,17.01474656748064,29.829978314480417,12.815231746999778,1,17.01474656748064,35.39003774439268,18.37529117691204,-78.92951005359993,positive_cross,toward_S4,1.2929575310052857
7,cx30,2024-03-29 23:27:40+00:00,40.289253,-88.126168,-54.01166353918409,2134.0,9.098139840130408,rs8,25.72587834582594,26.222244744558402,0.49636639873246224,1,25.72587834582594,26.222244744558402,0.49636639873246224,-78.92951005359993,positive_cross,toward_S4,1.4614416021188117
7,cx30,2024-03-29 23:27:41+00:00,40.289165,-88.126159,-44.24187256818574,2135.0,9.76979097099835,rs6,16.46241139820782,35.182466568464214,18.720055170256394,2,16.46241139820782,35.364273006824064,18.901861608616244,-27.632700444717127,positive_cross,toward_S4,1.692422738454285
7,cx30,2024-03-29 23:27:42+00:00,40.28907,-88.126154,-33.68772359169201,2136.0,10.554148976493728,rs6,6.3224032354271875,32.00088464602712,25.67848141059993,2,6.3224032354271875,45.87556897547787,39.55316574005068,-27.632700444717127,positive_cross,toward_S4,1.8878699417226872
7,cx30,2024-03-29 23:27:43+00:00,40.288966,-88.126154,-22.12533289783369,2137.0,11.562390693858323,rs6,6.793272402784945,31.892168556986242,25.0988961542013,2,6.793272402784945,47.9586325400411,41.16536013725616,-27.632700444717127,positive_cross,toward_S4,2.101988287905249
7,cx30,2024-03-29 23:27:44+00:00,40.288863,-88.126154,-10.674119037289108,2138.0,11.451213860544582,rs6,17.777328450177226,35.693129238178464,17.91580078800124,2,17.777328450177226,36.54350664556049,18.766178195383265,-27.632700444717127,positive_cross,toward_S4,2.3140478038412597
7,cx30,2024-03-29 23:27:45+00:00,40.28876,-88.126154,0.7770948224655139,2139.0,11.451213859754622,rs3,25.165840916040434,29.127521210038864,3.9616802939984304,3,25.165840916040434,29.127521210038864,3.9616802939984304,26.33125891160298,positive_cross,toward_S4,2.526774739090047
7,cx30,2024-03-29 23:27:46+00:00,40.288658,-88.126157,12.12172197833366,2140.0,11.344627155868146,rs3,14.091905710816805,37.258872960899126,23.166967250082322,3,14.091905710816805,40.446799753581615,26.354894042764812,26.33125891160298,positive_cross,toward_S4,2.7368604271616794
7,cx30,2024-03-29 23:27:47+00:00,40.288553,-88.126162,23.802939719865027,2141.0,11.681217741531366,rs3,4.628989477050161,34.08093745111691,29.451947974066748,3,4.628989477050161,52.12349428911871,47.49450481206855,26.33125891160298,positive_cross,toward_S4,2.953179274227075
7,cx30,2024-03-29 23:27:48+00:00,40.288448,-88.126171,35.4902776329273,2142.0,11.687337913062276,rs3,10.98595932503876,34.42794594377489,23.441986618736127,3,10.98595932503876,43.89940815660059,32.91344883156184,26.33125891160298,positive_cross,toward_S4,3.1696114578023025
7,cx30,2024-03-29 23:27:49+00:00,40.288342,-88.12618,47.28879238009329,2143.0,11.798514747165989,rs3,22.33150385502495,32.32976153444891,9.998257679423965,3,22.33150385502495,32.32976153444891,9.998257679423965,26.33125891160298,positive_cross,toward_S4,3.3881024716387094
7,cx30,2024-03-29 23:27:50+00:00,40.28824,-88.126185,58.636479620915196,2144.0,11.347687240821905,rs1,21.36101259778155,33.497374940282185,12.136362342500636,4,21.36101259778155,33.497374940282185,12.136362342500636,80.2309515867141,positive_cross,toward_S4,3.600102371003724
7,cx30,2024-03-29 23:27:51+00:00,40.288146,-88.126185,69.08710197926617,2145.0,10.45062235835097,rs1,11.702990378282065,33.624458098678346,21.92146772039628,4,11.702990378282065,43.81580815036892,32.112817772086856,80.2309515867141,positive_cross,toward_S4,3.7936324146768903
7,cx30,2024-03-29 23:27:52+00:00,40.28806,-88.126188,78.65289979656286,2146.0,9.565797817296698,rs1,6.279712082590233,31.310923432969588,25.031211350379355,4,6.279712082590233,53.33290760014556,47.053195517555324,80.2309515867141,positive_cross,toward_S4,3.970776818700903
7,cx30,2024-03-29 23:27:53+00:00,40.287984,-88.126205,87.12834987862347,2147.0,8.475450082060604,rs1,11.088207907630714,30.430631818771655,19.34242391114094,4,11.088207907630714,61.89972603374557,50.81151812611486,80.2309515867141,positive_cross,toward_S4,4.1277295979983215
7,cx30,2024-03-29 23:27:54+00:00,40.287927,-88.126246,93.52816115120469,2148.0,6.399811272581218,rs1,18.164827927631737,29.153225963446655,10.988398035814917,4,18.164827927631737,68.6815067954847,50.51667886785296,80.2309515867141,positive_cross,toward_S4,4.2462446215646406
7,cx30,2024-03-29 23:27:55+00:00,40.287891,-88.126305,97.62079969044787,2149.0,4.0926385392431825,rs1,24.446745504553974,26.984443672766055,2.5376981682120814,4,24.446745504553974,73.58225975565658,49.135514251102606,80.2309515867141,positive_cross,toward_S4,4.322034224143218
7,cx30,2024-03-29 23:27:56+00:00,40.287882,-88.126367,98.71625385093583,2150.0,1.0954541604879608,rs2,23.78772348241053,28.866986841176878,5.079263358766347,4,23.78772348241053,73.89363118262662,50.10590770021609,80.2309515867141,negative_cross,toward_S4,4.342320412300403
7,cx30,2024-03-29 23:27:57+00:00,40.287893,-88.126425,97.5820511688999,2151.0,-1.1342026820359337,rs2,19.76587400491688,31.9817768041884,12.215902799271518,4,19.76587400491688,71.73934094427815,51.97346693936127,80.2309515867141,negative_cross,toward_S1,4.321316658929367
7,cx30,2024-03-29 23:27:58+00:00,40.287918,-88.126475,94.87913247273511,2152.0,-2.7029186961647866,rs2,15.204560048100136,34.229380438912955,19.02482039081282,4,15.204560048100136,68.40780591578373,53.20324586768359,80.2309515867141,negative_cross,toward_S1,4.271262609000389
7,cx30,2024-03-29 23:27:59+00:00,40.287954,-88.126511,90.93184800668803,2153.0,-3.94728446604708,rs2,10.292096703178151,35.51559794711597,25.223501243937818,4,10.292096703178151,64.14862151348098,53.85652481030282,80.2309515867141,negative_cross,toward_S1,4.198164748518035
7,cx30,2024-03-29 23:28:00+00:00,40.288005,-88.126533,85.29549043673545,2154.0,-5.63635756995258,rs2,4.348510801812311,35.97729644620342,31.628785644391108,4,4.348510801812311,58.380770207146654,54.032259405334344,80.2309515867141,negative_cross,toward_S1,4.093787756481877
7,cx30,2024-03-29 23:28:01+00:00,40.288065,-88.126525,78.61264007753483,2155.0,-6.682850359200614,rs2,3.841415907992474,34.86917872396604,31.027762815973563,4,3.841415907992474,51.75140803411808,47.9099921261256,80.2309515867141,negative_cross,toward_S1,3.970031268348532
7,cx30,2024-03-29 23:28:02+00:00,40.288134,-88.126519,70.93225830267426,2156.0,-7.680381774860578,rs2,10.929480456704297,35.43175226665721,24.502271809952916,4,10.929480456704297,44.13348474978269,33.20400429307839,80.2309515867141,negative_cross,toward_S1,3.8278019762214845
7,cx30,2024-03-29 23:28:03+00:00,40.288207,-88.126517,62.81328936448798,2157.0,-8.118968938186278,rs2,18.879660042787965,36.06656509654346,17.186905053755492,4,18.879660042787965,36.06656509654346,17.186905053755492,80.2309515867141,negative_cross,toward_S1,3.6774506995884053
7,cx30,2024-03-29 23:28:04+00:00,40.288289,-88.126513,53.69066883834262,2158.0,-9.122620526145361,rs5,27.066621083282303,27.94675383772518,0.8801327544428759,3,27.066621083282303,27.94675383772518,0.8801327544428759,26.33125891160298,negative_cross,toward_S1,3.506655739384067
7,cx30,2024-03-29 23:28:05+00:00,40.288379,-88.12651,43.680163686189246,2159.0,-10.010505152153371,rs5,17.311306167577914,37.919113593866264,20.60780742628835,3,17.311306167577914,37.919113593866264,20.60780742628835,26.33125891160298,negative_cross,toward_S1,3.32127601434419
7,cx30,2024-03-29 23:28:06+00:00,40.288477,-88.126504,32.775653736540434,2160.0,-10.904509949648812,rs5,7.655276630257562,33.88314013678955,26.22786350653199,3,7.655276630257562,48.81757380851689,41.16229717825933,26.33125891160298,negative_cross,toward_S1,3.119340644906249
7,cx30,2024-03-29 23:28:07+00:00,40.288581,-88.126495,21.19949265681365,2161.0,-11.576161079726784,rs5,8.107828060542811,32.861378526040916,24.753550465498105,3,8.107828060542811,48.36952270779994,40.26169464725713,26.33125891160298,negative_cross,toward_S1,2.904967291577975
7,cx30,2024-03-29 23:28:08+00:00,40.288692,-88.126482,8.838973570779785,2162.0,-12.360519086033865,rs5,19.33207021883871,35.85327441570587,16.52120419686716,3,19.33207021883871,36.138121178103496,16.806050959264788,26.33125891160298,negative_cross,toward_S1,2.6760687899847557
7,cx30,2024-03-29 23:28:09+00:00,40.288807,-88.126464,-3.973903064448277,2163.0,-12.812876635228061,rs7,23.726579399355217,31.98740684515332,8.260827445798103,2,23.726579399355217,31.98740684515332,8.260827445798103,-27.632700444717127,negative_cross,toward_S1,2.438125877412386
7,cx30,2024-03-29 23:28:10+00:00,40.288916,-88.126448,-16.11665861247022,2164.0,-12.142755548021945,rs7,12.802078416212508,30.34193597852165,17.539857562309145,2,12.802078416212508,44.08379340034904,31.281714984136528,-27.632700444717127,negative_cross,toward_S1,2.2132600339304984
7,cx30,2024-03-29 23:28:11+00:00,40.289019,-88.126437,-27.584702944648715,2165.0,-11.468044332178494,rs7,7.418182945184667,27.099171952406145,19.680989007221477,2,7.418182945184667,50.96628296591948,43.548100020734815,-27.632700444717127,negative_cross,toward_S1,2.0008888425938594
7,cx30,2024-03-29 23:28:12+00:00,40.289115,-88.126432,-38.26532918400821,2166.0,-10.680626239359494,rs7,13.575561109983203,28.674750121825706,15.099189011842503,2,13.575561109983203,40.36129661592908,26.785735505945873,-27.632700444717127,negative_cross,toward_S1,1.8030994677909058
7,cx30,2024-03-29 23:28:13+00:00,40.289206,-88.12643,-48.38548112658172,2167.0,-10.120151942573514,rs7,22.6696066521148,30.32851403064301,7.658907378528209,2,22.6696066521148,30.32851403064301,7.658907378528209,-27.632700444717127,negative_cross,toward_S1,1.615689246632137
7,cx30,2024-03-29 23:28:14+00:00,40.289295,-88.126432,-58.27715923104031,2168.0,-9.891678104458585,rs10,20.5339937048867,32.08046861690501,11.546474912018308,1,20.5339937048867,32.08046861690501,11.546474912018308,-78.92951005359993,negative_cross,toward_S1,1.3824509411585115
7,cx30,2024-03-29 23:28:15+00:00,40.289381,-88.126437,-67.83071670534042,2169.0,-9.553557474300113,rs10,11.161708723763757,28.85657987740976,17.694871153646005,1,11.161708723763757,41.344333637534824,30.182624913771065,-78.92951005359993,negative_cross,toward_S1,1.205533210152954
7,cx30,2024-03-29 23:28:16+00:00,40.289461,-88.126441,-76.71874322183996,2170.0,-8.888026516499536,rs10,3.635235573230273,27.02805556090839,23.392819987678116,1,3.635235573230273,50.07481975196784,46.43958417873756,-78.92951005359993,negative_cross,toward_S1,1.0409401265140734
7,cx30,2024-03-29 23:28:17+00:00,40.289533,-88.126442,-84.72194519730695,2171.0,-8.003201975466993,rs10,7.064540093191803,27.60742483594826,20.54288474275646,1,7.064540093191803,58.00369123180009,50.93915113860829,-78.92951005359993,negative_cross,toward_S1,0.892732682523944
7,cx30,2024-03-29 23:28:18+00:00,40.289598,-88.126433,-91.96220976673816,2172.0,-7.240264569431204,rs10,14.109003498034442,29.25936254547821,15.15035904744377,1,14.109003498034442,65.27284410053967,51.16384060250523,-78.92951005359993,negative_cross,toward_S1,0.7586537090159587
7,cx30,2024-03-29 23:28:19+00:00,40.28965,-88.126392,-97.8061368719824,2173.0,-5.843927105244248,rs10,20.7027982940236,29.47106575602862,8.768267462005017,1,20.7027982940236,71.4821443988347,50.779346104811104,-78.92951005359993,negative_cross,toward_S1,0.6504328366966208
7,cx30,2024-03-29 23:28:20+00:00,40.289681,-88.126339,-101.33371098580226,2174.0,-3.5275741138198526,rs10,25.69981378926536,28.720630404714445,3.0208166154490854,1,25.69981378926536,75.69398566403268,49.99417187476732,-78.92951005359993,negative_cross,toward_S1,0.5851073901444013
7,cx30,2024-03-29 23:28:21+00:00,40.28969,-88.126275,-102.43222523203393,2175.0,-1.098514246231673,rs8,26.481262711535873,29.42082066669599,2.9395579551601188,1,26.481262711535873,75.6649241532848,49.183661441748924,-78.92951005359993,positive_cross,toward_S1,0.5647645337327036
7,cx30,2024-03-29 23:28:22+00:00,40.289681,-88.126209,-101.53261655964384,2176.0,0.8996086723900873,rs8,23.31090527166283,32.313180745226205,9.002275473563376,1,23.31090527166283,73.88419266151931,50.573287389856475,-78.92951005359993,positive_cross,toward_S4,0.5814239535917793
7,cx30,2024-03-29 23:28:23+00:00,40.289644,-88.126162,-97.4909857319387,2177.0,4.0416308277051485,rs8,18.332720408652452,32.742739080014815,14.410018671362362,1,18.332720408652452,69.46296493811758,51.13024452946513,-78.92951005359993,positive_cross,toward_S4,0.6562689689196525
7,cx30,2024-03-29 23:28:24+00:00,40.289591,-88.126144,-91.62615432305947,2178.0,5.864831408879226,rs8,12.268613400054255,31.163104949928723,18.894491549874466,1,12.268613400054255,63.50526293083458,51.236649530780326,-78.92951005359993,positive_cross,toward_S4,0.7648769579729715
7,cx30,2024-03-29 23:28:25+00:00,40.289532,-88.126153,-85.05295075506896,2179.0,6.573203567990504,rs8,6.115388160478339,28.348719350612907,22.233331190134567,1,6.115388160478339,56.98260334913508,50.86721518865674,-78.92951005359993,positive_cross,toward_S4,0.8866029499727957
7,cx30,2024-03-29 23:28:26+00:00,40.289464,-88.126165,-77.47456555626927,2180.0,7.578385198799694,rs8,4.0320090048308055,26.674370401047735,22.64236139621693,1,4.0320090048308055,49.50362429443818,45.47161528960738,-78.92951005359993,positive_cross,toward_S4,1.0269434166172344
7,cx30,2024-03-29 23:28:27+00:00,40.289392,-88.126172,-69.4591232370157,2181.0,8.015442319253566,rs8,10.79929690090722,27.67527564549061,16.875978744583392,1,10.79929690090722,41.58860784875438,30.789310947847156,-78.92951005359993,positive_cross,toward_S4,1.1753775336404486
7,cx30,2024-03-29 23:28:28+00:00,40.289314,-88.126177,-60.77968000204341,2182.0,8.67944323497229,rs8,19.2057999443633,31.33012403527403,12.12432409091073,1,19.2057999443633,33.04263664876957,13.836836704406274,-78.92951005359993,positive_cross,toward_S4,1.3361079639177131
7,cx30,2024-03-29 23:28:29+00:00,40.289227,-88.126179,-51.10423539351487,2183.0,9.675444608528544,rs6,23.56243165902314,28.727595943554512,5.165164284531372,2,23.56243165902314,28.727595943554512,5.165164284531372,-27.632700444717127,positive_cross,toward_S4,1.5653419453926345
7,cx30,2024-03-29 23:28:30+00:00,40.289137,-88.126183,-41.092200198489635,2184.0,10.012035195025234,rs6,14.106127120826764,31.964410019292686,17.858282898465923,2,14.106127120826764,38.68055076996983,24.574423649143064,-27.632700444717127,positive_cross,toward_S4,1.7507500045597684
7,cx30,2024-03-29 23:28:31+00:00,40.289038,-88.126185,-30.08263358701451,2185.0,11.009566611475126,rs6,6.044180532987499,28.897600465945057,22.853419932957557,2,6.044180532987499,49.63636558473059,43.592185051743094,-27.632700444717127,positive_cross,toward_S4,1.9546308677352338
7,cx30,2024-03-29 23:28:32+00:00,40.288934,-88.126184,-18.52177293604978,2186.0,11.560860650964731,rs6,11.139486526390828,30.254919966928366,19.115433440537537,2,11.139486526390828,44.685259221409815,33.54577269501899,-27.632700444717127,positive_cross,toward_S4,2.1687208797901363
7,cx30,2024-03-29 23:28:33+00:00,40.288824,-88.126182,-6.29538132647276,2187.0,12.226391609577018,rs6,22.51780446723216,32.575997896272234,10.058193429040074,2,22.51780446723216,32.575997896272234,10.058193429040074,-27.632700444717127,positive_cross,toward_S4,2.3951355392267475
7,cx30,2024-03-29 23:28:34+00:00,40.28871,-88.12618,6.375717617149216,2188.0,12.671098943621976,rs3,20.190173886116522,34.92821739041514,14.73804350429862,3,20.190173886116522,34.92821739041514,14.73804350429862,26.33125891160298,positive_cross,toward_S4,2.630452938991597
7,cx30,2024-03-29 23:28:35+00:00,40.288591,-88.126178,19.602700729688067,2189.0,13.22698311253885,rs3,8.281877835676578,33.33393945280345,25.05206161712687,3,8.281877835676578,48.03472381532073,39.75284597964415,26.33125891160298,positive_cross,toward_S4,2.8753970707052794
7,cx30,2024-03-29 23:28:36+00:00,40.288473,-88.126178,32.721567093098706,2190.0,13.118866363410639,rs3,8.95924446704312,33.21990891278202,24.260664445738897,3,8.95924446704312,46.729327377709915,37.770082910666794,26.33125891160298,positive_cross,toward_S4,3.118339040398069
7,cx30,2024-03-29 23:28:37+00:00,40.28836,-88.126178,45.28454928994061,2191.0,12.5629821968419,rs3,20.35632071980051,34.276295681360104,13.919974961559593,3,20.35632071980051,34.276295681360104,13.919974961559593,26.33125891160298,positive_cross,toward_S4,3.3509868588581044
7,cx30,2024-03-29 23:28:38+00:00,40.288254,-88.126178,57.06929365042644,2192.0,11.784744360485831,rs1,22.71070451587147,31.858777120782612,9.148072604911142,4,22.71070451587147,31.858777120782612,9.148072604911142,80.2309515867141,positive_cross,toward_S4,3.5710804085872656
7,cx30,2024-03-29 23:28:39+00:00,40.288156,-88.126181,67.96921347145965,2193.0,10.899919821033215,rs1,12.513098827535503,34.34500010937595,21.83190128184045,4,12.513098827535503,42.66718709623749,30.15408826870199,80.2309515867141,positive_cross,toward_S4,3.7729307756434363
7,cx30,2024-03-29 23:28:40+00:00,40.28807,-88.12619,77.54419154679924,2194.0,9.574978075339587,rs1,6.62492428642121,31.24122179046099,24.61629750403978,4,6.62492428642121,52.25009800867856,45.62517372225735,80.2309515867141,positive_cross,toward_S4,3.9502451844460214
7,cx30,2024-03-29 23:28:41+00:00,40.287994,-88.126209,86.02270171462527,2195.0,8.47851016782603,rs1,10.573040358638146,29.8885484046623,19.315508046024153,4,10.573040358638146,60.84154293309332,50.26850257445518,80.2309515867141,positive_cross,toward_S4,4.107254631998355
7,cx30,2024-03-29 23:28:42+00:00,40.287932,-88.12625,92.97839715535514,2196.0,6.955695440729869,rs1,17.94585306703915,28.609610102820056,10.663757035780908,4,17.94585306703915,68.1904525125777,50.244599445538555,80.2309515867141,positive_cross,toward_S4,4.236063806826686
7,cx30,2024-03-29 23:28:43+00:00,40.287885,-88.126308,98.29245082052587,2197.0,5.314053665170732,rs1,25.11662813007733,27.201657759893557,2.0850296298162263,4,25.11662813007733,74.28956950248894,49.172941372411614,80.2309515867141,positive_cross,toward_S4,4.334472208033551
7,cx30,2024-03-29 23:28:44+00:00,40.28786,-88.126373,101.17132444741084,2198.0,2.8788736268849675,rs2,25.332168166463312,30.918257469388838,5.586089302925526,4,25.332168166463312,76.17107069433884,50.838902527875526,80.2309515867141,negative_cross,toward_S4,4.387784682605496
7,cx30,2024-03-29 23:28:45+00:00,40.287861,-88.126437,101.15807035813518,2199.0,-0.013254089275662295,rs2,22.317152474183526,34.914954183059194,12.597801708875668,4,22.317152474183526,75.10233754117333,52.7851850669898,80.2309515867141,negative_cross,ambiguous,4.387539236507798
7,cx30,2024-03-29 23:28:46+00:00,40.287867,-88.126497,100.58281192922338,2200.0,-0.5752584289117948,rs2,19.873994589379624,38.66976009878309,18.795765509403463,4,19.873994589379624,73.88561844137067,54.01162385199105,80.2309515867141,negative_cross,toward_S1,4.376886302639061
7,cx30,2024-03-29 23:28:47+00:00,40.287895,-88.126544,97.5417726036901,2201.0,-3.0410393255332764,rs2,16.149360803126534,40.61089898161897,24.46153817849244,4,16.149360803126534,70.57944702156898,54.43008621844245,80.2309515867141,negative_cross,toward_S1,4.32057075957363
7,cx30,2024-03-29 23:28:48+00:00,40.287974,-88.126551,88.7695130499316,2202.0,-8.772259553758502,rs2,7.3425768461516485,38.15764074783152,30.815063901679874,4,7.3425768461516485,61.78281549003037,54.44023864387872,80.2309515867141,negative_cross,toward_S1,4.158121508578102
7,cx30,2024-03-29 23:28:50+00:00,40.288019,-88.126532,83.7374847235213,2204.0,-2.516014163205149,rs2,3.0959416172795122,35.682009921924106,32.58606830464459,4,3.0959416172795122,56.828872478675706,53.73293086139619,80.2309515867141,negative_cross,toward_S1,4.064935798829763
7,cx30,2024-03-29 23:28:51+00:00,40.288073,-88.126518,77.71251510932017,2205.0,-6.02496961420114,rs2,4.8993358349599125,34.313918198356525,29.41458236339661,4,4.8993358349599125,50.90391130115754,46.00457546619763,80.2309515867141,negative_cross,toward_S1,3.953362287455668
7,cx30,2024-03-29 23:28:52+00:00,40.288134,-88.126506,70.91236774529662,2206.0,-6.800147364023545,rs2,11.296624378976732,34.36369054547615,23.067066166499423,4,11.296624378976732,44.23937626344066,32.94275188446393,80.2309515867141,negative_cross,toward_S1,3.827433632566343
7,cx30,2024-03-29 23:28:53+00:00,40.288204,-88.126502,63.12386922207609,2207.0,-7.788498523220532,rs2,18.8205441937162,36.55523170889818,17.734687515181978,4,18.8205441937162,36.55523170889818,17.734687515181978,80.2309515867141,negative_cross,toward_S1,3.683202178432629
7,cx30,2024-03-29 23:28:54+00:00,40.288281,-88.126504,54.56631312133227,2208.0,-8.557556100743817,rs2,27.17854660053048,28.070902180717745,0.8923555801872638,4,27.17854660053048,28.070902180717745,0.8923555801872638,80.2309515867141,negative_cross,toward_S1,3.524728917307744
7,cx30,2024-03-29 23:28:55+00:00,40.288364,-88.12651,45.34781618984527,2209.0,-9.218496931487003,rs5,18.928395872863085,36.260026115606394,17.33163024274331,3,18.928395872863085,36.260026115606394,17.33163024274331,26.33125891160298,negative_cross,toward_S1,3.352158468115598
7,cx30,2024-03-29 23:28:56+00:00,40.288452,-88.12651,35.56425483374667,2210.0,-9.783561356098595,rs5,9.6929879561103,35.019966071212394,25.326978115102094,3,9.6929879561103,46.002951217445954,36.30996326133565,26.33125891160298,negative_cross,toward_S1,3.170981405965624
7,cx30,2024-03-29 23:28:57+00:00,40.288548,-88.126499,24.874448337134293,2211.0,-10.68980649661238,rs5,5.771099982852118,32.84447829156085,27.07337830870873,3,5.771099982852118,52.02037495997025,46.24927497711813,26.33125891160298,negative_cross,toward_S1,2.973022026398728
7,cx30,2024-03-29 23:28:58+00:00,40.288646,-88.126485,13.957698044488879,2212.0,-10.916750292645414,rs5,14.540628534134875,33.91340794231143,19.372779408176555,3,14.540628534134875,41.2109974679768,26.670368933841928,26.33125891160298,negative_cross,toward_S1,2.7708599839423314
7,cx30,2024-03-29 23:28:59+00:00,40.288744,-88.126471,3.040947751821723,2213.0,-10.916750292667157,rs5,25.099876272734818,30.512666931168432,5.4127906584336145,3,25.099876272734818,30.512666931168432,5.4127906584336145,26.33125891160298,negative_cross,toward_S1,2.5686979414855324
7,cx30,2024-03-29 23:29:00+00:00,40.288932,-88.126449,-17.893957907358086,2214.0,-20.934905659179808,rs7,11.254241657763703,29.78646886230838,18.532227204544675,2,11.254241657763703,45.803432948937846,34.54919129117414,-27.632700444717127,negative_cross,toward_S1,2.1803470840251675
7,cx30,2024-03-29 23:29:02+00:00,40.289028,-88.126447,-28.56999401808027,2216.0,-5.338018055361092,rs7,6.708732360802583,27.959929960053255,21.251197599250673,2,6.708732360802583,49.914414918400844,43.20568255759826,-27.632700444717127,negative_cross,toward_S1,1.9826427116043863
7,cx30,2024-03-29 23:29:03+00:00,40.289126,-88.12645,-39.460733581838866,2217.0,-10.890739563758597,rs7,13.832637407663587,30.5497988679897,16.717161460326114,2,13.832637407663587,39.01799543518019,25.185358027516603,-27.632700444717127,negative_cross,toward_S1,1.7809623493125604
7,cx30,2024-03-29 23:29:04+00:00,40.28922,-88.126453,-49.90676581078431,2218.0,-10.446032228945441,rs7,23.557948586132095,28.57035149171341,5.012402905581315,2,23.557948586132095,28.57035149171341,5.012402905581315,-27.632700444717127,negative_cross,toward_S1,1.587517308035793
7,cx30,2024-03-29 23:29:05+00:00,40.289308,-88.126451,-59.693387252626614,2219.0,-9.786621441842307,rs10,18.847459470644264,33.144611006248475,14.297151535604211,1,18.847459470644264,33.144611006248475,14.297151535604211,-78.92951005359993,negative_cross,toward_S1,1.3562244963143206
7,cx30,2024-03-29 23:29:06+00:00,40.289389,-88.126447,-68.70483094545823,2220.0,-9.011443692831612,rs10,10.061047793044978,29.315174275676053,19.254126482631076,1,10.061047793044978,42.079500299511196,32.01845250646622,-78.92951005359993,negative_cross,toward_S1,1.1893459094100316
7,cx30,2024-03-29 23:29:07+00:00,40.289463,-88.126443,-76.93803680272372,2221.0,-8.233205857265489,rs10,3.384060717056027,27.179101300484287,23.79504058342826,1,3.384060717056027,50.27149247352284,46.88743175646681,-78.92951005359993,negative_cross,toward_S1,1.0368791342754855
7,cx30,2024-03-29 23:29:08+00:00,40.289531,-88.126436,-84.5087717871424,2222.0,-7.570734984418678,rs10,7.113130295431646,27.063668761583813,19.950538466152167,1,7.113130295431646,57.84658404920452,50.73345375377288,-78.92951005359993,negative_cross,toward_S1,0.8966803382677321
7,cx30,2024-03-29 23:29:09+00:00,40.289591,-88.126412,-91.21610283235795,2223.0,-6.707331045215554,rs10,13.987084777095461,27.317150742790027,13.330065965694565,1,13.987084777095461,64.73796752007502,50.750882742979556,-78.92951005359993,negative_cross,toward_S1,0.7724705040970736
7,cx30,2024-03-29 23:29:10+00:00,40.289639,-88.126367,-96.62144277425472,2224.0,-5.40533994189677,rs10,20.459312763414662,27.058485463876174,6.599172700461512,1,20.459312763414662,70.64392036996298,50.184607606548326,-78.92951005359993,negative_cross,toward_S1,0.6723716162841705
7,cx30,2024-03-29 23:29:11+00:00,40.289668,-88.126313,-99.92819326355075,2225.0,-3.3067504892960358,rs10,25.57211004551034,26.2132204895593,0.6411104440489623,1,25.57211004551034,73.91334283911263,48.34123279360229,-78.92951005359993,negative_cross,toward_S1,0.6111354961120217
7,cx30,2024-03-29 23:29:12+00:00,40.289678,-88.126251,-101.13482425814243,2226.0,-1.206630994591677,rs8,24.35277449087788,29.639286356388986,5.286511865511105,1,24.35277449087788,74.01292367723232,49.660149186354445,-78.92951005359993,positive_cross,toward_S1,0.5887904776936573
7,cx30,2024-03-29 23:29:13+00:00,40.289662,-88.126198,-99.43708719278685,2227.0,1.6977370653555823,rs8,21.013463933993695,31.55804819054913,10.544584256555435,1,21.013463933993695,71.68809229086483,50.67462835687114,-78.92951005359993,positive_cross,toward_S4,0.62023005297802
7,cx30,2024-03-29 23:29:14+00:00,40.289624,-88.126166,-95.26132888862482,2228.0,4.175758304162031,rs8,16.22031483938704,31.237968966568364,15.017654127181324,1,16.22031483938704,67.26168526710929,51.04137042772224,-78.92951005359993,positive_cross,toward_S4,0.697558910462502
7,cx30,2024-03-29 23:29:15+00:00,40.289573,-88.126157,-89.60508076048289,2229.0,5.656248128141925,rs8,10.532213263564092,29.368273941508445,18.836060677944353,1,10.532213263564092,61.55451069507567,51.022297431511575,-78.92951005359993,positive_cross,toward_S4,0.802304246168834
7,cx30,2024-03-29 23:29:16+00:00,40.289516,-88.126166,-83.25423085993158,2230.0,6.35084990055131,rs8,5.235507355623392,26.923822007216796,21.6883146515934,1,5.235507355623392,55.27651271051433,50.04100535489094,-78.92951005359993,positive_cross,toward_S4,0.9199125776605249
7,cx30,2024-03-29 23:29:17+00:00,40.289451,-88.126167,-76.02620663349703,2231.0,7.228024226434556,rs8,5.029323573770521,26.617528487382533,21.58820491361201,1,5.029323573770521,48.07709983860704,43.04777626483652,-78.92951005359993,positive_cross,toward_S4,1.0537648781500537
7,cx30,2024-03-29 23:29:18+00:00,40.289376,-88.126165,-67.6910041993807,2232.0,8.335202434116326,rs8,12.280767920161669,28.8733825688262,16.592614648664533,1,12.280767920161669,39.75600972585744,27.47524180569577,-78.92951005359993,positive_cross,toward_S4,1.2081204787818376
7,cx30,2024-03-29 23:29:19+00:00,40.28929,-88.126162,-58.13438663933689,2233.0,9.556617560043811,rs8,21.580549472373153,30.22230654233047,8.641757069957318,1,21.580549472373153,30.22230654233047,8.641757069957318,-78.92951005359993,positive_cross,toward_S4,1.3850948780419081
7,cx30,2024-03-29 23:29:20+00:00,40.289195,-88.126163,-47.57105740477856,2234.0,10.563329234558331,rs6,19.79842864651196,32.07438253025897,12.275953883747011,2,19.79842864651196,32.07438253025897,12.275953883747011,-27.632700444717127,positive_cross,toward_S4,1.63077116740627
7,cx30,2024-03-29 23:29:21+00:00,40.289091,-88.126166,-36.00407658230467,2235.0,11.566980822473887,rs6,8.861453650520959,31.5435898775671,22.682136227046144,2,8.861453650520959,43.61585584703786,34.7544021965169,-27.632700444717127,positive_cross,toward_S4,1.844974515970601
7,cx30,2024-03-29 23:29:22+00:00,40.288979,-88.126166,-23.552271219566475,2236.0,12.451805362738195,rs6,6.169788616439198,30.66606470121563,24.496276084776433,2,6.169788616439198,49.48424216618324,43.314453549744044,-27.632700444717127,positive_cross,toward_S4,2.0755635041694567
7,cx30,2024-03-29 23:29:23+00:00,40.288859,-88.126166,-10.211051188738375,2237.0,13.341220030828099,rs6,18.415598301837402,35.01906100954455,16.60346270770715,2,18.415598301837402,36.214919989155234,17.799321687317832,-27.632700444717127,positive_cross,toward_S4,2.322623134369977
7,cx30,2024-03-29 23:29:24+00:00,40.288741,-88.126166,2.9078151754622255,2238.0,13.118866364200601,rs3,23.253796157607653,31.346770162280386,8.092974004672733,3,23.253796157607653,31.346770162280386,8.092974004672733,26.33125891160298,positive_cross,toward_S4,2.5662325234048007
7,cx30,2024-03-29 23:29:25+00:00,40.288624,-88.126167,15.917034749220939,2239.0,13.009219573758713,rs3,10.836064920087459,35.16649014487876,24.3304252247913,3,10.836064920087459,44.28888503576023,33.45282011567277,26.33125891160298,positive_cross,toward_S4,2.807143996992925
7,cx30,2024-03-29 23:29:26+00:00,40.288511,-88.126169,28.483077031038334,2240.0,12.566042281817396,rs3,5.563787921111432,33.44847635810258,27.884688436991148,3,5.563787921111432,50.85433966717614,45.29055174606471,26.33125891160298,positive_cross,toward_S4,3.0398484836932473
7,cx30,2024-03-29 23:29:27+00:00,40.288399,-88.12617,40.93641243664839,2241.0,12.453335405610055,rs3,16.007672017674494,36.32243952601612,20.314767508341625,3,16.007672017674494,38.47637521570749,22.468703198032998,26.33125891160298,positive_cross,toward_S4,3.2704658060193594
7,cx30,2024-03-29 23:29:28+00:00,40.288289,-88.126172,53.16892421771284,2242.0,12.232511781064453,rs1,26.40842564357322,27.93747208954868,1.5290464459754602,4,26.40842564357322,27.93747208954868,1.5290464459754602,80.2309515867141,positive_cross,toward_S4,3.4988513450184953
7,cx30,2024-03-29 23:29:29+00:00,40.28819,-88.126176,64.18155091493168,2243.0,11.012626697218835,rs1,15.831217576908918,36.31432303982351,20.483105462914594,4,15.831217576908918,38.86313347051104,23.031915893602118,80.2309515867141,positive_cross,toward_S4,3.7027888764484738
7,cx30,2024-03-29 23:29:30+00:00,40.288103,-88.126179,73.8585255663321,2244.0,9.676974651400428,rs1,7.609522399820261,32.75532856810052,25.145806168280263,4,7.609522399820261,48.49333548077741,40.883813080957154,80.2309515867141,positive_cross,toward_S4,3.8819921107336666
7,cx30,2024-03-29 23:29:31+00:00,40.288031,-88.126185,81.87243784273554,2245.0,8.013912276403431,rs1,6.605373828720256,31.50110292962905,24.89572910090879,4,6.605373828720256,56.50788517875498,49.90251135003473,80.2309515867141,positive_cross,toward_S4,4.030397893630027
7,cx30,2024-03-29 23:29:32+00:00,40.287965,-88.126203,89.23764963137069,2246.0,7.3652117886351505,rs1,12.591090424038779,31.095129811276326,18.504039387237547,4,12.591090424038779,63.97577080370413,51.384680379665355,80.2309515867141,positive_cross,toward_S4,4.166790704530677
7,cx30,2024-03-29 23:29:33+00:00,40.287909,-88.126239,95.51863385625711,2247.0,6.280984224886424,rs1,19.451428993365177,30.590933652835318,11.139504659470141,4,19.451428993365177,70.56383415260473,51.11240515923955,80.2309515867141,positive_cross,toward_S4,4.28310522721376
7,cx30,2024-03-29 23:29:34+00:00,40.287875,-88.126293,99.38126851370183,2248.0,3.8626346574447155,rs1,25.181053030469727,28.891031523679764,3.7099784932100377,4,25.181053030469727,75.10384571561573,49.92279268514601,80.2309515867141,positive_cross,toward_S4,4.354635498647921
7,cx30,2024-03-29 23:29:35+00:00,40.287865,-88.126361,100.59707976554635,2249.0,1.2158112518445279,rs2,25.542938013692048,29.805411789277773,4.262473775585725,4,25.542938013692048,75.85052987174095,50.307591858048895,80.2309515867141,negative_cross,toward_S4,4.377150521830227
7,cx30,2024-03-29 23:29:36+00:00,40.287883,-88.126426,98.69534954727911,2250.0,-1.9017302182672466,rs2,20.649299135628183,32.692648527794894,12.04334939216671,4,20.649299135628183,72.823483259748,52.17418412411982,80.2309515867141,negative_cross,toward_S1,4.341933295566019
7,cx30,2024-03-29 23:29:37+00:00,40.287915,-88.126479,95.21878314497549,2251.0,-3.476566402303618,rs2,15.355232179020856,34.682501669554156,19.3272694905333,4,15.355232179020856,68.70370003602932,53.34846785700846,80.2309515867141,negative_cross,toward_S1,4.2775524362640995
7,cx30,2024-03-29 23:29:38+00:00,40.287958,-88.126516,90.49479088623414,2252.0,-4.723992258741347,rs2,9.724046675583379,35.780355208750976,26.056308533167595,4,9.724046675583379,63.67706640228223,53.95301972669885,80.2309515867141,negative_cross,toward_S1,4.19007109813926
7,cx30,2024-03-29 23:29:39+00:00,40.288014,-88.126529,84.2887787630544,2253.0,-6.206012123179747,rs2,3.6858411443233665,35.497536846180864,31.8116957018575,4,3.6858411443233665,57.396474102042745,53.710632957719376,80.2309515867141,negative_cross,toward_S1,4.0751449477100055
7,cx30,2024-03-29 23:29:40+00:00,40.288075,-88.126519,77.49169148477458,2254.0,-6.797087278279818,rs2,5.014938837090905,34.41178880218705,29.39684996509614,4,5.014938837090905,50.67582427256018,45.660885435469275,80.2309515867141,negative_cross,toward_S1,3.949272961075194
7,cx30,2024-03-29 23:29:41+00:00,40.288142,-88.126516,70.03825350515707,2255.0,-7.4534379796175045,rs2,11.854901830500149,35.41582439767762,23.56092256717747,4,11.854901830500149,43.26931962737698,31.414417796876833,80.2309515867141,negative_cross,toward_S1,3.811246331823018
7,cx30,2024-03-29 23:29:42+00:00,40.288215,-88.126518,61.925404738479976,2256.0,-8.112848766677097,rs2,19.74217592258399,35.17278653587451,15.430610613290519,4,19.74217592258399,35.17278653587451,15.430610613290519,80.2309515867141,negative_cross,toward_S1,3.661008391699368
7,cx30,2024-03-29 23:29:43+00:00,40.288293,-88.126525,53.26432201801348,2257.0,-8.661082720466496,rs5,26.48570008552662,28.27477705700838,1.7890769714817587,3,26.48570008552662,28.27477705700838,1.7890769714817587,26.33125891160298,negative_cross,toward_S1,3.4987604278964906
7,cx30,2024-03-29 23:29:44+00:00,40.288379,-88.126529,43.70923450084152,2258.0,-9.555087517171962,rs5,16.968180754541365,37.78687057249014,20.818689817948773,3,16.968180754541365,37.78687057249014,20.818689817948773,26.33125891160298,negative_cross,toward_S1,3.3218143627636767
7,cx30,2024-03-29 23:29:45+00:00,40.288469,-88.126524,33.695669262944435,2259.0,-10.013565237897083,rs5,7.470091898771928,35.72435981504433,28.254267916272404,3,7.470091898771928,47.80486591634548,40.33477401757355,26.33125891160298,negative_cross,toward_S1,3.136377969469286
7,cx30,2024-03-29 23:29:46+00:00,40.28856,-88.126503,23.54644650571864,2260.0,-10.149222757225793,rs5,6.088350220443078,33.2640010030548,27.175650782611722,3,6.088350220443078,50.67358794889311,44.58523772845003,26.33125891160298,negative_cross,toward_S1,2.948429399891031
7,cx30,2024-03-29 23:29:47+00:00,40.288647,-88.126477,13.834280868156783,2261.0,-9.712165637561858,rs5,14.957068370794994,33.322323083031975,18.365254712236982,3,14.957068370794994,41.160760782245674,26.20369241145068,26.33125891160298,negative_cross,toward_S1,2.7685744806769224
7,cx30,2024-03-29 23:29:48+00:00,40.288733,-88.126448,4.2287019352930955,2262.0,-9.605578932863688,rs5,24.641410736573757,32.059566337227935,7.418155600654178,3,24.641410736573757,32.059566337227935,7.418155600654178,26.33125891160298,negative_cross,toward_S1,2.590693389327595
7,cx30,2024-03-29 23:29:49+00:00,40.288818,-88.126425,-5.256519906213996,2263.0,-9.48522184150709,rs7,23.506590543516822,34.15404263110504,10.64745208758822,2,23.506590543516822,34.15404263110504,10.64745208758822,-27.632700444717127,negative_cross,toward_S1,2.414373713675984
7,cx30,2024-03-29 23:29:50+00:00,40.288902,-88.126421,-14.601494099776815,2264.0,-9.34497419356282,rs7,15.349952739497917,28.914365672534302,13.564412933036385,2,15.349952739497917,43.14676876590837,27.796816026410454,-27.632700444717127,negative_cross,toward_S1,2.241318636017413
7,cx30,2024-03-29 23:29:51+00:00,40.288988,-88.126427,-24.15352153197328,2265.0,-9.552027432196464,rs7,8.795925854045528,26.4965165408104,17.700590686764873,2,8.795925854045528,52.28785635549298,43.49193050144745,-27.632700444717127,negative_cross,toward_S1,2.064429239124886
7,cx30,2024-03-29 23:29:52+00:00,40.289072,-88.126437,-33.47707512449665,2266.0,-9.323553592523371,rs7,9.72791850508787,27.69981269834624,17.971894193258372,2,9.72791850508787,45.08759644924565,35.35967794415778,-27.632700444717127,negative_cross,toward_S1,1.891770839263342
7,cx30,2024-03-29 23:29:53+00:00,40.289162,-88.126444,-43.47227984786621,2267.0,-9.995204723369561,rs7,17.682090991697645,31.857985012247827,14.175894020550182,2,17.682090991697645,35.06216568876897,17.380074697071326,-27.632700444717127,negative_cross,toward_S1,1.706674455497239
7,cx30,2024-03-29 23:29:54+00:00,40.289255,-88.126447,-53.8071352434979,2268.0,-10.334855395631692,rs10,24.74155435912777,27.455747367054723,2.714193007926955,1,24.74155435912777,27.455747367054723,2.714193007926955,-78.92951005359993,negative_cross,toward_S1,1.4652291631500374
7,cx30,2024-03-29 23:29:55+00:00,40.289349,-88.126446,-64.25928764472071,2269.0,-10.452152401222811,rs10,14.411448960267968,31.086490755446142,16.675041795178174,1,14.411448960267968,37.706049000378876,23.294600040110907,-78.92951005359993,negative_cross,toward_S1,1.271670785349615
7,cx30,2024-03-29 23:29:56+00:00,40.289437,-88.12644,-74.0520292580722,2270.0,-9.792741613351481,rs10,5.4645939254876055,27.302586269886866,21.83799234439926,1,5.4645939254876055,47.446319698545075,41.98172577305747,-78.92951005359993,negative_cross,toward_S1,1.0903237184356986
7,cx30,2024-03-29 23:29:57+00:00,40.289518,-88.126431,-83.07112316528486,2271.0,-9.019093907212664,rs10,6.189002085590671,26.38940273745568,20.20040065186501,1,6.189002085590671,56.47102946756625,50.282027381975574,-78.92951005359993,negative_cross,toward_S1,0.9233034608947235
7,cx30,2024-03-29 23:29:58+00:00,40.289585,-88.126423,-90.53221135926162,2272.0,-7.461088193976764,rs10,13.011043631776737,27.87476696601531,14.863723334238575,1,13.011043631776737,63.94584446710637,50.93480083532963,-78.92951005359993,negative_cross,toward_S1,0.7851351610062649
7,cx30,2024-03-29 23:29:59+00:00,40.28964,-88.126393,-96.69283849281321,2273.0,-6.160627133551586,rs10,19.635945002464602,28.845017558984363,9.20907255651976,1,19.635945002464602,70.37041564273822,50.73447064027362,-78.92951005359993,negative_cross,toward_S1,0.6710494733479022
7,cx30,2024-03-29 23:30:00+00:00,40.289676,-88.126342,-100.77323668903801,2274.0,-4.080398196224806,rs10,25.0890268667451,28.458881880685954,3.369855013940853,1,25.0890268667451,75.09723600918147,50.00820914243637,-78.92951005359993,negative_cross,toward_S1,0.5954865437881836
7,cx30,2024-03-29 23:30:01+00:00,40.289687,-88.12628,-102.09104451694346,2275.0,-1.3178078279054404,rs8,26.400612542827403,28.901807103466062,2.501194560638659,1,26.400612542827403,75.41285751071544,49.01224496788804,-78.92951005359993,positive_cross,toward_S1,0.5710826951232679
7,cx30,2024-03-29 23:30:02+00:00,40.289671,-88.12622,-100.40401775171262,2276.0,1.68702676523084,rs8,22.577489689672973,30.867381665925617,8.289891976252644,1,22.577489689672973,72.88351372468875,50.30602403501578,-78.92951005359993,positive_cross,toward_S4,0.6023239315164317
7,cx30,2024-03-29 23:30:03+00:00,40.289634,-88.126176,-96.35779679537012,2277.0,4.046220956342495,rs8,17.502673050847434,31.133605946878642,13.630932896031208,1,17.502673050847434,68.42810413253329,50.92543108168586,-78.92951005359993,positive_cross,toward_S4,0.677253949226478
7,cx30,2024-03-29 23:30:04+00:00,40.289579,-88.126165,-90.25990141973864,2278.0,6.097895375631481,rs8,11.367471547408504,28.99486050662085,17.627388959212347,1,11.367471547408504,62.26104839231672,50.89357684490821,-78.92951005359993,positive_cross,toward_S4,0.7901779376640979
7,cx30,2024-03-29 23:30:05+00:00,40.289518,-88.126169,-83.47199439871174,2279.0,6.787907021026896,rs8,5.572110201364061,26.710723435458387,21.138613234094326,1,5.572110201364061,55.5177660818738,49.94565588050974,-78.92951005359993,positive_cross,toward_S4,0.9158799195349664
7,cx30,2024-03-29 23:30:06+00:00,40.289454,-88.126173,-76.35055687697533,2280.0,7.121437521736411,rs8,5.20837420123167,26.077772104863204,20.869397903631533,1,5.20837420123167,48.456244169472726,43.247869968241055,-78.92951005359993,positive_cross,toward_S4,1.0477583921597147
7,cx30,2024-03-29 23:30:07+00:00,40.289383,-88.126172,-68.4585317348221,2281.0,7.89202514215323,rs8,11.731319584610617,28.02946165174153,16.298142067130915,1,11.731319584610617,40.593906368476006,28.86258678386539,-78.92951005359993,positive_cross,toward_S4,1.193907005903293
7,cx30,2024-03-29 23:30:08+00:00,40.289308,-88.126172,-60.12026921496204,2282.0,8.33826251986006,rs8,19.76246674196707,32.06252058505542,12.300053843088346,1,19.76246674196707,32.3199450555653,12.557478313598228,-78.92951005359993,positive_cross,toward_S4,1.3483192747895905
7,cx30,2024-03-29 23:30:09+00:00,40.289226,-88.126169,-51.00835898894144,2283.0,9.111910226020605,rs6,23.28023018826543,28.71124821882064,5.431018030555208,2,23.28023018826543,28.71124821882064,5.431018030555208,-27.632700444717127,positive_cross,toward_S4,1.5671174343662164
7,cx30,2024-03-29 23:30:10+00:00,40.289139,-88.126166,-41.340564594793896,2284.0,9.667794394147542,rs6,13.815807626831823,33.36773270314762,19.551925076315793,2,13.815807626831823,38.29771252616251,24.48190489933069,-27.632700444717127,positive_cross,toward_S4,1.7461506638874673
7,cx30,2024-03-29 23:30:11+00:00,40.289046,-88.126165,-31.0026491134185,2285.0,10.337915481375397,rs6,4.927517006740858,30.67458835123509,25.747071344494234,2,4.927517006740858,48.59953599527239,43.67201898853153,-27.632700444717127,positive_cross,toward_S4,1.937593543172197
7,cx30,2024-03-29 23:30:12+00:00,40.288948,-88.126165,-20.107319421022577,2286.0,10.895329692395922,rs6,9.001120726230939,31.389569831658164,22.388449105427227,2,9.001120726230939,46.04369233047137,37.042571604240436,-27.632700444717127,positive_cross,toward_S4,2.139358907846195
7,cx30,2024-03-29 23:30:13+00:00,40.288846,-88.126165,-8.767282394581708,2287.0,11.34003702644087,rs6,19.810359368982756,34.76995354360125,14.959594174618491,2,19.810359368982756,34.76995354360125,14.959594174618491,-27.632700444717127,positive_cross,toward_S4,2.3493595935210263
7,cx30,2024-03-29 23:30:14+00:00,40.288738,-88.126164,3.238285590449715,2288.0,12.005567985031423,rs3,22.893522867808283,31.656054575693744,8.762531707885461,3,22.893522867808283,31.656054575693744,8.762531707885461,26.33125891160298,positive_cross,toward_S4,2.572352345904569
7,cx30,2024-03-29 23:30:15+00:00,40.288628,-88.126165,15.469267328642308,2289.0,12.230981738192593,rs3,11.170431966137084,35.463489690694644,24.29305772455756,3,11.170431966137084,43.83010176607907,32.65966979994198,26.33125891160298,positive_cross,toward_S4,2.7988520077229504
7,cx30,2024-03-29 23:30:16+00:00,40.288516,-88.126164,27.91954264850865,2290.0,12.450275319866341,rs3,4.925797047469234,33.842857493731266,28.91706044626203,3,4.925797047469234,51.3715377885498,46.44574074108057,26.33125891160298,positive_cross,toward_S4,3.0294126617945496
7,cx30,2024-03-29 23:30:17+00:00,40.288404,-88.126164,40.371348011246845,2291.0,12.451805362738195,rs3,15.325550806887188,36.57403679810473,21.248485991217542,3,15.325550806887188,38.969866220166935,23.64431541327975,26.33125891160298,positive_cross,toward_S4,3.260001649993405
7,cx30,2024-03-29 23:30:18+00:00,40.288296,-88.126165,52.379976082021976,2292.0,12.008628070775131,rs3,27.067597055822144,27.072975743337047,0.005378687514902225,3,27.067597055822144,27.072975743337047,0.005378687514902225,26.33125891160298,positive_cross,toward_S4,3.4823836513040556
7,cx30,2024-03-29 23:30:19+00:00,40.28819,-88.126169,64.17084061480692,2293.0,11.790864532784944,rs1,15.644553989212266,36.84275585940213,21.198201870189866,4,15.644553989212266,38.784871394564824,23.140317405352558,80.2309515867141,positive_cross,toward_S4,3.7025905375572745
7,cx30,2024-03-29 23:30:20+00:00,40.288096,-88.126177,74.63370331536454,2294.0,10.462862700557622,rs1,6.962880498746255,32.763943707137514,25.80106320839126,4,6.962880498746255,49.247436240395935,42.28455574164968,80.2309515867141,positive_cross,toward_S4,3.8963472542342674
7,cx30,2024-03-29 23:30:21+00:00,40.288013,-88.126187,83.87668093286652,2295.0,9.242977617501978,rs1,7.791484808375246,31.45846768699273,23.666982878617482,4,7.791484808375246,58.516532658043786,50.72504784966854,80.2309515867141,positive_cross,toward_S4,4.06751350641023
7,cx30,2024-03-29 23:30:22+00:00,40.287952,-88.126204,90.68447851127108,2296.0,6.807797578404561,rs1,13.823384731910435,31.432682316622238,17.609297584711804,4,13.823384731910435,65.42147012713835,51.59808539522791,80.2309515867141,positive_cross,toward_S4,4.19358383193624
7,cx30,2024-03-29 23:30:23+00:00,40.287894,-88.126243,97.19240653142234,2297.0,6.507928020151255,rs1,21.044949318291554,31.12916740520869,10.084218086917137,4,21.044949318291554,72.26451181232447,51.219562494032914,80.2309515867141,positive_cross,toward_S4,4.314101017494597
7,cx30,2024-03-29 23:30:24+00:00,40.287859,-88.126296,101.1646879800771,2298.0,3.972281448654769,rs1,26.768931030005906,29.863706892816555,3.09477586281065,4,26.768931030005906,76.89802420534889,50.12909317534299,80.2309515867141,positive_cross,toward_S4,4.387661785062278
7,cx30,2024-03-29 23:30:25+00:00,40.287847,-88.126357,102.59214259842445,2299.0,1.4274546183473404,rs2,27.307421922639858,31.03554259403217,3.728120671392311,4,27.307421922639858,77.87767337537028,50.57025145273042,80.2309515867141,negative_cross,toward_S4,4.414096129846488
7,cx30,2024-03-29 23:30:26+00:00,40.287862,-88.126421,101.02241283880646,2300.0,-1.569729759617985,rs2,22.86742062286277,33.78955867483419,10.92213805197142,4,22.86742062286277,75.19698971463664,52.32956909177388,80.2309515867141,negative_cross,toward_S1,4.3850270602239325
7,cx30,2024-03-29 23:30:27+00:00,40.287896,-88.126471,97.31890263965812,2301.0,-3.70351019914834,rs2,17.558662459198867,35.09887728738053,17.540214828181664,4,17.558662459198867,70.87719988156086,53.318537422361985,80.2309515867141,negative_cross,toward_S1,4.316443538017482
7,cx30,2024-03-29 23:30:28+00:00,40.28794,-88.126505,92.47914341977743,2302.0,-4.8397592198806905,rs2,11.927382230987806,35.56675505973008,23.63937282874227,4,11.927382230987806,65.738076278959,53.8106940479712,80.2309515867141,negative_cross,toward_S1,4.226818367278951
7,cx30,2024-03-29 23:30:29+00:00,40.287998,-88.126517,86.04924758551837,2303.0,-6.429895834259057,rs2,5.720514253126409,34.77247517272396,29.051960919597548,4,5.720514253126409,59.23161121580588,53.51109696267947,80.2309515867141,negative_cross,toward_S1,4.107746222200079
7,cx30,2024-03-29 23:30:30+00:00,40.288063,-88.126517,78.82275340195567,2304.0,-7.226494183562707,rs2,4.196015373550834,34.18472656027328,29.988711186722448,4,4.196015373550834,52.01940402754447,47.82338865399363,80.2309515867141,negative_cross,toward_S1,3.973922255837807
7,cx30,2024-03-29 23:30:31+00:00,40.288128,-88.126513,71.59013904688379,2305.0,-7.232614355071874,rs2,10.459117599708977,34.77818793693136,24.319070337222385,4,10.459117599708977,44.843348440977735,34.38423084126876,80.2309515867141,negative_cross,toward_S1,3.8399849529661054
7,cx30,2024-03-29 23:30:32+00:00,40.288201,-88.126508,63.466579980060196,2306.0,-8.123559066823596,rs2,18.377414156409046,36.818244570978095,18.44083041456905,4,18.377414156409046,36.818244570978095,18.44083041456905,80.2309515867141,negative_cross,toward_S1,3.6895486739508536
7,cx30,2024-03-29 23:30:33+00:00,40.288278,-88.126505,54.90137366493534,2307.0,-8.565206315124854,rs2,26.835527503526528,28.384680065567434,1.5491525620409057,4,26.835527503526528,28.384680065567434,1.5491525620409057,80.2309515867141,negative_cross,toward_S1,3.530933742189282
7,cx30,2024-03-29 23:30:34+00:00,40.288361,-88.1265,45.666046261814415,2308.0,-9.235327403120927,rs5,19.466662186263477,36.03054833982704,16.563886153563566,3,19.466662186263477,36.03054833982704,16.563886153563566,26.33125891160298,negative_cross,toward_S1,3.358051617596508
7,cx30,2024-03-29 23:30:35+00:00,40.288449,-88.126498,35.8794248199721,2309.0,-9.786621441842314,rs5,10.484136267651184,34.132927826849816,23.64879155919863,3,10.484136267651184,45.7689251184304,35.28478885077922,26.33125891160298,negative_cross,toward_S1,3.176817887192021
7,cx30,2024-03-29 23:30:36+00:00,40.288542,-88.126493,25.53232908134381,2310.0,-10.34709573862829,rs5,6.060857094766011,32.31518134094426,26.254324246178246,3,6.060857094766011,52.71036543693555,46.64950834216953,26.33125891160298,negative_cross,toward_S1,2.985205003143349
7,cx30,2024-03-29 23:30:37+00:00,40.288642,-88.126481,14.396285207024656,2311.0,-11.136043874319155,rs5,14.306153549678726,33.43766270440662,19.131509154727894,3,14.306153549678726,41.682998222093744,27.376844672415018,26.33125891160298,negative_cross,toward_S1,2.778981968433735
7,cx30,2024-03-29 23:30:38+00:00,40.288747,-88.126462,2.6936468652220573,2312.0,-11.702638341802599,rs5,25.660926650232447,30.306522226761096,4.645595576528649,3,25.660926650232447,30.306522226761096,4.645595576528649,26.33125891160298,negative_cross,toward_S1,2.5622664435855382
7,cx30,2024-03-29 23:30:39+00:00,40.288857,-88.126446,-9.56028551611363,2313.0,-12.253932381335687,rs7,18.818685199545463,33.26587305471912,14.44718785517366,2,18.818685199545463,37.7545655382523,18.935880338706838,-27.632700444717127,negative_cross,toward_S1,2.3346743505296943
7,cx30,2024-03-29 23:30:40+00:00,40.288972,-88.126435,-22.36245185121695,2314.0,-12.802166335103319,rs7,8.977603689636046,27.461867682606066,18.48426399297002,2,8.977603689636046,50.40327809947482,41.42567440983877,-27.632700444717127,negative_cross,toward_S1,2.097597196175929
7,cx30,2024-03-29 23:30:41+00:00,40.289089,-88.12643,-35.37779159569487,2315.0,-13.015339744477924,rs7,11.454584564766556,27.5812243117427,16.126639746976146,2,11.454584564766556,43.25595549922161,31.801370934455058,-27.632700444717127,negative_cross,toward_S1,1.8565723860930048
7,cx30,2024-03-29 23:30:42+00:00,40.289202,-88.12643,-47.940773792536774,2316.0,-12.5629821968419,rs7,22.253884069265464,30.769280274100037,8.515396204834573,2,22.253884069265464,30.769280274100037,8.515396204834573,-27.632700444717127,negative_cross,toward_S1,1.6239245676329694
7,cx30,2024-03-29 23:30:43+00:00,40.289309,-88.12643,-59.83669498712631,2317.0,-11.895921194589533,rs10,19.04519194486332,32.32920669470807,13.28401474984475,1,19.04519194486332,33.63264303544859,14.587451090585269,-78.92951005359993,negative_cross,toward_S1,1.353570649379141
7,cx30,2024-03-29 23:30:44+00:00,40.289397,-88.126432,-69.61719625748117,2318.0,-9.780501270354861,rs10,9.659484563063472,27.813397745257767,18.153913182194295,1,9.659484563063472,43.17127358904265,33.511789025979176,-78.92951005359993,negative_cross,toward_S1,1.1724502554836806
7,cx30,2024-03-29 23:30:45+00:00,40.289479,-88.126431,-78.73522665498925,2319.0,-9.118030397508079,rs10,4.085171022237141,26.082295046443132,21.99712402420599,1,4.085171022237141,52.17957343505892,48.09440241282178,-78.92951005359993,negative_cross,toward_S1,1.0035978407150126
7,cx30,2024-03-29 23:30:46+00:00,40.289551,-88.126426,-86.74760888849909,2320.0,-8.01238223350984,rs10,9.466929056889033,26.785871427352042,17.31894237046301,1,9.466929056889033,60.16479710062964,50.69786804374061,-78.92951005359993,negative_cross,toward_S1,0.8552203919463118
7,cx30,2024-03-29 23:30:47+00:00,40.289613,-88.126408,-93.66811334308927,2321.0,-6.920504454590187,rs10,16.37510184852961,28.19864267024044,11.823540821710829,1,16.37510184852961,67.20825144785981,50.8331495993302,-78.92951005359993,negative_cross,toward_S1,0.7270629020464936
7,cx30,2024-03-29 23:30:48+00:00,40.28966,-88.126366,-98.95768632224501,2322.0,-5.289572979155736,rs10,22.58983693177676,28.562224212699377,5.972387280922618,1,22.58983693177676,72.95452047221531,50.36468354043855,-78.92951005359993,negative_cross,toward_S1,0.6291078468769429
7,cx30,2024-03-29 23:30:49+00:00,40.289691,-88.126315,-102.4822003503212,2323.0,-3.524514028076183,rs10,27.657418409986615,28.374672117763684,0.7172537077770684,1,27.657418409986615,76.44552002505175,48.78810161506513,-78.92951005359993,negative_cross,toward_S1,0.5638390685792358
7,cx30,2024-03-29 23:30:50+00:00,40.289694,-88.126256,-102.90600338073115,2324.0,-0.4238030304099567,rs8,26.138993970217314,30.746559683100045,4.607565712882732,1,26.138993970217314,75.8366267973638,49.69763282714649,-78.92951005359993,positive_cross,ambiguous,0.5559908643123848
7,cx30,2024-03-29 23:30:51+00:00,40.289671,-88.126201,-100.43308856636489,2325.0,2.4729148143662627,rs8,22.044802539593633,32.034948930312886,9.990146390719254,1,22.044802539593633,72.70897812610295,50.664175586509316,-78.92951005359993,positive_cross,toward_S4,0.6017855830969452
7,cx30,2024-03-29 23:30:52+00:00,40.289631,-88.126164,-96.04262680914472,2326.0,4.390461757220166,rs8,16.945252271176084,31.797385380395873,14.852133109219789,1,16.945252271176084,68.02880379265511,51.08355152147902,-78.92951005359993,positive_cross,toward_S4,0.6830904304528742
7,cx30,2024-03-29 23:30:53+00:00,40.289506,-88.126156,-82.15776295318629,2327.0,13.884863855958429,rs8,3.8472682723216822,27.60502600474391,23.757757732422228,1,3.8472682723216822,54.109681405004864,50.26241313268318,-78.92951005359993,positive_cross,toward_S4,0.9402175388965488
7,cx30,2024-03-29 23:30:54+00:00,40.289435,-88.126156,-74.26420776737123,2328.0,7.89355518581506,rs8,5.8866346855474125,27.78265478363483,21.896020098087416,1,5.8866346855474125,46.22938390551955,40.342749219972134,-78.92951005359993,positive_cross,toward_S4,1.0863944867820128
7,cx30,2024-03-29 23:30:55+00:00,40.289362,-88.126152,-66.15441908641608,2329.0,8.109788680955148,rs8,13.541017180823037,30.508258883698957,16.96724170287592,1,13.541017180823037,38.10684896006215,24.565831779239115,-78.92951005359993,positive_cross,toward_S4,1.2365757586515527
7,cx30,2024-03-29 23:30:56+00:00,40.289283,-88.126152,-57.37144923251108,2330.0,8.782969853905001,rs8,22.24269168103124,29.35349322603798,7.1108015450067406,1,22.24269168103124,29.35349322603798,7.1108015450067406,-78.92951005359993,positive_cross,toward_S4,1.3992233485386822
7,cx30,2024-03-29 23:30:57+00:00,40.289199,-88.126154,-48.02953512550368,2331.0,9.341914107007405,rs6,20.103646397656124,31.56037607623695,11.456729678580825,2,20.103646397656124,31.56037607623695,11.456729678580825,-27.632700444717127,positive_cross,toward_S4,1.6222808392446935
7,cx30,2024-03-29 23:30:58+00:00,40.289109,-88.126156,-38.02056001624392,2332.0,10.008975109259758,rs6,10.379232397732546,32.93968602578025,22.560453628047703,2,10.379232397732546,41.55619790767935,31.176965509946804,-27.632700444717127,positive_cross,toward_S4,1.8076322301569112
7,cx30,2024-03-29 23:31:00+00:00,40.289012,-88.126159,-27.23181702852443,2334.0,5.394371493859746,rs6,3.6346196176088807,30.995175777357318,27.360556159748437,2,3.6346196176088807,52.34037848535271,48.705758867743825,-27.632700444717127,positive_cross,toward_S4,2.0074237669665314
7,cx30,2024-03-29 23:31:01+00:00,40.288909,-88.126159,-15.780603167979852,2335.0,11.451213860544577,rs6,12.878854332907208,33.17166725804426,20.29281292513705,2,12.878854332907208,41.67700284361405,28.798148510706838,-27.632700444717127,positive_cross,toward_S4,2.219483282902542
7,cx30,2024-03-29 23:31:02+00:00,40.288802,-88.126159,-3.8846819733903186,2336.0,11.895921194589533,rs6,24.544464555114534,29.85146135797752,5.306996802862987,2,24.544464555114534,29.85146135797752,5.306996802862987,-27.632700444717127,positive_cross,toward_S4,2.4397781198393855
7,cx30,2024-03-29 23:31:03+00:00,40.288692,-88.126159,8.344769721930417,2337.0,12.229451695320735,rs3,17.7998330952909,36.69522679551086,18.895393700219962,3,17.7998330952909,36.69522679551086,18.895393700219962,26.33125891160298,positive_cross,toward_S4,2.6669168668579157
7,cx30,2024-03-29 23:31:04+00:00,40.28858,-88.126161,20.799635169622366,2338.0,12.45486544769195,rs3,6.410406201363173,34.52633177533025,28.115925573967075,3,6.410406201363173,49.12228283778413,42.71187663642095,26.33125891160298,positive_cross,toward_S4,2.897562523296655
7,cx30,2024-03-29 23:31:05+00:00,40.288464,-88.12616,33.694617824323615,2339.0,12.894982654701248,rs3,8.976633778392527,34.91555698053688,25.938923202144352,3,8.976633778392527,45.579658629821736,36.60302485142921,26.33125891160298,positive_cross,toward_S4,3.1363584983837156
7,cx30,2024-03-29 23:31:06+00:00,40.288359,-88.12616,45.36818535149569,2340.0,11.673567527172075,rs3,20.10043778780812,33.95801178751243,13.857573999704314,3,20.10043778780812,33.95801178751243,13.857573999704314,26.33125891160298,positive_cross,toward_S4,3.352535674812828
7,cx30,2024-03-29 23:31:07+00:00,40.288261,-88.126164,56.26963521540079,2341.0,10.9014498639051,rs1,23.222383116437904,30.901367897040178,7.678984780602274,4,23.222383116437904,30.901367897040178,7.678984780602274,80.2309515867141,positive_cross,toward_S4,3.5562719190497534
7,cx30,2024-03-29 23:31:08+00:00,40.288168,-88.126168,66.61520091115722,2342.0,10.345565695756427,rs1,13.298629667340798,35.87829367618806,22.57966400884726,4,13.298629667340798,41.20417557776019,27.90554591041939,80.2309515867141,positive_cross,toward_S4,3.747856468971169
7,cx30,2024-03-29 23:31:09+00:00,40.288081,-88.126174,76.29676569119495,2343.0,9.681564780037732,rs1,5.801789031436491,32.739537393869796,26.937748362433304,4,5.801789031436491,50.87888281987857,45.07709378844208,80.2309515867141,positive_cross,toward_S4,3.9271447056385345
7,cx30,2024-03-29 23:31:10+00:00,40.288008,-88.126186,84.4310350581433,2344.0,8.134269366948345,rs1,8.078252655353563,31.600530669344742,23.52227801399118,4,8.078252655353563,59.06035971010733,50.98210705475377,80.2309515867141,positive_cross,toward_S4,4.077779323544985
7,cx30,2024-03-29 23:31:11+00:00,40.287946,-88.126205,91.35306955560533,2345.0,6.922034497462036,rs1,14.430046021678686,31.566536645956933,17.136490624278245,4,14.430046021678686,66.09418296330486,51.664136941626175,80.2309515867141,positive_cross,toward_S4,4.205965147572059
7,cx30,2024-03-29 23:31:12+00:00,40.287895,-88.126244,97.08275974098042,2346.0,5.729690185375091,rs1,20.994354293847678,30.998822287261,10.004467993413321,4,20.994354293847678,72.16770467656883,51.17335038272115,80.2309515867141,positive_cross,toward_S4,4.312070521375302
7,cx30,2024-03-29 23:31:13+00:00,40.287861,-88.126297,100.94386435553153,2347.0,3.8611046145511096,rs1,26.63674113856978,29.651325942769684,3.014584804199906,4,26.63674113856978,76.69750629213713,50.06076515356736,80.2309515867141,positive_cross,toward_S4,4.383572458681805
7,cx30,2024-03-29 23:31:14+00:00,40.287853,-88.126361,101.93120176847118,2348.0,0.9873374129396524,rs2,26.573538792803788,30.769547923471734,4.196009130667946,4,26.573538792803788,77.15148858323013,50.577949790426345,80.2309515867141,negative_cross,toward_S4,4.401856484847354
7,cx30,2024-03-29 23:31:15+00:00,40.287872,-88.126419,99.90758441676542,2349.0,-2.0236173517057665,rs2,22.001313888162958,32.95815070528916,10.956836817126199,4,22.001313888162958,74.12688701680159,52.125573128638635,80.2309515867141,negative_cross,toward_S1,4.364382089445395
7,cx30,2024-03-29 23:31:16+00:00,40.287904,-88.12646,96.41265749993427,2350.0,-3.4949269168311474,rs2,17.174479121012528,33.84490314503821,16.67042402402568,4,17.174479121012528,70.10246064083775,52.927981519825224,80.2309515867141,negative_cross,toward_S1,4.299661220615189
7,cx30,2024-03-29 23:31:17+00:00,40.287936,-88.126496,92.91008036795391,2351.0,-3.5025771319803596,rs2,12.63138058530765,35.02269276189304,22.39131217658539,4,12.63138058530765,66.24242762056564,53.61104703525798,80.2309515867141,negative_cross,toward_S1,4.2347986811340705
7,cx30,2024-03-29 23:31:18+00:00,40.287976,-88.126518,88.49666796761238,2352.0,-4.413412400341528,rs2,7.807944694889243,35.38824193002846,27.580297235139213,4,7.807944694889243,61.66834190737665,53.860397212487406,80.2309515867141,negative_cross,toward_S1,4.153068821868486
7,cx30,2024-03-29 23:31:19+00:00,40.288028,-88.126524,82.72465287833109,2353.0,-5.772015089281297,rs2,3.028082080524071,34.90523746715624,31.877155386632168,4,3.028082080524071,55.86446769312043,52.83638561259636,80.2309515867141,negative_cross,toward_S1,4.046179653548463
7,cx30,2024-03-29 23:31:20+00:00,40.288087,-88.126514,76.1499192674687,2354.0,-6.574733610862381,rs2,6.3406035436625725,34.098730418811286,27.75812687514871,4,6.3406035436625725,49.378289368179765,43.03768582451719,80.2309515867141,negative_cross,toward_S1,3.9244253274213814
7,cx30,2024-03-29 23:31:21+00:00,40.288153,-88.126509,68.80459803542128,2355.0,-7.345321232047425,rs2,13.199165756083108,35.20121372680149,22.002047970718383,4,13.199165756083108,42.11094541066898,28.911779654585875,80.2309515867141,negative_cross,toward_S1,3.788400860161244
7,cx30,2024-03-29 23:31:22+00:00,40.288226,-88.126506,60.684099054363124,2356.0,-8.120498981058155,rs2,21.13116180375982,34.084842651461265,12.953680847701445,4,21.13116180375982,34.084842651461265,12.953680847701445,80.2309515867141,negative_cross,toward_S1,3.638021249400908
7,cx30,2024-03-29 23:31:23+00:00,40.288308,-88.126504,51.56453861396148,2357.0,-9.119560440401642,rs5,25.120719665466048,30.145629178600714,5.024909513134666,3,25.120719665466048,30.145629178600714,5.024909513134666,26.33125891160298,negative_cross,toward_S1,3.4672829574510833
7,cx30,2024-03-29 23:31:24+00:00,40.288393,-88.126507,42.119097887231405,2358.0,-9.445440726730077,rs5,15.885224357578183,37.08060829801396,21.195383940435782,3,15.885224357578183,39.49433925541824,23.60911489784006,26.33125891160298,negative_cross,toward_S1,3.2923673884375635
7,cx30,2024-03-29 23:31:25+00:00,40.288482,-88.12651,32.22894982564467,2359.0,-9.890148061586736,rs5,6.901873817708785,34.28090341562416,27.379029597915373,3,6.901873817708785,49.32847483293597,42.426601015227185,26.33125891160298,negative_cross,toward_S1,3.1092164984081796
7,cx30,2024-03-29 23:31:26+00:00,40.288571,-88.126503,22.323501336107576,2360.0,-9.905448489537093,rs5,6.847867562107626,33.38446580435617,26.53659824224854,3,6.847867562107626,49.450895703733806,42.60302814162618,26.33125891160298,negative_cross,toward_S1,2.9257822671204554
7,cx30,2024-03-29 23:31:27+00:00,40.288657,-88.126492,12.745463175002556,2361.0,-9.57803816110502,rs5,15.401433628227746,34.92100980155546,19.519576173327717,3,15.401433628227746,39.946509098514014,24.545075470286267,26.33125891160298,negative_cross,toward_S1,2.748411190062955
7,cx30,2024-03-29 23:31:28+00:00,40.288743,-88.126484,3.1720151433248094,2362.0,-9.573448031677746,rs5,24.673833336408887,30.479320787116183,5.805487450707297,3,24.673833336408887,30.479320787116183,5.805487450707297,26.33125891160298,negative_cross,toward_S1,2.571125115402256
7,cx30,2024-03-29 23:31:29+00:00,40.288827,-88.126472,-6.185199393234613,2363.0,-9.357214536559422,rs7,21.40881126126998,33.979842776129104,12.571031514859122,2,21.40881126126998,33.979842776129104,12.571031514859122,-27.632700444717127,negative_cross,toward_S1,2.3971759453978243
7,cx30,2024-03-29 23:31:30+00:00,40.288914,-88.126458,-15.8790045162907,2364.0,-9.693805123056087,rs7,12.59332500059253,31.211133971949167,18.617808971356638,2,12.59332500059253,43.68678301566288,31.093458015070354,-27.632700444717127,negative_cross,toward_S1,2.2176610357116004
7,cx30,2024-03-29 23:31:31+00:00,40.289003,-88.126448,-25.789043135255067,2365.0,-9.910038618964368,rs7,6.616474804677566,28.098725192915243,21.482250388237677,2,6.616474804677566,52.68687079385481,46.07039598917724,-27.632700444717127,negative_cross,toward_S1,2.0341418020270754
7,cx30,2024-03-29 23:31:32+00:00,40.289106,-88.126451,-37.23566686637237,2366.0,-11.446623731117302,rs7,11.851068017325453,29.845857282529686,17.994789265204233,2,11.851068017325453,41.23335866297052,29.382290645645064,-27.632700444717127,negative_cross,toward_S1,1.822167288487866
7,cx30,2024-03-29 23:31:33+00:00,40.289201,-88.126452,-47.79593601516523,2367.0,-10.560269148792862,rs7,21.54635167660977,30.683994844495988,9.137643167886218,2,21.54635167660977,30.683994844495988,9.137643167886218,-27.632700444717127,negative_cross,toward_S1,1.6266067486954054
7,cx30,2024-03-29 23:31:34+00:00,40.289294,-88.126454,-58.13232145366877,2368.0,-10.336385438503541,rs10,20.36507362876727,31.567369236726194,11.202295607958924,1,20.36507362876727,31.567369236726194,11.202295607958924,-78.92951005359993,negative_cross,toward_S1,1.3851331222209473
7,cx30,2024-03-29 23:31:35+00:00,40.289377,-88.126452,-67.36305872815238,2369.0,-9.230737274483609,rs10,11.258048333265279,30.20220629512795,18.944157961862672,1,11.258048333265279,40.69552600128029,29.437477668015013,-78.92951005359993,negative_cross,toward_S1,1.2141935430638435
7,cx30,2024-03-29 23:31:36+00:00,40.289457,-88.126442,-76.27250584413318,2370.0,-8.909447115980797,rs10,3.790444464489543,27.154170062411538,23.363725597921995,1,3.790444464489543,49.62239803756238,45.83195357307283,-78.92951005359993,negative_cross,toward_S1,1.0492037816567916
7,cx30,2024-03-29 23:31:37+00:00,40.289529,-88.126424,-84.30477863502067,2371.0,-8.03227279088749,rs10,7.509621193846335,26.02161783428343,18.511996640437093,1,7.509621193846335,57.767190085087925,50.25756889124159,-78.92951005359993,negative_cross,toward_S1,0.9004579892329493
7,cx30,2024-03-29 23:31:38+00:00,40.289585,-88.126397,-90.57199247403864,2372.0,-6.26721383901797,rs10,13.968330020854317,25.88053188086406,11.912201860009741,1,13.968330020854317,64.27950125839102,50.311171237536705,-78.92951005359993,negative_cross,toward_S1,0.7843984736955795
7,cx30,2024-03-29 23:31:39+00:00,40.289641,-88.126347,-96.87439729919629,2373.0,-6.302404825157652,rs10,21.490022726244696,25.938162022624567,4.448139296379871,1,21.490022726244696,71.20145530502197,49.71143257877727,-78.92951005359993,negative_cross,toward_S1,0.667687273229697
7,cx30,2024-03-29 23:31:40+00:00,40.289669,-88.126283,-100.08527138391892,2374.0,-3.210874084722633,rs8,24.828027576184724,27.145260592996664,2.31723301681194,1,24.828027576184724,73.49356872789048,48.66554115170575,-78.92951005359993,positive_cross,toward_S1,0.6082266420311297
7,cx30,2024-03-29 23:31:41+00:00,40.289667,-88.126219,-99.9608404605395,2375.0,0.12443092337942119,rs8,22.132220452210397,30.617637553724006,8.485417101513608,1,22.132220452210397,72.43167392213469,50.299453469924295,-78.92951005359993,positive_cross,ambiguous,0.6105309183900078
7,cx30,2024-03-29 23:31:42+00:00,40.289642,-88.126167,-97.2609818501402,2376.0,2.6998586103993034,rs8,18.194935217722183,32.26747154487865,14.07253632715647,1,18.194935217722183,69.26521471981077,51.07027950208859,-78.92951005359993,positive_cross,toward_S4,0.660528300064069
7,cx30,2024-03-29 23:31:43+00:00,40.289594,-88.126144,-91.95968482379067,2377.0,5.3012970263495305,rs8,12.599043281494435,31.301424722846637,18.702381441352202,1,12.599043281494435,63.83873543233636,51.23969215084192,-78.92951005359993,positive_cross,toward_S4,0.75870046721869
7,cx30,2024-03-29 23:31:44+00:00,40.289533,-88.12615,-85.16871771702002,2378.0,6.790967106770651,rs8,6.119432138844262,28.621491040811218,22.502058901966954,1,6.119432138844262,57.080851893402254,50.961419754557994,-78.92951005359993,positive_cross,toward_S4,0.8844591173440725
7,cx30,2024-03-29 23:31:45+00:00,40.28947,-88.126164,-78.14315660060355,2379.0,7.025561116416469,rs8,3.670305515646692,26.733848877911996,23.063543362265303,1,3.670305515646692,50.162076224249944,46.491770708603255,-78.92951005359993,positive_cross,toward_S4,1.0145621009814145
7,cx30,2024-03-29 23:31:46+00:00,40.289399,-88.126166,-70.2465413298347,2380.0,7.896615270768848,rs8,9.887175614651964,27.905882090629262,18.018706475977297,1,9.887175614651964,42.31003517260134,32.42285955794937,-78.92951005359993,positive_cross,toward_S4,1.1607957171067635
7,cx30,2024-03-29 23:31:47+00:00,40.289318,-88.126168,-61.2381577227468,2381.0,9.0083836070879,rs8,18.60423652443231,31.70873478832869,13.104498263896382,1,18.60423652443231,33.37601217950647,14.771775655074158,-78.92951005359993,positive_cross,toward_S4,1.3276176357565395
7,cx30,2024-03-29 23:31:48+00:00,40.289228,-88.126165,-51.236832827868064,2382.0,10.001324894878735,rs6,23.438174266611743,28.446928349346816,5.008754082735074,2,23.438174266611743,28.446928349346816,5.008754082735074,-27.632700444717127,positive_cross,toward_S4,1.5628864373490567
7,cx30,2024-03-29 23:31:49+00:00,40.289131,-88.126161,-40.45880014029507,2383.0,10.778032687572995,rs6,12.840892862046687,33.401848520626125,20.560955658579438,2,12.840892862046687,39.147012249385575,26.30611938733889,-27.632700444717127,positive_cross,toward_S4,1.762479635267075
7,cx30,2024-03-29 23:31:50+00:00,40.289027,-88.126156,-28.90405966081777,2384.0,11.5547404794773,rs6,3.3396358064257714,31.274613261689044,27.934977455263272,2,3.3396358064257714,50.66037456615686,47.32073875973109,-27.632700444717127,positive_cross,toward_S4,1.9764563108129511
7,cx30,2024-03-29 23:31:51+00:00,40.288915,-88.126152,-16.458374470356965,2385.0,12.445685190460804,rs6,12.081096639575339,33.49910605716264,21.418009417587303,2,12.081096639575339,42.28981248885954,30.2087158492842,-27.632700444717127,positive_cross,toward_S4,2.2069319624881514
7,cx30,2024-03-29 23:31:52+00:00,40.288798,-88.126151,-3.4522149823637123,2386.0,13.006159487993253,rs6,24.898521232707523,29.326645533039194,4.428124300331671,2,24.898521232707523,29.326645533039194,4.428124300331671,-27.632700444717127,positive_cross,toward_S4,2.4477867678213596
7,cx30,2024-03-29 23:31:53+00:00,40.288677,-88.126155,10.006302054077267,2387.0,13.458517036440979,rs3,16.097826978414517,38.27335771024697,22.175530731832453,3,16.097826978414517,38.326705445405324,22.228878466990807,26.33125891160298,positive_cross,toward_S4,2.6976859841198944
7,cx30,2024-03-29 23:31:54+00:00,40.288557,-88.126161,23.356702342948214,2388.0,13.350400288870947,rs3,4.753758625472427,34.20258706361516,29.448828438142733,3,4.753758625472427,51.67364727366452,46.91988864819209,26.33125891160298,positive_cross,toward_S4,2.944915619098986
7,cx30,2024-03-29 23:31:55+00:00,40.288442,-88.126167,36.151218462880536,2389.0,12.794516119932322,rs3,11.442456902922105,34.93527888137438,23.492821978452277,3,11.442456902922105,43.19963524317041,31.75717834024831,26.33125891160298,positive_cross,toward_S4,3.1818511028014362
7,cx30,2024-03-29 23:31:56+00:00,40.28833,-88.126171,48.6091439971279,2390.0,12.457925534247366,rs3,23.44944477853357,30.88764350180915,7.43819872327558,3,23.44944477853357,30.88764350180915,7.43819872327558,26.33125891160298,positive_cross,toward_S4,3.412553427509721
7,cx30,2024-03-29 23:31:57+00:00,40.288225,-88.126174,60.287301653727255,2391.0,11.678157656599353,rs1,19.502158806127706,34.98652401215618,15.484365206028475,4,19.502158806127706,34.98652401215618,15.484365206028475,80.2309515867141,positive_cross,toward_S4,3.6306731493891324
7,cx30,2024-03-29 23:31:58+00:00,40.288131,-88.12618,70.74710426854116,2392.0,10.45980261481391,rs1,10.065442568340883,33.47989790282443,23.41445533448355,4,10.065442568340883,45.412468691451174,35.34702612311029,80.2309515867141,positive_cross,toward_S4,3.8243731978116124
7,cx30,2024-03-29 23:31:59+00:00,40.28805,-88.126182,79.7554878756073,2393.0,9.008383607066136,rs1,5.787241679590642,31.7599461572002,25.972704477609557,4,5.787241679590642,54.37942991725575,48.592188237665106,80.2309515867141,positive_cross,toward_S4,3.991195116460985
7,cx30,2024-03-29 23:32:00+00:00,40.287984,-88.126192,87.10845932124583,2394.0,7.352971445638531,rs1,10.352329635561567,31.511140007036843,21.158810371475276,4,10.352329635561567,61.76912053133804,51.41679089577647,80.2309515867141,positive_cross,toward_S4,4.12736125434318
7,cx30,2024-03-29 23:32:01+00:00,40.287926,-88.126224,93.60567704204055,2395.0,6.497217720794723,rs1,17.172545884430228,30.893680636044714,13.721134751614485,4,17.172545884430228,68.50792227274201,51.33537638831178,80.2309515867141,positive_cross,toward_S4,4.247680101024564
7,cx30,2024-03-29 23:32:02+00:00,40.28788,-88.126276,98.79937361666634,2396.0,5.19369657462579,rs1,23.882191347897887,29.68289786383104,5.800706515933154,4,23.882191347897887,74.27619217915581,50.39400083125793,80.2309515867141,positive_cross,toward_S4,4.343859667221338
7,cx30,2024-03-29 23:32:03+00:00,40.287854,-88.126328,101.76953351946571,2397.0,2.9701599027993666,rs2,28.32087977497173,28.85041545127809,0.5295356763063594,4,28.32087977497173,77.71228892157839,49.39140914660666,80.2309515867141,negative_cross,toward_S4,4.398862628384289
7,cx30,2024-03-29 23:32:04+00:00,40.287847,-88.126396,102.6518142705791,2398.0,0.8822807511133846,rs2,25.39395626843489,33.323891711136035,7.929935442701144,4,25.39395626843489,77.20425506988953,51.810298801454636,80.2309515867141,negative_cross,toward_S4,4.415201160812314
7,cx30,2024-03-29 23:32:05+00:00,40.287862,-88.12646,101.08208451096111,2399.0,-1.569729759617985,rs2,21.40120441489312,36.399807255092135,14.998602840199016,4,21.40120441489312,74.7401290792919,53.33892466439879,80.2309515867141,negative_cross,toward_S1,4.38613209118976
7,cx30,2024-03-29 23:32:06+00:00,40.287898,-88.126504,97.14704038793238,2400.0,-3.9350441230287316,rs2,16.390341963433336,37.435715091102956,21.04537312766962,4,16.390341963433336,70.40348540558371,54.01314344215037,80.2309515867141,negative_cross,toward_S1,4.313260903726264
7,cx30,2024-03-29 23:32:07+00:00,40.287949,-88.126522,91.50456264647062,2401.0,-5.642477741461761,rs2,10.516280939430047,36.57812958947243,26.061848650042386,4,10.516280939430047,64.6471543755052,54.13087343607515,80.2309515867141,negative_cross,toward_S1,4.208770575180676
7,cx30,2024-03-29 23:32:08+00:00,40.288014,-88.126522,84.27806846290791,2402.0,-7.226494183562707,rs2,4.082799602598904,34.90880777310663,30.826008170507727,4,4.082799602598904,57.428947609694895,53.34614800709599,80.2309515867141,negative_cross,toward_S1,4.074946608818404
7,cx30,2024-03-29 23:32:09+00:00,40.288083,-88.126515,76.59615664438554,2403.0,-7.681911818522366,rs2,5.9279656360641635,34.14069046388667,28.212724827822505,4,5.9279656360641635,49.81472530287253,43.886759666808366,80.2309515867141,negative_cross,toward_S1,3.9326889825494713
7,cx30,2024-03-29 23:32:10+00:00,40.28816,-88.126506,68.02177007202954,2404.0,-8.574386572356005,rs2,14.018272196067421,35.2079079653437,21.18963576927628,4,14.018272196067421,41.36570549857971,27.347433302512286,80.2309515867141,negative_cross,toward_S1,3.7739040460243602
7,cx30,2024-03-29 23:32:11+00:00,40.288244,-88.126496,58.667615621213834,2405.0,-9.354154450815706,rs2,23.26692388156271,32.241503484169236,8.974579602606525,4,23.26692388156271,32.241503484169236,8.974579602606525,80.2309515867141,negative_cross,toward_S1,3.600678963601847
7,cx30,2024-03-29 23:32:12+00:00,40.288337,-88.126494,48.32511001120112,2406.0,-10.342505610012715,rs5,22.1750859414091,33.46274143230167,11.287655490892568,3,22.1750859414091,33.46274143230167,11.287655490892568,26.33125891160298,negative_cross,toward_S1,3.407293538881447
7,cx30,2024-03-29 23:32:13+00:00,40.28844,-88.126497,36.87848627929385,2407.0,-11.446623731907266,rs5,11.391168780649233,34.349459438945196,22.958290658295965,3,11.391168780649233,44.783261019604666,33.392092238955435,26.33125891160298,negative_cross,toward_S1,3.195319025327609
7,cx30,2024-03-29 23:32:14+00:00,40.288549,-88.126491,24.75103116003398,2408.0,-12.127455119259874,rs5,6.446116333745471,32.17111219767036,25.72499586392489,3,6.446116333745471,51.941737904693746,45.49562157094827,26.33125891160298,negative_cross,toward_S1,2.9707365231190925
7,cx30,2024-03-29 23:32:15+00:00,40.288662,-88.126478,12.168158406604402,2409.0,-12.582872753429577,rs5,16.398769717230604,34.05313628019713,17.654366562966526,3,16.398769717230604,39.492119718189024,23.09335000095842,26.33125891160298,negative_cross,toward_S1,2.7377203610185448
7,cx30,2024-03-29 23:32:16+00:00,40.28878,-88.126461,-0.976718686483009,2410.0,-13.14487709308741,rs7,26.71690911703782,29.173295719408447,2.4563866023706282,2,26.71690911703782,29.173295719408447,2.4563866023706282,-27.632700444717127,negative_cross,toward_S1,2.4936292918191505
7,cx30,2024-03-29 23:32:17+00:00,40.288901,-88.126447,-14.450536151686052,2411.0,-13.473817465203043,rs7,14.305122145666076,30.942111772826628,16.636989627160553,2,14.305122145666076,42.4774962873532,28.172374141687122,-27.632700444717127,negative_cross,toward_S1,2.2441141535746496
7,cx30,2024-03-29 23:32:18+00:00,40.289026,-88.126436,-28.364470822296727,2412.0,-13.913934670610676,rs7,7.585543812064056,27.02106043856949,19.435516626505432,2,7.585543812064056,50.19572837929433,42.61018456723028,-27.632700444717127,negative_cross,toward_S1,1.986448696711489
7,cx30,2024-03-29 23:32:19+00:00,40.289152,-88.126431,-42.38040206975823,2413.0,-14.015931247461506,rs7,17.141794014332795,30.352301311214465,13.21050729688167,2,17.141794014332795,36.27776119337504,19.135967179042247,-27.632700444717127,negative_cross,toward_S1,1.7268944143510907
7,cx30,2024-03-29 23:32:20+00:00,40.289272,-88.126431,-55.72162210058633,2414.0,-13.341220030828097,rs10,23.063683446181223,29.628791525091582,6.5651080789103595,1,23.063683446181223,29.628791525091582,6.5651080789103595,-78.92951005359993,negative_cross,toward_S1,1.4297757028335851
7,cx30,2024-03-29 23:32:21+00:00,40.289382,-88.126428,-67.9556639253126,2415.0,-12.234041824726276,rs10,11.325544891036259,28.110446456396488,16.78490156536023,1,11.325544891036259,41.59698323348525,30.271438342448988,-78.92951005359993,negative_cross,toward_S1,1.2032193727460614
7,cx30,2024-03-29 23:32:22+00:00,40.289475,-88.126422,-78.30428970681272,2416.0,-10.348625781500118,rs10,4.837542692424481,25.328153527757753,20.49061083533327,1,4.837542692424481,51.862173104310116,47.02463041188564,-78.92951005359993,negative_cross,toward_S1,1.0115781545701334
7,cx30,2024-03-29 23:32:23+00:00,40.289546,-88.126415,-86.20855519198435,2417.0,-7.904265485171621,rs10,9.48314082663951,25.733525902767067,16.250385076127557,1,9.48314082663951,59.75179395055763,50.268653123918114,-78.92951005359993,negative_cross,toward_S1,0.865202867807696
7,cx30,2024-03-29 23:32:24+00:00,40.289604,-88.126391,-92.6935325689925,2418.0,-6.48497737700815,rs10,16.066029307597677,26.44667340709247,10.380644099494791,1,16.066029307597677,66.44845152163933,50.382422214041654,-78.92951005359993,negative_cross,toward_S1,0.7451106941593969
7,cx30,2024-03-29 23:32:25+00:00,40.28965,-88.126349,-97.87192871562448,2419.0,-5.178396146631982,rs10,22.265933512871605,26.752617268072495,4.48668375520089,1,22.265933512871605,72.14503522691071,49.8791017140391,-78.92951005359993,negative_cross,toward_S1,0.6492144692217676
7,cx30,2024-03-29 23:32:26+00:00,40.289678,-88.126294,-101.06903241447861,2420.0,-3.1971036988541357,rs8,26.17695112031803,27.398091213158942,1.221140092840912,1,26.17695112031803,74.65790590415294,48.48095478383491,-78.92951005359993,positive_cross,toward_S1,0.5900088451689132
7,cx30,2024-03-29 23:32:27+00:00,40.289684,-88.12623,-101.83401615997906,2421.0,-0.7649837455004445,rs8,24.234036241381283,31.321073509591415,7.087037268210132,1,24.234036241381283,74.42329595531292,50.18925971393164,-78.92951005359993,positive_cross,toward_S1,0.5758424795114976
7,cx30,2024-03-29 23:32:28+00:00,40.28966,-88.126175,-99.24992451150908,2422.0,2.584091648469979,rs8,20.294600214511554,32.91825791092913,12.623657696417574,1,20.294600214511554,71.30686077222997,51.01226055771841,-78.92951005359993,positive_cross,toward_S4,0.6236960285572379
7,cx30,2024-03-29 23:32:29+00:00,40.289615,-88.126144,-94.29439832890908,2423.0,4.955526182599996,rs8,14.916103525648843,32.34957312599943,17.433469600350584,1,14.916103525648843,66.17310124388702,51.256997718238175,-78.92951005359993,positive_cross,toward_S4,0.7154650319387194
7,cx30,2024-03-29 23:32:30+00:00,40.289551,-88.126141,-87.18367110806567,2424.0,7.110727220843415,rs8,7.837155958484424,29.86217959646665,22.025023637982226,1,7.837155958484424,59.05008060704856,51.21292464856413,-78.92951005359993,positive_cross,toward_S4,0.8471451656580419
7,cx30,2024-03-29 23:32:31+00:00,40.289482,-88.126154,-79.49257903229042,2425.0,7.691092075775245,rs8,2.5792931524288796,27.58146357009211,25.002170417663233,1,2.5792931524288796,51.434876299908446,48.855583147479564,-78.92951005359993,positive_cross,toward_S4,0.9895727966909168
7,cx30,2024-03-29 23:32:32+00:00,40.2894,-88.12616,-70.36689842040134,2426.0,9.12568061188908,rs8,9.608154242502478,28.357334989107887,18.74918074660541,1,9.608154242502478,42.37448999176265,32.76633574926017,-78.92951005359993,positive_cross,toward_S4,1.15856688209627
7,cx30,2024-03-29 23:32:33+00:00,40.289309,-88.126163,-60.245216434934214,2427.0,10.121681985467127,rs8,19.508439013756213,32.330198517583014,12.8217595038268,1,19.508439013756213,32.330198517583014,12.8217595038268,-78.92951005359993,positive_cross,toward_S4,1.3460054373826984
7,cx30,2024-03-29 23:32:34+00:00,40.289211,-88.126161,-49.35294682830375,2428.0,10.892269606630464,rs6,21.517140631523603,30.286772449810787,8.769631818287184,2,21.517140631523603,30.286772449810787,8.769631818287184,-27.632700444717127,positive_cross,toward_S4,1.5977732151187662
7,cx30,2024-03-29 23:32:35+00:00,40.2891,-88.126157,-37.018438470366746,2429.0,12.334508357937004,rs6,9.463657756240247,32.55556248842578,23.091904732185533,2,9.463657756240247,42.560658707724755,33.09700095148451,-27.632700444717127,positive_cross,toward_S4,1.826190036562044
7,cx30,2024-03-29 23:32:36+00:00,40.28898,-88.126155,-23.6802785253041,2430.0,13.338159945062646,rs6,5.500962813607392,31.577425530173127,26.076462716565736,2,5.500962813607392,49.51782132241337,44.016858508805974,-27.632700444717127,positive_cross,toward_S4,2.0731929985076487
7,cx30,2024-03-29 23:32:37+00:00,40.288855,-88.126159,-9.777054154028209,2431.0,13.903224371275892,rs6,18.729153301903203,35.70268711285746,16.973533810954258,2,18.729153301903203,35.70268711285746,16.973533810954258,-27.632700444717127,positive_cross,toward_S4,2.330660116494239
7,cx30,2024-03-29 23:32:38+00:00,40.28872,-88.126161,5.234878466989586,2432.0,15.011932621017795,rs3,20.880257307230796,33.614676140918085,12.73441883368729,3,20.880257307230796,33.614676140918085,12.73441883368729,26.33125891160298,positive_cross,toward_S4,2.609326288062715
7,cx30,2024-03-29 23:32:39+00:00,40.288593,-88.126162,19.355866376255662,2433.0,14.120987909266077,rs3,7.618830545751938,34.70822245681661,27.08939191106467,3,7.618830545751938,47.68715869744629,40.06832815169435,26.33125891160298,positive_cross,toward_S4,2.870826064160235
7,cx30,2024-03-29 23:32:40+00:00,40.288467,-88.126161,33.36261736646427,2434.0,14.006750990208609,rs3,8.72022114402626,34.76442745644268,26.04420631241642,3,8.72022114402626,45.91939029622317,37.19916915219691,26.33125891160298,positive_cross,toward_S4,3.1302103417566904
7,cx30,2024-03-29 23:32:41+00:00,40.28835,-88.126161,46.37030689656116,2435.0,13.00768953009689,rs3,21.098341179757732,32.97385852529302,11.875517345535286,3,21.098341179757732,32.97385852529302,11.875517345535286,26.33125891160298,positive_cross,toward_S4,3.371093481202929
7,cx30,2024-03-29 23:32:42+00:00,40.288244,-88.126163,58.15811134360241,2436.0,11.787804447041246,rs1,21.349250035365518,32.76282864334497,11.41357860797945,4,21.349250035365518,32.76282864334497,11.41357860797945,80.2309515867141,positive_cross,toward_S4,3.591243699201635
7,cx30,2024-03-29 23:32:43+00:00,40.288152,-88.126166,68.39097016315148,2437.0,10.232858819549072,rs1,11.57768511119495,35.36821346246156,23.79052835126661,4,11.57768511119495,42.954134514780115,31.376449403585163,80.2309515867141,positive_cross,toward_S4,3.7807410847488403
7,cx30,2024-03-29 23:32:44+00:00,40.288071,-88.12617,77.40241385519315,2438.0,9.011443692041667,rs1,5.030848832401863,32.94032253041392,27.90947369801206,4,5.030848832401863,51.9522179611241,46.92136912872223,80.2309515867141,positive_cross,toward_S4,3.947619671638501
7,cx30,2024-03-29 23:32:45+00:00,40.288,-88.126173,85.30055916962378,2439.0,7.898145314430636,rs1,7.954252622733403,32.80524887844406,24.85099625571066,4,7.954252622733403,59.84007676792777,51.88582414519436,80.2309515867141,positive_cross,toward_S4,4.093881621905735
7,cx30,2024-03-29 23:32:46+00:00,40.287937,-88.126185,92.32306020029655,2440.0,7.022501030672771,rs1,14.5048674382127,33.50124360231539,18.996376164102692,4,14.5048674382127,66.91027645035103,52.405409012138335,80.2309515867141,positive_cross,toward_S4,4.223927937288564
7,cx30,2024-03-29 23:32:47+00:00,40.287882,-88.126217,98.48674741957012,2441.0,6.163687219273569,rs1,21.197535075721063,33.70745101490987,12.509915939188808,4,21.197535075721063,73.28344547778258,52.085910402061515,80.2309515867141,positive_cross,toward_S4,4.338070293201038
7,cx30,2024-03-29 23:32:48+00:00,40.287847,-88.126272,102.4620889539904,2442.0,3.9753415344202807,rs1,26.797182824850946,32.2699841910278,5.472801366176856,4,26.797182824850946,77.82502986833599,51.02784704348504,80.2309515867141,positive_cross,toward_S4,4.411687729023635
7,cx30,2024-03-29 23:32:49+00:00,40.287833,-88.126335,104.11495732549888,2443.0,1.6528683715084753,rs2,29.68982601326689,31.056461528187146,1.3666355149202545,4,29.68982601326689,79.82675064671811,50.136924633451216,80.2309515867141,negative_cross,toward_S4,4.442296402570088
7,cx30,2024-03-29 23:32:50+00:00,40.287838,-88.126399,103.65699590141003,2444.0,-0.4579614240888503,rs2,26.114376334524202,34.20809748652304,8.093721151998835,4,26.114376334524202,78.14302135570443,52.02864502118023,80.2309515867141,negative_cross,ambiguous,4.433815635457332
7,cx30,2024-03-29 23:32:51+00:00,40.287857,-88.12646,101.63796867831982,2445.0,-2.0190272230902053,rs2,21.91641802863139,36.73171002075291,14.815291992121516,4,21.91641802863139,75.29251114274959,53.3760931141182,80.2309515867141,negative_cross,toward_S1,4.396426242437143
7,cx30,2024-03-29 23:32:52+00:00,40.287891,-88.126497,97.9145679225838,2446.0,-3.723400755736023,rs2,17.304035176345312,37.28835688977573,19.984321713430415,4,17.304035176345312,71.22403059997599,53.91999542363068,80.2309515867141,negative_cross,toward_S1,4.32747437659018
7,cx30,2024-03-29 23:32:53+00:00,40.287938,-88.126513,92.71373743021321,2447.0,-5.200830492370585,rs2,11.909270560502758,36.2800275921173,24.37075703161454,4,11.909270560502758,65.91319196603203,54.00392140552927,80.2309515867141,negative_cross,toward_S1,4.231162700805539
7,cx30,2024-03-29 23:32:54+00:00,40.287987,-88.126518,87.27372279800133,2448.0,-5.440014632211884,rs2,6.713371235052271,35.101745924186226,28.388374689133954,4,6.713371235052271,60.4471936817078,53.73382244665553,80.2309515867141,negative_cross,toward_S1,4.130421689097911
7,cx30,2024-03-29 23:32:55+00:00,40.288045,-88.126516,80.82240636423926,2449.0,-6.451316433762074,rs2,3.4492021646182867,34.1110110332778,30.661808868659513,4,3.4492021646182867,54.022291867732825,50.57308970311454,80.2309515867141,negative_cross,toward_S1,4.010952866250466
7,cx30,2024-03-29 23:32:56+00:00,40.288106,-88.126512,74.03449934323407,2450.0,-6.787907021005182,rs2,8.249391249727795,34.2114098304867,25.962018580758908,4,8.249391249727795,47.2877404295229,39.038349179795105,80.2309515867141,negative_cross,toward_S1,3.8852508843799995
7,cx30,2024-03-29 23:32:57+00:00,40.288174,-88.126506,66.46529440168729,2451.0,-7.569204941546786,rs2,15.509317570537993,35.751230349334875,20.24191277879688,4,15.509317570537993,39.819436693163354,24.31011912262536,80.2309515867141,negative_cross,toward_S1,3.7450804224995036
7,cx30,2024-03-29 23:32:58+00:00,40.288244,-88.126501,58.675265835594864,2452.0,-7.790028566092424,rs2,23.177649538501523,32.16997933677021,8.992329798268688,4,23.177649538501523,32.16997933677021,8.992329798268688,80.2309515867141,negative_cross,toward_S1,3.6008206342385325
7,cx30,2024-03-29 23:32:59+00:00,40.288317,-88.126502,50.560887026024155,2453.0,-8.11437880957071,rs5,24.175684976283076,31.16073485951705,6.985049883233973,3,24.175684976283076,31.16073485951705,6.985049883233973,26.33125891160298,negative_cross,toward_S1,3.4486968169337255
7,cx30,2024-03-29 23:33:00+00:00,40.288394,-88.126501,41.99874079666476,2454.0,-8.562146229359392,rs5,15.938353096803821,36.573238207456214,20.63488511065239,3,15.938353096803821,39.66172308991375,23.723369993109927,26.33125891160298,negative_cross,toward_S1,3.29013855342707
7,cx30,2024-03-29 23:33:01+00:00,40.288474,-88.126497,33.0984739371469,2455.0,-8.900266859517863,rs5,8.297730414426786,33.368041713995,25.07031129956821,3,8.297730414426786,48.54302361992267,40.245293205495884,26.33125891160298,negative_cross,toward_S1,3.125318796769332
7,cx30,2024-03-29 23:33:02+00:00,40.288554,-88.126489,24.19208690693156,2456.0,-8.906387030215338,rs5,6.809845578334219,32.031543250267276,25.221697671933057,3,6.809845578334219,51.39604711351654,44.58620153518232,26.33125891160298,negative_cross,toward_S1,2.960385703617196
7,cx30,2024-03-29 23:33:03+00:00,40.288625,-88.126474,16.275581077973392,2457.0,-7.916505828958169,rs5,13.017108479586009,32.252950671432664,19.235842191846658,3,13.017108479586009,43.62090079302075,30.603792313434745,26.33125891160298,negative_cross,toward_S1,2.8137837438216744
7,cx30,2024-03-29 23:33:04+00:00,40.288698,-88.126457,8.133661497433964,2458.0,-8.141919580539428,rs5,20.779449432582556,34.3578679124213,13.578418479838742,3,20.779449432582556,35.75103940602388,14.971589973441322,26.33125891160298,negative_cross,toward_S1,2.663007455293166
7,cx30,2024-03-29 23:33:05+00:00,40.288773,-88.12644,-0.23061175131287515,2459.0,-8.364273248746839,rs7,27.883055625782944,29.019733449899533,1.136677824116589,2,27.883055625782944,29.019733449899533,1.136677824116589,-27.632700444717127,negative_cross,toward_S1,2.507446086914894
7,cx30,2024-03-29 23:33:06+00:00,40.28885,-88.126427,-8.81111849517804,2460.0,-8.580506743865165,rs7,20.153975790156455,32.37738293920362,12.223407149047166,2,20.153975790156455,37.46650942904123,17.312533638884776,-27.632700444717127,negative_cross,toward_S1,2.3485478138803533
7,cx30,2024-03-29 23:33:07+00:00,40.288933,-88.12642,-18.049505984064425,2461.0,-9.238387488886385,rs7,12.731879889984107,27.436346481019037,14.70446659103493,2,12.731879889984107,46.49052152144379,33.75864163145968,-27.632700444717127,negative_cross,toward_S1,2.1774665640861612
7,cx30,2024-03-29 23:33:08+00:00,40.289017,-88.126425,-27.380709791737036,2462.0,-9.331203807672612,rs7,8.426991646856942,26.083355406378192,17.65636375952125,2,8.426991646856942,51.26912828470313,42.84213663784619,-27.632700444717127,negative_cross,toward_S1,2.0046664935737053
7,cx30,2024-03-29 23:33:09+00:00,40.289102,-88.126432,-36.820030346979685,2463.0,-9.439320555242649,rs7,12.422469111291358,28.176297366162917,15.753828254871559,2,12.422469111291358,41.80040906040795,29.377939949116595,-27.632700444717127,negative_cross,toward_S1,1.829864261069212
7,cx30,2024-03-29 23:33:10+00:00,40.289198,-88.126437,-47.485356157577115,2464.0,-10.66532581059743,rs7,21.628802930652125,31.136619650386685,9.50781671973456,2,21.628802930652125,31.136619650386685,9.50781671973456,-27.632700444717127,negative_cross,toward_S1,1.6323582275396298
7,cx30,2024-03-29 23:33:11+00:00,40.289288,-88.12644,-57.48668105245586,2465.0,-10.001324894878742,rs10,21.181712188634563,31.163271053500907,9.981558864866344,1,21.181712188634563,31.163271053500907,9.981558864866344,-78.92951005359993,negative_cross,toward_S1,1.3970894259471125
7,cx30,2024-03-29 23:33:12+00:00,40.289371,-88.126438,-66.71741832696121,2466.0,-9.230737274505351,rs10,12.19645996784683,29.38365179745518,17.187191829608352,1,12.19645996784683,40.23503158373375,28.038571615886923,-78.92951005359993,negative_cross,toward_S1,1.226149846789606
7,cx30,2024-03-29 23:33:13+00:00,40.289446,-88.12643,-75.06792118902787,2467.0,-8.350502862066662,rs10,5.337727163900983,26.29879789233972,20.961070728438738,1,5.337727163900983,48.56868258566113,43.23095542176014,-78.92951005359993,negative_cross,toward_S1,1.0715109048994824
7,cx30,2024-03-29 23:33:14+00:00,40.289513,-88.126419,-82.53359951164197,2468.0,-7.465678322614096,rs10,6.53898137964627,25.30143988069142,18.76245850104515,1,6.53898137964627,56.07361873143342,49.534637351787154,-78.92951005359993,negative_cross,toward_S1,0.9332576026288512
7,cx30,2024-03-29 23:33:15+00:00,40.289579,-88.126406,-89.891161086686,2469.0,-7.357561575044031,rs10,13.013507247633724,26.285611061586998,13.272103813953274,1,13.013507247633724,63.496563629158466,50.48305638152474,-78.92951005359993,negative_cross,toward_S1,0.797006462350258
7,cx30,2024-03-29 23:33:16+00:00,40.289629,-88.126373,-95.5004941807045,2470.0,-5.609333094018496,rs10,19.237976655382358,26.754195157359714,7.516218501977356,1,19.237976655382358,69.45612186560338,50.218145210221024,-78.92951005359993,negative_cross,toward_S1,0.6931299235721377
7,cx30,2024-03-29 23:33:17+00:00,40.289659,-88.126331,-98.90006098959847,2471.0,-3.3995668088939794,rs10,23.906443342065067,26.42126883851842,2.5148254964533514,1,23.906443342065067,73.30035345996663,49.39391011790156,-78.92951005359993,negative_cross,toward_S1,0.6301749826666936
7,cx30,2024-03-29 23:33:18+00:00,40.289673,-88.126282,-100.53150876083572,2472.0,-1.631447771237248,rs8,25.15687917794347,27.549652595211434,2.392773417267964,1,25.15687917794347,73.91428012289042,48.75740094494695,-78.92951005359993,positive_cross,toward_S1,0.5999629869030408
7,cx30,2024-03-29 23:33:19+00:00,40.289674,-88.126231,-100.72071778080989,2473.0,-0.1892090199741716,rs8,23.238654952917184,30.45044334712457,7.211788394207385,1,23.238654952917184,73.33142295614358,50.092768003226396,-78.92951005359993,positive_cross,ambiguous,0.5964591161627784
7,cx30,2024-03-29 23:33:20+00:00,40.28966,-88.126181,-99.24074425425619,2474.0,1.4799735265537066,rs8,20.410040399762973,32.52094693889699,12.110906539134017,1,20.410040399762973,71.34343450341198,50.93339410364901,-78.92951005359993,positive_cross,toward_S4,0.6238660333211804
7,cx30,2024-03-29 23:33:21+00:00,40.289627,-88.126145,-95.62699028975203,2475.0,3.6137539645041556,rs8,16.251801846662598,32.93480840089288,16.68300655423028,1,16.251801846662598,67.50993591318212,51.25813406651952,-78.92951005359993,positive_cross,toward_S4,0.6907874030342203
7,cx30,2024-03-29 23:33:22+00:00,40.289573,-88.126138,-89.63415157513516,2476.0,5.992838714616866,rs8,10.217149772024808,30.873462936412544,20.656313164387736,1,10.217149772024808,61.48804098660733,51.27089121458252,-78.92951005359993,positive_cross,toward_S4,0.8017658977493475
7,cx30,2024-03-29 23:33:23+00:00,40.289512,-88.126146,-82.84012438338902,2477.0,6.794027191746139,rs8,3.859387339427254,28.53316567831454,24.673778338887285,1,3.859387339427254,54.731934154459736,50.87254681503248,-78.92951005359993,positive_cross,toward_S4,0.9275812161150168
7,cx30,2024-03-29 23:33:24+00:00,40.28945,-88.126148,-75.94410061481379,2478.0,6.896023768575233,rs8,4.098274711288404,28.232362687062214,24.13408797577381,1,4.098274711288404,47.85239593341684,43.75412122212843,-78.92951005359993,positive_cross,toward_S4,1.055285359977521
7,cx30,2024-03-29 23:33:25+00:00,40.289387,-88.126151,-68.93536996926302,2479.0,7.00873064555077,rs8,10.79747494506148,29.540179107917293,18.742704162855812,1,10.79747494506148,40.87392504441165,30.07645009935017,-78.92951005359993,positive_cross,toward_S4,1.1850766682284612
7,cx30,2024-03-29 23:33:26+00:00,40.289316,-88.126155,-61.03569461272872,2480.0,7.899675356534303,rs8,18.632758412625943,32.75267927378477,14.119920861158828,1,18.632758412625943,33.03127026933227,14.398511856706325,-78.92951005359993,positive_cross,toward_S4,1.3313669526087262
7,cx30,2024-03-29 23:33:27+00:00,40.289238,-88.126161,-52.3547213348846,2481.0,8.680973277844117,rs6,24.481347459315305,27.302001299398867,2.820653840083562,2,24.481347459315305,27.302001299398867,2.820653840083562,-27.632700444717127,positive_cross,toward_S4,1.542184798330232
7,cx30,2024-03-29 23:33:28+00:00,40.28916,-88.126155,-43.6921085723362,2482.0,8.662612762548399,rs6,15.848106670985288,35.22423617381021,19.376129502824924,2,15.848106670985288,35.8916425516704,20.043535880685113,-27.632700444717127,positive_cross,toward_S4,1.7026035531922394
7,cx30,2024-03-29 23:33:29+00:00,40.289071,-88.126155,-33.7973703821339,2483.0,9.894738190202304,rs6,6.460930143514774,31.938981845095764,25.47805170158099,2,6.460930143514774,45.769378927473795,39.30844878395902,-27.632700444717127,positive_cross,toward_S4,1.8858394456033931
7,cx30,2024-03-29 23:33:30+00:00,40.288977,-88.126156,-23.34521798170104,2484.0,10.452152400432858,rs6,5.823775909638446,31.53658169566221,25.712805786023765,2,5.823775909638446,49.19138343435209,43.36760752471365,-27.632700444717127,positive_cross,toward_S4,2.0793978233891868
7,cx30,2024-03-29 23:33:31+00:00,40.28888,-88.126157,-12.55953507972527,2485.0,10.78568290197577,rs6,15.96995158702175,34.60614271473894,18.636191127717186,2,15.96995158702175,38.450193918844796,22.480242331823046,-27.632700444717127,positive_cross,toward_S4,2.2791326919442936
7,cx30,2024-03-29 23:33:32+00:00,40.288779,-88.126161,-1.3245547151107155,2486.0,11.234980364614554,rs6,27.101347072072716,27.343285703338715,0.2419386312659988,2,27.101347072072716,27.343285703338715,0.2419386312659988,-27.632700444717127,positive_cross,toward_S4,2.4871878838816004
7,cx30,2024-03-29 23:33:33+00:00,40.288674,-88.126162,10.350542854933218,2487.0,11.675097570043935,rs3,15.92015168416909,37.59376793728446,21.67361625311537,3,15.92015168416909,38.712520784566244,22.792369100397153,26.33125891160298,positive_cross,toward_S4,2.7040608137653748
7,cx30,2024-03-29 23:33:34+00:00,40.288565,-88.126165,22.473407845577523,2488.0,12.122864990644304,rs3,5.520158927458873,33.95682220563097,28.436663278172098,3,5.520158927458873,50.8118711562461,45.291712228787226,26.33125891160298,positive_cross,toward_S4,2.9285583135921214
7,cx30,2024-03-29 23:33:35+00:00,40.288452,-88.126168,35.040980170266785,2489.0,12.567572324689262,rs3,10.47401759847806,34.56007702062404,24.086059422145983,3,10.47401759847806,44.31471113349612,33.84069353501806,26.33125891160298,positive_cross,toward_S4,3.1612911344197
7,cx30,2024-03-29 23:33:36+00:00,40.288339,-88.126169,47.605492409190575,2490.0,12.56451223892379,rs3,22.43527327456971,31.851592649255785,9.416319374686076,3,22.43527327456971,31.851592649255785,9.416319374686076,26.33125891160298,positive_cross,toward_S4,3.3939672869923627
7,cx30,2024-03-29 23:33:37+00:00,40.28823,-88.126174,59.731417485578596,2491.0,12.125925076388022,rs1,20.039662880585453,34.43677397961019,14.397111099024734,4,20.039662880585453,34.43677397961019,14.397111099024734,80.2309515867141,positive_cross,toward_S4,3.62037899812712
7,cx30,2024-03-29 23:33:38+00:00,40.288133,-88.126172,70.51251025810534,2492.0,10.78109277252674,rs1,9.89803079479388,34.19414134399183,24.296110549197948,4,9.89803079479388,45.11044394940854,35.21241315461466,80.2309515867141,positive_cross,toward_S4,3.820028864285023
7,cx30,2024-03-29 23:33:39+00:00,40.288046,-88.126175,80.18948490952751,2493.0,9.67697465142217,rs1,5.270121025931766,32.34109755980042,27.070976533868652,4,5.270121025931766,54.76073756074913,49.49061653481736,80.2309515867141,positive_cross,toward_S4,3.999232098570619
7,cx30,2024-03-29 23:33:40+00:00,40.287974,-88.126181,88.20339718590924,2494.0,8.013912276381731,rs1,10.709734190870625,32.65811723024912,21.94838303937849,4,10.709734190870625,62.78115943933092,52.071425248460294,80.2309515867141,positive_cross,toward_S4,4.147637881466577
7,cx30,2024-03-29 23:33:41+00:00,40.287913,-88.126196,95.00813467775839,2495.0,6.804737491849153,rs1,17.323023826184706,33.65508856219294,16.33206473600823,4,17.323023826184706,69.65781074564929,52.33478691946458,80.2309515867141,positive_cross,toward_S4,4.273651538723042
7,cx30,2024-03-29 23:33:42+00:00,40.287866,-88.126232,100.28852740047294,2496.0,5.280392722714552,rs1,23.34709835558009,33.6193187782162,10.272220422636106,4,23.34709835558009,75.21162509049422,51.864526734914136,80.2309515867141,positive_cross,toward_S4,4.371436589143682
7,cx30,2024-03-29 23:33:43+00:00,40.287835,-88.126283,103.81304142854911,2497.0,3.524514028076169,rs1,28.420013755669693,32.500562972772926,4.080549217103233,4,28.420013755669693,79.30489542355261,50.884881667882915,80.2309515867141,positive_cross,toward_S4,4.436705367441389
7,cx30,2024-03-29 23:33:44+00:00,40.287824,-88.126349,105.1369694279637,2498.0,1.3239279994145932,rs2,29.755798273575515,32.57318529854701,2.817387024971495,4,29.755798273575515,80.52295171466581,50.767153441090294,80.2309515867141,negative_cross,toward_S4,4.461222552615734
7,cx30,2024-03-29 23:33:45+00:00,40.28783,-88.126419,104.57701142779226,2499.0,-0.5599580001714486,rs2,26.083725297026174,36.04111721869551,9.957391921669338,4,26.083725297026174,78.73869051027769,52.654965213251515,80.2309515867141,negative_cross,toward_S1,4.450852960019966
7,cx30,2024-03-29 23:33:46+00:00,40.287858,-88.126478,101.55433261678647,2500.0,-3.0226788110057896,rs2,21.289545108260135,37.8980134853326,16.608468377072462,4,21.289545108260135,75.02071531441054,53.7311702061504,80.2309515867141,negative_cross,toward_S1,4.394877426482822
7,cx30,2024-03-29 23:33:47+00:00,40.2879,-88.126515,96.94151719214885,2501.0,-4.612815424637617,rs2,15.946502861275462,38.16124696240085,22.21474410112539,4,15.946502861275462,70.12176488361904,54.175262022343574,80.2309515867141,negative_cross,toward_S1,4.309454918619162
7,cx30,2024-03-29 23:33:48+00:00,40.287955,-88.126523,90.8390316879018,2502.0,-6.102485504247056,rs2,9.851861726327577,36.447810544795026,26.59594881846745,4,9.851861726327577,63.9762489900257,54.124387263698125,80.2309515867141,negative_cross,toward_S1,4.196445927799772
7,cx30,2024-03-29 23:33:49+00:00,40.288015,-88.126516,84.1577113715513,2503.0,-6.681320316350494,rs2,4.386975322911506,34.38950614691065,30.00253082399914,4,4.386975322911506,57.350689945048636,52.96371462213713,80.2309515867141,negative_cross,toward_S1,4.072717773793282
7,cx30,2024-03-29 23:33:50+00:00,40.288082,-88.126513,76.70427339195555,2504.0,-7.453437979595748,rs2,5.9412931597773175,33.96191794234385,28.020624782566536,4,5.9412931597773175,49.9395716598874,43.99827850011008,80.2309515867141,negative_cross,toward_S1,3.9346911445415085
7,cx30,2024-03-29 23:33:51+00:00,40.288156,-88.126514,68.47871774907108,2505.0,-8.225555642884473,rs2,13.398282249160555,35.70796252318307,22.309680274022515,4,13.398282249160555,41.73526725412981,28.336985004969254,80.2309515867141,negative_cross,toward_S1,3.7823660400436476
7,cx30,2024-03-29 23:33:52+00:00,40.288235,-88.126514,59.69574789516611,2506.0,-8.782969853904973,rs2,21.992268434478653,33.00257223031276,11.010303795834105,4,21.992268434478653,33.00257223031276,11.010303795834105,80.2309515867141,negative_cross,toward_S1,3.6197184501565185
7,cx30,2024-03-29 23:33:53+00:00,40.288325,-88.126506,49.677592528653456,2507.0,-10.018155366512651,rs5,23.23454396305987,31.994253212696034,8.759709249636163,3,23.23454396305987,31.994253212696034,8.759709249636163,26.33125891160298,negative_cross,toward_S1,3.4323395114268607
7,cx30,2024-03-29 23:33:54+00:00,40.288419,-88.126508,39.230030256836166,2508.0,-10.44756227181729,rs5,13.121142066081134,36.01433238612804,22.893190320046905,3,13.121142066081134,42.36293235155498,29.241790285473847,26.33125891160298,negative_cross,toward_S1,3.238866136022837
7,cx30,2024-03-29 23:33:55+00:00,40.288518,-88.126506,28.220463644592822,2509.0,-11.009566612243344,rs5,4.958505343621572,33.471187662229646,28.512682318608075,3,4.958505343621572,53.346929435148745,48.38842409152717,26.33125891160298,negative_cross,toward_S1,3.0349852728331452
7,cx30,2024-03-29 23:33:56+00:00,40.28863,-88.126489,15.74264755375778,2510.0,-12.477816090835042,rs5,12.809736140604484,33.63514699339174,20.825410852787257,3,12.809736140604484,42.96003327435483,30.150297133750342,26.33125891160298,negative_cross,toward_S1,2.803914604484348
7,cx30,2024-03-29 23:33:57+00:00,40.288737,-88.12647,3.8176555445159823,2511.0,-11.924992009241798,rs5,24.387827973810467,31.29524316374784,6.907415189937375,3,24.387827973810467,31.29524316374784,6.907415189937375,26.33125891160298,negative_cross,toward_S1,2.5830814191280185
7,cx30,2024-03-29 23:33:58+00:00,40.288848,-88.126456,-8.544393585157955,2512.0,-12.362049129673938,rs7,19.489563586710638,34.52542703280924,15.035863446098602,2,19.489563586710638,36.57056110764051,17.08099752092987,-27.632700444717127,negative_cross,toward_S1,2.3534871640659105
7,cx30,2024-03-29 23:33:59+00:00,40.28896,-88.126447,-21.00996933378635,2513.0,-12.465575748628396,rs7,8.991346557800236,28.743284122013698,19.751937564213463,2,8.991346557800236,48.886283636261695,39.89493707846146,-27.632700444717127,negative_cross,toward_S1,2.1226431687209404
7,cx30,2024-03-29 23:34:00+00:00,40.289068,-88.12644,-33.02777766181438,2514.0,-12.017808328028032,rs7,9.24732698158596,27.86090928774966,18.6135823061637,2,9.24732698158596,45.511911252687014,36.26458427110106,-27.632700444717127,negative_cross,toward_S1,1.900091162646347
7,cx30,2024-03-29 23:34:01+00:00,40.289182,-88.126437,-45.706526819817384,2515.0,-12.678749158003,rs7,19.966086689376677,32.51784339575656,12.55175670637988,2,19.966086689376677,32.90517900666032,12.939092317283642,-27.632700444717127,negative_cross,toward_S1,1.6652995115722176
7,cx30,2024-03-29 23:34:02+00:00,40.289287,-88.126437,-57.38009434777942,2516.0,-11.673567527962035,rs10,21.332616936031545,31.114629694314793,9.782012758283248,1,21.332616936031545,31.114629694314793,9.782012758283248,-78.92951005359993,negative_cross,toward_S1,1.3990632538114909
7,cx30,2024-03-29 23:34:03+00:00,40.289377,-88.126441,-67.3798891997863,2517.0,-9.999794852006886,rs10,11.484352412803503,29.34346340521022,17.859110992406716,1,11.484352412803503,40.8466194916177,29.3622670788142,-78.92951005359993,negative_cross,toward_S1,1.2138818676632153
7,cx30,2024-03-29 23:34:04+00:00,40.289471,-88.126441,-77.83051155734732,2518.0,-10.450622357561016,rs10,3.2735200749100586,26.955636693243108,23.682116618333048,1,3.2735200749100586,51.176190337726545,47.902670262816486,-78.92951005359993,negative_cross,toward_S1,1.0203518240046778
7,cx30,2024-03-29 23:34:05+00:00,40.289547,-88.126441,-86.2799509105211,2519.0,-8.449439353173773,rs10,8.51952554052017,27.88823109934275,19.36870555882258,1,8.51952554052017,59.55983873828395,51.04031319776378,-78.92951005359993,negative_cross,toward_S1,0.8638807248718302
7,cx30,2024-03-29 23:34:06+00:00,40.289601,-88.126434,-92.29421022459748,2520.0,-6.014259314076384,rs10,14.40724320927542,29.484034557260664,15.076791347985244,1,14.40724320927542,65.59421360639638,51.18697039712096,-78.92951005359993,negative_cross,toward_S1,0.7525055523889342
7,cx30,2024-03-29 23:34:07+00:00,40.289643,-88.126407,-97.00494839327317,2521.0,-4.7107381686756895,rs10,19.542909241920633,29.993284542319966,10.450375300399333,1,19.542909241920633,70.52250862716329,50.97959938524266,-78.92951005359993,negative_cross,toward_S1,0.6652696603764214
7,cx30,2024-03-29 23:34:08+00:00,40.289664,-88.126361,-99.41004387146096,2522.0,-2.405095478187789,rs10,23.17354493921607,28.572132141184483,5.398587201968411,1,23.17354493921607,73.47068056352734,50.29713562431127,-78.92951005359993,negative_cross,toward_S1,0.6207308552247958
7,cx30,2024-03-29 23:34:09+00:00,40.289669,-88.126307,-100.04855035490736,2523.0,-0.638506483446406,rs10,25.947854042343106,25.99329820680261,0.04544416445950361,1,25.947854042343106,73.90939539463298,47.96154135228987,-78.92951005359993,negative_cross,toward_S1,0.6089066610868994
7,cx30,2024-03-29 23:34:10+00:00,40.289672,-88.126243,-100.4800035996766,2524.0,-0.4314532447692443,rs8,23.455574900732056,29.591874493508094,6.136299592776037,1,23.455574900732056,73.2518307420314,49.79625584129934,-78.92951005359993,positive_cross,ambiguous,0.6009167861837652
7,cx30,2024-03-29 23:34:11+00:00,40.289628,-88.126186,-95.67543536514567,2525.0,4.804568234530933,rs8,17.101387946264015,30.05669174435149,12.955303798087474,1,17.101387946264015,67.82982951498944,50.72844156872543,-78.92951005359993,positive_cross,toward_S4,0.6898902720084121
7,cx30,2024-03-29 23:34:12+00:00,40.289565,-88.126165,-88.70342574939639,2526.0,6.972009615749286,rs8,9.898204810382953,28.416239546747917,18.518034736364964,1,9.898204810382953,60.707214621572064,50.809009811189114,-78.92951005359993,positive_cross,toward_S4,0.8190015611889544
7,cx30,2024-03-29 23:34:13+00:00,40.289494,-88.126168,-80.80528043494398,2527.0,7.898145314452407,rs8,4.00393816215035,26.46087233701806,22.456934174867712,1,4.00393816215035,52.850065642639606,48.84612748048926,-78.92951005359993,positive_cross,toward_S4,0.9652635114565916
7,cx30,2024-03-29 23:34:14+00:00,40.28942,-88.126159,-72.59196513507787,2528.0,8.21331529986611,rs8,7.501294868514942,27.857281797430545,20.355986928915602,1,7.501294868514942,44.58462195804015,37.08332708952521,-78.92951005359993,positive_cross,toward_S4,1.1173619429355937
7,cx30,2024-03-29 23:34:15+00:00,40.289342,-88.126159,-63.92017211448663,2529.0,8.671793020591238,rs8,15.836844447754551,30.976840501285196,15.139996053530645,1,15.836844447754551,35.942431861038,20.105587413283452,-78.92951005359993,positive_cross,toward_S4,1.277950702576172
7,cx30,2024-03-29 23:34:16+00:00,40.28926,-88.126164,-54.79602154546942,2530.0,9.12415056901721,rs8,24.90697967720741,26.939024696573735,2.0320450193663255,1,24.90697967720741,26.939024696573735,2.0320450193663255,-78.92951005359993,positive_cross,toward_S4,1.4469164538542687
7,cx30,2024-03-29 23:34:17+00:00,40.289166,-88.126162,-44.348459273673875,2531.0,10.447562271795547,rs6,16.62690498876458,35.0115686087048,18.38466361994022,2,16.62690498876458,35.27604573785107,18.64914074908649,-27.632700444717127,positive_cross,toward_S4,1.690448910574875
7,cx30,2024-03-29 23:34:18+00:00,40.289071,-88.126162,-33.786660082009156,2532.0,10.561799191664718,rs6,6.772395597497513,31.356575517864403,24.58417992036689,2,6.772395597497513,45.80778420035724,39.035388602859726,-27.632700444717127,positive_cross,toward_S4,1.8860377844945921
7,cx30,2024-03-29 23:34:19+00:00,40.288969,-88.126161,-22.448153098440145,2533.0,11.338506983569012,rs6,6.800209802559355,31.250563487588693,24.450353685029338,2,6.800209802559355,48.338648146559756,41.5384383440004,-27.632700444717127,positive_cross,toward_S4,2.096010136042166
7,cx30,2024-03-29 23:34:20+00:00,40.288865,-88.126157,-10.891882576069246,2534.0,11.556270522370898,rs6,17.60485191859438,35.36359675192569,17.75874483333131,2,17.60485191859438,36.79034043568548,19.1854885170911,-27.632700444717127,positive_cross,toward_S4,2.3100151457157017
7,cx30,2024-03-29 23:34:21+00:00,40.288751,-88.126155,1.779216368320944,2535.0,12.67109894439019,rs3,24.187797073225823,30.131919230322502,5.944122157096679,3,24.187797073225823,30.131919230322502,5.944122157096679,26.33125891160298,positive_cross,toward_S4,2.545332545494777
7,cx30,2024-03-29 23:34:22+00:00,40.288631,-88.12615,15.112786184768012,2536.0,13.333569816447069,rs3,11.042476119623851,36.77702162428186,25.73454550465801,3,11.042476119623851,43.39868432540832,32.35620820578447,26.33125891160298,positive_cross,toward_S4,2.792250505058612
7,cx30,2024-03-29 23:34:23+00:00,40.288512,-88.126149,28.34129934020046,2537.0,13.228513155432449,rs3,4.1078206905250925,35.13601267735612,31.02819198683103,3,4.1078206905250925,50.83839066992425,46.73056997939916,26.33125891160298,positive_cross,toward_S4,3.037222970899953
7,cx30,2024-03-29 23:34:24+00:00,40.288402,-88.126152,40.57534116415851,2538.0,12.234041823958048,rs3,15.28206715893338,37.60049255263229,22.31842539369891,3,15.28206715893338,38.65096726735929,23.368900108425912,26.33125891160298,positive_cross,toward_S4,3.2637793009732503
7,cx30,2024-03-29 23:34:25+00:00,40.288293,-88.126157,52.70126623975657,2539.0,12.125925075598062,rs1,26.642639181843315,27.293961188410268,0.6513220065669536,4,26.642639181843315,27.293961188410268,0.6513220065669536,80.2309515867141,positive_cross,toward_S4,3.490191012093379
7,cx30,2024-03-29 23:34:26+00:00,40.288192,-88.126169,63.94848694738949,2540.0,11.24722070763292,rs1,15.857093556509064,36.944090741157254,21.08699718464819,4,15.857093556509064,38.56415246546205,22.707058908952988,80.2309515867141,positive_cross,toward_S4,3.6984728770495443
7,cx30,2024-03-29 23:34:27+00:00,40.2881,-88.126169,74.17675563832299,2541.0,10.228268690933497,rs1,6.774646385853661,33.5164117384994,26.74176535264574,4,6.774646385853661,48.73354412998005,41.95889774412639,80.2309515867141,positive_cross,toward_S4,3.8878852602149796
7,cx30,2024-03-29 23:34:28+00:00,40.288011,-88.126177,84.08373417152188,2542.0,9.906978533198895,rs1,7.287565195307603,32.32452419351927,25.036958998211663,4,7.287565195307603,58.65207445536709,51.36450926005949,80.2309515867141,positive_cross,toward_S4,4.0713478256445885
7,cx30,2024-03-29 23:34:29+00:00,40.287946,-88.126188,91.32705882671851,2543.0,7.243324655196631,rs1,13.714351374563273,32.93110666937964,19.216755294816366,4,13.714351374563273,65.93791683703635,52.22356546247308,80.2309515867141,positive_cross,toward_S4,4.205483467407489
7,cx30,2024-03-29 23:34:30+00:00,40.287892,-88.126228,97.39180955569668,2544.0,6.064750728978169,rs1,20.60936285011109,32.33464919798888,11.725286347877791,4,20.60936285011109,72.30042622951001,51.69106337939892,80.2309515867141,positive_cross,toward_S4,4.31779366609227
7,cx30,2024-03-29 23:34:31+00:00,40.287855,-88.126289,101.59868501399731,2545.0,4.20687545830063,rs1,26.800601167710322,30.60241863278369,3.8018174650733663,4,26.800601167710322,77.21616885805253,50.4155676903422,80.2309515867141,positive_cross,toward_S4,4.395698767171911
7,cx30,2024-03-29 23:34:32+00:00,40.287851,-88.126351,102.1382550063366,2546.0,0.5395699923392954,rs2,27.281121970842946,30.36500148639887,3.0838795155559247,4,27.281121970842946,77.56031871450192,50.27919674365897,80.2309515867141,negative_cross,toward_S4,4.405690804067083
7,cx30,2024-03-29 23:34:33+00:00,40.287864,-88.126415,100.7908789141361,2547.0,-1.3473760922005056,rs2,22.936746360950824,33.255911311743894,10.31916495079307,4,22.936746360950824,75.06059165308307,52.123845292132245,80.2309515867141,negative_cross,toward_S1,4.3807393949522595
7,cx30,2024-03-29 23:34:34+00:00,40.287904,-88.126461,96.41418754282788,2548.0,-4.376691371308226,rs2,17.134362607756547,33.918477873261324,16.784115265504777,4,17.134362607756547,70.09198603814616,52.95762343038962,80.2309515867141,negative_cross,toward_S1,4.299689554742848
7,cx30,2024-03-29 23:34:35+00:00,40.28795,-88.126499,91.3581948262272,2549.0,-5.05599271660067,rs2,11.1110293810554,34.70021597405327,23.58918659299787,4,11.1110293810554,64.6693512017907,53.5583218207353,80.2309515867141,negative_cross,toward_S1,4.206060059990984
7,cx30,2024-03-29 23:34:36+00:00,40.288016,-88.126508,84.03429419524093,2550.0,-7.323900630986273,rs2,4.870428964137209,33.7020267573066,28.83159779316939,4,4.870428964137209,57.29051180502916,52.42008284089195,80.2309515867141,negative_cross,toward_S1,4.070432270528275
7,cx30,2024-03-29 23:34:37+00:00,40.288088,-88.126505,76.02497204747482,2551.0,-8.009322147766113,rs2,6.8861510952877145,33.35101552979753,26.464864434509813,4,6.8861510952877145,49.33709554035969,42.450944445071976,80.2309515867141,negative_cross,toward_S1,3.922111490014087
7,cx30,2024-03-29 23:34:38+00:00,40.288162,-88.126507,67.80094644748395,2552.0,-8.224025599990867,rs2,14.205299181290236,35.3617795564667,21.156480375176464,4,14.205299181290236,41.13496107000079,26.929661888710555,80.2309515867141,negative_cross,toward_S1,3.769814719643886
7,cx30,2024-03-29 23:34:39+00:00,40.288248,-88.126508,58.2412688008847,2553.0,-9.559677646599255,rs2,23.503214102802485,31.638809367773995,8.13559526497151,4,23.503214102802485,31.638809367773995,8.13559526497151,80.2309515867141,negative_cross,toward_S1,3.5927836521142704
7,cx30,2024-03-29 23:34:40+00:00,40.288337,-88.126506,48.343470525728634,2554.0,-9.897798275156063,rs5,21.930272466163668,33.317609168699036,11.387336702535368,3,21.930272466163668,33.317609168699036,11.387336702535368,26.33125891160298,negative_cross,toward_S1,3.407633548409734
7,cx30,2024-03-29 23:34:41+00:00,40.288431,-88.1265,37.88366791010304,2555.0,-10.459802615625591,rs5,12.16160031264876,34.913458596564475,22.751858283915716,3,12.16160031264876,43.76024616712541,31.59864585447665,26.33125891160298,negative_cross,toward_S1,3.2139334999722236
7,cx30,2024-03-29 23:34:42+00:00,40.288529,-88.126492,26.976097875500475,2556.0,-10.907570034602568,rs5,5.981611754270086,32.23285424674525,26.25124249247516,3,5.981611754270086,54.15874743031771,48.17713567604763,26.33125891160298,negative_cross,toward_S1,3.011941462294398
7,cx30,2024-03-29 23:34:43+00:00,40.288632,-88.126478,15.503463414706403,2557.0,-11.472634460794072,rs5,13.476935234467534,32.82108567414704,19.34415043967951,3,13.476935234467534,42.813648504142385,29.336713269674853,26.33125891160298,negative_cross,toward_S1,2.7994852685759892
7,cx30,2024-03-29 23:34:44+00:00,40.288728,-88.126458,4.799886532203818,2558.0,-10.703576882502585,rs5,23.80243816829606,32.44664058461591,8.644202416319853,3,23.80243816829606,32.44664058461591,8.644202416319853,26.33125891160298,negative_cross,toward_S1,2.6012708818629786
7,cx30,2024-03-29 23:34:45+00:00,40.288836,-88.126443,-7.230162139632514,2559.0,-12.030048671836333,rs7,21.10206219731919,34.392692977213215,13.290630779894027,2,21.10206219731919,35.57724320788072,14.475181010561531,-27.632700444717127,negative_cross,toward_S1,2.377824783427493
7,cx30,2024-03-29 23:34:46+00:00,40.288946,-88.126438,-19.467264049334283,2560.0,-12.237101909701767,rs7,10.631253692876605,28.415254996243814,17.78400130336721,2,10.631253692876605,47.52561020088707,36.89435650801047,-27.632700444717127,negative_cross,toward_S1,2.151211785099682
7,cx30,2024-03-29 23:34:47+00:00,40.289064,-88.126437,-32.58766045640674,2561.0,-13.120396407072455,rs7,9.176106221545659,27.52921591542345,18.35310969387779,2,9.176106221545659,45.97467771287667,36.79857149133101,-27.632700444717127,negative_cross,toward_S1,1.9082414812650073
7,cx30,2024-03-29 23:34:48+00:00,40.289185,-88.126448,-46.02322684970463,2562.0,-13.43556639329789,rs7,19.9543419400892,32.48463633133688,12.53029439124768,2,19.9543419400892,32.48463633133688,12.53029439124768,-27.632700444717127,negative_cross,toward_S1,1.6594346962039352
7,cx30,2024-03-29 23:34:49+00:00,40.28929,-88.126449,-57.695264334004854,2563.0,-11.672037484300226,rs10,20.855123484309374,31.214644182409742,10.359520698100368,1,20.855123484309374,31.214644182409742,10.359520698100368,-78.92951005359993,negative_cross,toward_S1,1.393226772585094
7,cx30,2024-03-29 23:34:50+00:00,40.289379,-88.126449,-67.59000252341721,2564.0,-9.894738189412358,rs10,11.095947137937225,29.881736424375436,18.78578928643821,1,11.095947137937225,40.954383058662316,29.858435920725093,-78.92951005359993,negative_cross,toward_S1,1.2099908801885688
7,cx30,2024-03-29 23:34:51+00:00,40.289452,-88.12644,-75.71968176172822,2565.0,-8.129679238311013,rs10,4.258379107370565,27.04787557648885,22.789496469118284,1,4.258379107370565,49.09629406695283,44.837914959582264,-78.92951005359993,negative_cross,toward_S1,1.0594412646642908
7,cx30,2024-03-29 23:34:52+00:00,40.289507,-88.126421,-81.86347842443584,2566.0,-6.143796662707615,rs10,6.00223860220357,25.387213555693624,19.384974953490055,1,6.00223860220357,55.38778429096155,49.38554568875798,-78.92951005359993,negative_cross,toward_S1,0.9456672523919275
7,cx30,2024-03-29 23:34:53+00:00,40.289557,-88.126398,-87.45751109048224,2567.0,-5.594032666046402,rs10,11.322320020701238,24.73758660095677,13.415266580255533,1,11.322320020701238,61.19676403158582,49.87444401088459,-78.92951005359993,negative_cross,toward_S1,0.8420740548725497
7,cx30,2024-03-29 23:34:54+00:00,40.289602,-88.12637,-92.50330980276097,2568.0,-5.0457987122787245,rs10,16.781430085915435,24.81455814130101,8.033128055385575,1,16.781430085915435,66.55665659715334,49.7752265112379,-78.92951005359993,negative_cross,toward_S1,0.7486333379784993
7,cx30,2024-03-29 23:34:55+00:00,40.289629,-88.126322,-95.57852636736493,2569.0,-3.075216564603963,rs10,21.602049954991,23.481844270776783,1.8797943157857837,1,21.602049954991,69.87839976876167,48.276349813770665,-78.92951005359993,negative_cross,toward_S1,0.6916848830784259
7,cx30,2024-03-29 23:34:56+00:00,40.289675,-88.126251,-100.8012937574112,2570.0,-5.222767390046272,rs8,24.054219562696847,29.38727721432289,5.333057651626042,1,24.054219562696847,73.68318682163894,49.6289672589421,-78.92951005359993,positive_cross,toward_S1,0.5949669684479393
7,cx30,2024-03-29 23:34:57+00:00,40.28966,-88.126187,-99.23156399700329,2571.0,1.5697297604079097,rs8,20.53745278887515,32.12678854850856,11.589335759633407,1,20.53745278887515,71.38361976332823,50.84616697445308,-78.92951005359993,positive_cross,toward_S4,0.6240360380851229
7,cx30,2024-03-29 23:34:58+00:00,40.289617,-88.126151,-94.50604169620182,2572.0,4.725522300801472,rs8,15.216424012711416,31.9376142814463,16.721190268734887,1,15.216424012711416,66.41811408731658,51.20169007460517,-78.92951005359993,positive_cross,toward_S4,0.7115457103221872
7,cx30,2024-03-29 23:34:59+00:00,40.289564,-88.126142,-88.62743990143237,2573.0,5.878601794769452,rs8,9.275122555233132,30.21710562610991,20.941983070876777,1,9.275122555233132,60.4980688878718,51.22294633263867,-78.92951005359993,positive_cross,toward_S4,0.8204087065216215
7,cx30,2024-03-29 23:35:00+00:00,40.289502,-88.126154,-81.71611570409512,2574.0,6.911324197337251,rs8,3.4205615482496783,27.72372727503743,24.30316572678775,1,3.4205615482496783,53.65555597332872,50.23499442507904,-78.92951005359993,positive_cross,toward_S4,0.9483961916574964
7,cx30,2024-03-29 23:35:01+00:00,40.289435,-88.126166,-74.24890733860916,2575.0,7.467208365485959,rs8,6.327456110075421,26.946159780813897,20.618703670738476,1,6.327456110075421,46.296911263297034,39.96945515322161,-78.92951005359993,positive_cross,toward_S4,1.0866778280553846
7,cx30,2024-03-29 23:35:02+00:00,40.28936,-88.126164,-65.91370490528281,2576.0,8.335202433326344,rs8,13.974254038437447,29.681557291228142,15.707303252790695,1,13.974254038437447,37.977054692277946,24.0028006538405,-78.92951005359993,positive_cross,toward_S4,1.241033428672539
7,cx30,2024-03-29 23:35:03+00:00,40.28927,-88.126168,-55.901669710257565,2577.0,10.012035195025248,rs8,23.85701798671545,28.089474960853494,4.232456974138042,1,23.85701798671545,28.089474960853494,4.232456974138042,-78.92951005359993,positive_cross,toward_S4,1.4264414878396734
7,cx30,2024-03-29 23:35:04+00:00,40.289174,-88.126173,-45.22104347091981,2578.0,10.680626239337755,rs6,17.719146363107352,34.49106384935807,16.771917486250718,2,17.719146363107352,34.49106384935807,16.771917486250718,-27.632700444717127,positive_cross,toward_S4,1.6742899439592096
7,cx30,2024-03-29 23:35:05+00:00,40.288956,-88.126176,-20.979903618268526,2579.0,24.241139852651283,rs6,8.709671176196531,30.277827768133363,21.568156591936834,2,8.709671176196531,47.027625280673305,38.317954104476776,-27.632700444717127,positive_cross,toward_S4,2.1231999412305296
7,cx30,2024-03-29 23:35:06+00:00,40.28884,-88.126167,-8.097161307375584,2580.0,12.882742310892942,rs6,20.49829138274764,34.13096668210484,13.6326752993572,2,20.49829138274764,34.13096668210484,13.6326752993572,-27.632700444717127,positive_cross,toward_S4,2.361769243284103
7,cx30,2024-03-29 23:35:07+00:00,40.288711,-88.12616,6.233939926311341,2581.0,14.331101233686926,rs3,19.88260845315796,34.600939359433006,14.718330906275046,3,19.88260845315796,34.600939359433006,14.718330906275046,26.33125891160298,positive_cross,toward_S4,2.627827426198303
7,cx30,2024-03-29 23:35:08+00:00,40.288584,-88.126155,20.34574757832453,2582.0,14.11180765201319,rs3,6.456758017600851,35.102909006286,28.646150988685147,3,6.456758017600851,48.64278269051991,42.18602467291906,26.33125891160298,positive_cross,toward_S4,2.8891571975318806
7,cx30,2024-03-29 23:35:09+00:00,40.28846,-88.126152,34.127084815371965,2583.0,13.781337237047435,rs3,9.102699687700863,35.67330992143867,26.57061023373781,3,9.102699687700863,45.0830267603036,35.98032707260274,26.33125891160298,positive_cross,toward_S4,3.1443671463660925
7,cx30,2024-03-29 23:35:10+00:00,40.288351,-88.126153,46.246889720250806,2584.0,12.11980490487884,rs3,20.866011678825554,33.00969512693534,12.143683448109787,3,20.866011678825554,33.00969512693534,12.143683448109787,26.33125891160298,positive_cross,toward_S4,3.3688079779379225
7,cx30,2024-03-29 23:35:11+00:00,40.288255,-88.126154,56.92139578810113,2585.0,10.674506067850324,rs1,22.423128728135172,31.455166392847012,9.03203766471184,4,22.423128728135172,31.455166392847012,9.03203766471184,80.2309515867141,positive_cross,toward_S4,3.568341559284945
7,cx30,2024-03-29 23:35:12+00:00,40.288163,-88.126159,67.15731469341567,2586.0,10.235918905314541,rs1,12.525252605245958,36.367344861240746,23.842092255994785,4,12.525252605245958,41.67700493209447,29.15175232684851,80.2309515867141,positive_cross,toward_S4,3.757895613087066
7,cx30,2024-03-29 23:35:13+00:00,40.28807,-88.12617,77.51359068929686,2587.0,10.356275995881191,rs1,4.994321760329622,32.92882841470301,27.93450665437339,4,4.994321760329622,52.06294873631373,47.06862697598411,80.2309515867141,positive_cross,toward_S4,3.949678501899681
7,cx30,2024-03-29 23:35:14+00:00,40.287992,-88.126178,86.19762405209474,2588.0,8.684033362797877,rs1,8.91626994600189,32.51886631385474,23.602596367852847,4,8.91626994600189,60.7641293905094,51.84785944450751,80.2309515867141,positive_cross,toward_S4,4.110493934544086
7,cx30,2024-03-29 23:35:15+00:00,40.28793,-88.126187,93.10435812081646,2589.0,6.906734068721718,rs1,15.284744246519884,33.617035473872654,18.33229122735277,4,15.284744246519884,67.70127019135286,52.416525944832976,80.2309515867141,positive_cross,toward_S4,4.238396417298191
7,cx30,2024-03-29 23:35:17+00:00,40.287882,-88.126232,98.50969806271321,2591.0,2.702669970948378,rs1,21.752133123559304,32.62792764613799,10.875794522578687,4,21.752133123559304,73.44872306770377,51.69658994414446,80.2309515867141,positive_cross,toward_S4,4.338495305111095
7,cx30,2024-03-29 23:35:18+00:00,40.287852,-88.126348,102.02248804438554,2592.0,3.512789981672327,rs2,27.35911840213544,30.113419575222167,2.754301173086727,4,27.35911840213544,77.51148067326346,50.15236227112803,80.2309515867141,negative_cross,toward_S4,4.40354697143836
7,cx30,2024-03-29 23:35:19+00:00,40.287863,-88.126414,100.900525704578,2593.0,-1.1219623398075385,rs2,23.07590829037423,33.26240761244707,10.18649932207284,4,23.07590829037423,75.18443493540298,52.108526645028746,80.2309515867141,negative_cross,toward_S1,4.382769891071554
7,cx30,2024-03-29 23:35:20+00:00,40.287893,-88.126467,97.64631296969185,2594.0,-3.2542127348861527,rs2,18.003201356809623,34.97805824598002,16.9748568891704,4,18.003201356809623,71.2466779921589,53.24347663534927,80.2309515867141,negative_cross,toward_S1,4.322506692277366
7,cx30,2024-03-29 23:35:22+00:00,40.287933,-88.126504,93.2558512116817,2596.0,-2.1952308790050736,rs2,12.685189214265776,35.77737087644856,23.09218166218278,4,12.685189214265776,66.52081554221486,53.835626327949086,80.2309515867141,negative_cross,toward_S1,4.241201844906808
7,cx30,2024-03-29 23:35:23+00:00,40.287994,-88.126519,86.497015006097,2597.0,-6.7588362055847,rs2,5.9976692165367025,35.023715000389124,29.02604578385242,4,5.9976692165367025,59.664841040660036,53.667171824123336,80.2309515867141,negative_cross,toward_S1,4.1160382114700536
7,cx30,2024-03-29 23:35:24+00:00,40.288065,-88.126522,78.60804994889752,2598.0,-7.888965057199485,rs2,4.020509578005529,34.614760174168,30.594250596162468,4,4.020509578005529,51.7676797212448,47.747170143239266,80.2309515867141,negative_cross,toward_S1,3.96994626596636
7,cx30,2024-03-29 23:35:25+00:00,40.288148,-88.126523,69.38190280384116,2599.0,-9.226147145056359,rs2,12.347181322262221,36.17157873234277,23.82439741008055,4,12.347181322262221,42.553898140914946,30.206716818652723,80.2309515867141,negative_cross,toward_S1,3.7990916892060564
7,cx30,2024-03-29 23:35:26+00:00,40.288242,-88.126518,58.923630231899125,2600.0,-10.458272571942032,rs2,22.71008072129684,32.18864106364417,9.478560342347329,4,22.71008072129684,32.18864106364417,9.478560342347329,80.2309515867141,negative_cross,toward_S1,3.6054199749108338
7,cx30,2024-03-29 23:35:27+00:00,40.288338,-88.126511,48.23994390598422,2601.0,-10.683686325914906,rs5,21.732501340172806,33.37663882246903,11.644137482296227,3,21.732501340172806,33.37663882246903,11.644137482296227,26.33125891160298,negative_cross,toward_S1,3.4057163887848376
7,cx30,2024-03-29 23:35:28+00:00,40.288444,-88.126504,36.444489245373646,2602.0,-11.795454660610574,rs5,10.71729997119509,34.78094175510242,24.06364178390733,3,10.71729997119509,45.163405568334056,34.44610559713897,26.33125891160298,negative_cross,toward_S1,3.187282043217975
7,cx30,2024-03-29 23:35:29+00:00,40.288556,-88.126493,23.975853411001538,2603.0,-12.468635834372108,rs5,6.5972229435051215,32.384778551380805,25.78755560787568,3,6.5972229435051215,51.155234249188,44.558011305682875,26.33125891160298,negative_cross,toward_S1,2.9563813796184917
7,cx30,2024-03-29 23:35:30+00:00,40.288675,-88.126479,10.724389613237694,2604.0,-13.251463797763844,rs5,17.676321894891675,34.749223666047776,17.0729017711561,3,17.676321894891675,38.04495526337198,20.368633368480307,26.33125891160298,negative_cross,toward_S1,2.7109839018821242
7,cx30,2024-03-29 23:35:31+00:00,40.288797,-88.126463,-2.863664771812773,2605.0,-13.588054385050466,rs7,24.8314689182789,30.938182800691326,6.106713882412425,2,24.8314689182789,30.938182800691326,6.106713882412425,-27.632700444717127,negative_cross,toward_S1,2.458685845794525
7,cx30,2024-03-29 23:35:32+00:00,40.288919,-88.12645,-16.447129027435963,2606.0,-13.583464255623191,rs7,12.428419467658154,30.373294835182698,17.944875367524546,2,12.428419467658154,44.37252080539144,31.944101337733287,-27.632700444717127,negative_cross,toward_S1,2.2071402114311325
7,cx30,2024-03-29 23:35:33+00:00,40.289028,-88.126445,-28.573054103823985,2607.0,-12.125925076388022,rs7,6.874706291479099,27.790322825233456,20.915616533754356,2,6.874706291479099,49.92393194844915,43.04922565697005,-27.632700444717127,negative_cross,toward_S1,1.982586043349873
7,cx30,2024-03-29 23:35:34+00:00,40.289129,-88.126441,-39.80803446846027,2608.0,-11.234980364636286,rs7,14.487243316081486,29.979233434925135,15.491990118843649,2,14.487243316081486,38.741046396206364,24.25380308012488,-27.632700444717127,negative_cross,toward_S1,1.774530851412164
7,cx30,2024-03-29 23:35:35+00:00,40.289229,-88.12644,-50.92724787035556,2609.0,-11.119213401895287,rs7,24.821823243777082,27.68249118490645,2.8606679411293676,2,24.821823243777082,27.68249118490645,2.8606679411293676,-27.632700444717127,negative_cross,toward_S1,1.568619492117807
7,cx30,2024-03-29 23:35:36+00:00,40.289318,-88.126438,-60.82504614632332,2610.0,-9.897798275967759,rs10,17.92563309063084,32.30246068647337,14.376827595842528,1,17.92563309063084,34.455171540406575,16.529538449775735,-78.92951005359993,negative_cross,toward_S1,1.335267850134752
7,cx30,2024-03-29 23:35:37+00:00,40.2894,-88.126437,-69.94307654383137,2611.0,-9.11803039750805,rs10,9.183810524843306,28.10304285546803,18.919232330624723,1,9.183810524843306,43.42509579913332,34.24128527429001,-78.92951005359993,negative_cross,toward_S1,1.1664154353660845
7,cx30,2024-03-29 23:35:38+00:00,40.28947,-88.126435,-77.72851498128645,2612.0,-7.785438437455085,rs10,3.7942050072304463,26.45238554710837,22.658180539877925,1,3.7942050072304463,51.13896852929642,47.344763522065975,-78.92951005359993,negative_cross,toward_S1,1.0222406494872867
7,cx30,2024-03-29 23:35:39+00:00,40.289533,-88.126433,-84.73571558317542,2613.0,-7.007200601888968,rs10,7.43537182059714,26.86073066367868,19.42535884308154,1,7.43537182059714,58.10055664337293,50.66518482277579,-78.92951005359993,negative_cross,toward_S1,0.8924776753782316
7,cx30,2024-03-29 23:35:40+00:00,40.289584,-88.126413,-90.43633495392,2614.0,-5.700619370744576,rs10,13.243372329252246,27.056955350124895,13.813583020872649,1,13.243372329252246,63.95538229739009,50.71200996813784,-78.92951005359993,negative_cross,toward_S1,0.7869106499940728
7,cx30,2024-03-29 23:35:41+00:00,40.289619,-88.126379,-94.37954558794428,2615.0,-3.9432106340242825,rs10,18.01689587504101,26.502920869486182,8.486024994445174,1,18.01689587504101,68.26957426683761,50.2526783917966,-78.92951005359993,negative_cross,toward_S1,0.713888230845475
7,cx30,2024-03-29 23:35:42+00:00,40.28964,-88.126329,-96.79076123685127,2616.0,-2.411215648906989,rs10,22.232660893493428,24.764963138171687,2.5323022446782595,1,22.232660893493428,71.2115195225855,48.97885862909207,-78.92951005359993,negative_cross,toward_S1,0.6692360891990492
7,cx30,2024-03-29 23:35:43+00:00,40.289644,-88.126269,-97.3272711442368,2617.0,-0.5365099073855362,rs8,21.855245954849703,25.81066531292068,3.9554193580709764,1,21.855245954849703,70.54013106292085,48.68488510807114,-78.92951005359993,positive_cross,toward_S1,0.6593007205437615
7,cx30,2024-03-29 23:35:44+00:00,40.289637,-88.126212,-96.63624575258399,2618.0,0.6910253916528148,rs8,18.821221057436176,28.869139810062837,10.04791875262666,1,18.821221057436176,69.04823538309218,50.227014325656,-78.92951005359993,positive_cross,toward_S4,0.6720974870558507
7,cx30,2024-03-29 23:35:45+00:00,40.289605,-88.126165,-93.15049909300576,2619.0,3.4857466595782256,rs8,14.14609126359227,30.253280967240332,16.10718970364806,1,14.14609126359227,65.14716220587592,51.00107094228365,-78.92951005359993,positive_cross,toward_S4,0.7366483511221141
7,cx30,2024-03-29 23:35:46+00:00,40.289556,-88.126138,-87.7441454040617,2620.0,5.4063536889440655,rs8,8.342932968660909,30.265289476590286,21.92235650792938,1,8.342932968660909,59.597966166605104,51.25503319794419,-78.92951005359993,positive_cross,toward_S4,0.8367660120284857
7,cx30,2024-03-29 23:35:47+00:00,40.289494,-88.12615,-80.83282120672439,2621.0,6.911324197337308,rs8,2.6188123245253427,27.983935476130224,25.36512315160488,1,2.6188123245253427,52.748471243346096,50.12965891882075,-78.92951005359993,positive_cross,toward_S4,0.9647534971643618
7,cx30,2024-03-29 23:35:48+00:00,40.289426,-88.126158,-73.26055617941215,2622.0,7.572265027312241,rs8,6.858411086964307,27.798545308331914,20.940134221367607,1,6.858411086964307,45.24342958412446,38.385018497160154,-78.92951005359993,positive_cross,toward_S4,1.1049806272997738
7,cx30,2024-03-29 23:35:49+00:00,40.289349,-88.126164,-64.69075973567172,2623.0,8.56979644374043,rs8,15.163338636731504,30.233932250353327,15.070593613621822,1,15.163338636731504,36.76037488431789,21.597036247586388,-78.92951005359993,positive_cross,toward_S4,1.263680561443115
7,cx30,2024-03-29 23:35:50+00:00,40.289271,-88.126162,-56.02202680084595,2624.0,8.66873293482577,rs8,23.671779300393805,28.126719838519907,4.4549405381261025,1,23.671779300393805,28.126719838519907,4.4549405381261025,-78.92951005359993,positive_cross,toward_S4,1.4242126528287773
7,cx30,2024-03-29 23:35:51+00:00,40.289195,-88.126166,-47.56646727616299,2625.0,8.455559524682961,rs6,19.84951796846929,32.10190730245403,12.252389333984741,2,19.84951796846929,32.10190730245403,12.252389333984741,-27.632700444717127,positive_cross,toward_S4,1.6308561697880397
7,cx30,2024-03-29 23:35:52+00:00,40.289106,-88.126165,-37.67325912883255,2626.0,9.89320814733044,rs6,10.335459268871736,32.10984412171746,21.77438485284572,2,10.335459268871736,41.94618097280475,31.61072170393301,-27.632700444717127,positive_cross,toward_S4,1.8140637280719367
7,cx30,2024-03-29 23:35:53+00:00,40.289012,-88.126167,-27.219576685527823,2627.0,10.453682443304725,rs6,4.2940983409534,30.316483622818343,26.022385281864942,2,4.2940983409534,52.38370907279465,48.089610731841255,-27.632700444717127,positive_cross,toward_S4,2.007650439984987
7,cx30,2024-03-29 23:35:54+00:00,40.288909,-88.126164,-15.772952953598821,2628.0,11.446623731929002,rs6,13.000958916482897,32.77566408115799,19.774705164675094,2,13.000958916482897,41.71955587330136,28.718596956818462,-27.632700444717127,positive_cross,toward_S4,2.219624953539228
7,cx30,2024-03-29 23:35:55+00:00,40.288805,-88.126158,-4.21974251778334,2629.0,11.553210435815481,rs6,24.20210550397488,30.171163610325873,5.969058106350992,2,24.20210550397488,30.171163610325873,5.969058106350992,-27.632700444717127,positive_cross,toward_S4,2.4335732949432183
7,cx30,2024-03-29 23:35:56+00:00,40.288691,-88.126136,8.420755569104468,2630.0,12.640498086887808,rs3,17.3579347827164,36.67120079310611,19.31326601038971,3,17.3579347827164,36.67120079310611,19.31326601038971,26.33125891160298,positive_cross,toward_S4,2.6683240121759537
7,cx30,2024-03-29 23:35:57+00:00,40.288577,-88.126127,21.081144213369914,2631.0,12.660388644265446,rs3,4.729998291345469,37.32658741230621,32.59658912096074,3,4.729998291345469,49.32420829124643,44.59420999990096,26.33125891160298,positive_cross,toward_S4,2.9027756537364247
7,cx30,2024-03-29 23:35:58+00:00,40.288463,-88.126123,33.749183071248176,2632.0,12.668038857878262,rs3,8.17106312052935,38.012957259939824,29.841894139410474,3,8.17106312052935,45.308641401593626,37.13757828106428,26.33125891160298,positive_cross,toward_S4,3.1373689659193555
7,cx30,2024-03-29 23:35:59+00:00,40.288357,-88.126125,45.53698751826767,2633.0,11.787804447019496,rs3,19.939111920269074,33.52502173296211,13.585909812693036,3,19.939111920269074,33.52502173296211,13.585909812693036,26.33125891160298,positive_cross,toward_S4,3.355661640864161
7,cx30,2024-03-29 23:36:00+00:00,40.28826,-88.126127,56.3242004623036,2634.0,10.787212944035929,rs1,22.749477912678334,30.724140854144725,7.974662941466391,4,22.749477912678334,30.724140854144725,7.974662941466391,80.2309515867141,positive_cross,toward_S4,3.557282386584991
7,cx30,2024-03-29 23:36:01+00:00,40.288171,-88.126147,66.24953951003003,2635.0,9.925339047726432,rs1,13.122863864766522,37.648143361133926,24.525279496367403,4,13.122863864766522,40.70483885820069,27.581974993434166,80.2309515867141,positive_cross,toward_S4,3.741084961542888
7,cx30,2024-03-29 23:36:02+00:00,40.28809,-88.126153,75.26404328860536,2636.0,9.014503778575332,rs1,5.039004935744796,34.65152996183663,29.612525026091834,4,5.039004935744796,49.727579266390705,44.688574330645906,80.2309515867141,positive_cross,toward_S4,3.90802021670169
7,cx30,2024-03-29 23:36:03+00:00,40.288023,-88.126161,82.72513148179218,2637.0,7.461088193186811,rs1,5.384690669282839,33.57446023330945,28.189769564026612,4,5.384690669282839,57.20913453442174,51.8244438651389,80.2309515867141,positive_cross,toward_S4,4.04618851657552
7,cx30,2024-03-29 23:36:04+00:00,40.287966,-88.126173,89.08057151177076,2638.0,6.355440029978581,rs1,11.154770389280126,33.526883490903764,22.37211310162364,4,11.154770389280126,63.60853039619051,52.453760006910386,80.2309515867141,positive_cross,toward_S4,4.163881850464012
7,cx30,2024-03-29 23:36:05+00:00,40.287906,-88.126192,95.78025234183707,2639.0,6.699680830066313,rs1,17.91125960752812,34.29435389263564,16.38309428510752,4,17.91125960752812,70.39892479807162,52.487665190543495,80.2309515867141,positive_cross,toward_S4,4.2879500139837585
7,cx30,2024-03-29 23:36:06+00:00,40.287866,-88.126234,100.29158748621666,2640.0,4.511335144379586,rs1,23.42024177267591,33.48066998703609,10.060428214360176,4,23.42024177267591,75.23474486586477,51.81450309318886,80.2309515867141,positive_cross,toward_S4,4.371493257398195
7,cx30,2024-03-29 23:36:07+00:00,40.28784,-88.126279,103.25103708889128,2641.0,2.959449602674624,rs1,27.768639166134513,32.3587622381109,4.590123071976386,4,27.768639166134513,78.69645557296913,50.927816406834616,80.2309515867141,positive_cross,toward_S4,4.4262978796699475
7,cx30,2024-03-29 23:36:08+00:00,40.287836,-88.126338,103.78601695340497,2642.0,0.5349798645136872,rs2,29.2703711154786,30.94650142864307,1.676130313164471,4,29.2703711154786,79.44160192801537,50.17123081253678,80.2309515867141,negative_cross,toward_S4,4.436204914197979
7,cx30,2024-03-29 23:36:09+00:00,40.287843,-88.1264,103.10264177613321,2643.0,-0.6833751772717562,rs2,25.593704277687056,33.877401242205494,8.283696964518438,4,25.593704277687056,77.58066253306005,51.986958255373,80.2309515867141,negative_cross,toward_S1,4.423549818322576
7,cx30,2024-03-29 23:36:10+00:00,40.287871,-88.126458,100.07843292223383,2644.0,-3.024208853899381,rs2,20.547363253727365,35.67752791692803,15.130164663200663,4,20.547363253727365,73.76618616701383,53.21882291328646,80.2309515867141,negative_cross,toward_S1,4.367545950657773
7,cx30,2024-03-29 23:36:11+00:00,40.287914,-88.126495,95.35444066430418,2645.0,-4.723992257929652,rs2,14.932132511341123,35.947804553152125,21.015672041811,4,14.932132511341123,68.6878533833655,53.75572087202438,80.2309515867141,negative_cross,toward_S1,4.280064612547965
7,cx30,2024-03-29 23:36:12+00:00,40.287972,-88.126503,88.91842465851423,2646.0,-6.436016005789952,rs2,8.793956614480603,34.27580616819888,25.48184955371828,4,8.793956614480603,62.202749951445576,53.408793336964976,80.2309515867141,negative_cross,toward_S1,4.160879130959262
7,cx30,2024-03-29 23:36:13+00:00,40.288032,-88.126503,82.24781464310018,2647.0,-6.6706100154140415,rs2,4.590096490282289,33.092435237382574,28.502338747100286,4,4.590096490282289,55.55382336065737,50.963726870375076,80.2309515867141,negative_cross,toward_S1,4.037349315859002
7,cx30,2024-03-29 23:36:14+00:00,40.288105,-88.126501,74.1288457049139,2648.0,-8.118968938186285,rs2,8.618834580334502,33.27253099106372,24.653696410729218,4,8.618834580334502,47.49197016860518,38.87313558827068,80.2309515867141,negative_cross,toward_S1,3.8869980392259222
7,cx30,2024-03-29 23:36:15+00:00,40.288183,-88.126497,65.45093251360345,2649.0,-8.677913191310452,rs2,16.687644899290387,35.43038974153627,18.74274484224588,4,16.687644899290387,38.92751964865504,22.239874749364656,80.2309515867141,negative_cross,toward_S1,3.7262959430905433
7,cx30,2024-03-29 23:36:16+00:00,40.288261,-88.126501,56.78525966452139,2650.0,-8.665672849082057,rs2,25.032541468223787,30.30572106819331,5.273179599969524,4,25.032541468223787,30.30572106819331,5.273179599969524,80.2309515867141,negative_cross,toward_S1,3.565820519959394
7,cx30,2024-03-29 23:36:17+00:00,40.288342,-88.126505,47.78605631468638,2651.0,-8.999203349835014,rs5,21.407110218003492,33.88002323510139,12.472913017097898,3,21.407110218003492,33.88002323510139,12.472913017097898,26.33125891160298,negative_cross,toward_S1,3.397311063020063
7,cx30,2024-03-29 23:36:18+00:00,40.288438,-88.126509,37.11920046121709,2652.0,-10.666855853469286,rs5,11.13341377850399,35.38644511696584,24.25303133846185,3,11.13341377850399,44.45916378270793,33.32575000420394,26.33125891160298,negative_cross,toward_S1,3.1997766953632243
7,cx30,2024-03-29 23:36:19+00:00,40.28854,-88.12651,25.78069347764807,2653.0,-11.338506983569019,rs5,4.607661443949177,33.75355675433623,29.145895310387054,3,4.607661443949177,52.87980066270448,48.272139218755306,26.33125891160298,negative_cross,toward_S1,2.9898043438156496
7,cx30,2024-03-29 23:36:20+00:00,40.288648,-88.126495,13.750644805833485,2654.0,-12.030048671814587,rs5,14.380949814912846,34.785095229725826,20.40414541481298,3,14.380949814912846,40.928997984977265,26.54804817006442,26.33125891160298,negative_cross,toward_S1,2.7670256647079725
7,cx30,2024-03-29 23:36:21+00:00,40.288758,-88.126469,1.481411995735734,2655.0,-12.269232810097751,rs5,26.635100941643437,29.000581809482952,2.3654808678395156,3,26.635100941643437,29.000581809482952,2.3654808678395156,26.33125891160298,negative_cross,toward_S1,2.539817649706162
7,cx30,2024-03-29 23:36:22+00:00,40.288868,-88.12645,-10.777110514215526,2656.0,-12.25852250995126,rs7,17.554535431234658,32.90393993014421,15.349404498909553,2,17.554535431234658,38.85193540087659,21.297399969641933,-27.632700444717127,negative_cross,toward_S1,2.3121405542685483
7,cx30,2024-03-29 23:36:23+00:00,40.288971,-88.126446,-22.23444454547932,2657.0,-11.457334031263795,rs7,8.271055644122505,28.39892915516787,20.127873511045365,2,8.271055644122505,50.102209957336285,41.83115431321378,-27.632700444717127,negative_cross,toward_S1,2.099967701837737
7,cx30,2024-03-29 23:36:24+00:00,40.289079,-88.126445,-34.24307261704442,2658.0,-12.008628071565099,rs7,9.77062346813302,28.531902164819396,18.761278696686375,2,9.77062346813302,44.262079087224464,34.49145561909144,-27.632700444717127,negative_cross,toward_S1,1.8775857005124577
7,cx30,2024-03-29 23:36:25+00:00,40.289183,-88.126443,-45.80852339666821,2659.0,-11.565450779623788,rs7,19.887177548263004,32.743207246781864,12.85602969851886,2,19.887177548263004,32.743207246781864,12.85602969851886,-27.632700444717127,negative_cross,toward_S1,1.66341068607498
7,cx30,2024-03-29 23:36:26+00:00,40.289283,-88.126441,-56.92926684143533,2660.0,-11.120743444767122,rs10,21.71843382773553,30.602545501139968,8.884111673404437,1,21.71843382773553,30.602545501139968,8.884111673404437,-78.92951005359993,negative_cross,toward_S1,1.4074119113363814
7,cx30,2024-03-29 23:36:27+00:00,40.289365,-88.126444,-66.04117706743422,2661.0,-9.11191022599889,rs10,12.709024982280166,30.12822148188484,17.419196499604674,1,12.709024982280166,39.48799987308628,26.778974890806115,-78.92951005359993,negative_cross,toward_S1,1.2386728330771428
7,cx30,2024-03-29 23:36:28+00:00,40.289451,-88.126443,-75.6039147997989,2662.0,-9.562737732364681,rs10,4.137979239170333,27.314228438936365,23.176249199766033,1,4.137979239170333,48.949742538227255,44.81176329905692,-78.92951005359993,negative_cross,toward_S1,1.0615850972926115
7,cx30,2024-03-29 23:36:29+00:00,40.289524,-88.126441,-83.7228837379852,2663.0,-8.118968938186299,rs10,6.227277159271981,27.334851328355732,21.10757416908375,1,6.227277159271981,57.02051484135141,50.79323768207942,-78.92951005359993,negative_cross,toward_S1,0.911233820659532
7,cx30,2024-03-29 23:36:30+00:00,40.289589,-88.126435,-90.95855817880079,2664.0,-7.235674440815586,rs10,13.10058334293964,28.985753127568632,15.885169784628992,1,13.10058334293964,64.25876328345731,51.15817994051767,-78.92951005359993,negative_cross,toward_S1,0.7772398495333175
7,cx30,2024-03-29 23:36:31+00:00,40.289647,-88.126424,-97.42364499922127,2665.0,-6.465086820420481,rs10,19.572955638141433,31.419545012564054,11.84658937442262,1,19.572955638141433,70.77512483340367,51.20216919526223,-78.92951005359993,negative_cross,toward_S1,0.6575160195255307
7,cx30,2024-03-29 23:36:32+00:00,40.28969,-88.126387,-102.26086042997277,2666.0,-4.837215430751499,rs10,25.039004770208315,32.18176228653022,7.1427575163219075,1,25.039004770208315,75.94313155981301,50.904126789604696,-78.92951005359993,negative_cross,toward_S1,0.5679379559930955
7,cx30,2024-03-29 23:36:33+00:00,40.289716,-88.126326,-105.24479071864063,2667.0,-2.983930288667864,rs10,29.673127062266705,31.199978943139516,1.5268518808728118,1,29.673127062266705,79.36365945784061,49.69053239557391,-78.92951005359993,negative_cross,toward_S1,0.5126799876844315
7,cx30,2024-03-29 23:36:34+00:00,40.289689,-88.126265,-102.33634882748225,2668.0,2.9084418911583754,rs8,25.98157174131762,29.839451610606986,3.8578798692893663,1,25.98157174131762,75.41011457695264,49.428542835635014,-78.92951005359993,positive_cross,toward_S4,0.5665400227058828
7,cx30,2024-03-29 23:36:35+00:00,40.28966,-88.126215,-99.18872279648257,2669.0,3.147626030999689,rs8,21.283482359229037,30.33265170110503,9.049169341875992,1,21.283482359229037,71.61871007043413,50.33522771120509,-78.92951005359993,positive_cross,toward_S4,0.6248293936503215
7,cx30,2024-03-29 23:36:36+00:00,40.28961,-88.126185,-93.67578240363028,2670.0,5.512940392852286,rs8,15.180975736872446,29.0514593048465,13.870483567974054,1,15.180975736872446,65.82789465035115,50.64691891347871,-78.92951005359993,positive_cross,toward_S4,0.7269208824068454
7,cx30,2024-03-29 23:36:37+00:00,40.289548,-88.12618,-86.79046893517983,2671.0,6.885313468450448,rs8,8.781431364543604,26.5984506177042,17.817019253160595,1,8.781431364543604,58.92134368457351,50.13991232002991,-78.92951005359993,positive_cross,toward_S4,0.8544266873781499
7,cx30,2024-03-29 23:36:38+00:00,40.289481,-88.126187,-79.33091078407489,2672.0,7.459558151104943,rs8,5.379719649790948,24.779863487562967,19.40014383777202,1,5.379719649790948,51.56810585330304,46.18838620351209,-78.92951005359993,positive_cross,toward_S4,0.9925666531393526
7,cx30,2024-03-29 23:36:39+00:00,40.289408,-88.126182,-71.22265214601337,2673.0,8.108258638061514,rs8,9.587979332504048,26.311920331119527,16.72394099861548,1,9.587979332504048,43.45618983455776,33.868210502053714,-78.92951005359993,positive_cross,toward_S4,1.1427195908812324
7,cx30,2024-03-29 23:36:40+00:00,40.289333,-88.126178,-62.8905097976625,2674.0,8.332142348350871,rs8,17.181978820059673,30.091482057291653,12.90950323723198,1,17.181978820059673,35.144961639964656,17.962982819904983,-78.92951005359993,positive_cross,toward_S4,1.2970185232581004
7,cx30,2024-03-29 23:36:41+00:00,40.28925,-88.126178,-53.66283260971257,2675.0,9.227677187949936,rs6,26.046645232835456,26.192122715798675,0.14547748296321927,2,26.046645232835456,26.192122715798675,0.14547748296321927,-27.632700444717127,positive_cross,toward_S4,1.5179605154630473
7,cx30,2024-03-29 23:36:42+00:00,40.289163,-88.126176,-43.99350817267143,2676.0,9.669324437041134,rs6,16.616782685434522,33.810118472916486,17.193335787481963,2,16.616782685434522,35.7365672167016,19.11978453126708,-27.632700444717127,positive_cross,toward_S4,1.6970220791119572
7,cx30,2024-03-29 23:36:43+00:00,40.28907,-88.126177,-33.65253260555232,2677.0,10.340975567119116,rs6,7.472177026323164,30.08738542709338,22.615208400770214,2,7.472177026323164,46.02653214284652,38.554355116523354,-27.632700444717127,positive_cross,toward_S4,1.8885216266512002
7,cx30,2024-03-29 23:36:44+00:00,40.288972,-88.126176,-22.758732956028258,2678.0,10.893799649524059,rs6,7.316463984709667,29.940573186365572,22.624109201655905,2,7.316463984709667,48.79584867167846,41.4793846869688,-27.632700444717127,positive_cross,toward_S4,2.0902586571979422
7,cx30,2024-03-29 23:36:45+00:00,40.288868,-88.126171,-11.203992476550956,2679.0,11.554740479477301,rs6,17.54591578147635,34.16020614678965,16.6142903653133,2,17.54591578147635,37.262607236130535,19.716691454654185,-27.632700444717127,positive_cross,toward_S4,2.304235332743818
7,cx30,2024-03-29 23:36:46+00:00,40.288758,-88.126161,1.0101587900077162,2680.0,12.214151266558673,rs3,25.036963492279977,29.417152980079678,4.380189487799701,3,25.036963492279977,29.417152980079678,4.380189487799701,26.33125891160298,positive_cross,toward_S4,2.5310907384889765
7,cx30,2024-03-29 23:36:47+00:00,40.288646,-88.126156,13.454313938364878,2681.0,12.444155148357162,rs3,12.786803255200546,36.84654095112171,24.059737695921164,3,12.786803255200546,41.77039219145384,28.98358893625329,26.33125891160298,positive_cross,toward_S4,2.761538056051146
7,cx30,2024-03-29 23:36:48+00:00,40.288527,-88.12615,26.675176878626342,2682.0,13.220862940261464,rs3,3.359671695045798,34.998842607006786,31.63917091196099,3,3.359671695045798,52.50889858632469,49.14922689127889,26.33125891160298,positive_cross,toward_S4,3.0063688512411733
7,cx30,2024-03-29 23:36:49+00:00,40.288408,-88.126147,39.90062994831508,2683.0,13.225453069688736,rs3,14.539907032646443,37.749945421718934,23.21003838907249,3,14.539907032646443,39.28373404846974,24.743827015823296,26.33125891160298,positive_cross,toward_S4,3.251284648828002
7,cx30,2024-03-29 23:36:50+00:00,40.288294,-88.126152,52.582439192061805,2684.0,12.681809243746727,rs1,26.698558737697212,27.12775914252113,0.4292004048239164,4,26.698558737697212,27.12775914252113,0.4292004048239164,80.2309515867141,positive_cross,toward_S4,3.4879905112101426
7,cx30,2024-03-29 23:36:51+00:00,40.288194,-88.126153,63.70165259474703,2685.0,11.119213402685226,rs1,15.730903492332839,38.19658888575607,22.465685393423232,4,15.730903492332839,38.19658888575607,22.465685393423232,80.2309515867141,positive_cross,toward_S4,3.693901870519128
7,cx30,2024-03-29 23:36:52+00:00,40.288103,-88.126156,73.8233345801924,2686.0,10.121681985445363,rs1,6.344732620901648,34.66393630099434,28.319203680092688,4,6.344732620901648,48.30416398376878,41.959431362867136,80.2309515867141,positive_cross,toward_S4,3.8813404258051536
7,cx30,2024-03-29 23:36:53+00:00,40.288018,-88.126161,83.28101564994084,2687.0,9.457681069748446,rs1,5.774910572351487,33.610184396207245,27.835273823855758,4,5.774910572351487,57.76382192396195,51.98891135161046,80.2309515867141,positive_cross,toward_S4,4.056482667837532
7,cx30,2024-03-29 23:36:54+00:00,40.287949,-88.126165,90.95833733984763,2688.0,7.67732168990679,rs1,12.626265216158037,34.6885592937071,22.062294077549062,4,12.626265216158037,65.4433670973814,52.81710188122336,80.2309515867141,positive_cross,toward_S4,4.198655291724695
7,cx30,2024-03-29 23:36:55+00:00,40.28789,-88.12618,97.540721165091,2689.0,6.582383825243369,rs1,19.257188785367614,36.00303323495747,16.745844449589857,4,19.257188785367614,72.08211426600117,52.82492548063355,80.2309515867141,positive_cross,toward_S4,4.320551288488462
7,cx30,2024-03-29 23:36:56+00:00,40.287855,-88.126218,101.49005196981277,2690.0,3.949330804721768,rs1,23.997535757063115,35.29619755701554,11.298661799952423,4,23.997535757063115,76.27517870891052,52.2776429518474,80.2309515867141,positive_cross,toward_S4,4.393687044131457
7,cx30,2024-03-29 23:36:57+00:00,40.287826,-88.126272,104.79680245910882,2691.0,3.30675048929605,rs1,28.844136193172,33.867943481933885,5.023807288761883,4,28.844136193172,80.12609894822812,51.281962755056114,80.2309515867141,positive_cross,toward_S4,4.454923164303606
7,cx30,2024-03-29 23:36:58+00:00,40.287826,-88.126332,104.88860503165944,2692.0,0.09180257255061974,rs2,30.45555806755636,31.531087661011878,1.0755295934555171,4,30.45555806755636,80.64379848482253,50.188240417266165,80.2309515867141,negative_cross,ambiguous,4.456623211943432
7,cx30,2024-03-29 23:36:59+00:00,40.287842,-88.126396,103.20769843872776,2693.0,-1.6809065929316773,rs2,25.865547498885228,33.7136468682148,7.848099369329574,4,25.865547498885228,77.75106458735405,51.88551708846882,80.2309515867141,negative_cross,toward_S1,4.425495312074327
7,cx30,2024-03-29 23:37:00+00:00,40.287874,-88.126447,99.7280719498687,2694.0,-3.4796264888590542,rs2,20.644011332965828,34.7233630742545,14.079351741288672,4,20.644011332965828,73.5534513397891,52.909440006823274,80.2309515867141,negative_cross,toward_S1,4.361057784502863
7,cx30,2024-03-29 23:37:01+00:00,40.28791,-88.126486,95.7853776132489,2695.0,-3.942694336619809,rs2,15.624559877703975,35.4641865866716,19.83962670896763,4,15.624559877703975,69.19866110791546,53.57410123021148,80.2309515867141,negative_cross,toward_S1,4.288044926417311
7,cx30,2024-03-29 23:37:02+00:00,40.287956,-88.12651,90.7079642963987,2696.0,-5.077413316850198,rs2,10.118421940193615,35.36479871342229,25.246376773228675,4,10.118421940193615,63.93254242643145,53.81412048623784,80.2309515867141,negative_cross,toward_S1,4.194018753883048
7,cx30,2024-03-29 23:37:03+00:00,40.28801,-88.126499,84.68758481081316,2697.0,-6.020379485585536,rs2,5.876227857915135,33.04123423505697,27.165006377141836,4,5.876227857915135,58.021633379948675,52.14540552203354,80.2309515867141,negative_cross,toward_S1,4.082530244890723
7,cx30,2024-03-29 23:37:04+00:00,40.28807,-88.126505,78.02615505265202,2698.0,-6.661429758161148,rs2,5.477703993503102,33.195082223284615,27.717378229781513,4,5.477703993503102,51.3297398962761,45.852035902773,80.2309515867141,negative_cross,toward_S1,3.9591704345544056
7,cx30,2024-03-29 23:37:05+00:00,40.288134,-88.126514,70.92460808829323,2699.0,-7.101546964358789,rs2,11.059119991199138,35.02070320443052,23.96158321323138,4,11.059119991199138,44.170983075203914,33.111863084004774,80.2309515867141,negative_cross,toward_S1,3.8276603055847986
7,cx30,2024-03-29 23:37:06+00:00,40.288208,-88.126514,62.69752240253692,2700.0,-8.227085685756307,rs2,19.03528215454112,35.984196882003054,16.948914727461933,4,19.03528215454112,35.984196882003054,16.948914727461933,80.2309515867141,negative_cross,toward_S1,3.675306866959682
7,cx30,2024-03-29 23:37:07+00:00,40.288292,-88.126514,53.35866838048327,2701.0,-9.338854022053646,rs5,26.72383791558054,28.266751269526207,1.5429133539456679,3,26.72383791558054,28.266751269526207,1.5429133539456679,26.33125891160298,negative_cross,toward_S1,3.5005075827570424
7,cx30,2024-03-29 23:37:08+00:00,40.288369,-88.126514,44.798052193205784,2702.0,-8.560616187277489,rs5,18.30910084751996,36.778452207866295,18.469351360346334,3,18.30910084751996,36.778452207866295,18.469351360346334,26.33125891160298,negative_cross,toward_S1,3.3419776533630148
7,cx30,2024-03-29 23:37:09+00:00,40.288462,-88.126515,34.46013671183038,2703.0,-10.337915481375404,rs5,8.511238600725674,35.152045518230594,26.640806917504918,3,8.511238600725674,47.07796068032465,38.566722079598975,26.33125891160298,negative_cross,toward_S1,3.1505347740782854
7,cx30,2024-03-29 23:37:10+00:00,40.288552,-88.12651,24.446571473933297,2704.0,-10.013565237897083,rs5,5.1146129956270245,33.797507351193076,28.682894355566052,3,5.1146129956270245,51.5454449950181,46.430831999391074,26.33125891160298,negative_cross,toward_S1,2.965098380783895
7,cx30,2024-03-29 23:37:11+00:00,40.288652,-88.126498,13.310527600404104,2705.0,-11.136043873529193,rs5,14.693433763055024,35.183566944228986,20.49013318117396,3,14.693433763055024,40.47009159065301,25.776657827597987,26.33125891160298,negative_cross,toward_S1,2.7588753460889097
7,cx30,2024-03-29 23:37:12+00:00,40.28875,-88.126479,2.3861270933776617,2706.0,-10.924400507026442,rs5,25.5387947017619,29.75759048038593,4.2187957786240275,3,25.5387947017619,29.75759048038593,4.2187957786240275,26.33125891160298,negative_cross,toward_S1,2.5565716329958272
7,cx30,2024-03-29 23:37:13+00:00,40.288853,-88.12646,-9.094157581819184,2707.0,-11.480284675196845,rs7,18.85834603750198,34.50490659004566,15.646560552543676,2,18.85834603750198,37.02853449737111,18.17018845986913,-27.632700444717127,negative_cross,toward_S1,2.343306349312925
7,cx30,2024-03-29 23:37:14+00:00,40.288963,-88.126434,-21.36339039189519,2708.0,-12.269232810076007,rs7,9.619482899371164,27.59296938964745,17.973486490276287,2,9.619482899371164,49.444672492012074,39.82518959264091,-27.632700444717127,negative_cross,toward_S1,2.116098334311517
7,cx30,2024-03-29 23:37:15+00:00,40.289075,-88.12643,-33.8213159253526,2709.0,-12.45792553345741,rs7,10.39725359283067,27.191654290442337,16.794400697611664,2,10.39725359283067,44.80616590435081,34.40891231152014,-27.632700444717127,negative_cross,toward_S1,1.8853960096178617
7,cx30,2024-03-29 23:37:16+00:00,40.289183,-88.126438,-45.81617361104924,2710.0,-11.994857685696637,rs7,20.038262483981732,32.6500588475427,12.61179636356097,2,20.038262483981732,32.78549874137808,12.747236257396345,-27.632700444717127,negative_cross,toward_S1,1.6632690154382943
7,cx30,2024-03-29 23:37:17+00:00,40.289283,-88.126441,-56.92926684143533,2711.0,-11.113093230386092,rs10,21.71843382773553,30.602545501139968,8.884111673404437,1,21.71843382773553,30.602545501139968,8.884111673404437,-78.92951005359993,negative_cross,toward_S1,1.4074119113363814
7,cx30,2024-03-29 23:37:18+00:00,40.289379,-88.126443,-67.59918278067009,2712.0,-10.669915939234762,rs10,11.223659017140106,29.412069963828966,18.18841094668886,1,11.223659017140106,41.03687301346241,29.813213996322304,-78.92951005359993,negative_cross,toward_S1,1.2098208754246267
7,cx30,2024-03-29 23:37:19+00:00,40.28946,-88.126438,-76.61215651637356,2713.0,-9.012973735703468,rs10,3.912401912522754,26.7843126599821,22.871910747459346,1,3.912401912522754,50.00134621201968,46.08894429949693,-78.92951005359993,negative_cross,toward_S1,1.0429139543930808
7,cx30,2024-03-29 23:37:20+00:00,40.289536,-88.126436,-85.06465595529106,2714.0,-8.4524994389175,rs10,7.5959033303886585,27.181576050642732,19.585672720254074,1,7.5959033303886585,58.398076637055155,50.802173306666496,-78.92951005359993,negative_cross,toward_S1,0.8863861870057198
7,cx30,2024-03-29 23:37:21+00:00,40.289599,-88.126434,-92.07185655796998,2715.0,-7.007200602678921,rs10,14.192865863316024,29.384675666253052,15.191809802937028,1,14.192865863316024,65.373288625336,51.18042276201998,-78.92951005359993,negative_cross,toward_S1,0.756623212882036
7,cx30,2024-03-29 23:37:22+00:00,40.289646,-88.126426,-97.30940807937387,2716.0,-5.237551521403887,rs10,19.42497499158683,31.492710297010618,12.067735305423788,1,19.42497499158683,70.64447354974033,51.2194985581535,-78.92951005359993,negative_cross,toward_S1,0.6596315180412233
7,cx30,2024-03-29 23:37:23+00:00,40.289687,-88.126394,-101.91661962909508,2717.0,-4.607211549721214,rs10,24.541134361628405,32.36077179470875,7.8196374330803415,1,24.541134361628405,75.52420423852091,50.9830698768925,-78.92951005359993,negative_cross,toward_S1,0.5743127856389787
7,cx30,2024-03-29 23:37:24+00:00,40.289712,-88.12635,-104.76336235558409,2718.0,-2.846742726489012,rs10,28.42942820545729,32.00836305465089,3.578934849193601,1,28.42942820545729,78.8898002559402,50.46037205048291,-78.92951005359993,negative_cross,toward_S1,0.5215953277410339
7,cx30,2024-03-29 23:37:25+00:00,40.289712,-88.126298,-104.84292458511638,2719.0,-0.07956222953228576,rs8,29.572191191697318,30.401750940639747,0.8295597489424296,1,29.572191191697318,78.43202278780933,48.859831596112016,-78.92951005359993,positive_cross,ambiguous,0.5201219531200657
7,cx30,2024-03-29 23:37:26+00:00,40.289699,-88.126247,-103.47565793474831,2720.0,1.367266650368066,rs8,26.32938678388535,31.655862845593408,5.326476061708057,1,26.32938678388535,76.27245389174828,49.94306710786293,-78.92951005359993,positive_cross,toward_S4,0.5454417059046595
7,cx30,2024-03-29 23:37:27+00:00,40.289667,-88.126206,-99.98073101793888,2721.0,3.4949269168094332,rs8,21.7531005542118,31.4215801397736,9.668479585561798,1,21.7531005542118,72.3089659479359,50.555865393724105,-78.92951005359993,positive_cross,toward_S4,0.6101625747344639
7,cx30,2024-03-29 23:37:28+00:00,40.289618,-88.126179,-94.57437732899483,2722.0,5.406353688944051,rs8,15.86144154268517,29.948914300022032,14.087472757336862,1,15.86144154268517,66.67268249962162,50.811240956936444,-78.92951005359993,positive_cross,toward_S4,0.7102802356408351
7,cx30,2024-03-29 23:37:29+00:00,40.289556,-88.126167,-87.69977416066911,2723.0,6.87460316832572,rs8,9.037150290618822,27.92268236122215,18.88553207060333,1,9.037150290618822,59.72008192398531,50.68293163336649,-78.92951005359993,positive_cross,toward_S4,0.8375877017209411
7,cx30,2024-03-29 23:37:30+00:00,40.289486,-88.126158,-79.93116619482619,2724.0,7.768607965842918,rs8,2.955715226767302,27.25653846202351,24.300823235256207,1,2.955715226767302,51.90029350720116,48.94457828043386,-78.92951005359993,positive_cross,toward_S4,0.9814508121995137
7,cx30,2024-03-29 23:37:31+00:00,40.289407,-88.126154,-71.15431651243038,2725.0,8.776849682395806,rs8,8.710349018826644,28.62477833942757,19.914429320600927,1,8.710349018826644,43.11086065872691,34.40051163990026,-78.92951005359993,positive_cross,toward_S4,1.1439850655772137
7,cx30,2024-03-29 23:37:32+00:00,40.289319,-88.126158,-61.364634984822615,2726.0,9.789681527607769,rs8,18.341346204087568,32.35795032300705,14.016604118919485,1,18.341346204087568,33.388590282212476,15.047244078124908,-78.92951005359993,positive_cross,toward_S4,1.325275464236617
7,cx30,2024-03-29 23:37:33+00:00,40.289217,-88.126164,-50.01541770112885,2727.0,11.349217283693768,rs6,22.21863068156274,29.651513216230143,7.432882534667403,2,22.21863068156274,29.651513216230143,7.432882534667403,-27.632700444717127,positive_cross,toward_S4,1.5855052359923756
7,cx30,2024-03-29 23:37:34+00:00,40.289119,-88.126168,-39.113967837223754,2728.0,10.901449863905093,rs6,11.771066073750553,32.35511463473424,20.58404856098369,2,11.771066073750553,40.52836256977485,28.757296496024296,-27.632700444717127,positive_cross,toward_S4,1.7873839371758031
7,cx30,2024-03-29 23:37:35+00:00,40.289025,-88.12617,-28.66028539391904,2729.0,10.453682443304714,rs6,4.47509610810967,30.079086372242323,25.60399026413265,2,4.47509610810967,50.96047464546515,46.48537853735548,-27.632700444717127,positive_cross,toward_S4,1.9809706490888535
7,cx30,2024-03-29 23:37:36+00:00,40.288937,-88.126172,-18.873663951286765,2730.0,9.786621442632274,rs6,10.361061725685992,31.132990070284578,20.771928344598585,2,10.361061725685992,44.88940629854784,34.52834457286185,-27.632700444717127,positive_cross,toward_S4,2.1622043795079695
7,cx30,2024-03-29 23:37:37+00:00,40.288852,-88.126171,-9.425163138791229,2731.0,9.448500812495537,rs6,19.270666060920806,35.048542132488826,15.77787607156802,2,19.270666060920806,35.49980666081338,16.22914059989257,-27.632700444717127,positive_cross,toward_S4,2.3371766167764054
7,cx30,2024-03-29 23:37:38+00:00,40.288767,-88.12617,0.02333767370430756,2732.0,9.448500812495537,rs3,26.15709114619289,28.533229926316416,2.376138780123526,3,26.15709114619289,28.533229926316416,2.376138780123526,26.33125891160298,positive_cross,toward_S4,2.512816273372247
7,cx30,2024-03-29 23:37:39+00:00,40.288683,-88.126168,9.359131610014236,2733.0,9.335793936309928,rs3,17.02188257771699,37.57867984667771,20.556797268960718,3,17.02188257771699,37.770599777013956,20.748717199296966,26.33125891160298,positive_cross,toward_S4,2.685701346266875
7,cx30,2024-03-29 23:37:40+00:00,40.288598,-88.126164,18.80304229387246,2734.0,9.443910683858222,rs3,8.177420610789923,34.66028080592009,26.482860195130165,3,8.177420610789923,47.14665063537811,38.969230024588185,26.33125891160298,positive_cross,toward_S4,2.8605885811531384
7,cx30,2024-03-29 23:37:41+00:00,40.288513,-88.126169,28.260723363620883,2735.0,9.457681069748425,rs3,5.456014168936649,33.43560221179251,27.97958804285586,3,5.456014168936649,51.07586472901943,45.61985056008278,26.33125891160298,positive_cross,toward_S4,3.0357308231855167
7,cx30,2024-03-29 23:37:42+00:00,40.288429,-88.12617,37.60110742854638,2736.0,9.340384064925495,rs3,12.871971177745403,35.12349989198196,22.251528714236557,3,12.871971177745403,41.78982689328477,28.917855715539368,26.33125891160298,positive_cross,toward_S4,3.208700898461915
7,cx30,2024-03-29 23:37:43+00:00,40.288341,-88.126173,47.38925891326056,2737.0,9.788151484714184,rs3,22.294136224995512,32.122633246215315,9.828497021219803,3,22.294136224995512,32.122633246215315,9.828497021219803,26.33125891160298,positive_cross,toward_S4,3.3899629629936587
7,cx30,2024-03-29 23:37:44+00:00,40.288259,-88.126176,56.51034939732402,2738.0,9.121090484063458,rs1,23.2122686497802,31.281593166503015,8.069324516722816,4,23.2122686497802,31.281593166503015,8.069324516722816,80.2309515867141,positive_cross,toward_S4,3.5607295890853687
7,cx30,2024-03-29 23:37:45+00:00,40.288177,-88.126177,65.62837979483206,2739.0,9.118030397508036,rs1,14.505758507673232,35.59600685667782,21.090248349004586,4,14.505758507673232,40.30696989190686,25.80121138423363,80.2309515867141,positive_cross,toward_S4,3.7295820038540364
7,cx30,2024-03-29 23:37:46+00:00,40.2881,-88.12618,74.19358610995691,2740.0,8.565206315124854,rs1,7.446161371825093,32.60241212863984,25.15625075681475,4,7.446161371825093,48.834664649227605,41.38850327740251,80.2309515867141,positive_cross,toward_S4,3.8881969356156074
7,cx30,2024-03-29 23:37:47+00:00,40.288028,-88.126183,82.20290825770131,2741.0,8.009322147744399,rs1,6.6004484164248565,31.682893021482723,25.082444605057866,4,6.6004484164248565,56.82138752715063,50.22093911072577,80.2309515867141,positive_cross,toward_S4,4.036517716129393
7,cx30,2024-03-29 23:37:48+00:00,40.287964,-88.126189,89.3274058644132,2742.0,7.124497606711884,rs1,12.0126884281876,32.27001027599724,20.257321847809635,4,12.0126884281876,63.95427468377776,51.94158625559016,80.2309515867141,positive_cross,toward_S4,4.168452856994428
7,cx30,2024-03-29 23:37:49+00:00,40.287912,-88.126213,95.14532224077062,2743.0,5.817916376357431,rs1,18.048021729420736,32.40005556755005,14.352033838129312,4,18.048021729420736,69.93016329502207,51.88214156560133,80.2309515867141,positive_cross,toward_S4,4.276192049149195
7,cx30,2024-03-29 23:37:50+00:00,40.287873,-88.126245,99.5301801230744,2744.0,4.384857882303777,rs1,23.15386728282374,32.269231097497794,9.115363814674055,4,23.15386728282374,74.59886178668154,51.4449945038578,80.2309515867141,positive_cross,toward_S4,4.357393121043709
7,cx30,2024-03-29 23:37:51+00:00,40.287844,-88.126289,102.82163018360839,2745.0,3.2914500605339896,rs1,27.827925197758642,31.437700427839033,3.609775230080391,4,27.827925197758642,78.41671060940001,50.58878541164137,80.2309515867141,positive_cross,toward_S4,4.418345899942487
7,cx30,2024-03-29 23:37:52+00:00,40.28783,-88.126341,104.45766808348296,2746.0,1.636037899874566,rs2,29.63300442114727,31.63033304592763,1.997328624780362,4,29.63300442114727,80.02950145997049,50.39649703882322,80.2309515867141,negative_cross,toward_S4,4.448642898088313
7,cx30,2024-03-29 23:37:53+00:00,40.287833,-88.126391,104.20063972654035,2747.0,-0.2570283569426124,rs2,26.940720941733144,34.133475947393116,7.192755005659972,4,26.940720941733144,78.81286746172843,51.87214651999528,80.2309515867141,negative_cross,ambiguous,4.443883113700486
7,cx30,2024-03-29 23:37:54+00:00,40.287842,-88.126439,103.27349028239158,2748.0,-0.9271494441487675,rs2,24.150017800621495,36.39195047923949,12.241932678617996,4,24.150017800621495,77.17164929536564,53.02163149474414,80.2309515867141,negative_cross,toward_S1,4.426713679549583
7,cx30,2024-03-29 23:37:55+00:00,40.287863,-88.126482,101.00456862012523,2749.0,-2.268921662266351,rs2,20.655947667142296,37.85731429095967,17.201366623817375,4,20.655947667142296,74.43524118581296,53.779293518670656,80.2309515867141,negative_cross,toward_S1,4.384696611729836
7,cx30,2024-03-29 23:37:56+00:00,40.287892,-88.126513,97.827871775285,2750.0,-3.1766968448402224,rs2,16.85190968900511,38.423693571363174,21.571783882358062,4,16.85190968900511,71.019955679811,54.16804599080589,80.2309515867141,negative_cross,toward_S1,4.325868892380942
7,cx30,2024-03-29 23:37:57+00:00,40.287928,-88.12653,93.85151649460738,2751.0,-3.9763552806776232,rs2,12.641687613550484,38.03006436909388,25.388376755543394,4,12.641687613550484,66.94833170566127,54.30664409211079,80.2309515867141,negative_cross,toward_S1,4.252232683479505
7,cx30,2024-03-29 23:37:58+00:00,40.28797,-88.126532,89.18514956932428,2752.0,-4.6663669252831,rs2,8.039107058071634,36.70701360212347,28.66790654405183,4,8.039107058071634,62.27380456198555,54.234697503913914,80.2309515867141,negative_cross,toward_S1,4.165818481159448
7,cx30,2024-03-29 23:37:59+00:00,40.288019,-88.126528,83.73136455201214,2753.0,-5.453785017312143,rs2,3.329849311254931,35.34488399652881,32.015034685273875,4,3.329849311254931,56.84533699072331,53.51548767946838,80.2309515867141,negative_cross,toward_S1,4.064822462320334
7,cx30,2024-03-29 23:38:00+00:00,40.28807,-88.126525,78.05675591017614,2754.0,-5.674608641836002,rs2,4.26274022912755,34.890103873907385,30.627363644779834,4,4.26274022912755,51.19633972703011,46.933599497902556,80.2309515867141,negative_cross,toward_S1,3.959737117101149
7,cx30,2024-03-29 23:38:01+00:00,40.288127,-88.126521,71.71355622319415,2755.0,-6.34319968698199,rs2,10.135202499486798,35.413818096960675,25.278615597473877,4,10.135202499486798,44.895762665152844,34.76056016566605,80.2309515867141,negative_cross,toward_S1,3.842270456231112
7,cx30,2024-03-29 23:38:02+00:00,40.288187,-88.126517,65.03682603629265,2756.0,-6.676730186901494,rs2,16.69432004918464,37.16465370845405,20.470333659269407,4,16.69432004918464,38.27905324740201,21.58473319821737,80.2309515867141,negative_cross,toward_S1,3.7186273046218252
7,cx30,2024-03-29 23:38:03+00:00,40.288256,-88.126513,57.35950434717583,2757.0,-7.677321689116823,rs2,24.312585599499137,30.69792034217709,6.385334742677951,4,24.312585599499137,30.69792034217709,6.385334742677951,80.2309515867141,negative_cross,toward_S1,3.576454680749291
7,cx30,2024-03-29 23:38:04+00:00,40.288327,-88.12651,49.46135903272343,2758.0,-7.8981453144524,rs5,22.948643632720348,32.17172659042801,9.22308295770766,3,22.948643632720348,32.17172659042801,9.22308295770766,26.33125891160298,negative_cross,toward_S1,3.4283351874281562
7,cx30,2024-03-29 23:38:05+00:00,40.288404,-88.126505,40.89309263185488,2759.0,-8.568266400868552,rs5,14.776343130217652,36.417156067921155,21.6408129377035,3,14.776343130217652,40.728921557266,25.952578427048344,26.33125891160298,negative_cross,toward_S1,3.2696635874120723
7,cx30,2024-03-29 23:38:06+00:00,40.288482,-88.126501,32.21517943977621,2760.0,-8.67791319207867,rs5,7.417640811440989,33.529392571131815,26.111751759690826,3,7.417640811440989,49.394885939828285,41.977245128387295,26.33125891160298,negative_cross,toward_S1,3.108961491262467
7,cx30,2024-03-29 23:38:07+00:00,40.28856,-88.126499,23.54032633420947,2761.0,-8.674853105566736,rs5,6.372566590657231,32.92573407412549,26.553167483468258,3,6.372566590657231,50.68682552271122,44.31425893205399,26.33125891160298,negative_cross,toward_S1,2.948316063381602
7,cx30,2024-03-29 23:38:08+00:00,40.288638,-88.126499,14.868533313618236,2762.0,-8.671793020591235,rs5,13.226193350055977,34.723016153190386,21.496822803134407,3,13.226193350055977,42.02055998232237,28.79436663226639,26.33125891160298,negative_cross,toward_S1,2.7877273037410233
7,cx30,2024-03-29 23:38:09+00:00,40.288714,-88.126492,6.408383660319711,2763.0,-8.460149653298526,rs5,21.38589130385994,33.624356789078284,12.238465485218345,3,21.38589130385994,33.624356789078284,12.238465485218345,26.33125891160298,negative_cross,toward_S1,2.6310578657169765
7,cx30,2024-03-29 23:38:10+00:00,40.288792,-88.126476,-2.287890046286477,2764.0,-8.696273706606188,rs7,25.172635046191292,30.11593024181563,4.943295195624337,2,25.172635046191292,30.11593024181563,4.943295195624337,-27.632700444717127,negative_cross,toward_S1,2.4693483407116785
7,cx30,2024-03-29 23:38:11+00:00,40.288872,-88.126457,-11.211107548135734,2765.0,-8.923217501849258,rs7,16.93063426130626,33.190882886986444,16.260248625680184,2,16.93063426130626,39.14329493029742,22.212660668991163,-27.632700444717127,negative_cross,toward_S1,2.3041035721589145
7,cx30,2024-03-29 23:38:12+00:00,40.288954,-88.126443,-20.349028503043158,2766.0,-9.137920954907424,rs7,9.698755707674623,28.578572744043903,18.879817036369282,2,9.698755707674623,48.30274889537926,38.60399318770464,-27.632700444717127,negative_cross,toward_S1,2.134882813734703
7,cx30,2024-03-29 23:38:13+00:00,40.28904,-88.126438,-29.91788640689529,2767.0,-9.56885790385213,rs7,7.820360951447352,27.27083885629856,19.45047790485121,2,7.820360951447352,48.630377427298555,40.8100164758512,-27.632700444717127,negative_cross,toward_S1,1.9576817414411452
7,cx30,2024-03-29 23:38:14+00:00,40.289127,-88.126442,-39.58415075817096,2768.0,-9.666264351275675,rs7,14.251708938257863,29.96819783560239,15.716488897344526,2,14.251708938257863,38.95580326330095,24.704094325043087,-27.632700444717127,negative_cross,toward_S1,1.7786768460471511
7,cx30,2024-03-29 23:38:15+00:00,40.289214,-88.126448,-49.24735502370292,2769.0,-9.66320426553196,rs7,23.02923701031746,29.27082702127094,6.24159001095348,2,23.02923701031746,29.27082702127094,6.24159001095348,-27.632700444717127,negative_cross,toward_S1,1.5997286189076705
7,cx30,2024-03-29 23:38:16+00:00,40.289305,-88.126447,-59.36597692340459,2770.0,-10.118621899701665,rs10,19.22350976604163,32.88291841757331,13.659408651531677,1,19.22350976604163,32.88291841757331,13.659408651531677,-78.92951005359993,negative_cross,toward_S1,1.362287650559173
7,cx30,2024-03-29 23:38:17+00:00,40.289391,-88.126443,-68.93330478438486,2771.0,-9.56732786098027,rs10,9.945949492863885,28.919348655744887,18.973399162881,1,9.945949492863885,42.3531935347199,32.40724404185602,-78.92951005359993,negative_cross,toward_S1,1.1851149123928717
7,cx30,2024-03-29 23:38:18+00:00,40.289474,-88.126439,-78.16710214382223,2772.0,-9.233797359437375,rs10,3.4017094940873305,26.773232849793338,23.371523355706007,1,3.4017094940873305,51.53024978113732,48.128540287049994,-78.92951005359993,negative_cross,toward_S1,1.014118664995883
7,cx30,2024-03-29 23:38:19+00:00,40.289542,-88.126428,-85.74395729975006,2773.0,-7.576855155927831,rs10,8.511675533866118,26.679787644818088,18.16811211095197,1,8.511675533866118,59.14991006375497,50.638234529888855,-78.92951005359993,negative_cross,toward_S1,0.8738065324787012
7,cx30,2024-03-29 23:38:20+00:00,40.289602,-88.126419,-92.42833770184426,2774.0,-6.684380402094192,rs10,14.899948755481383,28.405287222902064,13.505338467420682,1,14.899948755481383,65.86519946319937,50.96525070771799,-78.92951005359993,negative_cross,toward_S1,0.7500217102176976
7,cx30,2024-03-29 23:38:21+00:00,40.289641,-88.126395,-96.80095524115144,2775.0,-4.3726175393071856,rs10,19.677160547807933,29.047326902072683,9.37016635426475,1,19.677160547807933,70.453621388064,50.776460840256064,-78.92951005359993,negative_cross,toward_S1,0.6690473113416386
7,cx30,2024-03-29 23:38:22+00:00,40.289669,-88.126357,-99.97204821111879,2776.0,-3.171092969967347,rs10,23.821804162922433,28.734316481344415,4.912512318421982,1,23.821804162922433,74.08118307005564,50.25937890713321,-78.92951005359993,negative_cross,toward_S1,0.6103233674533544
7,cx30,2024-03-29 23:38:23+00:00,40.289682,-88.126322,-101.47089854800284,2777.0,-1.498850336884047,rs10,26.493508615957243,27.913789151755626,1.4202805357983834,1,26.493508615957243,75.60313359150473,49.10962497554749,-78.92951005359993,negative_cross,toward_S1,0.5825668797332795
7,cx30,2024-03-29 23:38:24+00:00,40.289686,-88.126285,-101.97221746924866,2778.0,-0.5013189212458258,rs8,26.521036719662995,28.565088097929262,2.0440513782662677,1,26.521036719662995,75.3822781494753,48.8612414298123,-78.92951005359993,positive_cross,toward_S1,0.5732831960065049
7,cx30,2024-03-29 23:38:25+00:00,40.289683,-88.126239,-101.70906894000692,2779.0,0.2631485292417466,rs8,24.426765452407803,30.727821182271175,6.301055729863371,1,24.426765452407803,74.41482787079917,49.988062418391365,-78.92951005359993,positive_cross,ambiguous,0.5781563169183891
7,cx30,2024-03-29 23:38:26+00:00,40.289682,-88.126227,-101.61625262119894,2780.0,0.09281631880797647,rs8,23.933273494666256,31.330336514522614,7.397063019856358,1,23.933273494666256,74.17040119090848,50.237127696242226,-78.92951005359993,positive_cross,ambiguous,0.5798751376370553
7,cx30,2024-03-29 23:38:27+00:00,40.289683,-88.126222,-101.73507966889372,2781.0,-0.11882704769477925,rs8,23.885235802032376,31.70198944213936,7.816753640106985,1,23.885235802032376,74.22894055214898,50.34370475011661,-78.92951005359993,positive_cross,ambiguous,0.5776746367538187
7,cx30,2024-03-29 23:38:28+00:00,40.289681,-88.126224,-101.5096659165225,2782.0,0.22541375237122452,rs8,23.737302665532876,31.423816514799675,7.686513849266799,1,23.737302665532876,74.02858211932565,50.29127945379277,-78.92951005359993,positive_cross,ambiguous,0.581848965501434
7,cx30,2024-03-29 23:38:29+00:00,40.28968,-88.126223,-101.40001912529065,2783.0,0.10964679123183885,rs8,23.60307172673194,31.40186486722591,7.79879314049397,1,23.60307172673194,73.90787376619616,50.30480203946422,-78.92951005359993,positive_cross,ambiguous,0.5838794616353569
7,cx30,2024-03-29 23:38:30+00:00,40.28968,-88.126222,-101.40154916816252,2784.0,-0.001530042871863202,rs8,23.572891244294787,31.46060658126138,7.887715336966593,1,23.572891244294787,73.89765641245857,50.324765168163786,-78.92951005359993,positive_cross,ambiguous,0.5838511275081002
7,cx30,2024-03-29 23:38:31+00:00,40.289679,-88.12622,-101.29343242059248,2785.0,0.10811674757003686,rs8,23.40908355990905,31.49866055237758,8.08957699246853,1,23.40908355990905,73.76705636053376,50.35797280062471,-78.92951005359993,positive_cross,ambiguous,0.5858532895001378
7,cx30,2024-03-29 23:38:32+00:00,40.289678,-88.126218,-101.18531567304419,2786.0,0.10811674754829426,rs8,23.245892374389495,31.537973853352185,8.29208147896269,1,23.245892374389495,73.63678369535687,50.39089132096737,-78.92951005359993,positive_cross,ambiguous,0.587855451491773
7,cx30,2024-03-29 23:38:33+00:00,40.289676,-88.126216,-100.96602209137043,2787.0,0.21929358167375312,rs8,22.978746182166464,31.499934785511343,8.521188603344878,1,22.978746182166464,73.39633459535246,50.417588413185996,-78.92951005359993,positive_cross,ambiguous,0.5919164437449906
7,cx30,2024-03-29 23:38:34+00:00,40.289674,-88.126215,-100.74519846682485,2788.0,0.2208236245455879,rs8,22.74069520564056,31.40376926771924,8.663074062078682,1,22.74069520564056,73.16569904843661,50.425003842796045,-78.92951005359993,positive_cross,ambiguous,0.5960057701254644
7,cx30,2024-03-29 23:38:35+00:00,40.289672,-88.126214,-100.5243748430692,2789.0,0.22082362375564912,rs8,22.502644898121535,31.309118861723885,8.80647396360235,1,22.502644898121535,72.93511136124934,50.43246646312781,-78.92951005359993,positive_cross,ambiguous,0.6000950964913099
